Date,Symbol,Name,Open,High,Low,Close,Volume,Amount
2017-01-03,000671.SZ,000671.SZ,5.58,5.61,5.55,5.58,233184.59,129832320.0
2017-01-04,000671.SZ,000671.SZ,5.5700438425760295,5.590044,5.550043685152057,5.590044,173430.83,96640294.0
2017-01-05,000671.SZ,000671.SZ,5.589919553778096,5.5999194098671445,5.49992084897666,5.5699198416,252931.05,140606266.0
2017-01-23,000671.SZ,000671.SZ,5.569833628927669,5.909823473422357,5.549834226310335,5.74982825248368,434648.25,250131701.0
2017-01-24,000671.SZ,000671.SZ,5.750030355409953,5.800030619370039,5.65002982748978,5.6900300386578495,221705.86,126484800.0
2017-01-25,000671.SZ,000671.SZ,5.700030091449866,5.710030144241883,5.590029510737676,5.6900300386578495,276223.8,155911847.0
2017-01-26,000671.SZ,000671.SZ,5.679787984588266,5.689787611321697,5.649789104387977,5.679787984588266,95863.42,54341365.0
2017-02-03,000671.SZ,000671.SZ,5.67957777179453,5.67957777179453,5.579585205389697,5.61958223195163,152037.47,85373009.0
2017-02-06,000671.SZ,000671.SZ,5.59946793405188,5.609466983934117,5.5694707844051745,5.609466983934117,144455.59,80791640.0
2017-02-07,000671.SZ,000671.SZ,5.599735865582059,5.599735865582059,5.529739167262284,5.579736808919266,308281.68,171415735.0
2017-02-08,000671.SZ,000671.SZ,5.559781514056312,5.59977994221499,5.519783085897633,5.5897803351753215,207590.13,115286860.0
2017-02-09,000671.SZ,000671.SZ,5.579842504279428,5.649840528526661,5.5498433510306135,5.599841939778637,149964.44,84122044.0
2017-02-10,000671.SZ,000671.SZ,5.5996036486322645,5.649600109780767,5.579605064172864,5.639600817551067,148563.68,83425401.0
2017-02-13,000671.SZ,000671.SZ,5.629645134910647,5.719639462111705,5.619645765221641,5.67964198335568,164765.33,93647853.0
2017-02-14,000671.SZ,000671.SZ,5.689521571121465,5.709519889473385,5.659524093593583,5.699520730297425,149901.3,85162971.0
2017-02-15,000671.SZ,000671.SZ,5.699309636937043,5.719307214610506,5.659314481590116,5.669313270426848,113879.35,64790533.0
2017-02-16,000671.SZ,000671.SZ,5.669363995861373,5.69936063076011,5.649366239262215,5.69936063076011,102867.08,58397474.0
2017-02-17,000671.SZ,000671.SZ,5.709197828082441,5.709197828082441,5.639207662063917,5.649206257209421,103887.04,58945045.0
2017-02-20,000671.SZ,000671.SZ,5.62949052737176,5.709483287973845,5.62949052737176,5.699484192898585,162149.25,91776315.0
2017-02-21,000671.SZ,000671.SZ,5.709698371248392,5.859690447550889,5.6996988994948925,5.8396915040438895,279363.89,162417527.0
2017-02-22,000671.SZ,000671.SZ,5.8695555290974815,6.029543414047327,5.82955855786002,5.939550228763039,422373.14,251231527.0
2017-02-23,000671.SZ,000671.SZ,5.899657426207885,5.969653361773063,5.859659748742069,5.88965800684143,166595.82,98363413.0
2017-02-24,000671.SZ,000671.SZ,5.879671542654914,5.899670425453061,5.859672659856769,5.899670425453061,68841.58,40523475.0
2017-02-27,000671.SZ,000671.SZ,5.889567109786191,5.909565639870355,5.649584748776228,5.669583278860391,380309.25,218328730.0
2017-02-28,000671.SZ,000671.SZ,5.669738816100785,5.7097369735335946,5.619741119309773,5.6497397373843805,160170.07,90563857.0
2017-03-01,000671.SZ,000671.SZ,5.649630898265097,5.719626325323248,5.62963220481991,5.709626978600655,132586.96,75487605.0
2017-03-02,000671.SZ,000671.SZ,5.709376804132335,5.729374621309681,5.649383352600296,5.659382261188969,116916.59,66370034.0
2017-03-03,000671.SZ,000671.SZ,5.649573668706147,5.709569141294176,5.599577441549454,5.639574423274808,85313.58,48203235.0
2017-03-06,000671.SZ,000671.SZ,5.649466057779124,5.669464167718164,5.619468892870562,5.669464167718164,100787.75,56886347.0
2017-03-07,000671.SZ,000671.SZ,5.669309727130115,5.699306074892709,5.649312161955054,5.689307292305178,155328.37,88149966.0
2017-03-08,000671.SZ,000671.SZ,5.6894634498654755,5.719460620954396,5.669465335806194,5.719460620954396,126045.69,71767945.0
2017-03-09,000671.SZ,000671.SZ,5.7193999906297925,5.7193999906297925,5.629409431336667,5.659406284434375,153173.45,86910398.0
2017-03-10,000671.SZ,000671.SZ,5.659406284434375,5.709401039597223,5.639408382369235,5.659406284434375,138476.57,78685129.0
2017-03-13,000671.SZ,000671.SZ,5.6795807482876945,5.829569676499518,5.6795807482876945,5.789572628976365,276756.28,159615359.0
2017-03-14,000671.SZ,000671.SZ,5.799671428168064,5.809670861664905,5.699677093199649,5.709676526696491,161337.12,92897512.0
2017-03-15,000671.SZ,000671.SZ,5.719860086748214,5.969853971658538,5.709860331351801,5.83985715150517,389652.46,228613713.0
2017-03-16,000671.SZ,000671.SZ,5.820074007192619,5.880074770153367,5.76007324423187,5.810073880032494,324743.15,188311535.0
2017-03-17,000671.SZ,000671.SZ,5.779802271904647,5.829800561453995,5.649806719076342,5.689805350715821,219921.55,126199638.0
2017-03-20,000671.SZ,000671.SZ,5.649566005480213,5.689562932952639,5.629567541743999,5.679563701084532,200636.91,113546497.0
2017-03-21,000671.SZ,000671.SZ,5.679805384646281,5.679805384646281,5.619807440442271,5.639806755176941,208024.22,117434754.0
2017-03-22,000671.SZ,000671.SZ,5.6199819182184,5.6199819182184,5.479982368654241,5.539982175610309,286195.81,158655466.0
2017-03-23,000671.SZ,000671.SZ,5.539954226150684,5.579953895653577,5.499954556647791,5.549954143526407,164782.94,91151458.0
2017-03-24,000671.SZ,000671.SZ,5.5399442622042345,5.569943960375015,5.509944564033453,5.559944060984755,129649.53,71724757.0
2017-03-27,000671.SZ,000671.SZ,5.549936161674982,5.569935931626964,5.499936736795027,5.549936161674982,137151.43,75796069.0
2017-03-28,000671.SZ,000671.SZ,5.529936391723,5.559936046650972,5.489936851819036,5.549936161674982,122703.57,67721981.0
2017-03-29,000671.SZ,000671.SZ,5.539946276583967,5.539946276583967,5.479946858426018,5.539946276583967,217582.64,120089178.0
2017-03-30,000671.SZ,000671.SZ,5.52005887671399,5.52005887671399,5.380057383463997,5.500058663392562,258106.04,141222629.0
2017-03-31,000671.SZ,000671.SZ,5.470257980576237,5.5202603387167875,5.450257037320018,5.480258452204349,63540.37,34742622.0
2017-04-05,000671.SZ,000671.SZ,5.4901278724440425,5.54012903703825,5.480127639525201,5.530128804119409,115550.08,63722831.0
2017-04-06,000671.SZ,000671.SZ,5.530314149055648,5.530314149055648,5.480311308648274,5.490311876729749,113203.18,62288047.0
2017-04-07,000671.SZ,000671.SZ,5.490076719996009,5.530077278975944,5.470076440506041,5.510076999485976,93090.56,51253769.0
2017-04-10,000671.SZ,000671.SZ,5.500076859740992,5.530077278975944,5.490076719996009,5.510076999485976,97214.92,53569168.0
2017-04-11,000671.SZ,000671.SZ,5.4901585720489265,5.510159149724878,5.430156839021069,5.500158860886902,136535.84,74755065.0
2017-04-12,000671.SZ,000671.SZ,5.490354999904812,5.640364699355763,5.480354353274749,5.590361466205446,338719.46,188738836.0
2017-04-13,000671.SZ,000671.SZ,5.630301493125114,5.710305777219254,5.5602977445427415,5.580298815566277,263946.05,148220157.0
2017-04-14,000671.SZ,000671.SZ,5.560193296960801,5.5801939922736095,5.42018842977114,5.430188777427544,268388.93,146677431.0
2017-04-17,000671.SZ,000671.SZ,5.450054715308335,5.520055418073762,5.420054414123151,5.460054815703396,162336.29,88824986.0
2017-04-18,000671.SZ,000671.SZ,5.460256080497697,5.530259363581001,5.430254673461995,5.480257018521498,165231.48,90795771.0
2017-04-19,000671.SZ,000671.SZ,5.480390240239076,5.480390240239076,5.420385967535728,5.430386679652953,132866.75,72338488.0
2017-04-20,000671.SZ,000671.SZ,5.440203690377729,5.4502040648085694,5.3802014437926795,5.390201818223521,127140.04,68775693.0
2017-04-21,000671.SZ,000671.SZ,5.400385520551678,5.4203869484055724,5.2303733837935695,5.4203869484055724,227517.46,121502247.0
2017-04-24,000671.SZ,000671.SZ,5.380221476611398,5.390221888277962,5.300218183278886,5.360220653278271,124350.27,66454255.99999999
2017-04-25,000671.SZ,000671.SZ,5.350019105512398,5.380019212646112,5.320018998378684,5.320018998378684,113241.48,60579033.0
2017-04-26,000671.SZ,000671.SZ,5.330119981420113,5.340120206525967,5.240117955467428,5.280118855890844,102179.55,54234661.0
2017-04-27,000671.SZ,000671.SZ,5.280009544742627,5.420009797822924,5.180009363970986,5.410009779745759,169648.61,89658997.0
2017-04-28,000671.SZ,000671.SZ,5.3902551994254795,5.430257093298767,5.310251411678905,5.380254725957158,104512.47,56173773.0
2017-05-02,000671.SZ,000671.SZ,5.3499958497540305,5.379995826481624,5.299995888541376,5.319995873026438,120290.53,64095951.0
2017-05-03,000671.SZ,000671.SZ,5.30989681369658,5.389895259100671,5.299897008021068,5.359895842074137,118431.39,63480129.0
2017-05-04,000671.SZ,000671.SZ,5.379777430124537,5.51977163834339,5.359778257521843,5.469773706836657,140775.69,76843432.0
2017-05-05,000671.SZ,000671.SZ,5.459583948627741,5.46958318662889,5.339593092613944,5.339593092613944,107761.7,58117398.0
2017-05-08,000671.SZ,000671.SZ,5.319493483634143,5.349490627338846,5.2395011004216,5.259499196224735,70606.36,37325708.0
2017-05-09,000671.SZ,000671.SZ,5.279409463052588,5.519382620464068,5.199418410582094,5.40939492331714,171724.5,91731956.0
2017-05-10,000671.SZ,000671.SZ,5.379627103791363,5.439622945097587,5.31963126248514,5.359628490022622,115408.25,62005109.0
2017-05-11,000671.SZ,000671.SZ,5.339827640323372,5.429824735385002,5.239830868032673,5.399825703697792,141893.08,76026920.0
2017-05-12,000671.SZ,000671.SZ,5.379826349239652,5.429824735385002,5.339827640323372,5.399825703697792,83519.9,44925640.0
2017-05-15,000671.SZ,000671.SZ,5.399825703697792,5.419825058155932,5.2598302224908124,5.399825703697792,151413.84,81045577.0
2017-05-16,000671.SZ,000671.SZ,5.409805418471582,5.449803979791151,5.289809734512878,5.419805058801474,339083.87,181294906.0
2017-05-17,000671.SZ,000671.SZ,5.379996138156215,5.4299961022654735,5.359996152512512,5.389996130978067,91285.93,49342076.0
2017-05-18,000671.SZ,000671.SZ,5.3798273346076595,5.4898238042743595,5.359827976486442,5.449825088031923,250159.72,136356338.0
2017-05-19,000671.SZ,000671.SZ,5.4600232181700585,5.690024196224842,5.4600232181700585,5.6400239836042365,363681.92,203434680.0
2017-05-22,000671.SZ,000671.SZ,5.709824072908302,5.709824072908302,5.559828694460623,5.589827770150158,200090.1,111940990.0
2017-05-23,000671.SZ,000671.SZ,5.569829399053205,5.6398272550556685,5.479832155621466,5.499831543050741,170424.6,94355158.0
2017-05-24,000671.SZ,000671.SZ,5.489580942944452,5.489580942944452,5.379589339351758,5.469582469563962,121922.31,66232884.00000001
2017-05-25,000671.SZ,000671.SZ,5.459599000623125,5.589589453018914,5.4495997350542185,5.53959312517438,119649.26,66327333.0
2017-05-26,000671.SZ,000671.SZ,5.549453402740656,5.629445523861242,5.549453402740656,5.589449463300949,117146.74,65606505.00000001
2017-05-31,000671.SZ,000671.SZ,5.649504119353481,5.8694848107265365,5.649504119353481,5.689500608694036,270036.52,154954851.0
2017-06-01,000671.SZ,000671.SZ,5.689342790390933,5.769333550185532,5.579355495673357,5.659346255467957,307455.02,175486330.0
2017-06-02,000671.SZ,000671.SZ,5.659513725918375,5.979486233390792,5.569521458191757,5.879494824805661,499529.86,287149691.0
2017-06-05,000671.SZ,000671.SZ,5.749494319521148,5.929478489523548,5.689499596187015,5.909480248412171,427511.07,248346858.0
2017-06-06,000671.SZ,000671.SZ,5.849578248794624,5.9495710393723105,5.7995818535057815,5.9295724812567725,290880.63,171835591.0
2017-06-07,000671.SZ,000671.SZ,5.929843288556851,5.9698422314813495,5.8798446099012285,5.889844345632353,202736.86,120312262.0
2017-06-08,000671.SZ,000671.SZ,5.899765146914361,5.939763554690052,5.789769525531212,5.829767933306902,267746.77,156101402.0
2017-06-09,000671.SZ,000671.SZ,5.839678538793524,5.8896757865571665,5.769682391924423,5.839678538793524,163822.54,95293933.0
2017-06-12,000671.SZ,000671.SZ,5.829442226622808,5.889436486244998,5.709453707378428,5.709453707378428,185924.94,107514153.0
2017-06-13,000671.SZ,000671.SZ,5.719699004864446,5.7696963737880855,5.69970005729499,5.759696900003358,124382.41,71441108.0
2017-06-14,000671.SZ,000671.SZ,5.779419559827551,5.799417551384048,5.60943663159733,5.689428597823317,235106.79,133222785.0
2017-06-15,000671.SZ,000671.SZ,5.649517306380915,5.709512180430977,5.6395181607059035,5.6695155977309355,109172.71,61907620.0
2017-06-16,000671.SZ,000671.SZ,5.669309251403526,5.719303160146061,5.649311687906511,5.6593104696550185,135438.66,76997250.0
2017-06-19,000671.SZ,000671.SZ,5.659312480067264,5.679310050668208,5.599319768264431,5.629316124165848,125647.87,70844406.0
2017-06-20,000671.SZ,000671.SZ,5.619423195723694,5.709413958644537,5.619423195723694,5.679417037670922,96675.21,54815859.0
2017-06-21,000671.SZ,000671.SZ,5.6792827071114225,5.7892688158759045,5.6492864956302,5.749273867234274,171001.28,97976961.0
2017-06-22,000671.SZ,000671.SZ,5.739275130073867,5.769271341555089,5.619290284148978,5.749273867234274,275401.54,156625872.0
2017-06-23,000671.SZ,000671.SZ,5.679234413891123,5.92920071731943,5.65923710961686,5.879207456633769,393104.39,228637945.0
2017-06-26,000671.SZ,000671.SZ,5.879215482855552,5.909211480217061,5.799226156558198,5.8592181512812145,199160.53,116728541.0
2017-06-27,000671.SZ,000671.SZ,5.84914388333743,5.8991365661009985,5.81914827367929,5.879139492995571,91936.55,53959068.0
2017-06-28,000671.SZ,000671.SZ,5.85917474619315,5.879171929627256,5.789184604173778,5.799183195890831,100462.58,58556990.0
2017-06-29,000671.SZ,000671.SZ,5.8189004187568605,5.8189004187568605,5.768909865331113,5.8189004187568605,67875.97,39326188.0
2017-06-30,000671.SZ,000671.SZ,5.80890230807171,5.828898529442009,5.768909865331113,5.8189004187568605,77615.83,45032680.0
2017-07-03,000671.SZ,000671.SZ,5.819113109599754,5.879103966399751,5.7891176811997545,5.799116157333088,162208.02,94397426.0
2017-07-04,000671.SZ,000671.SZ,5.859628673757432,5.920141190181778,5.768859899120915,5.799116157333088,263164.57,153391092.0
2017-07-05,000671.SZ,000671.SZ,5.7690860303887375,5.809429289342505,5.718656956696528,5.789257659865622,110951.99,63381667.0
2017-07-06,000671.SZ,000671.SZ,5.809153136893892,5.809153136893892,5.6881291132086025,5.728470454437033,182687.0,103921436.0
2017-07-07,000671.SZ,000671.SZ,5.728230099033349,5.788739571910463,5.6778055383024215,5.768569747618091,94184.86,53561809.0
2017-07-10,000671.SZ,000671.SZ,5.778674794449503,5.85935437273152,5.76858984716425,5.788759741734755,159078.92,91580253.0
2017-07-11,000671.SZ,000671.SZ,5.7989990540625165,5.819169485554908,5.708232112346756,5.758658191077735,126917.87,72555155.0
2017-07-12,000671.SZ,000671.SZ,5.748292606333793,5.768462054075315,5.697868986979988,5.748292606333794,72013.02,40907996.0
2017-07-13,000671.SZ,000671.SZ,5.758277010042008,5.818784299114252,5.7280233655058845,5.78853065457813,147146.52,84401118.0
2017-07-14,000671.SZ,000671.SZ,5.788530654578131,5.818784299114252,5.768361558220715,5.78853065457813,86664.53,49791728.0
2017-07-17,000671.SZ,000671.SZ,5.818662774061633,5.828747111624999,5.596807347667602,5.697650723301253,212738.22,120161838.0
2017-07-18,000671.SZ,000671.SZ,5.647004939094131,5.727676438224048,5.616753126920414,5.717592500832809,104465.36,58668792.0
2017-07-19,000671.SZ,000671.SZ,5.717334511902892,5.798002370977359,5.6770005823656575,5.787918888593051,157939.03,89924177.0
2017-07-20,000671.SZ,000671.SZ,5.848601913618783,5.899020895632738,5.778015338799246,5.8284343208132015,173863.52,100593737.0
2017-07-21,000671.SZ,000671.SZ,5.858506666994783,5.969425037626355,5.798005737559381,5.9391745729086525,284990.64,166604926.0
2017-07-24,000671.SZ,000671.SZ,5.9393034698526375,6.171228732682197,5.898968641534453,6.040140540648099,449956.86,270717585.0
2017-07-25,000671.SZ,000671.SZ,5.98941375621774,6.019663320643081,5.817999557807466,5.85833231037459,318048.65,186162648.0
2017-07-26,000671.SZ,000671.SZ,5.848534402677797,5.868701762687031,5.737613922627011,5.788032322650095,227340.23,130437860.0
2017-07-27,000671.SZ,000671.SZ,5.7979928919724655,5.9089110168623735,5.767742494275217,5.888744085064208,180496.98,104181388.0
2017-07-28,000671.SZ,000671.SZ,5.888662438699077,5.928995743073728,5.797912503856112,5.818079156043437,187181.08,108310064.0
2017-07-31,000671.SZ,000671.SZ,5.797715878997284,5.868296767958991,5.777549910722511,5.797715878997285,161602.0,92911739.0
2017-08-01,000671.SZ,000671.SZ,5.797615572494188,5.848029620950658,5.767367143420304,5.827864001568071,168366.68,97009834.0
2017-08-02,000671.SZ,000671.SZ,5.828049013123676,5.8381321429041675,5.707051455757787,5.717134585538277,155353.0,88960663.0
2017-08-03,000671.SZ,000671.SZ,5.717188790928802,5.747438467071282,5.6163565371205335,5.636522987882187,205223.5,115509281.0
2017-08-04,000671.SZ,000671.SZ,5.596065503312071,5.666646509660152,5.585982502405203,5.61623150512581,151331.75,84404393.0
2017-08-07,000671.SZ,000671.SZ,5.585903854998129,5.6363181497183295,5.525406701333891,5.58590385499813,141871.31,78533365.0
2017-08-08,000671.SZ,000671.SZ,5.575963184567651,5.586046300633776,5.525547604237021,5.535630720303147,128136.36,70451555.0
2017-08-09,000671.SZ,000671.SZ,5.535630720303147,5.575963184567651,5.485215139972517,5.535630720303147,90553.03,49682451.0
2017-08-10,000671.SZ,000671.SZ,5.53574991819092,5.555916584559556,5.505499918637963,5.525666585006601,61104.95,33486654.000000004
2017-08-11,000671.SZ,000671.SZ,5.5154415671148955,5.555773863766559,5.4851923446261495,5.495275418789065,70923.67,38792059.0
2017-08-14,000671.SZ,000671.SZ,5.505498629349984,5.565998614287896,5.495415298526999,5.545831952641925,113359.28,62151512.0
2017-08-15,000671.SZ,000671.SZ,5.555915283464911,5.565998614287896,5.51558196017297,5.545831952641925,46375.73,25437185.0
2017-08-16,000671.SZ,000671.SZ,5.545831952641926,5.545831952641926,5.505498629349984,5.545831952641925,64198.98,35212324.0
2017-08-17,000671.SZ,000671.SZ,5.545831952641926,5.555915283464911,5.495415298526999,5.545831952641925,184451.99,101116030.0
2017-08-18,000671.SZ,000671.SZ,5.525765940636955,5.545932969617382,5.505598911656528,5.535849455127169,74374.57,40743704.0
2017-08-21,000671.SZ,000671.SZ,5.535730685993405,5.555897282299392,5.495397493381431,5.545813984146398,76842.26,42109453.0
2017-08-22,000671.SZ,000671.SZ,5.5459130165389725,5.666914755081641,5.5459130165389725,5.646747798657863,173121.86,96505702.0
2017-08-23,000671.SZ,000671.SZ,5.636583652620279,5.6668336543338045,5.596250317002244,5.636583652620279,63152.84,35210405.0
2017-08-24,000671.SZ,000671.SZ,5.6668336543338045,5.7676669933788896,5.62650031871577,5.636583652620279,147546.31,83458955.0
2017-08-25,000671.SZ,000671.SZ,5.646665992393276,5.7474993136860135,5.636582660264002,5.727332649427465,154491.23,87699672.0
2017-08-28,000671.SZ,000671.SZ,5.72754019040152,5.80820977054802,5.7174564928832075,5.788042375511395,153166.02,87764283.0
2017-08-29,000671.SZ,000671.SZ,5.788013792586085,5.79809744030836,5.68717731536333,5.717428258530156,155459.08,88273027.0
2017-08-30,000671.SZ,000671.SZ,5.7072408409058655,5.878659735420706,5.7072408409058655,5.767741627205221,253912.62,146120177.0
2017-08-31,000671.SZ,000671.SZ,5.807940919445803,5.9894390731784855,5.807940919445803,5.9188564578379985,333718.42,195898318.0
2017-09-01,000671.SZ,000671.SZ,5.898482504704234,6.2211345391495945,5.898482504704234,6.019477017621244,491335.96,297882261.0
2017-09-04,000671.SZ,000671.SZ,6.03979325585647,6.090208892382818,5.868380091666888,6.0297101285512005,261184.78,155108706.0
2017-09-05,000671.SZ,000671.SZ,5.98921676716657,6.6244367273206,5.98921676716657,6.382448171071446,816722.56,514506719.0
2017-09-06,000671.SZ,000671.SZ,6.3922530914501925,6.442665182076771,6.21076956519451,6.261181655821089,382238.04,238557755.0
2017-09-07,000671.SZ,000671.SZ,6.25087774926012,6.886047585072035,6.25087774926012,6.886047585072035,1577377.47,1055055906.0
2017-09-08,000671.SZ,000671.SZ,6.845719341528421,7.178427350763235,6.765062854441194,6.886047585072035,1004363.11,694706245.0
2017-09-11,000671.SZ,000671.SZ,7.0069949583259765,7.087651015400232,6.754944779968927,6.996912951191695,611957.96,419202386.0
2017-09-12,000671.SZ,000671.SZ,6.956846309129473,7.158494028234674,6.80561051980057,6.815692905755831,471504.51,323792984.0
2017-09-13,000671.SZ,000671.SZ,6.8056600151498055,7.249288223544756,6.7451652594595854,7.208958386417942,607492.45,423643084.0
2017-09-14,000671.SZ,000671.SZ,7.208953800566552,7.9348904070571695,7.168623989094851,7.9248079541892436,1035786.48,790659249.0
2017-09-15,000671.SZ,000671.SZ,7.84406619356698,8.247360085267081,7.672666289594437,7.702913331471945,1159809.24,917737753.0
2017-09-18,000671.SZ,000671.SZ,7.965070805060209,8.15663579910596,7.773505811014456,7.813835283445141,784348.35,621899379.0
2017-09-19,000671.SZ,000671.SZ,7.9853319813183194,8.600363863717837,7.9853319813183194,8.348301616832789,1486434.14,1229404717.0
2017-09-20,000671.SZ,000671.SZ,8.085782612153407,8.398325331575796,7.995044403288842,8.27734105308971,795298.42,647035972.0
2017-09-21,000671.SZ,000671.SZ,8.196401538146723,8.438361731154744,7.883869622178029,7.904032971595364,597342.73,479075494.0
2017-09-22,000671.SZ,000671.SZ,7.944180182971499,7.964343076836909,7.762714138182809,7.853447160577153,397399.61,310202720.0
2017-09-25,000671.SZ,000671.SZ,7.591412335280735,7.621657005939223,7.067171377200259,7.117579161631074,917259.23,661328629.0
2017-09-26,000671.SZ,000671.SZ,7.218309105396591,7.389693539463269,7.167901918906391,7.30904204107895,472153.63,340721210.0
2017-09-27,000671.SZ,000671.SZ,7.2889041283978235,7.480452093044516,7.208252353809742,7.359474431162394,312014.87,227710106.0
2017-09-28,000671.SZ,000671.SZ,7.430188408825135,7.470515075901527,7.208391739904982,7.299126740826863,274465.13,199784605.0
2017-09-29,000671.SZ,000671.SZ,7.370073210015308,7.450730645966228,6.876046414815924,7.057525645705494,499616.45,354304104.0
2017-10-09,000671.SZ,000671.SZ,7.53159329685126,7.733242381104306,7.360191575236171,7.40052139208678,724270.24,539521659.0
2017-10-10,000671.SZ,000671.SZ,7.410501348320921,7.602065328753707,7.229019682647756,7.289513571205479,434398.3,317197228.0
2017-10-11,000671.SZ,000671.SZ,7.360442185601007,7.370524983115529,7.05795826016535,7.138620640281526,428841.18,305641955.0
2017-10-12,000671.SZ,000671.SZ,7.148969049999252,7.2296344271501605,6.836390713539482,6.947305607121981,573738.33,395725430.0
2017-10-13,000671.SZ,000671.SZ,6.977346003948979,6.9874288738968815,6.705108515355594,6.795854344886722,542371.06,365348670.0
2017-10-16,000671.SZ,000671.SZ,6.836101018742235,6.876431998203841,6.584032397107196,6.664694356030409,470019.11,312268447.0
2017-10-17,000671.SZ,000671.SZ,6.6746913975644535,6.7956827824145645,6.644443551351926,6.674691397564454,321935.57,214438805.0
2017-10-18,000671.SZ,000671.SZ,6.725419052185946,6.775834487359753,6.644754355907853,6.725419052185945,318508.29,211758718.0
2017-10-19,000671.SZ,000671.SZ,6.75560116979782,6.795933117080194,6.574107407027131,6.5942733806683185,254885.16,168382684.0
2017-10-20,000671.SZ,000671.SZ,6.51338165581661,6.886439119075456,6.51338165581661,6.745282241085623,431956.33,288234633.0
2017-10-23,000671.SZ,000671.SZ,6.71503433865923,6.785612777654147,6.654538533806443,6.745282241085623,199240.78,132722041.99999999
2017-10-24,000671.SZ,000671.SZ,6.7552564439449565,7.27954500377352,6.7552564439449565,7.098060502294402,613695.13,430294977.0
2017-10-25,000671.SZ,000671.SZ,7.138157301213487,7.430539450556976,6.9566787257589064,7.410375164395356,664924.99,480413005.0
2017-10-26,000671.SZ,000671.SZ,7.219009144174896,7.450904689309006,7.2089267291690655,7.289586049215712,414963.77,301347172.0
2017-10-27,000671.SZ,000671.SZ,7.299907048656745,7.380569004995493,7.128500391436904,7.249493325945026,355704.29,255264923.0
2017-10-30,000671.SZ,000671.SZ,7.178705365582181,7.208952719650646,6.956891435746777,7.1081282060890985,416189.32,290653816.0
2017-10-31,000671.SZ,000671.SZ,7.108162711565827,7.26948271636732,7.037585209465173,7.26948271636732,303246.47,215801409.0
2017-11-01,000671.SZ,000671.SZ,7.169002648779375,7.5219071392256165,7.138753692455411,7.229500561427301,452924.43,329619886.0
2017-11-02,000671.SZ,000671.SZ,7.229610806010642,7.229610806010642,6.80611895963345,6.876700934029649,393019.61,270953271.0
2017-11-03,000671.SZ,000671.SZ,6.8462020013093445,6.906698631659648,6.7453742840588395,6.805870914409143,196361.71,132445562.0
2017-11-06,000671.SZ,000671.SZ,6.796060846863173,6.806144023193831,6.130571209039776,6.281818853999639,777679.58,492479336.0
2017-11-07,000671.SZ,000671.SZ,6.251772795896074,6.413108868048232,6.1811882643295055,6.413108868048231,396473.9,247843817.0
2017-11-08,000671.SZ,000671.SZ,6.38289894503388,6.483734631369327,6.302230395965521,6.3425646704997,296058.97,187113575.0
2017-11-09,000671.SZ,000671.SZ,6.342384166693827,6.433133701670368,6.211301505061045,6.412967138342248,262417.53,164372603.0
2017-11-10,000671.SZ,000671.SZ,6.382475728845654,6.392558628891224,6.180817727934259,6.180817727934259,345040.91,213708089.0
2017-11-13,000671.SZ,000671.SZ,6.150414515933803,6.271406276902993,6.150414515933803,6.220993043165831,227741.31,140276142.0
2017-11-14,000671.SZ,000671.SZ,6.211015411811574,6.372340487443044,6.090021605087972,6.261429497946408,405616.55,250550127.0
2017-11-15,000671.SZ,000671.SZ,6.210761008620306,6.361997072141904,6.16034898744644,6.301502646733264,266416.33,165443027.0
2017-11-16,000671.SZ,000671.SZ,6.281337838263719,6.795540454237153,6.261173029794172,6.583809965306915,658799.03,430579767.0
2017-11-17,000671.SZ,000671.SZ,6.473032776395294,6.815841365799406,6.473032776395294,6.513363198678131,405245.29,268116580.00000003
2017-11-20,000671.SZ,000671.SZ,6.442608445026735,6.704749007735179,6.240961858327934,6.624090373055658,270644.61,173951795.0
2017-11-21,000671.SZ,000671.SZ,6.654070008067538,6.986773508470915,6.573414614030355,6.82546272039655,423636.63,285472793.0
2017-11-22,000671.SZ,000671.SZ,6.805512925798359,6.946664305000103,6.654279305225062,6.7954306844268055,406339.53,274241446.0
2017-11-23,000671.SZ,000671.SZ,6.755370691075907,6.876362404945923,6.594048405915885,6.63437897720589,336394.33,224812513.0
2017-11-24,000671.SZ,000671.SZ,6.6543945612388145,6.664476977240692,6.482993489206906,6.543487985218169,209375.16,136132954.0
2017-11-27,000671.SZ,000671.SZ,6.573641030164382,6.734957374462895,6.442571500421841,6.472818314977812,203451.49,133127367.99999999
2017-11-28,000671.SZ,000671.SZ,6.493309055564114,6.503391833600704,6.261405160722538,6.342067385015261,238745.25,150221513.0
2017-11-29,000671.SZ,000671.SZ,6.362470145726996,6.97754253699379,6.312054375951029,6.97754253699379,738626.92,491406081.0
2017-11-30,000671.SZ,000671.SZ,6.906723064518317,7.078130790207093,6.66473568707534,6.805894990583743,716946.1,488641779.0
2017-12-01,000671.SZ,000671.SZ,6.825758567290772,6.997158708566908,6.7652643997815485,6.835840928542311,467401.93,318812662.0
2017-12-04,000671.SZ,000671.SZ,6.8158448203835285,6.856175263107691,6.634357828124795,6.765431766978325,336511.32,225047436.0
2017-12-05,000671.SZ,000671.SZ,6.755568908619236,6.826149479306302,6.614407767245103,6.695071276601751,289976.51,193680343.0
2017-12-06,000671.SZ,000671.SZ,6.685191220734535,6.69527446541136,6.493609571874873,6.644858242027238,274345.42,179864392.0
2017-12-07,000671.SZ,000671.SZ,6.625005975212915,6.927517663578801,6.625005975212915,6.675424589940563,356909.97,239706557.0
2017-12-08,000671.SZ,000671.SZ,6.594824644929495,6.665411453055651,6.493986347606414,6.665411453055651,230676.74,150419843.0
2017-12-11,000671.SZ,000671.SZ,6.655107716573635,6.987863102402317,6.645024220033372,6.927362123160738,452884.18,308475205.0
2017-12-12,000671.SZ,000671.SZ,6.907423367832336,7.119183792247633,6.836836559693904,6.957842516502645,419658.04,290832691.0
2017-12-13,000671.SZ,000671.SZ,6.967659489483023,7.290329682917838,6.967659489483023,7.108827699110753,548033.07,388572343.0
2017-12-14,000671.SZ,000671.SZ,7.118723268395763,7.239721397603622,6.997725139187904,7.068307381225821,433999.49,305561026.0
2017-12-15,000671.SZ,000671.SZ,7.068439719636878,7.1087731845135504,6.907105860130187,6.94743932500686,375843.93,260759135.0
2017-12-18,000671.SZ,000671.SZ,6.977368002402283,7.1386944302034925,6.896704788501679,6.91687059197683,262968.88,182571943.0
2017-12-19,000671.SZ,000671.SZ,6.93700359166374,7.299986337739169,6.93700359166374,7.249572067450916,517154.85,368296160.0
2017-12-20,000671.SZ,000671.SZ,7.279753712052621,7.35033304167086,7.189008859686314,7.239422666556484,397332.63,286554854.0
2017-12-21,000671.SZ,000671.SZ,7.249321747739084,7.501384395435158,7.219074230015555,7.481219383619472,551323.12,405202742.0
2017-12-22,000671.SZ,000671.SZ,7.451327823256338,7.592489649407338,7.400912885345266,7.4714937984207666,322523.86,240464294.0
2017-12-25,000671.SZ,000671.SZ,7.612725648999324,7.784138014605931,7.572393327680122,7.673224130978126,555399.52,424834394.0
2017-12-26,000671.SZ,000671.SZ,7.673211918950331,7.844624011752113,7.451384504736261,7.602630468973127,373020.71,282494895.0
2017-12-27,000671.SZ,000671.SZ,7.602554642212543,7.693301315660704,7.451310186465609,7.683218351944242,333193.85,250677461.0
2017-12-28,000671.SZ,000671.SZ,7.612731638509158,7.743811785927196,7.501817667616971,7.6732301680867145,266558.66,200841805.0
2017-12-29,000671.SZ,000671.SZ,7.67348561742649,8.046572303162074,7.623068497732491,7.935654639835279,292025.31,229060288.0
2018-01-02,000671.SZ,000671.SZ,8.157743842533666,8.732516894479797,8.157743842533666,8.359418597602483,642874.35,536633169.0
2018-01-03,000671.SZ,000671.SZ,8.459939855392674,8.601106908998748,8.268355996927284,8.419606411505223,567614.97,474649514.0
2018-01-04,000671.SZ,000671.SZ,8.460335642052573,8.712431459753782,8.248575155183557,8.621676965381347,718007.51,604211032.0
2018-01-05,000671.SZ,000671.SZ,8.470782632953632,9.24727104097438,8.450614102875171,8.702720728855933,1287069.1,1131037463.0
2018-01-08,000671.SZ,000671.SZ,8.864025408916113,9.227057166277868,8.682509530235238,8.82368854698703,1112779.96,989778650.0
2018-01-09,000671.SZ,000671.SZ,8.823941519709136,9.025631611588201,8.470983858920771,8.793688005927276,784892.58,677691101.0
2018-01-10,000671.SZ,000671.SZ,8.793744349923653,9.055943149347982,8.581968396542464,8.813913488340908,595208.47,520541296.0
2018-01-11,000671.SZ,000671.SZ,8.844291114241628,9.025815903359472,8.662766325123783,8.924968798294003,520612.67,455375880.0
2018-01-12,000671.SZ,000671.SZ,9.025907381223357,9.167094759253668,8.804041501461443,8.955313692208204,569235.94,508506705.0
2018-01-15,000671.SZ,000671.SZ,9.07633144480561,9.32845176271688,8.783871876028543,8.955313692208204,678436.49,611499656.0
2018-01-16,000671.SZ,000671.SZ,8.874658092760958,9.580596804685126,8.622537124216613,9.37890002984965,955548.24,863785116.0
2018-01-17,000671.SZ,000671.SZ,9.388631173955964,9.529813597624475,8.62221230261262,8.833985938115386,1047396.95,944385246.0
2018-01-18,000671.SZ,000671.SZ,8.803994980566348,8.874588296561724,8.26950273088706,8.390519844021993,675535.86,571176653.0
2018-01-19,000671.SZ,000671.SZ,8.511248566257672,8.934794111024049,8.511248566257672,8.571755072652868,764125.25,657711910.0
2018-01-22,000671.SZ,000671.SZ,8.974724746499218,9.246991677010993,8.742793657544743,8.894053063384618,838768.43,748806561.0
2018-01-23,000671.SZ,000671.SZ,9.015279923551237,9.781679559110403,8.995111512089155,9.781679559110403,1229798.45,1174614626.0
2018-01-24,000671.SZ,000671.SZ,9.862208028022451,10.315990605998945,9.64035876767839,10.275654376845477,1403830.02,1389913321.0
2018-01-25,000671.SZ,000671.SZ,10.023269625843898,10.114023576178502,9.478745923836284,9.882096814212295,1098563.39,1071662584.0
2018-01-26,000671.SZ,000671.SZ,9.811182070449753,10.527105941983086,9.750681461587781,10.244769767293885,906026.89,918180007.0
2018-01-29,000671.SZ,000671.SZ,10.264610702818034,10.909930039733903,10.15369644178562,10.415857422407692,983570.35,1030494880.0
2018-01-30,000671.SZ,000671.SZ,10.334701876959626,10.657346228240316,9.699495810375765,9.770074262218415,975991.87,974007137.0
2018-01-31,000671.SZ,000671.SZ,9.87059507049699,10.273888025369185,9.527796058855623,10.031912252445867,999624.68,986827710.0
2018-02-01,000671.SZ,000671.SZ,10.303825137675313,10.525629592693761,9.829970165590439,9.890462289686381,943684.03,947196265.0
2018-02-02,000671.SZ,000671.SZ,9.426723886360273,9.870334422188991,9.073851869223791,9.628365039009692,949364.88,893002719.0
2018-02-05,000671.SZ,000671.SZ,9.396745488734489,9.769792251699268,9.366498453899505,9.729462871919294,559829.44,532383234.00000006
2018-02-06,000671.SZ,000671.SZ,9.37639197241875,9.487295533382841,8.761381316163325,8.761381316163325,994750.56,889045444.0
2018-02-07,000671.SZ,000671.SZ,9.023117866622927,9.134016521966897,7.883886225362156,7.954458096944681,1325357.17,1097991363.0
2018-02-08,000671.SZ,000671.SZ,7.934241014347911,8.16611845187015,7.752771715417464,8.045138919249853,723242.71,571839938.0
2018-02-09,000671.SZ,000671.SZ,7.561148490243188,7.752697585329349,7.299028675914758,7.591393084204161,1114458.06,833318846.0
2018-02-12,000671.SZ,000671.SZ,7.702077349480657,7.89362115791015,7.510533541051164,7.853296145609204,536542.6,410194104.0
2018-02-13,000671.SZ,000671.SZ,8.095237420234207,8.639624494571253,7.99442499906068,8.347268473168024,874657.65,728265851.0
2018-02-14,000671.SZ,000671.SZ,8.297112060584867,8.549150701550385,8.226541241114521,8.438253699525555,620587.31,518096119.0
2018-02-22,000671.SZ,000671.SZ,8.67044564729544,8.720855215012273,8.438561635798003,8.50913503060157,514233.05,437334040.0
2018-02-23,000671.SZ,000671.SZ,8.539175584697237,8.781135695715813,8.458522214357712,8.559338927282118,402534.45,343407902.0
2018-02-26,000671.SZ,000671.SZ,8.659773270566085,8.750504305996929,7.984331117914248,8.44806752122745,636251.52,526610562.99999994
2018-02-27,000671.SZ,000671.SZ,8.4480079119919,8.649631012516766,8.23630365644079,8.286709431572007,583642.12,488682865.0
2018-02-28,000671.SZ,000671.SZ,8.17609966027505,8.629767335629401,8.0248771018236,8.44830026548766,577103.09,476546410.0
2018-03-01,000671.SZ,000671.SZ,8.317125225738204,8.548996595667875,8.18606749490839,8.276799770098261,495755.52,410549846.0
2018-03-02,000671.SZ,000671.SZ,8.176202081492034,8.377834685227967,8.035059258876883,8.206446972052426,461185.44,374114674.0
2018-03-05,000671.SZ,000671.SZ,8.266816469753122,8.418038722248607,8.085349766758542,8.176083118255832,369232.47,301927252.0
2018-03-06,000671.SZ,000671.SZ,8.226341311042285,8.70016244047732,8.014633997890462,8.669918538598486,775229.39,643999751.0
2018-03-07,000671.SZ,000671.SZ,8.558924359781411,8.871441032517835,8.498437261832425,8.639573823713391,676976.15,585766969.0
2018-03-08,000671.SZ,000671.SZ,8.639520433088638,9.042765260770722,8.538709226168118,8.972197415926356,475249.41,417676011.0
2018-03-09,000671.SZ,000671.SZ,8.99268665220709,9.224560859607049,8.841464343033204,8.871708804867982,436290.28,389961219.0
2018-03-12,000671.SZ,000671.SZ,8.892123139757487,8.95261377336128,8.347707437323354,8.55942465493663,617290.12,523527592.0
2018-03-13,000671.SZ,000671.SZ,8.519103650937122,8.630003225091334,8.418285856251476,8.4686947535943,333677.89,281792777.0
2018-03-14,000671.SZ,000671.SZ,8.407882231650786,8.559103135097743,8.246579934640698,8.428045018777047,356487.67,297603666.0
2018-03-15,000671.SZ,000671.SZ,8.46824031040506,8.61945888737658,8.357346687292612,8.387590402686916,303258.42,254932137.0
2018-03-16,000671.SZ,000671.SZ,8.387431018546248,8.639457190978527,8.357187877854374,8.48824148751916,317688.1,269013469.0
2018-03-19,000671.SZ,000671.SZ,8.498145836621179,8.528388348495277,8.125154856840654,8.145316531423385,428612.88,349795346.0
2018-03-20,000671.SZ,000671.SZ,8.01427366090128,8.15540552411212,7.913465187179251,8.064677897762294,313714.83,249306375.0
2018-03-21,000671.SZ,000671.SZ,8.075161979029385,8.266707643950182,8.014673874317555,8.075161979029385,281292.05,227595199.0
2018-03-22,000671.SZ,000671.SZ,8.11528061816087,8.155604993903284,7.8531721758351765,7.913658739448797,339556.32,268093467.0
2018-03-23,000671.SZ,000671.SZ,7.56091392338408,7.742375857545298,7.1677463993681085,7.339127114964814,492809.29,364325630.0
2018-03-26,000671.SZ,000671.SZ,7.268477823251173,7.349126675658953,7.127342331537558,7.258396716700201,382026.43,274794749.0
2018-03-27,000671.SZ,000671.SZ,7.409694516206596,7.520587903523974,7.278638694831513,7.359288431062334,384285.19,281550485.0
2018-03-28,000671.SZ,000671.SZ,7.258257212107502,7.5203609447669395,7.217933560929127,7.348985427258846,289666.28,211817301.0
2018-03-29,000671.SZ,000671.SZ,7.399269338758072,8.014194992251591,7.096846886220276,7.913387508072325,759803.11,571356114.0
2018-03-30,000671.SZ,000671.SZ,7.832807641274218,7.903373475880292,7.69167597206207,7.762241806668143,409514.52,316412144.0
2018-04-02,000671.SZ,000671.SZ,7.853079913506049,8.115185276472875,7.711946256523912,7.8732418645034965,376576.43,296875930.0
2018-04-03,000671.SZ,000671.SZ,7.671501800463443,7.8731181421313385,7.611016897963074,7.762229154213997,217247.35,166602840.0
2018-04-04,000671.SZ,000671.SZ,7.762219060287919,7.8932695119551175,7.721895844390319,7.752138256313519,211976.19,164183187.0
2018-04-09,000671.SZ,000671.SZ,7.701734236441519,7.863027100031918,7.67149182451832,7.752138256313519,213041.77,164498043.0
2018-04-10,000671.SZ,000671.SZ,7.752050935607254,8.104875100426828,7.721808864337004,8.054471648309747,345676.51,273494911.0
2018-04-11,000671.SZ,000671.SZ,8.074894208644684,8.41764876931125,8.004327093213332,8.165623357056422,442575.34,360458922.0
2018-04-12,000671.SZ,000671.SZ,8.135070483520071,8.225796176644831,8.064506055534148,8.205634911505996,234336.49,189494941.0
2018-04-13,000671.SZ,000671.SZ,8.296595290762003,8.336918961677005,8.07481510072948,8.125219689373237,160943.81,130684267.0
2018-04-16,000671.SZ,000671.SZ,7.882940411362834,7.953503816579636,7.459559980062017,7.540203871738363,639794.48,484710703.0
2018-04-17,000671.SZ,000671.SZ,7.459768153828904,7.590818134909681,7.369041243849902,7.369041243849903,357221.08,264807028.0
2018-04-18,000671.SZ,000671.SZ,7.510320979923794,7.580887754231802,7.268377753724907,7.469997108890646,308453.93,227777092.0
2018-04-19,000671.SZ,000671.SZ,7.449842192061315,7.580894896387156,7.379275351270477,7.49016610108465,161782.88,120344665.0
2018-04-20,000671.SZ,000671.SZ,7.460122786571611,7.550854009651535,7.228254105367357,7.308904081438402,196138.62,143864851.0
2018-04-23,000671.SZ,000671.SZ,7.329242031906328,7.480464357186376,7.268753101794309,7.36956798531434,183663.82,134008223.0
2018-04-24,000671.SZ,000671.SZ,7.540665918513464,7.812855731080126,7.460017085160379,7.671720272712228,433175.62,330183726.0
2018-04-25,000671.SZ,000671.SZ,7.611318330323789,7.681886844644672,7.409694003692695,7.520587383339796,261596.92,195414840.0
2018-04-26,000671.SZ,000671.SZ,7.55073988375684,7.601145356946138,7.31887470708607,7.349117990999648,194803.6,143650230.0
2018-04-27,000671.SZ,000671.SZ,7.389669265291895,7.409832073655583,7.097308544018409,7.288855223473451,275822.69,197898372.0
2018-05-02,000671.SZ,000671.SZ,7.2388010008799855,7.309374269690793,7.148063940980375,7.198473418702381,264712.45,189529242.0
2018-05-03,000671.SZ,000671.SZ,7.158125925131627,7.299272070134223,7.158125925131627,7.248862732633297,205074.3,147129787.0
2018-05-04,000671.SZ,000671.SZ,7.359645757940958,7.520953062224596,7.329400638387776,7.450381116600504,283033.35,208580883.0
2018-05-07,000671.SZ,000671.SZ,7.419949251991437,7.581252496599946,7.349379082475214,7.530845232659788,240063.99,178147876.0
2018-05-08,000671.SZ,000671.SZ,7.510660585634884,7.712289057732465,7.4703348912153675,7.661881939708069,254099.43,192712400.0
2018-05-09,000671.SZ,000671.SZ,7.682249096619607,7.682249096619607,7.541105412429745,7.581432179341134,182639.4,137602342.0
2018-05-10,000671.SZ,000671.SZ,7.5408618235604346,7.631594118228942,7.349315868149139,7.49045499318904,252139.75,187064628.0
2018-05-11,000671.SZ,000671.SZ,7.439925336582753,7.611305730514876,7.389519338367423,7.450006536225819,182922.38,135637177.0
2018-05-14,000671.SZ,000671.SZ,7.480394025369079,7.550963780325391,7.359417302586829,7.389661483282391,194009.13,143448991.0
2018-05-15,000671.SZ,000671.SZ,7.389925255940242,7.440334023033968,7.339516488846516,7.400007009358987,173327.15,127115502.0
2018-05-16,000671.SZ,000671.SZ,7.4103670191720905,7.460777679166459,7.34987422717885,7.4103670191720905,147165.11,107971769.0
2018-05-17,000671.SZ,000671.SZ,7.410129969879403,7.430293588845062,7.21857558970565,7.248821018154137,197288.33,143088111.0
2018-05-18,000671.SZ,000671.SZ,7.238805563780721,7.289215073277801,7.198477956183057,7.258969367579554,171325.66,123097380.0
2018-05-21,000671.SZ,000671.SZ,7.309134211674891,7.3292973405346835,7.208318567375927,7.228481696235719,206344.16,148649798.0
2018-05-22,000671.SZ,000671.SZ,7.2583757561320175,7.278537911010162,7.097078517106861,7.13740282686315,274229.33,194948529.0
2018-05-23,000671.SZ,000671.SZ,7.086893979851151,7.137298631201444,6.875194444179923,6.905437234990098,385550.56,267017411.00000003
2018-05-24,000671.SZ,000671.SZ,6.915363801015396,6.98592873776045,6.733911106528111,6.774233927525286,278020.1,188491131.0
2018-05-25,000671.SZ,000671.SZ,6.804672208348288,6.8349151959409475,6.673619262113433,6.713943245570311,263783.48,176171672.0
2018-05-28,000671.SZ,000671.SZ,6.744176121939232,6.744176121939232,6.603042391435271,6.724014160438666,232322.42,153529581.0
2018-05-29,000671.SZ,000671.SZ,6.673468485241994,6.683549253346589,6.330722369685759,6.451691586940901,410589.34,264048075.0
2018-05-30,000671.SZ,000671.SZ,6.330804188391667,6.391289578726619,6.22999520450008,6.2400761028892395,277887.95,173573532.0
2018-05-31,000671.SZ,000671.SZ,6.290375256613382,6.451666929859879,6.209729419990134,6.381101822814536,262436.01,164588764.0
2018-06-01,000671.SZ,000671.SZ,6.391445190050454,6.58298692287531,6.361201758551792,6.451932053047777,246286.69,158682827.0
2018-06-04,000671.SZ,000671.SZ,6.5025753005326585,6.684042518221942,6.472330764251112,6.623553445658848,252269.72,165325680.0
2018-06-05,000671.SZ,000671.SZ,6.603381250095563,6.653788740554307,6.452158778719329,6.532810763453321,272308.59,176462561.0
2018-06-06,000671.SZ,000671.SZ,6.432312809816108,6.533132759813226,6.361738844818125,6.3819028348175495,245800.93,156694315.0
2018-06-07,000671.SZ,000671.SZ,6.45263071210617,6.644193186371821,6.402219534667839,6.593782008933492,358610.9,231526118.0
2018-06-08,000671.SZ,000671.SZ,6.523274374993733,6.553521396825234,6.2913805409522245,6.382121606446727,349791.27,221467481.0
2018-06-11,000671.SZ,000671.SZ,6.402070600888831,6.70453062927728,6.351660596157423,6.613792620760744,464868.6,302917961.0
2018-06-12,000671.SZ,000671.SZ,6.6038719318296035,6.714776651295444,6.492967212363763,6.603871931829603,230764.21,151397874.0
2018-06-13,000671.SZ,000671.SZ,6.594012859025529,6.7452516860674,6.513352151269865,6.553682505147697,257718.03,169706178.0
2018-06-14,000671.SZ,000671.SZ,6.503567877917967,6.604398387653129,6.4632356740239025,6.594315336679613,185432.64,120188352.0
2018-06-15,000671.SZ,000671.SZ,6.574399111898063,6.9273193096226535,6.574399111898063,6.685316888325792,376457.19,251748217.0
2018-06-19,000671.SZ,000671.SZ,6.503977667729956,6.564479785569303,6.130881274387307,6.292220255292236,420952.36,266079672.00000003
2018-06-20,000671.SZ,000671.SZ,6.251805994828993,6.362725133446926,6.201388204548114,6.342558017334574,256101.29,160050782.0
2018-06-21,000671.SZ,000671.SZ,6.3929758076154535,6.604730526795145,6.302223785109871,6.342558017334574,312499.49,200111572.0
2018-06-22,000671.SZ,000671.SZ,6.261584359845445,6.392664225671518,6.150670627223384,6.392664225671517,212735.46,132759022.0
2018-06-25,000671.SZ,000671.SZ,6.483200982428587,6.513449198520789,6.180718821506569,6.200884298901371,256505.15,161168963.0
2018-06-26,000671.SZ,000671.SZ,6.049744214153524,6.090075842247881,5.686759561304313,6.039661307129935,601020.53,352332135.0
2018-06-27,000671.SZ,000671.SZ,5.968997269836513,6.039576629446067,5.626183237447254,5.968997269836514,410031.35,237544545.0
2018-06-28,000671.SZ,000671.SZ,5.787255514868253,5.95865506844449,5.787255514868253,5.928408088401625,254404.43,148311481.0
2018-06-29,000671.SZ,000671.SZ,5.918290073324117,6.039277263920181,5.877961009792096,6.01911273215417,205670.38,121676251.0
2018-07-02,000671.SZ,000671.SZ,6.0592903096413,6.0592903096413,5.686255798066044,5.847568019287777,330897.8,191647793.0
2018-07-03,000671.SZ,000671.SZ,5.797157950155985,5.867732046940493,5.71650183954512,5.847568019287777,155594.69,89623320.0
2018-07-04,000671.SZ,000671.SZ,5.83727099288034,5.898287762840761,5.735576376279637,5.827101531220269,152030.7,86709047.0
2018-07-05,000671.SZ,000671.SZ,5.796689414748141,5.8475375675090895,5.6746538481218645,5.756010892539383,136219.57,77148612.0
2018-07-06,000671.SZ,000671.SZ,5.735480780768327,5.786327241590742,5.562602813972119,5.745650072932811,200567.0,112398804.0
2018-07-09,000671.SZ,000671.SZ,5.755938656690353,5.928820206449604,5.715260644982294,5.888142194741545,173143.3,99567761.0
2018-07-10,000671.SZ,000671.SZ,5.989797896797595,6.1525088753184125,5.938950716009839,6.04064507758535,194775.2,115486797.0
2018-07-11,000671.SZ,000671.SZ,5.87785231911185,5.888021613781594,5.755820783074926,5.847344435102619,134495.95,77132784.0
2018-07-12,000671.SZ,000671.SZ,5.948886391003563,6.152267122319924,5.938717354437745,6.009900610398472,162377.76,96548037.0
2018-07-13,000671.SZ,000671.SZ,6.0913494590418615,6.223549029939264,5.999826679189813,6.030334272473828,204624.89,122975552.0
2018-07-16,000671.SZ,000671.SZ,6.010049852734502,6.010049852734502,5.796494781825154,5.888018383643446,149062.77,86307827.0
2018-07-17,000671.SZ,000671.SZ,5.857510516370682,5.979541985461738,5.806664070916075,5.888018383643446,96882.64,56098221.0
2018-07-18,000671.SZ,000671.SZ,5.908621283057791,5.9187910270905935,5.786584354664171,5.796754098696972,104058.39,59712049.0
2018-07-19,000671.SZ,000671.SZ,5.82704750622757,5.867724975730031,5.745692567222648,5.766031301973878,108718.31,62129938.0
2018-07-20,000671.SZ,000671.SZ,5.77619867066414,5.928739128516186,5.623658212812095,5.8778923092321715,210651.28,119724233.0
2018-07-23,000671.SZ,000671.SZ,5.8168760685934,6.233819982600969,5.8168760685934,6.172803800063277,332266.32,197403328.0
2018-07-24,000671.SZ,000671.SZ,6.1931444976619625,6.427039938460362,6.1931444976619625,6.233821965626902,333881.24,206489903.0
2018-07-25,000671.SZ,000671.SZ,6.274501453324501,6.284670823589209,6.193146491206842,6.223654602000964,142408.59,87432037.0
2018-07-26,000671.SZ,000671.SZ,6.23382263345784,6.325346946183974,6.030435271844207,6.060943376086252,215492.42,130330277.0
2018-07-27,000671.SZ,000671.SZ,6.071111168304058,6.162635457273466,6.010094975657786,6.111788630068239,136321.13,81793613.0
2018-07-30,000671.SZ,000671.SZ,6.071108997906819,6.28466559582314,6.06093963610128,6.172802615962211,180895.02,110063429.0
2018-07-31,000671.SZ,000671.SZ,6.162635214537559,6.294836960063944,6.1524658494970685,6.233820769820997,165267.84,100984378.0
2018-08-01,000671.SZ,000671.SZ,6.111789279997733,6.162636112610027,5.898232583026099,6.071111813907899,307469.41,182420729.0
2018-08-02,000671.SZ,000671.SZ,5.989757385069141,6.081281691462388,5.725353833266429,6.050773589331307,235349.47,137016454.0
2018-08-03,000671.SZ,000671.SZ,5.969417251232592,6.030433441194083,5.857554236303191,5.857554236303191,104050.0,60690006.0
2018-08-06,000671.SZ,000671.SZ,5.847385532498004,5.959248560076227,5.705014406489357,5.755861237206731,119785.23,68224065.0
2018-08-07,000671.SZ,000671.SZ,5.776202490378203,5.949081790266283,5.7558637492149,5.918573678521328,111003.93,64022908.0
2018-08-08,000671.SZ,000671.SZ,5.898236123246531,5.9287442411253926,5.745695533852225,5.766034279104798,81778.14,46917289.0
2018-08-09,000671.SZ,000671.SZ,5.745697277373629,5.989762294465605,5.745697277373629,5.898237913056113,113167.54,65724504.0
2018-08-10,000671.SZ,000671.SZ,5.969424751019055,6.203320439730192,5.959255373249006,6.030441017639352,260470.89,156315881.0
2018-08-13,000671.SZ,000671.SZ,5.898241689650662,5.949088600768341,5.796547867415307,5.898241689650662,174464.87,100722055.0
2018-08-14,000671.SZ,000671.SZ,5.9084089914477635,5.9084089914477635,5.755868311806255,5.7762070690917895,129181.95,73660680.0
2018-08-15,000671.SZ,000671.SZ,5.827054703556308,5.837224083492706,5.705022144319526,5.7558690440015186,77916.38,44156610.0
2018-08-16,000671.SZ,000671.SZ,5.694852317728009,5.78637672997721,5.623666663756409,5.705021696866809,84113.38,47267724.0
2018-08-17,000671.SZ,000671.SZ,5.755869681508922,5.786377824697132,5.6134983466306085,5.6440064898188185,79404.0,44398090.0
2018-08-20,000671.SZ,000671.SZ,5.64400748699311,5.796548229884816,5.6033299555553215,5.755870698447027,85869.68,48251546.0
2018-08-21,000671.SZ,000671.SZ,5.705025011685776,5.837227017304162,5.705025011685776,5.766041321971184,110318.37,62797269.0
2018-08-22,000671.SZ,000671.SZ,5.745700663856559,5.796547572386263,5.7050231370327955,5.7253619004446765,56677.05,32049293.0
2018-08-23,000671.SZ,000671.SZ,5.7151925187387365,5.776208808974381,5.694853755326855,5.7253619004446765,85881.97,48436079.0
2018-08-24,000671.SZ,000671.SZ,5.735530143179867,5.755868902552845,5.684683244747421,5.735530143179867,79668.28,44874741.0
2018-08-27,000671.SZ,000671.SZ,5.806715562761053,5.979595010338878,5.786376804222487,5.949086872531026,269756.54,156481766.0
2018-08-28,000671.SZ,000671.SZ,5.938915111613941,6.081286364289618,5.938915111613941,5.9592538619961815,212755.69,125787266.0
2018-08-29,000671.SZ,000671.SZ,5.949085207906211,6.121964607110323,5.93891583148244,6.040609595720153,190203.87,113345965.0
2018-08-30,000671.SZ,000671.SZ,6.06094849486645,6.101626001543406,5.898238468158626,5.898238468158626,132449.71,78114417.0
2018-08-31,000671.SZ,000671.SZ,5.928744050275242,6.25416396384095,5.877897188780601,6.152470240851667,355223.79,213118512.0
2018-09-03,000671.SZ,000671.SZ,6.111793407211281,6.254164634667119,6.040607793483364,6.162640274159794,251561.58,151867810.0
2018-09-04,000671.SZ,000671.SZ,6.162640334577835,6.264334069471859,6.0914547201520195,6.22365657551425,219831.33,133936208.00000001
2018-09-05,000671.SZ,000671.SZ,6.193146432793485,6.193146432793485,5.959250918911302,5.979589659248882,243628.54,145370152.0
2018-09-06,000671.SZ,000671.SZ,5.979588459192826,6.0507740360879785,5.827047937274641,5.877894777914037,148716.66,86908647.0
2018-09-07,000671.SZ,000671.SZ,5.86772578963891,6.121960009293975,5.86772578963891,5.969419477500936,201598.81,119056835.0
2018-09-10,000671.SZ,000671.SZ,6.02026922119356,6.213487321198084,5.999930473824664,6.101624210669149,347432.16,209553361.0
2018-09-11,000671.SZ,000671.SZ,6.162638395132951,6.193146505999946,6.030436581375974,6.091452803109964,176358.16,105875297.0
2018-09-12,000671.SZ,000671.SZ,6.101620922310047,6.162637131533146,6.020265976679246,6.050774081290796,173375.6,103685981.0
2018-09-13,000671.SZ,000671.SZ,6.1321291305048575,6.172806604007377,5.938911131367888,6.020266078372928,151084.24,89602158.0
2018-09-14,000671.SZ,000671.SZ,6.01009400793729,6.1829731925987685,5.979585916526441,6.15246510118792,205412.9,123005108.0
2018-09-17,000671.SZ,000671.SZ,6.142294792415727,6.142294792415727,5.918568823155552,5.949076909872849,181810.66,107217128.0
2018-09-18,000671.SZ,000671.SZ,5.898227703457009,6.040598716988731,5.867719629128783,6.010090642660505,198709.98,116577444.0
2018-09-19,000671.SZ,000671.SZ,6.050768660336363,6.3050026376614206,5.999921864871352,6.203309046731397,488809.02,298697989.0
2018-09-20,000671.SZ,000671.SZ,6.2338194899806,6.25415821588592,6.1524645863593195,6.162633949311979,163320.79,99535844.0
2018-09-21,000671.SZ,000671.SZ,6.213480015700417,6.467714058896015,6.182971930516945,6.416867250256895,454467.48,283166637.0
2018-09-25,000671.SZ,000671.SZ,6.203313052586046,6.284667977865864,6.05077256768639,6.101619395986275,393894.4,238596660.0
2018-09-26,000671.SZ,000671.SZ,6.121960144425875,6.25416194156464,6.091452037393853,6.172806989479247,288908.14,175621378.0
2018-09-27,000671.SZ,000671.SZ,6.172804310130637,6.193143039323819,6.08128002876132,6.091449393357911,130130.04,78486613.0
2018-09-28,000671.SZ,000671.SZ,6.111790255524129,6.162637096252283,6.030435310359082,6.060943414795974,192659.82,115598159.0
2018-10-08,000671.SZ,000671.SZ,5.93891291081307,5.989759767926195,5.766033596628443,5.806711082318943,202594.89,116682852.0
2018-10-09,000671.SZ,000671.SZ,5.786371993106334,5.827049476361914,5.725355768222962,5.7762026222924385,117964.29,66935729.99999999
2018-10-10,000671.SZ,000671.SZ,5.766033984966872,5.827050217612024,5.70501775232172,5.755864612859346,153168.42,86700754.0
2018-10-11,000671.SZ,000671.SZ,5.593152878999343,5.623660985612068,5.176208755292119,5.17620875529212,275946.12,145457382.0
2018-10-12,000671.SZ,000671.SZ,5.1558709385989285,5.277903386849791,5.064346602410782,5.237225904099503,265939.05,135145377.0
2018-10-15,000671.SZ,000671.SZ,5.196546724517078,5.257562928718843,4.962651275076974,4.982990009810897,267541.6,133688693.99999999
2018-10-16,000671.SZ,000671.SZ,4.942312540343052,5.084683683480506,4.586384682499417,4.982990009810897,565862.69,268955753.0
2018-10-17,000671.SZ,000671.SZ,4.901635969341922,5.01349903088292,4.820281015493924,4.993160292420921,297554.06,143945169.0
2018-10-18,000671.SZ,000671.SZ,4.982989112123406,4.993158477658351,4.871126091239002,4.9524810155185675,320586.12,155742542.0
2018-10-19,000671.SZ,000671.SZ,5.186377077413518,5.257562645142723,4.982989741044361,5.237223911505808,497381.07,251614422.0
2018-10-22,000671.SZ,000671.SZ,5.288072197814494,5.460951481204583,5.216886610536222,5.369427154703948,356527.84,187586565.0
2018-10-23,000671.SZ,000671.SZ,5.3694259708932375,5.379595338262353,5.145699888772685,5.166038623510918,195609.04,100995940.0
2018-10-24,000671.SZ,000671.SZ,5.155869256141802,5.257562929832962,5.1151917866653385,5.166038623510918,148797.94,75824985.0
2018-10-25,000671.SZ,000671.SZ,4.982989818473394,5.308409561720635,4.88129614870863,5.26773209381473,195662.36,99701679.0
2018-10-26,000671.SZ,000671.SZ,5.318581334484216,5.542307509166153,5.298242591331313,5.440613793401635,303569.89,161755685.0
2018-10-29,000671.SZ,000671.SZ,5.481290410472816,5.562645370182988,5.338919230980016,5.450782300581502,300493.38,160330339.0
2018-10-30,000671.SZ,000671.SZ,5.369427027328128,5.694846847166196,5.31858018047843,5.572814414726921,362185.21,198304499.0
2018-10-31,000671.SZ,000671.SZ,5.582982763441691,5.755862011125677,5.5423052933984,5.562644028420045,186156.2,103153880.0
2018-11-01,000671.SZ,000671.SZ,5.68467903084402,5.816880868770625,5.613493425806617,5.66434028654762,341503.69,192100457.0
2018-11-02,000671.SZ,000671.SZ,5.796544063567923,5.847390941318519,5.582987177015421,5.6846809325166126,275245.5,153504382.0
2018-11-05,000671.SZ,000671.SZ,5.603327463691367,5.633835598702391,5.532141815332312,5.603327463691367,116573.58,64020610.0
2018-11-06,000671.SZ,000671.SZ,5.613494844524936,5.705019216990017,5.49146234790483,5.5728173456515675,215745.04,118145889.0
2018-11-07,000671.SZ,000671.SZ,5.572816326854978,5.6745100554472225,5.532138835418081,5.5626469539957535,175532.72,96797343.0
2018-11-08,000671.SZ,000671.SZ,5.613494254784161,5.654171749384046,5.511800518284448,5.623663628434133,171156.13,94110436.0
2018-11-09,000671.SZ,000671.SZ,5.572818292962657,5.6033264223036925,5.491463281386559,5.582987669409668,159350.13,86890622.0
2018-11-12,000671.SZ,000671.SZ,5.552479750162453,5.644004141648646,5.532140996498854,5.644004141648646,127718.47,70242674.0
2018-11-13,000671.SZ,000671.SZ,5.572818454068744,5.755867235406768,5.552479700586741,5.694850974960759,190259.6,106173671.0
2018-11-14,000671.SZ,000671.SZ,5.684681598219757,5.898238509780786,5.684681598219757,5.766036612147769,353897.99,201805766.0
2018-11-15,000671.SZ,000671.SZ,5.694850974960758,5.786375365629771,5.694850974960758,5.766036612147769,92363.09,52211780.0
2018-11-16,000671.SZ,000671.SZ,5.755867205112728,5.837222218612554,5.664342814925424,5.796544711862642,255279.49,144248037.0
2018-11-19,000671.SZ,000671.SZ,5.776206640333246,6.060949221194744,5.776206640333246,6.0304410875310115,407045.68,237959430.0
2018-11-20,000671.SZ,000671.SZ,5.959254159420368,6.101625419201742,5.837221651036333,5.857560402433672,220506.87,129270556.0
2018-11-21,000671.SZ,000671.SZ,5.877897891463407,6.182979096902684,5.816881650375551,6.060946614726973,430236.39,256305709.0
2018-11-22,000671.SZ,000671.SZ,6.101621392379533,6.111790761366832,5.9592502265573435,6.030435809468438,140373.94,83086048.0
2018-11-23,000671.SZ,000671.SZ,6.040606139461107,6.05077551006626,5.796541244937425,5.816879986147732,130500.35,75648497.0
2018-11-26,000671.SZ,000671.SZ,5.827052120095877,5.9795927515119995,5.796543993812653,5.918576498945551,133020.52,77387440.0
2018-11-27,000671.SZ,000671.SZ,5.949084625228775,5.989762126939741,5.857560246379101,5.918576498945551,79075.11,46132365.0
2018-11-28,000671.SZ,000671.SZ,5.949084725045632,6.081286607824424,5.918576598250526,6.060947856627687,122379.93,72466751.0
2018-11-29,000671.SZ,000671.SZ,6.091456279535235,6.121964407813374,5.796544372846551,5.857560629402831,132309.57,77533790.0
2018-11-30,000671.SZ,000671.SZ,5.857561915453879,5.928747563731965,5.796545645501236,5.928747563731965,97274.91,56074702.0
2018-12-03,000671.SZ,000671.SZ,6.010102974400768,6.050780490301958,5.76603787899363,5.888070426697199,300792.69,173281309.0
2018-12-04,000671.SZ,000671.SZ,5.867730076968331,5.867730076968331,5.65417317642009,5.735528186152754,229702.61,129872724.0
2018-12-05,000671.SZ,000671.SZ,5.654172896213277,5.796544156189871,5.644003520500664,5.745697277626802,168673.89,95414810.0
2018-12-06,000671.SZ,000671.SZ,5.694847856719805,5.725355970237946,5.6440010008562345,5.694847856719805,106810.44,59738812.0
2018-12-07,000671.SZ,000671.SZ,5.705017227892519,5.776202826101516,5.664339743201663,5.694847856719805,55894.7,31479880.0
2018-12-10,000671.SZ,000671.SZ,5.694846184837864,5.735523657586706,5.471120084719234,5.542305662029708,283546.86,154307726.0
2018-12-11,000671.SZ,000671.SZ,5.552472962806003,5.766029615221618,5.521964869603772,5.735521522019387,190578.84,105979147.0
2018-12-12,000671.SZ,000671.SZ,5.766030768427542,5.85755506633909,5.674506470515993,5.694845203385226,201195.73,114215465.0
2018-12-13,000671.SZ,000671.SZ,5.776200934336225,5.949080187652626,5.684676623756954,5.877894612757638,335509.34,193028038.0
2018-12-14,000671.SZ,000671.SZ,5.847384891215333,5.9694172715537395,5.78636870104613,5.806707431102531,159694.0,91984507.0
2018-12-17,000671.SZ,000671.SZ,5.796537014033614,5.816875740398644,5.623657839930857,5.715182108573493,130446.93,73270499.0
2018-12-18,000671.SZ,000671.SZ,5.6948410299905445,5.715179747954797,5.4812844913659,5.6134861581335365,208351.25,114415975.0
2018-12-19,000671.SZ,000671.SZ,5.654164663212974,5.705011467738271,5.582979136877559,5.593148497782618,147425.25,81807600.0
2018-12-20,000671.SZ,000671.SZ,5.623656064566,5.664333504454361,5.501623744900915,5.5423011847892765,121843.57,66882716.0
2018-12-21,000671.SZ,000671.SZ,5.532133796871682,5.562641887663254,5.237222252553155,5.420270797302586,248805.52,130927521.0
2018-12-24,000671.SZ,000671.SZ,5.338917015178415,5.369425112408006,5.237223357746445,5.349086380921611,175561.62,91531507.0
2018-12-25,000671.SZ,000671.SZ,5.277901493193083,5.308409594309805,5.196546556881821,5.267732126154175,120515.0,62353087.0
2018-12-26,000671.SZ,000671.SZ,5.267734714521592,5.308412202664616,5.216887854342812,5.29824283062886,117976.45,61045943.0
2018-12-27,000671.SZ,000671.SZ,5.34908722836403,5.399934065135551,5.216885452758075,5.257562922175292,158218.62,82436442.0
2018-12-28,000671.SZ,000671.SZ,5.277899175558265,5.318576625851585,5.227052362691614,5.277899175558265,129988.11,67273686.0
2019-01-02,000671.SZ,000671.SZ,5.28806922609391,5.328746681679248,5.176206223234231,5.237222406612238,105582.09,54330033.0
2019-01-03,000671.SZ,000671.SZ,5.237221142803743,5.2982373114577666,5.20671305847673,5.267729227130754,72641.18,37466838.0
2019-01-04,000671.SZ,000671.SZ,5.216884808135411,5.430441496187738,5.196546075939952,5.420272130090008,149214.53,78488931.0
2019-01-07,000671.SZ,000671.SZ,5.4711170789227905,5.552471979724617,5.410100903321422,5.440608991122105,144597.88,77673430.0
2019-01-08,000671.SZ,000671.SZ,5.4507792213555915,5.460948585574538,5.389763036041909,5.430440492917698,61644.3,32837841.0
2019-01-09,000671.SZ,000671.SZ,5.450779343160714,5.521964894284081,5.430440614268323,5.460948707606909,99784.86,53853233.0
2019-01-10,000671.SZ,000671.SZ,5.450777014472375,5.481285094777257,5.369422133659355,5.379591493760982,88313.0,47001951.0
2019-01-11,000671.SZ,000671.SZ,5.37959342959883,5.450778975926225,5.328746610793548,5.369424065837774,124623.55,65839800.0
2019-01-14,000671.SZ,000671.SZ,5.369423412523819,5.389762137571258,5.3287459624289415,5.34908468747638,56966.43,29968268.0
2019-01-15,000671.SZ,000671.SZ,5.338913084424869,5.399929233961153,5.267727576632537,5.379590517449058,78242.52,41107504.0
2019-01-16,000671.SZ,000671.SZ,5.389761388085937,5.450777554743514,5.369422665866745,5.399930749195533,89097.44,47386713.0
2019-01-17,000671.SZ,000671.SZ,5.399930749195533,5.450777554743514,5.369422665866745,5.399930749195533,78594.0,41817008.0
2019-01-18,000671.SZ,000671.SZ,5.399932485604491,5.481287400641846,5.308408206187465,5.471118036262177,140554.66,74981920.0
2019-01-21,000671.SZ,000671.SZ,5.481285631821146,5.481285631821146,5.399930743037159,5.420269465233156,93818.39,50212361.0
2019-01-22,000671.SZ,000671.SZ,5.420267952117779,5.511792176449974,5.308405011267318,5.318574369526452,133739.78,70982559.0
2019-01-23,000671.SZ,000671.SZ,5.308406489817264,5.34908393418368,5.24739032326764,5.2575596843592445,108928.06,56537321.0
2019-01-24,000671.SZ,000671.SZ,5.2778959252183455,5.2880652815289775,5.216879787354549,5.2778959252183455,118810.3,61452595.0
2019-01-25,000671.SZ,000671.SZ,5.2982344271143695,5.440605409800743,5.26772635939586,5.369419918457557,242330.32,127547902.0
2019-01-28,000671.SZ,000671.SZ,5.410097013575378,5.47111314530743,5.328742171265973,5.359250237131999,234286.95,124481752.0
2019-01-29,000671.SZ,000671.SZ,5.359250594415346,5.572807069714631,5.328742526515449,5.49145222198157,309210.07,165975409.0
2019-01-30,000671.SZ,000671.SZ,5.501621577948203,5.898226460646872,5.471113510048306,5.766024833080649,391803.54,219728784.0
2019-01-31,000671.SZ,000671.SZ,5.705006822633234,5.857547112008454,5.69483747000822,5.725345527883264,365331.3,207330022.0
2019-02-01,000671.SZ,000671.SZ,5.79653217192162,5.837209590671947,5.643991851607892,5.7660241078588745,167636.12,94450731.0
2019-02-11,000671.SZ,000671.SZ,5.74568714200204,5.989751728564958,5.70500971090822,5.898227508603863,327808.67,188716527.0
2019-02-12,000671.SZ,000671.SZ,5.898228127299057,5.93890556265974,5.776195821217008,5.816873256577691,211563.52,121532805.0
2019-02-13,000671.SZ,000671.SZ,5.827045438206672,5.949077803404717,5.776198619374152,5.877892257039191,228438.65,131465344.00000001
2019-02-14,000671.SZ,000671.SZ,5.888062233082468,5.979586516498257,5.8270460441386085,5.867723503434513,166369.06,96389355.0
2019-02-15,000671.SZ,000671.SZ,5.8372173754003995,5.898233584899359,5.705015588152656,5.7355236929021345,219566.52,124900777.0
2019-02-18,000671.SZ,000671.SZ,5.796537478215773,6.060940942134386,5.755860022228293,6.030432850143777,364456.12,211184289.0
2019-02-19,000671.SZ,000671.SZ,6.0812778498811495,6.254156986081784,5.959245518445408,5.979584240351364,336106.8,201768601.0
2019-02-20,000671.SZ,000671.SZ,5.97958305038435,6.152462152181176,5.918566896809,6.132123434322727,367526.56,219335232.0
2019-02-21,000671.SZ,000671.SZ,6.172799287803992,6.193138000449145,6.0304282992879195,6.030428299287919,216202.86,129447740.0
2019-02-22,000671.SZ,000671.SZ,5.99992023032019,6.0405976556104966,5.908396023417,6.030428299287919,219186.9,128555494.0
2019-02-25,000671.SZ,000671.SZ,6.10161228026813,6.437200955682877,6.081273572667237,6.396523540481089,558351.47,345919003.0
2019-02-26,000671.SZ,000671.SZ,6.45754028788199,6.803298350540239,6.45754028788199,6.518556416586388,612557.16,399452982.0
2019-02-27,000671.SZ,000671.SZ,6.498215809308658,6.9863446963928775,6.47787710568015,6.894820530064587,670695.94,447668171.0
2019-02-28,000671.SZ,000671.SZ,6.9151559224927635,7.16938959611382,6.904986575547921,6.966002657216974,413945.17,286168173.0
2019-03-01,000671.SZ,000671.SZ,7.047356726020668,7.1592195311956,6.915155228995749,7.0982034556456375,414209.45,286496689.0
2019-03-04,000671.SZ,000671.SZ,7.138881231591812,7.637179209295514,7.138881231591812,7.403284240169286,587810.82,429126756.0
2019-03-05,000671.SZ,000671.SZ,7.494808743365562,7.982937399649885,7.4134539673181745,7.921921317614346,664319.02,508142948.0
2019-03-06,000671.SZ,000671.SZ,7.962596290248202,8.135475136907486,7.525314501639425,7.91174957064253,522700.49,399301678.0
2019-03-07,000671.SZ,000671.SZ,7.789721474925169,7.789721474925169,7.433794253486028,7.5456570945097585,466767.79,348623667.0
2019-03-08,000671.SZ,000671.SZ,7.393118360793957,7.4643038195636375,7.088037823209612,7.098207174462424,432139.18,310205069.0
2019-03-11,000671.SZ,000671.SZ,7.016852712862947,7.464304190204932,6.966005954074085,7.37278002438498,399887.65,282331221.0
2019-03-12,000671.SZ,000671.SZ,7.423624782196271,7.749043950730902,7.423624782196271,7.545656970396759,373191.63,279230087.0
2019-03-13,000671.SZ,000671.SZ,7.627009509321713,7.942259235707009,7.494808011160137,7.779549699508148,550051.4,419425583.0
2019-03-14,000671.SZ,000671.SZ,7.749038053617457,7.982932903004859,7.464296497841487,7.535481886785479,331155.7,250176102.0
2019-03-15,000671.SZ,000671.SZ,7.515143053171896,8.196488905083287,7.372772278145636,8.094795494350244,733190.51,569671094.0
2019-03-18,000671.SZ,000671.SZ,8.125301328173624,8.837155011492964,8.094793313174224,8.755800304827897,728155.32,606591682.0
2019-03-19,000671.SZ,000671.SZ,8.81682051495136,9.335457015830851,8.684619053942862,8.83715920126036,705061.2,624245077.0
2019-03-20,000671.SZ,000671.SZ,8.78631227018732,8.999868471198816,8.369369211069635,8.715126869850154,610708.34,518151139.0
2019-03-21,000671.SZ,000671.SZ,8.735465063963911,8.908343883623267,8.460892820975523,8.491400847974232,493821.83,419419498.0
2019-03-22,000671.SZ,000671.SZ,8.501568606480959,8.562584649111205,8.277843116836724,8.460891244727462,346748.57,286342426.0
2019-03-25,000671.SZ,000671.SZ,8.288011137790528,8.430381881261775,8.14564039431928,8.176148410777403,334078.68,271990879.0
2019-03-26,000671.SZ,000671.SZ,8.237161036644553,8.379531721228533,8.043943678994866,8.064282348221148,277012.75,223442029.0
2019-03-27,000671.SZ,000671.SZ,8.155804432930168,8.247328422825893,7.921909792085537,8.135465768508896,370435.56,295366321.0
2019-03-28,000671.SZ,000671.SZ,8.084619107455715,8.206651093983348,7.952417788717446,8.003264449770626,303833.68,241341807.0
2019-03-29,000671.SZ,000671.SZ,8.06427964143531,8.562576870225133,7.952416998237594,8.491391551826586,535414.8,436995684.0
2019-04-01,000671.SZ,000671.SZ,8.430373802004507,8.89816293938956,8.430373802004507,8.511728434593211,895861.76,765331053.0
2019-04-02,000671.SZ,000671.SZ,8.593087037992861,8.66427237440227,8.399869696310182,8.450716365174046,335241.71,280323878.0
2019-04-03,000671.SZ,000671.SZ,8.410038122524785,8.55240877997986,8.176143470991446,8.481223451252323,360949.59,298477395.0
2019-04-04,000671.SZ,000671.SZ,8.501565269909724,8.542242615698767,8.226993185833692,8.38970256898986,391379.35,322364118.0
2019-04-08,000671.SZ,000671.SZ,8.440547688161486,8.532071699237935,8.135467651239985,8.237160996880485,355546.7,290397533.0
2019-04-09,000671.SZ,000671.SZ,8.399872442399676,8.847323274682468,8.399872442399676,8.572751173054392,559465.16,474321015.0
2019-04-10,000671.SZ,000671.SZ,8.542239633444558,8.71511829269284,8.308344976814528,8.420207638681063,336349.38,280657963.0
2019-04-11,000671.SZ,000671.SZ,8.491391751405276,8.53206907716051,8.155803813924587,8.226989133996248,305061.74,248041587.0
2019-04-12,000671.SZ,000671.SZ,8.22699129292588,8.277837963463124,7.860895265057734,7.982927274347115,374038.25,295669738.0
2019-04-15,000671.SZ,000671.SZ,8.135468661265406,8.21682334787806,7.799880578988208,7.820219250641372,476156.29,374817189.0
2019-04-16,000671.SZ,000671.SZ,7.749032192441051,7.7998788603704545,7.464290852036393,7.7998788603704545,582385.52,436521283.0
2019-04-17,000671.SZ,000671.SZ,7.799882807046843,7.8202214845098075,7.5151413225653405,7.637173387343127,563874.64,422958324.0
2019-04-18,000671.SZ,000671.SZ,7.667680517630162,7.728696542969393,7.565987142064775,7.657511180073623,242643.01,182358821.0
2019-04-19,000671.SZ,000671.SZ,7.657511180073623,7.749035218082471,7.545648466951698,7.657511180073623,290275.4,217493602.0
2019-04-22,000671.SZ,000671.SZ,7.464292916136808,7.525308934524848,7.179551496992624,7.230398178982657,545576.24,391545077.0
2019-04-23,000671.SZ,000671.SZ,7.3320924248646415,7.342261762485813,7.189721698168241,7.271076399137613,337176.59,240809771.0
2019-04-24,000671.SZ,000671.SZ,7.321926001696095,7.321926001696095,7.199893901667826,7.281248635020006,254228.1,181505497.0
2019-04-25,000671.SZ,000671.SZ,7.301590072099553,7.474468945672941,7.027017743482997,7.118541853021848,357735.21,256422466.0
2019-04-26,000671.SZ,000671.SZ,7.118542883201567,7.149050924129574,6.935494637633527,7.027018760417547,353560.82,245011743.0
2019-04-29,000671.SZ,000671.SZ,7.027017667325739,7.10837243047857,6.833800104837766,6.864308141020079,283926.64,194088132.0
2019-04-30,000671.SZ,000671.SZ,6.884644567121828,7.02701535580677,6.884644567121828,6.955829961464299,174811.64,119469528.0
2019-05-06,000671.SZ,000671.SZ,6.640583173889946,6.803292715669792,6.304994743969014,6.427026900303899,394748.12,255450914.0
2019-05-07,000671.SZ,000671.SZ,6.508378778579746,6.884644426716386,6.488040094896684,6.772781666459547,563032.92,370824149.0
2019-05-08,000671.SZ,000671.SZ,6.691430232431168,7.027018678738506,6.610075457568783,6.803293047866947,333014.13,224446472.0
2019-05-09,000671.SZ,000671.SZ,6.772782204402527,6.945661029439829,6.610072722014478,6.610072722014478,266000.7,176453502.0
2019-05-10,000671.SZ,000671.SZ,6.732101850598055,6.935488613456003,6.579561778454594,6.884641922741515,351575.03,235846815.0
2019-05-13,000671.SZ,000671.SZ,6.793115751611163,7.047349125548706,6.742269076823654,6.915147771101183,261103.07,177075427.0
2019-05-14,000671.SZ,000671.SZ,6.823620870358816,6.88463685429645,6.721927563796092,6.732096894452364,208380.77,139257720.0
2019-05-15,000671.SZ,000671.SZ,6.81345314522868,6.935485141859641,6.782945146070939,6.9049771427019,226488.1,153243646.0
2019-05-16,000671.SZ,000671.SZ,6.904976812941775,7.037178136311794,6.874468815241001,7.02700880374487,196597.11,134793783.0
2019-05-17,000671.SZ,000671.SZ,7.0371749480820585,7.108360243799652,6.772772421130998,6.823619060929278,262708.72,179030285.0
2019-05-20,000671.SZ,000671.SZ,6.793110701970558,6.793110701970558,6.538877517016569,6.630401463600005,279659.24,181810256.0
2019-05-21,000671.SZ,000671.SZ,6.660906449397529,6.762599677632607,6.589721189632976,6.691414417868052,180015.08,118049669.0
2019-05-22,000671.SZ,000671.SZ,6.6914146020354215,6.701583925138818,6.5795520478980505,6.6507373096218325,165234.68,107750193.0
2019-05-23,000671.SZ,000671.SZ,6.610060643754217,6.630399291888845,6.427012810542562,6.437182134609876,145519.99,92960507.0
2019-05-24,000671.SZ,000671.SZ,6.457521605557637,6.498198907009968,6.264304423659062,6.304981725111394,196357.17,122643475.0
2019-05-27,000671.SZ,000671.SZ,6.304982124793279,6.427014036886052,6.254135494754624,6.41684471087832,223446.16,139280409.0
2019-05-28,000671.SZ,000671.SZ,6.437186108611803,6.528710081720027,6.39650878723037,6.437186108611804,200169.61,127370666.0
2019-05-29,000671.SZ,000671.SZ,6.467985801037762,6.467985801037762,6.334519427365554,6.334519427365554,172391.56,107177363.0
2019-05-30,000671.SZ,000671.SZ,6.375589050804979,6.385855699840091,6.221589315278288,6.272922560453852,178131.88,108718390.0
2019-05-31,000671.SZ,000671.SZ,6.272922763790078,6.396122556204941,6.272922763790078,6.334522659997509,174203.92,107772744.0
2019-06-03,000671.SZ,000671.SZ,6.385853898041303,6.406387190317963,6.1907876214130315,6.201054267551362,281113.64,171872252.0
2019-06-04,000671.SZ,000671.SZ,6.242121992796817,6.252388640811286,6.02652238449298,6.067588976550854,283100.37,168823394.0
2019-06-05,000671.SZ,000671.SZ,6.159986065406313,6.519318585888347,6.139452778521625,6.385852221137877,608560.0,375489771.0
2019-06-06,000671.SZ,000671.SZ,6.334521918011573,6.396121807003582,6.2010554918622205,6.293455325350233,353189.11,216827012.0
2019-06-10,000671.SZ,000671.SZ,6.3345202091637995,6.704119443409986,6.29345362758089,6.621986280244166,426327.54,273255547.0
2019-06-11,000671.SZ,000671.SZ,6.632253075690865,6.950519090159001,6.632253075690865,6.80678605136694,373635.0,248586312.0
2019-06-12,000671.SZ,000671.SZ,6.817049902106471,6.9094496748759875,6.724650129336956,6.786249977849966,189667.73,125459847.0
2019-06-13,000671.SZ,000671.SZ,6.765715741661307,6.827315581494339,6.663049341939588,6.7759823816334785,147860.64,97057794.0
2019-06-14,000671.SZ,000671.SZ,6.817051013573515,6.950517373779021,6.7041179395534725,6.755451155017129,242079.12,160864866.0
2019-06-17,000671.SZ,000671.SZ,6.73492113424639,6.960787391797337,6.65278794968241,6.77598772652838,218409.14,144946073.0
2019-06-18,000671.SZ,000671.SZ,6.7965193624505,6.827319299138342,6.663052970136517,6.724652843512201,174423.57,114262187.0
2019-06-19,000671.SZ,000671.SZ,6.91971610749723,6.960782671933416,6.724649926425349,6.745183208643443,260697.04,173169904.0
2019-06-20,000671.SZ,000671.SZ,6.755448596887162,6.940248102577084,6.704115400862183,6.919714824167093,250159.93,167104294.0
2019-06-21,000671.SZ,000671.SZ,6.888918231518577,6.929984808159522,6.755451857435505,6.806785078236686,310539.88,206235816.0
2019-06-24,000671.SZ,000671.SZ,6.796519199450146,6.837585780715706,6.6835861009698565,6.837585780715706,229140.77,150896950.0
2019-06-25,000671.SZ,000671.SZ,6.796519324156922,6.80678596966169,6.663052932594928,6.714386160118771,179822.93,117734829.0
2019-06-26,000671.SZ,000671.SZ,6.714387212142409,6.7554538005958795,6.652787329462203,6.683587270802306,123617.31,80720272.0
2019-06-27,000671.SZ,000671.SZ,6.683585308648245,6.7965183937406115,6.683585308648245,6.714385240946163,110427.0,72519518.0
2019-06-28,000671.SZ,000671.SZ,6.714387354734107,6.755453944059698,6.611720881420131,6.6527874707457215,98773.0,64087917.0
2019-07-01,000671.SZ,000671.SZ,6.755452031010794,7.0121181416115075,6.714385453314679,6.960784919491365,317208.52,212216090.0
2019-07-02,000671.SZ,000671.SZ,6.950515458385001,7.083981781810416,6.837582415486575,7.042915220756443,236628.2,160058786.0
2019-07-03,000671.SZ,000671.SZ,7.032645708002685,7.361178062245147,6.9299793473019164,7.289311609754607,449162.47,315588354.0
2019-07-04,000671.SZ,000671.SZ,7.23798081883314,7.710246233962678,7.227714179373803,7.463846886938572,498594.47,365227242.0
2019-07-05,000671.SZ,000671.SZ,7.422782496259937,7.453582423630309,7.2379829320376965,7.27904950186486,269341.39,191827538.0
2019-07-08,000671.SZ,000671.SZ,7.248248609459812,7.258515250549698,6.971049300032878,7.094248993111516,232890.77,161331054.0
2019-07-09,000671.SZ,000671.SZ,7.0634457639834265,7.2174453082563215,7.032645855128847,7.0634457639834265,224805.33,156104943.0
2019-07-10,000671.SZ,000671.SZ,7.094248830452478,7.155848675579416,6.96078249934411,7.0121157036165584,179623.84,123394736.0
2019-07-11,000671.SZ,000671.SZ,7.07371484765039,7.1558479663458945,6.8683820509116265,6.9402485297701935,206991.69,141134335.0
2019-07-12,000671.SZ,000671.SZ,6.960780899267548,7.012114091740022,6.888914429806084,6.909447706795073,220542.57,149176877.0
2019-07-15,000671.SZ,000671.SZ,6.85811144289708,6.878644710690185,6.478245988724637,6.69384530055224,356707.6,231314457.0
2019-07-16,000671.SZ,000671.SZ,6.817046877555063,7.125045983468696,6.7759803300999115,7.104512709741121,419803.67,284699617.0
2019-07-17,000671.SZ,000671.SZ,7.063446162285969,7.268778899561724,7.01211297796703,7.104512709741121,315574.09,218877170.0
2019-07-18,000671.SZ,000671.SZ,7.083976007615334,7.1661090627760915,7.03264284813986,7.042909480034956,181385.17,125070460.0
2019-07-19,000671.SZ,000671.SZ,7.094242385446644,7.494641015015991,7.094242385446644,7.453574488906314,453407.18,324302415.0
2019-07-22,000671.SZ,000671.SZ,7.391972789456203,7.525438964821384,7.258506614091021,7.309839758462244,343392.45,247088623.0
2019-07-23,000671.SZ,000671.SZ,7.309842862784438,7.361176028955677,7.094243564865234,7.15584336427072,304486.96,213258366.0
2019-07-24,000671.SZ,000671.SZ,7.207176833352277,7.227710100683765,7.042910694700374,7.08397722936335,305709.72,211547338.0
2019-07-25,000671.SZ,000671.SZ,7.094245319325488,7.094245319325488,6.847846060767149,7.001845597366112,298069.51,201308670.0
2019-07-26,000671.SZ,000671.SZ,6.929977942626989,7.012111014539605,6.888911406670681,6.971044478583297,225502.46,152341627.0
2019-07-29,000671.SZ,000671.SZ,6.89917985730723,7.022379497616288,6.878646583922388,6.940246404076916,142096.27,96250548.0
2019-07-30,000671.SZ,000671.SZ,6.868377601444629,7.11477679790901,6.837577701886581,7.0942435315369785,246949.09,168965077.0
2019-07-31,000671.SZ,000671.SZ,6.991579685335885,7.0018463221719145,6.745180401271184,6.786246948615301,351163.2,234057213.0
2019-08-01,000671.SZ,000671.SZ,6.755448100414152,6.806781292666539,6.611715162107468,6.72464818506272,226041.44,147521529.0
2019-08-02,000671.SZ,000671.SZ,6.57064977981655,6.683582822907147,6.5295832186926965,6.621982981221366,234800.32,151193970.0
2019-08-05,000671.SZ,000671.SZ,6.63224726406763,6.734913630384467,6.467981077960692,6.498780987855744,242663.03,156370688.0
2019-08-06,000671.SZ,000671.SZ,6.385845131231405,6.611711036194575,6.272912178749822,6.570644508019453,306672.02,192605500.0
2019-08-07,000671.SZ,000671.SZ,6.621980963779341,6.714380698157657,6.498781317941586,6.601447689473049,206229.28,132634303.00000001
2019-08-08,000671.SZ,000671.SZ,6.6322454493687,6.642512083191252,6.457712674385313,6.519312477320625,120300.78,76517831.0
2019-08-09,000671.SZ,000671.SZ,6.5603767651726725,6.5603767651726725,6.262644486315071,6.293444377231374,202217.78,125552543.0
2019-08-12,000671.SZ,000671.SZ,6.293443506754965,6.478242826692305,6.262643620098742,6.45770956892149,126416.74,78794208.0
2019-08-13,000671.SZ,000671.SZ,6.406377235558133,6.45771038648408,6.365310714817376,6.406377235558133,78276.14,48810129.0
2019-08-14,000671.SZ,000671.SZ,6.467979831532866,6.539846274105454,6.396113388960279,6.416646658266733,85310.47,53624773.0
2019-08-15,000671.SZ,000671.SZ,6.324246946387691,6.509046370145773,6.190780695895744,6.45771319687964,130956.43,81595031.0
2019-08-16,000671.SZ,000671.SZ,6.467976771523421,6.560376439688041,6.416643622543076,6.488510031115559,104526.29,66202251.00000001
2019-08-19,000671.SZ,000671.SZ,6.570645514374554,6.632245316071816,6.478245811828661,6.621978682455605,200352.51,128077241.0
2019-08-20,000671.SZ,000671.SZ,6.591175799638415,6.632242315524013,6.5295760258100195,6.580909170667016,158009.18,101299658.0
2019-08-21,000671.SZ,000671.SZ,6.59117871056779,6.6219786110844625,6.488512375512217,6.509045642523331,111917.38,71386172.0
2019-08-22,000671.SZ,000671.SZ,6.49878104579181,6.550114229407859,6.344781494943662,6.355048131666872,188788.71,118053111.0
2019-08-23,000671.SZ,000671.SZ,6.365315111057924,6.396115022885624,6.283182012850725,6.293448650126625,167247.22,103046526.0
2019-08-26,000671.SZ,000671.SZ,6.149716624453757,6.262649650946229,6.098383430593542,6.12918334690967,166355.58,99528664.0
2019-08-27,000671.SZ,000671.SZ,6.190782662782063,6.262649128187492,6.118916197376632,6.149716111121816,247917.26,149413950.0
2019-08-28,000671.SZ,000671.SZ,6.139446938476348,6.159980205829111,6.057313869065292,6.067580502741674,142135.52,84320741.0
2019-08-29,000671.SZ,000671.SZ,6.088110799514786,6.108644056848733,5.923844740843224,5.954644626844142,261831.91,152154401.0
2019-08-30,000671.SZ,000671.SZ,5.975180190387097,6.0162467209052215,5.831447333573661,5.851980598832723,199380.25,114903678.0
2019-09-02,000671.SZ,000671.SZ,5.851981406002461,5.9854476485955,5.80064823577437,5.954647746458644,357414.32,205167719.0
2019-09-03,000671.SZ,000671.SZ,5.923845170362692,5.964911688008188,5.8725120233058234,5.913578540951319,145283.33,83647553.0
2019-09-04,000671.SZ,000671.SZ,5.893046537219748,6.170245590364231,5.882779905621804,6.17024559036423,310972.13,183811538.0
2019-09-05,000671.SZ,000671.SZ,6.20104482371321,6.313977759244411,6.149711671199028,6.159978301701864,299072.1,181673691.0
2019-09-06,000671.SZ,000671.SZ,6.190776136473432,6.231842644841415,6.088109865553474,6.180509509381436,198865.86,119061893.0
2019-09-09,000671.SZ,000671.SZ,6.242112259081413,6.272912155096617,6.170245835045935,6.221578995071276,196561.01,119060926.0
2019-09-10,000671.SZ,000671.SZ,6.221576866092417,6.262643380060024,6.149710466649106,6.180510352124811,217828.17,131305517.0
2019-09-11,000671.SZ,000671.SZ,6.2010436091086145,6.221576866092417,6.118910581173401,6.180510352124811,145688.58,87409617.0
2019-09-12,000671.SZ,000671.SZ,6.211312948726157,6.447445507107482,6.201046315753056,6.303712645484066,546126.28,337561200.0
2019-09-16,000671.SZ,000671.SZ,6.303712645484067,6.344779177376471,6.2626461135916625,6.303712645484066,185397.92,113892817.0
2019-09-17,000671.SZ,000671.SZ,6.313979153221216,6.334512418760147,6.211312825526561,6.211312825526561,172104.87,105023492.0
2019-09-18,000671.SZ,000671.SZ,6.262643114716712,6.344776139172013,6.211309974432149,6.262643114716712,175581.74,107625463.0
2019-09-19,000671.SZ,000671.SZ,6.29344473853836,6.365311154802257,6.272911476748677,6.313978000328046,152528.44,93944492.0
2019-09-20,000671.SZ,000671.SZ,6.313978103161564,6.344777996347718,6.2523783167892555,6.303711472099512,115391.38,70721528.0
2019-09-23,000671.SZ,000671.SZ,6.272909208214332,6.283175835396352,6.088109918937968,6.13944305484807,141370.0,84668813.0
2019-09-24,000671.SZ,000671.SZ,6.13944134199505,6.170241214948202,6.067574971771028,6.108641469041897,138188.78,82294670.0
2019-09-25,000671.SZ,000671.SZ,6.10864392714249,6.10864392714249,5.954644500407805,5.99571101420372,142303.2,83283708.0
2019-09-26,000671.SZ,000671.SZ,6.026510981683684,6.170243781928268,5.9854444673280875,6.026510981683684,174345.63,102989331.0
2019-09-27,000671.SZ,000671.SZ,6.02651352347743,6.0573134222345555,5.9649137259631795,6.036780156396472,112450.79,65936689.0
2019-09-30,000671.SZ,000671.SZ,5.995711470328289,6.098377762628432,5.975178211868261,6.057311245708376,91104.07,53633018.0
2019-10-08,000671.SZ,000671.SZ,6.129180323788533,6.406379433909622,6.129180323788533,6.35504626536868,338793.9,208358077.0
2019-10-09,000671.SZ,000671.SZ,6.313978330692358,6.632243905084979,6.272911804964277,6.62197727365296,425404.83,270505573.0
2019-10-10,000671.SZ,000671.SZ,6.570641573673929,6.704107730639181,6.550108318756197,6.632241338427122,287989.29,185855593.0
2019-10-11,000671.SZ,000671.SZ,6.663041630207174,6.7554412830143615,6.601441861669049,6.683574886386549,242526.28,157776849.0
2019-10-14,000671.SZ,000671.SZ,6.745177396114374,6.8375770864721055,6.704110867066493,6.745177396114374,308995.71,203757220.0
2019-10-15,000671.SZ,000671.SZ,6.755444028376344,6.847843718734075,6.734910763852404,6.745177396114374,171368.25,112895039.0
2019-10-16,000671.SZ,000671.SZ,6.745177990092682,6.971043919745709,6.745177990092682,6.878644221251289,303367.05,203690568.0
2019-10-17,000671.SZ,000671.SZ,6.899179571927035,6.940246116998028,6.775979936714052,6.796513209249548,195661.96,130433925.0
2019-10-18,000671.SZ,000671.SZ,6.7965134609722595,6.919713100748192,6.601447364660366,6.652780547900339,244760.65,160060581.0
2019-10-21,000671.SZ,000671.SZ,6.6630479147452855,6.8889139457536,6.642514639199074,6.745181016930127,213046.35,140679789.0
2019-10-22,000671.SZ,000671.SZ,6.8067789487916395,6.837578853537303,6.704112599639428,6.786245678961198,117302.51,77287638.0
2019-10-23,000671.SZ,000671.SZ,6.775982160996337,6.868381917737197,6.6527824853418585,6.6733157646176045,174851.0,114944666.0
2019-10-24,000671.SZ,000671.SZ,6.775984220565382,6.919717219183437,6.693851078497923,6.7554509350485175,209785.23,138716178.0
2019-10-25,000671.SZ,000671.SZ,6.775987505891064,6.888920630989248,6.724654267210071,6.775987505891064,259995.32,171929192.0
2019-10-28,000671.SZ,000671.SZ,6.7862543656977055,6.7862543656977055,6.447454979815672,6.570654756500048,299663.06,191636858.0
2019-10-29,000671.SZ,000671.SZ,6.570651370655407,6.570651370655407,6.365318515322425,6.375585158089074,226693.78,142043036.0
2019-10-30,000671.SZ,000671.SZ,6.365317459611061,6.437183947058283,6.303717613227728,6.313984254291618,154765.22,95967498.0
2019-10-31,000671.SZ,000671.SZ,6.334517433586317,6.396117278969653,6.231851024614092,6.324250792689095,221880.34,135939623.0
2019-11-01,000671.SZ,000671.SZ,6.283187074315704,6.580919795157461,6.262653783223168,6.529586567426124,194486.38,122131457.0
2019-11-04,000671.SZ,000671.SZ,6.560388423160501,6.601455017358689,6.406388694917298,6.457721937665032,214386.86,135184834.0
2019-11-05,000671.SZ,000671.SZ,6.447457877866474,6.858123984736949,6.42692457252295,6.775990763362853,346014.82,225125492.0
2019-11-06,000671.SZ,000671.SZ,6.775987697303684,6.868387529539644,6.66305456901529,6.806787641382337,337853.46,223172478.0
2019-11-07,000671.SZ,000671.SZ,6.786255197283912,7.186654520572977,6.765721898653703,7.114787975367247,510272.72,350318007.0
2019-11-08,000671.SZ,000671.SZ,7.155854741746827,7.279054536439743,6.940255101034225,6.950521750591968,305138.72,210045155.0
2019-11-11,000671.SZ,000671.SZ,6.940252071224974,6.991585296603856,6.786252395088325,6.796519040164101,338214.49,225719204.0
2019-11-12,000671.SZ,000671.SZ,6.837588528761546,6.919721724302225,6.755455333220866,6.806788580433791,153518.52,102066266.0
2019-11-13,000671.SZ,000671.SZ,6.806791605673159,6.82732491368424,6.550125255534654,6.652791795590057,175240.21,113505373.0
2019-11-14,000671.SZ,000671.SZ,6.642527938437207,6.683594571750575,6.580927988467157,6.632261280108866,140615.18,90799858.0
2019-11-15,000671.SZ,000671.SZ,6.621993704086781,6.704126959331268,6.4885271643144895,6.519327135031172,143192.66,91700097.0
2019-11-18,000671.SZ,000671.SZ,6.467995692960387,6.888928745994317,6.426929053640003,6.847862106673934,226520.29,148698305.0
2019-11-19,000671.SZ,000671.SZ,6.85812870695443,7.0942618809962745,6.786262088767782,7.094261880996275,218962.01,149291272.0
2019-11-20,000671.SZ,000671.SZ,7.073725356725281,7.135325287262802,6.847858944754372,6.888925565112719,222945.57,150664582.0
2019-11-21,000671.SZ,000671.SZ,6.909460207235773,6.909460207235773,6.724660379999155,6.817060293617463,165516.09,109458532.0
2019-11-22,000671.SZ,000671.SZ,6.806795133004158,6.919728385587938,6.580928627836599,6.724661858397773,199169.84,130766874.0
2019-11-25,000671.SZ,000671.SZ,6.745192978546088,7.402258961235509,6.693859698648477,7.402258961235508,814051.81,573002618.0
2019-11-26,000671.SZ,000671.SZ,7.37145746337149,7.37145746337149,7.012124578666752,7.073724501758992,645176.61,449824121.0
2019-11-27,000671.SZ,000671.SZ,7.12505584364877,7.33038886507957,7.09425589043415,7.1353224947203095,340514.93,238753462.0
2019-11-28,000671.SZ,000671.SZ,7.26878564988079,7.3201188818714735,7.053186075519919,7.104519307510603,243640.26,169646146.0
2019-11-29,000671.SZ,000671.SZ,7.104519307510603,7.258519003482654,7.032652782723646,7.104519307510603,204922.01,142408938.0
2019-12-02,000671.SZ,000671.SZ,7.29958865629534,7.638388129794279,7.237988752022805,7.525454971961299,580549.94,423282735.0
2019-12-03,000671.SZ,000671.SZ,7.46385579827775,7.874521866958783,7.46385579827775,7.761588698071499,571848.81,430367287.0
2019-12-04,000671.SZ,000671.SZ,7.741055648442543,7.751322300496179,7.44332273888706,7.515189303262521,324999.06,239707912.0
2019-12-05,000671.SZ,000671.SZ,7.587059536104556,7.658926135228686,7.443326337856297,7.474126308909495,355517.17,260144740.0
2019-12-06,000671.SZ,000671.SZ,7.54599003336966,7.658923217542539,7.4433235023034054,7.545990033369659,329852.16,242286635.0
2019-12-09,000671.SZ,000671.SZ,7.669188989133086,8.09012171812165,7.669188989133086,8.038788458488899,558283.01,430784366.0
2019-12-10,000671.SZ,000671.SZ,8.038787340851218,8.151720496342104,7.874520932864475,8.04905399135039,439053.63,343563722.0
2019-12-11,000671.SZ,000671.SZ,8.131191172892656,8.244124383627275,7.977191340072719,8.059324584243353,435892.29,344697984.0
2019-12-12,000671.SZ,000671.SZ,7.966926031365705,8.059325946677935,7.751326228970499,7.895059430567304,431440.89,331765421.0
2019-12-13,000671.SZ,000671.SZ,8.049056977896305,8.233856755450047,7.741057348640069,8.00799036066214,583213.5,452342792.0
2019-12-16,000671.SZ,000671.SZ,8.007989541430389,8.038789501205121,7.823189782781997,8.028522847946878,384230.84,296435318.0
2019-12-17,000671.SZ,000671.SZ,7.946390003629098,8.377589461190366,7.895056734871805,8.120923117403898,595921.97,474511523.0
2019-12-18,000671.SZ,000671.SZ,8.120926740426633,8.264659957071352,8.049060132104273,8.100393423763101,249947.31,198097613.0
2019-12-19,000671.SZ,000671.SZ,8.049060212999349,8.203060089523571,8.0387935545644,8.172260114218727,180440.13,142740914.0
2019-12-20,000671.SZ,000671.SZ,8.19279538936608,8.613728485812207,8.182528728477148,8.418661928922537,507328.09,415651755.0
2019-12-23,000671.SZ,000671.SZ,8.408397370132423,8.644530629611111,8.213330764476115,8.213330764476115,318626.02,261496400.0
2019-12-24,000671.SZ,000671.SZ,8.213330764476115,8.326264062487661,7.925864187719451,8.028530822275403,260841.8,204155038.0
2019-12-25,000671.SZ,000671.SZ,8.07986413955338,8.090130803008973,7.956664178086236,8.028530822275403,157417.79,123029480.0
2019-12-26,000671.SZ,000671.SZ,8.151730214103525,8.572663386368315,8.141463551365359,8.52133007267749,558080.41,457072271.0
2019-12-27,000671.SZ,000671.SZ,8.521330786185988,8.706130730946647,8.418664150207842,8.582930767772874,416496.71,348892745.0
2019-12-30,000671.SZ,000671.SZ,8.654796561666029,8.829329825661665,8.521329948022306,8.767729850133792,335707.79,285631233.0
2019-12-31,000671.SZ,000671.SZ,8.829328412968893,8.849861734859518,8.644528515953265,8.726661803515766,237721.27,202048198.0
2020-01-02,000671.SZ,000671.SZ,8.93199710447214,9.09626371788772,8.685597184348772,8.808797144410455,457134.79,394337332.0
2020-01-03,000671.SZ,000671.SZ,8.79852621383751,8.808792872196713,8.439193171265384,8.552126413216623,358899.02,299598849.0
2020-01-06,000671.SZ,000671.SZ,8.4391890403377,8.521322267007653,8.26465593366405,8.305722546999025,523500.0,427593247.0
2020-01-07,000671.SZ,000671.SZ,8.367319874453216,8.623986128270799,8.336519923995105,8.449453075674842,393453.68,323728412.0
2020-01-08,000671.SZ,000671.SZ,8.367319337005718,8.367319337005718,8.079853151194477,8.151719697647287,467725.12,371778474.0
2020-01-09,000671.SZ,000671.SZ,8.29545258623141,8.439185675596805,8.223586041548712,8.336519183192951,464408.19,376353622.0
2020-01-10,000671.SZ,000671.SZ,8.264656760427691,8.326256686592368,8.090123636294434,8.151723562459113,310048.95,246623410.0
2020-01-13,000671.SZ,000671.SZ,8.151726191389963,8.233859452764168,7.98745966864155,8.213326137420617,382693.22,302641699.0
2020-01-14,000671.SZ,000671.SZ,8.233859452764168,8.305726056466598,8.049059614672204,8.172259506733514,252464.64,200839468.0
2020-01-15,000671.SZ,000671.SZ,8.110655726947643,8.192788949499011,8.038789157215195,8.07985576849088,212964.87,167651079.0
2020-01-16,000671.SZ,000671.SZ,8.131185227606002,8.161985171649965,7.987452155400845,8.007985451430153,188997.13,148413966.0
2020-01-17,000671.SZ,000671.SZ,8.090116574370665,8.244116255354879,7.9566501841843476,8.059316638173822,224207.52,176654197.0
2020-01-20,000671.SZ,000671.SZ,8.038783347375928,8.110649865168561,7.853983730194872,8.059316638173822,248161.95,192847365.0
2020-01-21,000671.SZ,000671.SZ,7.9669183843651785,7.9669183843651785,7.607585725276544,7.628119020081608,379330.31,285158302.0
2020-01-22,000671.SZ,000671.SZ,7.669184783314314,7.8950510018322735,7.617851551832961,7.812917831462106,427497.27,324606047.0
2020-01-23,000671.SZ,000671.SZ,7.73078186852119,7.853981579573321,7.289316237251056,7.361182735364799,392485.37,286830173.0
2020-02-03,000671.SZ,000671.SZ,6.621987487444937,6.75545390192057,6.621987487444937,6.621987487444937,241252.57,155900566.0
2020-02-04,000671.SZ,000671.SZ,6.498786225708325,7.114784920088261,6.4269197113639995,6.919718666867949,732742.51,483755901.0
2020-02-05,000671.SZ,000671.SZ,6.981319079761876,7.1045188282282625,6.817052748473362,6.858119331295491,355224.17,240104675.0
2020-02-06,000671.SZ,000671.SZ,6.919718797285663,7.042918538483628,6.693852605089394,6.960785377684984,411868.48,276215186.0
2020-02-07,000671.SZ,000671.SZ,6.919719088642244,6.940252379706465,6.755452760128482,6.827319278853253,303731.09,201405431.0
2020-02-10,000671.SZ,000671.SZ,6.775985300529551,7.042918054792837,6.704118789766359,6.95051825524016,365274.95,244574177.0
2020-02-11,000671.SZ,000671.SZ,6.950519380750217,7.340651930925268,6.950519380750217,7.227718824295648,494731.3,348025440.0
2020-02-12,000671.SZ,000671.SZ,7.145585655837743,7.207185532181171,7.063452487379838,7.114785717666028,277629.28,192283808.0
2020-02-13,000671.SZ,000671.SZ,7.340651735037086,7.545984650702458,7.268785214554205,7.309851797687279,595210.22,429697889.0
2020-02-14,000671.SZ,000671.SZ,7.289320632171973,8.028519344166877,7.248254037061145,7.884786261278979,744716.4,561479611.0
2020-02-17,000671.SZ,000671.SZ,8.11065051461514,8.11065051461514,7.730784604436962,7.915584236415534,482225.81,369768969.0
2020-02-18,000671.SZ,000671.SZ,7.823185486758069,7.915585315341826,7.61785253434972,7.8334521343784855,402151.9,303528542.0
2020-02-19,000671.SZ,000671.SZ,7.751320127244126,7.925853163221808,7.741053478068968,7.864253268170861,269600.07,205884993.0
2020-02-20,000671.SZ,000671.SZ,7.7923840493965395,7.987450316772739,7.638384364625858,7.956650379818602,453245.61,344446213.0
2020-02-21,000671.SZ,000671.SZ,7.884787267911551,7.915587218176831,7.669187616054594,7.720520866496726,310678.86,234699095.0
2020-02-24,000671.SZ,000671.SZ,7.669190621124027,7.669190621124027,7.361190997785712,7.545990771788701,410422.13,299240742.0
2020-02-25,000671.SZ,000671.SZ,7.422789340075466,8.161988278506218,7.381722732384869,7.946388588130581,669629.68,514994150.0
2020-02-26,000671.SZ,000671.SZ,7.853990914459499,8.500790166238515,7.823190950089069,8.233857141694793,613929.84,494996654.0
2020-02-27,000671.SZ,000671.SZ,8.244125828708592,8.305725772634185,7.997726053006218,8.079859311573676,335922.18,266059039.0
2020-02-28,000671.SZ,000671.SZ,7.8847922613858366,8.469991687035566,7.812925665253414,8.22359192886726,546533.05,437174499.0
2020-03-02,000671.SZ,000671.SZ,8.223590697851046,8.552123659562948,8.223590697851046,8.367323868600003,554012.89,454735065.0
2020-03-03,000671.SZ,000671.SZ,8.398122992897031,8.480256225101403,8.01825679395181,8.203056566411648,446981.9,354885121.0
2020-03-04,000671.SZ,000671.SZ,8.151720797072942,8.603453435701669,8.069587590049537,8.57265348306789,614244.18,502603415.0
2020-03-05,000671.SZ,000671.SZ,8.326252310832594,8.726651620478059,8.29545236393679,8.541851939103228,470063.02,390803768.0
2020-03-06,000671.SZ,000671.SZ,8.387855568173958,8.449455486667281,8.161989200365113,8.192789159611774,317632.64,255271536.0
2020-03-09,000671.SZ,000671.SZ,8.007991472773547,8.007991472773547,7.648658522072171,7.71025845647812,528057.64,400689845.0
2020-03-10,000671.SZ,000671.SZ,7.710261658109752,7.966928158046827,7.556261758147507,7.812928258084583,354246.49,267469461.0
2020-03-11,000671.SZ,000671.SZ,7.853997073843372,7.864263736684997,7.587063839961113,7.597330502802739,272364.47,204692193.0
2020-03-12,000671.SZ,000671.SZ,7.535727208787695,7.720527058594478,7.433060625561706,7.463860600529501,271791.91,199161100.0
2020-03-13,000671.SZ,000671.SZ,7.001859097704333,7.4125253204435895,6.919725853156482,7.3098587647587765,296758.0,207385891.0
2020-03-16,000671.SZ,000671.SZ,7.350924361322184,7.381724323729959,6.919724887613341,7.063458045516287,332040.67,231571376.0
2020-03-17,000671.SZ,000671.SZ,7.083992165706915,7.227725340083578,6.72465922976526,7.166125408207866,346309.03,236128716.0
2020-03-18,000671.SZ,000671.SZ,7.17639163379641,7.320124799566295,6.796525409975999,6.858125338163092,250081.61,171818955.0
2020-03-19,000671.SZ,000671.SZ,6.786259810683866,6.919726342512747,6.457726809258928,6.601459997382338,408063.57,263236824.00000003
2020-03-20,000671.SZ,000671.SZ,6.693860682156905,6.899193831916319,6.6527940522050235,6.88892717442835,266049.26,175950832.0
2020-03-23,000671.SZ,000671.SZ,6.5706604720332,6.663060384921167,6.467993902157681,6.529593844082993,237882.33,152466249.0
2020-03-24,000671.SZ,000671.SZ,6.642527441691761,6.7143940446157835,6.4269276329196945,6.621994126570613,316927.75,202685735.0
2020-03-25,000671.SZ,000671.SZ,6.765730191859292,7.207196653543585,6.704130220461484,7.166130005945046,463002.37,313398767.0
2020-03-26,000671.SZ,000671.SZ,7.063463222203198,7.186663162125346,6.929996620620869,7.042929898882839,281984.58,193171239.0
2020-03-27,000671.SZ,000671.SZ,7.176397945923753,7.504931185222122,7.053197981186865,7.237997928292198,416501.44,295268337.0
2020-03-30,000671.SZ,000671.SZ,7.176395135586096,7.422794968567593,7.094261857925597,7.340661690907094,356037.31,254106348.0
2020-03-31,000671.SZ,000671.SZ,7.41252544565167,7.4843920358449685,7.042925838943276,7.176392363587975,235186.62,165635953.0
2020-04-01,000671.SZ,000671.SZ,7.1763901267903565,7.391989830170324,7.104523558997033,7.114790211538936,157565.32,110819536.0
2020-04-02,000671.SZ,000671.SZ,7.053190176233214,7.258523223576248,7.022390219131759,7.2379899188419445,141659.05,98806516.0
2020-04-03,000671.SZ,000671.SZ,7.279054763061465,7.330388012448358,7.083988415391271,7.1969215640424355,134140.75,93943181.0
2020-04-07,000671.SZ,000671.SZ,7.34065609943982,7.40225601076379,7.2174562767918795,7.2893228400031775,214065.38,151929323.0
2020-04-08,000671.SZ,000671.SZ,7.196921545865357,7.279054744676945,7.125054996905219,7.248254795122599,134875.51,94539665.0
2020-04-09,000671.SZ,000671.SZ,7.24825285530189,7.289319443717198,7.1250530900559665,7.135319737159794,120649.53,84386850.0
2020-04-10,000671.SZ,000671.SZ,7.17638700259268,7.289320131388845,7.032653929579378,7.073720521868893,128773.79,89762576.0
2020-04-13,000671.SZ,000671.SZ,7.001856163495798,7.279055747681115,7.001856163495798,7.227722491350501,165439.33,115872013.0
2020-04-14,000671.SZ,000671.SZ,7.227723758677183,7.5459900037325705,7.186657146411973,7.494656738401057,234265.8,169580804.0
2020-04-15,000671.SZ,000671.SZ,7.453586566837189,7.515186455819315,7.2893201962181875,7.309853492545563,95161.35,68219603.0
2020-04-16,000671.SZ,000671.SZ,7.309856966535343,7.3919901908784365,7.217457089149363,7.258523701320909,106256.24,75350524.0
2020-04-17,000671.SZ,000671.SZ,7.279059116388037,7.4022589885977075,7.2379924923181465,7.299592428422982,129590.88,92472582.0
2020-04-20,000671.SZ,000671.SZ,7.30986250203691,7.30986250203691,7.073729303235155,7.1147959465050254,210781.83,146362953.0
2020-04-21,000671.SZ,000671.SZ,7.0737294704133955,7.145596097834142,6.878662910271372,6.950529537692118,188429.14,127598206.0
2020-04-22,000671.SZ,000671.SZ,6.950532819320431,7.032666146579757,6.796532830709197,7.001866148857511,155840.71,104753381.0
2020-04-23,000671.SZ,000671.SZ,7.0121296593051605,7.186662901191234,6.909463046431001,6.981329675442912,193938.7,132789916.99999999
2020-04-24,000671.SZ,000671.SZ,7.001864680146992,7.001864680146992,6.796531405069368,6.837598060084893,147912.17,98804807.0
2020-04-27,000671.SZ,000671.SZ,6.878664613345023,7.104531212589189,6.847864622539001,6.9402645949570685,193971.71,132341628.99999999
2020-04-28,000671.SZ,000671.SZ,6.971067272421559,7.0942672831270945,6.79653392392205,7.032667277774327,291444.7,197877259.0
2020-04-29,000671.SZ,000671.SZ,7.0531988925990845,7.207198868420025,6.971065572161249,7.155865543146377,205966.14,142614427.0
2020-04-30,000671.SZ,000671.SZ,7.217462363572152,7.217462363572152,7.104529097570311,7.176395721389665,179928.57,125420458.0
2020-05-06,000671.SZ,000671.SZ,7.063462434794639,7.114795737373089,6.95052916912205,7.042929113763259,249186.44,170020345.0
2020-05-07,000671.SZ,000671.SZ,7.012127072273208,7.083993674770885,6.827327237279186,6.919727154776198,252480.7,171088516.0
2020-05-08,000671.SZ,000671.SZ,6.919728017234945,7.155861169158392,6.847861405779982,7.08399455770343,363359.17,247965728.0
2020-05-11,000671.SZ,000671.SZ,7.053197490933767,7.371464044382015,7.032664164904848,7.217464099165121,410875.6,289503460.0
2020-05-12,000671.SZ,000671.SZ,7.299594428190153,7.309861087020237,7.032661298607953,7.053194616268122,281174.5,194120322.0
2020-05-13,000671.SZ,000671.SZ,7.012125200628818,7.114791748222212,6.940258617313441,7.042925164906836,176525.78,120746352.0
2020-05-14,000671.SZ,000671.SZ,7.042923095916952,7.042923095916952,6.8991899715104825,6.9197232749971205,152271.94,102996903.0
2020-05-15,000671.SZ,000671.SZ,6.940259077802347,7.001859010445564,6.8683924897185955,6.899192456040203,172397.43,116466437.0
2020-05-18,000671.SZ,000671.SZ,6.940259393717412,7.289325694584855,6.888926114178082,7.2174591032297934,446050.16,311543078.0
2020-05-19,000671.SZ,000671.SZ,7.268794052910727,7.27906071117755,7.04292757104062,7.104527520641558,257148.17,178388638.0
2020-05-20,000671.SZ,000671.SZ,7.083995122210254,7.09426178180766,6.940261887846567,6.971061866638786,169057.85,115092084.0
2020-05-21,000671.SZ,000671.SZ,6.971058427444305,7.001858391041261,6.899191845718075,6.950525118379668,114665.95,77683648.0
2020-05-22,000671.SZ,000671.SZ,6.950526569937505,6.950526569937505,6.714393466379806,6.734926779732649,205936.07,136769318.0
2020-05-25,000671.SZ,000671.SZ,6.755461571484055,6.878661478562791,6.663061641175003,6.755461571484055,160274.56,105679666.0
2020-05-26,000671.SZ,000671.SZ,6.78626118142879,6.8375944732701575,6.621994647536414,6.837594473270157,323700.0,211863920.0
2020-05-27,000671.SZ,000671.SZ,6.8170611361232485,7.022394302873948,6.775994502773108,6.858127769473388,260760.87,175634461.0
2020-05-28,000671.SZ,000671.SZ,6.868394635002309,7.02239451471088,6.765728048529927,6.80679468311888,200577.91,134370265.0
2020-05-29,000671.SZ,000671.SZ,6.796528987923996,6.8067956480266005,6.652795746487538,6.663062406590141,236888.79,154906470.0
2020-06-01,000671.SZ,000671.SZ,6.693862585824027,6.929995775201255,6.693862585824027,6.909462454385845,255706.8,170188752.0
2020-06-02,000671.SZ,000671.SZ,6.9402630181490785,7.104529598460299,6.899196373071273,7.094262937190848,313747.96,214542926.0
2020-06-03,000671.SZ,000671.SZ,7.104531364205959,7.3201313044492045,7.012131389815998,7.022398053637105,242191.48,168820055.0
2020-06-04,000671.SZ,000671.SZ,7.083997619244275,7.094264282460571,6.929997670999834,6.9710643238650185,193095.98,131333159.00000001
2020-06-05,000671.SZ,000671.SZ,7.012131091001966,7.02239775438557,6.88893113039871,6.929997783933129,173073.45,116969125.0
2020-06-08,000671.SZ,000671.SZ,7.012129046648878,7.0839956693817365,6.9299957635256115,7.0429290278201035,271306.8,185664589.0
2020-06-09,000671.SZ,000671.SZ,7.073732214921142,7.073732214921142,6.981332229530301,7.022398889704007,133893.78,91563885.0
2020-06-10,000671.SZ,000671.SZ,7.032665056859607,7.042931721176192,6.940265078010357,6.960798406643525,108108.65,73413746.0
2020-06-11,000671.SZ,000671.SZ,6.95053255635318,7.012132549467094,6.8067992390873835,6.8375992356443405,170357.63,114320549.0
2020-06-12,000671.SZ,000671.SZ,6.795261824861522,6.95402962450782,6.763508264932263,6.92227606457856,141425.6,91747396.0
2020-06-15,000671.SZ,000671.SZ,6.9328627671222,7.028123476899451,6.858771103962115,6.858771103962116,132990.37,87066930.0
2020-06-16,000671.SZ,000671.SZ,6.901110297986875,6.985786497962174,6.848187673002313,6.901110297986874,136408.09,88954764.0
2020-06-17,000671.SZ,000671.SZ,6.890527140412131,6.890527140412131,6.795266396535466,6.827019977827688,126191.51,81392410.0
2020-06-18,000671.SZ,000671.SZ,6.837606846570474,7.049297461015381,6.827022315848229,6.954036684515172,208983.84,137334836.0
2020-06-19,000671.SZ,000671.SZ,7.017542401544018,7.017542401544018,6.869359002416393,6.98578881601667,162672.89,106816464.0
2020-06-22,000671.SZ,000671.SZ,6.943449416155999,6.975202995803054,6.827019624116798,6.858773203763854,200541.42,130469519.0
2020-06-23,000671.SZ,000671.SZ,6.879942599254041,6.879942599254041,6.7423437472689605,6.805850909723612,268758.82,172688850.0
2020-06-24,000671.SZ,000671.SZ,6.827021774700581,6.964620663182918,6.76351459540104,6.943451603416404,309102.04,201733389.0
2020-06-29,000671.SZ,000671.SZ,6.901112094980034,6.901112094980034,6.5941607901419665,6.731759650931445,470135.42,297436154.0
2020-06-30,000671.SZ,000671.SZ,6.752926363149957,6.752926363149957,6.63649659826806,6.710588266829267,358218.03,226371727.0
2020-07-01,000671.SZ,000671.SZ,6.763510363227851,7.377412712315825,6.710587746927163,7.377412712315825,1086014.26,737521681.0
2020-07-02,000671.SZ,000671.SZ,7.5150088869997065,8.001896786720815,7.483255328322244,7.77962187597857,1051345.84,766784973.0
2020-07-03,000671.SZ,000671.SZ,7.747868421159933,8.033650453087963,7.694945822654741,7.8960516969744665,574171.94,425254153.0
2020-07-06,000671.SZ,000671.SZ,8.0548179872965,8.414691589882677,8.033648951850253,8.382938036713307,769203.4,599261014.0
2020-07-07,000671.SZ,000671.SZ,8.457030016860628,8.605213271223644,8.033649290109157,8.044233808277943,705530.02,544156452.0
2020-07-08,000671.SZ,000671.SZ,8.097158513261927,8.128912076059033,7.9278061783440315,8.107743034194296,466224.57,353826685.0
2020-07-09,000671.SZ,000671.SZ,8.11833148163803,8.160669585844749,7.906640960604444,8.097162429534674,583008.07,442566446.0
2020-07-10,000671.SZ,000671.SZ,8.044236053982443,8.10774318072441,7.8007920681382386,7.843130152632883,487352.86,366123665.0
2020-07-13,000671.SZ,000671.SZ,7.811379395493702,7.970147269385851,7.663196046527697,7.896055594902848,500785.58,370104550.0
2020-07-14,000671.SZ,000671.SZ,7.927811650492311,7.991318819922156,7.663198444534624,7.779628255156005,342126.24,252335301.0
2020-07-15,000671.SZ,000671.SZ,7.88547556931151,7.9913208789666985,7.578524171311465,7.599693233242503,410209.38,299958029.0
2020-07-16,000671.SZ,000671.SZ,7.599695813053501,7.747879296873486,7.472681398350656,7.4832659329092275,387390.33,278857441.0
2020-07-17,000671.SZ,000671.SZ,7.504432400488901,7.980736290505827,7.335079906260661,7.938398166948767,614565.22,442851551.0
2020-07-20,000671.SZ,000671.SZ,7.758461141831262,7.874890981613177,7.546770524045961,7.843137388945381,817162.6,596432028.0
2020-07-21,000671.SZ,000671.SZ,7.832555950136818,7.874894090407828,7.599696178646264,7.694956994256036,419259.38,304494413.0
2020-07-22,000671.SZ,000671.SZ,7.6420310800495415,7.811383569358119,7.546770304813467,7.642031080049542,392539.82,284022582.0
2020-07-23,000671.SZ,000671.SZ,7.536183191006531,7.578521298821174,7.356246232794296,7.472676029284565,339647.36,239093931.0
2020-07-24,000671.SZ,000671.SZ,7.483259611436321,7.578520341992086,7.271569099090172,7.377414355263245,338350.34,236857053.0
2020-07-27,000671.SZ,000671.SZ,7.398580717085791,7.409165238855584,7.155136716380535,7.250397412308677,264134.12,179978031.0
2020-07-28,000671.SZ,000671.SZ,7.250395643919064,7.430332470118516,7.218642086354456,7.377409874177501,243024.02,167699374.0
2020-07-29,000671.SZ,000671.SZ,7.366826227238234,7.462086911211142,7.313903625031063,7.419748829445405,179697.09,125441738.0
2020-07-30,000671.SZ,000671.SZ,7.440916878205891,7.440916878205891,7.260980054693088,7.303318130813748,239311.66,165484761.0
2020-07-31,000671.SZ,000671.SZ,7.303319395457581,7.430333645813364,7.229227749416706,7.335072958046527,213505.36,147559672.0
2020-08-03,000671.SZ,000671.SZ,7.409164519532027,7.493840685469536,7.335072874336706,7.4197490402742154,335064.09,234213493.0
2020-08-04,000671.SZ,000671.SZ,7.451501116416104,7.536177265466287,7.260979781053193,7.483254672309922,462121.51,323854025.0
2020-08-05,000671.SZ,000671.SZ,7.440919694582491,7.440919694582491,7.271567326000244,7.324489941182195,303596.47,209758133.0
2020-08-06,000671.SZ,000671.SZ,7.33507573988371,7.398582889146772,7.239815015989116,7.303322165252179,250701.89,172567835.0
2020-08-07,000671.SZ,000671.SZ,7.282149996111705,7.29273451645489,7.133966711307107,7.165720272336663,296932.51,201948181.0
2020-08-10,000671.SZ,000671.SZ,7.1868904959273605,7.747870166448937,7.133967885500797,7.652609467681123,832470.53,586831146.0
2020-08-11,000671.SZ,000671.SZ,7.58910448015226,7.631442580459944,7.377413978613843,7.377413978613842,380614.66,269975235.0
2020-08-12,000671.SZ,000671.SZ,7.409169298414556,7.4938455189678645,7.271570440015428,7.462091936260373,269610.09,188716298.0
2020-08-13,000671.SZ,000671.SZ,7.409169298414556,7.557352684382846,7.345662132999574,7.462091936260373,164090.93,115677918.0
2020-08-14,000671.SZ,000671.SZ,7.4091693491622905,7.779627816620405,7.3668312385956485,7.726705178412103,496753.28,360003457.0
2020-08-17,000671.SZ,000671.SZ,7.7267024709412855,7.980731045328397,7.673779851277304,7.853716758134841,492927.87,366467518.0
2020-08-18,000671.SZ,000671.SZ,7.832547710269249,7.917223901731619,7.779625090605267,7.853716758134841,349845.58,259234265.0
2020-08-19,000671.SZ,000671.SZ,7.853720311757684,8.075995414920637,7.673783323482913,7.906642955367912,397390.81,295399882.0
2020-08-20,000671.SZ,000671.SZ,7.938399014323344,8.044244334514321,7.843138226151464,7.917229950285149,444821.95,332634434.0
2020-08-21,000671.SZ,000671.SZ,7.927818332647979,7.970156481286954,7.705543052293363,7.75846573809208,268923.42,198163019.0
2020-08-24,000671.SZ,000671.SZ,7.7478781559608425,7.811385353960521,7.567941094961752,7.5679410949617525,338438.49,244958125.0
2020-08-25,000671.SZ,000671.SZ,7.620866868330668,7.821973077356061,7.483267883208032,7.525606032476536,293254.59,211117523.0
2020-08-26,000671.SZ,000671.SZ,7.557356380776187,7.578525446268557,7.324496660360114,7.37741932409104,264823.56,186499980.0
2020-08-27,000671.SZ,000671.SZ,7.419760732580153,7.4620988822667735,7.313915358363603,7.356253508050224,222362.83,154570638.0
2020-08-28,000671.SZ,000671.SZ,7.366837785343416,7.5467749151578385,7.345668711247603,7.4938522299183035,216813.1,153029016.0
2020-08-31,000671.SZ,000671.SZ,7.472685318130806,7.821975141782812,7.419762617577472,7.462100778020139,519322.47,375435676.0
2020-09-01,000671.SZ,000671.SZ,7.493854075341174,7.50443861499561,7.313916901215751,7.366839599487934,284738.0,198867818.0
2020-09-02,000671.SZ,000671.SZ,7.3880061421414664,7.440928822242767,7.292745317959126,7.398590678161727,270916.93,188201884.0
2020-09-03,000671.SZ,000671.SZ,7.356249079840366,7.451509859291537,7.239819238288936,7.303326424589717,382566.37,264541166.00000003
2020-09-04,000671.SZ,000671.SZ,7.229237945768805,7.409175054228644,7.21865340997705,7.324498767894602,218645.08,150857674.0
2020-09-07,000671.SZ,000671.SZ,7.324495859480493,7.440925706957785,7.239819606769736,7.250404138358581,242065.73,167927178.0
2020-09-08,000671.SZ,000671.SZ,7.260985281486046,7.419753181226994,7.133970961693287,7.144555488342683,732676.14,502296397.0
2020-09-09,000671.SZ,000671.SZ,7.1763107585386345,7.864305152793813,7.144557171111472,7.864305152793814,1471598.52,1064201490.0
2020-09-10,000671.SZ,000671.SZ,8.467621531252354,8.647558488791466,8.26651551988511,8.647558488791466,1010656.88,816478252.0
2020-09-11,000671.SZ,000671.SZ,8.36177335738227,8.774569763632787,7.7796245793366685,8.28768169472192,2094933.56,1649612134.0
2020-09-14,000671.SZ,000671.SZ,8.372356260513847,8.42527886645894,8.033651582465247,8.150081315544453,1028315.64,799540445.0
2020-09-15,000671.SZ,000671.SZ,8.150079806270135,8.255924998559358,7.906635864004923,8.001896537065223,641873.65,487463660.0
2020-09-16,000671.SZ,000671.SZ,8.023067113361614,8.573462218763732,7.948975464557484,8.39352535738227,796226.6,627958860.0
2020-09-17,000671.SZ,000671.SZ,8.351183392327393,8.594627268149356,8.17124661454594,8.224169196246367,451548.05,355575775.0
2020-09-18,000671.SZ,000671.SZ,8.25592263001897,8.573458115788931,8.181831016672648,8.340598759557627,653120.43,516012283.0
2020-09-21,000671.SZ,000671.SZ,8.298260735466048,8.880409128897977,8.266507186733396,8.636965255280987,716516.54,587712448.0
2020-09-22,000671.SZ,000671.SZ,8.58404112505972,8.626379182396638,8.340597295372454,8.446442438714744,337677.14,270758323.0
2020-09-23,000671.SZ,000671.SZ,8.425273345484804,8.488780431003534,8.234752088928616,8.287674660194224,275804.55,217048509.0
2020-09-24,000671.SZ,000671.SZ,8.298256154923719,8.298256154923719,8.02305888447982,8.08656594688995,289245.48,222447154.0
2020-09-25,000671.SZ,000671.SZ,8.086566033842272,8.160657607450775,7.779615228892761,7.874875823532265,368042.49,275765899.0
2020-09-28,000671.SZ,000671.SZ,7.97013917540815,8.075984317179838,7.726695349333266,7.832540491104955,339186.43,251608735.0
2020-09-29,000671.SZ,000671.SZ,7.8325422125424256,7.9278028610733475,7.67377446499089,7.705528014501197,493176.2,361245372.0
2020-09-30,000671.SZ,000671.SZ,7.747867013226589,7.779620566559484,7.5996837643397415,7.737282495448957,276946.36,200807612.0
2020-10-09,000671.SZ,000671.SZ,7.726696417160093,7.800788026639711,7.46208352616146,7.546759651281022,524474.04,374299891.0
2020-10-12,000671.SZ,000671.SZ,7.546758185890798,7.673772348907193,7.4726665907979015,7.631434294568396,480255.21,344630671.0
2020-10-13,000671.SZ,000671.SZ,7.5996781601030285,7.6102626700753175,7.46207953046328,7.536171100269298,318844.4,226345202.0
2020-10-14,000671.SZ,000671.SZ,7.515001824857229,7.515001824857229,7.419741238344954,7.472663786407329,255259.05,180093083.0
2020-10-15,000671.SZ,000671.SZ,7.48324715932386,7.620845763384978,7.462078143314457,7.525585191342666,320249.08,228408714.0
2020-10-16,000671.SZ,000671.SZ,7.493835192595854,7.599680322434778,7.440912627676392,7.5150042185636385,273828.64,194288841.0
2020-10-19,000671.SZ,000671.SZ,7.5150015835691715,7.769029806112354,7.462079037206008,7.5467551113870694,381316.35,274147626.0
2020-10-20,000671.SZ,000671.SZ,7.546752244046497,7.557336749297614,7.377400160028623,7.493829717790911,377070.97,264348441.0
2020-10-21,000671.SZ,000671.SZ,7.440906137582466,7.504413160093838,7.366814611319199,7.472659648838151,247430.5,173665294.0
2020-10-22,000671.SZ,000671.SZ,7.430324701968996,7.610261340050868,7.419740193846534,7.5361697831936265,247654.89,176480061.0
2020-10-23,000671.SZ,000671.SZ,7.525585359391447,7.5996769170788445,7.462078309945105,7.557338884114618,247546.46,176248627.0
2020-10-26,000671.SZ,000671.SZ,7.536170777900212,7.620846854056394,7.483248230302598,7.536170777900212,189837.06,135247663.0
2020-10-27,000671.SZ,000671.SZ,7.515005330347151,7.5255898448969365,7.37740664119995,7.483251786697798,216055.35,151499190.0
2020-10-28,000671.SZ,000671.SZ,7.4409147460595095,7.4832528100484685,7.377407650076071,7.43033023006227,134530.96,94286171.0
2020-10-29,000671.SZ,000671.SZ,7.398580365572456,7.462087493173936,7.366826801771715,7.440918450640109,128444.91,89972800.0
2020-10-30,000671.SZ,000671.SZ,7.451503558468482,7.525595213169163,7.2080595501662446,7.260982160666731,215968.66,149966678.0
2020-11-02,000671.SZ,000671.SZ,7.250400976879214,7.366830773588223,7.133971180170205,7.356246246614678,218388.72,149734243.0
2020-11-03,000671.SZ,000671.SZ,7.345659935694715,7.419751606515843,7.2927373136796225,7.409167082112824,169514.47,117989740.0
2020-11-04,000671.SZ,000671.SZ,7.409164956096445,7.419749477462297,7.292735221072072,7.377411391998888,122384.35,85071409.0
2020-11-05,000671.SZ,000671.SZ,7.4197465592344685,7.620852386089611,7.398577524828664,7.589098834480904,273927.87,194579180.0
2020-11-06,000671.SZ,000671.SZ,7.61026635314871,7.790203109760014,7.5467592625800135,7.652604413527841,282316.22,204700593.0
2020-11-09,000671.SZ,000671.SZ,7.705526989001753,7.716111504096535,7.599681838053926,7.652604413527841,234667.49,169462069.0
2020-11-10,000671.SZ,000671.SZ,7.6631899589673536,7.75845060762855,7.515006727716603,7.557344793788245,184327.2,132878587.0
2020-11-11,000671.SZ,000671.SZ,7.515004947580421,7.948970022018163,7.515004947580421,7.86429390993275,432879.28,318210568.0
2020-11-12,000671.SZ,000671.SZ,7.927797646941451,7.938382156483429,7.758445494269804,7.8219525515216715,176979.45,130865469.0
2020-11-13,000671.SZ,000671.SZ,7.747862886768595,7.75844739890899,7.589095204662681,7.631433253224258,195073.41,140992296.0
2020-11-16,000671.SZ,000671.SZ,7.631431108172748,7.874874818974376,7.483247979858715,7.832536782313223,290273.54,210882941.0
2020-11-17,000671.SZ,000671.SZ,7.843120034903671,8.075979199232794,7.8113665124951535,7.927796094659716,324547.86,243902559.0
2020-11-18,000671.SZ,000671.SZ,7.938380602129222,8.044225676824277,7.673767915391581,7.927796094659716,298021.05,222610120.0
2020-11-19,000671.SZ,000671.SZ,7.896039133652013,7.970130653672876,7.758440596470409,7.874870127931767,222470.88,164671945.0
2020-11-20,000671.SZ,000671.SZ,7.832531689067966,7.832531689067966,7.7161021639601985,7.758440173090296,158765.21,116539447.0
2020-11-23,000671.SZ,000671.SZ,7.7796091776553435,7.896038702763111,7.7161021639601985,7.758440173090296,226923.1,167128018.0
2020-11-24,000671.SZ,000671.SZ,7.779607570298078,7.8219455706806515,7.652593569150354,7.684347069437284,194935.05,142143415.0
2020-11-25,000671.SZ,000671.SZ,7.705513683820249,7.737267174275551,7.557330728362167,7.5890842188174705,296714.07,214000545.0
2020-11-26,000671.SZ,000671.SZ,7.567915235884866,7.589084229551676,7.451485770717405,7.483239261217622,270769.04,191964132.0
2020-11-27,000671.SZ,000671.SZ,7.514991821489249,7.694928245384062,7.472653839396352,7.610252281198269,286511.25,204932004.0
2020-11-30,000671.SZ,000671.SZ,7.6208354075182285,7.832525279949291,7.599666420275122,7.599666420275122,311832.65,228073350.0
2020-12-01,000671.SZ,000671.SZ,7.599662940652576,7.6420008957537044,7.4091421426974975,7.536156008000884,302595.33,214153990.0
2020-12-02,000671.SZ,000671.SZ,7.5255722614737515,7.885444915327629,7.514987771654519,7.726677568039154,444484.58,324613565.0
2020-12-03,000671.SZ,000671.SZ,7.737264859652447,7.7584338469565575,7.567912961219562,7.599666442175727,221985.68,160107390.0
2020-12-04,000671.SZ,000671.SZ,7.589084028887393,7.62083751854801,7.4726545667984645,7.567915035780316,283081.62,201319551.0
2020-12-07,000671.SZ,000671.SZ,7.557333850988005,7.557333850988005,7.345643827150807,7.366812829534526,367778.08,257580034.0
2020-12-08,000671.SZ,000671.SZ,7.39856889538416,7.430322409956624,7.313892856524255,7.335061866239231,267888.18,186397233.0
2020-12-09,000671.SZ,000671.SZ,7.366815434349598,7.366815434349598,7.2609703850054945,7.282139394874315,157055.29,108501665.0
2020-12-10,000671.SZ,000671.SZ,7.239801543016124,7.32447758445491,7.229217037836277,7.303308574095214,141837.28,97420899.0
2020-12-11,000671.SZ,000671.SZ,7.335064873745917,7.335064873745917,7.1551282173913995,7.250388800167321,184309.25,125786100.0
2020-12-14,000671.SZ,000671.SZ,7.282145503112055,7.3350680721753685,7.229222934048741,7.282145503112054,126922.12,87133063.0
2020-12-15,000671.SZ,000671.SZ,7.260975792100708,7.282144817733654,7.155130663935974,7.197468715201867,131707.73,89434302.0
2020-12-16,000671.SZ,000671.SZ,7.155130239928231,7.218637313063689,7.123376703360503,7.144545727738988,123760.56,83688316.0
2020-12-17,000671.SZ,000671.SZ,7.1233735514239065,7.239803133988041,7.049281998883092,7.176296088953059,177167.5,119393488.0
2020-12-18,000671.SZ,000671.SZ,7.1868773880300525,7.197461890810656,7.102201365785221,7.112785868565824,103092.69,69488178.0
2020-12-21,000671.SZ,000671.SZ,7.081033035613089,7.18687807351463,7.006941509082011,7.102202043193397,177342.34,119029603.0
2020-12-22,000671.SZ,000671.SZ,7.091617104139293,7.176293129263344,7.038694588436761,7.0704480978582795,157488.9,105447759.0
2020-12-23,000671.SZ,000671.SZ,7.0704480978582795,7.123370613560812,7.017525582155748,7.0704480978582795,185936.34,123939374.0
2020-12-24,000671.SZ,000671.SZ,7.081033119123124,7.102202126953089,6.932850064313373,6.943434568228354,170124.83,112654175.0
2020-12-25,000671.SZ,000671.SZ,6.932850920220787,6.932850920220787,6.827005868003676,6.85875938366881,202438.14,131324136.99999999
2020-12-28,000671.SZ,000671.SZ,6.869341984946388,6.879926487234441,6.657651939185328,6.721158952913646,297817.82,189565667.0
2020-12-29,000671.SZ,000671.SZ,6.742325126341155,6.869339100463751,6.721156130654055,6.805832113402452,172658.95,110838497.0
2020-12-30,000671.SZ,000671.SZ,6.8799264962470374,6.922264505454711,6.72115896171826,6.784665975529771,195170.84,125191850.0
2020-12-31,000671.SZ,000671.SZ,6.7529145504267865,6.932851145030635,6.721161033731989,6.901097628335838,221687.34,143663802.0
2021-01-04,000671.SZ,000671.SZ,6.8270029535316255,6.837587454234774,6.477714430327682,6.636481940874928,426493.35,267692150.00000003
2021-01-05,000671.SZ,000671.SZ,6.615314306703418,6.668236821157045,6.456546763342535,6.65765231826632,241090.46,149146699.0
2021-01-06,000671.SZ,000671.SZ,6.657651488685037,6.784665507547072,6.59414447925402,6.710573996544219,278996.7,176843156.0
2021-01-07,000671.SZ,000671.SZ,6.678817670694933,6.827000630108134,6.467127728676077,6.615310688089277,302383.11,189025481.0
2021-01-08,000671.SZ,000671.SZ,6.541219208382677,6.858754121410963,6.530634711281735,6.763493647502477,286908.57,182566751.0
2021-01-11,000671.SZ,000671.SZ,6.774079003595673,6.848170492697499,6.562389034733307,6.594142530062662,245560.71,154798077.0
2021-01-12,000671.SZ,000671.SZ,6.594140736455893,6.657647709840701,6.467126789686278,6.615309727584162,193070.22,119798844.0
2021-01-13,000671.SZ,000671.SZ,6.594140736455893,6.657647709840701,6.498880276378681,6.636478718712431,242066.39,150412638.0
2021-01-14,000671.SZ,000671.SZ,6.583556240891758,6.784661656610317,6.5729717453276235,6.636478718712431,268108.45,168210959.0
2021-01-15,000671.SZ,000671.SZ,6.594139364874621,6.7634912586755735,6.562385884786942,6.615308351599739,267548.32,168317407.0
2021-01-18,000671.SZ,000671.SZ,6.81641372548837,7.059857072827239,6.7529067653130115,7.006934606014442,735733.38,481369193.0
2021-01-19,000671.SZ,000671.SZ,6.911676951052935,7.28213436803127,6.774078481889553,7.091613410728127,559649.17,373478678.0
2021-01-20,000671.SZ,000671.SZ,7.059858214107336,7.07044270918096,6.9116752830765975,7.017520233812839,321166.32,212398846.0
2021-01-21,000671.SZ,000671.SZ,6.985764815899156,7.00693380018976,6.8058284494290255,6.8481664180102335,359035.18,233372989.0
2021-01-22,000671.SZ,000671.SZ,6.890507172566979,6.922260661841481,6.7105707333448,6.858753683292478,252751.58,162439847.0
2021-01-25,000671.SZ,000671.SZ,6.795247735302215,6.827001229392413,6.678818256971492,6.699987253031624,240404.34,152380785.0
2021-01-26,000671.SZ,000671.SZ,6.636481110467262,6.710572606118411,6.5412206160586415,6.562389614816113,237699.88,148316737.0
2021-01-27,000671.SZ,000671.SZ,6.562388340565705,6.668233313800635,6.498881356624746,6.541219345918718,233922.17,145188242.0
2021-01-28,000671.SZ,000671.SZ,6.530638016923023,6.530638016923023,6.350701475127737,6.414208489879013,254383.08,154249299.0
2021-01-29,000671.SZ,000671.SZ,6.456546499713198,6.520053514464476,6.393039484961921,6.414208489879013,200377.76,122276791.0
2021-02-01,000671.SZ,000671.SZ,6.393037381988406,6.509466870733228,6.361283885058,6.435375377895615,215475.85,131045697.0
2021-02-02,000671.SZ,000671.SZ,6.46712887482602,6.509466870733228,6.382452883011604,6.435375377895615,225728.02,137050495.0
2021-02-03,000671.SZ,000671.SZ,6.424792566877008,6.477715075665121,6.329532051058402,6.445961570392252,205904.32,124425306.0
2021-02-04,000671.SZ,000671.SZ,6.414211143078287,6.4777181840988645,6.3083660747106585,6.308366074710659,265192.27,159543432.0
2021-02-05,000671.SZ,000671.SZ,6.350706159475901,6.509473813462798,6.308368118412728,6.403628710804866,285363.12,172502183.0
2021-02-08,000671.SZ,000671.SZ,6.414213909063827,6.541228045876972,6.36129135205835,6.414213909063826,208187.19,126906543.0
2021-02-09,000671.SZ,000671.SZ,6.41421179912504,6.445965322883085,6.308366719931558,6.435380814963738,154638.87,93347690.0
2021-02-10,000671.SZ,000671.SZ,6.4353787658872585,6.477716784083885,6.382456243141475,6.382456243141475,133697.6,80918619.0
2021-02-18,000671.SZ,000671.SZ,6.445963301278346,6.657653393274351,6.435378796678545,6.636484384074749,228714.28,141709064.0
2021-02-19,000671.SZ,000671.SZ,6.657652953617993,6.784667000427875,6.625899441915522,6.731744480923758,272151.36,172675077.0
2021-02-22,000671.SZ,000671.SZ,6.7211601032419015,6.83758964833743,6.699991095042715,6.763498119640275,307242.61,196904479.0
2021-02-23,000671.SZ,000671.SZ,6.752916718230719,6.805839263044439,6.647071628603279,6.657656137566024,233075.92,147345950.0
2021-02-24,000671.SZ,000671.SZ,6.668238655537485,6.795252725166772,6.657654149735046,6.699992172944807,205829.73,130918884.0
2021-02-25,000671.SZ,000671.SZ,6.774086298011118,7.356234339246448,6.699994729126621,7.102206103071031,810916.72,545663227.0
2021-02-26,000671.SZ,000671.SZ,6.975189346017437,7.017527369362004,6.721161205950034,6.742330217622317,491970.09,318267873.0
2021-03-01,000671.SZ,000671.SZ,6.763498208984454,6.848174242899752,6.668237670829743,6.805836225942103,355031.47,226884018.0
2021-03-02,000671.SZ,000671.SZ,6.784669353774633,6.943436967357503,6.678824278052719,6.689408785624911,326801.36,209099700.0
2021-03-03,000671.SZ,000671.SZ,6.647072922406235,6.774087054681513,6.625903900360354,6.752918032635634,257915.22,163563855.0
2021-03-04,000671.SZ,000671.SZ,6.731751652162151,6.816427773572995,6.657660045927662,6.689413591456729,208626.5,132941548.00000001
2021-03-05,000671.SZ,000671.SZ,6.657658194824711,6.858763927259798,6.6364891703578595,6.699996243758413,272213.19,172695759.0
2021-03-08,000671.SZ,000671.SZ,6.742331300848055,6.816422853604627,6.6576552405548295,6.678824255628136,197451.55,125476661.0
2021-03-09,000671.SZ,000671.SZ,6.668236853099591,6.752912876631014,6.488300303095317,6.509469308978173,296240.58,184450057.0
2021-03-10,000671.SZ,000671.SZ,6.509470166898345,6.6047307059261255,6.382456114861304,6.424794132206985,249336.48,151800054.0
2021-03-11,000671.SZ,000671.SZ,6.424793336955596,6.583560882349885,6.424793336955596,6.498884858139597,278924.37,171204573.0
2021-03-12,000671.SZ,000671.SZ,6.509469486548921,6.689406041461655,6.456546970398116,6.594145512390208,237953.48,147455984.0
2021-03-15,000671.SZ,000671.SZ,6.583560709907273,6.678821234648696,6.414208665922519,6.520053693412991,446492.75,276243973.0
2021-03-16,000671.SZ,000671.SZ,6.530637139884631,6.901094676182787,6.520052638847541,6.805834166848975,538195.13,342832678.0
2021-03-17,000671.SZ,000671.SZ,6.805834508207429,6.837588012911352,6.710573994095661,6.752912000367558,248119.3,158470708.0
2021-03-18,000671.SZ,000671.SZ,6.721159912838139,6.879927469834316,6.69999090523865,6.82700495083559,211815.8,136290267.0
2021-03-19,000671.SZ,000671.SZ,6.774080697671763,6.784665198761874,6.583559678049744,6.61531318132008,274631.43,172955651.0
2021-03-22,000671.SZ,000671.SZ,6.636482183500306,6.699989190040979,6.594144179139858,6.636482183500306,212679.75,133634029.00000001
2021-03-23,000671.SZ,000671.SZ,6.647067372582987,6.731743390068122,6.551806852912213,6.647067372582988,297262.3,185852291.0
2021-03-24,000671.SZ,000671.SZ,6.625895451958701,6.636479949485792,6.4882969841065234,6.541219471741977,264242.56,163088845.0
2021-03-25,000671.SZ,000671.SZ,6.5094692020884874,6.551807213158981,6.467131191017993,6.498884699320863,162565.12,99895718.0
2021-03-26,000671.SZ,000671.SZ,6.498886876183055,6.541224901435061,6.477717863557052,6.5094713824960575,133425.13,82041555.0
2021-03-29,000671.SZ,000671.SZ,6.509472131941776,6.509472131941776,6.414211564157261,6.435380579220487,238951.9,145489026.0
2021-03-30,000671.SZ,000671.SZ,6.456549594283712,6.477718609346938,6.382458041562424,6.435380579220487,201403.12,122237830.0
2021-03-31,000671.SZ,000671.SZ,6.424796071688875,6.456549594283712,6.393042549094036,6.435380579220487,147496.75,89543884.0
2021-04-01,000671.SZ,000671.SZ,6.445967426940396,6.5623970520575465,6.424798404191824,6.530643517934688,180864.27,111391505.0
2021-04-02,000671.SZ,000671.SZ,6.509476148887566,6.551814205140493,6.488307120761101,6.541229691077261,163284.42,100595433.0
2021-04-06,000671.SZ,000671.SZ,6.604736775456652,6.604736775456652,6.509476148887566,6.541229691077261,142407.55,88038038.0
2021-04-07,000671.SZ,000671.SZ,6.572981747019155,6.6576578403785005,6.5412282120094005,6.647073328708582,205301.71,128227297.0
2021-04-08,000671.SZ,000671.SZ,6.657658309077612,6.657658309077612,6.57298220975707,6.6153202594173415,132772.25,82935272.0
2021-04-09,000671.SZ,000671.SZ,6.5835667221721375,6.625904771832409,6.509475135266665,6.5835667221721375,172023.8,106602312.0
2021-04-12,000671.SZ,000671.SZ,6.583569276679098,6.869351222772886,6.54123121059113,6.710583474943004,382306.96,242338172.0
2021-04-13,000671.SZ,000671.SZ,6.647079488588281,6.689417574502856,6.488311666408624,6.509480709365912,234027.96,144518495.0
2021-04-14,000671.SZ,000671.SZ,6.509480498361676,6.562403104039413,6.488311456090581,6.53064954063277,95648.5,59042664.0
2021-04-15,000671.SZ,000671.SZ,6.5941570134034,6.742340317075386,6.562403448330831,6.657664143548537,517873.0,325086659.0
2021-04-16,000671.SZ,000671.SZ,6.710587079606265,6.784678735059331,6.657664468568361,6.721171601813846,248461.5,157681292.0
2021-04-19,000671.SZ,000671.SZ,6.731758893414769,6.752927946538715,6.604744574671094,6.689420787166878,315541.89,198804834.0
2021-04-20,000671.SZ,000671.SZ,6.657666106690197,6.731757780373553,6.647081581878289,6.657666106690197,160315.75,101118297.0
2021-04-21,000671.SZ,000671.SZ,6.636495894622629,6.7105875553281455,6.594157802790907,6.64708041758056,173801.45,109377514.0
2021-04-22,000671.SZ,000671.SZ,6.636493986365023,6.710585625766228,6.615324946536108,6.625909466450566,128303.59,80630092.0
2021-04-23,000671.SZ,000671.SZ,6.604737434182623,6.615321949301506,6.520061313231564,6.541230343469328,141444.0,87657451.0
2021-04-26,000671.SZ,000671.SZ,6.520059587332981,6.551813124284278,6.467137025747486,6.477721538064586,178432.15,109591272.0
2021-04-27,000671.SZ,000671.SZ,6.509473677007812,6.509473677007812,6.287198966085594,6.308367986173424,381292.19,229225784.0
2021-04-28,000671.SZ,000671.SZ,6.26603234529812,6.318954915782057,6.170771718427034,6.191940746620609,299467.05,176388305.0
2021-04-29,000671.SZ,000671.SZ,6.223696945365849,6.234281463980417,6.012006573074493,6.0755136847619005,434885.98,250809058.0
2021-04-30,000671.SZ,000671.SZ,6.0437610992950415,6.09668370086505,5.832070693015005,6.064930139923046,505416.78,284483076.0
2021-05-06,000671.SZ,000671.SZ,6.022592079873349,6.096683722332247,5.937915917063179,6.012007559522077,285586.05,161926834.0
2021-05-07,000671.SZ,000671.SZ,5.980252135592681,6.064928272025853,5.937914067376096,5.980252135592681,194813.71,110463259.0
2021-05-10,000671.SZ,000671.SZ,5.98025497059593,5.9908394926677815,5.884994271949268,5.916747838164822,152843.74,85536731.0
2021-05-11,000671.SZ,000671.SZ,5.906164923998642,5.990841123625862,5.863826824185031,5.948503023812251,190022.53,106432826.0
2021-05-12,000671.SZ,000671.SZ,5.9273310689778045,5.9590846282759005,5.832070391083518,5.874408470147646,269654.58,149836289.0
2021-05-13,000671.SZ,000671.SZ,5.832069191283707,5.937914367169074,5.82148467369517,5.916745331992,136735.55,76151486.0
2021-05-14,000671.SZ,000671.SZ,5.916746407763878,5.948499966302861,5.884992849224894,5.937915446789868,152068.25,85035926.0
2021-05-17,000671.SZ,000671.SZ,5.948499966302861,6.033176122406816,5.9061618882508835,5.937915446789868,192887.44,108627199.0
2021-05-18,000671.SZ,000671.SZ,5.927331839173939,6.08609965629467,5.884993754608411,6.0543460928705235,418053.13,236106711.0
2021-05-19,000671.SZ,000671.SZ,6.012005055788607,6.012005055788607,5.927328928242288,5.9484979601288686,214600.97,120806211.0
2021-05-20,000671.SZ,000671.SZ,5.948495044828967,5.948495044828967,5.853234448025656,5.874403469537502,226550.65,125803465.0
2021-05-21,000671.SZ,000671.SZ,5.874401132523464,5.895570145613639,5.842647612888201,5.853232119433289,190506.14,105510901.0
2021-05-24,000671.SZ,000671.SZ,5.842645756740224,5.863814763105225,5.821476750375224,5.863814763105226,162351.21,89630310.0
2021-05-25,000671.SZ,000671.SZ,5.8638138156306665,5.906151821519697,5.81089130826938,5.89556732004744,205333.63,113768341.0
2021-05-26,000671.SZ,000671.SZ,5.906151863481701,6.001412377408824,5.884982860386784,5.959074371218992,235573.18,132491833.00000001
2021-05-27,000671.SZ,000671.SZ,5.969657687302277,5.969657687302277,5.91673519007442,5.969657687302277,234927.5,131775131.0
2021-05-28,000671.SZ,000671.SZ,5.948490479353965,5.969659484618569,5.895567966192453,5.906152468824755,239852.0,134159581.0
2021-05-31,000671.SZ,000671.SZ,5.916737651297571,5.916737651297571,5.842646124358245,5.895568643600621,178431.11,98994952.0
2021-06-01,000671.SZ,000671.SZ,5.906151125233615,5.916735625458048,5.821475123438152,5.842644123887017,201999.92,111561518.0
2021-06-02,000671.SZ,000671.SZ,5.842646490527675,5.874400004063151,5.810892976992199,5.8532309950395005,205890.29,113593394.0
2021-06-03,000671.SZ,000671.SZ,5.853228859831825,5.874397861133206,5.832059858530443,5.832059858530443,142328.28,78639436.0
2021-06-04,000671.SZ,000671.SZ,5.832059858530443,5.853228859831825,5.810890857229063,5.832059858530443,137944.14,76008224.0
2021-06-07,000671.SZ,000671.SZ,5.832059825766062,5.832059825766062,5.52510930862048,5.652123315715204,474445.38,252956970.0
2021-06-08,000671.SZ,000671.SZ,5.609787105950865,5.652125121844834,5.556864586083404,5.630956113897851,212101.2,112203816.0
2021-06-09,000671.SZ,000671.SZ,5.630957227242786,5.641541733309031,5.546281178712819,5.56745019084531,192467.19,101332911.0
2021-06-10,000671.SZ,000671.SZ,5.546278734949081,5.578032239156804,5.503940729338783,5.525109732143932,173118.5,90712137.0
2021-06-11,000671.SZ,000671.SZ,5.5462803468694775,5.578033860305752,5.514526833433202,5.535695842390719,312295.55,163745077.0
2021-06-15,000671.SZ,000671.SZ,5.5145240438581045,5.546277541231568,5.39809455348874,5.419263551737716,234798.19,120539413.0
2021-06-16,000671.SZ,000671.SZ,5.419261531352081,5.493352997601035,5.398092540995236,5.4510150168873475,158409.77,81667037.0
2021-06-17,000671.SZ,000671.SZ,5.4510150168873475,5.472184007244191,5.429846026530503,5.4510150168873475,197311.63,101728890.0
2021-06-18,000671.SZ,000671.SZ,5.429844524201563,5.440429016451469,5.355753078452224,5.355753078452223,231024.66,117589050.0
2021-06-21,000671.SZ,000671.SZ,5.345166274204794,5.355750761876487,5.313412811189716,5.334581786533102,158357.83,79825147.0
2021-06-22,000671.SZ,000671.SZ,5.345168883656047,5.4192603335285074,5.334584390817124,5.376922362172816,188531.71,95817445.0
2021-06-23,000671.SZ,000671.SZ,5.387506606357575,5.525105006912876,5.355753129306351,5.503936022212062,190444.17,97864209.0
2021-06-24,000671.SZ,000671.SZ,5.482766616569439,5.546273565796112,5.4404286504183235,5.514520091182775,145462.09,75597067.0
2021-06-25,000671.SZ,000671.SZ,5.525102455237755,5.535686942699896,5.482764505389189,5.525102455237755,102879.47,53608390.0
2021-06-28,000671.SZ,000671.SZ,5.620363761315667,5.641532739701037,5.535687847774188,5.567441315352242,161418.11,84894822.0
2021-06-29,000671.SZ,000671.SZ,5.514516555167289,5.6097769179244965,5.503932070416488,5.5991924331736955,142914.3,75177160.0
2021-06-30,000671.SZ,000671.SZ,5.58860927034362,5.620362732106936,5.482764397799233,5.503933372308111,110979.7,58160164.0
2021-07-01,000671.SZ,000671.SZ,5.514520370917933,5.60978079959022,5.461597910544441,5.578027323366124,160813.2,84324549.0
2021-07-02,000671.SZ,000671.SZ,5.5991963075155216,5.60978079959022,5.525104862992632,5.578027323366124,156939.89,82471371.0
2021-07-05,000671.SZ,000671.SZ,5.589434502616947,5.692097585318074,5.40692235559272,5.612248520994975,254773.79,124155825.0
2021-07-06,000671.SZ,000671.SZ,5.589433608307427,5.794759740857495,5.532398571487962,5.703503681946353,218224.02,108781496.0
2021-07-07,000671.SZ,000671.SZ,5.680689667218569,5.737724704038033,5.55521258621575,5.60084061567132,127699.95,63083925.0
2021-07-08,000671.SZ,000671.SZ,5.62365232715594,5.635059329847941,5.441140284083942,5.486768294851942,145969.23,70274211.0
2021-07-09,000671.SZ,000671.SZ,5.463954312281947,5.498175320500833,5.429733304063062,5.463954312281947,108437.99,51845144.0
2021-07-12,000671.SZ,000671.SZ,5.486768317761204,5.520989325980088,5.395512295844178,5.463954312281947,136997.61,65293570.0
2021-07-13,000671.SZ,000671.SZ,5.441140569714933,5.520989592750582,5.372698549970091,5.429733566424126,187318.74,89419726.0
2021-07-14,000671.SZ,000671.SZ,5.429732697666754,5.429732697666754,5.361290688872636,5.418325696201069,134132.47,63381148.0
2021-07-15,000671.SZ,000671.SZ,5.395512822037833,5.520989864410804,5.384105818185743,5.452547841298275,138188.09,66111410.0
2021-07-16,000671.SZ,000671.SZ,5.475361849002451,5.520989864410804,5.441140837446185,5.452547841298275,72526.77,34804253.0
2021-07-19,000671.SZ,000671.SZ,5.463955673370887,5.463955673370887,5.349885617559387,5.418327651046287,125743.89,59376747.0
2021-07-20,000671.SZ,000671.SZ,5.372701045572854,5.418329079930161,5.3042589940368945,5.406922071340834,136236.68,63958062.0
2021-07-21,000671.SZ,000671.SZ,5.3955146930374145,5.418328708652794,5.304258630575894,5.327072646191273,72814.23,34115758.0
2021-07-22,000671.SZ,000671.SZ,5.338479834581784,5.41832889193664,5.304258810001132,5.395514875549538,69873.62,32938042.0
2021-07-23,000671.SZ,000671.SZ,5.372700801638873,5.384107809710293,5.304258753210353,5.327072769353193,107481.05,50364859.0
2021-07-26,000671.SZ,000671.SZ,5.281445800525841,5.281445800525841,5.019084562054795,5.041898582791408,196934.6,88441427.0
2021-07-27,000671.SZ,000671.SZ,5.04189625933584,5.0761172746706995,4.779535141768591,4.950640218442883,348213.51,148807087.0
2021-07-28,000671.SZ,000671.SZ,4.89360664284188,4.962048693790718,4.790943566418624,4.927827668316299,192957.78,82679317.0
2021-07-29,000671.SZ,000671.SZ,4.927825493275122,4.962046503645088,4.847976469078534,4.962046503645088,134617.4,57863035.0
2021-07-30,000671.SZ,000671.SZ,4.91641995236859,5.019083014018979,4.859384918118375,4.984861993468849,149256.92,65067308.0
2021-08-02,000671.SZ,000671.SZ,4.973453351510318,5.0533023732088775,4.893604329811757,4.996267357709906,156734.86,68457966.0
2021-08-03,000671.SZ,000671.SZ,4.996267883632785,5.041895900834911,4.9506398664306595,4.984860879332254,93655.76,40880840.0
2021-08-04,000671.SZ,000671.SZ,4.9848625257083246,4.9848625257083246,4.939234493436395,4.9734555176403425,84363.63,36731815.0
2021-08-05,000671.SZ,000671.SZ,5.041896361347049,5.304257484222575,5.019082350662221,5.15596641477119,408704.93,184518478.0
2021-08-06,000671.SZ,000671.SZ,5.1217442605783035,5.201593280230971,4.996267229695539,5.133151263385828,286591.64,128359208.0
2021-08-09,000671.SZ,000671.SZ,5.076115691533236,5.384104733491431,5.05330168842522,5.190185707073308,456675.82,209421727.0
2021-08-10,000671.SZ,000671.SZ,5.1787787630612865,5.1787787630612865,5.076115747934521,5.13315075633828,208652.58,93408887.0
2021-08-11,000671.SZ,000671.SZ,5.167370094486418,5.589429020526147,5.167370094486418,5.3042540704993035,719641.04,341530440.0
2021-08-12,000671.SZ,000671.SZ,5.3841013593439,5.39550835374929,5.190182454452277,5.247217426479224,297777.91,137128860.0
2021-08-13,000671.SZ,000671.SZ,5.2015896805543,5.212996675467798,5.0989267263328335,5.121740716159827,283699.36,128237221.0
2021-08-16,000671.SZ,000671.SZ,5.133149308808042,5.224405296520184,5.098928313415987,5.167370304200095,155477.5,70550469.0
2021-08-17,000671.SZ,000671.SZ,5.144558845555348,5.463954960135282,5.121744837371068,5.17877985783177,392687.22,182097286.0
2021-08-18,000671.SZ,000671.SZ,5.155964748809462,5.247220762062728,5.098929740526173,5.23581376040607,214041.9,97207769.0
2021-08-19,000671.SZ,000671.SZ,5.190187045609813,5.235815063593196,5.121745018634739,5.178780041113967,166450.28,75504955.0
2021-08-20,000671.SZ,000671.SZ,5.178779301288246,5.213000309887067,5.06470927262551,5.110337284090605,137849.75,61783227.0
2021-08-23,000671.SZ,000671.SZ,5.098931767928377,5.133152786505078,4.996268712198276,5.007675718390509,180314.0,79649720.0
2021-08-24,000671.SZ,000671.SZ,4.996270389186615,5.041898429270512,4.916421319039797,4.927828329060772,210696.97,91630470.0
2021-08-25,000671.SZ,000671.SZ,4.927830145771677,4.962051188450646,4.870795074640059,4.950644174224323,142650.13,61383423.0
2021-08-26,000671.SZ,000671.SZ,4.996270035971108,5.030491063614746,4.939234989898378,4.984863026756562,187067.18,81626430.0
2021-08-27,000671.SZ,000671.SZ,4.973456017542016,5.0190840544002,4.96204900832747,4.984863026756562,128879.96,56282551.0
2021-08-30,000671.SZ,000671.SZ,4.973457567409705,4.984864580178994,4.893608478024687,4.905015490793975,177323.0,76534493.0
2021-08-31,000671.SZ,000671.SZ,4.870793794270644,5.1331550525100464,4.870793794270644,5.064712985143246,258697.6,113483308.0
2021-09-01,000671.SZ,000671.SZ,5.05330584093371,5.224411004847945,5.030491819078479,5.2015969829927124,409772.11,184848509.0
2021-09-02,000671.SZ,000671.SZ,5.178785114477589,5.589437678621187,5.1673780988069336,5.486774537585287,878378.79,417710937.0
2021-09-03,000671.SZ,000671.SZ,5.4069255193397545,5.498181646248442,5.36129745588541,5.395518503476168,318183.32,151075732.0
2021-09-06,000671.SZ,000671.SZ,5.395516651283248,5.441144699074226,5.338481591544523,5.3498886034922695,225247.76,106106080.0
2021-09-07,000671.SZ,000671.SZ,5.349887556280032,5.38410858542468,5.292852507705617,5.361294565994915,169830.13,79508898.0
2021-09-08,000671.SZ,000671.SZ,5.361294565994915,5.429736624284211,5.349887556280032,5.361294565994915,195096.05,91966867.0
2021-09-09,000671.SZ,000671.SZ,5.37270319329737,5.395517219595872,5.281447088103358,5.304261114401862,312086.38,146202073.0
2021-09-10,000671.SZ,000671.SZ,5.338481357061233,5.498179517315202,5.327074345614521,5.349888368507946,300206.47,142104321.0
2021-09-13,000671.SZ,000671.SZ,5.361295481751406,5.463958586721113,5.2928534117716,5.40692352840461,338172.98,159911159.0
2021-09-14,000671.SZ,000671.SZ,5.418330421504878,5.441144444332267,5.201597204644683,5.213004216058378,354674.45,164968214.0
2021-09-15,000671.SZ,000671.SZ,5.190188362762125,5.213002377543498,5.0647112814645805,5.1103393110273245,219783.64,98777110.0
2021-09-16,000671.SZ,000671.SZ,5.133155612503449,5.144562624975679,4.916422375531081,4.916422375531081,273370.7,120099315.0
2021-09-17,000671.SZ,000671.SZ,4.91642018152016,4.96204821104703,4.859385144611574,4.882199159375009,211648.83,90895014.0
2021-09-22,000671.SZ,000671.SZ,4.779537977179745,4.859387060330718,4.68828188215006,4.745316941543613,587279.26,243663946.0
2021-09-23,000671.SZ,000671.SZ,4.7909460415314955,5.053307372377268,4.7681320127622975,4.984865286069676,534719.42,231305726.0
2021-09-24,000671.SZ,000671.SZ,4.950642408061719,5.030491479159489,4.859386326807125,4.893607357277598,305765.45,132415428.00000001
2021-09-27,000671.SZ,000671.SZ,4.8479795912895245,4.859386602092558,4.597025353622772,4.631246386031874,496269.64,204491531.0
2021-09-28,000671.SZ,000671.SZ,4.711094603088986,4.939234777572715,4.676873576916426,4.882199733951783,682583.02,287849775.0
2021-09-29,000671.SZ,000671.SZ,4.89360867188632,4.91642269832868,4.7453175000109775,4.7453175000109775,311252.39,131359326.99999999
2021-09-30,000671.SZ,000671.SZ,4.8593883780280756,4.950644497803251,4.73391121333721,4.756725243281004,312460.71,131622902.0
2021-10-08,000671.SZ,000671.SZ,4.745317458185862,4.870794602512891,4.745317458185862,4.7795384975477795,273647.38,114926710.0
2021-10-11,000671.SZ,000671.SZ,4.7795372146787765,4.8593862850910705,4.745316184502078,4.802351234796575,234751.11,98765948.0
2021-10-12,000671.SZ,000671.SZ,4.779539146832119,4.905016308204798,4.745318102821387,4.825167205513093,328983.55,139514715.0
2021-10-13,000671.SZ,000671.SZ,4.802354459856509,4.813761477575883,4.745319371259638,4.779540424417761,301437.04,126128714.0
2021-10-14,000671.SZ,000671.SZ,4.745317634336519,4.779538674968754,4.745317634336519,4.768131661424675,395853.27,165269050.0
2021-10-15,000671.SZ,000671.SZ,4.756723464500319,4.8023515073252625,4.61983933602549,4.6768743895566685,524412.35,216473185.0
2021-10-18,000671.SZ,000671.SZ,4.6426548777022845,4.676875921026871,4.517177718845465,4.528584733286995,359480.06,143434532.0
2021-10-19,000671.SZ,000671.SZ,4.517178830766135,4.5285858480155445,4.41451567552145,4.4487367272696785,272845.41,106745015.0
2021-10-20,000671.SZ,000671.SZ,4.448735449564613,4.460142463537856,4.34607232380543,4.368886351751915,257166.17,98723519.0
2021-10-21,000671.SZ,000671.SZ,4.448736632859976,4.482957683881977,4.391701547823311,4.46014364986731,267073.64,104177861.0
2021-10-22,000671.SZ,000671.SZ,4.448737846151785,4.676878248518542,4.448737846151785,4.5171799668618124,401498.85,161312888.0
2021-10-25,000671.SZ,000671.SZ,4.403109856464202,4.551401121060147,4.3688887954036,4.425923897171271,247532.02,96247644.0
2021-10-26,000671.SZ,000671.SZ,4.425921893858348,4.437328909048705,4.300444726764425,4.334665772335495,270204.23,102926395.0
2021-10-27,000671.SZ,000671.SZ,4.323259689384224,4.334666707034314,4.209189512883321,4.232003548183502,276325.46,103501405.0
2021-10-28,000671.SZ,000671.SZ,4.220598416833536,4.2434124623299345,4.038086052862357,4.083714143855151,441367.85,159098074.0
2021-10-29,000671.SZ,000671.SZ,3.673059933263222,3.7300950253946383,3.673059933263222,3.673059933263222,368640.67,118747990.0
2021-11-01,000671.SZ,000671.SZ,3.4563271862812295,3.524769308781848,3.3422569821135326,3.399292084197381,1711510.21,512349378.0
2021-11-02,000671.SZ,000671.SZ,3.3764783834407672,3.4106994481378026,3.0913028442988106,3.1711519952585583,1508052.6,427193555.0
2021-11-03,000671.SZ,000671.SZ,3.148336706630869,3.2053717918959213,3.102708638418828,3.1141156554718377,1315705.17,362866416.0
2021-11-04,000671.SZ,000671.SZ,3.148336706630869,3.1711507407368895,3.079894604312807,3.1141156554718377,838772.66,229170924.0
2021-11-05,000671.SZ,000671.SZ,3.114115725451965,3.205371863926748,3.0228595869771824,3.0456736215958777,1104192.41,299375319.0
2021-11-08,000671.SZ,000671.SZ,3.0456736215958777,3.0913016908332693,2.977231517739791,3.0456736215958777,767309.38,204608104.0
2021-11-09,000671.SZ,000671.SZ,3.0342664663653203,3.0684875167378616,3.000045415992779,3.0114524327836265,558539.97,147978982.0
2021-11-10,000671.SZ,000671.SZ,3.011452344211496,3.125522508764962,2.9430102454794165,3.1027084758542687,944875.48,251013152.0
2021-11-11,000671.SZ,000671.SZ,3.114116325517773,3.410698832709942,3.102709306010382,3.4106988327099423,902507.24,262202979.99999997
2021-11-12,000671.SZ,000671.SZ,3.547581504452451,3.570395533419991,3.2852201713257423,3.4449183740985214,2763399.07,830991836.0
2021-11-15,000671.SZ,000671.SZ,3.353663379931097,3.387884434828353,3.3194423250338407,3.342256361632012,1261646.94,370025727.0
2021-11-16,000671.SZ,000671.SZ,3.342255732775414,3.365069765081048,3.2281855712472427,3.2738136358585113,849743.95,244794508.0
2021-11-17,000671.SZ,000671.SZ,3.2510005340509966,3.2852215923041648,3.2053724563801054,3.2281864952155512,706105.54,200225167.0
2021-11-18,000671.SZ,000671.SZ,3.205370976080826,3.2281850043803337,3.1255218770325492,3.1369288911823032,663076.5,184284077.0
2021-11-19,000671.SZ,000671.SZ,3.1711504586563874,3.4563258596146955,3.1369294105413905,3.444918843576364,1705693.82,498732795.0
2021-11-22,000671.SZ,000671.SZ,3.353663968541585,3.387885029445071,3.2510007858311285,3.2966288670357757,1401729.48,406488835.0
2021-11-23,000671.SZ,000671.SZ,3.285222265655521,3.4563275919917458,3.2624082221440243,3.3992924832130043,1165795.04,343983320.0
2021-11-24,000671.SZ,000671.SZ,3.3764782862252147,3.5932116897329145,3.365071264987968,3.513362541072183,1263486.8,388188099.0
2021-11-25,000671.SZ,000671.SZ,3.4905467879977623,3.5475818662330196,3.4335117097625045,3.4449187254095563,773127.03,235665724.0
2021-11-26,000671.SZ,000671.SZ,3.433510038786806,3.4905450892649923,3.399289008499894,3.422103028691169,668290.38,201126350.0
2021-11-29,000671.SZ,000671.SZ,3.365067978212983,3.4106960185955315,3.3308469479260707,3.3536609681173455,646222.69,190897750.0
2021-11-30,000671.SZ,000671.SZ,3.342255456273483,3.467732623573853,3.3080344106461097,3.3080344106461093,810507.48,239847727.0
2021-12-01,000671.SZ,000671.SZ,3.3536632540038505,3.4449193969699414,3.3194422003915665,3.422105361228419,868168.38,258610838.0
2021-12-02,000671.SZ,000671.SZ,3.4106983433576574,3.490547468452987,3.387884307616135,3.3878843076161345,860840.19,258530196.0
2021-12-03,000671.SZ,000671.SZ,3.387884342186383,3.433512414135021,3.2852211803019467,3.353663288224904,1082659.04,317474388.0
2021-12-06,000671.SZ,000671.SZ,3.3992904055780238,3.5247675682000312,3.319441302091292,3.33084831687511,946528.95,281474817.0
2021-12-07,000671.SZ,000671.SZ,3.387883996933086,3.661652400725658,3.3764769801083947,3.570396266128134,3127241.86,970196508.0
2021-12-08,000671.SZ,000671.SZ,3.547582616315519,3.5589896343744116,3.4221054176677033,3.479140507962165,1795774.8,546246450.0
2021-12-09,000671.SZ,000671.SZ,3.4677343315861586,3.5932115606896047,3.4449202899309865,3.5247694357240884,1329021.9,411537544.0
2021-12-10,000671.SZ,000671.SZ,3.5247677908316852,3.730094069909259,3.5019537598230657,3.593209883857543,1663152.51,525113709.99999994
2021-12-13,000671.SZ,000671.SZ,3.5703944662874276,3.5932084884362294,3.524766421989825,3.524766421989825,1040424.08,323685418.0
2021-12-14,000671.SZ,000671.SZ,3.5133602314697603,3.5247672452082983,3.4563251627770692,3.4677321765156077,692742.46,211413526.0
2021-12-15,000671.SZ,000671.SZ,3.4677327134547826,3.6274309305217796,3.456325697949997,3.536174806483496,968833.12,301976786.0
2021-12-16,000671.SZ,000671.SZ,3.5589902063349266,3.570397226227026,3.490548086982332,3.558990206334927,754492.12,234481051.0
2021-12-17,000671.SZ,000671.SZ,3.5361761665507285,3.6160253057954224,3.5361761665507285,3.558990206334927,668003.94,208989479.0
2021-12-20,000671.SZ,000671.SZ,3.570396250466293,3.7529085188607363,3.5589892336916407,3.673059401438168,1427231.6,458727324.0
2021-12-21,000671.SZ,000671.SZ,3.673059795721381,4.038084371693692,3.6616527777222463,4.038084371693692,1650630.65,572029401.0
2021-12-22,000671.SZ,000671.SZ,4.186375653940376,4.437330052814185,3.9126072188053103,3.9582352913278216,3550923.89,1282961330.0
2021-12-23,000671.SZ,000671.SZ,3.9240135063386927,3.9924556023794837,3.7871293142571103,3.798536330263909,1808694.99,612038690.0
2021-12-24,000671.SZ,000671.SZ,3.7757224031314864,3.7871294194551464,3.673059256218546,3.695873288865866,1124579.43,365206707.0
2021-12-27,000671.SZ,000671.SZ,3.6958733750669928,3.9582347566303904,3.6958733750669928,3.9126066902715384,1566561.75,527668034.0
2021-12-28,000671.SZ,000671.SZ,3.809944372882173,3.8213513919626587,3.524768895870034,3.6046180294334333,2369886.77,752362399.0
2021-12-29,000671.SZ,000671.SZ,3.536176801912137,3.558990845795441,3.44492062637892,3.456327648320572,1291586.18,394612706.0
2021-12-30,000671.SZ,000671.SZ,3.44491944755226,3.49054751970527,3.3992913753992497,3.4335124295140074,1060480.0,320136090.0
2021-12-31,000671.SZ,000671.SZ,3.422104527620715,3.456325572896922,3.399290497436577,3.4449185578048533,827655.76,248999759.0
2022-01-04,000671.SZ,000671.SZ,3.422106038679858,3.5361762399691865,3.399291998421992,3.5133621997113202,1090681.01,332962158.0
2022-01-05,000671.SZ,000671.SZ,3.5133621546682154,3.593211294547038,3.4905481147028374,3.5589902345989715,1157939.73,359951520.0
2022-01-06,000671.SZ,000671.SZ,3.524769174650904,3.6388393744777945,3.4905481147028374,3.5589902345989715,1381337.45,433011189.0
2022-01-07,000671.SZ,000671.SZ,3.5703983971087814,3.787131846134554,3.5589913734758465,3.7072826807040067,2578722.15,838309055.0
2022-01-10,000671.SZ,000671.SZ,3.741502913952719,3.878387166902209,3.6160256820823538,3.8213520615065883,2575061.11,843134909.0
2022-01-11,000671.SZ,000671.SZ,3.764315685942669,3.8327577893234452,3.695873582561894,3.718687617022152,2540800.08,835871831.0
2022-01-12,000671.SZ,000671.SZ,3.6958753793250514,3.7415034704278294,3.5932121743437997,3.7072824021007453,1392640.05,448490560.0
2022-01-13,000671.SZ,000671.SZ,3.707282686401543,3.8213529229062058,3.6844686391006105,3.718689710052009,1548633.53,510463164.0
2022-01-14,000671.SZ,000671.SZ,3.6958767085293993,3.707283735407576,3.5247713053567415,3.547585359113096,1477584.65,466076573.0
2022-01-17,000671.SZ,000671.SZ,3.536178332234919,3.5932134666258047,3.513364278478565,3.547585359113096,715801.04,222723563.0
2022-01-18,000671.SZ,000671.SZ,3.5475864418177174,3.5818075328963452,3.4563301989413775,3.5133653507390905,1181962.11,364961647.0
2022-01-19,000671.SZ,000671.SZ,3.5133661043947493,3.6502504980724666,3.5019590715882725,3.616029399653037,1456693.23,459901234.0
2022-01-20,000671.SZ,000671.SZ,3.7072840782961007,3.787133273828632,3.5932137989639132,3.604620826897132,2061560.95,668274096.0
2022-01-21,000671.SZ,000671.SZ,3.5703993733473403,3.6730626141145164,3.5019572128358893,3.5247712663397066,1118602.19,348537921.0
2022-01-24,000671.SZ,000671.SZ,3.5019580769552014,3.5589932247883485,3.444922929122055,3.513365106521831,721118.59,221271623.0
2022-01-25,000671.SZ,000671.SZ,3.4905503276873255,3.5133643821166545,3.308037892252694,3.3194449194673585,1085452.95,324475069.0
2022-01-26,000671.SZ,000671.SZ,3.3194458871699455,3.37648103987046,3.2624107344694306,3.365074009330357,804618.88,234853510.0
2022-01-27,000671.SZ,000671.SZ,3.342260466876695,3.376481563807173,3.285225305325898,3.3080393699462167,745071.54,217475493.0
2022-01-28,000671.SZ,000671.SZ,3.3308519310563045,3.3422589582174567,3.262409768089394,3.2852238224116976,650257.66,188380053.0
2022-02-07,000671.SZ,000671.SZ,2.9544207619801517,3.0342699717633996,2.9544207619801517,2.9658277919491876,1567156.12,408071402.0
2022-02-08,000671.SZ,000671.SZ,2.9202001015141748,3.1255266711518903,2.8859790065745554,3.1027126078588108,1569312.38,419232452.0
2022-02-09,000671.SZ,000671.SZ,3.148341798672824,3.4107036152288934,3.1255277276679494,3.2395980826923263,1904689.8,543843949.0
2022-02-10,000671.SZ,000671.SZ,3.182564128371574,3.22819228791812,3.114121889051755,3.2053782081448468,870760.76,242707300.0
2022-02-11,000671.SZ,000671.SZ,3.2510063676913927,3.3422626867844847,3.2053782081448468,3.2053782081448468,965297.67,275922863.0
2022-02-14,000671.SZ,000671.SZ,3.1825656728512244,3.2167868091184415,3.079902264049572,3.1027163548943837,863197.73,237089349.0
2022-02-15,000671.SZ,000671.SZ,3.102717470477792,3.1141245200016074,3.022868123811084,3.045682222858715,637131.0,170634015.0
2022-02-16,000671.SZ,000671.SZ,3.045681256877413,3.0799023945951376,3.0228671650655974,3.0570883027833213,592143.46,158058244.0
2022-02-17,000671.SZ,000671.SZ,3.045680376756594,3.045680376756594,2.9886451637087177,3.000052206318293,586685.09,155145572.0
2022-02-18,000671.SZ,000671.SZ,2.965831982571903,3.0799024434400533,2.9544249364850876,3.0684953973532383,959318.71,255027821.0
2022-02-21,000671.SZ,000671.SZ,3.022865968295949,3.114122299414318,2.9886448441265614,3.1027152580245216,1111760.5,297258920.0
2022-02-22,000671.SZ,000671.SZ,3.068495060192986,3.1141232395267107,3.0114598360258302,3.022866880859261,796540.0,213480768.0
2022-02-23,000671.SZ,000671.SZ,3.02286739807983,3.034274444865037,2.9772392109390027,3.0000533045094167,672041.23,176713306.0
2022-02-24,000671.SZ,000671.SZ,2.9886456788954883,3.000052723471425,2.840354099408308,2.885982277712055,1019623.63,262199302.00000003
2022-02-25,000671.SZ,000671.SZ,2.885981029410196,2.920202148336009,2.8745739897682587,2.874573989768259,596876.04,151258444.0
2022-02-28,000671.SZ,000671.SZ,2.8745726118732886,2.8745726118732886,2.7148741334358837,2.760502270132285,1116855.06,270006809.0
2022-03-01,000671.SZ,000671.SZ,2.760501633967153,2.8061297601484285,2.726280539331197,2.771908665512472,784196.83,189706270.0
2022-03-02,000671.SZ,000671.SZ,2.760502509248159,2.8403517553834363,2.7490954740859768,2.8061306498968888,839634.33,206333981.0
2022-03-03,000671.SZ,000671.SZ,2.8061302009159848,2.8973864676124395,2.8061302009159848,2.851758334264212,865440.96,216148197.0
2022-03-04,000671.SZ,000671.SZ,2.8403513009271557,2.8403513009271557,2.7719091009048142,2.794723167578928,738460.23,181362309.0
2022-03-07,000671.SZ,000671.SZ,2.7833168787503015,2.851759097080227,2.7605028059736596,2.771909842361981,825261.29,202782670.0
2022-03-08,000671.SZ,000671.SZ,2.771910603744942,2.783317643266526,2.6464331690075165,2.657840208529101,822072.99,193969033.0
2022-03-09,000671.SZ,000671.SZ,2.6920626067283857,2.6920626067283857,2.4297005730218055,2.543771022459449,1101150.42,246923438.0
2022-03-10,000671.SZ,000671.SZ,2.566586104759888,2.6122143021778412,2.532364956696423,2.566586104759888,816598.89,184185353.0
2022-03-11,000671.SZ,000671.SZ,2.5323644061823014,2.6464348749292514,2.4753291718088257,2.6236207811798615,897499.68,201728758.0
2022-03-14,000671.SZ,000671.SZ,2.646436072411096,2.657843124447351,2.520958500012294,2.520958500012294,841209.52,190835823.0
2022-03-15,000671.SZ,000671.SZ,2.5095522641893746,2.5209593199356894,2.338446427994644,2.3498534837409597,1023394.78,217471007.0
2022-03-16,000671.SZ,000671.SZ,2.3840739191244316,2.4867373893259623,2.2928175011675154,2.4525162325921186,1062658.09,222740606.0
2022-03-17,000671.SZ,000671.SZ,2.600808899420681,2.7034724086083397,2.600808899420681,2.7034724086083397,890259.72,208926375.0
2022-03-18,000671.SZ,000671.SZ,2.737694018885951,2.9772422455384713,2.669251668413802,2.9772422455384717,3670234.66,900389810.0
2022-03-21,000671.SZ,000671.SZ,2.9886496892467482,3.2738261863122773,2.8973932101857787,3.2738261863122777,5693736.16,1576697417.0
2022-03-22,000671.SZ,000671.SZ,3.2852323625087414,3.6046299533082027,3.205382964808876,3.6046299533082022,4151148.66,1249304774.0
2022-03-23,000671.SZ,000671.SZ,3.9696564101599106,3.9696564101599106,3.7985505304116387,3.9696564101599106,4581625.05,1586589330.0
2022-03-24,000671.SZ,000671.SZ,4.106542186162475,4.368904603611744,4.072321001277787,4.368904603611744,8582515.12,3227987022.0
2022-03-25,000671.SZ,000671.SZ,4.289055605564275,4.779559305136785,3.935436659360837,4.403126233371835,8555091.4,3219231340.0
2022-03-28,000671.SZ,000671.SZ,4.448753395858468,4.848000495486791,4.311868675985899,4.848000495486791,7454951.79,3054806383.0
2022-03-29,000671.SZ,000671.SZ,4.790962693730386,4.859405017926534,4.368901694520805,4.368901694520805,7109728.79,2757283488.0
2022-03-30,000671.SZ,000671.SZ,4.220610418530505,4.802370232976601,4.015283425196588,4.403123301493986,11804477.49,4660038747.0
2022-03-31,000671.SZ,000671.SZ,4.471564538386877,4.8479972673837315,4.140760018965399,4.8479972673837315,10935447.42,4356821609.0
2022-04-01,000671.SZ,000671.SZ,5.041916834879264,5.041916834879264,4.368900786784521,4.44875014842288,11331827.95,4574789053.0
2022-04-06,000671.SZ,000671.SZ,4.414529854206682,4.505786285301394,4.083725291488352,4.09513234537519,7153163.53,2668922728.0
2022-04-07,000671.SZ,000671.SZ,3.8783995689020077,4.391717158903744,3.8327713386796307,4.220611295569832,8289770.34,3031447424.0
2022-04-08,000671.SZ,000671.SZ,4.243424955621995,4.391716687942118,4.003876772643333,4.254832011954312,6797695.12,2525932372.0
2022-04-11,000671.SZ,000671.SZ,4.003875485682942,4.049503696345996,3.832769695696492,3.8327696956964914,3987403.79,1352138148.0
2022-04-12,000671.SZ,000671.SZ,3.5932234934090173,3.6502587869551926,3.444931730188963,3.444931730188963,5926050.28,1819632610.0
2022-04-13,000671.SZ,000671.SZ,3.4107118286520537,3.5133753954007774,3.273827072987088,3.296641198931249,4196390.11,1244767191.0
2022-04-14,000671.SZ,000671.SZ,3.296642286711846,3.4335270875441717,3.285235219975819,3.3878988206000638,3607178.83,1065413178.0000001
2022-04-15,000671.SZ,000671.SZ,3.3536776895399742,3.4563412922809937,3.205385818914057,3.319456488626301,3691913.12,1083076887.0
2022-04-18,000671.SZ,000671.SZ,3.22819839681768,3.3308619500733654,3.1483489665077014,3.1711630894534095,3009554.24,852616721.0
2022-04-19,000671.SZ,000671.SZ,3.2167910215115243,3.308047504391284,3.159755719711675,3.2738263233113742,3069762.31,873973938.0
2022-04-20,000671.SZ,000671.SZ,3.239606803567434,3.285235068406412,3.0913149428407563,3.114129075260245,2691535.01,746106929.0
2022-04-21,000671.SZ,000671.SZ,3.091315109938861,3.1825716445496024,2.9430232411964066,2.954430308022749,2388811.34,633246782.0
2022-04-22,000671.SZ,000671.SZ,2.943023218644504,3.022872685817029,2.897394951688775,2.9772444188613005,2213227.61,576712972.0
2022-04-25,000671.SZ,000671.SZ,2.943023532245339,3.1597578233796857,2.749103377019871,2.7833245808831886,3505242.82,906561558.0
2022-04-26,000671.SZ,000671.SZ,2.817544904263449,3.0456861920580596,2.749102517925065,2.920208483771024,3932887.17,1000670990.0
2022-04-27,000671.SZ,000671.SZ,2.8175434616804584,2.8631716958777123,2.669251700539381,2.8517646373283987,3246727.41,790355367.0
2022-04-28,000671.SZ,000671.SZ,2.817543461680458,2.931614047173593,2.726286993285949,2.874578754427026,3284573.81,813079114.0
2022-04-29,000671.SZ,000671.SZ,2.8745800914404005,3.011464857699467,2.7262882613264114,2.943022474569934,4575184.26,1142116470.0
2022-05-05,000671.SZ,000671.SZ,2.8517653274799826,2.931614756649422,2.760508837000623,2.863172388789902,3540830.16,886282881.0
2022-05-06,000671.SZ,000671.SZ,2.7605096615681974,2.7719167262854216,2.62362488496151,2.635031949678734,3034656.84,713517207.0
2022-05-09,000671.SZ,000671.SZ,2.635031711073479,2.8973941758123964,2.612217583704877,2.8973941758123964,1853136.65,457226834.0
2022-05-10,000671.SZ,000671.SZ,2.96583635493319,3.1255352355834387,2.931615166222422,3.000057543643957,5260865.12,1389507937.0
2022-05-11,000671.SZ,000671.SZ,2.9544278613413995,3.0570913777586686,2.8745784596835238,2.897392574442917,3891758.13,1003982103.0
2022-05-12,000671.SZ,000671.SZ,2.863171612659277,2.9202069037481073,2.7148798558283183,2.7947292633526812,2672350.84,655745798.0
2022-05-13,000671.SZ,000671.SZ,2.7833230269820226,2.908800704427933,2.714880657466071,2.8973936428419416,3486816.96,867506022.0
2022-05-16,000671.SZ,000671.SZ,3.0342783344632447,3.091313641502027,2.863172413346896,2.920207720385679,3413820.31,881042571.0
2022-05-17,000671.SZ,000671.SZ,2.874579474754653,2.8859865361624095,2.749101799269331,2.8289512291236267,2186058.37,537233138.0
2022-05-18,000671.SZ,000671.SZ,2.8061364649053466,2.8517647001070596,2.7605082297036336,2.7947294061049184,1605226.85,393934031.0
2022-05-19,000671.SZ,000671.SZ,2.7262878583083685,2.9544291016814532,2.7034737339710597,2.897393790838182,3112015.7,776639701.0
2022-05-20,000671.SZ,000671.SZ,2.8631727428728286,2.8859868683140464,2.8061374292697847,2.8289515547110025,2094951.51,520163175.0
2022-05-23,000671.SZ,000671.SZ,2.8061367878669436,2.851765028320065,2.783322667640383,2.7947297277536634,1377012.88,338457269.0
2022-05-24,000671.SZ,000671.SZ,2.79472883959803,2.8061358960861846,2.6806582747164773,2.6920653312046325,1754511.4,421065745.0
2022-05-25,000671.SZ,000671.SZ,2.6920653312046325,2.714879444180943,2.6464371052520117,2.6920653312046325,1194587.25,280915576.0
2022-05-26,000671.SZ,000671.SZ,2.7148782618947336,2.9544263438266216,2.6806571073330354,2.8289487771003947,3295499.48,813194664.0
2022-05-27,000671.SZ,000671.SZ,2.7947278088538714,2.8061348611349075,2.7262854951676543,2.73769254744869,1999418.34,482671783.0
2022-05-30,000671.SZ,000671.SZ,2.72628457100308,2.7376916194173186,2.6806563773461245,2.692063425760363,1235881.67,292549656.0
2022-05-31,000671.SZ,000671.SZ,2.680656736262459,2.7605060858532555,2.6236214865547467,2.7262849360286285,1559960.84,367242588.0
2022-06-01,000671.SZ,000671.SZ,2.7034694613035377,2.749097637865623,2.657841284741453,2.6692483288819737,1248821.48,295606923.0
2022-06-02,000671.SZ,000671.SZ,2.6464342866258748,2.6578413309647795,2.612213153609161,2.6236201979480653,1283924.87,295864906.0
2022-06-06,000671.SZ,000671.SZ,2.612212237043142,2.635026317716008,2.520955914351678,2.600805196706709,1648428.52,371084735.0
2022-06-07,000671.SZ,000671.SZ,2.5779912953723554,2.6350265010221867,2.5551772131124237,2.62361945989222,1349333.83,306617525.0
2022-06-08,000671.SZ,000671.SZ,2.6008057244063383,2.6122127670572435,2.555177553802719,2.566584596453623,1100942.48,248615953.0
2022-06-09,000671.SZ,000671.SZ,2.566584596453623,2.6236198097081482,2.543770511151813,2.566584596453623,1218665.6,276615111.0
2022-06-10,000671.SZ,000671.SZ,2.5437699356381227,2.555176975708249,2.5095488154277446,2.5209558554978706,1427413.93,316222700.0
2022-06-13,000671.SZ,000671.SZ,2.4981426003253677,2.520956687999572,2.4297003373027546,2.452514424976959,1445144.91,312684685.0
2022-06-14,000671.SZ,000671.SZ,2.4411071134745743,2.692062050373829,2.429700070888244,2.6008057096831907,3060989.49,687380588.0
2022-06-15,000671.SZ,000671.SZ,2.5779914419978502,2.6806548180066145,2.5437703166615955,2.57799144199785,2650539.59,606572639.0
2022-06-16,000671.SZ,000671.SZ,2.5551782292631238,2.600806411928536,2.5323641379304176,2.5437711835967702,1550522.58,347729393.0
2022-06-17,000671.SZ,000671.SZ,2.520956874545042,2.543770963907441,2.4753286958202447,2.5095498298638432,1131428.05,248730099.0
2022-06-20,000671.SZ,000671.SZ,2.5209573247159125,2.5779925583067698,2.509550277997741,2.555178464870427,1272753.0,284461112.0
2022-06-21,000671.SZ,000671.SZ,2.55517955025597,2.6578430143287544,2.543772498692327,2.5779936533832553,1977994.73,451528982.0
2022-06-22,000671.SZ,000671.SZ,2.577992786239935,2.5893998339666604,2.509550499879583,2.509550499879583,1425989.21,317121707.0
2022-06-23,000671.SZ,000671.SZ,2.5095493643363707,2.5323634494667013,2.475328236640874,2.5209564069015356,1407231.06,309668408.0
2022-06-24,000671.SZ,000671.SZ,2.498141170553545,2.5209552451704726,2.463920058628154,2.475327095936618,1121162.72,243722214.0
2022-06-27,000671.SZ,000671.SZ,2.463920058628154,2.509548207862009,2.45251302131969,2.475327095936618,1053731.14,229153672.0
2022-06-28,000671.SZ,000671.SZ,2.475327829366868,2.4867348700551952,2.452513747990215,2.463920788678542,902727.74,195266136.0
2022-06-29,000671.SZ,000671.SZ,2.463921321418172,2.555177666655882,2.452514278263458,2.5323635803464546,2253589.39,498067399.0
2022-06-30,000671.SZ,000671.SZ,2.5209552939802977,2.5323623315096206,2.4867341813923303,2.4981412189216523,1102650.54,242008677.0
2022-07-01,000671.SZ,000671.SZ,2.4867352356759462,2.53236340513789,2.47532819331046,2.47532819331046,861504.65,188582700.0
2022-07-04,000671.SZ,000671.SZ,2.4753289267410357,2.4867359724863864,2.429700743759634,2.4639218809956853,977253.26,209904219.0
2022-07-05,000671.SZ,000671.SZ,2.4639225257602897,2.475329574490661,2.4297013795691744,2.4411084282995463,751033.4,161193495.0
2022-07-06,000671.SZ,000671.SZ,2.4297018277665168,2.4411088786011015,2.33844542108984,2.3498524719244247,1615389.87,335053227.0
2022-07-07,000671.SZ,000671.SZ,2.33844542108984,2.372666573593594,2.3270383702552557,2.3498524719244247,749924.75,154302439.0
2022-07-08,000671.SZ,000671.SZ,2.349853343089244,2.372667453216324,2.327039232962164,2.3384462880257035,691275.78,142444328.0
2022-07-11,000671.SZ,000671.SZ,2.338446635319706,2.3498536920773634,2.2928184082890777,2.304225465046735,796322.75,161531282.0
2022-07-12,000671.SZ,000671.SZ,2.2928184307676895,2.349853715115145,2.2928184307676895,2.3270396013761627,1026597.2,209006162.0
2022-07-13,000671.SZ,000671.SZ,2.3156328129858075,2.4182963367142425,2.3156328129858075,2.361261045754001,1310973.0,273169881.0
2022-07-14,000671.SZ,000671.SZ,2.349852998762007,2.3612600521540554,2.292817731801764,2.3042247851938127,1051070.93,212972774.0
2022-07-15,000671.SZ,000671.SZ,2.2357822461236716,2.2471892983998125,2.087490566533836,2.0988976188099775,2040259.77,381470302.0
2022-07-18,000671.SZ,000671.SZ,2.0874904011880484,2.304224377267682,2.064676298442824,2.304224377267682,2052437.16,403417183.0
2022-07-19,000671.SZ,000671.SZ,2.304224377267682,2.418294890993805,2.2814102745224574,2.304224377267682,2680435.37,549034490.0
2022-07-20,000671.SZ,000671.SZ,2.2814102284333613,2.3270384330020284,2.247189075006861,2.2585961261490275,1421231.21,283743151.0
2022-07-21,000671.SZ,000671.SZ,2.247189121340656,2.270003224095383,2.2129679672085647,2.2129679672085647,1021032.96,199751719.0
2022-07-22,000671.SZ,000671.SZ,2.2243742118177874,2.2471883062979696,2.1787460228574225,2.2015601173376047,817781.91,158555721.0
2022-07-25,000671.SZ,000671.SZ,2.2129679787825958,2.4182949046490223,2.2129679787825958,2.4182949046490223,2172777.69,452487087.0
2022-07-26,000671.SZ,000671.SZ,2.4639239986784105,2.6578439430188405,2.429702832030099,2.6578439430188405,3317696.98,746490634.0
2022-07-27,000671.SZ,000671.SZ,2.920206887092998,2.920206887092998,2.6920657240388572,2.7491010148023927,8030901.67,1991639561.0
2022-07-28,000671.SZ,000671.SZ,2.680658898069184,3.0114636131500623,2.6350306615063044,2.8973930217428627,7151697.08,1763997148.0
2022-07-29,000671.SZ,000671.SZ,2.806137161310673,2.806137161310673,2.6122171135778216,2.6122171135778216,4722533.78,1104448712.0
2022-08-01,000671.SZ,000671.SZ,2.509552385447069,2.5665876669345025,2.4525171039596354,2.4639241602571227,3360919.13,734306058.0
2022-08-02,000671.SZ,000671.SZ,2.4525166183126843,2.4639236723513482,2.2700037536940663,2.304224915810057,2850433.51,582099154.0
2022-08-03,000671.SZ,000671.SZ,2.3156319230682767,2.3612601383011493,2.23578254641075,2.2585966540271865,2081647.0,418230274.0
2022-08-04,000671.SZ,000671.SZ,2.2471907068751533,2.292818944578202,2.2243765880236293,2.270004825726678,1708275.0,337770503.0
2022-08-05,000671.SZ,000671.SZ,2.2585983061608697,2.4182971762934566,2.2357841818562143,2.338447741227163,2705432.48,551963974.0
2022-08-08,000671.SZ,000671.SZ,2.566588927490774,2.5779959893907325,2.4981465560910197,2.5779959893907325,1473644.75,331681567.0
2022-08-09,000671.SZ,000671.SZ,2.7034745916535052,2.7034745916535052,2.5209615390524247,2.54377567062756,4679035.14,1066317631.0
2022-08-10,000671.SZ,000671.SZ,2.520960773760528,2.600810210033486,2.463925462136987,2.5551819607346533,2834159.8,630903530.0
2022-08-11,000671.SZ,000671.SZ,2.5437752684135666,2.600810588333153,2.48673994849398,2.5095540764618147,2429021.4,538025506.0
2022-08-12,000671.SZ,000671.SZ,2.4981478890207094,2.6692539088166485,2.4639266850615216,2.6008115008982724,3496354.67,787996839.0
2022-08-15,000671.SZ,000671.SZ,2.5665896465813622,2.6008108418691136,2.509554321101777,2.5209613861976936,2105688.6,467504968.0
2022-08-16,000671.SZ,000671.SZ,2.543776646956424,2.7719180502709015,2.543776646956424,2.7719180502709015,6137225.24,1450283752.0
2022-08-17,000671.SZ,000671.SZ,2.7034751000855834,2.771917507682687,2.6578468283541814,2.6806609642198826,4570404.8,1081553464.0
2022-08-18,000671.SZ,000671.SZ,2.6350324623546215,2.6692536631644215,2.5779971276716207,2.612218328481421,2766908.14,633613907.0
2022-08-19,000671.SZ,000671.SZ,2.6008106252948546,2.7719165874853062,2.589403561148825,2.6578459460250055,3243803.41,763941109.0
2022-08-22,000671.SZ,000671.SZ,2.6920673515850777,2.8403591972232394,2.600810831192363,2.737695611781435,3794294.68,906103448.0
2022-08-23,000671.SZ,000671.SZ,2.692066427270107,2.7148805495351076,2.623624060475104,2.6578452438726057,2381806.9,553612877.0
2022-08-24,000671.SZ,000671.SZ,2.6350309000784398,2.7034732611194383,2.566588539037441,2.577995599210941,2005980.52,460461046.0
2022-08-25,000671.SZ,000671.SZ,2.5779944483200476,2.6122156135632344,2.509552117833675,2.555180338157924,1891190.74,422638485.0
2022-08-26,000671.SZ,000671.SZ,2.5437729147476986,2.577994075035784,2.509551754459613,2.520958807888975,1379561.45,307035409.0
2022-08-29,000671.SZ,000671.SZ,2.4867367920718824,2.4867367920718824,2.4297015445472976,2.4867367920718824,1271167.87,274249108.0
2022-08-30,000671.SZ,000671.SZ,2.4867364060031565,2.566585740140872,2.475329358269197,2.4981434537371157,1371286.5,301493964.0
2022-08-31,000671.SZ,000671.SZ,2.486736001185603,2.5437712305705933,2.4411078176776098,2.4525148635546077,1527509.08,332756843.0
2022-09-01,000671.SZ,000671.SZ,2.4411086536734374,2.566586201292165,2.4411086536734374,2.498143902591041,2159687.21,476291332.0
2022-09-02,000671.SZ,000671.SZ,2.4867359202812005,2.498142965787077,2.4297006927518146,2.463921829269446,1428201.89,307247918.0
2022-09-05,000671.SZ,000671.SZ,2.4411071111841443,2.520956409213532,2.4297000686085175,2.4867352814866517,1511003.71,327752752.0
2022-09-06,000671.SZ,000671.SZ,2.486735436907607,2.6122129130818434,2.486735436907607,2.5551776966390087,2454589.23,550001449.0
2022-09-07,000671.SZ,000671.SZ,2.543771011943661,2.5893991915300947,2.4867357874606197,2.5893991915300947,2037877.11,454123019.0
2022-09-08,000671.SZ,000671.SZ,2.5893995747147285,2.612213667884021,2.52095729520685,2.543771388376143,1249209.7,278769618.0
2022-09-09,000671.SZ,000671.SZ,2.5665843926909893,2.7262829771250954,2.5437703092004025,2.6350266431627487,3069123.44,713194295.0
2022-09-13,000671.SZ,000671.SZ,2.5893985690747945,2.6122126533838235,2.5323633583022223,2.5437704004567365,1945167.45,437426397.0
2022-09-14,000671.SZ,000671.SZ,2.498142997035398,2.6236204991695957,2.475328905738271,2.5323641339810883,1955496.05,438819567.0
2022-09-15,000671.SZ,000671.SZ,2.555178136402451,2.6464344984168235,2.509549955395264,2.6236204079132306,3244052.35,735532616.0
2022-09-16,000671.SZ,000671.SZ,2.589398073361881,2.6122121533033953,2.463920633683552,2.463920633683552,2651305.59,589389276.0
2022-09-19,000671.SZ,000671.SZ,2.4296983218432175,2.4411053562180682,2.258592806220456,2.418291287468367,1840201.12,384735355.0
2022-09-20,000671.SZ,000671.SZ,2.429698275782586,2.4981404807342082,2.3954771733067752,2.4068842074653785,1295645.83,276671120.0
2022-09-21,000671.SZ,000671.SZ,2.3954779163483053,2.4981412556203755,2.327035690166925,2.4639201425296857,1593986.92,338046929.0
2022-09-22,000671.SZ,000671.SZ,2.4296993979241566,2.4753275556316523,2.3954782796435348,2.4068853190704087,1133343.0,241119248.0
2022-09-23,000671.SZ,000671.SZ,2.3954782796435348,2.4981416344854006,2.3840712402166604,2.4068853190704087,1377379.67,294535053.0
2022-09-26,000671.SZ,000671.SZ,2.39547751261847,2.4296986199415906,2.3042212264234805,2.315628262197854,1276412.86,263260646.0
2022-09-27,000671.SZ,000671.SZ,2.3042207318589245,2.3384418318370273,2.2699996318808218,2.3384418318370273,989415.33,200067548.0
2022-09-28,000671.SZ,000671.SZ,2.327035621200063,2.327035621200063,2.25859339704712,2.25859339704712,914042.19,183449780.0
2022-09-29,000671.SZ,000671.SZ,2.2814075430587515,2.292814580774045,2.1901512413364013,2.1901512413364013,1006548.54,197237086.0
2022-09-30,000671.SZ,000671.SZ,2.2357793921975766,2.292814580774045,2.2129653167669887,2.2243723544822824,1050946.0,206999162.0
2022-10-10,000671.SZ,000671.SZ,2.25859440383271,2.281408488719909,2.1901521491711122,2.201559191614712,955803.27,187611871.0
2022-10-11,000671.SZ,000671.SZ,2.201558511551925,2.2129655504718833,2.121709239112218,2.1787444337120085,837186.97,158626976.0
2022-10-12,000671.SZ,000671.SZ,2.178744849245741,2.224373013627851,2.1445237259591585,2.212965972532323,1051446.22,201731595.0
2022-10-13,000671.SZ,000671.SZ,2.2015595506252454,2.212966594929003,2.1673384177139723,2.1901525063214877,898996.12,172274845.0
2022-10-14,000671.SZ,000671.SZ,2.1787461807791195,2.2357814211136513,2.167339132712213,2.2129673249798385,1255073.08,243142399.0
2022-10-17,000671.SZ,000671.SZ,2.201561067216621,2.2357822237018534,2.1673399107313887,2.2243751715401094,1067495.24,206771450.0
2022-10-18,000671.SZ,000671.SZ,2.2243756301741655,2.2585967937153066,2.201561521146738,2.212968575660452,1048816.48,204689916.0
2022-10-19,000671.SZ,000671.SZ,2.201560524650471,2.2243746233515123,2.167339376598909,2.167339376598909,752572.0,144629110.0
2022-10-20,000671.SZ,000671.SZ,2.1673397206210323,2.190153822943359,2.144525618298706,2.155932669459869,767111.39,145332023.0
2022-10-21,000671.SZ,000671.SZ,2.178746771782196,2.2015608741045223,2.144525618298706,2.155932669459869,705779.0,134353628.0
2022-10-24,000671.SZ,000671.SZ,2.155932728044996,2.167339779516133,2.0874904192181707,2.098897470689308,941011.33,174632205.0
2022-10-25,000671.SZ,000671.SZ,2.0988965480970134,2.1103035945540625,2.0532683622688177,2.0760824551829153,667162.82,121201360.0
2022-10-26,000671.SZ,000671.SZ,2.076083476207074,2.0988975803412178,2.064676424140002,2.0874905282741456,643903.71,117518838.0
2022-10-27,000671.SZ,000671.SZ,2.064676424140002,2.1103046324082895,2.0532693720729305,2.0874905282741456,929779.28,169541097.0
2022-10-28,000671.SZ,000671.SZ,2.0760840379708383,2.0760840379708383,1.927792320972921,1.9391993761266069,1522622.54,264044300.0
2022-10-31,000671.SZ,000671.SZ,1.916385380572844,1.9506065480830732,1.8365359897156421,1.9049783247361007,1398696.12,231672711.0
2022-11-01,000671.SZ,000671.SZ,1.9049781902670424,1.9506064103931993,1.882164080203964,1.9391993553616602,941658.44,157999317.0
2022-11-02,000671.SZ,000671.SZ,1.92779218889704,1.984827460757899,1.92779218889704,1.9734204063857275,912195.5,157013000.0
2022-11-03,000671.SZ,000671.SZ,1.9506070709586736,1.973421188747664,1.9277929531696834,1.9277929531696834,782544.27,133599638.0
2022-11-04,000671.SZ,000671.SZ,1.9506077587449817,1.9848289474948937,1.9392006958283445,1.9734218845782565,933759.39,161289315.0
2022-11-07,000671.SZ,000671.SZ,1.9848288685528335,2.0190500559416757,1.9734218060898863,2.0076429934787283,1021002.49,179239443.0
2022-11-08,000671.SZ,000671.SZ,2.0190496867439514,2.0304567471210357,1.9848285056126977,1.9962355659897824,738531.52,129729053.0
2022-11-09,000671.SZ,000671.SZ,2.0190494252090176,2.2015623676007934,2.0190494252090176,2.2015623676007934,1172903.0,221740444.0
2022-11-10,000671.SZ,000671.SZ,2.2700054078196503,2.349854844275618,2.2015630337145353,2.22437715841624,4252102.27,846545637.0
2022-11-11,000671.SZ,000671.SZ,2.2357840127871653,2.4525181772920437,2.224376951497435,2.4525181772920437,5670712.2,1181345757.0
2022-11-14,000671.SZ,000671.SZ,2.5894038334454,2.69206742155557,2.509554376026379,2.5665897027542512,6886141.04,1560809042.0
2022-11-15,000671.SZ,000671.SZ,2.452517919105396,2.5894026401717443,2.441110859016534,2.475332039283121,4323722.77,942452039.0
2022-11-16,000671.SZ,000671.SZ,2.4411102805542453,2.4753314527115475,2.349853821468105,2.4068891083969426,3451931.33,725054280.0
2022-11-17,000671.SZ,000671.SZ,2.3840750165492057,2.4297032465310084,2.3384467865674026,2.372667959053755,2073976.23,431583838.0
2022-11-18,000671.SZ,000671.SZ,2.372667959053755,2.4297032465310084,2.349853844062854,2.372667959053755,2133439.62,446790033.0
2022-11-21,000671.SZ,000671.SZ,2.3498532911560672,2.361260345967504,2.2357827430416948,2.3270391815331926,2143972.88,431344790.0
2022-11-22,000671.SZ,000671.SZ,2.3612597735407537,2.395480929679026,2.247189253079848,2.258596305125938,1806774.97,365477741.0
2022-11-23,000671.SZ,000671.SZ,2.224375171685372,2.258596328172839,2.2129681195228827,2.235782223847861,1464546.63,286773068.0
2022-11-24,000671.SZ,000671.SZ,2.2928165942457492,2.4297011670365403,2.2814095465131836,2.349851832908579,3379868.93,695188454.0
2022-11-25,000671.SZ,000671.SZ,2.3270378461835284,2.4753294736364,2.3270378461835284,2.441108328839584,3818228.27,812137447.0
2022-11-28,000671.SZ,000671.SZ,2.361259921861293,2.4182951856743684,2.2928176052856037,2.3726669746239084,2463545.66,508712377.0
2022-11-29,000671.SZ,000671.SZ,2.5779950050820544,2.6122161777158874,2.4297032570021133,2.6122161777158874,4546847.09,1010113560.0
2022-11-30,000671.SZ,000671.SZ,2.63502943820069,2.817542299721084,2.4867377382153695,2.5323659535954683,6540390.31,1512715417.0
2022-12-01,000671.SZ,000671.SZ,2.5095506319826657,2.5551788252914416,2.418294245365114,2.452515390346696,3549638.91,770537670.0
2022-12-02,000671.SZ,000671.SZ,2.4411078770464845,2.4411078770464845,2.3498515078111017,2.3954796924287933,2367503.05,496044448.0
2022-12-05,000671.SZ,000671.SZ,2.4297010611954577,2.4753292501380955,2.3954799194884795,2.406886966724139,2065505.0,439791855.0
2022-12-06,000671.SZ,000671.SZ,2.395480729388833,2.429701882665816,2.349852525019522,2.395480729388833,1673024.39,349882031.0
2022-12-07,000671.SZ,000671.SZ,2.3612586591178397,2.3840727524426497,2.3156304724682193,2.349851612455435,1373371.42,282053997.0
2022-12-08,000671.SZ,000671.SZ,2.327038123265365,2.4068874706323133,2.327038123265365,2.3726663217607644,1953828.9,406704690.0
2022-12-09,000671.SZ,000671.SZ,2.3840733713846136,2.429701569880013,2.3384451728892146,2.3726663217607644,2283187.74,476323739.0
2022-12-12,000671.SZ,000671.SZ,2.3498525947668822,2.3726666976286968,2.292817337612346,2.3042243890432537,1461950.15,297719062.0
2022-12-13,000671.SZ,000671.SZ,2.2928173600909476,2.349852617804653,2.2814103085482067,2.327038514719171,1213509.17,246612001.0
2022-12-14,000671.SZ,000671.SZ,2.3270381423930084,2.3270381423930084,2.2700028938049446,2.2814099435225574,1109229.57,222631014.0
2022-12-15,000671.SZ,000671.SZ,2.2814099435225574,2.3156310926753956,2.2357817446521064,2.304224042957783,1105101.55,220772527.0
2022-12-16,000671.SZ,000671.SZ,2.3042229414262896,2.395479295542182,2.2928158971618027,2.338444074219749,1925059.43,395354380.0
2022-12-19,000671.SZ,000671.SZ,2.327037259219995,2.3954795315499946,2.2814090776666616,2.3156302138316613,1383049.0,282437857.0
2022-12-20,000671.SZ,000671.SZ,2.2814092786197926,2.2814092786197926,2.190152907475001,2.2015599538680997,1385083.0,269240673.0
2022-12-21,000671.SZ,000671.SZ,2.2015607221207922,2.2243748228681577,2.1559325206260604,2.190153671747109,800699.0,154012872.0
2022-12-22,000671.SZ,000671.SZ,2.2243748228681577,2.2471889236155236,2.1787466213734263,2.190153671747109,1021372.24,198706991.0
2022-12-23,000671.SZ,000671.SZ,2.1673395709997436,2.2015607221207922,2.1559325206260604,2.190153671747109,621102.0,118882050.0
2022-12-26,000671.SZ,000671.SZ,2.178745887479827,2.190152934011135,2.144524747885903,2.1673388409485193,616332.71,116619354.0
2022-12-27,000671.SZ,000671.SZ,2.1787448714843354,2.212965995120215,2.155930789060416,2.2015589539082554,752408.0,144199244.0
2022-12-28,000671.SZ,000671.SZ,2.178745736065634,2.201559827542761,2.144524598849943,2.155931644588507,813083.32,154759310.0
2022-12-29,000671.SZ,000671.SZ,2.1559316912032456,2.1559316912032456,2.098896461277234,2.110303507262436,934657.75,173433470.0
2022-12-30,000671.SZ,000671.SZ,2.121710101819861,2.155931232494375,2.121710101819861,2.1445241889362037,826113.99,155075219.0
2023-01-03,000671.SZ,000671.SZ,2.1445232457946757,2.1787443614190587,2.1217091687117535,2.1787443614190587,610745.79,115659526.0
2023-01-04,000671.SZ,000671.SZ,2.1673368740855254,2.2585931635207057,2.1673368740855254,2.2585931635207057,1587859.68,311329794.0
2023-01-05,000671.SZ,000671.SZ,2.224370971609595,2.235778002233234,2.1787428491150393,2.201556910362317,1128884.93,217541821.0
2023-01-06,000671.SZ,000671.SZ,2.2243717478223823,2.2357787824265998,2.178743609405513,2.19015064400973,891130.46,171494942.0
2023-01-09,000671.SZ,000671.SZ,2.1787428755129286,2.2015569370366244,2.1559288139892328,2.1673358447510807,559586.71,106488974.0
2023-01-10,000671.SZ,000671.SZ,2.1559280026181735,2.1673350290870528,2.121706923211536,2.121706923211536,699430.93,130757310.0
2023-01-11,000671.SZ,000671.SZ,2.1331139496804155,2.1559280026181735,2.110299896742657,2.121706923211536,635195.93,118602605.0
2023-01-12,000671.SZ,000671.SZ,2.1217069927756977,2.1217069927756977,2.0760788854041774,2.0874859122470575,590773.05,108177989.0
2023-01-13,000671.SZ,000671.SZ,2.087485991233011,2.1103000457820054,2.0760789639585133,2.1103000457820054,338285.1,62263470.0
2023-01-16,000671.SZ,000671.SZ,2.0988921721796783,2.133113240204347,2.0874851495047886,2.121706217529457,434839.0,80444945.0
2023-01-17,000671.SZ,000671.SZ,2.1217069515251215,2.1445210047673267,2.098892898282916,2.1102999249040186,464554.0,86228087.0
2023-01-18,000671.SZ,000671.SZ,2.121706095998125,2.1331131180196206,2.11029907397663,2.121706095998125,376855.15,70060207.0
2023-01-19,000671.SZ,000671.SZ,2.121706095998125,2.1331131180196206,2.11029907397663,2.121706095998125,505487.88,93929222.0
2023-01-20,000671.SZ,000671.SZ,2.1217053698527235,2.1559264242051865,2.1102983517352354,2.133112387970211,923601.85,172549657.0
2023-01-30,000671.SZ,000671.SZ,2.144520273021076,2.1787413412075827,2.133113250292241,2.144520273021076,907214.38,171031999.0
2023-01-31,000671.SZ,000671.SZ,2.1331137808074536,2.2015559342023447,2.110299729675823,2.2015559342023447,1250092.94,237699209.0
2023-02-01,000671.SZ,000671.SZ,2.2015559342023447,2.2015559342023447,2.1559278319390835,2.2015559342023447,821596.1,156935804.0
2023-02-02,000671.SZ,000671.SZ,2.2015559342023447,2.21296295976816,2.167334857504899,2.2015559342023447,666693.1,128016540.0
2023-02-03,000671.SZ,000671.SZ,2.1901490008533253,2.2015560268994365,2.155927922714992,2.1673349487611033,558018.63,106073068.0
2023-02-06,000671.SZ,000671.SZ,2.155928960327361,2.155928960327361,2.1217078657189905,2.133114897255114,665823.68,124748414.0
2023-02-07,000671.SZ,000671.SZ,2.133114502233837,2.1787426199286783,2.121707472810127,2.1559285610812573,581776.65,110085587.0
2023-02-08,000671.SZ,000671.SZ,2.1559285725489623,2.2015566904865063,2.144521543064576,2.144521543064576,696599.37,132650030.99999999
2023-02-09,000671.SZ,000671.SZ,2.144521225357681,2.1673352809465927,2.1331141975632257,2.155928253152137,461867.37,86994958.0
2023-02-10,000671.SZ,000671.SZ,2.1445212140707266,2.178742297273983,2.1445212140707266,2.1673352695395645,565789.5,107454577.0
2023-02-13,000671.SZ,000671.SZ,2.1787419550631513,2.1787419550631513,2.1445208772349345,2.1787419550631513,500548.5,94815779.0
2023-02-14,000671.SZ,000671.SZ,2.1787410835663694,2.2015551263262267,2.155927040806512,2.1673340621864408,581412.87,110894012.0
2023-02-15,000671.SZ,000671.SZ,2.1559277288683334,2.167334753888801,2.133113678827399,2.144520703847866,462523.0,87019422.0
2023-02-16,000671.SZ,000671.SZ,2.1445216775761855,2.167335737975932,2.098893556776692,2.1103005869765656,846610.12,158708288.0
2023-02-17,000671.SZ,000671.SZ,2.1103014471534354,2.1217084820029135,2.087487377454479,2.0988944123039572,466244.11,86050161.0
2023-02-20,000671.SZ,000671.SZ,2.098894866118965,2.121708940750693,2.087487828803101,2.110301903434829,477236.11,88051635.0
2023-02-21,000671.SZ,000671.SZ,2.133115524212094,2.167336628878598,2.121708489323259,2.1445225591009285,641012.38,120411948.0
2023-02-22,000671.SZ,000671.SZ,2.1217088070122307,2.1331158436090707,2.110301770415391,2.1331158436090707,329214.58,61228387.0
2023-02-23,000671.SZ,000671.SZ,2.1331149720133493,2.144522003949249,2.121707940077449,2.121707940077449,396010.5,73934083.0
2023-02-24,000671.SZ,000671.SZ,2.121707940077449,2.1331149720133493,2.0988938762056484,2.121707940077449,348032.93,64358932.0
2023-02-27,000671.SZ,000671.SZ,2.121708009641644,2.121708009641644,2.08748691271194,2.08748691271194,387092.11,71437786.0
2023-02-28,000671.SZ,000671.SZ,2.098893030987382,2.13311411301435,2.087486003645059,2.121707085672027,523559.43,96862506.0
2023-03-01,000671.SZ,000671.SZ,2.121707085672027,2.13311411301435,2.1103000583297047,2.121707085672027,364571.04,67824387.0
2023-03-02,000671.SZ,000671.SZ,2.121707819667992,2.1331148509565296,2.0988937570909165,2.1103007883794542,433781.57,80514686.0
2023-03-03,000671.SZ,000671.SZ,2.1102999374517175,2.1331139908295738,2.098892910762789,2.1217069641406456,365268.66,67862733.0
2023-03-06,000671.SZ,000671.SZ,2.121707698136568,2.133114728771711,2.0988936368662823,2.1103006675014253,346383.0,64048902.0
2023-03-07,000671.SZ,000671.SZ,2.1103002638920083,2.1217072923454783,2.076079178531597,2.0874862069850675,474087.0,87094800.0
2023-03-08,000671.SZ,000671.SZ,2.0874862069850675,2.098893235438538,2.076079178531597,2.0874862069850675,263007.0,48102364.0
2023-03-09,000671.SZ,000671.SZ,2.098893235438538,2.098893235438538,2.076079178531597,2.0874862069850675,281872.03,51538639.0
2023-03-10,000671.SZ,000671.SZ,2.0760800416206937,2.087487074816412,2.0304519088378212,2.0304519088378212,556486.0,99722511.0
2023-03-13,000671.SZ,000671.SZ,2.0190446899828043,2.0304517221296,1.973416561395622,1.9848235935424177,502311.42,87921415.0
2023-03-14,000671.SZ,000671.SZ,1.9848241012879884,1.9962311363528618,1.9277889259636207,1.9620100311582414,527624.69,90596297.0
2023-03-15,000671.SZ,000671.SZ,1.9620103002339027,1.9962314101217031,1.9620103002339027,1.9962314101217034,304207.2,52940764.0
2023-03-16,000671.SZ,000671.SZ,1.9848246636714386,1.9848246636714386,1.9506035487805518,1.9506035487805515,283803.08,48989834.0
2023-03-17,000671.SZ,000671.SZ,1.9734176253744762,1.9734176253744762,1.9506035487805518,1.9506035487805515,352057.92,60522853.0
2023-03-20,000671.SZ,000671.SZ,1.9506034569874433,1.9734175325077643,1.9391964192272828,1.939196419227283,329069.06,56327704.0
2023-03-21,000671.SZ,000671.SZ,1.9391957388074863,1.9506027725651773,1.9277887050497953,1.9506027725651776,306943.03,52136359.0
2023-03-22,000671.SZ,000671.SZ,1.9506027725651773,1.9620098063228686,1.9391957388074863,1.9506027725651776,243260.03,41700686.0
2023-03-23,000671.SZ,000671.SZ,1.9506027725651773,1.9506027725651773,1.9277887050497953,1.9506027725651776,268840.54,45668773.0
2023-03-24,000671.SZ,000671.SZ,1.950602952967746,1.9848240574057767,1.9277888833423922,1.9734170225930998,846516.7,145207772.0
2023-03-27,000671.SZ,000671.SZ,1.9620107656187022,1.9734178049536946,1.9163826082787323,1.9277896476137248,497578.0,84444212.0
2023-03-28,000671.SZ,000671.SZ,1.9277905882821673,1.9391976331832452,1.8935694535789336,1.8935694535789336,349840.5,58510004.0
2023-03-29,000671.SZ,000671.SZ,1.89356963719779,1.9049766832050055,1.8707555451833586,1.8821625911905742,440918.0,72997884.0
2023-03-30,000671.SZ,000671.SZ,1.8821618452114983,1.8935688866976286,1.8479407207531078,1.870754803725368,377151.51,61711524.0
2023-03-31,000671.SZ,000671.SZ,1.870754803725368,1.8821618452114983,1.8593477622392378,1.870754803725368,300360.65,49240953.0
2023-04-03,000671.SZ,000671.SZ,1.870754578333223,1.9049756986685866,1.8593475382214348,1.8935686585567988,373518.22,61917496.0
2023-04-04,000671.SZ,000671.SZ,1.8935692161721094,1.9049762596430257,1.8593480857593605,1.8593480857593605,349111.0,57442845.0
2023-04-06,000671.SZ,000671.SZ,1.8593479114454772,1.8707549538469832,1.8137197418394535,1.8251267842409593,514884.0,82885713.0
2023-04-07,000671.SZ,000671.SZ,1.8251267842409593,2.0076394626650553,1.8137197418394535,1.9391972082560194,1257220.93,213741285.0
2023-04-10,000671.SZ,000671.SZ,1.9277904009508746,1.9277904009508746,1.870755181987831,1.8707551819878312,701756.66,116226750.0
2023-04-11,000671.SZ,000671.SZ,1.882163047087593,1.8935700958578208,1.8479419007769096,1.882163047087593,466935.76,76859341.0
2023-04-12,000671.SZ,000671.SZ,1.8935700958578208,1.95060533970896,1.8707559983173652,1.882163047087593,639812.04,106356508.0
2023-04-13,000671.SZ,000671.SZ,1.8707564000134385,1.8935705024526268,1.8479422975742503,1.8593493487938442,711040.96,116543311.0
2023-04-14,000671.SZ,000671.SZ,1.8707562838173886,1.8707562838173886,1.836535132284144,1.8365351322841437,491877.0,79786490.0
2023-04-17,000671.SZ,000671.SZ,1.836535132284144,1.8479421827952254,1.8251280817730622,1.8365351322841437,336773.8,54200497.0
2023-04-18,000671.SZ,000671.SZ,1.847942517734746,1.847942517734746,1.825128412577527,1.825128412577527,327260.77,52525706.0
2023-04-19,000671.SZ,000671.SZ,1.825128412577527,1.825128412577527,1.7680931496844792,1.7795002022630886,701103.69,109548881.0
2023-04-20,000671.SZ,000671.SZ,1.7680936648904297,1.7795007207929487,1.6768372176702784,1.7224654412803542,1015555.47,152571666.0
2023-04-21,000671.SZ,000671.SZ,1.7224656194664345,1.7338726765489936,1.6426162198885204,1.6540232769710794,653718.0,96676989.0
2023-04-24,000671.SZ,000671.SZ,1.6312095098717405,1.6654306884005183,1.5627671528141853,1.6083953908525552,1004043.9,141439491.0
2023-04-25,000671.SZ,000671.SZ,1.6083960388391874,1.6312101670496721,1.5513607183129752,1.5855819106287024,719101.83,100310181.0
2023-04-26,000671.SZ,000671.SZ,1.5627681674479612,1.6083964351106752,1.539954033616604,1.5741752343636395,621958.31,86104476.0
2023-04-27,000671.SZ,000671.SZ,1.5741758318608086,1.596989974351545,1.5513616893700723,1.5627687606154406,548859.31,75680203.0
2023-04-28,000671.SZ,000671.SZ,1.551361273425272,1.5969895461730739,1.5399542052383215,1.5741754097991727,629356.5,86659659.0
2023-05-05,000671.SZ,000671.SZ,1.4943253621371098,1.4943253621371098,1.4943253621371098,1.4943253621371095,41935.0,5493485.0
2023-05-08,000671.SZ,000671.SZ,1.4144760864113133,1.4144760864113133,1.4144760864113133,1.4144760864113133,23797.0,2950828.0
2023-05-09,000671.SZ,000671.SZ,1.346033832018129,1.346033832018129,1.346033832018129,1.346033832018129,39046.0,4607428.0
2023-05-10,000671.SZ,000671.SZ,1.2775920497615032,1.2775920497615032,1.2775920497615032,1.2775920497615032,26605.0,2979760.0
2023-05-11,000671.SZ,000671.SZ,1.2091501660637298,1.2091501660637298,1.2091501660637298,1.2091501660637298,48832.0,5176192.0
2023-05-12,000671.SZ,000671.SZ,1.1521145527305037,1.1521145527305037,1.1521145527305037,1.1521145527305037,108056.0,10913656.0
2023-05-15,000671.SZ,000671.SZ,1.09507912179758,1.09507912179758,1.09507912179758,1.09507912179758,36269.0,3481824.0
2023-05-16,000671.SZ,000671.SZ,1.0380441158969966,1.0380441158969966,1.0380441158969966,1.0380441158969966,38731.0,3524521.0
2023-05-17,000671.SZ,000671.SZ,0.9810087819490361,0.9810087819490361,0.9810087819490361,0.9810087819490361,30782.0,2647252.0
2023-05-18,000671.SZ,000671.SZ,0.9353801014830224,0.9353801014830224,0.9353801014830224,0.9353801014830224,44937.0,3684834.0
2023-05-19,000671.SZ,000671.SZ,0.8897522601326805,0.8897522601326805,0.8897522601326805,0.8897522601326806,57864.0,4513392.0
2023-05-22,000671.SZ,000671.SZ,0.8441239847285564,0.8441239847285564,0.8441239847285564,0.8441239847285564,31415.0,2324710.0
2023-05-23,000671.SZ,000671.SZ,0.7984957068580392,0.7984957068580392,0.7984957068580392,0.7984957068580391,36177.0,2532390.0
2023-05-24,000671.SZ,000671.SZ,0.764274576349224,0.764274576349224,0.764274576349224,0.764274576349224,31367.0,2101589.0
2023-05-25,000671.SZ,000671.SZ,0.7300534179186111,0.7300534179186111,0.7300534179186111,0.7300534179186111,37595.0,2406080.0
2023-05-26,000671.SZ,000671.SZ,0.6958321639536762,0.6958321639536762,0.6958321639536762,0.6958321639536762,36338.0,2216618.0
2023-05-29,000671.SZ,000671.SZ,0.6616111381304344,0.6616111381304344,0.6616111381304344,0.6616111381304344,39762.0,2306196.0
2023-05-30,000671.SZ,000671.SZ,0.6273899636217758,0.6273899636217758,0.6273899636217758,0.6273899636217758,19877.0,1093235.0
2023-05-31,000671.SZ,000671.SZ,0.5931689780560261,0.5931689780560261,0.5931689780560261,0.5931689780560261,17636.0,917072.0
2023-06-01,000671.SZ,000671.SZ,0.5589478733740177,0.5589478733740177,0.5589478733740177,0.5589478733740177,25374.0,1243326.0
2023-06-02,000671.SZ,000671.SZ,0.5361338569743839,0.5361338569743839,0.5361338569743839,0.5361338569743839,32278.0,1517066.0
2023-06-05,000671.SZ,000671.SZ,0.5133197529585529,0.5133197529585529,0.5133197529585529,0.5133197529585529,27507.0,1237815.0
2023-06-06,000671.SZ,000671.SZ,0.49050576985806305,0.49050576985806305,0.49050576985806305,0.490505769858063,20462.0,879866.0
2023-06-07,000671.SZ,000671.SZ,0.4676913654904247,0.4676913654904247,0.4676913654904247,0.4676913654904248,35324.0,1448284.0
2023-06-08,000671.SZ,000671.SZ,0.44487738068180177,0.44487738068180177,0.44487738068180177,0.4448773806818018,52956.0,2065284.0
2023-06-09,000671.SZ,000671.SZ,0.4220631788456776,0.4220631788456776,0.4220631788456776,0.4220631788456776,979893.0,36256041.0
