Date,Symbol,Name,Open,High,Low,Close,Volume,Amount
2017-01-03,000858.SZ,000858.SZ,34.48,34.88,34.3,34.66,155347.4,537407604.0
2017-01-04,000858.SZ,000858.SZ,34.6607994005571,35.950829153203344,34.550796863509746,35.900828,460536.67,1637950788.0
2017-01-05,000858.SZ,000858.SZ,36.02954740624191,36.23954476830993,35.699551551563594,35.929548662399995,258159.23,927811511.0
2017-01-06,000858.SZ,000858.SZ,35.92842499313573,36.59839562340016,35.758432445158185,36.09841754111327,336520.39,1220341984.0
2017-01-09,000858.SZ,000858.SZ,35.99858981853044,36.79855848116445,35.928592560549966,36.44857219126207,266922.45,974179042.0
2017-01-10,000858.SZ,000858.SZ,36.39960128769332,36.96959504412149,36.39960128769332,36.499600192329844,228859.04,840655876.0
2017-01-11,000858.SZ,000858.SZ,36.60087487774917,36.79087941946426,35.65085216917371,35.860857188964076,222943.46,802004100.0
2017-01-12,000858.SZ,000858.SZ,35.98906277539697,35.99906251498446,35.40907787932221,35.599072931484635,158258.78,564764861.0
2017-01-13,000858.SZ,000858.SZ,35.67807115440908,35.8880598018986,35.31809061585563,35.688070613813345,156314.95,557529857.0
2017-01-16,000858.SZ,000858.SZ,35.46895995426395,35.96894529334295,34.87897725415074,35.448960540700796,191981.29,679701405.0
2017-01-17,000858.SZ,000858.SZ,35.39739300917598,36.15733703988145,35.31739890068067,35.75736649740489,177560.18,635715016.0
2017-01-18,000858.SZ,000858.SZ,35.768147899844614,37.03808214174572,35.398167057715945,36.94808680176848,447418.31,1642819009.0
2017-01-19,000858.SZ,000858.SZ,37.04831788717251,37.05831743316095,36.62833695565801,36.8483269674037,190152.09,699761874.0
2017-01-20,000858.SZ,000858.SZ,36.89728502631678,36.99727766866452,36.67730121315175,36.90728429055155,165358.72,608985852.0
2017-01-23,000858.SZ,000858.SZ,37.14603137128661,38.09592988549179,37.076038849187285,37.376006801041555,393907.29,1481709284.0
2017-01-24,000858.SZ,000858.SZ,37.5471104045972,37.83708808814802,36.997152728897376,37.4171204085227,190212.9,711031406.0
2017-01-25,000858.SZ,000858.SZ,37.07746491679715,37.57743073282731,36.80748337614086,37.26745192688861,186763.34,696743612.0
2017-01-26,000858.SZ,000858.SZ,37.39911682731788,37.48911470203603,36.97912674529987,36.999126273015015,142438.08,529488017.0
2017-02-03,000858.SZ,000858.SZ,37.10085608710981,37.180857933119746,36.32083808851289,36.410840165274074,145520.29,533432444.0
2017-02-06,000858.SZ,000858.SZ,36.42089135522587,36.85090187918927,36.39089062099587,36.45089208945588,139315.45,509472926.0
2017-02-07,000858.SZ,000858.SZ,36.580895271119225,36.85090187918927,36.39089062099587,36.45089208945588,121082.27,442424456.0
2017-02-08,000858.SZ,000858.SZ,36.51238982532511,37.34244415441358,36.262373461141834,37.0924277902303,199830.88,737094277.0
2017-02-09,000858.SZ,000858.SZ,37.160942491075176,37.85095999158222,37.100940969291955,37.340947056424845,225210.13,845962349.0
2017-02-10,000858.SZ,000858.SZ,37.40011217317245,38.10011427267034,37.37011208319397,37.83011346286401,282841.54,1071008770.0
2017-02-13,000858.SZ,000858.SZ,37.829166239183216,39.25913472245131,37.70916888394394,38.57914970942872,393566.87,1521216040.0
2017-02-14,000858.SZ,000858.SZ,38.70016609549345,38.90016695386809,38.30016437874416,38.66016592381852,168320.98,650070244.0
2017-02-15,000858.SZ,000858.SZ,38.87115679967322,39.15116513267833,38.30113983605568,38.40114281212893,147120.02,567692941.0
2017-02-16,000858.SZ,000858.SZ,38.44258329656145,38.77260547366513,38.22256851182566,38.46258464062834,121400.73,466093467.0
2017-02-17,000858.SZ,000858.SZ,38.52104776928209,39.69107959405,38.50104722526896,38.95105946556431,241537.08,944939377.0
2017-02-20,000858.SZ,000858.SZ,39.02101895541312,41.40108110594831,39.02101895541312,41.401081105948315,476909.52,1928243163.0
2017-02-21,000858.SZ,000858.SZ,41.30289792535198,41.3329000303825,40.42283617779,40.86286705157099,242450.2,990510344.0
2017-02-22,000858.SZ,000858.SZ,40.90372001967221,41.593782777950295,40.60369273346434,41.283754582202164,291547.67,1200108159.0
2017-02-23,000858.SZ,000858.SZ,41.10289339056167,41.86294689364748,40.20283003164426,40.48284974330745,211836.18,867247807.0
2017-02-24,000858.SZ,000858.SZ,40.402587394399646,40.48259251795291,39.822550248638464,40.292580349513905,164246.97,658625165.0
2017-02-27,000858.SZ,000858.SZ,40.2641453876313,40.28414744693961,39.29404551117819,39.394055807719745,218245.01,865270111.0
2017-02-28,000858.SZ,000858.SZ,39.50344501475912,39.853475540206354,39.30342757164642,39.563450247692934,121198.71,479096765.0
2017-03-01,000858.SZ,000858.SZ,39.52279034164549,40.322846826294175,39.50278892952927,39.98282282031848,174622.72,698692361.0
2017-03-02,000858.SZ,000858.SZ,39.90282715754359,40.192847705806436,39.712813694888624,39.96283140890832,117940.03,471215065.0
2017-03-03,000858.SZ,000858.SZ,39.72476925463085,40.17482328697184,39.5047428388197,39.99480167403544,144429.74,575641081.0
2017-03-06,000858.SZ,000858.SZ,40.004664757062336,40.6847440579324,39.61461927568098,40.55472889747194,254141.26,1021344428.0
2017-03-07,000858.SZ,000858.SZ,40.40364914391295,41.723768373367534,40.333642821138845,41.65376205059343,295483.34,1223950988.0
2017-03-08,000858.SZ,000858.SZ,41.60481482826161,41.614815985672244,41.00474538362322,41.12475927255089,141422.43,583027608.0
2017-03-09,000858.SZ,000858.SZ,41.11656971205547,41.11656971205547,40.316441865554765,40.67649939648008,150503.45,611016528.0
2017-03-10,000858.SZ,000858.SZ,40.50833118328412,41.528541005677944,40.48832706911953,40.66836409660079,197006.36,809491060.0
2017-03-13,000858.SZ,000858.SZ,40.75646261162158,41.75662120331781,40.75646261162158,41.65660534414819,287983.39,1193460527.0
2017-03-14,000858.SZ,000858.SZ,41.6358726765053,41.94591640770195,41.01578521411199,41.38583740941123,144744.19,599761219.0
2017-03-15,000858.SZ,000858.SZ,41.39721602397677,41.85729622139232,41.387214280554694,41.54724217530793,125086.55,520984518.0
2017-03-16,000858.SZ,000858.SZ,41.97887185790696,42.28893738747454,40.608582259495414,41.04867526920423,384110.34,1582220997.0
2017-03-17,000858.SZ,000858.SZ,40.85956535158767,41.50971755424451,40.66952086158028,40.76954427737365,201122.47,826003823.0
2017-03-20,000858.SZ,000858.SZ,40.76969906074933,41.14978948378871,40.609660987890656,41.09977758602037,174755.58,714047416.0
2017-03-21,000858.SZ,000858.SZ,41.37861655424453,43.68909768163889,41.30860197462651,43.38903519756171,696075.24,2965555514.0
2017-03-22,000858.SZ,000858.SZ,43.02022247631212,44.210505311625106,42.81017256419806,43.970448269209044,381447.01,1657889537.0
2017-03-23,000858.SZ,000858.SZ,43.710350348971964,43.89039298198833,42.96017271140379,43.57031718995924,225654.6,981649097.0
2017-03-24,000858.SZ,000858.SZ,43.9824607507067,44.592633619888666,43.02218869428918,43.252253874472544,271927.3,1189363315.0
2017-03-27,000858.SZ,000858.SZ,43.02032827531861,43.480438738156245,42.01008573734903,42.56021781248098,268579.55,1145045680.0
2017-03-28,000858.SZ,000858.SZ,42.64149320060472,42.781530945105885,42.11135031070745,42.781530945105885,165346.9,702047888.0
2017-03-29,000858.SZ,000858.SZ,42.73085220162715,43.57106558761421,42.59081663729597,43.1109487333832,221938.05,958273551.0
2017-03-30,000858.SZ,000858.SZ,43.08027569188092,43.510378281792896,42.18006096880935,42.7401945742761,201909.45,863705788.0
2017-03-31,000858.SZ,000858.SZ,42.529352224651134,43.029462199070835,42.05924884869661,43.00945780009404,216769.56,922910202.0
2017-04-05,000858.SZ,000858.SZ,42.79980863691951,43.85004932560298,42.689783421914576,43.12988428193431,241511.69,1045988810.0
2017-04-06,000858.SZ,000858.SZ,43.241753862811144,43.3017701762918,42.511555382129856,42.96167773323476,168094.11,719573178.0
2017-04-07,000858.SZ,000858.SZ,42.879652025410856,43.11970606054262,42.60959123588763,42.69961149906203,138129.67,591485226.0
2017-04-10,000858.SZ,000858.SZ,42.66080159053078,42.67080412314286,41.43049007924467,41.670550861934636,260676.13,1089896092.0
2017-04-11,000858.SZ,000858.SZ,41.502311736806334,41.67236218258259,39.86182508343534,40.962151497281745,326709.66,1330882720.0
2017-04-12,000858.SZ,000858.SZ,40.7435928481406,42.39414350366312,40.57353611393526,42.06403337255862,310263.51,1293259393.0
2017-04-13,000858.SZ,000858.SZ,42.02510473583384,43.015460691284346,41.845040016661024,42.825392376601926,207727.7,884497034.0
2017-04-14,000858.SZ,000858.SZ,43.017424065204445,43.19749700315181,41.93698643752024,42.36716067817228,157508.6,668378384.0
2017-04-17,000858.SZ,000858.SZ,42.06688244066553,43.34739634135642,41.866802143682584,42.97724779193796,203975.29,876210025.0
2017-04-18,000858.SZ,000858.SZ,42.966601422669555,44.51720054269604,42.84655503918363,43.89696089468544,304940.53,1341270937.0
2017-04-19,000858.SZ,000858.SZ,44.11551787703087,44.865781786504186,43.415271561522445,44.01548268910109,214116.93,946000248.0
2017-04-20,000858.SZ,000858.SZ,44.02548620789407,45.90614774097385,43.815412313241545,45.666063289942386,354905.88,1606555766.0
2017-04-21,000858.SZ,000858.SZ,45.67606680873536,46.116221635626374,45.04584512477778,45.666063289942386,246637.2,1123511803.0
2017-04-24,000858.SZ,000858.SZ,45.01369095722892,45.163736593753015,44.04339584103976,44.32348102921808,207663.59,927467922.0
2017-04-25,000858.SZ,000858.SZ,44.764409306430956,46.72504041795285,44.764409306430956,46.61500499842866,340541.32,1559251121.0
2017-04-26,000858.SZ,000858.SZ,46.585627345059734,47.76602331386305,45.52527164427031,45.71533540195899,370616.54,1730845443.0
2017-04-27,000858.SZ,000858.SZ,45.50686750965622,46.21713077481023,45.01668581962035,46.017056615611914,187625.62,855252055.0
2017-04-28,000858.SZ,000858.SZ,46.675865116309694,46.81591271845893,44.33506948038675,45.515470698501744,346782.6,1564756132.0
2017-05-02,000858.SZ,000858.SZ,45.2744754658894,45.2744754658894,44.094098067529934,44.6142643786714,208825.91,931011026.0
2017-05-03,000858.SZ,000858.SZ,44.675397441917966,45.46566981046063,44.455321592450396,44.93548708219784,151168.28,678377708.0
2017-05-04,000858.SZ,000858.SZ,44.916451769959316,44.93645909814193,44.236202611750585,44.39626123721147,139341.35,620702770.0
2017-05-05,000858.SZ,000858.SZ,44.39435107198614,44.76447071814735,43.78415381750413,44.17427993102541,204943.5,907381543.0
2017-05-08,000858.SZ,000858.SZ,44.243073443035314,44.243073443035314,42.632597561432625,42.632597561432625,243118.86,1051463511.0
2017-05-09,000858.SZ,000858.SZ,42.54106292409452,43.761380271082416,41.82087563734756,43.68135946144386,247814.65,1059664448.0000001
2017-05-10,000858.SZ,000858.SZ,43.602294091578486,44.342502800634875,43.382232042940096,43.502265887651944,175607.11,771388256.0
2017-05-11,000858.SZ,000858.SZ,43.49163221850783,44.481897073529055,43.29157871244294,44.34185961928363,182030.5,801570635.0
2017-05-12,000858.SZ,000858.SZ,44.46521015509912,45.20034106925921,43.913861969479065,45.17992076608809,196095.09,857684473.0
2017-05-15,000858.SZ,000858.SZ,45.189380749497715,46.455418529194446,45.03623101808279,46.12869910217593,191952.01,864066331.0
2017-05-16,000858.SZ,000858.SZ,46.09966515627044,48.60119737405256,45.77293441762135,48.60119737405256,411331.54,1921926709.0
2017-05-17,000858.SZ,000858.SZ,48.41494659907696,48.649772362843045,47.281657043510215,47.33270612258979,231397.38,1085062005.0
2017-05-18,000858.SZ,000858.SZ,47.137786985053985,48.44461755340723,47.07652930216242,47.47470424095755,160150.98,749478836.0
2017-05-19,000858.SZ,000858.SZ,47.48617460545927,48.39485436032615,47.475964720573124,48.06813804396952,157864.09,741788824.0
2017-05-22,000858.SZ,000858.SZ,48.20269517361685,48.560054701487346,47.49818639010074,48.121012995817885,143877.99,676005985.0
2017-05-23,000858.SZ,000858.SZ,48.12212977025957,49.77623225758867,47.8260250040093,49.27591730771752,271142.11,1306270916.0
2017-05-24,000858.SZ,000858.SZ,49.26687396940036,49.63446100834304,47.888422573365325,48.96055143694813,238054.1,1135073573.0
2017-05-25,000858.SZ,000858.SZ,48.84764982091301,49.1948112117807,48.092063264318625,48.735332900338165,156370.31,745554304.0
2017-05-26,000858.SZ,000858.SZ,48.80493138247843,49.2746022702596,47.88601008029787,48.55988570189695,192594.04,915014609.0
2017-05-31,000858.SZ,000858.SZ,48.12970069272636,48.88523693609966,47.33332465241396,48.88523693609966,211494.66,995050747.0
2017-06-01,000858.SZ,000858.SZ,48.496905720057825,49.558732708454876,48.26207859762386,49.354535210686215,195660.5,940552878.0
2017-06-02,000858.SZ,000858.SZ,49.16882385033881,49.76097330700818,48.39290387263413,48.964634382521794,167310.47,803138172.0
2017-06-05,000858.SZ,000858.SZ,49.01768442884928,49.5179690647613,48.037534938082864,48.078374500198144,171617.51,815019855.0
2017-06-06,000858.SZ,000858.SZ,48.0804736549537,49.62223443683902,47.988580628218806,49.530341410104135,187036.96,894954698.0
2017-06-07,000858.SZ,000858.SZ,49.62373870221694,52.27850661632731,49.572685473099426,51.972187241622265,360786.51,1808407554.0
2017-06-08,000858.SZ,000858.SZ,52.032256574300284,53.65571198939325,51.67489217475152,52.48151467659016,300197.81,1551306746.0
2017-06-09,000858.SZ,000858.SZ,52.48252064773595,53.98347989583268,52.48252064773595,53.268737396739006,224210.62,1168904568.0
2017-06-12,000858.SZ,000858.SZ,53.80034637751817,57.16988790429384,53.62676393522973,55.9854430039727,390419.05,2117491125.0
2017-06-13,000858.SZ,000858.SZ,55.98282441258113,55.98282441258113,54.64528109723403,55.83988085216236,254828.24,1379771823.0
2017-06-14,000858.SZ,000858.SZ,55.3396927797693,56.3300894955696,54.22677275892154,54.82917900873822,306787.96,1654983379.0
2017-06-15,000858.SZ,000858.SZ,54.6275996003734,54.842025692262716,52.89176933269798,53.310410750196176,394710.71,2070609976.0
2017-06-16,000858.SZ,000858.SZ,53.16954910893442,54.282566365103776,52.77131357691052,53.11849327149546,240334.23,1257006033.0
2017-06-19,000858.SZ,000858.SZ,53.43647469808006,54.20233282962144,53.0688627949402,53.68154930017331,370368.76,1944706365.0
2017-06-20,000858.SZ,000858.SZ,53.76531102796065,54.081877911506105,52.99942340647973,53.3057784550721,348932.02,1821526652.0
2017-06-21,000858.SZ,000858.SZ,53.613743536606165,55.76850541969643,52.847832914654646,55.76850541969643,452634.56,2391227509.0
2017-06-22,000858.SZ,000858.SZ,55.7289700293723,56.43362440577448,55.024315652970124,55.300049974170975,468084.5,2552510964.0
2017-06-23,000858.SZ,000858.SZ,54.87128455579033,56.29080969133004,54.585337046472986,56.16826075876546,350854.88,1911711344.0
2017-06-26,000858.SZ,000858.SZ,56.247977320316075,58.392508046036184,56.247977320316075,57.943177798742454,370384.61,2089209011.0
2017-06-27,000858.SZ,000858.SZ,57.830719781621454,58.41280543013857,57.187361959576215,58.371957314453155,313073.89,1771439273.0
2017-06-28,000858.SZ,000858.SZ,57.99363695113551,58.0855444581896,56.77841546897577,56.8192632498887,275822.68,1548727184.0
2017-06-29,000858.SZ,000858.SZ,56.78600419359446,57.13319429296188,56.0609895743272,56.591986196889145,255712.55,1412990963.0
2017-06-30,000858.SZ,000858.SZ,56.48815220482355,57.18251127024799,56.16139499756499,56.83533173753577,200753.26,1116508444.0
2017-07-03,000858.SZ,000858.SZ,56.773184200999516,57.06930332722775,54.91478140880852,55.170056517625966,331662.28,1801733695.0
2017-07-04,000858.SZ,000858.SZ,54.93476226326383,54.93476226326383,53.06616347252456,53.65839696904302,390019.62,2053979959.0
2017-07-05,000858.SZ,000858.SZ,53.630103263954595,54.71250824224461,53.609680528515156,54.54912635872913,303273.31,1610599791.0
2017-07-06,000858.SZ,000858.SZ,54.633539047187625,54.633539047187625,53.29578323126583,54.1127333478593,313706.57,1652540276.0
2017-07-07,000858.SZ,000858.SZ,53.89591678789118,53.89591678789118,52.69096828827558,52.89519684753246,308905.84,1602293281.0
2017-07-10,000858.SZ,000858.SZ,52.68013814333502,54.04845341978528,51.83259957657852,53.90549510732033,407339.79,2112491487.0000002
2017-07-11,000858.SZ,000858.SZ,53.75996332270854,55.424326859574926,53.55574693781697,54.82188852414477,342261.79,1836879541.0
2017-07-12,000858.SZ,000858.SZ,54.80284374888074,54.80284374888074,53.14864947138518,53.2813934566163,277229.77,1463246501.0
2017-07-13,000858.SZ,000858.SZ,53.107805168237135,54.241234580595204,52.954639031431995,53.2813934566163,238433.09,1247064510.0
2017-07-14,000858.SZ,000858.SZ,53.046581118437544,53.88389000230893,52.68919318019975,53.64903507146695,202028.09,1053780924.0000001
2017-07-17,000858.SZ,000858.SZ,53.802426942738265,53.802426942738265,51.770412715825216,52.5975139840662,294680.0,1522315224.0
2017-07-18,000858.SZ,000858.SZ,52.793241945402585,53.81438782442391,51.96611378339531,53.70206177773157,239131.65,1241870972.0
2017-07-19,000858.SZ,000858.SZ,53.773709186833585,55.44839363549304,53.74307471521177,54.84591569359726,299492.35,1606216266.0
2017-07-20,000858.SZ,000858.SZ,54.84697138491375,56.0315270878834,54.84697138491375,55.970256965316004,283708.71,1543500730.0
2017-07-21,000858.SZ,000858.SZ,55.9614179410027,56.76816100986023,55.48145687472038,55.86951050277843,246185.52,1356818603.0
2017-07-24,000858.SZ,000858.SZ,56.010623236200914,57.95082714046311,56.010623236200914,57.093052782789286,274269.65,1538206928.0
2017-07-25,000858.SZ,000858.SZ,57.57516318637828,57.636435087605356,56.48248094782871,56.53354086551794,167958.69,937380814.0
2017-07-26,000858.SZ,000858.SZ,56.573567575436435,57.19648952888438,54.63331886797562,55.15412246839931,235266.51,1278858203.0
2017-07-27,000858.SZ,000858.SZ,55.14468213487914,55.45104148007291,54.17454420843219,54.889382680550995,208622.44,1119273070.0
2017-07-28,000858.SZ,000858.SZ,54.86698962466323,56.97058163335124,54.55042966219077,56.909311963195265,336786.14,1853866708.0
2017-07-31,000858.SZ,000858.SZ,57.12156859176387,58.591984372459976,56.7743870879884,56.937766619176855,422999.98,2389011782.0
2017-08-01,000858.SZ,000858.SZ,57.05997048321302,57.774751788478746,56.17159943238275,57.77475178847875,229209.03,1280407954.0
2017-08-02,000858.SZ,000858.SZ,57.28324638796482,57.875479594827915,56.54806033806581,56.88502061093619,184803.3,1033391150.0
2017-08-03,000858.SZ,000858.SZ,56.56961665629007,57.0393282747358,55.262593022354125,55.65061566367886,263133.09,1435945784.0
2017-08-04,000858.SZ,000858.SZ,55.6519017289327,56.213526425279724,55.090277032585675,55.23323604620128,194898.02,1058514385.0
2017-08-07,000858.SZ,000858.SZ,55.03860793068347,57.336137946342795,54.54846819400948,57.18296927863217,270721.33,1486094206.0
2017-08-08,000858.SZ,000858.SZ,56.96812484042828,57.57058394879632,56.569889158625685,56.98854718308483,166233.96,928832802.0
2017-08-09,000858.SZ,000858.SZ,56.785896754470905,59.022205222233744,56.18342095721974,57.83767653611279,414404.25,2363696494.0
2017-08-10,000858.SZ,000858.SZ,57.97783449733264,60.12213623111916,57.834881048413536,58.81513326957309,416247.27,2411510929.0
2017-08-11,000858.SZ,000858.SZ,58.201145289048235,58.79336746918241,57.1290189284605,57.18007256467896,285916.98,1621909261.0
2017-08-14,000858.SZ,000858.SZ,57.33083542941074,59.01553495672201,57.33083542941074,58.58670234977006,305781.75,1744486771.0
2017-08-15,000858.SZ,000858.SZ,58.58720976155736,59.1896226886978,58.117531886159725,58.70973442470457,170830.84,982197086.0
2017-08-16,000858.SZ,000858.SZ,58.70999260295621,58.70999260295621,57.56642405138559,58.04631442570541,172478.09,978751018.0
2017-08-17,000858.SZ,000858.SZ,57.97447262096358,57.97447262096358,56.64712470959949,56.984066871715,234420.83,1310465303.0
2017-08-18,000858.SZ,000858.SZ,56.616493603952634,57.39248161367317,56.43270697007145,56.984066871715,129384.47,721783203.0
2017-08-21,000858.SZ,000858.SZ,56.982656385174174,57.278749743921715,56.23731793039586,56.67635291060774,178542.0,988854255.0
2017-08-22,000858.SZ,000858.SZ,56.16360588634114,56.265702970301035,53.90726033082734,55.21410300551406,396438.83,2137185349.0
2017-08-23,000858.SZ,000858.SZ,54.844999901304845,56.15180555792566,54.72248687099665,55.9374077548863,210138.67,1142768131.0
2017-08-24,000858.SZ,000858.SZ,55.8876973415796,56.15314858945703,55.03008561766789,55.193440231746315,153140.69,831710777.0
2017-08-25,000858.SZ,000858.SZ,55.211657127657176,55.62002737268423,54.65014804074499,55.23207563990853,231029.37,1246281024.0
2017-08-28,000858.SZ,000858.SZ,56.121151632595094,57.683192054604746,56.121151632595094,56.59078470065028,438887.28,2443203576.0
2017-08-29,000858.SZ,000858.SZ,56.53121928528435,57.02128584220934,56.030943008423435,56.34744432643748,231257.5,1280576588.0
2017-08-30,000858.SZ,000858.SZ,56.4696075892019,57.653927690512226,56.25520481224055,57.42931525750509,260563.61,1456970292.0
2017-08-31,000858.SZ,000858.SZ,57.42996210057656,57.726045460739535,56.20478957576426,56.65401950152877,190220.89,1058224262.0000001
2017-09-01,000858.SZ,000858.SZ,56.512200710009,57.1043791456333,56.21611149219685,56.66535030542907,177448.94,984771107.0
2017-09-04,000858.SZ,000858.SZ,56.6168068841381,56.6168068841381,55.21797865273558,55.35071417834312,298621.43,1626579377.0
2017-09-05,000858.SZ,000858.SZ,55.370758541448836,55.922117745070125,55.166551428996506,55.4115999639393,151024.85,821048720.0
2017-09-06,000858.SZ,000858.SZ,55.340552060734574,55.636654645561386,54.83003036275732,54.9627660042314,188344.95,1017715801.0
2017-09-07,000858.SZ,000858.SZ,55.03604279819302,55.17899355870781,53.91285825129112,54.27023515257809,225734.41,1199532203.0
2017-09-08,000858.SZ,000858.SZ,54.07396216326639,54.07396216326639,52.705776564724516,52.94061439133992,344009.92,1791448831.0
2017-09-11,000858.SZ,000858.SZ,52.66637459890917,54.11628254637817,51.71678699951046,53.98354449484932,406714.65,2115022846.0
2017-09-12,000858.SZ,000858.SZ,53.62577862526652,54.779570130341746,53.32967284077818,54.72851740887824,248611.53,1326135364.0
2017-09-13,000858.SZ,000858.SZ,54.76058377928583,56.67000558922923,54.70952972019643,56.118621751063756,364457.78,1994782765.0
2017-09-14,000858.SZ,000858.SZ,56.017143307563764,56.558322417170196,55.64954995009524,55.955877747985674,215132.04,1182285369.0
2017-09-15,000858.SZ,000858.SZ,55.96763734479475,56.75390044925547,55.84510283500866,56.09017185458083,197118.72,1087867330.0
2017-09-18,000858.SZ,000858.SZ,56.31342406022641,57.998231851692836,56.262369278666824,57.61021551183997,287200.32,1615316019.0
2017-09-19,000858.SZ,000858.SZ,57.69269799677236,58.713807695830276,57.30467631113034,57.66206470580062,221880.37,1257913122.0
2017-09-20,000858.SZ,000858.SZ,58.07135416271617,58.71466264034078,57.295299491296014,57.71396056403584,185299.84,1053741519.0000001
2017-09-21,000858.SZ,000858.SZ,57.73170563891708,57.73170563891708,56.598309932174985,56.89442232402653,164267.05,916675909.0
2017-09-22,000858.SZ,000858.SZ,56.60051008045695,57.62162698611195,56.569876573287296,57.2642360691327,143850.03,805162848.0
2017-09-25,000858.SZ,000858.SZ,57.468771713575244,58.71454110750847,57.468771713575244,58.63285131118497,246144.33,1405390390.0
2017-09-26,000858.SZ,000858.SZ,58.56315974138953,58.56315974138953,57.70539070594459,58.09342907912207,142994.63,813898614.0
2017-09-27,000858.SZ,000858.SZ,57.87108493206934,58.4327418354157,57.3400638598146,57.90172076316097,158626.01,896422632.0
2017-09-28,000858.SZ,000858.SZ,57.80824349949968,59.339993459740796,57.72655016828682,58.6660234772347,290437.19,1670672617.0
2017-09-29,000858.SZ,000858.SZ,58.612560376230654,59.68474135872268,57.82629432240317,58.49002540680299,217161.97,1253717250.0
2017-10-09,000858.SZ,000858.SZ,59.22539709623597,60.34863738599218,58.2144808354554,59.77680596575266,216849.04,1268405187.0
2017-10-10,000858.SZ,000858.SZ,59.77487266384968,60.459005986104195,59.16221595735309,60.42837315077936,215354.88,1266543955.0
2017-10-11,000858.SZ,000858.SZ,60.42865366169755,63.13456667628861,60.0406359463977,62.4708521632757,313210.43,1902171753.0
2017-10-12,000858.SZ,000858.SZ,62.6576586055939,63.26013609218616,61.73862515147014,62.096027050296044,176004.66,1073412431.0000001
2017-10-13,000858.SZ,000858.SZ,62.14584696891521,63.258876433195816,62.135635689426394,62.92190421006499,162023.88,995669000.0
2017-10-16,000858.SZ,000858.SZ,62.42983698666329,63.46114440171939,60.85734845281537,60.908403275342906,270032.78,1635212067.0
2017-10-17,000858.SZ,000858.SZ,60.85469037395201,61.56942667029037,60.160375114651885,61.365216299907985,146292.64,874178783.0
2017-10-18,000858.SZ,000858.SZ,61.385717383417074,62.64161279894607,60.41571685922802,62.64161279894606,176535.5,1062478441.0000001
2017-10-19,000858.SZ,000858.SZ,62.29476618887829,65.14351881413596,62.090554531153735,64.3266721832377,278718.61,1744925529.0
2017-10-20,000858.SZ,000858.SZ,63.81471378600269,64.16186582899854,63.008095803747615,63.82492414020845,151819.79,944325935.0
2017-10-23,000858.SZ,000858.SZ,63.8019695980025,64.5064560601984,63.117903033261555,63.91427903400474,136497.99,852603486.0
2017-10-24,000858.SZ,000858.SZ,63.76020732724076,65.19978927009758,63.14761926645061,64.92412464274203,248626.04,1565469643.0
2017-10-25,000858.SZ,000858.SZ,64.92174484699585,65.16677108953836,63.80891732878188,64.33980752095735,157409.7,992966250.0
2017-10-26,000858.SZ,000858.SZ,67.29224320981221,68.58887723919261,65.58722050976083,66.42441728463636,414031.57,2719287566.0
2017-10-27,000858.SZ,000858.SZ,66.36091401763383,70.4344532011778,65.65646739190818,69.41351606244498,423709.88,2810914635.0
2017-10-30,000858.SZ,000858.SZ,68.9105270766492,69.43118439233945,67.37918203050144,68.40007872793329,336666.77,2253930547.0
2017-10-31,000858.SZ,000858.SZ,67.8876941694047,68.34708458107735,66.86682658790988,68.01019827918407,205535.58,1359946393.0
2017-11-01,000858.SZ,000858.SZ,68.04054004177058,69.86788537822623,68.02012277544146,68.41825946885918,215304.41,1451488588.0
2017-11-02,000858.SZ,000858.SZ,68.452104348765,69.83033463766633,68.0947853849758,69.0340238040789,268061.85,1806405545.0
2017-11-03,000858.SZ,000858.SZ,68.86047895644323,70.72874695481671,68.60525108781297,69.75888105402173,240525.56,1646990653.0
2017-11-06,000858.SZ,000858.SZ,70.28732819558861,71.84926882215724,69.83814265592181,71.6144672900587,248856.13,1729483360.0
2017-11-07,000858.SZ,000858.SZ,71.91952979089731,74.3185488825738,71.33764005376726,72.4810023442684,300551.23,2142109700.0000002
2017-11-08,000858.SZ,000858.SZ,72.47843100177005,73.63196095996722,71.45760802991413,71.9373948266864,246313.56,1753224798.0
2017-11-09,000858.SZ,000858.SZ,71.8419986625727,72.69944792197256,70.43333202213012,72.62799381702258,244105.75,1708667357.0
2017-11-10,000858.SZ,000858.SZ,72.37355244726282,76.28315337636039,72.13877223481049,76.15045151714818,316062.94,2308173163.0
2017-11-13,000858.SZ,000858.SZ,76.17428484895163,76.57240828892873,74.551166209045,75.99053556896219,255872.96,1900429833.0
2017-11-14,000858.SZ,000858.SZ,75.87004546419192,75.95171397384122,73.60374432142407,73.69562139477952,294816.15,2149759055.0
2017-11-15,000858.SZ,000858.SZ,73.45383473105636,76.43486596684072,73.19860945402003,76.36340288927055,330505.79,2431549950.0
2017-11-16,000858.SZ,000858.SZ,76.15798333120959,78.36309384053149,75.7292118432859,77.79139852329989,344457.47,2623626479.0
2017-11-17,000858.SZ,000858.SZ,75.54432237893997,77.1777131330792,73.70675778053332,76.42226990928981,470335.96,3470762410.0
2017-11-20,000858.SZ,000858.SZ,74.82828976874659,74.82828976874659,71.53094493991915,74.45057534563014,323102.08,2340210119.0
2017-11-21,000858.SZ,000858.SZ,74.20659492062323,75.99310669818674,72.68550775001204,75.49288340046895,308197.65,2260040646.0
2017-11-22,000858.SZ,000858.SZ,75.49454760380955,77.4852760396098,73.0342114344359,73.40173053027596,395239.66,2893486158.0
2017-11-23,000858.SZ,000858.SZ,72.73989829221809,72.73989829221809,68.40102716601561,68.98294635235335,485861.64,3355596069.0
2017-11-24,000858.SZ,000858.SZ,68.98488504923886,69.91394003510253,66.22834827799505,69.89352124420442,467337.07,3112090306.0
2017-11-27,000858.SZ,000858.SZ,69.18964415962112,70.11870681544607,67.39277572637732,69.00587352440301,280978.04,1894106970.0
2017-11-28,000858.SZ,000858.SZ,68.78967052678031,70.83151292888124,68.40172047038114,70.11686808814592,246912.62,1695244302.0
2017-11-29,000858.SZ,000858.SZ,70.44489898113454,70.64908709412335,66.91244462642838,67.60668421059029,258542.41,1729488491.0
2017-11-30,000858.SZ,000858.SZ,67.60414071521481,68.91089547382965,65.87881607298115,66.97118137901074,217441.43,1434527244.0
2017-12-01,000858.SZ,000858.SZ,67.59210986640767,68.04129470768875,66.26497283534998,66.66311394466729,211729.61,1391760655.0
2017-12-04,000858.SZ,000858.SZ,66.56218236022832,70.14551457011177,65.36773829026717,69.36963637082079,406862.45,2731108233.0
2017-12-05,000858.SZ,000858.SZ,69.06026525685964,71.04070745343476,68.76421977386644,69.74423240722321,342025.92,2347062277.0
2017-12-06,000858.SZ,000858.SZ,69.82590012666961,70.94883126905756,68.90713828289763,69.74423240722321,239022.58,1632767000.0
2017-12-07,000858.SZ,000858.SZ,69.42067668987012,70.23739053328036,67.17471362049197,67.33805638917401,231990.0,1552376752.0
2017-12-08,000858.SZ,000858.SZ,67.08206665215616,69.47092734255405,67.06164903941772,69.31779524701574,256992.12,1724479607.0
2017-12-11,000858.SZ,000858.SZ,70.13382669946263,73.7477094726227,70.11340928266512,73.40061338706496,479977.86,3394742894.0
2017-12-12,000858.SZ,000858.SZ,73.76490351176322,74.52031492331463,72.78491032921004,73.35657301903272,278245.09,2006321820.0
2017-12-13,000858.SZ,000858.SZ,73.50180221551544,75.90081937116074,72.88928719705282,75.69664769833986,299515.04,2187299101.0
2017-12-14,000858.SZ,000858.SZ,75.74900395513592,76.44319967871398,74.94251186450846,76.24923322653775,209673.13,1557985222.0
2017-12-15,000858.SZ,000858.SZ,75.86101226762479,77.02480656159723,74.4113737610977,74.47262609235942,230981.42,1707969810.0
2017-12-18,000858.SZ,000858.SZ,76.56439095341234,78.68777672918698,76.15604753499414,78.68777672918698,505532.94,3859030907.0
2017-12-19,000858.SZ,000858.SZ,78.09686584273177,81.47595899226697,78.09686584273177,80.05694404427484,379556.63,2975094453.0
2017-12-20,000858.SZ,000858.SZ,80.50992899496535,83.3991389753832,79.66256352367672,83.30725597247239,341029.59,2747943741.0
2017-12-21,000858.SZ,000858.SZ,83.17121517276497,85.32527512139066,82.18096012529251,83.86541458748795,379395.47,3094053165.0
2017-12-22,000858.SZ,000858.SZ,83.6928358419423,84.223700377656,81.67146703287855,82.26358516886692,351801.74,2841150644.0
2017-12-25,000858.SZ,000858.SZ,82.28797015414288,83.19660903053479,80.25629446423291,82.24713245183315,357631.42,2855501619.0
2017-12-26,000858.SZ,000858.SZ,82.07609215556221,82.38238432681074,80.14645147669653,81.13679616373341,238166.21,1891876217.0
2017-12-27,000858.SZ,000858.SZ,80.90854033729846,81.6129806254087,79.48945048154016,79.53028759969149,263330.42,2072640193.0
2017-12-28,000858.SZ,000858.SZ,81.66422901178699,83.69588066491184,80.08178676940332,82.55243852847977,526705.72,4229394767.0
2017-12-29,000858.SZ,000858.SZ,82.69701897602778,83.67713179352144,79.63416642136008,81.55355402228517,427447.27,3411580328.0
2018-01-02,000858.SZ,000858.SZ,81.88324979987637,82.7000403215709,79.9740019554154,82.27122529768127,315252.33,2515564441.0
2018-01-03,000858.SZ,000858.SZ,82.19190322631884,83.47838518986124,81.52824189591999,82.600310198872,284614.26,2303523783.0
2018-01-04,000858.SZ,000858.SZ,82.48523509747939,85.3644078041868,82.29124828390688,84.73139820200288,360577.06,2979263417.0
2018-01-05,000858.SZ,000858.SZ,84.50978378340363,85.20407704150095,83.110987072237,84.41789202865547,231958.09,1913069874.0
2018-01-08,000858.SZ,000858.SZ,84.32646806777744,85.36791373225415,83.31565315813825,83.92826825488928,286818.34,2367460141.0
2018-01-09,000858.SZ,000858.SZ,84.12883829526243,87.90646817017104,84.08799905337152,87.90646817017104,388364.6,3297220843.0
2018-01-10,000858.SZ,000858.SZ,88.3029124980802,91.02887823249891,86.79189029323389,90.76342838570159,342458.66,2978674635.0
2018-01-11,000858.SZ,000858.SZ,90.59766439991722,91.659435540056,89.15814775799832,89.80133604481316,254778.62,2249762450.0
2018-01-12,000858.SZ,000858.SZ,89.80413514960743,93.673594815558,89.45700684184406,93.28562788335189,320923.56,2870276321.0
2018-01-15,000858.SZ,000858.SZ,93.1158734590314,95.13746808018143,92.58494961913343,93.67742752046196,379644.08,3482483788.0
2018-01-16,000858.SZ,000858.SZ,92.516866101982,94.44664070669171,91.76129297632848,92.7312855025053,366155.22,3335555956.0
2018-01-17,000858.SZ,000858.SZ,92.19663320067187,93.03385622641441,87.44896604249774,87.81652737087252,496108.96,4346534429.0
2018-01-18,000858.SZ,000858.SZ,88.11981455472474,90.20259084590349,86.06766732665155,88.21170174404145,429700.9,3712081698.0
2018-01-19,000858.SZ,000858.SZ,88.21493316953683,88.7050161315898,86.08103027226447,86.95909557927607,382003.65,3259552587.0
2018-01-22,000858.SZ,000858.SZ,87.46618578326054,92.3974531736323,87.46618578326054,92.31577586695948,445823.53,3918907687.0
2018-01-23,000858.SZ,000858.SZ,92.31133244348169,92.69928097620146,90.25928888883229,91.5864812376105,384681.66,3439974330.0
2018-01-24,000858.SZ,000858.SZ,91.4544184596162,91.4544184596162,88.47331886258473,89.17775678106135,349695.75,3063373440.0
2018-01-25,000858.SZ,000858.SZ,88.40802830596157,88.908258489217,85.9375037274347,87.7955015509549,421128.92,3604252895.0
2018-01-26,000858.SZ,000858.SZ,87.28787693869403,89.6053445486453,86.8999308189665,88.65589746615426,312053.75,2700119273.0
2018-01-29,000858.SZ,000858.SZ,88.41213695275073,88.41213695275073,83.40960264480064,83.79755428500901,591383.27,4943911228.0
2018-01-30,000858.SZ,000858.SZ,82.79576172970961,84.81716257095285,81.79527040424581,83.10203458444344,374621.77,3052119414.0
2018-01-31,000858.SZ,000858.SZ,83.01961406927039,86.86840827784332,83.01961406927039,86.14356905023408,417881.43,3505918466.0
2018-02-01,000858.SZ,000858.SZ,85.3465386022465,85.60176150476518,82.87598090586569,84.71358580400019,445689.53,3673372380.0
2018-02-02,000858.SZ,000858.SZ,83.8692709866153,85.63547718024701,82.41955260802743,84.00199168324659,348582.28,2863027755.0
2018-02-05,000858.SZ,000858.SZ,80.96961794941491,81.36777897577062,76.7429855157927,79.49948492902458,713302.26,5572736828.0
2018-02-06,000858.SZ,000858.SZ,77.58750359603766,79.37405795515696,76.46452657030555,78.03669440633053,541969.19,4133274384.0
2018-02-07,000858.SZ,000858.SZ,79.21116643552513,79.73182238193726,71.58508816160617,72.50389277292169,703814.93,5213875293.0
2018-02-08,000858.SZ,000858.SZ,72.33172874594916,75.42509696190153,72.33172874594916,73.52619766101988,544906.99,3947815137.0
2018-02-09,000858.SZ,000858.SZ,70.66661925999864,72.89217878017774,68.32876086494812,72.68799900768424,588920.94,4118273897.0
2018-02-12,000858.SZ,000858.SZ,73.501635641738,76.56420379347708,73.501635641738,75.95169016312927,446022.48,3294954327.0
2018-02-13,000858.SZ,000858.SZ,76.65542757715394,78.55420364978022,76.56355131557525,76.66563605066268,283840.41,2154585818.0
2018-02-14,000858.SZ,000858.SZ,77.68851176924987,78.26020121196709,76.07553084158344,78.19894877167594,208043.03,1574485186.0
2018-02-22,000858.SZ,000858.SZ,79.42461234502039,81.90535537841885,79.22043596367072,81.77264073054155,290978.29,2293498101.0
2018-02-23,000858.SZ,000858.SZ,81.68427925209669,82.67457735076603,80.16309969847059,81.30653667837746,189117.04,1508538665.0
2018-02-26,000858.SZ,000858.SZ,81.26267339649135,81.6199841463503,78.60836496896778,80.16011451121233,320269.64,2511465945.0
2018-02-27,000858.SZ,000858.SZ,80.64161030127791,80.75391030296345,77.48700116302057,77.69118298426699,290749.02,2243446084.0
2018-02-28,000858.SZ,000858.SZ,75.54850450470896,77.36575231576816,74.52757876815883,75.834363710943,330101.9,2444849428.0
2018-03-01,000858.SZ,000858.SZ,75.34141993929664,77.0360914447063,75.06578059805533,75.87228089279846,254649.28,1898957362.0
2018-03-02,000858.SZ,000858.SZ,75.34216699124046,76.36306356293748,74.01500144803434,74.9542262939956,246606.97,1813429720.0
2018-03-05,000858.SZ,000858.SZ,75.3535236460794,76.03753476710463,73.51588182839964,73.59755479807428,211151.32,1534679284.0
2018-03-06,000858.SZ,000858.SZ,74.28505484027323,74.84658287988496,71.48762424293473,74.77511567484346,406942.35,2914565018.0
2018-03-07,000858.SZ,000858.SZ,74.77166671344906,76.65014659811244,74.52664759805819,74.81250323268088,283760.8,2102488980.0
2018-03-08,000858.SZ,000858.SZ,75.33320020088915,78.56949569671266,74.83295263213408,78.50824089237533,395204.11,2984000307.0
2018-03-09,000858.SZ,000858.SZ,78.91654484092298,80.02933958706278,77.77312271644907,78.7123623186955,245528.54,1894214324.0
2018-03-12,000858.SZ,000858.SZ,79.22455601240738,79.42874301243936,77.03975511206521,77.74420026217554,242334.36,1848556888.0
2018-03-13,000858.SZ,000858.SZ,77.8379309457566,78.60365036088405,76.0614619026609,76.17376741687958,231137.6,1744599434.0
2018-03-14,000858.SZ,000858.SZ,75.55106829369409,77.25607213221393,74.63220394958158,77.13355688633227,240224.56,1789564265.0
2018-03-15,000858.SZ,000858.SZ,77.26412224252222,79.9185450468372,77.25391292404407,79.63268412944943,373403.76,2897589116.0
2018-03-16,000858.SZ,000858.SZ,79.83583190306445,80.38712792899352,78.42696428124565,78.47801020957242,205189.37,1593762700.0
2018-03-19,000858.SZ,000858.SZ,77.93480018739166,79.78261245277257,77.58769733091125,79.33342052085675,210195.73,1624137665.0
2018-03-20,000858.SZ,000858.SZ,78.16010387557512,78.55825487494128,76.18976687871172,77.23108487705404,239324.35,1808025014.0
2018-03-21,000858.SZ,000858.SZ,77.91803112572859,78.18347515210031,75.73322260097679,76.08034171238593,243100.66,1827536926.0
2018-03-22,000858.SZ,000858.SZ,75.62893520078235,76.17001694560436,73.50544457959408,73.63816274341835,328495.45,2389981815.0
2018-03-23,000858.SZ,000858.SZ,71.46626513132789,72.97726616553311,70.24112915764798,72.86496203461246,321383.45,2262435107.0
2018-03-26,000858.SZ,000858.SZ,72.00999961274188,72.48986208003222,70.54999253141165,71.45866826734445,278668.06,1950578700.0
2018-03-27,000858.SZ,000858.SZ,72.49115052989569,73.05270169597235,68.71344268538,69.90801516594307,541147.58,3725130510.0
2018-03-28,000858.SZ,000858.SZ,68.5075332340699,69.58976848337116,66.01635020737645,66.09802833939918,662488.5,4362252821.0
2018-03-29,000858.SZ,000858.SZ,66.87191384749735,69.27113518401062,65.21798254317758,68.91380434665759,522912.2,3444044172.0
2018-03-30,000858.SZ,000858.SZ,68.65779205587157,69.06616554021878,67.28974088330848,67.74916105319907,314311.19,2098175069.0000002
2018-04-02,000858.SZ,000858.SZ,67.28256586016207,69.23263719237617,66.38410367568645,67.8236851303576,331057.4,2200519197.0
2018-04-03,000858.SZ,000858.SZ,67.2834399721619,69.05996782575161,67.21197046081059,68.52905145571332,396232.08,2653203066.0
2018-04-04,000858.SZ,000858.SZ,68.89539462760973,72.14209520431096,68.82392637592133,71.36615418597985,500768.76,3482435492.0
2018-04-09,000858.SZ,000858.SZ,71.35922834371914,72.07394375136835,70.29736545235458,71.21628526218929,241021.41,1678408756.0
2018-04-10,000858.SZ,000858.SZ,71.21400852672694,71.857231829549,70.70351384194754,71.857231829549,207430.86,1447802101.0
2018-04-11,000858.SZ,000858.SZ,72.24481733088648,72.89824699583515,71.47907944227477,71.78537459771945,240838.7,1704348557.0
2018-04-12,000858.SZ,000858.SZ,71.76402363558115,72.18262158252365,70.60011714896055,70.65116567907548,207163.96,1442430066.0
2018-04-13,000858.SZ,000858.SZ,71.35781867976932,71.72537934259257,68.94825433459468,69.40770516312375,236599.99,1625272506.0
2018-04-16,000858.SZ,000858.SZ,69.12508090892341,70.43202483157366,68.42055645061976,69.40076439260744,223977.6,1522825990.0
2018-04-17,000858.SZ,000858.SZ,69.83776132517393,70.19511829101911,67.99992550082723,68.40833346179316,200557.26,1363917820.0
2018-04-18,000858.SZ,000858.SZ,69.02094540324204,69.3680921700631,66.51944664232573,67.72425012717522,239505.33,1589663456.0
2018-04-19,000858.SZ,000858.SZ,68.71414826492295,71.98138859847056,67.81565717319737,71.84865695992019,370867.67,2556716433.0
2018-04-20,000858.SZ,000858.SZ,71.47202677479352,72.8504158625931,70.32847434639682,71.09424606184103,307060.27,2154424575.0
2018-04-23,000858.SZ,000858.SZ,70.76001435230965,71.98529598611589,70.12695217484311,71.15823088329668,214696.76,1492450926.0
2018-04-24,000858.SZ,000858.SZ,71.47359457394334,74.1283280866898,71.47359457394334,73.95474935701024,369737.42,2660105985.0
2018-04-25,000858.SZ,000858.SZ,73.42693285915249,74.18254307074717,73.21250293424049,73.86600365778183,174748.27,1262337931.0
2018-04-26,000858.SZ,000858.SZ,73.41583793476644,73.42604876062663,70.25048191810752,70.55680669391322,283516.99,1975528198.0
2018-04-27,000858.SZ,000858.SZ,71.44575810812391,71.44575810812391,68.20889869404998,69.41378642547183,236215.86,1607040276.0
2018-05-02,000858.SZ,000858.SZ,70.66214298549993,72.75545791498367,69.44699919716545,72.72482403796683,348306.25,2442217861.0
2018-05-03,000858.SZ,000858.SZ,72.79449205436028,75.54126135757572,71.98782002850889,75.35746266814122,319841.17,2323274726.0
2018-05-04,000858.SZ,000858.SZ,75.10181583559721,75.5000443628016,74.33599174481954,74.4381016235899,198829.75,1455358587.0
2018-05-07,000858.SZ,000858.SZ,74.8243961930681,77.78551449219334,74.51807361039998,77.60172094259246,344448.73,2594926610.0
2018-05-08,000858.SZ,000858.SZ,77.39547018243336,78.46757102269133,76.9155774253655,77.64052180306375,285320.17,2172832592.0
2018-05-09,000858.SZ,000858.SZ,77.3984259281274,77.98044575370831,76.42839288549256,77.85791526411232,209262.2,1578934106.0
2018-05-10,000858.SZ,000858.SZ,77.98132075871005,79.8397207034639,77.96089878129516,79.62528994060769,283044.27,2198742268.0
2018-05-11,000858.SZ,000858.SZ,80.20714559877607,81.02402295687945,78.62444571745075,78.68571151930851,222389.63,1735583565.0
2018-05-14,000858.SZ,000858.SZ,79.30220080742554,80.65011356902484,78.93458823608027,79.97615718822517,228929.25,1786981011.0
2018-05-15,000858.SZ,000858.SZ,79.9632459454138,81.17836869697864,79.11572335398623,81.05583531026622,233696.01,1833390827.0
2018-05-16,000858.SZ,000858.SZ,81.11059125549879,81.80497879237075,80.62043534711859,80.84509013845951,261351.49,2081238266.0
2018-05-17,000858.SZ,000858.SZ,81.08205531118922,81.32713960935905,78.22273849920772,78.70269524979034,268731.52,2084934603.0
2018-05-18,000858.SZ,000858.SZ,78.53563029276329,79.6282466549172,77.09582742300908,79.23000330796391,216570.75,1665226221.0
2018-05-21,000858.SZ,000858.SZ,79.74951519930961,80.72979093031266,78.23825678067995,78.81008429043172,186791.08,1449622080.0
2018-05-22,000858.SZ,000858.SZ,78.52497751930454,79.72991215484133,77.75912923400574,79.29082580460334,172875.56,1334239417.0
2018-05-23,000858.SZ,000858.SZ,79.13626885739134,79.78978127118143,77.94156647593138,78.05388892205154,194626.06,1500173188.0
2018-05-24,000858.SZ,000858.SZ,78.00972657582007,78.60194701317576,75.55915924883095,75.57958064322251,288808.5,2171382488.0
2018-05-25,000858.SZ,000858.SZ,75.58087861825481,77.2554617165247,75.5706677457044,75.86678304966675,247337.27,1846699438.0
2018-05-28,000858.SZ,000858.SZ,76.4593295631353,79.08353465097262,75.82625284933799,79.08353465097262,349508.78,2667347200.0
2018-05-29,000858.SZ,000858.SZ,79.13714446127112,80.83221103940932,77.73820397208478,77.95264010546371,329253.26,2564551156.0
2018-05-30,000858.SZ,000858.SZ,77.2460928036745,79.72736187853145,75.66339030736656,78.4203559460965,267655.7,2045859932.0
2018-05-31,000858.SZ,000858.SZ,79.4323697459582,81.27037290244007,78.47252365312876,80.64749405496565,415294.27,3266151334.0
2018-06-01,000858.SZ,000858.SZ,80.29693698032408,81.58348505503426,79.3779740698168,80.27651558231281,276379.2,2173363366.0
2018-06-04,000858.SZ,000858.SZ,80.53829945865282,83.85662442367084,79.53769685381663,83.51968681183824,457021.4,3680041020.0
2018-06-05,000858.SZ,000858.SZ,83.72182866252777,85.488155047725,82.31285154601206,84.53862699094267,395105.95,3248037847.0
2018-06-06,000858.SZ,000858.SZ,84.49041701397458,85.35829440928428,83.52043639568726,83.83695638691785,281190.42,2319392687.0
2018-06-07,000858.SZ,000858.SZ,84.13692366884251,84.52493375372309,82.13560849419528,82.55425095419801,240228.67,1959665574.0
2018-06-08,000858.SZ,000858.SZ,82.02242761748434,83.20686700546246,80.79714549198974,82.08369172375907,256876.84,2056435707.0
2018-06-11,000858.SZ,000858.SZ,82.04298824423066,85.34104489673676,81.76729929804594,84.2178677085768,417894.36,3435464323.0
2018-06-12,000858.SZ,000858.SZ,84.57710685750799,88.29388422031528,83.89297476050773,87.81397065973303,460432.4,3903915961.0
2018-06-13,000858.SZ,000858.SZ,87.59626146639204,88.48457883992927,86.82026008261235,87.26952404164268,286972.53,2460756755.0
2018-06-14,000858.SZ,000858.SZ,87.17780678045582,87.92317804948526,84.39032244559236,86.18738194352632,265874.16,2237838346.0
2018-06-15,000858.SZ,000858.SZ,85.77244016955675,86.29320141344336,84.35311050484623,85.0066148109,240696.32,2003984497.0
2018-06-19,000858.SZ,000858.SZ,83.72853588766652,84.47392407300795,80.96140988454975,81.56384691105856,380422.3,3073242295.0
2018-06-20,000858.SZ,000858.SZ,81.6870971793619,83.93349235179436,81.26845080631767,83.79053993173048,263426.17,2137142810.0
2018-06-21,000858.SZ,000858.SZ,83.42123167660111,85.11620407051981,82.50227074013915,82.58395615671355,265823.82,2178315930.0
2018-06-22,000858.SZ,000858.SZ,82.09010039096121,82.39640673570361,80.69130141663761,81.86547573815014,248933.8,1986219735.0
2018-06-25,000858.SZ,000858.SZ,82.72548896179116,85.43127204928494,82.72548896179116,83.83843370343955,366609.63,3029558089.0
2018-06-26,000858.SZ,000858.SZ,83.6217070307474,84.67335975653091,81.73281621259254,83.19287776392306,289825.18,2351950446.0
2018-06-27,000858.SZ,000858.SZ,82.70328414625295,83.31590106585483,77.89424132737825,78.15970865920572,422711.93,3309866061.0
2018-06-28,000858.SZ,000858.SZ,76.80044287618279,77.33136856477113,74.60526935605792,75.19745570102184,332434.47,2471122707.0
2018-06-29,000858.SZ,000858.SZ,75.55424783951904,78.29053681532866,74.83954549509116,77.59625453788442,229573.58,1724744132.0
2018-07-02,000858.SZ,000858.SZ,77.60897205003768,79.39578564150678,75.07680193184147,75.84257918532823,262214.08,1981522179.0
2018-07-03,000858.SZ,000858.SZ,75.1466465051441,76.47396498960997,71.04216934548813,73.90100915818384,417057.67,2994709213.0
2018-07-04,000858.SZ,000858.SZ,73.59552099223568,74.50423372368809,72.03335191457029,72.18650574571396,248263.84,1776041016.0
2018-07-05,000858.SZ,000858.SZ,73.19751740927678,74.23896625510552,71.16567113163053,72.30922280548168,328583.02,2334023503.0
2018-07-06,000858.SZ,000858.SZ,72.70283809054091,74.86624157020222,71.64193830724545,73.45170852580829,331769.15,2334076324.0
2018-07-09,000858.SZ,000858.SZ,74.4467664320589,76.49566458616836,73.21950763924205,76.48526408792416,321101.14,2323873970.0
2018-07-10,000858.SZ,000858.SZ,76.51736037790648,77.09979509058323,74.9676680173916,76.30934798052195,220143.56,1607141813.0
2018-07-11,000858.SZ,000858.SZ,74.051065567034,75.54872756726616,73.77025394199048,74.96630345606476,191724.67,1377729665.0
2018-07-12,000858.SZ,000858.SZ,74.88677222208702,77.7678327645201,74.86597034091422,76.86295093350321,283136.29,2086611498.0
2018-07-13,000858.SZ,000858.SZ,77.22443510868553,78.94053366665632,76.45479090692893,78.78452470684078,275656.53,2068808408.0
2018-07-16,000858.SZ,000858.SZ,78.65627578523764,79.75869086301566,77.89706540148487,78.43787279813068,204077.27,1542523507.0
2018-07-17,000858.SZ,000858.SZ,78.52087667892124,78.69767865290027,76.0768493915641,77.0024597259249,189545.7,1401078112.0
2018-07-18,000858.SZ,000858.SZ,77.35290232117845,77.7896893469232,76.10493939047916,76.24013537463824,166593.54,1231365687.0
2018-07-19,000858.SZ,000858.SZ,76.94038512170553,77.07558720423894,75.86916862163312,76.31637551001286,144567.06,1060790202.0
2018-07-20,000858.SZ,000858.SZ,76.10834305678578,76.78435320965418,74.36111681552586,76.36834696173517,250617.59,1822785335.0
2018-07-23,000858.SZ,000858.SZ,75.921149509033,76.85716368106219,73.64351502376202,75.00593565193782,298994.6,2150492051.0
2018-07-24,000858.SZ,000858.SZ,75.14110753439364,78.14675183576938,74.44429726383248,78.03235014955786,379244.39,2798512515.0
2018-07-25,000858.SZ,000858.SZ,78.14673933228909,78.52114479089468,77.50192993135722,78.00113720949803,235532.11,1766246342.0
2018-07-26,000858.SZ,000858.SZ,78.11553887740529,78.29234145508015,76.96112204670472,77.15872492763545,203077.25,1516383849.0
2018-07-27,000858.SZ,000858.SZ,76.96112204670472,77.96993675461422,76.31631264577285,77.15872492763545,163949.08,1219507575.0
2018-07-30,000858.SZ,000858.SZ,77.2107619620541,77.37716446628266,74.80832580725419,75.5051362937113,198721.02,1444181932.0
2018-07-31,000858.SZ,000858.SZ,75.2971594626322,75.87956843085144,74.60034873279844,75.03715545896289,149531.96,1080385795.0
2018-08-01,000858.SZ,000858.SZ,75.71315256841827,75.71315256841827,72.78030792222404,72.82190855550338,260916.72,1850440407.0
2018-08-02,000858.SZ,000858.SZ,72.80114058776604,72.82194091364825,69.28588551367106,70.63790669601528,335334.44,2275594234.0
2018-08-03,000858.SZ,000858.SZ,70.7211232486821,70.7211232486821,68.28748459571275,68.29788476089638,264072.1,1755022499.0
2018-08-06,000858.SZ,000858.SZ,67.69465991369725,68.6410747319714,66.43624021027777,66.91464770083394,257040.67,1665999742.0
2018-08-07,000858.SZ,000858.SZ,67.60107140298946,69.33789892980474,66.56105491986655,69.14029579801138,277343.78,1814190299.0
2018-08-08,000858.SZ,000858.SZ,69.2650921006336,69.2650921006336,66.81065340157211,67.0186566811536,236818.12,1544553324.0
2018-08-09,000858.SZ,000858.SZ,66.66504085897657,69.1610798302955,66.3738363123227,69.01547755696858,263990.41,1737604804.0
2018-08-10,000858.SZ,000858.SZ,68.9115097785577,69.87872535498478,67.95469436961908,68.69310626129997,212833.69,1409830870.0
2018-08-13,000858.SZ,000858.SZ,67.86107021025121,67.86107021025121,65.62503494661841,66.98745643283189,365521.37,2343183704.0
2018-08-14,000858.SZ,000858.SZ,67.59069120665525,68.55790682170664,66.67547643112276,67.70509305359681,294337.38,1910064580.0
2018-08-15,000858.SZ,000858.SZ,67.71548905143231,67.71548905143231,65.812258442246,65.86425927856257,207112.86,1320142860.0
2018-08-16,000858.SZ,000858.SZ,64.82423344609481,65.94745135274943,63.586613715614256,63.59701388141661,308055.73,1913089768.0
2018-08-17,000858.SZ,000858.SZ,64.32500887833154,64.79301621859426,62.71298359520439,63.03538865182982,259935.42,1592610464.0
2018-08-20,000858.SZ,000858.SZ,63.430565277280124,64.63698363638235,61.96414296147483,64.51218173716488,291249.79,1771847023.0
2018-08-21,000858.SZ,000858.SZ,64.53299245642185,67.24743420196997,64.37699005725241,66.90422892379722,355392.12,2262787702.0
2018-08-22,000858.SZ,000858.SZ,66.55060345466319,66.94580941360633,65.81219232084835,66.23859875023437,147732.68,942536719.0
2018-08-23,000858.SZ,000858.SZ,66.54017132950803,67.42418423401071,65.70815918409373,66.71697391040857,178918.1,1147044329.0
2018-08-24,000858.SZ,000858.SZ,66.45698858696433,66.45698858696433,65.00096692778202,65.47937404437049,184769.28,1163742383.0
2018-08-27,000858.SZ,000858.SZ,65.62495812347858,67.92339168057663,65.62495812347858,67.92339168057663,340401.26,2198875203.0
2018-08-28,000858.SZ,000858.SZ,68.67218216106464,68.82818439223472,66.52975151966236,66.8729564282365,390976.78,2527105908.0
2018-08-29,000858.SZ,000858.SZ,66.86257664905202,67.09137999113929,65.87456221731148,66.22816738235545,242285.64,1543978648.0
2018-08-30,000858.SZ,000858.SZ,66.24896668304262,67.080978823489,65.645757881219,65.93696213037524,189692.37,1209290718.0
2018-08-31,000858.SZ,000858.SZ,65.51057643997619,65.51057643997619,64.09615535792558,64.37695954333269,244560.55,1517434104.0
2018-09-03,000858.SZ,000858.SZ,63.54495626831702,64.65777301475073,63.5345561118083,64.4497698845762,208324.53,1283847415.0
2018-09-04,000858.SZ,000858.SZ,64.76174438106243,65.47935484553862,64.06493421990437,65.2817519640162,194838.65,1215148333.0
2018-09-05,000858.SZ,000858.SZ,65.26097194624509,65.26097194624509,63.23294174233787,63.33694329125619,217130.48,1342662987.0
2018-09-06,000858.SZ,000858.SZ,62.920951848440374,64.10656978409693,61.54813108083804,62.09933941934504,319221.95,1924316865.0
2018-09-07,000858.SZ,000858.SZ,62.71291972405546,63.59693268865657,62.19291209781951,63.20172689271726,222726.04,1347995371.0
2018-09-10,000858.SZ,000858.SZ,63.357706242529744,63.39930683756752,61.652081845981016,62.7960982095198,195919.16,1179507359.0
2018-09-11,000858.SZ,000858.SZ,62.79607951481252,63.804893644149516,62.60887689287369,63.44088854593514,202919.36,1235001569.0
2018-09-12,000858.SZ,000858.SZ,63.440898117904915,63.440898117904915,61.97447735813039,62.036878241525045,191607.79,1150744732.0
2018-09-13,000858.SZ,000858.SZ,62.80647217331933,63.07687592832948,60.92404603267173,62.38006625195717,206865.36,1232442100.0
2018-09-14,000858.SZ,000858.SZ,62.86887626862071,64.64730105636829,62.088865396801594,63.99209192404024,294960.29,1800648312.0
2018-09-17,000858.SZ,000858.SZ,63.85687495796917,65.06329148811973,63.472069685421154,64.33528151302887,235508.59,1458775764.0
2018-09-18,000858.SZ,000858.SZ,64.0856484681992,66.14487573153959,63.45124006888726,65.73927036148768,263861.24,1647393657.0
2018-09-19,000858.SZ,000858.SZ,65.5104707785418,68.15210589169462,65.41686953437497,67.01849082345187,411364.31,2653606009.0
2018-09-20,000858.SZ,000858.SZ,66.97688461193496,67.44489079322953,66.5920795295372,66.96648447457287,164165.71,1056728297.0
2018-09-21,000858.SZ,000858.SZ,67.18491116014657,69.47294219036829,67.15371073700719,69.07773683060273,331030.04,2175628239.0
2018-09-25,000858.SZ,000858.SZ,68.45375558157897,69.04656385689803,67.4761419345616,67.9129480321651,195150.14,1279057649.0
2018-09-26,000858.SZ,000858.SZ,68.3289221152494,71.03295860687267,68.20412043102063,69.88894316810898,438041.28,2938975084.0
2018-09-27,000858.SZ,000858.SZ,69.67055676707412,70.30496547923885,69.08814876902126,70.0657621943243,216315.63,1449181804.0
2018-09-28,000858.SZ,000858.SZ,70.1697515713171,71.03296327732262,69.47294212189094,70.66895834105523,233828.49,1580316135.0
2018-10-08,000858.SZ,000858.SZ,68.51610453774184,68.93211002977428,66.02007158554724,66.02007158554724,370570.18,2385119273.0
2018-10-09,000858.SZ,000858.SZ,66.10329647111627,66.99770860083873,65.31288575182664,65.89529365025057,214204.64,1360554848.0
2018-10-10,000858.SZ,000858.SZ,66.04091022096964,66.24891308780734,62.92086721840414,63.243271662002584,419605.88,2588361097.0
2018-10-11,000858.SZ,000858.SZ,60.8096599812321,62.57768498496213,60.34165336259769,61.06966365825122,457450.39,2689059911.0
2018-10-12,000858.SZ,000858.SZ,61.15288514808944,62.93131088964102,60.944882137381654,62.61930637357934,371526.79,2208288025.0
2018-10-15,000858.SZ,000858.SZ,62.62973080431749,62.86893435936553,60.92410545527928,61.111308237490796,256200.23,1522091214.0
2018-10-16,000858.SZ,000858.SZ,61.152917400782385,62.34893534314463,60.63290959975532,61.32972005313159,152527.93,900184446.0
2018-10-17,000858.SZ,000858.SZ,62.29694425367619,62.38014551478293,60.00890957324067,61.77693637175903,262416.78,1546537894.0
2018-10-18,000858.SZ,000858.SZ,61.16332854745295,61.53773423147068,60.07131196906788,60.320915758413044,177303.18,1035333837.0
2018-10-19,000858.SZ,000858.SZ,60.112932810042984,62.13056411889218,58.833712959587054,61.87056008424667,368965.32,2151505919.0
2018-10-22,000858.SZ,000858.SZ,62.62979881987005,65.52104492945554,62.61939865400823,64.98023630464098,445531.85,2750470637.0
2018-10-23,000858.SZ,000858.SZ,64.63702699755639,64.63702699755639,59.468144870800884,60.32095842088932,542433.18,3220258361.0
2018-10-24,000858.SZ,000858.SZ,58.86492064617462,59.80093528542474,57.003291530332696,58.54251560376623,440495.34,2476913916.0
2018-10-25,000858.SZ,000858.SZ,57.14889766614258,57.59610469064561,56.18168247361278,56.99289521573455,290302.42,1583783392.0
2018-10-26,000858.SZ,000858.SZ,57.0969018965794,57.67931109625307,56.16088711138958,56.47289203978618,231604.45,1261671861.0
2018-10-29,000858.SZ,000858.SZ,52.988837006024056,53.04083782742349,50.825602835807565,50.825602835807565,379558.51,1867188641.0
2018-10-30,000858.SZ,000858.SZ,48.672777992527365,50.79441190502216,47.90316569093613,49.390389462930024,550241.93,2611486807.0
2018-10-31,000858.SZ,000858.SZ,49.9208145502164,50.70082727756353,49.390405895620354,50.076817095685826,461994.89,2224915887.0
2018-11-01,000858.SZ,000858.SZ,51.064850650001716,52.9888827009692,50.65924389331128,51.636860178667725,639045.5,3185378779.0
2018-11-02,000858.SZ,000858.SZ,53.85211764248461,55.838551491405916,52.88490116107266,55.838551491405916,593915.64,3096208024.0
2018-11-05,000858.SZ,000858.SZ,54.767353589022676,55.016957935041766,53.14492533989857,53.82093711036695,457640.85,2369001862.0
2018-11-06,000858.SZ,000858.SZ,53.8001634894084,53.8001634894084,52.02173164005816,52.83294616783195,283324.05,1431547618.0
2018-11-07,000858.SZ,000858.SZ,52.94732221475451,53.560932902373935,52.229709715674154,52.52091478776473,240856.54,1226555649.0
2018-11-08,000858.SZ,000858.SZ,53.186506445348186,53.55051264902186,52.520895101487746,52.718498469196305,182009.62,928122739.0
2018-11-09,000858.SZ,000858.SZ,52.01127981223205,52.45848737710427,51.886477701104916,52.01127981223205,146378.08,733423985.0
2018-11-12,000858.SZ,000858.SZ,51.834485106699674,52.19849132233661,50.960870189171025,52.05288883608183,261821.66,1301791732.0
2018-11-13,000858.SZ,000858.SZ,51.376876089785306,53.75851670204459,51.24167378428588,53.30090889881573,326150.89,1651313768.0
2018-11-14,000858.SZ,000858.SZ,53.3009181948682,53.311318374028176,52.063296874831266,52.17769884559098,206289.63,1040308055.0
2018-11-15,000858.SZ,000858.SZ,52.37532630976143,52.874535138766305,52.21932355069741,52.61453054032627,151935.11,768330766.0
2018-11-16,000858.SZ,000858.SZ,52.832951527598894,53.22815864532503,52.42734422256418,52.71854946720449,196548.68,998312549.0
2018-11-19,000858.SZ,000858.SZ,52.874564879164126,54.060186514928226,52.62496032426642,53.7585810110935,247184.44,1271045173.0
2018-11-20,000858.SZ,000858.SZ,53.54016553679446,53.56096591190589,52.624949031892,52.63534921944771,180986.37,921741031.0
2018-11-21,000858.SZ,000858.SZ,52.0113560220654,53.498583358829116,51.89695391923742,53.17617743267754,182848.43,931815890.0
2018-11-22,000858.SZ,000858.SZ,53.35298702333536,53.540190486575135,52.37536893752766,53.03058105886687,124116.32,631537107.0
2018-11-23,000858.SZ,000858.SZ,53.02019912991359,53.249003441576626,52.00097992341467,52.02178031538404,137979.26,693820133.0
2018-11-26,000858.SZ,000858.SZ,52.416964719837914,52.66656931374191,52.00095706333126,52.09455878604526,95098.8,477612277.0
2018-11-27,000858.SZ,000858.SZ,52.38575676865723,52.38575676865723,51.522541002963656,51.772145561718425,100746.05,502445554.0
2018-11-28,000858.SZ,000858.SZ,51.969766735349275,52.65617950391703,51.6473607379917,52.250571958854266,137337.7,688851436.0
2018-11-29,000858.SZ,000858.SZ,53.176197275292395,53.54020410193726,52.41698303686166,52.44818362200265,243414.6,1242372769.0
2018-11-30,000858.SZ,000858.SZ,52.72900134837621,54.48663472665541,52.52099739828399,54.48663472665541,398866.04,2068637920.0
2018-12-03,000858.SZ,000858.SZ,56.23389182392166,57.40911464176948,55.537078294755254,57.29471242056305,460208.24,2511545475.0
2018-12-04,000858.SZ,000858.SZ,57.201127581376376,57.627535986983,56.587515485503424,57.1491265563024,215035.16,1178732543.0
2018-12-05,000858.SZ,000858.SZ,56.35870728019779,57.835536295475166,56.109102376207254,57.10752199216942,280714.91,1542561985.0
2018-12-06,000858.SZ,000858.SZ,56.21311561973254,56.63952408234291,54.84028837425526,55.12109394719379,299608.36,1601536564.0
2018-12-07,000858.SZ,000858.SZ,55.651527487635505,55.817930858931,54.913112527511764,55.3291209557505,146894.12,782201158.0
2018-12-10,000858.SZ,000858.SZ,54.59072727692625,55.27714145110745,53.96671439130697,54.42432384076111,158760.96,832455350.0
2018-12-11,000858.SZ,000858.SZ,54.44514294778368,55.11075692078428,54.20593792623659,54.933953209205995,110120.14,578637435.0
2018-12-12,000858.SZ,000858.SZ,55.63075247778398,55.63075247778398,54.79873524124954,55.297945583170204,121634.17,645047991.0
2018-12-13,000858.SZ,000858.SZ,55.27712433505388,56.62915183525275,55.01711904655409,56.17154252749312,230113.67,1241031288.0
2018-12-14,000858.SZ,000858.SZ,55.9843610649094,56.057162574746734,55.03794143702407,55.11074294686141,173186.16,922137672.0
2018-12-17,000858.SZ,000858.SZ,54.85074594523193,55.12115159456375,54.29953442928629,54.93394768348788,103843.89,546825431.0
2018-12-18,000858.SZ,000858.SZ,54.507546023378616,55.16275979927499,54.39314361806338,55.05875761262477,106706.45,561857538.0
2018-12-19,000858.SZ,000858.SZ,54.91315108267532,56.213178333685626,54.61154476044093,54.66354585048134,190965.04,1019671419.0
2018-12-20,000858.SZ,000858.SZ,54.65315187132059,54.85075603603136,52.94751592329079,53.93553674684463,182039.73,941847194.0
2018-12-21,000858.SZ,000858.SZ,53.45713663688982,53.56113884824564,52.053106783586294,52.625118946043294,194939.28,988024605.0
2018-12-24,000858.SZ,000858.SZ,52.20912956634003,53.30115319272762,52.06352641615502,52.99954666734438,104929.46,532943451.0
2018-12-25,000858.SZ,000858.SZ,52.281948082176264,53.14516703797905,51.84513849008328,52.89556155678306,120800.36,608934763.0
2018-12-26,000858.SZ,000858.SZ,52.874751366277735,53.22835906620957,52.209136872288404,52.427541628128644,91197.44,461720963.0
2018-12-27,000858.SZ,000858.SZ,53.2491438257753,53.5403500810725,52.157120368410766,52.15712036841076,134354.16,683348924.0
2018-12-28,000858.SZ,000858.SZ,52.333907091915584,53.30112755287507,51.81389609139973,52.916319412493344,190684.89,967588986.0
2019-01-02,000858.SZ,000858.SZ,53.66512665649845,53.873131023384104,51.82428800956042,51.93869041134753,232267.24,1174716785.0
2019-01-03,000858.SZ,000858.SZ,52.04266861433396,52.04266861433396,50.20183081562551,50.919445550715245,278029.62,1356928388.0
2019-01-04,000858.SZ,000858.SZ,50.16020987302495,51.772242327994654,49.92100505712622,51.52263730270902,241498.01,1185479550.0
2019-01-07,000858.SZ,000858.SZ,51.89702987458641,52.15703503427873,50.99221191885715,51.283417697712544,233796.93,1155244860.0
2019-01-08,000858.SZ,000858.SZ,51.46022948906841,51.58503198580828,50.83621700536913,50.9818199182323,167844.39,824599215.0
2019-01-09,000858.SZ,000858.SZ,51.38743633186568,52.69786275927209,51.11703087859134,52.032249335827565,330784.86,1658874318.0
2019-01-10,000858.SZ,000858.SZ,51.876244171257746,52.15704982334755,51.20023056437487,51.85544375258442,186374.44,925758405.0
2019-01-11,000858.SZ,000858.SZ,52.053067672182316,52.80188303130262,51.70986063258551,52.718681324733694,247667.79,1247223823.0
2019-01-14,000858.SZ,000858.SZ,52.52105218140624,52.614654056581024,51.46023092942536,51.57463322130565,217800.59,1083865427.0
2019-01-15,000858.SZ,000858.SZ,51.741041253352314,55.22511136789966,51.491436230220565,55.08990864703663,500413.49,2572947449.0
2019-01-16,000858.SZ,000858.SZ,54.91307890532239,54.91307890532239,54.11226317128645,54.28906664503465,330077.96,1727407213.0
2019-01-17,000858.SZ,000858.SZ,54.49706989208889,54.90267785502619,53.62345274114701,53.99786009155068,233909.86,1221557212.0
2019-01-18,000858.SZ,000858.SZ,54.28904565668802,56.68109172968384,54.28904565668802,56.03627931000671,521235.34,2803566846.0
2019-01-21,000858.SZ,000858.SZ,56.83711133899569,58.62594631617909,56.80591072892854,58.241138792017544,549111.73,3061837196.0
2019-01-22,000858.SZ,000858.SZ,58.241147231233455,58.241147231233455,56.83711957476621,57.41953104707855,335691.56,1848120935.0
2019-01-23,000858.SZ,000858.SZ,57.07631126901966,57.77312483589726,56.78510559927977,57.27391511634316,202242.28,1112986460.0
2019-01-24,000858.SZ,000858.SZ,57.513140893030545,57.981150176970225,56.68112438824892,57.40913882993285,193597.61,1067519358.9999999
2019-01-25,000858.SZ,000858.SZ,57.77315776225419,58.08516401479563,56.909940463556254,57.46115150971277,241740.03,1341239754.0
2019-01-28,000858.SZ,000858.SZ,58.241167394420984,60.8932205525598,57.72115697125651,59.76999803852454,592375.46,3412999036.0
2019-01-29,000858.SZ,000858.SZ,59.90517577611641,60.92439578064061,58.96915740461459,60.92439578064061,317132.16,1837922041.0
2019-01-30,000858.SZ,000858.SZ,60.726784099328576,61.53799991706237,59.48915996714497,59.572361589476635,286801.78,1664437445.0
2019-01-31,000858.SZ,000858.SZ,60.01954387302865,63.08760234513807,58.87552206986921,62.71319520955862,527323.68,3103402259.0
2019-02-01,000858.SZ,000858.SZ,63.23322393087892,63.81563520392649,62.63001225522251,63.628431580446914,390354.08,2375429263.0
2019-02-11,000858.SZ,000858.SZ,64.34603681804707,67.84050398644271,63.025211429992765,67.28929339142792,433981.99,2753822285.0
2019-02-12,000858.SZ,000858.SZ,67.44531003532022,69.44214882125415,66.87329892476623,67.3413080152195,437641.7,2856721810.0
2019-02-13,000858.SZ,000858.SZ,68.10051606219095,68.890931337195,67.06049596350142,68.71412792041777,374356.49,2448957573.0
2019-02-14,000858.SZ,000858.SZ,68.58932391394384,71.03337108904266,68.2149166871202,70.67976426370922,446146.46,3004589301.0
2019-02-15,000858.SZ,000858.SZ,70.7213418479282,70.92934579453976,68.7141037631267,69.05731027503577,311272.11,2082676229.0
2019-02-18,000858.SZ,000858.SZ,69.78532169108477,72.69737684361888,69.78532169108477,72.66617625269888,439770.28,3023099194.0
2019-02-19,000858.SZ,000858.SZ,72.46860585802284,73.2902217969987,71.3557842697897,72.45820565626364,339648.52,2359916161.0
2019-02-20,000858.SZ,000858.SZ,72.28141907909996,73.3006390891362,70.51338436781262,71.77180907408186,296281.4,2047537231.0
2019-02-21,000858.SZ,000858.SZ,71.71981004508578,72.01101577032685,70.26378141888046,70.77339143805231,283498.05,1939785170.0
2019-02-22,000858.SZ,000858.SZ,70.08699293224599,71.24141587563214,69.4733807371128,71.24141587563214,238045.24,1612149500.0
2019-02-25,000858.SZ,000858.SZ,71.40782118693562,74.72548721644806,70.19099696921475,74.11187500409311,593506.05,4126012682.0
2019-02-26,000858.SZ,000858.SZ,73.79990667949592,73.84150752880794,71.55346081664769,71.6782633645837,450653.52,3137917046.0
2019-02-27,000858.SZ,000858.SZ,72.33348264686417,75.3807451077601,71.91747411977941,72.86389351889726,488307.43,3448272493.0
2019-02-28,000858.SZ,000858.SZ,72.5935014187786,75.50556164761213,71.25187367049459,74.36153798628467,394477.95,2804495424.0
2019-03-01,000858.SZ,000858.SZ,74.98551829004985,79.16640294366984,74.5695098668041,78.93759831088467,493189.98,3648644759.0
2019-03-04,000858.SZ,000858.SZ,79.65524717779381,82.68170976151727,78.5320239508449,80.34166137204038,612471.24,4731317564.0
2019-03-05,000858.SZ,000858.SZ,80.33122991072878,81.70405776523633,79.84241999283594,80.8824410947356,332858.88,2577911820.0
2019-03-06,000858.SZ,000858.SZ,80.34159558079496,80.49759867901011,79.0415697623355,80.07119021055539,341850.96,2619984243.0
2019-03-07,000858.SZ,000858.SZ,79.12476099596236,79.12476099596236,76.12950190463256,76.93031770335615,464176.64,3452843502.0
2019-03-08,000858.SZ,000858.SZ,74.61107622015771,77.35673054440105,73.85186119868135,74.29907004694826,421400.85,3053064892.0
2019-03-11,000858.SZ,000858.SZ,74.4654882324213,79.57199028858317,74.4654882324213,79.04157968804496,453330.22,3365404170.0
2019-03-12,000858.SZ,000858.SZ,78.91673946466418,80.23756523061205,77.76231694481999,78.31352769753838,345975.22,2617867826.0
2019-03-13,000858.SZ,000858.SZ,78.00150203424153,80.24794529282768,77.6374950247484,79.56153207492635,320983.42,2441832251.0
2019-03-14,000858.SZ,000858.SZ,79.97756133709868,82.15120377135791,78.75033737900014,80.237566412967,438312.52,3412067635.0
2019-03-15,000858.SZ,000858.SZ,79.94638630108778,82.77524243142419,78.01194791784305,81.93282571614017,407666.89,3195204171.0
2019-03-18,000858.SZ,000858.SZ,81.82879485285811,90.12815660839708,81.64159120423692,90.12815660839709,785028.53,6597656097.0
2019-03-19,000858.SZ,000858.SZ,88.32891891176749,92.15619339187234,87.67370616109736,89.44174056766754,614712.64,5293626419.0
2019-03-20,000858.SZ,000858.SZ,88.401753337319,91.70901893276223,87.77774096082028,89.1297677765675,404122.61,3473591304.0
2019-03-21,000858.SZ,000858.SZ,89.1505582134944,89.44176395660894,87.91293380525761,88.29774139437325,218635.19,1857556465.0
2019-03-22,000858.SZ,000858.SZ,87.93370406969089,90.08654578967031,87.372093186218,89.49373430156002,287228.31,2459037963.0
2019-03-25,000858.SZ,000858.SZ,87.88165992235038,88.92167956640186,85.59361670543711,86.12402672390337,333485.23,2793616226.0
2019-03-26,000858.SZ,000858.SZ,86.5296438708703,89.09849267328677,86.4984432781284,87.85046896361075,323212.93,2724755664.0
2019-03-27,000858.SZ,000858.SZ,88.79686868548424,93.54975800256861,87.93365246378183,91.50091950045567,494442.64,4308324502.0
2019-03-28,000858.SZ,000858.SZ,93.39378878783947,95.56743041998406,91.53215313160081,93.91379874768268,607345.71,5493378455.0
2019-03-29,000858.SZ,000858.SZ,95.16184739338026,102.00518024418291,94.78744012494728,98.80191805870082,574995.53,5426052479.0
2019-04-01,000858.SZ,000858.SZ,98.80188736534325,101.36033623817214,97.76186749833964,100.43471855653891,548710.96,5244031795.0
2019-04-02,000858.SZ,000858.SZ,99.84192160683756,100.34113121487175,98.05308717804839,99.90432280784184,356989.69,3399871594.0
2019-04-03,000858.SZ,000858.SZ,98.39626463599052,100.89231193676609,98.39626463599052,99.21788020582915,247438.43,2369519371.0
2019-04-04,000858.SZ,000858.SZ,98.4482721040987,105.59320797305242,97.95946280884277,104.24118226277007,516297.97,5094805404.0
2019-04-08,000858.SZ,000858.SZ,108.83802867138681,109.60764301650698,104.01233872360626,106.08197730034834,535741.23,5478418894.0
2019-04-09,000858.SZ,000858.SZ,104.16829807801318,114.53728701409337,104.11629713049022,114.42288492954283,473137.25,4884426196.0
2019-04-10,000858.SZ,000858.SZ,110.24195826403783,114.43323271501964,107.12190284147073,111.28197673822687,673144.47,7185973863.0
2019-04-11,000858.SZ,000858.SZ,110.13792330901683,111.17794147057505,101.47457202323673,103.79381252351159,676207.91,6875381507.0
2019-04-12,000858.SZ,000858.SZ,101.81773795173565,104.31378055729402,100.88172197465126,103.60656848571917,410824.62,4052939503.0
2019-04-15,000858.SZ,000858.SZ,106.08177060229768,109.13942163730509,104.00173588460558,104.6257462999132,464503.28,4759979024.0
2019-04-16,000858.SZ,000858.SZ,102.54571399010396,106.32097709136237,100.94408721987314,106.30017674369701,474714.47,4751005774.0
2019-04-17,000858.SZ,000858.SZ,105.02094213584124,109.70101977112827,104.31373040428674,107.7665876818763,423136.86,4356259331.0
2019-04-18,000858.SZ,000858.SZ,107.45456375361239,108.68178389713991,105.87373780601764,106.43534702424209,278663.12,2862113036.0
2019-04-19,000858.SZ,000858.SZ,106.43529540843835,106.51849673375274,103.85605432369213,105.728084143266,302350.53,3052000832.0
2019-04-22,000858.SZ,000858.SZ,105.0417214249317,108.05777085198419,104.52171290302608,105.17692364062715,350743.75,3571766313.0
2019-04-23,000858.SZ,000858.SZ,104.62574755683416,110.76185004774193,104.52174581970013,108.48421200450667,521793.97,5401052567.0
2019-04-24,000858.SZ,000858.SZ,109.20185865044083,110.76188520259,105.04178784470976,107.64183209829167,362607.2,3738473481.0
2019-04-25,000858.SZ,000858.SZ,106.91385530980327,108.16187696711614,104.62581560472965,104.62581560472964,324523.14,3310704569.0
2019-04-26,000858.SZ,000858.SZ,103.89776233462834,107.6418258421825,103.89776233462834,106.36260414376815,410706.59,4170490844.0
2019-04-29,000858.SZ,000858.SZ,105.04182786814168,109.31630224970667,102.75378805319207,106.38345121418034,578442.78,5918159012.0
2019-04-30,000858.SZ,000858.SZ,106.08181110268372,108.68185549245537,105.04179334677505,106.45621749481083,299196.52,3066006981.0
2019-05-06,000858.SZ,000858.SZ,102.27535495357164,102.57696012884655,95.80644395284746,95.80644395284746,716992.88,6811943471.0
2019-05-07,000858.SZ,000858.SZ,97.0336874592512,100.85055383626569,97.0336874592512,99.8001355690219,517242.5,4939402434.0
2019-05-08,000858.SZ,000858.SZ,96.89845414254845,101.56813385812258,96.74245147944464,99.71690225595734,333316.43,3192877613.0
2019-05-09,000858.SZ,000858.SZ,98.69767397779917,99.71689126439813,93.62238789759199,95.48401947209422,525057.88,4852605179.0
2019-05-10,000858.SZ,000858.SZ,98.37523927468087,103.46092401993079,97.35602229097024,103.16971916744203,597126.62,5777245727.0
2019-05-13,000858.SZ,000858.SZ,102.9617316028019,108.47382430477008,100.88169662092712,107.74581206111391,521618.19,5335656536.0
2019-05-14,000858.SZ,000858.SZ,105.04174649472131,109.19141548990882,105.04174649472131,106.5809720869212,431034.07,4441800280.0
2019-05-15,000858.SZ,000858.SZ,108.36976427941632,114.92187094890117,107.28814667048547,114.29786078990263,647520.67,6923929594.0
2019-05-16,000858.SZ,000858.SZ,113.11224889286208,116.47150380205612,112.11383257310162,114.38106963255768,426502.71,4675545683.0
2019-05-17,000858.SZ,000858.SZ,113.38263214008308,115.4210650789435,109.19136441375272,110.72018911789804,501195.16,5378725800.0
2019-05-20,000858.SZ,000858.SZ,110.03380847597302,110.16901069810797,105.66573668392115,108.16177770795079,398480.3,4127376688.0
2019-05-21,000858.SZ,000858.SZ,108.17216957391855,110.42900649320904,105.97773367543795,108.36977280648317,418029.59,4339949492.0
2019-05-22,000858.SZ,000858.SZ,107.4337864040094,109.3370180508568,105.04174662928315,107.44418657694298,281541.9,2903441868.0
2019-05-23,000858.SZ,000858.SZ,106.3105705492089,107.12178405956288,103.30492049161535,103.82492915209866,428034.82,4314285880.0
2019-05-24,000858.SZ,000858.SZ,104.11610679284301,106.99695401905592,103.79370150759897,105.06252230759166,324838.43,3284967739.0
2019-05-27,000858.SZ,000858.SZ,105.56172533729911,106.75774488545571,102.441674342108,106.08173383649762,351185.46,3534292353.0
2019-05-28,000858.SZ,000858.SZ,105.66569424079287,108.3697375973486,105.35368923811336,107.22571925419041,427840.82,4399951006.0
2019-05-29,000858.SZ,000858.SZ,106.06089895439791,109.43055293176847,105.66569262371864,108.73374176978135,431698.48,4487115414.0
2019-05-30,000858.SZ,000858.SZ,107.95373126388891,109.40975461426892,106.07130107518333,107.25692008906418,249275.82,2571306202.0
2019-05-31,000858.SZ,000858.SZ,107.53777050697728,107.53777050697728,105.07292992572451,105.30173369276062,288484.16,2938475708.0
2019-06-03,000858.SZ,000858.SZ,105.35372676107741,107.69376511460578,104.06410562402178,105.52012948843941,261336.37,2653955613.0
2019-06-04,000858.SZ,000858.SZ,106.4769831928841,106.60178528297149,102.57691787765344,103.15932763139456,320980.94,3192822293.0
2019-06-05,000858.SZ,000858.SZ,104.5737966220265,104.6361976941033,102.83696678255575,103.01376982010666,235420.07,2346988264.0
2019-06-06,000858.SZ,000858.SZ,103.6804574041237,104.51641945096242,102.28366006003874,102.95031333789748,217204.47,2118748151.0
2019-06-10,000858.SZ,000858.SZ,102.96085242010352,107.01367939614664,101.58521924285651,106.2835356328386,345857.05,3428090377.0
2019-06-11,000858.SZ,000858.SZ,107.04540500888147,115.89178288426946,106.53747900646685,115.28862075640211,641526.54,6792227836.0
2019-06-12,000858.SZ,000858.SZ,115.45795512053203,116.18809891150597,112.60087072106877,113.87068600971912,384593.28,4155736709.0
2019-06-13,000858.SZ,000858.SZ,114.30456046899354,114.44212381708623,111.26758501494791,113.01358135612398,274693.33,2924978251.0
2019-06-14,000858.SZ,000858.SZ,112.9924711599169,115.02417695338984,110.78087474931354,111.06658337652067,348242.73,3709509512.0
2019-06-17,000858.SZ,000858.SZ,111.06653539404299,112.42100533787277,108.05072340973447,109.73322904308553,300608.92,3129573468.0
2019-06-18,000858.SZ,000858.SZ,109.47922048756932,111.2463797589229,108.14591469002113,110.13529159429939,232709.02,2416587880.0
2019-06-19,000858.SZ,000858.SZ,114.0506052248509,114.49504068777944,112.01890025146331,112.06122743840889,378260.25,4049045244.0
2019-06-20,000858.SZ,000858.SZ,111.59561840488227,119.68011038869889,111.45805505960791,119.54254704342452,631132.88,6984596749.0
2019-06-21,000858.SZ,000858.SZ,118.57966064925016,120.50554840921477,117.66962577366247,119.55318633011139,428986.24,4826930124.0
2019-06-24,000858.SZ,000858.SZ,119.55314663837041,124.23030107403687,118.52671229389156,121.75416049044874,428014.26,4920809658.0
2019-06-25,000858.SZ,000858.SZ,121.75410913965138,123.35195986797461,118.51608051139365,121.58480045320653,387596.54,4414668439.0
2019-06-26,000858.SZ,000858.SZ,120.88646043003371,121.52136831044356,119.77537163931649,120.44202491374683,203148.9,2313679180.0
2019-06-27,000858.SZ,000858.SZ,121.1722170112212,125.36261068307898,121.1722170112212,124.12453982548463,446929.26,5219625987.0
2019-06-28,000858.SZ,000858.SZ,124.42078735429695,125.22500404411892,122.62188160074783,124.81231390065764,270361.46,3173238391.0
2019-07-01,000858.SZ,000858.SZ,128.23020384342757,133.33062951206364,128.09264049551828,133.33062951206364,479809.42,5957481819.0
2019-07-02,000858.SZ,000858.SZ,131.96557576700178,135.44698659430864,131.859757808725,135.44698659430864,382938.61,4819052184.0
2019-07-03,000858.SZ,000858.SZ,134.38882436462683,137.87023564147424,129.24607092831118,131.1190490316607,714433.86,9012422827.0
2019-07-04,000858.SZ,000858.SZ,131.09784669049318,132.12428071494858,127.27781903246849,130.25130316516916,483134.64,5912603655.0
2019-07-05,000858.SZ,000858.SZ,130.68513201645325,137.75376911661445,130.15604241314776,137.3622428101684,562843.13,7145349870.0
2019-07-08,000858.SZ,000858.SZ,137.3304855852552,137.35164916756145,131.74329985640523,134.42049301814583,466161.92,5915433713.0
2019-07-09,000858.SZ,000858.SZ,134.09250087024472,136.2935141421048,131.74334247431713,133.3306116607547,367636.38,4648787014.0
2019-07-10,000858.SZ,000858.SZ,134.26184993740577,134.8544306117827,132.69574386940954,133.78566903835286,246400.05,3115224797.0
2019-07-11,000858.SZ,000858.SZ,134.86499575616747,135.36234018932086,129.9762057962342,130.68518615838906,421003.56,5284580704.0
2019-07-12,000858.SZ,000858.SZ,130.9285539230588,133.89145662236018,130.050264908623,132.88618606366865,334533.02,4185378161.0
2019-07-15,000858.SZ,000858.SZ,131.23541218181862,132.75919055257992,128.5688000329863,132.36766416564822,294386.67,3649762390.0
2019-07-16,000858.SZ,000858.SZ,132.3782873187185,133.33064909798986,130.35716398715374,130.76985409150467,229800.04,2852294240.0
2019-07-17,000858.SZ,000858.SZ,130.6852208153045,131.9973639230857,129.6270408896745,130.7910388078675,198448.62,2452457673.0
2019-07-18,000858.SZ,000858.SZ,130.695749040083,131.47880186406212,128.03971851550517,128.03971851550517,279617.69,3420457851.0
2019-07-19,000858.SZ,000858.SZ,129.09783564634066,131.08721213007112,128.14547456370371,129.24598070363973,238433.34,2923077635.0
2019-07-22,000858.SZ,000858.SZ,129.41523849696017,130.98134277312943,128.3888052889303,130.6321438466863,229289.7,2814700738.0
2019-07-23,000858.SZ,000858.SZ,130.8966231758808,130.98127741884014,125.58456943018216,127.03427334086086,426761.39,5141805061.0
2019-07-24,000858.SZ,000858.SZ,127.21421784615899,128.17716027038128,125.92324009060822,126.4523293346864,282785.72,3392025182.0
2019-07-25,000858.SZ,000858.SZ,126.24073358007539,128.8544352728062,122.96037922887477,128.7591991787391,439752.74,5225971396.0
2019-07-26,000858.SZ,000858.SZ,127.83856555247614,129.62688751078824,127.51053016367332,128.30416416884142,235231.12,2859765034.0
2019-07-29,000858.SZ,000858.SZ,128.56876468020533,131.40468475710205,127.9656025742982,130.94966772983875,356041.06,4382731013.0
2019-07-30,000858.SZ,000858.SZ,131.31998902163815,131.9337327253654,129.6269029423906,130.05017446220248,238944.77,2948652613.0
2019-07-31,000858.SZ,000858.SZ,129.3094974012333,130.26185867505578,127.27779335041195,127.73281040346048,242682.63,2940184907.0
2019-08-01,000858.SZ,000858.SZ,127.01320396997615,128.37825464998338,125.00266420872516,125.95502514826511,260735.94,3109917796.0
2019-08-02,000858.SZ,000858.SZ,123.07679505994649,125.5529338308198,122.7699231609921,124.99209898100662,270011.14,3167999085.0
2019-08-05,000858.SZ,000858.SZ,123.30961699527222,126.33600938012144,122.9815814570543,123.75405224059973,269946.47,3169877896.0
2019-08-06,000858.SZ,000858.SZ,123.59528134254836,128.8861752356369,120.94983439600409,128.3359222707557,533102.3,6331332804.0
2019-08-07,000858.SZ,000858.SZ,128.8861644806667,128.93907341518258,125.77511913113337,125.7962827049397,256857.51,3082279497.0
2019-08-08,000858.SZ,000858.SZ,126.44171882962037,128.68505671495635,126.19833783262638,127.53164242485435,252179.71,3043542051.0
2019-08-09,000858.SZ,000858.SZ,128.56871554205495,129.07664133185074,124.33600062709017,124.8862535660356,278185.07,3321550416.0
2019-08-12,000858.SZ,000858.SZ,128.02910152611992,130.3676775602775,125.93390670818691,129.98673304792607,395370.08,4797396604.0
2019-08-13,000858.SZ,000858.SZ,129.09785762119853,130.15603678202802,128.44178654148425,129.41531136944738,191874.36,2342683338.0
2019-08-14,000858.SZ,000858.SZ,131.42585396806507,134.3887556678282,130.69571033490914,133.17184961256834,416269.48,5232740560.0
2019-08-15,000858.SZ,000858.SZ,131.10840338867857,133.79617856710667,130.69571349907739,133.30941613321812,246999.37,3086946678.0
2019-08-16,000858.SZ,000858.SZ,133.85965787292048,136.5051056569703,132.69566084793857,133.6480220501965,312170.17,3974054169.0
2019-08-19,000858.SZ,000858.SZ,134.7061678822217,136.30401794901005,133.04482708430274,135.34107519352835,312746.91,3982435339.0
2019-08-20,000858.SZ,000858.SZ,135.44683318904032,137.79598920216273,135.1293796737535,137.12933682006044,306616.61,3970361320.0
2019-08-21,000858.SZ,000858.SZ,137.02351369789318,137.43620325185236,135.02355662870622,135.2881012145775,232900.1,2992919479.0
2019-08-22,000858.SZ,000858.SZ,135.8065533956777,138.62130664511278,135.29862799728338,138.09221768845205,302086.88,3912514036.0
2019-08-23,000858.SZ,000858.SZ,138.1345633857269,139.34088636917818,136.69544123003064,137.66896504123693,320667.29,4184735271.0
2019-08-26,000858.SZ,000858.SZ,135.34090958893,136.50490490204822,133.9652787643357,134.83298436138747,283219.87,3616949036.0
2019-08-27,000858.SZ,000858.SZ,136.26147354477234,141.0338525591928,135.92285685195313,140.08149311063883,379670.88,4996837361.0
2019-08-28,000858.SZ,000858.SZ,140.9491736946186,144.49406657657786,139.3619082250846,141.7110611199949,343763.75,4610003446.0
2019-08-29,000858.SZ,000858.SZ,142.21901314375785,145.75332492872923,141.49945266059004,144.97027381469366,316290.32,4294986772.0
2019-08-30,000858.SZ,000858.SZ,146.08140011758624,151.42519635513648,146.0602365681306,149.7321123986849,440797.67,6195944729.0
2019-09-02,000858.SZ,000858.SZ,149.73208496169204,150.84317110451732,146.1342822134959,150.1447741004557,329900.52,4649797983.0
2019-09-03,000858.SZ,000858.SZ,150.2611145479604,151.0970742697413,147.50985470412454,149.7320261164535,274753.66,3872907647.0
2019-09-04,000858.SZ,000858.SZ,148.20827715129033,149.2029635751245,145.49934391191218,146.35646731968419,380555.67,5269300147.0
2019-09-05,000858.SZ,000858.SZ,146.3247540964856,148.39878156270714,145.81682900271707,146.98082400926998,300247.01,4172563456.0
2019-09-06,000858.SZ,000858.SZ,147.77440408991544,148.25058369493127,145.2030342228299,148.15534777392807,279327.73,3879562633.0
2019-09-09,000858.SZ,000858.SZ,148.20830149664548,148.91728023434896,146.6633627547841,147.2982690870559,224902.6,3131952949.0
2019-09-10,000858.SZ,000858.SZ,146.24003560811948,146.55748865213133,144.13426374950765,145.23476763541532,247836.38,3401992978.0
2019-09-11,000858.SZ,000858.SZ,142.85386013511643,143.4887661801614,136.16618312730952,136.77992563751963,702309.82,9220352269.0
2019-09-12,000858.SZ,000858.SZ,134.91750396818338,139.82744293612353,134.91750396818338,139.2031188001139,412754.48,5390859933.0
2019-09-16,000858.SZ,000858.SZ,138.06029561276802,139.46767043583066,136.61059372735764,138.53647506418017,238108.03,3107715798.0
2019-09-17,000858.SZ,000858.SZ,137.6688091355629,141.52057289615823,137.1185571697636,139.19258381008413,257861.37,3398413396.0
2019-09-18,000858.SZ,000858.SZ,139.78515660129636,143.82739201550493,139.68992068839614,143.44644836390412,363935.51,4907950565.0
2019-09-19,000858.SZ,000858.SZ,143.9120688158926,144.17661306003947,141.48884353950737,142.76923768117814,182044.94,2452341152.0
2019-09-20,000858.SZ,000858.SZ,143.38302907194443,145.52054729131956,143.38302907194443,144.800986702619,257905.34,3523702834.0
2019-09-23,000858.SZ,000858.SZ,144.67393663103113,144.67393663103113,139.67934197846773,142.69514595300282,209573.18,2814843037.0
2019-09-24,000858.SZ,000858.SZ,142.0602434954041,145.73211720064845,142.0602434954041,144.4517231996843,268693.73,3672327398.0
2019-09-25,000858.SZ,000858.SZ,143.91208693946976,145.90145990598597,142.49412961227205,144.48350257878823,189634.38,2588651274.0
2019-09-26,000858.SZ,000858.SZ,144.93855137691267,145.626366653214,141.10794937658835,141.90158238770528,219393.03,2964217247.0
2019-09-27,000858.SZ,000858.SZ,140.8540060778139,143.17141478723028,139.89106455928928,141.584148547904,166711.38,2233718323.0
2019-09-30,000858.SZ,000858.SZ,140.73765968258525,141.742928680318,137.03403705935932,137.3514904270644,265433.99,3473617322.0
2019-10-08,000858.SZ,000858.SZ,137.35144821600076,142.3989552113037,137.35144821600076,140.48365381476316,226896.38,3022296806.0
2019-10-09,000858.SZ,000858.SZ,140.7375838010212,140.8328197599843,138.30377596085316,139.4783527880647,168829.11,2221320313.0
2019-10-10,000858.SZ,000858.SZ,136.09219573738574,139.3090550410297,133.4150069090241,138.61065795537016,293458.96,3786598649.0
2019-10-11,000858.SZ,000858.SZ,139.15034449257615,140.3672486459333,136.5049006809302,138.88580011141156,226707.09,2967723909.0
2019-10-14,000858.SZ,000858.SZ,140.7376712754418,141.2667602651991,137.8805907307524,138.47317039928058,210410.65,2764340142.0
2019-10-15,000858.SZ,000858.SZ,138.6212591533113,141.29844835680657,137.5630816025227,140.40957921414412,274876.61,3641762778.0
2019-10-16,000858.SZ,000858.SZ,137.4572763435587,138.88581616699062,136.22979027305428,137.70065720236562,274371.16,3569058486.0
2019-10-17,000858.SZ,000858.SZ,138.6212183280738,138.75878136916273,137.29849677914183,137.88049426067192,147555.6,1923019606.0
2019-10-18,000858.SZ,000858.SZ,137.54184815577872,137.54184815577872,134.03928224259496,134.70593376081422,325368.56,4170460177.0
2019-10-21,000858.SZ,000858.SZ,134.70586994056617,135.97568175461706,133.46780342186653,135.5735746801676,165636.83,2116275971.0
2019-10-22,000858.SZ,000858.SZ,136.5048295646457,136.90693681452603,135.44665259127635,136.5048295646457,144421.32,1859987013.0
2019-10-23,000858.SZ,000858.SZ,136.50486494525654,137.6476963727052,134.409673994934,134.7271271692253,191811.67,2462727681.0
2019-10-24,000858.SZ,000858.SZ,134.97054786482173,135.65836327926417,131.47856191457547,131.77485163156607,270605.82,3395329986.0
2019-10-25,000858.SZ,000858.SZ,132.43094612903744,135.9758416107176,131.65847636735785,135.65838828399995,257852.8,3268792452.0
2019-10-28,000858.SZ,000858.SZ,135.67960838530215,138.40970813287728,134.6849208803717,137.61607448532638,236364.3,3064652343.0
2019-10-29,000858.SZ,000858.SZ,138.62140438611974,140.3673991741892,137.83835217813706,139.15049371583774,214685.78,2830140054.0
2019-10-30,000858.SZ,000858.SZ,139.1504251766484,139.54195108779183,137.11872315125552,138.5684272006244,132816.04,1733800237.0
2019-10-31,000858.SZ,000858.SZ,143.5524109630649,143.91219144166905,139.372608343987,139.76413415893862,333271.98,4458545241.0
2019-11-01,000858.SZ,000858.SZ,140.4201636932357,141.98626649855592,139.52071275774776,141.47834126439798,223768.28,2975884621.0
2019-11-04,000858.SZ,000858.SZ,141.68997180853648,143.75341799992293,141.6264811564938,141.78520778660047,220472.79,2968606687.0
2019-11-05,000858.SZ,000858.SZ,142.32482995461513,143.15020815063446,141.31956163895057,142.0920309762507,163964.64,2205196709.0
2019-11-06,000858.SZ,000858.SZ,142.83271984744002,142.83271984744002,140.21902286993833,140.34600409961453,190922.58,2540229476.0
2019-11-07,000858.SZ,000858.SZ,140.35651918435693,141.2559691338948,139.806267450522,140.91735268230406,103992.8,1383132376.0
2019-11-08,000858.SZ,000858.SZ,142.11308327360294,144.57863415988362,141.79563036978996,142.41995441395548,289219.55,3912720223.0
2019-11-11,000858.SZ,000858.SZ,141.79563735700685,142.72683258741108,139.67928456063362,140.44117156732798,217726.94,2894022133.0
2019-11-12,000858.SZ,000858.SZ,140.84334466413722,141.63697733504708,139.8804036900999,141.12905242566478,160138.71,2130045591.0
2019-11-13,000858.SZ,000858.SZ,141.5840092147433,143.15011036300803,140.39885158902948,142.4517139049981,181588.98,2438350701.0
2019-11-14,000858.SZ,000858.SZ,142.48345665703306,143.38290662479002,141.45702551735744,142.37763901376752,187238.81,2524776839.0
2019-11-15,000858.SZ,000858.SZ,142.83269253500927,142.83269253500927,140.73750264599374,141.0867009608297,130653.15,1746120606.0
2019-11-18,000858.SZ,000858.SZ,141.181945622402,141.8909240631681,140.20842298732026,140.73751137595164,134641.86,1788831704.0
2019-11-19,000858.SZ,000858.SZ,140.7374555026325,141.47817895264637,140.2824396690526,141.26654368121385,155716.62,2071712323.0
2019-11-20,000858.SZ,000858.SZ,140.737410865753,143.44634148091336,140.52577566144362,141.7955868873,210089.04,2823391065.0
2019-11-21,000858.SZ,000858.SZ,141.42526971982633,142.060175532261,140.64221921782354,141.43585148336692,128165.26,1708768225.0
2019-11-22,000858.SZ,000858.SZ,141.12898500231265,141.8697084746199,135.4994866127775,136.47300889066705,283119.0,3702375517.0
2019-11-25,000858.SZ,000858.SZ,135.76396406223324,137.11842917524694,133.03387031881496,136.18723441005,234312.77,2991410070.0
2019-11-26,000858.SZ,000858.SZ,136.19776042683014,138.32469305411573,136.19776042683014,138.32469305411573,172908.56,2247438028.0
2019-11-27,000858.SZ,000858.SZ,138.08125053616033,139.99654721384022,137.27703756652676,139.13942549620447,154690.72,2030274022.0
2019-11-28,000858.SZ,000858.SZ,139.6897461120286,140.52570474719641,137.45699583328926,138.41993552696357,113863.96,1494448474.0
2019-11-29,000858.SZ,000858.SZ,138.1976679461006,138.1976679461006,133.33006249011237,134.9702338937606,258759.27,3301606331.0
2019-12-02,000858.SZ,000858.SZ,134.8644210563158,136.44110200864148,132.48352700079042,134.3882422452107,141217.85,1797000338.0
2019-12-03,000858.SZ,000858.SZ,133.7110175843377,134.1660329179976,132.14491829639198,133.37240152207917,139508.66,1751894507.0
2019-12-04,000858.SZ,000858.SZ,135.40410932249233,136.04959624564583,134.2612800159255,135.92261521158284,192212.02,2460398234.0
2019-12-05,000858.SZ,000858.SZ,135.97548143037537,136.18711642092848,134.9173064776098,135.61570194643508,112778.94,1444566390.0
2019-12-06,000858.SZ,000858.SZ,135.6051539894798,138.83258839968587,135.45700945917523,138.59978985206445,202983.14,2646395631.0
2019-12-09,000858.SZ,000858.SZ,139.43575235494893,140.71614440434928,137.7744172164707,138.08128803822785,131495.31,1729362052.0
2019-12-10,000858.SZ,000858.SZ,137.4357372295379,138.70554693600116,137.0336308224912,138.47274848981624,97115.99,1265677535.0
2019-12-11,000858.SZ,000858.SZ,137.98601323159875,138.46219195824153,135.44639335617055,136.3140968136085,147185.1,1895323879.0
2019-12-12,000858.SZ,000858.SZ,136.50460691183406,136.73740546625734,134.70570899129052,135.21363311003222,129775.88,1660017933.0
2019-12-13,000858.SZ,000858.SZ,136.0601525711545,137.7955597123638,135.65804603843523,137.05483715209152,164666.25,2129229225.9999998
2019-12-16,000858.SZ,000858.SZ,137.79560994041225,137.88026397815787,135.0231902042436,136.32474603458235,202120.79,2593321997.0
2019-12-17,000858.SZ,000858.SZ,136.4940166567339,137.91197139989245,136.34587213132926,137.82731738537552,252660.98,3279889507.0
2019-12-18,000858.SZ,000858.SZ,138.09192920369074,140.6527144042496,137.82738527801317,138.55752651288324,235573.96,3096584394.0
2019-12-19,000858.SZ,000858.SZ,138.62102439920568,139.30883864240784,136.69514451823963,137.41470403420496,130362.63,1694680210.0
2019-12-20,000858.SZ,000858.SZ,137.56291180639496,137.85920115490103,136.39891793726392,136.61055318619682,130458.6,1685840239.0
2019-12-23,000858.SZ,000858.SZ,134.9174842505837,137.03383694471052,134.37781431358135,135.59471711270427,156764.77,2013854463.0
2019-12-24,000858.SZ,000858.SZ,135.9121402365343,137.16078805247255,135.86981319192623,136.18726602648678,83081.2,1071252225.0000001
2019-12-25,000858.SZ,000858.SZ,136.67402767963904,136.7057729632438,135.11850878300643,135.5523609922713,109821.86,1405926673.0
2019-12-26,000858.SZ,000858.SZ,135.55231762397784,135.7851162959316,134.68461348305934,135.60522641305826,101143.55,1293330428.0
2019-12-27,000858.SZ,000858.SZ,136.483532361115,137.8274158011725,136.31422421118648,136.50469587985606,196530.0,2547996968.0
2019-12-30,000858.SZ,000858.SZ,136.7162775418246,141.00188840904127,136.06020871770752,140.54687293425036,340116.93,4485255974.0
2019-12-31,000858.SZ,000858.SZ,140.737413748987,141.92257091739953,139.8908729144066,140.74799550941924,195074.42,2597567643.0
2020-01-02,000858.SZ,000858.SZ,139.67923144515365,141.26649543884858,137.1290272952838,139.7638855248174,306674.39,4038536854.0
2020-01-03,000858.SZ,000858.SZ,139.2559453452054,139.75328800715258,137.1501753510036,138.14486067489793,204692.48,2672531470.0
2020-01-06,000858.SZ,000858.SZ,137.56284525685484,137.8273891900411,135.9967451723922,136.7163046706588,259369.79,3353682073.0
2020-01-07,000858.SZ,000858.SZ,137.03378620178475,138.6951224514898,136.5046982241717,136.89622332760538,223277.93,2901574233.0
2020-01-08,000858.SZ,000858.SZ,136.49415596520558,137.30895168652665,135.49947027943696,136.38833833905997,161802.18,2083242871.0
2020-01-09,000858.SZ,000858.SZ,136.50472680911125,138.83271439810383,135.71109467650015,138.37769864207348,255490.57,3317934212.0
2020-01-10,000858.SZ,000858.SZ,138.09199250051932,141.84851796700855,138.09199250051932,141.39350220627887,429695.42,5712380855.0
2020-01-13,000858.SZ,000858.SZ,142.07076025555446,148.14469265438424,142.06017849179344,147.7849126865093,496041.94,6847185988.0
2020-01-14,000858.SZ,000858.SZ,148.2505507784214,148.86429324417077,146.24001511475973,146.62095871419035,199073.17,2767444878.0
2020-01-15,000858.SZ,000858.SZ,146.62091806019723,151.11816763984388,146.61033629648043,148.99123313276394,234789.04,3309331109.0
2020-01-16,000858.SZ,000858.SZ,148.99128058624927,150.26109263670025,147.40401552318554,148.84313584702997,145359.88,2046672621.0
2020-01-17,000858.SZ,000858.SZ,149.47799800522418,150.04941326023496,146.34579586664665,146.61033996618866,148478.14,2068064059.0
2020-01-20,000858.SZ,000858.SZ,148.72675790343237,148.8431573582127,144.7585946722842,145.56280908713023,167537.69,2308928098.0
2020-01-21,000858.SZ,000858.SZ,144.4410820163013,144.4410820163013,139.68986986792623,140.33535748719325,293073.08,3903226854.0
2020-01-22,000858.SZ,000858.SZ,138.6105457646225,140.38828236195482,137.30898861300412,139.36185111230458,257530.51,3375415201.0
2020-01-23,000858.SZ,000858.SZ,139.43596712714518,139.43596712714518,132.27210966755064,133.49959484526548,415936.68,5294268764.0
2020-02-03,000858.SZ,000858.SZ,120.14536337370389,120.14536337370389,120.14536337370389,120.14536337370389,167639.0,1903373206.0
2020-02-04,000858.SZ,000858.SZ,115.34122247940711,126.98116236265002,115.34122247940711,121.16119242102857,710214.26,8017646168.0
2020-02-05,000858.SZ,000858.SZ,122.64261426697983,126.76950120089892,120.73789722055564,124.34627784739259,388783.39,4546389350.0
2020-02-06,000858.SZ,000858.SZ,125.9229281210463,126.9176134356159,123.38330604129409,126.08165450103081,306551.05,3619248778.0
2020-02-07,000858.SZ,000858.SZ,126.18751216879663,127.96524818928786,124.45210319641234,127.59488651835218,280116.95,3346691769.0
2020-02-10,000858.SZ,000858.SZ,126.45202007837536,129.44665787604734,125.4784982501569,128.1768467957624,221876.5,2682789606.0
2020-02-11,000858.SZ,000858.SZ,128.19795170573374,132.80101476739233,128.19795170573374,132.04971022169636,245773.82,3049430907.0
2020-02-12,000858.SZ,000858.SZ,131.74284447289955,132.5364760661098,129.91220093122794,131.73226271832343,175113.62,2168783486.0
2020-02-13,000858.SZ,000858.SZ,132.14501353615626,134.0285667399868,130.54716784077192,131.36196332782222,178628.84,2230165010.0
2020-02-14,000858.SZ,000858.SZ,131.4255000327,133.20323626502636,129.57369145736,130.6107042595504,169719.73,2094049251.0
2020-02-17,000858.SZ,000858.SZ,130.34622107198103,131.53137911387597,129.71131497810873,131.53137911387597,238169.08,2941280509.0
2020-02-18,000858.SZ,000858.SZ,131.00229038380783,131.5313787940817,130.16633069557514,130.56843788738328,128727.75,1590249168.0
2020-02-19,000858.SZ,000858.SZ,130.98106996416467,134.57886959155326,129.81707596706838,133.33022148557723,316627.76,3976674952.0
2020-02-20,000858.SZ,000858.SZ,134.3884618656339,138.17673504263368,134.2720624104747,137.72171899064767,334661.6,4332207305.0
2020-02-21,000858.SZ,000858.SZ,137.56292584865147,138.83273747186976,136.52591302302318,137.56292584865147,207437.51,2695003477.0
2020-02-24,000858.SZ,000858.SZ,136.9279769440384,136.9279769440384,134.07090169095565,134.49417209881975,235601.24,3005249413.0
2020-02-25,000858.SZ,000858.SZ,132.06037758234496,134.38836500767476,131.06569204606768,132.58946563355627,240633.3,3014293143.0
2020-02-26,000858.SZ,000858.SZ,131.03394876915536,133.7746249163904,130.1556625906978,131.31965632118371,214178.66,2662201890.0
2020-02-27,000858.SZ,000858.SZ,132.06042644749022,135.18204710470255,131.74297349929915,133.64769118844563,235731.67,2986686525.0
2020-02-28,000858.SZ,000858.SZ,131.21383596550638,131.24558124840127,125.92295548302629,127.6160372374199,366012.11,4445668089.0
2020-03-02,000858.SZ,000858.SZ,127.0869064987332,130.79052159236824,126.55781862821391,129.7852546383816,269822.38,3287615181.0
2020-03-03,000858.SZ,000858.SZ,130.8963850543903,133.20320897855012,130.8963850543903,131.60536304943025,230923.24,2878896360.0
2020-03-04,000858.SZ,000858.SZ,131.21377642372903,133.2560553632274,131.21377642372903,132.55765945645592,197575.1,2471690889.0
2020-03-05,000858.SZ,000858.SZ,133.91209087790307,142.72669156548056,133.33009443394536,140.94895697302795,565619.87,7399037627.0
2020-03-06,000858.SZ,000858.SZ,139.67921785526252,142.72676442665008,137.56286606957673,137.63693838207573,291658.22,3845033468.0
2020-03-09,000858.SZ,000858.SZ,135.44656910594802,135.71111318623306,133.3725435165132,133.64766936000964,244541.58,3106158207.0
2020-03-10,000858.SZ,000858.SZ,133.6476640435479,139.28774361086468,133.54184641564328,138.32480319693255,310772.21,4017374185.0
2020-03-11,000858.SZ,000858.SZ,140.20834989305897,140.52580276074139,137.033821216235,137.4570917064782,187634.87,2452609914.0
2020-03-12,000858.SZ,000858.SZ,134.26142240755468,135.56297938707309,133.18208247331992,133.3725542264202,252660.0,3199005135.0
2020-03-13,000858.SZ,000858.SZ,126.98115866615188,132.50483906812948,125.7960011852678,129.7324171039185,350886.98,4280415922.0000005
2020-03-16,000858.SZ,000858.SZ,128.46259306027704,129.52076927988395,121.06594128522484,122.21935336459637,370242.47,4379489484.0
2020-03-17,000858.SZ,000858.SZ,121.16119547660224,124.42037872610386,114.89679130872901,118.89669802402645,352979.54,3975112228.0
2020-03-18,000858.SZ,000858.SZ,119.78554494022093,122.71669299220336,112.89681792996618,113.84917650281247,404422.59,4528147000.0
2020-03-19,000858.SZ,000858.SZ,111.9550531138318,113.22486468034029,104.36792900394357,108.0503825468182,601697.89,6133825332.0
2020-03-20,000858.SZ,000858.SZ,110.38900363764469,116.03966774256247,110.27260418979058,114.82276442408768,422063.9,4484741875.0
2020-03-23,000858.SZ,000858.SZ,110.05038271312549,112.69582460526792,109.03453302654279,110.59005285912254,328265.4,3443583082.0
2020-03-24,000858.SZ,000858.SZ,113.30958677288241,116.28306397527128,112.20908275491644,115.39419534537568,356363.42,3859693788.0
2020-03-25,000858.SZ,000858.SZ,119.67980943422592,121.64801850184449,118.34650651745206,120.63216866049298,309473.33,3508691590.0
2020-03-26,000858.SZ,000858.SZ,119.5528177068379,123.06596476637675,118.4099867356626,120.5157586177356,208801.23,2397709906.0
2020-03-27,000858.SZ,000858.SZ,122.32519622454836,124.65318438799133,122.32519622454836,122.5474132765134,235434.96,2745616755.0
2020-03-30,000858.SZ,000858.SZ,119.3834497221522,120.65326127743126,118.19829227055843,119.81730200353923,205805.83,2321514404.0
2020-03-31,000858.SZ,000858.SZ,121.69024820951937,123.3727481630249,120.69556270241547,121.90188342379679,188496.21,2179898621.0
2020-04-01,000858.SZ,000858.SZ,122.74843794333981,123.79603237061487,121.09768308823972,121.6902617541731,175968.52,2033698724.0
2020-04-02,000858.SZ,000858.SZ,120.63202894955533,124.0076094087578,120.12410461713614,124.0076094087578,191537.39,2218330786.0
2020-04-03,000858.SZ,000858.SZ,124.54728647292018,126.42025756091566,123.59492829258349,124.35681483685285,175805.86,2076905527.0
2020-04-07,000858.SZ,000858.SZ,127.61601582048787,131.82755597774778,127.61601582048787,131.3619585734276,294511.5,3627761364.0
2020-04-08,000858.SZ,000858.SZ,131.36193510694744,133.31956020722012,130.61063033873467,132.56825543900737,201133.62,2515223465.0
2020-04-09,000858.SZ,000858.SZ,134.017907291365,135.0231738679682,130.166149039959,132.25075446723093,158796.2,1985606241.0
2020-04-10,000858.SZ,000858.SZ,132.25075818848202,136.29298811551035,131.42538139709927,133.88034826377614,198960.89,2526071157.0
2020-04-13,000858.SZ,000858.SZ,132.4306360514468,134.40942382145244,131.42536953727281,132.27190975973514,146060.18,1831925095.0
2020-04-14,000858.SZ,000858.SZ,133.97557195744054,136.37762983867734,132.48354481535074,135.92261446910385,194618.88,2481573352.0
2020-04-15,000858.SZ,000858.SZ,135.9437739359948,137.85907113241538,134.61047312522692,135.35119579787573,162967.18,2095661173.0
2020-04-16,000858.SZ,000858.SZ,134.39878008509154,135.23473816923627,132.82209964790718,133.43584102614,188254.35,2379554855.0
2020-04-17,000858.SZ,000858.SZ,134.56806402521568,137.2452457660649,134.11304894673142,136.31405211707386,234710.89,3022344869.0
2020-04-20,000858.SZ,000858.SZ,137.4780774341569,138.0706553541317,136.3775755827751,136.8325907713272,132188.34,1710863422.0
2020-04-21,000858.SZ,000858.SZ,135.53099762152397,136.45160948856582,132.35647394206913,133.82733658021652,205523.72,2596092234.0
2020-04-22,000858.SZ,000858.SZ,133.9014267625398,138.61030418543615,132.71627109655242,137.8801636412118,265984.77,3436601399.0
2020-04-23,000858.SZ,000858.SZ,138.83253029846625,142.112872096677,138.40926038901972,138.71613107336847,213318.7,2822832124.0
2020-04-24,000858.SZ,000858.SZ,138.87488672369383,141.04414546937787,136.89609947763086,139.04419472335698,167733.24,2215246722.0
2020-04-27,000858.SZ,000858.SZ,140.2187057827579,141.39327950111021,137.96479405294676,140.41975894175513,159342.44,2110526723.0000002
2020-04-28,000858.SZ,000858.SZ,143.91180236510255,149.43547595588075,142.33512158919075,147.0863274172739,420773.45,5811722420.0
2020-04-29,000858.SZ,000858.SZ,147.08630570711486,148.30320679749747,141.79543140110354,143.38269369290694,291832.04,3980521441.0
2020-04-30,000858.SZ,000858.SZ,143.3827480805384,147.29799655211028,141.81664869190962,143.6684554014369,228640.55,3121490868.0
2020-05-06,000858.SZ,000858.SZ,142.32463299773605,147.1393324783286,141.77438162852548,146.25046488191154,251044.81,3442757066.0
2020-05-07,000858.SZ,000858.SZ,146.43037529682167,150.26097190452867,145.36161767975423,150.16573607726522,277961.78,3911603340.0
2020-05-08,000858.SZ,000858.SZ,150.94874835386852,153.9645487941666,149.12868633375876,151.21329225214026,243266.98,3478295310.0
2020-05-11,000858.SZ,000858.SZ,151.5518772447781,153.54124695026744,149.20272791170026,150.10217698067152,236819.91,3384838039.0
2020-05-12,000858.SZ,000858.SZ,149.20270045171603,152.1550092053351,149.08630118186008,151.21323329468242,151844.89,2167669765.0
2020-05-13,000858.SZ,000858.SZ,151.21316048447488,154.71571864545186,150.57825568188085,154.49350196454395,196350.29,2845747547.0
2020-05-14,000858.SZ,000858.SZ,154.38771615589016,155.5517085326652,152.8004538239242,154.8109861110811,153612.61,2244204771.0
2020-05-15,000858.SZ,000858.SZ,156.0808103788207,156.59931612177408,152.4618519280033,153.66817141160908,160644.47,2338474671.0
2020-05-18,000858.SZ,000858.SZ,153.43536702863514,161.32935211852217,153.0120970506251,159.98546993834032,248810.15,3718097608.0
2020-05-19,000858.SZ,000858.SZ,162.24992144907156,162.419229395539,159.11772443942405,160.22880783811655,176505.56,2669709609.0
2020-05-20,000858.SZ,000858.SZ,161.37169544133658,161.87961946633226,159.26592708770863,159.6257066054139,170412.14,2580358165.0
2020-05-21,000858.SZ,000858.SZ,160.6944387232714,162.46159078877818,159.8161535649656,160.50396724315686,170921.5,2602103042.0
2020-05-22,000858.SZ,000858.SZ,159.53039679911618,159.5515602903339,152.00677567121943,152.64168040775078,383526.39,5597327855.0
2020-05-25,000858.SZ,000858.SZ,152.38770400298344,155.9749154228162,149.30841632401197,155.58339087256897,243559.91,3540747465.0
2020-05-26,000858.SZ,000858.SZ,155.58338471491496,157.79496924905203,154.65219122685727,156.40876076114793,165119.25,2436906020.0
2020-05-27,000858.SZ,000858.SZ,156.41933926264701,157.03308041250722,154.15484605454213,154.66276976477124,145963.02,2143082940.0
2020-05-28,000858.SZ,000858.SZ,154.65218802080815,156.63097414190918,152.9062002668955,154.66276976477124,148184.04,2166223144.0
2020-05-29,000858.SZ,000858.SZ,153.43524099962775,157.23408593196336,153.25535140673165,156.82139804237815,163217.2,2408655795.0
2020-06-01,000858.SZ,000858.SZ,158.789607430525,169.49832945636078,158.789607430525,167.8158326163332,357843.58,5624344618.0
2020-06-02,000858.SZ,000858.SZ,167.6041974242137,173.17019324750666,167.21267300318362,168.00630358635277,291585.86,4669324668.0
2020-06-03,000858.SZ,000858.SZ,170.21791516649225,171.17027202120963,165.79474666347136,167.44549854498155,252759.33,4004118585.0
2020-06-04,000858.SZ,000858.SZ,167.223297946768,169.28673799610166,166.13337833096614,168.09100094187244,136317.55,2166142874.0
2020-06-05,000858.SZ,000858.SZ,168.36610850810922,170.02744211603914,166.76826535653328,169.40311929522468,159859.06,2547709184.0
2020-06-08,000858.SZ,000858.SZ,168.77876738657582,174.54581617815472,168.56713256853624,169.95334062669556,222551.1,3596734091.0
2020-06-09,000858.SZ,000858.SZ,169.9216751660915,172.48245766641492,168.26034106464195,172.06976957751982,161118.88,2610701054.0
2020-06-10,000858.SZ,000858.SZ,172.11217883680467,173.30791669161923,170.45084394117734,171.99577957660148,149481.46,2428166146.0
2020-06-11,000858.SZ,000858.SZ,171.21277510278725,172.20745995196287,167.1387999226529,169.38213171015545,199460.97,3195703175.0
2020-06-12,000858.SZ,000858.SZ,166.13360057555462,171.29749847879478,165.18124235569474,170.89539167485395,176476.13,2822869416.0
2020-06-15,000858.SZ,000858.SZ,168.24991359563634,170.23928364318223,165.60447470262318,166.13356248122582,266219.61,4206860399.0
2020-06-16,000858.SZ,000858.SZ,166.2393452455997,168.52500397080973,165.49862251057797,166.85308694033205,259846.52,4095546267.0
2020-06-17,000858.SZ,000858.SZ,166.40857336167494,166.6625353202582,162.85310594150943,164.94829209982123,232423.29,3610097414.0
2020-06-18,000858.SZ,000858.SZ,165.71023113342042,167.805417963843,165.0329990266172,167.57261942712938,199490.02,3145346589.0
2020-06-19,000858.SZ,000858.SZ,167.7207360324866,176.18613595841651,167.6466637831347,175.20203321702715,387028.09,6342808631.0
2020-06-22,000858.SZ,000858.SZ,175.87762515542119,175.87762515542119,172.66035152452935,174.80520061179058,216312.28,3513415729.0
2020-06-23,000858.SZ,000858.SZ,174.80517563664583,180.59626734485374,173.8185451974697,180.145849100882,265324.77,4413501330.0
2020-06-24,000858.SZ,000858.SZ,180.60691125233424,183.7062163620026,179.09479353446838,180.82139603501028,187986.02,3172425486.0
2020-06-29,000858.SZ,000858.SZ,178.67659127196515,180.70347295676206,177.80792769276647,179.63104878491183,199935.55,3331811630.0
2020-06-30,000858.SZ,000858.SZ,180.7463804861869,184.10306834023794,180.70348351680605,183.51323501125134,189897.62,3238678111.0
2020-07-01,000858.SZ,000858.SZ,183.5131943515435,198.50568182837011,183.5131943515435,195.15971895800539,271818.36,4886748745.0
2020-07-02,000858.SZ,000858.SZ,193.036269160344,206.26997783500315,192.9075783142371,203.21357023996438,348870.21,6549218075.0
2020-07-03,000858.SZ,000858.SZ,203.74968778133655,204.29662362410977,195.71723785511827,202.38771029050915,308159.41,5745184556.0
2020-07-06,000858.SZ,000858.SZ,202.37692518356923,210.19488811392912,198.99879305316676,206.78458329657047,328431.07,6291466679.0
2020-07-07,000858.SZ,000858.SZ,206.7417478020284,221.32670355525792,204.1035866878413,216.51152331025787,384111.25,7693352358.0
2020-07-08,000858.SZ,000858.SZ,216.0932369092407,220.70465586065376,213.41217937934937,218.08794371147985,292322.55,5907018139.0
2020-07-09,000858.SZ,000858.SZ,218.12005986962697,220.23273265562023,216.09318090235428,218.4739593718492,295243.49,5988999450.0
2020-07-10,000858.SZ,000858.SZ,217.70191567204904,227.1392400952709,215.3425845662436,221.99160859169535,335475.81,6923294758.0
2020-07-13,000858.SZ,000858.SZ,221.9915495838434,241.29516259113413,221.9915495838434,234.00268656615762,488807.22,10648696886.0
2020-07-14,000858.SZ,000858.SZ,234.10993606728596,241.64906960165618,227.38584399609087,236.89823580972728,438733.08,9589876574.0
2020-07-15,000858.SZ,000858.SZ,234.86059680995723,242.36755652534399,233.35920486687988,240.16908975155215,371699.54,8289624150.0
2020-07-16,000858.SZ,000858.SZ,237.005356487885,237.05897760926234,216.1574644963715,216.1574644963715,705736.69,14817949981.0
2020-07-17,000858.SZ,000858.SZ,209.1224172752454,224.8870302698408,209.1224172752454,220.2648886367315,529766.77,10785868982.0
2020-07-20,000858.SZ,000858.SZ,220.38289930781593,223.60016791084973,204.84349195516262,216.28624395328623,442906.56,8808311369.0
2020-07-21,000858.SZ,000858.SZ,215.55708850622545,224.02923278084825,213.1977571892419,220.4687873388549,317858.76,6514435742.0
2020-07-22,000858.SZ,000858.SZ,219.04237143469018,228.28665658410034,217.43373712794826,224.02913778559008,280663.23,5873887494.0
2020-07-23,000858.SZ,000858.SZ,222.31331294171287,227.24645929739003,220.4901936363539,225.28392498632715,265413.11,5547862012.0
2020-07-24,000858.SZ,000858.SZ,223.06390678199296,224.08270827931455,212.33968049439713,215.97519320589208,405386.26,8233915251.0
2020-07-27,000858.SZ,000858.SZ,218.11993569798793,221.7768951391116,215.99653989346453,218.88135540567055,246346.88,5038945709.0
2020-07-28,000858.SZ,000858.SZ,220.8010679775423,232.65133657316056,219.49271253078626,229.498414430978,384497.12,8143034019.0
2020-07-29,000858.SZ,000858.SZ,229.87366179275017,231.08549868486963,224.14692816096436,230.54928767065746,301364.14,6417584055.0
2020-07-30,000858.SZ,000858.SZ,229.49828261590073,233.84159123550074,228.42586073451804,231.98630138070865,253225.64,5483434280.0
2020-07-31,000858.SZ,000858.SZ,232.1900888672085,237.0159879014445,229.79858779024266,233.2517866547404,262317.82,5707639443.0
2020-08-03,000858.SZ,000858.SZ,233.9809180909725,235.8576556776404,230.78510208624655,233.48760421104836,201453.55,4369803363.0
2020-08-04,000858.SZ,000858.SZ,233.25159292826075,235.7181614971573,229.49811901907034,231.42847702951113,206769.41,4483369686.0
2020-08-05,000858.SZ,000858.SZ,231.21399599558058,233.5304256400632,228.4257010531478,233.23014772318584,186712.38,4024536334.0
2020-08-06,000858.SZ,000858.SZ,233.23011907506987,234.36688533504582,224.84378685524715,226.30227941521633,323043.59,6855967077.0
2020-08-07,000858.SZ,000858.SZ,225.20845958759605,228.42572329599028,217.89454675717985,222.270025400596,287235.84,5960012764.0
2020-08-10,000858.SZ,000858.SZ,222.26998337284627,224.00730544687895,217.63712450875917,220.85438760881965,191521.0,3941811351.0
2020-08-11,000858.SZ,000858.SZ,221.99122024660244,228.80109584353926,221.99122024660244,224.1360629542991,250090.77,5285963734.0
2020-08-12,000858.SZ,000858.SZ,222.97790728954507,225.07985370300943,217.74448968867466,221.4228959122373,180249.93,3701984354.0
2020-08-13,000858.SZ,000858.SZ,223.06378404697864,225.20862812435342,220.38272895026014,221.8841198044225,123209.69,2555092632.0
2020-08-14,000858.SZ,000858.SZ,221.24077049885526,228.74772829571413,221.15497669546258,228.31875927875075,244314.91,5144549732.0
2020-08-17,000858.SZ,000858.SZ,230.03463095483428,238.07779986933897,230.03463095483428,235.9222306002517,315155.99,6913069145.0
2020-08-18,000858.SZ,000858.SZ,235.92211683732637,239.15010707179317,233.9166876883387,236.54412160011398,190382.49,4208955656.9999995
2020-08-19,000858.SZ,000858.SZ,236.43689248772344,242.32448962002084,233.00514188237707,238.29218265873882,238472.68,5300628768.0
2020-08-20,000858.SZ,000858.SZ,235.93275535801513,236.91938324405774,231.6430688969603,232.11493440767634,184906.63,4022580052.0
2020-08-21,000858.SZ,000858.SZ,235.93284247164783,236.98381604265788,232.1150201116521,234.21696725367224,157318.61,3438178399.0
2020-08-24,000858.SZ,000858.SZ,235.91144435918716,242.68915291610173,235.06423078957286,241.29500400407818,231522.18,5170962343.0
2020-08-25,000858.SZ,000858.SZ,242.36740052599077,253.89593838286865,242.35667630472858,252.66265293771428,285478.71,6659413393.0
2020-08-26,000858.SZ,000858.SZ,252.4482423320908,257.241970638057,249.0164905246877,253.78877038185766,262099.92,6176301738.0
2020-08-27,000858.SZ,000858.SZ,256.28759642500984,256.28759642500984,247.879801814699,255.3224159212752,213488.58,5024119736.0
2020-08-28,000858.SZ,000858.SZ,253.07041562788172,262.5935332258798,250.08907926274267,257.91776827911497,327241.52,7823482204.0
2020-08-31,000858.SZ,000858.SZ,259.52640354918657,264.5667923784476,257.3815572388627,257.3815572388627,315715.14,7691010330.0
2020-09-01,000858.SZ,000858.SZ,254.67896464367888,257.1669855211142,249.98175281472774,253.34916038160142,300870.24,7091377402.0
2020-09-02,000858.SZ,000858.SZ,252.2338151754722,257.14551106621906,250.73242341847538,252.0193306387584,196331.25,4642766180.0
2020-09-03,000858.SZ,000858.SZ,252.44820979387623,260.598619285947,252.2230011105427,255.92285805102216,275695.74,6599198582.0
2020-09-04,000858.SZ,000858.SZ,250.9468892928306,250.9468892928306,242.65706256533667,246.89313185040794,370920.62,8495154314.999999
2020-09-07,000858.SZ,000858.SZ,245.96023033527297,250.35716490852178,241.40243230202722,243.32206959132364,236226.59,5428172452.0
2020-09-08,000858.SZ,000858.SZ,243.59012894051787,245.96018346617845,233.35921483427265,238.00280582798771,357085.26,7906064618.0
2020-09-09,000858.SZ,000858.SZ,234.65689730030996,236.64088002507378,231.6433884048579,232.71581149932481,227061.35,4950173117.0
2020-09-10,000858.SZ,000858.SZ,235.93298247727526,242.11013692758937,235.8900855713703,239.364734949672,231541.33,5168118227.0
2020-09-11,000858.SZ,000858.SZ,237.48805534489125,244.38373471209673,236.1260782381493,244.38373471209675,204700.64,4597798171.0
2020-09-14,000858.SZ,000858.SZ,245.67059258496022,248.20151016179145,240.41572134492918,246.74301528700735,207492.16,4747190668.0
2020-09-15,000858.SZ,000858.SZ,246.65732530397082,248.15871771886455,244.51247899697978,247.01122494462436,120365.47,2765306525.0
2020-09-16,000858.SZ,000858.SZ,247.45098964456457,249.0060036646071,241.29527897212023,242.38915090346055,184537.47,4206118388.0000005
2020-09-17,000858.SZ,000858.SZ,238.14239870206413,242.3677479359925,234.75353992561398,238.77512866348997,228016.32,5066620919.0
2020-09-18,000858.SZ,000858.SZ,238.77522062811778,246.14277403353063,236.81268456816065,246.14277403353063,190156.5,4291299127.0000005
2020-09-21,000858.SZ,000858.SZ,244.51268065265546,246.17493791147834,240.7270237986911,241.18816613500968,130284.69,2942680885.0
2020-09-22,000858.SZ,000858.SZ,238.57141327244778,243.1935601357232,238.07809829400074,239.04327977357102,120913.7,2711926528.0
2020-09-23,000858.SZ,000858.SZ,232.28701269986257,237.53116547965175,227.84717783108405,235.2040056571277,251794.88,5469429699.0
2020-09-24,000858.SZ,000858.SZ,233.8741606867863,237.40243466266452,231.51482854486162,231.96524649922907,163652.37,3569684235.0
2020-09-25,000858.SZ,000858.SZ,232.72669336394975,235.3326832486297,232.04034211860196,232.93045388991237,112516.53,2449369664.0
2020-09-28,000858.SZ,000858.SZ,234.15304682938176,238.98967887664983,233.78842268391145,236.0726857128873,152644.25,3363291339.0
2020-09-29,000858.SZ,000858.SZ,238.07814428951093,238.93608354821188,234.6142145325059,235.643741642947,99720.97,2199769865.0
2020-09-30,000858.SZ,000858.SZ,237.00576246964323,241.2954595279173,236.04058063153155,237.0057624696432,162341.85,3608733491.0
2020-10-09,000858.SZ,000858.SZ,241.29557510204867,246.17510784300123,239.4617287312731,244.0517067821032,208933.88,4736861700.0
2020-10-12,000858.SZ,000858.SZ,245.58515911751147,259.53739894335786,245.58515911751147,259.25856863169605,324557.04,7713734277.0
2020-10-13,000858.SZ,000858.SZ,259.2585731797165,262.31498241885686,256.13781848290995,259.8162338128228,171910.51,4169972230.0
2020-10-14,000858.SZ,000858.SZ,259.30154551572235,262.0255040152878,255.4300926875998,256.73845070707614,183193.72,4414453297.0
2020-10-15,000858.SZ,000858.SZ,256.85636172264304,257.9180618525141,255.6016252055227,256.21290709847875,111760.87,2673550249.0
2020-10-16,000858.SZ,000858.SZ,256.20216309446795,258.26121773298354,252.27709018979755,254.03586602686295,118357.5,2812810615.0
2020-10-19,000858.SZ,000858.SZ,257.38185117393874,259.09773018176503,251.59075952252513,253.28519004275356,122900.83,2920521351.0
2020-10-20,000858.SZ,000858.SZ,253.09203407153382,258.4541534374561,252.01961019834934,258.43270495999246,179963.31,4313854388.0
2020-10-21,000858.SZ,000858.SZ,258.4326327437805,261.3496248637203,257.0492063339562,259.2798473668513,137076.91,3309649772.0
2020-10-22,000858.SZ,000858.SZ,259.526526818558,260.58822624645217,253.82123292320793,259.24769666577777,150416.07,3620503899.0
2020-10-23,000858.SZ,000858.SZ,258.22900318121947,259.7840181511633,253.41381889497973,253.76771885365656,134522.73,3217550682.0
2020-10-26,000858.SZ,000858.SZ,246.65743342054043,251.57985785271555,239.15046805556744,249.4564590780518,160000.39,3696971910.0
2020-10-27,000858.SZ,000858.SZ,249.88539199176776,252.39486290400643,247.4080937835321,250.41087949048443,143026.82,3339001551.0
2020-10-28,000858.SZ,000858.SZ,252.01961130616937,259.5265784514595,250.3251815790896,257.3602822181044,170762.3,4079939455.0
2020-10-29,000858.SZ,000858.SZ,256.0947041771031,272.1488822404667,255.76225292796198,268.1058460815569,349627.48,8707106516.0
2020-10-30,000858.SZ,000858.SZ,264.8349547593619,268.10584608155693,260.8884367050414,262.0466539601137,239489.51,5883433065.0
2020-11-02,000858.SZ,000858.SZ,264.9636819615862,269.231927617502,262.20755348527877,263.4944617232433,157337.05,3880439537.0
2020-11-03,000858.SZ,000858.SZ,266.0682732050793,268.53484728154723,263.27997207515915,268.53484728154723,165350.83,4112229156.0
2020-11-04,000858.SZ,000858.SZ,268.37388107260125,271.3230446008716,266.2826560252823,271.3230446008716,129928.37,3267104849.0
2020-11-05,000858.SZ,000858.SZ,274.5295981397035,278.6691514379545,272.4490972592355,278.1972852588793,189689.8,4898017531.0
2020-11-06,000858.SZ,000858.SZ,278.88364699214105,280.11693364486536,273.5215311107309,278.0793296099295,151164.83,3901814024.0
2020-11-09,000858.SZ,000858.SZ,279.90246404140714,289.55427314628326,279.4734947478571,289.55427314628326,206283.88,5513207008.0
2020-11-10,000858.SZ,000858.SZ,290.34775990684847,298.83062457724503,286.6050041926027,292.5569509588102,223080.7,6085547697.0
2020-11-11,000858.SZ,000858.SZ,290.30491826881877,299.20602954193,287.7847241131789,288.3745567879031,227873.38,6218718170.0
2020-11-12,000858.SZ,000858.SZ,288.3744316980991,291.1520061796836,284.1919836370259,287.03390347339615,176231.58,4716978361.0
2020-11-13,000858.SZ,000858.SZ,284.191980795106,286.7336222837264,276.6850228118391,284.191980795106,188430.71,4950551088.0
2020-11-16,000858.SZ,000858.SZ,287.4093379886165,292.93231593877084,282.5941591544042,292.7714525033295,195777.92,5269426372.0
2020-11-17,000858.SZ,000858.SZ,292.76064341611794,294.43362265978675,285.2644094973712,288.5889195328669,179476.72,4847011187.0
2020-11-18,000858.SZ,000858.SZ,287.3984037134557,289.03920955576916,277.7573288622151,282.81916126464625,194562.73,5134604862.0
2020-11-19,000858.SZ,000858.SZ,281.33920122426287,285.5859925517314,278.8297336216679,283.87011726790575,124482.46,3287372158.0
2020-11-20,000858.SZ,000858.SZ,285.8435038457056,290.09029710461226,283.9774886258829,287.9132793481525,111226.04,2984187157.0
2020-11-23,000858.SZ,000858.SZ,291.1627273676343,297.8868168725885,291.1627273676343,292.3209437416934,156342.14,4282239108.0
2020-11-24,000858.SZ,000858.SZ,292.32101167278284,292.34246012913866,286.33689234952317,291.47379764672996,125035.27,3370155283.0
2020-11-25,000858.SZ,000858.SZ,291.4843787984273,292.1171079503444,281.84330239887663,282.01488996549824,165594.4,4404834698.0
2020-11-26,000858.SZ,000858.SZ,281.15709093057256,284.385083621197,271.0012468175446,279.4519386454918,199052.29,5158676272.0
2020-11-27,000858.SZ,000858.SZ,279.4520330177859,281.3073251243204,276.7924235240254,281.29660089249074,112592.9,2933632286.0
2020-11-30,000858.SZ,000858.SZ,279.52714787116025,280.9641951688674,272.02018437567546,272.3955325504497,211741.04,5419775805.0
2020-12-01,000858.SZ,000858.SZ,273.46804706646606,277.6290510767323,273.46804706646606,276.67459397128465,136480.57,3509920228.0
2020-12-02,000858.SZ,000858.SZ,278.830202845857,280.9643263214849,275.72017366026864,279.4200359672617,116377.63,3028626146.0
2020-12-03,000858.SZ,000858.SZ,278.89452669101763,280.97502881276097,277.72558477725465,280.578232016346,92086.85,2403046138.0
2020-12-04,000858.SZ,000858.SZ,279.3662876847676,287.4094629540028,278.99093950553663,286.5408000249254,170511.4,4536004928.0
2020-12-07,000858.SZ,000858.SZ,286.5622207628739,295.1308826538786,286.5622207628739,289.8116632572099,196216.18,5339342747.0
2020-12-08,000858.SZ,000858.SZ,291.2166160208166,293.89767490519165,287.9993453595666,291.6992066200041,147775.62,4019960930.0
2020-12-09,000858.SZ,000858.SZ,292.77173437839775,293.8441583138498,289.0182506043157,289.2541838701152,116776.49,3166929094.0
2020-12-10,000858.SZ,000858.SZ,288.48217658892264,291.6994499337805,286.65905502683654,287.05585207270235,134102.08,3611981639.0
2020-12-11,000858.SZ,000858.SZ,288.3214258705195,289.54399022050046,282.47671033771553,286.8951007955416,150052.55,3995342178.0
2020-12-14,000858.SZ,000858.SZ,287.94603331317575,293.30815683856076,285.35076552688935,292.9328081917838,181744.24,4937790460.0
2020-12-15,000858.SZ,000858.SZ,292.9329061425437,293.09376990209483,286.6699437706877,290.4127072429099,146118.14,3949335198.0
2020-12-16,000858.SZ,000858.SZ,292.7719121814501,294.91676135494055,291.69948759470486,294.19823688182123,160254.87,4392611714.0
2020-12-17,000858.SZ,000858.SZ,294.42331468264564,300.278750313764,294.06941472691864,297.9301415166671,199760.98,5547260940.0
2020-12-18,000858.SZ,000858.SZ,296.9541173799361,299.93545521423096,293.92988259838535,296.9112204326801,150825.25,4179755003.0
2020-12-21,000858.SZ,000858.SZ,295.24888664402226,302.40195073147146,295.24888664402226,302.32688109337226,161889.78,4537599926.0
2020-12-22,000858.SZ,000858.SZ,303.47431391733045,308.857878324232,302.3911664968184,302.83086000415494,187063.71,5338602866.0
2020-12-23,000858.SZ,000858.SZ,303.49577119293866,309.39409890163535,294.9163854348344,298.44465782785477,252215.86,7103972923.0
2020-12-24,000858.SZ,000858.SZ,295.9889044650094,299.09893280902577,292.08528268148535,295.2596564395159,156160.76,4293939903.0
2020-12-25,000858.SZ,000858.SZ,292.34258199167397,297.5223863607854,291.1629164003649,295.9030272308976,111113.9,3051169983.0
2020-12-28,000858.SZ,000858.SZ,295.9887878858539,306.88460703411585,295.9673394229637,306.6593981737679,193812.09,5490499481.0
2020-12-29,000858.SZ,000858.SZ,306.79872534638207,307.4207305921207,299.39900776776756,301.35081733198183,146589.3,4136060906.0
2020-12-30,000858.SZ,000858.SZ,303.37761718177165,308.4287274257752,301.629568413677,307.6565831846536,168825.39,4826857468.0
2020-12-31,000858.SZ,000858.SZ,308.86832449477726,315.79617205644615,308.85760027254554,312.98642583174455,160038.3,4661694421.0
2021-01-04,000858.SZ,000858.SZ,313.14735367534746,321.7267332280967,313.1366294509065,319.6355094621141,234278.22,6977115208.0
2021-01-05,000858.SZ,000858.SZ,318.7238735872828,343.1536509773175,315.82833368591787,343.1536509773175,314606.33,9802665755.0
2021-01-06,000858.SZ,000858.SZ,343.33608820298815,359.96936238080593,340.80517091996757,352.0763322100297,313430.33,10211616773.0
2021-01-07,000858.SZ,000858.SZ,352.08698964595754,354.62863067261196,340.0436863846371,353.8993834582132,242559.48,7882443069.0
2021-01-08,000858.SZ,000858.SZ,353.96370646856377,355.6152368205046,331.31414735623247,339.9578711462604,378702.49,12096818569.0
2021-01-11,000858.SZ,000858.SZ,339.34668732336974,339.4217569062558,321.1905724910698,323.0136909325884,381952.91,11637052715.0
2021-01-12,000858.SZ,000858.SZ,320.60059443932005,333.8450076901166,319.5817934200281,332.45085892687484,230255.05,7067492692.0
2021-01-13,000858.SZ,000858.SZ,334.0915006492047,336.18272276670854,324.0000134052507,327.4424867371415,233653.02,7164303594.0
2021-01-14,000858.SZ,000858.SZ,326.0161861868964,326.95991725217425,309.9298612105693,310.35882987660466,354895.54,10426526438.0
2021-01-15,000858.SZ,000858.SZ,308.85750868145266,313.4581986545201,298.20835916337336,308.53578210990946,417132.51,11843762786.0
2021-01-18,000858.SZ,000858.SZ,305.6402136426027,307.93519629942784,299.5595820238183,305.15762383158807,272558.64,7724438136.0
2021-01-19,000858.SZ,000858.SZ,307.7849572579702,311.00222161955173,300.2780070809465,301.8866392617373,293888.57,8340023174.0
2021-01-20,000858.SZ,000858.SZ,300.27814570323164,306.2944328367857,294.85169064159464,305.4793921555912,264040.34,7448387724.0
2021-01-21,000858.SZ,000858.SZ,306.4980467508326,320.6432855074578,306.17632031967355,318.4555457755764,294023.9,8608576887.0
2021-01-22,000858.SZ,000858.SZ,316.45009311591735,321.6298882553707,313.76903973110717,316.96485536580093,249466.75,7369528934.0
2021-01-25,000858.SZ,000858.SZ,316.97558006129486,339.23904740260986,314.43394144863026,338.5526977350549,412909.4,12821666909.0
2021-01-26,000858.SZ,000858.SZ,338.5525421987773,338.5739906160346,327.19560526100594,327.92485144775605,241435.01,7458358973.0
2021-01-27,000858.SZ,000858.SZ,324.8363781303341,324.8363781303341,307.7848812261667,313.76899146045935,307938.47,9033475506.0
2021-01-28,000858.SZ,000858.SZ,309.1038250553066,313.14685118186696,303.4950646728368,306.71232684251356,276077.57,7911157526.0
2021-01-29,000858.SZ,000858.SZ,311.00200118964386,316.51424355555685,309.6936479432598,312.22456078052727,220109.14,6431745130.0
2021-02-01,000858.SZ,000858.SZ,314.22999070304076,321.5867967377251,313.45784779561035,313.45784779561035,195759.92,5790219683.0
2021-02-02,000858.SZ,000858.SZ,313.14699556875127,326.36994918300707,313.0397534469811,326.14474072728984,297492.4,8931329219.0
2021-02-03,000858.SZ,000858.SZ,325.80148455846177,331.37807349757963,322.92739641291644,331.10996826012206,224546.65,6862660163.0
2021-02-04,000858.SZ,000858.SZ,328.16097153687883,339.74312347347455,327.0992742760242,336.3113747515203,280574.6,8823190961.0
2021-02-05,000858.SZ,000858.SZ,336.7511147370556,353.8991365345956,336.740390520797,342.9175390857645,328913.19,10624157468.0
2021-02-08,000858.SZ,000858.SZ,347.46475853458816,354.43550214716475,336.5260531733141,343.1750701576179,266529.98,8556525643.999999
2021-02-09,000858.SZ,000858.SZ,345.3200820280037,353.8994629479541,340.8802524019294,353.3632516404572,224779.8,7323491251.0
2021-02-10,000858.SZ,000858.SZ,357.11674694734774,370.7150663205981,356.58053561559495,367.4656256501762,331931.63,11318193474.0
2021-02-18,000858.SZ,000858.SZ,380.162966812209,383.0585069131793,354.85380148520926,357.6528235828139,343815.08,11828646631.0
2021-02-19,000858.SZ,000858.SZ,357.7601842310972,371.27270917507747,349.55615122939486,369.34234846879457,274750.02,9295089531.0
2021-02-22,000858.SZ,000858.SZ,366.76846905502174,367.090195782263,333.5019254582768,335.73256410048276,414582.2,13367286789.0
2021-02-23,000858.SZ,000858.SZ,328.16129597735016,346.24233993218064,326.1987627367013,337.8130988002134,278668.32,8795804295.0
2021-02-24,000858.SZ,000858.SZ,337.81320830016017,337.8239325289951,309.5548653201309,314.30569869400296,417248.17,12424962071.0
2021-02-25,000858.SZ,000858.SZ,317.9734873586065,321.70552019505834,306.26262569939576,309.8230708192291,249046.49,7274333597.0
2021-02-26,000858.SZ,000858.SZ,300.87890817945413,308.1821066564362,290.6265473218993,300.27835147650114,288970.86,8100247691.0
2021-03-01,000858.SZ,000858.SZ,306.7128026822228,315.292181778229,301.3614149710889,309.9515182909651,255063.27,7352003877.0
2021-03-02,000858.SZ,000858.SZ,314.43422287647394,317.3083146817569,295.2378634307411,301.0289439339231,244124.65,6955462354.0
2021-03-03,000858.SZ,000858.SZ,295.9886748325376,307.570840369463,291.2807390263244,305.9622062671122,211717.11,5951313500.0
2021-03-04,000858.SZ,000858.SZ,300.2782094934362,300.2782094934362,284.1918768420021,285.5967498935607,329358.86,8896042111.0
2021-03-05,000858.SZ,000858.SZ,276.6847960115143,291.9024597921476,272.39510925164586,285.8003803762347,291650.4,7727068295.0
2021-03-08,000858.SZ,000858.SZ,287.4088859575111,289.58590102651755,262.1426421024403,262.20698737541585,383653.77,9779570334.0
2021-03-09,000858.SZ,000858.SZ,259.525923632667,267.2473560713249,246.65686956823725,260.06213421868495,438745.77,10599045847.0
2021-03-10,000858.SZ,000858.SZ,265.9603269501039,273.4672716624052,264.99514834423655,270.893462046759,309582.3,7776577821.0
2021-03-11,000858.SZ,000858.SZ,273.4780420954206,289.01742027652193,268.19100728294103,284.23442326563776,301530.94,7909417124.0
2021-03-12,000858.SZ,000858.SZ,288.58847480792434,289.0067189743126,274.2931036849603,283.60171743944846,251437.85,6596290241.0
2021-03-15,000858.SZ,000858.SZ,281.457012470954,285.8003193884902,263.8156794355294,269.1885109557408,248997.34,6320778553.0
2021-03-16,000858.SZ,000858.SZ,269.82136421000314,281.5643846317024,268.69532115586765,281.4142455578177,231656.05,5953026225.0
2021-03-17,000858.SZ,000858.SZ,280.43845914925413,287.441377459941,273.46771351074494,283.45196610990195,198878.01,5234840656.0
2021-03-18,000858.SZ,000858.SZ,284.1918565659859,294.916077568476,284.1918565659859,289.972211686328,201303.34,5462748512.0
2021-03-19,000858.SZ,000858.SZ,282.0470917915878,284.1919365960865,276.33108038759855,279.67703828261665,197849.81,5158274508.0
2021-03-22,000858.SZ,000858.SZ,279.8484876896955,282.6796814337108,273.15657520384116,278.29347597423254,142782.19,3700614995.0
2021-03-23,000858.SZ,000858.SZ,278.29339267189556,283.09784122361077,275.5908903615558,281.2425519391315,126951.57,3309793203.0
2021-03-24,000858.SZ,000858.SZ,277.85372087714103,288.4814192595274,277.3496827096616,279.68756186946,179421.51,4728182217.0
2021-03-25,000858.SZ,000858.SZ,275.5479006938942,276.56670082489444,270.250140012693,274.51837635098866,186258.55,4750886353.0
2021-03-26,000858.SZ,000858.SZ,276.6845725243903,286.52939568630467,274.34669512864156,285.210318073107,230202.69,6054732217.0
2021-03-29,000858.SZ,000858.SZ,286.33634694139823,300.22419597844356,285.2532019585862,291.7949686864608,281994.81,7712653715.0
2021-03-30,000858.SZ,000858.SZ,290.0897911712942,298.6906049428054,290.0897911712942,293.2641563537971,168707.79,4624076063.0
2021-03-31,000858.SZ,000858.SZ,290.3044216165219,290.3044216165219,284.20234493016056,287.3874359246234,134111.04,3583946108.0
2021-04-01,000858.SZ,000858.SZ,289.553649768494,293.7253671670104,286.34711120253917,292.8567062177049,121142.12,3280567357.0
2021-04-02,000858.SZ,000858.SZ,297.07133101817266,305.6399745142024,294.91576488212513,305.168109290391,229626.23,6443304987.0
2021-04-06,000858.SZ,000858.SZ,306.6588236221589,308.8572869494029,302.42276013795697,305.3826424712221,155508.45,4431624295.0
2021-04-07,000858.SZ,000858.SZ,303.5059542516797,304.1923038885161,288.2668474712961,290.4653111517878,244936.27,6674234724.0
2021-04-08,000858.SZ,000858.SZ,284.1915508111272,294.7548971337295,283.18347512145755,292.8567120585004,162114.26,4396674335.0
2021-04-09,000858.SZ,000858.SZ,290.6260225931378,292.23465371450203,284.1914981076809,284.5132243319537,146115.56,3895892301.0
2021-04-12,000858.SZ,000858.SZ,284.40591273306995,286.72234098157463,278.82932620889216,279.8910224894568,133232.55,3495254788.0
2021-04-13,000858.SZ,000858.SZ,280.180495898893,287.64454034295755,280.180495898893,281.9392649920346,138757.29,3670699723.0
2021-04-14,000858.SZ,000858.SZ,281.9499104171362,286.990283848959,280.1696934178115,282.88291571196294,148177.52,3916715200.0
2021-04-15,000858.SZ,000858.SZ,280.23417822363825,282.03584451813794,267.37585746706014,274.3251417458447,285959.38,7267459255.0
2021-04-16,000858.SZ,000858.SZ,274.3251886891844,282.72224196297765,274.3251886891844,280.7597122706352,187543.02,4877110716.0
2021-04-19,000858.SZ,000858.SZ,278.82927921003176,287.6338499112408,271.8585472297809,284.90990233741974,188155.79,4960854542.0
2021-04-20,000858.SZ,000858.SZ,284.1913068913059,293.6178789198892,282.0571910395561,287.1404619628195,199146.58,5367602759.0
2021-04-21,000858.SZ,000858.SZ,284.1913168592491,292.738504766299,282.668480368909,290.464974231425,159231.6,4295280588.0
2021-04-22,000858.SZ,000858.SZ,290.5185060511071,293.84300722777175,288.4809085557321,290.82950777408547,116274.23,3157592141.0
2021-04-23,000858.SZ,000858.SZ,291.9661458332124,301.34981443207596,291.9661458332124,300.2773951636344,207833.26,5769545850.0
2021-04-26,000858.SZ,000858.SZ,303.4946971136358,306.593989250238,294.7652029987772,294.9153417181974,203903.7,5710005243.0
2021-04-27,000858.SZ,000858.SZ,297.060180567057,302.22924219280867,292.06270604921406,302.22924219280867,142314.52,3950995457.0
2021-04-28,000858.SZ,000858.SZ,294.9153950631782,306.2830430183407,293.62849152108436,306.2830430183407,220278.59,6211307911.0
2021-04-29,000858.SZ,000858.SZ,307.8486352949405,312.0739666649052,301.68222530070267,310.4653379707562,206936.02,5941444368.0
2021-04-30,000858.SZ,000858.SZ,307.7843031065131,310.25086720806354,304.2238714468838,305.63946475733877,158030.59,4521364969.0
2021-05-06,000858.SZ,000858.SZ,302.4222345832922,306.49742781526567,295.7732350995461,296.4595834333521,168660.57,4713100400.0
2021-05-07,000858.SZ,000858.SZ,300.2880010446354,300.52393319073667,290.9257845197981,291.8051679734484,125007.53,3441009131.0
2021-05-10,000858.SZ,000858.SZ,290.17523113929263,293.8429053594729,280.33042139038764,283.1187117332148,195248.24,5183389746.0
2021-05-11,000858.SZ,000858.SZ,281.2097480967513,295.40857757124206,280.9630916934935,295.3978533797961,192326.36,5208651090.0
2021-05-12,000858.SZ,000858.SZ,294.05742539835074,299.8270422788873,293.84294149944606,297.6071339252236,121063.44,3356761370.0
2021-05-13,000858.SZ,000858.SZ,294.04677374557895,298.72252389522237,292.2343843527126,295.9878535095364,97079.22,2670400820.0
2021-05-14,000858.SZ,000858.SZ,298.08977546454963,309.28583696926216,295.1084487420304,307.78444941115896,218084.51,6208023602.0
2021-05-17,000858.SZ,000858.SZ,309.0927338227527,326.7340337720424,309.0927338227527,318.7123362875021,280614.95,8373250451.0
2021-05-18,000858.SZ,000858.SZ,319.59178198850515,321.7258971059748,315.6131050609613,321.1896872774649,147286.92,4370179795.0
2021-05-19,000858.SZ,000858.SZ,319.5810657078435,331.48492419561893,317.46839893118425,324.71795599220786,167000.66,5082549122.0
2021-05-20,000858.SZ,000858.SZ,326.7663148605895,330.28385182397227,323.398916670034,325.4901352915573,140239.85,4268328786.9999995
2021-05-21,000858.SZ,000858.SZ,327.0880273813864,327.8279970171016,316.4281749480389,318.07970138137443,172620.89,5161569642.0
2021-05-24,000858.SZ,000858.SZ,321.72602666867635,327.3026111309334,316.7392732553119,327.09885131404326,157088.94,4729942081.0
2021-05-25,000858.SZ,000858.SZ,328.1605378559303,346.45602405142756,327.0023241929093,346.42385144967693,323058.89,10261281423.0
2021-05-26,000858.SZ,000858.SZ,343.7104969498951,347.47468991181125,338.8846085371821,342.10186747899075,190751.17,6100319124.0
2021-05-27,000858.SZ,000858.SZ,341.21159938625163,349.85529769549885,336.9755437632335,341.2223235777023,164363.12,5251052172.0
2021-05-28,000858.SZ,000858.SZ,343.30277540146466,344.3322976568233,337.1578144397928,339.8495861699492,130245.03,4116488946.0
2021-05-31,000858.SZ,000858.SZ,338.133686450589,338.4768605059781,331.7206212905049,337.9406510444326,177683.88,5542253079.0
2021-06-01,000858.SZ,000858.SZ,339.20625141388854,340.2786707986938,332.8575286558417,338.5627997830054,163875.74,5152812416.0
2021-06-02,000858.SZ,000858.SZ,338.5627304071624,341.4260895778533,330.84131241878237,334.42319243005863,156532.08,4890684590.0
2021-06-03,000858.SZ,000858.SZ,334.4231965249059,343.17413701888756,332.6429806891204,336.3213784702916,179177.36,5652744412.0
2021-06-04,000858.SZ,000858.SZ,334.5948305937419,341.56555623111154,331.92450646496496,338.13381437886807,175287.7,5497026749.0
2021-06-07,000858.SZ,000858.SZ,339.27060705775017,340.41809583494006,331.238185617421,335.57076006587624,187370.19,5843427388.0
2021-06-08,000858.SZ,000858.SZ,335.667374486117,336.20358434951333,313.13583602620224,319.5274575978868,311652.84,9408595821.0
2021-06-09,000858.SZ,000858.SZ,318.508527103346,321.72578495287473,312.66384201003547,317.9723174617579,171576.68,5075838987.0
2021-06-10,000858.SZ,000858.SZ,318.5192318518414,327.62407101019346,316.8998788331004,324.99664392680563,150772.51,4565221138.0
2021-06-11,000858.SZ,000858.SZ,325.00726444252683,326.0153381856007,317.4359871807165,323.4093603178671,159127.82,4783871682.0
2021-06-15,000858.SZ,000858.SZ,323.35571106452176,326.0689305822759,313.9720467244628,320.9320446178322,145161.08,4323376155.0
2021-06-16,000858.SZ,000858.SZ,320.9318923859039,320.9318923859039,310.1648129247181,313.48930957110014,140629.99,4120477427.0
2021-06-17,000858.SZ,000858.SZ,312.1917683473354,319.5807322575863,312.1917683473354,315.5269900833122,109045.54,3213936358.0
2021-06-18,000858.SZ,000858.SZ,316.69598761192833,318.5083753369094,306.7117688429498,312.0738627038405,190715.78,5539524449.0
2021-06-21,000858.SZ,000858.SZ,314.2187552870098,318.8301568151127,312.07391736696195,318.3690166623024,206028.03,6063841832.0
2021-06-22,000858.SZ,000858.SZ,319.5809124389102,324.40679870057164,318.8302190204296,321.607784668808,161663.58,4846385284.0
2021-06-23,000858.SZ,000858.SZ,320.97514875089513,321.1896326458172,311.0016476370183,312.0097219431521,230564.1,6749757120.0
2021-06-24,000858.SZ,000858.SZ,309.39290855728467,316.3636326668942,304.7600580721288,313.8970687511862,165518.34,4788276581.0
2021-06-25,000858.SZ,000858.SZ,312.127609404155,323.2056997843128,311.9452981394283,321.6399677460717,205223.27,6107081700.0
2021-06-28,000858.SZ,000858.SZ,321.7365858050663,328.7287611973833,321.7365858050663,328.49282889886956,161253.87,4908850411.0
2021-06-29,000858.SZ,000858.SZ,328.6750768743838,328.8466639675054,318.1653674206871,320.1707915715456,156720.26,4707055411.0
2021-06-30,000858.SZ,000858.SZ,317.4360220538077,324.2995036117278,316.8890883671609,319.4628939513809,103395.09,3090106555.0
2021-07-01,000858.SZ,000858.SZ,318.24044674385425,320.6533903164698,313.14645475722136,319.7954548239843,136310.42,4012429333.0
2021-07-02,000858.SZ,000858.SZ,315.2911409299099,316.0311099341331,305.85385507894654,306.7439627217079,211691.6,6104707041.0
2021-07-05,000858.SZ,000858.SZ,304.74924948640984,309.39282287655004,300.2987114796934,301.4569237802365,180542.56,5106360245.0
2021-07-06,000858.SZ,000858.SZ,300.1164591709181,301.3819135994394,289.7890641313757,297.32816975214234,238954.51,6571285948.0
2021-07-07,000858.SZ,000858.SZ,300.27723391926975,305.6393273821139,299.0761249835927,305.1996357181606,174543.67,4936536496.0
2021-07-08,000858.SZ,000858.SZ,305.6393102674894,306.48652098717827,287.00067443433517,289.381443798524,439575.67,12010041260.0
2021-07-09,000858.SZ,000858.SZ,291.7527614066323,292.976293120826,283.6861142643818,289.40314740680896,213674.47,5702882115.0
2021-07-12,000858.SZ,000858.SZ,292.3483090844805,295.55331276925847,284.43324930889696,293.3769420238518,264246.69,7111433622.0
2021-07-13,000858.SZ,000858.SZ,293.3985614171527,302.46135788562356,293.3985614171527,298.8449014692923,218997.48,6044746554.0
2021-07-14,000858.SZ,000858.SZ,296.5711505117748,299.92774257671283,290.18279787205427,298.0870307991662,209218.3,5710321392.0
2021-07-15,000858.SZ,000858.SZ,297.762147460663,304.4753304215943,295.28260085089966,304.07470498682903,195494.71,5443652587.0
2021-07-16,000858.SZ,000858.SZ,304.0965112147448,306.8142688901908,299.92783908308456,300.4908805138543,151513.98,4230603079.0
2021-07-19,000858.SZ,000858.SZ,298.6284333507872,305.8830037041239,297.2100024309557,304.139741275934,143319.86,3994088405.0
2021-07-20,000858.SZ,000858.SZ,302.0933753270345,307.7346172103816,300.7615658229045,305.6665227771392,130092.23,3669251201.0
2021-07-21,000858.SZ,000858.SZ,305.65560832363263,309.640207985792,303.18688896772954,304.4970426609939,149605.1,4226787177.0
2021-07-22,000858.SZ,000858.SZ,305.89370968540027,308.2216679021842,301.7142126078255,303.28423094007513,143103.78,4028250662.0
2021-07-23,000858.SZ,000858.SZ,301.94149003310355,302.09307795752665,290.3125306880719,293.6582927342681,212303.52,5760869080.0
2021-07-26,000858.SZ,000858.SZ,290.89728500987854,290.89728500987854,264.2935989654628,270.19470148650737,462131.23,11693393537.0
2021-07-27,000858.SZ,000858.SZ,267.44434736379907,269.3933345105798,250.12001717019265,250.2824327657577,423313.05,10158683399.0
2021-07-28,000858.SZ,000858.SZ,250.31495036292657,257.5911700464583,243.50432211747793,256.2701896872457,361142.9,8397862028.999999
2021-07-29,000858.SZ,000858.SZ,265.755244634312,266.13421438505355,253.0218610093955,254.50525689086965,313221.53,7483908399.0
2021-07-30,000858.SZ,000858.SZ,254.5161169962307,254.5161169962307,234.78803203208824,239.02166607214295,427979.29,9495555500.0
2021-08-02,000858.SZ,000858.SZ,233.1963248095045,254.34283650347126,229.7098031682053,253.8555896902462,468444.4,10454507732.0
2021-08-03,000858.SZ,000858.SZ,248.06284159304346,260.5796746302132,246.5469621594762,259.91918430558746,341719.33,8061076932.0
2021-08-04,000858.SZ,000858.SZ,256.6167808322935,258.663218451589,252.28569592373157,253.90985276444226,230289.51,5412225848.0
2021-08-05,000858.SZ,000858.SZ,247.95460992367595,255.53400848029486,244.1649106453665,245.9731385867313,285510.69,6538505734.0
2021-08-06,000858.SZ,000858.SZ,243.62360534370427,246.7636429236898,239.5632119213092,244.70637692300963,191529.22,4306125513.0
2021-08-09,000858.SZ,000858.SZ,242.54074729707855,256.2702860280025,240.3752049104975,249.0482021687546,264929.24,6099681510.0
2021-08-10,000858.SZ,000858.SZ,250.40169761902627,270.6928323305222,246.20054486125656,269.5017838682679,460837.46,11083250874.0
2021-08-11,000858.SZ,000858.SZ,266.32919117909535,271.90546200306716,261.99810704397163,266.57822851686495,253075.47,6234986634.0
2021-08-12,000858.SZ,000858.SZ,265.2789565729468,269.1769330776921,256.77920225009933,257.6129361136143,237149.46,5718032984.0
2021-08-13,000858.SZ,000858.SZ,256.61680958118313,263.113437671846,255.5340382327393,260.7313407052696,160031.4,3832138024.0
2021-08-16,000858.SZ,000858.SZ,259.86519704084117,264.59690917029315,258.1327623939022,260.6231371988769,133173.13,3210893055.0
2021-08-17,000858.SZ,000858.SZ,259.2264714526494,262.0308512240138,248.79937600931362,248.98344726843789,218730.39,5137552314.0
2021-08-18,000858.SZ,000858.SZ,246.8721241733275,251.7446003083274,242.4327570281054,247.95489664777196,212644.88,4858678332.0
2021-08-19,000858.SZ,000858.SZ,247.84668507717706,250.43451197684698,240.3755530237366,241.07935531862591,289689.42,6520859197.0
2021-08-20,000858.SZ,000858.SZ,229.02817649436733,234.61528594364367,222.3907770904789,223.46272250807266,534004.35,11218172732.0
2021-08-23,000858.SZ,000858.SZ,223.47365017575513,229.29897232288226,221.8603174621456,223.09467940410187,418363.73,8684039375.0
2021-08-24,000858.SZ,000858.SZ,225.21701095994158,230.25191048380566,220.8859145953273,227.3825591422487,411903.75,8606900863.0
2021-08-25,000858.SZ,000858.SZ,228.33533735338787,237.05166638266886,228.0971271190473,235.50329985945498,381798.85,8242448408.0
2021-08-26,000858.SZ,000858.SZ,235.36260175106005,235.36260175106005,223.05146046242982,224.31830613593002,332282.74,6953022887.0
2021-08-27,000858.SZ,000858.SZ,224.30751477639052,227.38259366210664,221.42733525667052,222.70500887820043,271909.67,5618956602.0
2021-08-30,000858.SZ,000858.SZ,225.75849143405887,227.37182549754448,215.97020959922006,224.13432962518073,347329.35,7094644686.0
2021-08-31,000858.SZ,000858.SZ,223.5929822650491,225.21714436382672,215.90528166416848,218.3848358016356,318551.68,6427633946.0
2021-09-01,000858.SZ,000858.SZ,218.39570888727388,228.5304824875956,213.30666658796707,224.90318638064286,503643.02,10338242748.0
2021-09-02,000858.SZ,000858.SZ,225.15230420675687,225.32554826116237,216.77162307489047,217.88688167512592,374601.64,7590159048.0
2021-09-03,000858.SZ,000858.SZ,216.33860155896602,223.64733809812026,213.05779093472344,222.9327060809585,344795.28,6994069662.0
2021-09-06,000858.SZ,000858.SZ,221.427587185836,233.12156245041805,219.31617498528647,228.96370457856668,440709.83,9315590567.0
2021-09-07,000858.SZ,000858.SZ,227.92428475566894,231.84393278804671,226.36508774831424,229.51596503401018,259374.44,5483883908.0
2021-09-08,000858.SZ,000858.SZ,229.54844996262565,230.317220714859,223.0517957184004,224.9141699350783,215536.77,4498947533.0
2021-09-09,000858.SZ,000858.SZ,224.92489120183328,226.52739849003774,221.96891492021288,224.49178112394017,177575.31,3672149965.0
2021-09-10,000858.SZ,000858.SZ,224.491788393398,232.14700926804866,223.59308495266814,231.38906660719212,318834.73,6744385341.0
2021-09-13,000858.SZ,000858.SZ,229.5482523855526,232.47174427914217,224.1235507607808,224.9897705811036,263428.26,5526541970.0
2021-09-14,000858.SZ,000858.SZ,224.913943483781,227.1769424337189,222.22866243313698,222.75922199556257,235967.42,4881373812.0
2021-09-15,000858.SZ,000858.SZ,219.80328118572,221.48158210117748,212.9818000454735,214.9307946569725,382035.77,7625717389.0
2021-09-16,000858.SZ,000858.SZ,212.2237882120962,216.1001206702559,208.35828349823302,213.30656264174974,335387.04,6590288015.0
2021-09-17,000858.SZ,000858.SZ,212.22380817868185,221.96877896239684,210.13405333284075,218.66631664124898,294397.02,5901688645.0
2021-09-22,000858.SZ,000858.SZ,213.30653832862157,214.93069978797655,209.4626895414814,209.98242120847505,249089.81,4852441663.0
2021-09-23,000858.SZ,000858.SZ,210.94615664549835,213.1766724174403,208.58570791596756,210.51304678686887,188112.96,3661752983.0
2021-09-24,000858.SZ,000858.SZ,209.94992806113882,220.8859480375055,209.04039768686673,217.11789362980687,350539.97,7023121318.0
2021-09-27,000858.SZ,000858.SZ,224.80558554106088,238.82751181385123,224.80558554106088,238.82751181385126,760065.57,16521941311.0
2021-09-28,000858.SZ,000858.SZ,238.55690568917387,241.0256318373734,231.71377005030507,234.89712745193074,411458.63,8943981561.0
2021-09-29,000858.SZ,000858.SZ,234.84307005867515,239.54231356485178,230.306242802712,236.7812373112227,311366.8,6769523772.0
2021-09-30,000858.SZ,000858.SZ,234.96223309888134,241.77288953294567,234.96223309888134,237.55006598877222,331905.68,7321693530.0
2021-10-08,000858.SZ,000858.SZ,238.86023318928335,255.51331744336846,235.61190726195855,247.11098104468834,416278.65,9498183647.0
2021-10-11,000858.SZ,000858.SZ,248.43204893270433,254.7013200420155,244.15508504984092,246.65629683956612,261465.75,5990773979.0
2021-10-12,000858.SZ,000858.SZ,245.78999914191925,249.03832512176842,241.46972558871988,248.3236934062016,203423.73,4632611152.0
2021-10-13,000858.SZ,000858.SZ,247.27329848174358,264.8467347227503,246.00645187656932,259.3137551052799,347774.22,8246438709.0
2021-10-14,000858.SZ,000858.SZ,257.7005426252904,264.93348222502544,255.70823590919568,259.86609340365413,240589.6,5770465386.0
2021-10-15,000858.SZ,000858.SZ,255.31834959994143,257.57052164051765,249.04908223699118,253.71584257106986,302157.86,7060878521.0
2021-10-18,000858.SZ,000858.SZ,243.5701597347724,243.5701597347724,230.08961521955607,233.14303976035208,522286.55,11335046052.0
2021-10-19,000858.SZ,000858.SZ,230.63111276197068,239.16338115898628,230.63111276197068,237.09528057036957,271519.71,5912575916.0
2021-10-20,000858.SZ,000858.SZ,238.7519668648578,240.59268497674105,234.8323200619064,238.14561266329628,171712.31,3767655125.0
2021-10-21,000858.SZ,000858.SZ,239.29334757143465,241.40475946177082,237.12779691467958,239.28251981815086,157813.85,3483824011.0
2021-10-22,000858.SZ,000858.SZ,241.13397796501877,247.86883805905745,239.30408832532015,243.65684356294648,226148.68,5094183379.0
2021-10-25,000858.SZ,000858.SZ,241.45875829883857,243.5052024835238,236.04488479438032,238.60023308848466,248159.64,5460700048.0
2021-10-26,000858.SZ,000858.SZ,238.600135727998,241.4586597719348,236.04478847659993,238.92496800571809,171975.32,3792558316.0
2021-10-27,000858.SZ,000858.SZ,237.13850259201885,238.9250809641335,231.71380098941617,233.87935053137332,200484.93,4335703423.0
2021-10-28,000858.SZ,000858.SZ,234.96213403335196,238.1888029707685,231.47559914124417,233.1105891061767,219253.24,4755135735.0
2021-10-29,000858.SZ,000858.SZ,233.08898574840825,239.8671575827792,232.88325848825963,234.43162681464145,236335.32,5148687289.0
2021-11-01,000858.SZ,000858.SZ,216.5549283783486,226.862942969158,213.1983269884842,221.9038351092938,580036.53,11775758002.0
2021-11-02,000858.SZ,000858.SZ,220.86430545267743,222.94323214386844,216.1758926543144,217.98412576592324,349334.47,7067034632.0
2021-11-03,000858.SZ,000858.SZ,218.20072559998988,219.26184465064483,215.12564590217343,215.61289444584153,218919.68,4378799392.0
2021-11-04,000858.SZ,000858.SZ,217.73513501064733,225.06551873943584,216.87974311319638,223.93943320355103,298641.62,6104737433.0
2021-11-05,000858.SZ,000858.SZ,223.9395263741107,232.47179340741496,223.92869862406843,227.71841113886094,301429.97,6372245155.0
2021-11-08,000858.SZ,000858.SZ,227.38267785219824,229.99216477421632,224.9572626217748,228.4546247620729,156373.86,3290544446.0
2021-11-09,000858.SZ,000858.SZ,227.03614996409655,230.28447336114104,224.72984035219494,226.05082520032636,155039.34,3250092170.0
2021-11-10,000858.SZ,000858.SZ,226.0508660257428,227.25274589971212,220.01981116267152,222.72674781575557,172002.67,3532443273.0
2021-11-11,000858.SZ,000858.SZ,222.68348707892198,224.13440545238186,220.4313152753425,223.603845748654,166520.85,3416388386.0
2021-11-12,000858.SZ,000858.SZ,224.53497124503485,224.85980362856915,219.92235139884764,220.72360461156558,157885.12,3227721076.0
2021-11-15,000858.SZ,000858.SZ,221.958026763814,224.67579176297087,219.92240995169647,221.64402204279583,207244.8,4251527056.0
2021-11-16,000858.SZ,000858.SZ,222.93253616175122,231.11831484640243,222.08797169428723,229.54829115688602,314356.75,6618521492.0
2021-11-17,000858.SZ,000858.SZ,228.5197284150799,230.63114026255397,226.3000390369661,229.01780505602247,174214.6,3668952608.0
2021-11-18,000858.SZ,000858.SZ,227.37190742099077,228.4438546010792,224.72993659329794,225.88850576773697,132202.62,2759820062.0
2021-11-19,000858.SZ,000858.SZ,225.0873077554058,234.42082994537887,224.5675756613006,230.19800668077386,242929.59,5188161635.0
2021-11-22,000858.SZ,000858.SZ,231.7138089129025,240.37600737693623,230.63103410489828,233.8468752846708,319782.76,6972004751.0
2021-11-23,000858.SZ,000858.SZ,232.78585406146152,236.58639523898478,231.02093038073133,232.58012676125372,193866.37,4190535756.0
2021-11-24,000858.SZ,000858.SZ,236.04504210590656,246.85114082249805,236.04504210590656,242.99646031838324,476278.47,10627879572.0
2021-11-25,000858.SZ,000858.SZ,246.87285058870552,248.11804259825382,240.5602684881259,241.4048335032978,284628.27,6397889416.0
2021-11-26,000858.SZ,000858.SZ,241.3073059505625,242.08690417493835,237.2144152725892,241.3073059505625,162472.95,3602490660.0
2021-11-29,000858.SZ,000858.SZ,238.75197561443514,243.6244649126889,238.48128176453213,243.33211555479366,192364.11,4292901366.0000005
2021-11-30,000858.SZ,000858.SZ,243.60282135017385,244.16586458558186,236.04504869027426,236.04504869027426,230145.98,5063790458.0
2021-12-01,000858.SZ,000858.SZ,241.480552996712,243.45120408833614,236.16412615062708,238.81692569704418,192486.21,4256218969.9999995
2021-12-02,000858.SZ,000858.SZ,238.860172627947,242.43333024205504,237.46339283334117,241.18813895229013,175309.74,3898019542.0
2021-12-03,000858.SZ,000858.SZ,242.00032279750434,252.07013488706494,241.78376769880413,248.4428369838361,340300.29,7800955259.0
2021-12-06,000858.SZ,000858.SZ,250.12113732985293,254.4522392749586,247.9555863573001,251.5287454620123,288786.69,6720204454.0
2021-12-07,000858.SZ,000858.SZ,254.4522081752405,259.48711357104844,252.4490737704567,253.3694328213033,308904.37,7293861939.0
2021-12-08,000858.SZ,000858.SZ,253.38025019040572,264.7493909407978,250.42427359530376,264.1971755329217,397868.91,9593919616.0
2021-12-09,000858.SZ,000858.SZ,265.28007344198204,276.0645205092561,262.768033562858,271.7767283017857,472970.11,11826016126.0
2021-12-10,000858.SZ,000858.SZ,269.3080692352707,271.66852111261426,264.738754133257,267.4456943595684,332274.96,8208024535.0
2021-12-13,000858.SZ,000858.SZ,272.85963484610045,278.50089951891067,269.61130585983733,270.6724266620166,355350.37,9000318795.0
2021-12-14,000858.SZ,000858.SZ,269.611304134325,273.9424094216234,266.59035819643435,270.69408045614955,225573.52,5643907697.0
2021-12-15,000858.SZ,000858.SZ,268.6368054446828,269.51385426536075,263.1146462033774,263.98086726083704,263567.82,6461313841.0
2021-12-16,000858.SZ,000858.SZ,264.52212745163973,265.3883480900405,256.6720029161326,263.65590681323897,289712.3,6971022371.0
2021-12-17,000858.SZ,000858.SZ,262.0316110752375,262.0316110752375,254.30059577326563,254.6254283489787,254834.52,6040427057.0
2021-12-20,000858.SZ,000858.SZ,254.625419199726,259.2921803697839,254.625419199726,255.53495037904122,188827.4,4471963227.0
2021-12-21,000858.SZ,000858.SZ,255.53500332822153,257.1591664849687,247.95557526340139,250.82493017365474,234542.47,5446651924.0
2021-12-22,000858.SZ,000858.SZ,251.74530865499386,252.8280841760906,249.5689298575894,251.3338539569771,151998.08,3524368526.0
2021-12-23,000858.SZ,000858.SZ,252.6440891295157,259.2815050913034,247.95566969810608,256.62870425828874,282051.16,6610688703.0
2021-12-24,000858.SZ,000858.SZ,256.73702960610865,265.61579322961705,256.73702960610865,261.9668379355654,289429.25,7012988263.0
2021-12-27,000858.SZ,000858.SZ,258.6750816059243,259.3247469427328,252.28670579397388,255.76241534589946,184053.68,4343284678.0
2021-12-28,000858.SZ,000858.SZ,255.85988453137557,259.41138864167146,254.99366401666927,257.2458373549057,143682.16,3406736939.0
2021-12-29,000858.SZ,000858.SZ,257.2458939786239,257.2458939786239,242.65007509306176,244.38251650381096,349758.96,7998864967.0
2021-12-30,000858.SZ,000858.SZ,243.70039990352117,246.33154564380445,242.0112693048208,244.1659935941886,264768.73,5963128773.0
2021-12-31,000858.SZ,000858.SZ,244.17687947610884,244.49088459804614,238.8712756916517,241.09096707086337,240436.67,5340438229.0
2022-01-04,000858.SZ,000858.SZ,241.09095814156834,242.41194515734446,236.13184295119567,242.06545675976383,201786.73,4460248125.0
2022-01-05,000858.SZ,000858.SZ,241.26423037552848,246.0934129779648,239.3260606763444,242.27121239800962,205622.09,4608528413.0
2022-01-06,000858.SZ,000858.SZ,241.80556898223497,244.70740905420521,236.1967885446209,237.647708580606,197643.47,4366330606.0
2022-01-07,000858.SZ,000858.SZ,237.63695925263386,238.75221905137724,234.4427685669125,235.67713378105563,168682.39,3671458253.0
2022-01-10,000858.SZ,000858.SZ,233.59812432527383,235.6445712288372,227.5129224215562,232.75355893650163,208423.13,4477043193.0
2022-01-11,000858.SZ,000858.SZ,232.25553930131628,234.2586756542647,230.68551351116753,231.02117419733727,131623.34,2819944192.0
2022-01-12,000858.SZ,000858.SZ,232.80768040119364,236.14263066227767,231.95228731474677,235.95855873228274,178942.72,3865370481.0
2022-01-13,000858.SZ,000858.SZ,237.12804005786055,237.17135111540534,225.2174992330365,226.19199802779482,267623.34,5678771184.0
2022-01-14,000858.SZ,000858.SZ,224.14552005250638,227.7511651023825,223.5933041439668,224.35124754784465,136467.59,2844403651.0
2022-01-17,000858.SZ,000858.SZ,223.89646864036865,226.30023186883184,220.34496260912576,226.12698767218583,169362.24,3497443782.0
2022-01-18,000858.SZ,000858.SZ,226.08364536534452,231.69242545630468,223.38753292779802,228.9963130187582,184748.75,3904185741.0
2022-01-19,000858.SZ,000858.SZ,232.07129594365838,232.07129594365838,225.52050351861692,228.24909804937798,144018.64,3039014332.0
2022-01-20,000858.SZ,000858.SZ,228.2490809215965,231.7139626054158,225.59628088242232,230.86939769498483,194685.61,4146262233.0
2022-01-21,000858.SZ,000858.SZ,230.63128533579354,236.8247639842477,228.7039440780578,235.2439110425094,239746.61,5195067275.0
2022-01-24,000858.SZ,000858.SZ,233.879634177465,235.96939201988403,230.84786114183117,232.8726524192009,138008.57,2968569093.0
2022-01-25,000858.SZ,000858.SZ,231.22686725111694,232.7968928072589,225.21745908795282,225.60725853637427,155582.09,3284058720.0
2022-01-26,000858.SZ,000858.SZ,225.3256412238304,229.2886006033557,218.9697473555753,223.10595086098152,215095.39,4439752203.0
2022-01-27,000858.SZ,000858.SZ,224.13457788584265,228.74720253218896,219.98754680708527,220.23658522695843,209923.25,4339832716.0
2022-01-28,000858.SZ,000858.SZ,220.87552089153445,222.29395773828142,214.38969134037856,214.80114630355706,257814.84,5160817186.0
2022-02-07,000858.SZ,000858.SZ,216.55517631636405,219.65191533768808,210.79480862634878,211.81261795503568,248080.23,4899710426.0
2022-02-08,000858.SZ,000858.SZ,211.8451380479318,212.58142577536648,200.20529529804543,205.72745325380546,304516.87,5740104552.0
2022-02-09,000858.SZ,000858.SZ,204.6447398367715,212.54900756591664,204.6447398367715,212.20251911751572,237420.57,4585366336.0
2022-02-10,000858.SZ,000858.SZ,212.20241802891408,212.76546148934392,206.9292994668118,209.01905692571475,168742.56,3254038393.0
2022-02-11,000858.SZ,000858.SZ,208.4344125372715,215.07183045339343,207.18921994289298,210.3509263564454,273749.28,5365712651.0
2022-02-14,000858.SZ,000858.SZ,207.8931147871656,215.6891065916843,207.35172646740736,214.40060239065969,190316.49,3747901334.0
2022-02-15,000858.SZ,000858.SZ,215.25600714039405,216.94513878596254,213.0904537486396,216.33878383627126,177390.48,3537513875.0
2022-02-16,000858.SZ,000858.SZ,216.36042895416043,217.2374780355981,214.3464643967851,215.91649053022286,119085.41,2375601897.0
2022-02-17,000858.SZ,000858.SZ,216.42542691386,216.72860441804193,213.11212990387196,213.78345152027478,130546.43,2583633352.0
2022-02-18,000858.SZ,000858.SZ,213.30700125846778,215.88400970006754,211.6286974414595,215.47255457073646,116143.65,2297554258.0
2022-02-21,000858.SZ,000858.SZ,216.24132056884773,220.84312124191166,214.17321720754134,215.68910448808003,151925.67,3044972483.0
2022-02-22,000858.SZ,000858.SZ,214.1841477467335,214.31408100455468,207.7307959416148,209.40910052180507,193677.33,3749346933.0
2022-02-23,000858.SZ,000858.SZ,209.26838770314583,212.85238089038344,207.92574372967914,212.44092547915977,147973.43,2875772247.0
2022-02-24,000858.SZ,000858.SZ,210.05887376051317,211.14165146030962,202.8042631718769,204.30932417459397,259609.87,4940978924.0
2022-02-25,000858.SZ,000858.SZ,205.71684159219586,208.94351766959332,205.71684159219586,206.24740242371422,136663.74,2611874594.0
2022-02-28,000858.SZ,000858.SZ,206.81043612207804,207.35182469831383,202.4793275121916,205.72765896960644,143092.81,2700046289.0
2022-03-01,000858.SZ,000858.SZ,205.8358407935844,209.9395642896795,205.79252972766255,209.18162063604717,200285.21,3853590511.0
2022-03-02,000858.SZ,000858.SZ,207.135224149959,207.2543296107875,203.9951710917526,204.86139262505088,150164.88,2841554761.0
2022-03-03,000858.SZ,000858.SZ,205.47857321038776,205.94416727942115,197.06539666064484,197.14119104397585,312889.3,5775912552.0
2022-03-04,000858.SZ,000858.SZ,194.8781149506019,196.40482981936702,190.43873128965365,190.9692917759621,312929.74,5577557113.0
2022-03-07,000858.SZ,000858.SZ,188.67377502741775,188.67377502741775,178.9287880819557,179.74087032741087,477389.12,8036888481.0
2022-03-08,000858.SZ,000858.SZ,184.0611434446935,185.6961356595384,178.9504393029266,180.01156007812398,333507.17,5611790679.0
2022-03-09,000858.SZ,000858.SZ,180.8235826326824,181.61400907173544,169.77926800481796,176.3625457437803,399218.92,6488949486.0
2022-03-10,000858.SZ,000858.SZ,181.89551965934268,186.49731713867007,179.72996790436508,186.39986730969605,417739.72,7087219597.0
2022-03-11,000858.SZ,000858.SZ,182.98919248780263,186.8330483063334,181.0726784599718,185.98848280254356,257971.1,4378229004.0
2022-03-14,000858.SZ,000858.SZ,182.97828174803632,183.6279472255724,180.03313158320609,180.0331315832061,181403.03,3043660700.0
2022-03-15,000858.SZ,000858.SZ,176.49236963465427,178.41970962207563,169.67088540951116,170.1581342827357,312945.32,5020399485.0
2022-03-16,000858.SZ,000858.SZ,176.49243603348262,179.2535140205095,167.9818191793527,178.44143225961926,348999.69,5622615397.0
2022-03-17,000858.SZ,000858.SZ,182.4477404526165,186.08586750259155,179.74080068328985,182.16621871660655,348291.53,5869489576.0
2022-03-18,000858.SZ,000858.SZ,180.8235625473074,183.07573626047147,178.65801090003424,181.7980607885803,185857.04,3107945064.0
2022-03-21,000858.SZ,000858.SZ,183.80128512896684,183.8337684194167,178.66892523788403,179.42686868171484,171054.36,2842223351.0
2022-03-22,000858.SZ,000858.SZ,179.4160121002807,181.14845397934198,177.57529260377814,177.90012545610213,122905.08,2029492693.0
2022-03-23,000858.SZ,000858.SZ,177.92182665554478,181.13767271912172,176.21103986077992,179.67592450840493,184638.77,3049956331.0
2022-03-24,000858.SZ,000858.SZ,178.0085105495808,178.0085105495808,173.98058074882385,174.71686899197297,198086.05,3207819881.0
2022-03-25,000858.SZ,000858.SZ,177.08812041363083,177.12060371300356,169.64944485727716,170.20166094661343,213641.1,3393360049.0
2022-03-28,000858.SZ,000858.SZ,167.0723929816514,167.0723929816514,162.95784279804624,163.71578625292085,274466.34,4167231496.0
2022-03-29,000858.SZ,000858.SZ,163.4883681472206,166.49848579374867,161.4527490193527,161.52854334858182,235211.3,3552871390.0
2022-03-30,000858.SZ,000858.SZ,165.63230741761524,169.94175752889268,163.6724821157529,169.94175752889268,323672.69,4993851923.0
2022-03-31,000858.SZ,000858.SZ,168.9131287631745,169.56279464303287,167.2889640635286,167.89531888472976,201366.48,3126382334.0
2022-04-01,000858.SZ,000858.SZ,167.83039726142368,175.6588732111017,167.23487004533476,173.13600336839772,287494.78,4581621784.0
2022-04-06,000858.SZ,000858.SZ,171.07873950576214,175.6913688114238,170.53735108960467,173.25512093871518,179443.05,2866077985.0
2022-04-07,000858.SZ,000858.SZ,172.1615458453485,177.45632546285637,171.65264064693773,173.73157252129664,185571.69,2996915190.0
2022-04-08,000858.SZ,000858.SZ,174.32717896283296,176.24369515391507,172.7030126992041,173.88324018410773,165446.28,2661592736.0
2022-04-11,000858.SZ,000858.SZ,171.08974071584788,171.81520192893325,165.50260659716062,166.37965672044294,242577.21,3752027960.0
2022-04-12,000858.SZ,000858.SZ,167.02924866788342,178.32261741938106,167.02924866788342,177.4455676889196,334163.91,5333900918.0
2022-04-13,000858.SZ,000858.SZ,176.2761965878416,178.65830735254218,173.92656915175058,175.75646333008876,238854.59,3897075048.0
2022-04-14,000858.SZ,000858.SZ,177.46721837378027,187.32049285334952,176.41692428090312,185.7721211494172,431191.46,7300575091.0
2022-04-15,000858.SZ,000858.SZ,184.07209302392752,188.40320109507874,182.55620519902456,183.96381532214875,226439.58,3871918113.0
2022-04-18,000858.SZ,000858.SZ,182.8811158630738,182.8811158630738,177.80288949600563,181.01873860265647,184111.35,3062759959.0
2022-04-19,000858.SZ,000858.SZ,181.9065861467556,184.07214074374076,177.6187880447249,178.6582542512778,164992.69,2740121569.0
2022-04-20,000858.SZ,000858.SZ,179.188896135141,182.9894461710002,175.02020165136375,179.63283502821855,206341.07,3422120976.0
2022-04-21,000858.SZ,000858.SZ,177.57556727959127,180.31499523823376,175.06352266929463,176.03802273363385,171229.1,2807078120.0
2022-04-22,000858.SZ,000858.SZ,176.02722411034364,179.93605279360835,172.14005098765105,179.12396927215445,200144.22,3268498121.0
2022-04-25,000858.SZ,000858.SZ,175.41000595943453,176.08132820446448,167.28917235020145,167.83056125748365,286350.86,4556272568.0
2022-04-26,000858.SZ,000858.SZ,167.83061949521783,175.2043389711045,167.33254152768362,171.62034316123888,254538.92,4045539333.0
2022-04-27,000858.SZ,000858.SZ,171.6202692557066,176.93670788059947,171.6202692557066,174.74949687809772,239277.89,3849331177.0
2022-04-28,000858.SZ,000858.SZ,174.76033798496167,180.45574924766856,173.83997684935312,179.57869922432397,257119.94,4235742307.0
2022-04-29,000858.SZ,000858.SZ,180.0659320225753,181.14870972565754,172.01006591164352,175.5507490007224,448742.8,7241581132.0
2022-05-05,000858.SZ,000858.SZ,173.24444207018328,178.07363089288964,172.32408097168545,174.91191982510878,244801.58,3973322638.0
2022-05-06,000858.SZ,000858.SZ,171.11138205741264,172.87630993663547,169.46555974059135,170.06108755259905,190861.39,3007833166.0
2022-05-09,000858.SZ,000858.SZ,167.84134958340957,169.45468814788464,164.93950572247456,167.59231074459797,186236.27,2874663797.0
2022-05-10,000858.SZ,000858.SZ,163.49934140169765,169.4546154262628,161.98345346817197,168.1877662246735,201080.42,3092729203.0
2022-05-11,000858.SZ,000858.SZ,168.18782660825664,172.86542533965218,167.83051003849727,170.5482815236368,243902.45,3846228733.0
2022-05-12,000858.SZ,000858.SZ,169.1298737148807,172.8979400434837,169.0215959468174,171.16549575447084,170686.07,2699983161.0
2022-05-13,000858.SZ,000858.SZ,172.81123749059958,173.10358732845964,168.96737851132875,169.9310501990896,152555.76,2401106195.0
2022-05-16,000858.SZ,000858.SZ,172.12917088310934,172.1399986601039,166.96432125668653,168.02544340215704,177651.46,2767778351.0
2022-05-17,000858.SZ,000858.SZ,168.01464809830426,169.4439149378336,167.44077580667508,169.07577044886392,133412.35,2078095646.0
2022-05-18,000858.SZ,000858.SZ,169.29240039306995,169.44398936687892,166.1523430784559,167.37588265277105,165605.04,2560375192.0
2022-05-19,000858.SZ,000858.SZ,165.5243800695682,166.31480852152598,164.82057391371538,166.228186225421,148782.82,2273068154.0
2022-05-20,000858.SZ,000858.SZ,167.07281786249453,176.4713406042084,166.41232260069205,175.91912325417684,452296.75,7222107585.0
2022-05-23,000858.SZ,000858.SZ,174.98795936839122,175.60514355773583,171.07912616920865,172.62750053896795,276453.21,4410754725.0
2022-05-24,000858.SZ,000858.SZ,173.71026343159502,174.32744756271768,169.21672984535104,169.5307358067994,188552.34,2974172509.0
2022-05-25,000858.SZ,000858.SZ,169.40071989140148,171.68538284423536,167.83069084798487,170.48349854203363,163957.07,2565767960.0
2022-05-26,000858.SZ,000858.SZ,169.9962108997214,172.91971261583126,167.83065407297337,170.2344221506637,194317.56,3043721248.0
2022-05-27,000858.SZ,000858.SZ,172.86554355449846,174.86868326997495,170.3101869444852,171.02482057270922,210683.08,3356383642.0
2022-05-30,000858.SZ,000858.SZ,173.255327816058,181.63603050524176,173.24450003480587,179.93606884865022,510932.06,8416468104.0
2022-05-31,000858.SZ,000858.SZ,179.74121719248416,187.1257659952115,178.6800943439984,185.588220643324,486544.83,8293724659.0
2022-06-01,000858.SZ,000858.SZ,187.30983129137286,187.6454925879815,183.02202892179173,184.51626308088817,219302.45,3739434438.0
2022-06-02,000858.SZ,000858.SZ,183.0220311536362,185.15510458067672,182.64305871735993,183.80163159397588,165223.54,2801365549.0
2022-06-06,000858.SZ,000858.SZ,184.6136534709074,187.85115976931218,180.36916360811588,187.25563185488988,278141.75,4762415124.0
2022-06-07,000858.SZ,000858.SZ,187.42884363698766,193.16756617468863,186.2377880159554,188.5332770310358,295077.03,5177758449.0
2022-06-08,000858.SZ,000858.SZ,188.72815966600157,194.88916499302138,187.34220416185653,192.87519840106057,325278.71,5770812837.0
2022-06-09,000858.SZ,000858.SZ,193.12431943065562,194.79179785588104,190.34157946128587,190.57979066488952,207838.89,3688662162.0
2022-06-10,000858.SZ,000858.SZ,189.51868523923224,193.2759259281435,187.86203444556244,192.10652536790596,215630.45,3804237561.0
2022-06-13,000858.SZ,000858.SZ,189.69201654707652,191.00217888523488,185.2634512883429,186.79016938487453,264345.91,4580799636.0
2022-06-14,000858.SZ,000858.SZ,184.28898195290674,188.40354206701394,183.6934535153386,188.18698627153464,197333.28,3385240808.0
2022-06-15,000858.SZ,000858.SZ,188.2086390908024,194.79193517682288,186.01059779892384,191.95505429764955,325441.08,5743255077.0
2022-06-16,000858.SZ,000858.SZ,192.73464473185203,195.98298144081582,191.6518658288641,192.30153317065682,205005.86,3668452194.0
2022-06-17,000858.SZ,000858.SZ,191.11054050981826,196.17794747631092,191.11054050981826,196.1779474763109,286203.61,5145018832.0
2022-06-20,000858.SZ,000858.SZ,197.88878724835362,202.4797724635704,193.8175362084444,198.6792163066339,311954.35,5705313089.0
2022-06-21,000858.SZ,000858.SZ,197.78056833753502,200.8556631260963,195.38762485770388,196.69778848240782,218115.75,3990195909.0
2022-06-22,000858.SZ,000858.SZ,197.06597245537242,198.0188189155962,192.46415716451895,192.8106467864185,223527.64,4006768455.0
2022-06-23,000858.SZ,000858.SZ,192.84317930788305,195.87496427173525,192.50751740117084,195.33357409961877,159725.18,2867621353.0
2022-06-24,000858.SZ,000858.SZ,196.52465329926304,200.86660293964897,194.80303236953395,200.31438490558492,245186.74,4504178661.0
2022-06-27,000858.SZ,000858.SZ,202.47989861313306,211.8784308054432,202.47989861313306,208.9765798520571,366374.71,7058190240.0
2022-06-28,000858.SZ,000858.SZ,208.97658822577435,216.41528854241201,207.02758377600028,216.17707688743963,316785.9,6232395066.0
2022-06-29,000858.SZ,000858.SZ,216.5728120743111,216.73772360185635,209.4376399825182,211.08675525797108,289970.9,5625269619.0
2022-06-30,000858.SZ,000858.SZ,211.28469931468294,225.37914121922157,211.28469931468294,222.0039511531581,425214.5,8521483468.0
2022-07-01,000858.SZ,000858.SZ,222.16889234606703,225.37917127347455,217.6832971324291,223.18035009031868,219365.9,4418343886.0
2022-07-04,000858.SZ,000858.SZ,220.97057327104773,222.96050678824062,217.90321718653493,221.02554381019667,225876.23,4525333761.0
2022-07-05,000858.SZ,000858.SZ,221.69621733918297,222.80662239503505,215.7703923381505,218.35400806216282,262964.92,5224558250.0
2022-07-06,000858.SZ,000858.SZ,217.8153908196055,219.46450795179516,212.5711983392425,214.0993802150716,227633.12,4459016820.0
2022-07-07,000858.SZ,000858.SZ,214.09947017279435,214.09947017279435,207.20615766389312,210.6363227400928,266770.66,5095578644.0
2022-07-08,000858.SZ,000858.SZ,212.57136758697123,214.16551541733645,209.9437721976107,211.8567495940489,164096.71,3167643747.0
2022-07-11,000858.SZ,000858.SZ,208.91029342010128,209.76783488346135,204.49065664739942,208.206669655293,192574.69,3621672903.0
2022-07-12,000858.SZ,000858.SZ,207.54705527745014,211.9007280123728,206.18378401701978,208.88833829174447,169934.79,3229606651.0
2022-07-13,000858.SZ,000858.SZ,208.415634172393,214.14357347733667,206.2607856046983,212.29656041931258,189918.7,3656106377.0
2022-07-14,000858.SZ,000858.SZ,210.17461563184713,212.8022106067915,207.84386193022286,209.03122702350313,151079.3,2880607578.0
2022-07-15,000858.SZ,000858.SZ,209.05315218672308,214.94599939009322,206.68941683462498,208.7782992388047,207208.92,3979169055.0
2022-07-18,000858.SZ,000858.SZ,208.48155076046814,208.66845084816146,202.51174207708817,205.95290251520595,178034.26,3320023855.0
2022-07-19,000858.SZ,000858.SZ,205.590110317373,208.50355305716465,205.04040414005382,207.6789937911859,120214.15,2259044880.0
2022-07-20,000858.SZ,000858.SZ,209.76794026968088,210.53752914907696,206.68958475209644,207.9099328322817,112497.72,2134516123.0000002
2022-07-21,000858.SZ,000858.SZ,207.77798345600428,208.77844890362036,205.12839913869135,205.2603286482671,110728.44,2082697378.0
2022-07-22,000858.SZ,000858.SZ,206.1399388794541,207.23935188681116,203.39140636106137,204.3918721977563,116985.63,2180797972.0
2022-07-25,000858.SZ,000858.SZ,205.42525655146514,207.23928744956478,203.1164899538838,206.7775341300485,124799.02,2336297100.0
2022-07-26,000858.SZ,000858.SZ,207.63504748229326,211.08720277772056,207.43715322968916,209.97679613810863,137474.45,2627310531.0
2022-07-27,000858.SZ,000858.SZ,208.94328097056265,209.99871664397352,206.20574469265313,206.79942725894676,97491.24,1844277553.0
2022-07-28,000858.SZ,000858.SZ,207.18422040765128,209.43801532320282,205.42516096136717,205.72200224292763,92609.26,1744687639.0
2022-07-29,000858.SZ,000858.SZ,205.02939658266456,205.02939658266456,195.47550384684305,196.13515121640495,340310.91,6166191233.0
2022-08-01,000858.SZ,000858.SZ,196.24509859861595,197.8832229510638,194.3980859059231,196.3330515839823,156082.01,2791638728.0
2022-08-02,000858.SZ,000858.SZ,194.4860814288826,196.42104753015357,190.2863254590786,193.1228098575326,176737.94,3114640799.0
2022-08-03,000858.SZ,000858.SZ,193.36474146820998,197.34461617889298,191.62766908067437,191.9464988226904,154030.54,2710918104.0
2022-08-04,000858.SZ,000858.SZ,191.95755480204107,195.13485911692024,191.79264281337953,194.35427570392224,133685.53,2350151180.0
2022-08-05,000858.SZ,000858.SZ,195.09084478353287,197.34464152518544,193.7275726080943,196.9928293508787,127017.11,2260873414.0
2022-08-08,000858.SZ,000858.SZ,196.0253151967804,199.5764187754994,195.14578489864567,195.5965441764397,130251.13,2331931588.0
2022-08-09,000858.SZ,000858.SZ,194.65111996913336,195.6955625784001,193.7386069526161,194.57416104002945,85386.31,1511033063.0
2022-08-10,000858.SZ,000858.SZ,193.03499439505796,195.14586800958415,190.19850797553835,191.29792131643742,143549.32,2503385133.0
2022-08-11,000858.SZ,000858.SZ,192.38629078095818,195.59657690633904,191.90254903603778,195.59657690633904,139670.51,2468539674.0
2022-08-12,000858.SZ,000858.SZ,196.02526068103703,197.5204617720421,194.27719469964134,196.4650257078032,108618.95,1936659422.0
2022-08-15,000858.SZ,000858.SZ,195.28867833940697,197.45452136326912,193.16681182364354,193.496635634384,138440.11,2446911673.0
2022-08-16,000858.SZ,000858.SZ,193.46365325330996,194.92587214759251,192.06739912117547,192.65008785348357,109975.43,1929236389.0
2022-08-17,000858.SZ,000858.SZ,192.73812102770393,194.56314687281252,191.3198780516858,193.71659873984044,122116.28,2144649842.0000002
2022-08-18,000858.SZ,000858.SZ,192.3972583516923,192.61714093266565,189.1100137661405,190.6711800910514,179552.16,3110937648.0
2022-08-19,000858.SZ,000858.SZ,189.6486913398854,192.56213500394742,189.09898498817557,190.92401007585215,126037.8,2189742325.0
2022-08-22,000858.SZ,000858.SZ,189.42882748803788,190.6931522217073,187.18602535178948,188.5492972385287,155130.18,2663565072.0
2022-08-23,000858.SZ,000858.SZ,188.76921126243593,189.41786492955788,184.15167668292383,184.7013831804848,229248.45,3868689013.0
2022-08-24,000858.SZ,000858.SZ,184.65737132800228,186.35046701653005,182.502522269876,183.86579412297633,180254.6,3021329673.0
2022-08-25,000858.SZ,000858.SZ,184.5803459706103,186.87811786338878,183.85473379394344,186.2514528017219,174853.9,2949656306.0
2022-08-26,000858.SZ,000858.SZ,188.9670091009339,191.07788097359966,186.41637225479607,187.01005496898333,243786.83,4181288062.0
2022-08-29,000858.SZ,000858.SZ,184.08557057976827,186.40533021858406,181.40300493109035,181.78779918397447,254305.64,4218793349.9999995
2022-08-30,000858.SZ,000858.SZ,180.30360481635412,181.1391581069665,178.3136686900273,180.33658718308882,186432.52,3046737234.0
2022-08-31,000858.SZ,000858.SZ,179.09429202152862,184.67930738966464,178.65452703191158,183.81077153517106,267333.48,4444754516.0
2022-09-01,000858.SZ,000858.SZ,182.50243802003857,182.50243802003857,179.53402487151988,179.81987206359943,158441.89,2607493588.0
2022-09-02,000858.SZ,000858.SZ,180.84232887836194,180.84232887836194,177.0163740817378,177.92888628897865,155924.24,2524463032.0
2022-09-05,000858.SZ,000858.SZ,175.90589907724132,176.29069323147277,172.68462230038932,174.8284754453932,224320.12,3551118312.0
2022-09-06,000858.SZ,000858.SZ,174.82853416807055,177.3901646838019,174.00397498918707,176.48864664822264,146937.67,2346001119.0
2022-09-07,000858.SZ,000858.SZ,175.90590321195117,175.9168973309019,173.70707942180178,174.740526603172,141507.87,2245681618.0
2022-09-08,000858.SZ,000858.SZ,175.91691161924234,177.39012367829983,174.67457607690284,174.8834643539334,148671.78,2377952564.0
2022-09-09,000858.SZ,000858.SZ,174.92746981453607,177.7199767174895,174.10291068964824,177.51108840585124,203188.47,3269738015.0
2022-09-13,000858.SZ,000858.SZ,180.1716905132809,181.370049938833,177.77497166217674,179.89683743402585,224554.47,3676000837.0
2022-09-14,000858.SZ,000858.SZ,178.10478799839623,179.45706509245812,176.98338748136928,178.54455290703427,143438.03,2325532850.0
2022-09-15,000858.SZ,000858.SZ,178.8413463552716,183.05209422851615,178.214681528183,180.74332907608442,244932.22,4041538789.0
2022-09-16,000858.SZ,000858.SZ,180.30349936332527,181.17203451269737,176.76339407094778,177.09321754539292,178052.22,2882822678.0
2022-09-19,000858.SZ,000858.SZ,176.73046324006054,181.54588737064506,175.37818660064983,179.2261282575096,172370.96,2810086975.0
2022-09-20,000858.SZ,000858.SZ,180.30359089892778,182.4584386925979,178.29166668340923,182.27153862886118,184881.26,3048376406.0
2022-09-21,000858.SZ,000858.SZ,181.61193572305308,182.24959491985297,179.53404627141214,179.69895813265344,127647.74,2093973068.0
2022-09-22,000858.SZ,000858.SZ,178.10485760911638,178.4236872924907,174.311883789663,174.69667823511477,182114.04,2916788948.0
2022-09-23,000858.SZ,000858.SZ,173.70712853582805,176.5875885153462,173.59718731523574,174.94946432852097,120258.92,1916778416.0
2022-09-26,000858.SZ,000858.SZ,173.70715801385592,180.29263824488757,173.4542931635826,178.22574294700118,210416.11,3411760443.0
2022-09-27,000858.SZ,000858.SZ,180.22673575724153,188.43934916605377,178.0938749790493,187.8126838858633,354439.91,5929460447.0
2022-09-28,000858.SZ,000858.SZ,187.50487484333433,189.6927065697385,186.35049126910096,186.46043256188509,244310.5,4176068020.0
2022-09-29,000858.SZ,000858.SZ,189.63771431605593,189.6706967001332,184.2066150713385,185.26205136180988,175647.12,2971843109.0
2022-09-30,000858.SZ,000858.SZ,186.77928874233655,189.09905034835415,185.6468932664133,186.0536761072789,167010.01,2843915545.0
2022-10-10,000858.SZ,000858.SZ,186.35055466362778,187.01020264473797,174.4658968706259,174.69677366401447,256509.12,4179453268.0
2022-10-11,000858.SZ,000858.SZ,174.70775248435265,175.9171070103912,170.29910553033935,174.35594025859598,163898.13,2587296299.0
2022-10-12,000858.SZ,000858.SZ,174.03712452089775,174.03712452089775,167.11082076548612,172.1681219202311,242385.45,3740666460.0
2022-10-13,000858.SZ,000858.SZ,170.398007264545,171.15660217397485,167.6714632422463,168.83684092919654,191401.41,2950015936.0
2022-10-14,000858.SZ,000858.SZ,169.9472691178179,176.23591175822366,169.9362749873277,174.93860436037772,228722.93,3619001261.0
2022-10-17,000858.SZ,000858.SZ,173.35550393511068,174.25702291803043,170.72790592391763,173.32252153329654,146700.55,2301214745.0
2022-10-18,000858.SZ,000858.SZ,174.45486126589844,176.98351125903912,173.7292486591711,174.47684952670832,139689.16,2225727909.0
2022-10-19,000858.SZ,000858.SZ,174.26796612477995,174.26796612477995,169.30961316772516,169.859319703984,173929.32,2703461176.0
2022-10-20,000858.SZ,000858.SZ,167.66055609854237,172.38803407377998,167.11084935723568,169.47458834485448,161200.45,2484510764.0
2022-10-21,000858.SZ,000858.SZ,169.3097407525003,169.45266455962903,166.56120600002464,167.27582503566833,163210.02,2488390106.0
2022-10-24,000858.SZ,000858.SZ,164.92314158133254,165.36290730783435,156.3916864871979,157.46911251712726,344038.87,5003671163.0
2022-10-25,000858.SZ,000858.SZ,154.74252962628816,159.71188119936684,154.47867025072645,156.24872689511952,209629.63,2986369243.0
2022-10-26,000858.SZ,000858.SZ,157.10619615502674,160.40443680208818,156.1167239609083,157.65590292953698,179593.23,2580590731.0
2022-10-27,000858.SZ,000858.SZ,159.39298540529873,159.49193263033996,150.1579110681177,150.72960614613365,369654.91,5154612980.0
2022-10-28,000858.SZ,000858.SZ,151.2353999812914,153.88498789896306,149.70721441881687,151.16943513686806,255862.2,3534562740.0
2022-10-31,000858.SZ,000858.SZ,148.6407688496296,149.96006561456718,145.48545075348736,146.77176509930143,225916.65,3030064410.0
2022-11-01,000858.SZ,000858.SZ,149.02556635241967,156.7544467025304,146.6728204136946,156.7544467025304,391550.69,5440179980.0
2022-11-02,000858.SZ,000858.SZ,156.1167632392603,160.93219579551354,153.98390041754084,157.89781363677864,318674.39,4565035334.0
2022-11-03,000858.SZ,000858.SZ,155.02828194539327,155.56699450587297,153.599044540039,154.9293347404072,192819.31,2710951378.0
2022-11-04,000858.SZ,000858.SZ,154.4676215670494,167.11087884833816,154.30270951555434,164.91205149507056,478983.44,7099560990.0
2022-11-07,000858.SZ,000858.SZ,163.81263781843677,167.88046842198185,162.36141176528017,166.1653830864331,228690.78,3435765568.0
2022-11-08,000858.SZ,000858.SZ,166.02242441324904,167.40768535464827,160.63529853002993,162.15248908489573,235677.86,3491479586.0
2022-11-09,000858.SZ,000858.SZ,161.83373342437164,163.86764923167524,159.50297585059675,159.85478831456277,151242.23,2208052554.0
2022-11-10,000858.SZ,000858.SZ,158.85433295444136,161.13011999309936,157.99679001233835,160.2505887704296,176748.13,2568169859.0
2022-11-11,000858.SZ,000858.SZ,166.55021090299357,166.56120504194024,161.10811212439552,164.93407247783415,368533.84,5514689559.0
2022-11-14,000858.SZ,000858.SZ,166.01142886240018,170.8598421159312,164.80207408260785,165.2418394570778,281952.58,4287401008.9999995
2022-11-15,000858.SZ,000858.SZ,165.2417692440354,170.40901019843966,163.17487286227365,169.47450917477082,276567.11,4223081945.0000005
2022-11-16,000858.SZ,000858.SZ,169.47446999594806,172.0580898758733,168.29809839104593,169.54043475883978,182593.66,2827414143.0
2022-11-17,000858.SZ,000858.SZ,168.7599043719756,171.27756027433276,166.01137172748088,167.7704326199575,165581.18,2529048877.0
2022-11-18,000858.SZ,000858.SZ,168.21026288887933,170.7389138996272,167.8914329788285,168.88090511346897,145855.98,2246335618.0
2022-11-21,000858.SZ,000858.SZ,165.46168932985447,165.9784135423796,162.71315628450805,163.73561057737692,217624.82,3243860975.0
2022-11-22,000858.SZ,000858.SZ,163.7246273107645,168.1002922093466,163.6036918487434,165.16485872210686,143769.98,2162414726.0
2022-11-23,000858.SZ,000858.SZ,165.16485402422137,166.56110886420515,163.70263438864785,164.65912392469974,113462.08,1702094213.0
2022-11-24,000858.SZ,000858.SZ,166.01135731990036,166.55006967146826,161.61370547036657,162.50422996989718,150858.04,2238041526.0
2022-11-25,000858.SZ,000858.SZ,162.63618237919556,163.73559549606972,160.9540803103781,162.03150516491476,106766.24,1575517167.0
2022-11-28,000858.SZ,000858.SZ,159.22800188943208,162.72413560488047,156.17163342120986,162.32834688237688,190131.47,2750115838.0
2022-11-29,000858.SZ,000858.SZ,164.82408944509658,170.57402266146437,164.80210117275868,170.46408129977473,410406.5,6284033998.0
2022-11-30,000858.SZ,000858.SZ,170.18928615872508,175.87325650394862,169.30975496410633,172.45407898486832,252286.05,3961994532.0
2022-12-01,000858.SZ,000858.SZ,181.40337590099665,186.88945375400255,180.15004348568067,180.95261599724265,440921.17,7325021108.0
2022-12-02,000858.SZ,000858.SZ,181.1834611978906,183.47024274699018,178.39094911389395,179.27048047893228,210478.2,3461949872.0
2022-12-05,000858.SZ,000858.SZ,185.66902089418315,186.87837619370708,182.1508963864772,185.26223774797964,297957.99,5007534615.0
2022-12-06,000858.SZ,000858.SZ,184.6685930661314,195.93758799932095,183.71210276448505,192.83724012501904,433695.22,7576837371.0
2022-12-07,000858.SZ,000858.SZ,192.8482649124978,195.47586512423527,190.20967055761497,190.94627814835312,311288.34,5443269231.0
2022-12-08,000858.SZ,000858.SZ,190.19861355182633,193.00211912730123,189.11019374017135,192.13358210587958,156448.18,2723693946.0
2022-12-09,000858.SZ,000858.SZ,191.99059355155742,201.70940960261262,191.42989262553502,201.4895268865254,419577.65,7550074236.0
2022-12-12,000858.SZ,000858.SZ,200.09319712187724,201.6103872978563,195.59659725249,196.08033904772972,299059.54,5387580973.0
2022-12-13,000858.SZ,000858.SZ,195.69558587338832,198.88388474435928,193.51874733389784,197.31172357694948,192762.19,3447321253.0
2022-12-14,000858.SZ,000858.SZ,197.2897844919787,203.688372097124,196.09142358311135,202.3800698204706,286989.12,5255273237.0
2022-12-15,000858.SZ,000858.SZ,202.51194452670558,204.2710059341037,198.74095663459593,200.04925855634826,199344.21,3643457579.0
2022-12-16,000858.SZ,000858.SZ,198.1363583913629,201.28068191261082,196.4212728343186,200.66501017418466,186426.33,3377432022.0
2022-12-19,000858.SZ,000858.SZ,201.74236383132364,203.07265407784084,196.795003410392,197.839446165922,194184.35,3512784488.0
2022-12-20,000858.SZ,000858.SZ,197.82841447509537,198.44408587726306,186.76831750044016,189.65977426419195,343457.56,5965655880.0
2022-12-21,000858.SZ,000858.SZ,192.3973901186851,193.1339972694252,190.8032403148446,191.83668915319637,153853.19,2687724560.0
2022-12-22,000858.SZ,000858.SZ,193.5297396959657,199.59850162928237,192.03453748051083,197.34470417216295,244423.93,4381920906.0
2022-12-23,000858.SZ,000858.SZ,194.5961485611779,201.1926281734212,193.93650059995358,198.21321821522466,198619.64,3587724307.0
2022-12-26,000858.SZ,000858.SZ,198.21317553168396,199.21364139076562,195.211777954439,196.35516750767516,178298.34,3198529055.0
2022-12-27,000858.SZ,000858.SZ,197.89438379010318,200.64291689829906,196.95988253331657,199.04876769554545,152275.35,2758777142.0
2022-12-28,000858.SZ,000858.SZ,198.98286336442118,198.98286336442118,195.56368713886533,198.09233836676836,139377.86,2503523214.0
2022-12-29,000858.SZ,000858.SZ,196.79493273516135,197.89434576720134,194.31025928275093,196.52007947715134,168504.91,3003533017.0
2022-12-30,000858.SZ,000858.SZ,197.65244618590458,199.20261833587747,196.79490414549406,198.65291189971686,149764.95,2702577295.0
2023-01-03,000858.SZ,000858.SZ,198.9936306277759,199.8841546101433,194.05726929341836,195.91527612082686,182062.04,3240728572.0
2023-01-04,000858.SZ,000858.SZ,195.69541271941867,198.44394379693858,193.82641158670512,196.37704842664363,128835.84,2299619966.0
2023-01-05,000858.SZ,000858.SZ,199.54331974001857,208.34961170209874,198.33396628704878,207.78891146481274,402790.56,7535626606.0
2023-01-06,000858.SZ,000858.SZ,210.10869884916215,210.10869884916215,206.4476556428008,209.39408080587842,233382.95,4428033739.0
2023-01-09,000858.SZ,000858.SZ,211.5818252554666,216.4632142091391,209.0641719437752,215.35280816337126,275573.14,5362756421.0
2023-01-10,000858.SZ,000858.SZ,215.2649214072735,216.26538656805297,213.95662081240806,214.64925053910153,202752.36,3965377701.0
2023-01-11,000858.SZ,000858.SZ,214.4293610600584,215.47380267719876,211.74679522235053,213.39591356520373,169994.58,3304975110.0
2023-01-12,000858.SZ,000858.SZ,214.38536483845874,215.2319121765388,211.09812257760237,212.6153113133822,138226.99,2675310869.0
2023-01-13,000858.SZ,000858.SZ,212.61531926852248,219.2337805229643,212.5603486600969,218.32126842309944,245064.46,4833945958.0
2023-01-16,000858.SZ,000858.SZ,219.88245789243527,230.07400981574963,219.88245789243527,227.05062601972867,363524.79,7493040737.0
2023-01-17,000858.SZ,000858.SZ,227.57840288306835,228.43594469103354,221.6525691075141,223.026834825407,215078.9,4383014177.0
2023-01-18,000858.SZ,000858.SZ,225.302673570588,232.84464566200572,224.63203173738614,226.25916274253166,272412.17,5639270862.0
2023-01-19,000858.SZ,000858.SZ,226.973677165687,227.02864778258353,222.46608658017325,225.7093529770673,181198.92,3710296048.0
2023-01-20,000858.SZ,000858.SZ,228.55693244255096,233.07551915830874,227.6883963098384,229.46944508831228,273480.25,5738958670.0
2023-01-30,000858.SZ,000858.SZ,240.32064128953618,241.74987791370194,235.5821721740327,239.23222262959453,321808.76,7001555735.0
2023-01-31,000858.SZ,000858.SZ,238.56159543949448,239.41913746651326,229.66734544131248,229.7772867268277,257247.08,5456751654.0
2023-02-01,000858.SZ,000858.SZ,229.22763267916136,231.5364002025486,224.01641455494445,230.94271712510616,256552.23,5334911717.0
2023-02-02,000858.SZ,000858.SZ,232.73468358559907,235.8240333936936,231.0415879612341,233.63620203493628,183271.61,3899833436.0
2023-02-03,000858.SZ,000858.SZ,230.8767248527016,233.07555080367973,226.4790729507454,230.87672485270164,199352.09,4156921814.0
2023-02-06,000858.SZ,000858.SZ,219.36582749593592,224.86289128323446,216.89214879165158,221.75155317962347,334075.44,6710340318.0
2023-02-07,000858.SZ,000858.SZ,221.75154182845867,225.70942755271477,221.53165928822224,223.36767849919656,158115.88,3216023678.0
2023-02-08,000858.SZ,000858.SZ,223.36758552540863,224.28009768756883,217.92549491975439,219.38771320369787,169057.33,3384827004.0
2023-02-09,000858.SZ,000858.SZ,219.50856429913563,228.3918118176021,219.38762899876048,228.00701768004475,244939.92,5026717804.0
2023-02-10,000858.SZ,000858.SZ,228.0069556492152,228.1059026862393,223.3124684481826,225.0495386537169,140321.29,2872338309.0
2023-02-13,000858.SZ,000858.SZ,223.1805340218558,236.26353084382666,223.16953990687938,233.51500209971513,289087.83,6110099289.0
2023-02-14,000858.SZ,000858.SZ,233.51490478319735,234.99910968648038,229.33714283321547,230.04076589847557,184901.9,3886700986.0
2023-02-15,000858.SZ,000858.SZ,232.62429104054462,235.1529354443125,230.3265228649468,231.97563878044764,169257.91,3584495859.0
2023-02-16,000858.SZ,000858.SZ,230.16167132789946,236.02153140995205,228.4575844372463,231.74482301986112,213379.6,4522470620.0
2023-02-17,000858.SZ,000858.SZ,230.27168547616944,235.7687417062045,228.6775391694593,228.84245085636036,184467.76,3901124993.0
2023-02-20,000858.SZ,000858.SZ,228.89735585048646,235.05405706452456,225.92894633657528,234.11955777310806,191667.54,4024080432.0
2023-02-21,000858.SZ,000858.SZ,233.62490386882365,233.75683322630252,229.22725861952816,230.9643284929999,139395.73,2922693859.0
2023-02-22,000858.SZ,000858.SZ,229.1722963593366,231.47006608536688,227.02844422260978,228.12785557477739,141005.45,2931801636.0
2023-02-23,000858.SZ,000858.SZ,227.02850510298242,228.91949313580145,223.95015249141656,225.4893287971995,145808.01,2993988118.0
2023-02-24,000858.SZ,000858.SZ,225.45627323894135,225.45627323894135,219.68436396647616,221.09161041766768,203957.18,4104764614.0
2023-02-27,000858.SZ,000858.SZ,218.84891172250713,226.7316942858065,218.60704112781733,225.17052953826325,172995.57,3517673755.0
2023-02-28,000858.SZ,000858.SZ,227.57828785810895,228.74366459786546,222.16918072640897,224.74180485002236,114801.42,2342737529.0
2023-03-01,000858.SZ,000858.SZ,224.4669535771939,229.61220186411788,223.07070030275088,227.99606618425074,154465.75,3196937763.0
2023-03-02,000858.SZ,000858.SZ,226.5888541006528,228.24896652031313,225.77528907379946,226.74277180843592,74476.71,1537653714.0
2023-03-03,000858.SZ,000858.SZ,228.6778256547193,230.2829680847957,223.7304688496893,226.2151413784377,92836.68,1912804916.0
2023-03-06,000858.SZ,000858.SZ,225.39054489302498,227.0286694327577,222.71897265708503,224.91779754263231,111402.26,2277420061.0
2023-03-07,000858.SZ,000858.SZ,224.664864266988,224.664864266988,220.00335692912637,220.37715704584167,125272.07,2532351683.0
2023-03-08,000858.SZ,000858.SZ,218.78302963310622,221.53156015613519,217.68361742389462,219.11285329586968,102191.3,2035672770.0
2023-03-09,000858.SZ,000858.SZ,218.7829921747996,219.55258058948482,213.17599086780726,217.6835801538207,168504.86,3323035487.0
2023-03-10,000858.SZ,000858.SZ,215.7157188164536,219.4207388073381,214.57232985784233,214.64928873005658,110956.57,2181297329.0
2023-03-13,000858.SZ,000858.SZ,214.38551653008392,220.19041666997543,214.38551653008392,218.34340298910087,126472.23,2510450830.0
2023-03-14,000858.SZ,000858.SZ,218.45334853056474,218.47533678909826,212.95628389718362,214.69335632133206,102842.59,2013558949.0
2023-03-15,000858.SZ,000858.SZ,217.68369808855155,219.14591686864134,211.41704617388115,211.4390344262133,129880.09,2527648821.0
2023-03-16,000858.SZ,000858.SZ,209.98773104882622,213.50585010304738,208.15171266740455,210.20761348971504,120543.71,2309099790.0
2023-03-17,000858.SZ,000858.SZ,213.121129095388,213.54990000251829,206.68956548843408,207.23927177962673,156070.45,2970579105.0
2023-03-20,000858.SZ,000858.SZ,208.8884125645743,209.53706605622222,203.3913490760329,204.38082050397034,154642.64,2889012995.0
2023-03-21,000858.SZ,000858.SZ,206.02986838746585,212.30751272307114,203.63314953429256,211.35102400643777,187892.8,3583069187.0
2023-03-22,000858.SZ,000858.SZ,211.36198859161834,215.57273718098583,210.449476495228,210.83427075274201,108532.12,2097093753.0
2023-03-23,000858.SZ,000858.SZ,209.87778843655792,215.47379652006805,208.9542821909492,213.92362532208193,132842.14,2578838699.0
2023-03-24,000858.SZ,000858.SZ,213.28602386212677,215.42987822568938,210.53749262679008,212.2085996178748,102530.22,1984030938.0
2023-03-27,000858.SZ,000858.SZ,211.9777046919492,212.01068706392556,207.7889434509538,209.33911493384187,118798.52,2258153855.0
2023-03-28,000858.SZ,000858.SZ,209.31706161813372,213.18699206036194,209.11916744779253,211.63682105935575,109186.09,2099319285.9999998
2023-03-29,000858.SZ,000858.SZ,213.28603198302142,215.48485705501133,210.64744189663352,214.69328002909498,159539.32,3103306614.0
2023-03-30,000858.SZ,000858.SZ,214.6933117152649,218.73915044484386,213.48395774718426,218.1124852068384,151486.89,2983220918.0
2023-03-31,000858.SZ,000858.SZ,220.98204170675805,222.08145484957774,216.58438913547928,216.58438913547928,127589.87,2541477089.0
2023-04-03,000858.SZ,000858.SZ,216.56236093078965,216.58434918959063,212.2746504645998,214.5944117681025,133660.24,2604697434.0
2023-04-04,000858.SZ,000858.SZ,214.9351688766368,216.21048752572577,212.13166667389802,215.64978708517802,142473.4,2772976031.0
2023-04-06,000858.SZ,000858.SZ,214.38536563098143,214.38536563098143,207.8658516915367,209.48198752475486,151074.92,2889971045.0
2023-04-07,000858.SZ,000858.SZ,208.6685062311858,210.90031375304727,206.18383381768484,207.8549409276501,113038.17,2139054072.0000002
2023-04-10,000858.SZ,000858.SZ,203.39131094763482,203.41329919746698,195.9153060046947,203.00651657557174,339732.09,6169351676.0
2023-04-11,000858.SZ,000858.SZ,202.25901601755046,202.45691036381976,197.90534039962634,198.47703517773758,191194.46,3472021583.0
2023-04-12,000858.SZ,000858.SZ,198.99372795313974,199.11466336791793,193.00192785731318,193.29876932995043,272833.91,4827573322.0
2023-04-13,000858.SZ,000858.SZ,193.49675386661426,197.78446602615855,193.0020178482053,195.56365101018943,210802.14,3748131434.0
2023-04-14,000858.SZ,000858.SZ,195.93742129475342,196.24525699199577,192.43029317259956,193.04596456708424,144653.08,2549260307.0
2023-04-17,000858.SZ,000858.SZ,194.36520859767143,197.80637101019877,194.03538472426627,195.89339254444874,185552.89,3301205327.0
2023-04-18,000858.SZ,000858.SZ,196.7949657381504,198.08127920135504,195.23379897084217,196.0473647509887,144066.96,2574306113.0
2023-04-19,000858.SZ,000858.SZ,196.43216508172347,196.75099492374343,192.94702508447122,193.81556155066343,126172.46,2225609751.0
2023-04-20,000858.SZ,000858.SZ,193.87057071900887,194.57419533770096,189.64882300685625,190.74823647356266,148008.56,2578285584.0
2023-04-21,000858.SZ,000858.SZ,191.29785311893096,192.72708995257815,188.87914463122036,189.09902722101222,120919.51,2096658342.0
2023-04-24,000858.SZ,000858.SZ,189.2089324761046,190.0884626677425,184.15163387418664,184.70134024396035,176090.69,2970098989.0
2023-04-25,000858.SZ,000858.SZ,184.70128803156732,186.76818339763483,182.11766882398288,186.6802304033341,154897.26,2602607466.0
2023-04-26,000858.SZ,000858.SZ,185.91068757167233,188.1974659876929,184.23958026765732,185.37197534866752,148126.82,2500348755.0
2023-04-27,000858.SZ,000858.SZ,185.36093061089883,187.2299316906054,182.94222333127857,185.98759567880043,150393.14,2530897181.0
2023-04-28,000858.SZ,000858.SZ,188.28534993572325,189.04394442045785,184.56933637282037,185.80067814514322,179385.64,3038219040.0
2023-05-04,000858.SZ,000858.SZ,189.64859424333304,190.1433297065765,184.09656293360067,185.74568114441226,265877.93,4516684022.0
2023-05-05,000858.SZ,000858.SZ,185.74567825733988,191.40765069312147,184.97608977092295,190.9788799649749,251726.9,4324694285.0
2023-05-08,000858.SZ,000858.SZ,191.84742048979302,192.94683264159698,187.76860140660028,188.4392428192007,177533.73,3055844963.0
2023-05-09,000858.SZ,000858.SZ,187.8126496777626,195.14573153311983,186.900137242988,192.14433521151184,222923.12,3891367974.0
2023-05-10,000858.SZ,000858.SZ,189.9784193447892,191.84741999806545,188.64813064451604,190.5501136622619,118909.94,2057577183.0
2023-05-11,000858.SZ,000858.SZ,191.27577484899507,194.03530005229993,189.32981484507093,189.72560332044532,122896.31,2138045981.0000002
2023-05-12,000858.SZ,000858.SZ,189.31885927307314,191.84750838066935,186.19652733151958,186.20752145807432,129591.57,2218100021.0
2023-05-15,000858.SZ,000858.SZ,184.97617994901378,189.6376896249949,184.7343091639393,189.5827189920234,130799.86,2232478635.0
2023-05-16,000858.SZ,000858.SZ,189.42885508508115,189.49481986340447,186.68032265494358,187.43891760566157,99364.68,1694257812.0
2023-05-17,000858.SZ,000858.SZ,186.90025486057598,187.88972679807316,185.5259882807188,186.1746421064114,86021.5,1458848098.0
2023-05-18,000858.SZ,000858.SZ,186.33947737704113,187.68076100675376,184.70135228829375,185.42696474371203,87803.86,1484050324.0
2023-05-19,000858.SZ,000858.SZ,184.80025408516627,188.28539184142764,183.32704127968037,187.77966207238026,120745.86,2048104075.0
2023-05-22,000858.SZ,000858.SZ,187.8785740816326,196.8607728659204,185.888637753657,195.26662497886812,302445.22,5326580958.0
2023-05-23,000858.SZ,000858.SZ,195.47559954536493,196.24518851995296,191.29783082617263,191.29783082617263,136724.31,2402618291.0
2023-05-24,000858.SZ,000858.SZ,190.77011491191243,191.2758448154364,187.284976228932,187.284976228932,133550.66,2297763605.0
2023-05-25,000858.SZ,000858.SZ,186.26253630199432,186.54838366026678,184.0966928566223,184.92125254394668,143925.25,2421836659.0
2023-05-26,000858.SZ,000858.SZ,184.9212386286496,188.9780719850094,184.70135606190925,187.0101230126831,122874.8,2088300565.0
2023-05-29,000858.SZ,000858.SZ,187.93366140194144,188.93412724888051,184.23963365939716,184.9872345120549,129768.8,2191774954.0
2023-05-30,000858.SZ,000858.SZ,184.70146916205053,186.29561874708014,179.75410838092418,181.5901289374755,183603.34,3039522846.0
2023-05-31,000858.SZ,000858.SZ,181.4032154845572,181.54613923009046,175.9281366172051,177.20345619273292,213448.41,3448000885.0
2023-06-01,000858.SZ,000858.SZ,178.6436734094619,183.16226223162258,177.22543020250635,179.55618648060383,169016.44,2774057591.0
2023-06-02,000858.SZ,000858.SZ,181.40318226315128,185.141187230998,179.56716217600302,184.5914806180794,192083.97,3199284099.0
2023-06-05,000858.SZ,000858.SZ,183.90984452938588,184.349609819987,180.99639947915347,181.62306501826006,113446.97,1879812886.0
2023-06-06,000858.SZ,000858.SZ,182.83235156549884,185.17410086696913,180.8863908783615,182.08475084953648,135367.64,2256103842.0
2023-06-07,000858.SZ,000858.SZ,182.66751847945383,183.6569904423278,180.30377990147716,180.30377990147716,95325.61,1574392183.0
2023-06-08,000858.SZ,000858.SZ,180.53465669281442,182.57956541608726,179.22635487523664,181.20529880098454,91572.82,1504742545.0
2023-06-09,000858.SZ,000858.SZ,181.33731223929993,182.48070259172425,180.0839805068348,180.95251740915714,119635.17,1970427702.0
2023-06-12,000858.SZ,000858.SZ,180.32592243095223,189.09924800709535,179.13855505974487,187.35117937726233,241838.01,4073838204.0
2023-06-13,000858.SZ,000858.SZ,186.9004021347163,191.18811724251273,186.2517477978958,190.28659765574528,182936.46,3156768739.0
2023-06-14,000858.SZ,000858.SZ,192.17753280827907,197.1798656130712,189.82478726932186,195.34384456164202,241015.42,4279986457.0000005
2023-06-15,000858.SZ,000858.SZ,197.02587605843644,200.99475844541794,195.6955858400853,200.09323945446923,240450.09,4346343723.0
2023-06-16,000858.SZ,000858.SZ,200.75297256140962,204.051214169757,199.5436173050156,202.38010508819437,216313.8,3975777954.0
2023-06-19,000858.SZ,000858.SZ,201.19274463656438,201.97332850919807,194.04655425329844,195.189944714621,242341.72,4330534593.0
2023-06-20,000858.SZ,000858.SZ,194.59623009461097,196.1354093156983,190.85822341482748,191.3089830438602,178689.34,3129124755.0
2023-06-21,000858.SZ,000858.SZ,191.28702156507688,192.2764940600971,188.21965683051417,188.43953960718534,139484.5,2409049470.0
2023-06-26,000858.SZ,000858.SZ,186.35057831285005,186.7793495549858,181.4032178266682,183.22824413934862,219340.31,3652673794.0
2023-06-27,000858.SZ,000858.SZ,184.6794109946619,187.3004929683329,182.4633030598414,186.87302037176855,200679.06,3307807251.0
2023-06-28,000858.SZ,000858.SZ,185.87186056016637,189.66286806538795,184.9156717235378,187.4917569422195,119426.4,1990481708.0
2023-06-29,000858.SZ,000858.SZ,186.7379899472139,187.3004537723561,183.66693746193744,184.274398393091,117723.52,1934965472.0
2023-06-30,000858.SZ,000858.SZ,185.2756047868717,185.7255758974652,183.13824201155262,184.0044363994451,103370.54,1695951752.0
2023-07-03,000858.SZ,000858.SZ,183.66704637720815,188.41424387651492,183.1945764839122,188.26800319525665,173373.06,2875749982.0
2023-07-04,000858.SZ,000858.SZ,187.86309940217615,189.55049251057892,186.23195273072014,189.23551246367708,125957.42,2107039768.0000002
2023-07-05,000858.SZ,000858.SZ,188.4479959600147,188.53799022742635,185.61317653654743,186.0406493067528,115416.08,1911856439.0
2023-07-06,000858.SZ,000858.SZ,185.9507326791156,187.6493751857427,184.31958590122858,184.82580386677975,101449.77,1672166188.0
2023-07-07,000858.SZ,000858.SZ,184.70211981887076,185.61331244359386,183.72343144416817,184.10590736071862,78969.85,1294178678.0
2023-07-10,000858.SZ,000858.SZ,185.5908849395195,187.30077792720328,184.72468914970602,185.16341169259857,96715.25,1597774605.0
2023-07-11,000858.SZ,000858.SZ,186.11966113255784,186.46838941875362,184.3535211024695,185.77093284636203,70205.62,1156564822.0
2023-07-12,000858.SZ,000858.SZ,185.83847505275506,187.48087319789445,185.6134890054757,186.13095691421827,118840.29,1970009880.0
2023-07-13,000858.SZ,000858.SZ,188.85335842088546,194.61300337629964,187.46969371479963,194.21927764692563,323513.6,5531880616.0
2023-07-14,000858.SZ,000858.SZ,195.28791527237846,196.1091144552635,192.12686088346496,193.47677734848142,150722.88,2594877559.0
2023-07-17,000858.SZ,000858.SZ,191.80068925792133,192.34065600773835,189.16835135256335,190.85574744574154,93256.75,1575729874.0
2023-07-18,000858.SZ,000858.SZ,190.90067119397685,191.4968842507406,188.98828969114976,189.43826180946203,81959.02,1381227321.0
2023-07-19,000858.SZ,000858.SZ,188.78581345379578,189.84324799465247,187.64963378755618,189.34827863510253,76855.51,1288284983.0
2023-07-20,000858.SZ,000858.SZ,190.11325871140076,192.6781003082173,189.0783226284748,189.61828928043616,127501.98,2163844782.0
2023-07-21,000858.SZ,000858.SZ,191.1031296433791,195.73784175858233,188.85326939328047,192.6667825171977,195386.88,3356305157.0
2023-07-24,000858.SZ,000858.SZ,190.25942863444882,191.23811782567432,188.8757646054748,190.5181625585659,131716.39,2222174196.0
2023-07-25,000858.SZ,000858.SZ,197.9876123329244,203.24103363744004,197.05392075203616,201.92486598727234,440631.94,7867658288.0
2023-07-26,000858.SZ,000858.SZ,201.92481544927156,203.25223206336707,198.9437527142266,200.01243558150688,174025.43,3104017698.0
2023-07-27,000858.SZ,000858.SZ,201.32859568214008,203.44346275417686,198.9437455796305,200.75488174238544,187987.06,3367125650.0
2023-07-28,000858.SZ,000858.SZ,199.45005988700615,204.917218888985,198.6963568970214,203.81478764990285,319693.16,5753479230.0
2023-07-31,000858.SZ,000858.SZ,209.9120097180775,212.12812257522978,203.58990095807968,203.6123995657665,315593.53,5816020903.0
2023-08-01,000858.SZ,000858.SZ,204.3885697159695,207.15589803068846,200.80004234850878,202.35244603725354,195718.03,3543719056.0
2023-08-02,000858.SZ,000858.SZ,201.36242549616475,203.60103570140146,199.33755194368933,200.214997149762,155080.19,2770075424.0
2023-08-03,000858.SZ,000858.SZ,199.1576549788254,202.442451366863,197.00903816336248,200.91254619983178,152645.98,2712382851.0
2023-08-04,000858.SZ,000858.SZ,204.05102220852567,205.29969432193582,201.02496096071192,201.67742026321451,143477.61,2585669217.0
2023-08-07,000858.SZ,000858.SZ,200.57506975115507,201.67750143010142,198.43770221034075,199.46138876936234,156929.62,2784302714.0
2023-08-08,000858.SZ,000858.SZ,198.19024359884267,200.30511281195325,197.06531316633703,198.9776949015966,116143.22,2050696313.0
2023-08-09,000858.SZ,000858.SZ,199.6301415727717,200.10261232370462,198.10023628403636,199.3151610721497,86795.51,1536212479.0
2023-08-10,000858.SZ,000858.SZ,198.9777341041448,199.1127257826415,196.4803880519557,198.33652363128544,104237.85,1833070604.0
2023-08-11,000858.SZ,000858.SZ,199.63013685296568,199.73138058291477,193.79174842590103,193.89299215585012,148886.27,2590746331.0
2023-08-14,000858.SZ,000858.SZ,191.23811161333322,191.6093385358768,186.73839134007832,189.6857081190603,210945.14,3548868735.0
2023-08-15,000858.SZ,000858.SZ,189.6743913102185,190.00062091391914,186.38959667985353,187.3007897108794,168144.67,2803400143.0
2023-08-16,000858.SZ,000858.SZ,187.0532675937378,188.31318856862947,185.8383437965208,187.52573795932216,116276.66,1937166439.0
2023-08-17,000858.SZ,000858.SZ,186.62581058213183,189.67436963383514,185.05090922700836,189.48313161214156,166931.82,2790070935.0
2023-08-18,000858.SZ,000858.SZ,189.46060289858477,189.7530845323197,183.92595044483204,183.95969832564762,279479.53,4605753431.0
2023-08-21,000858.SZ,000858.SZ,182.44095785819133,184.89330271039788,181.5410147931614,182.20472280362097,164506.64,2676283338.0
2023-08-22,000858.SZ,000858.SZ,182.93586863399102,183.92580569215062,180.52852169710292,182.4071522506558,156920.86,2538910286.0
2023-08-23,000858.SZ,000858.SZ,182.29459594577548,182.39583947329857,179.98849337441578,179.99974265525165,146839.0,2360128006.0
2023-08-24,000858.SZ,000858.SZ,180.07855489805303,183.9258103812573,179.09986709969405,182.53089903646978,175895.45,2842412944.0
2023-08-25,000858.SZ,000858.SZ,181.13593189888283,183.10455617427127,180.60721566492137,181.7321438222862,116301.71,1877818205.0
2023-08-28,000858.SZ,000858.SZ,188.99909019356724,190.10151926558498,176.62488632398066,177.16485158374448,545770.7,8739965733.0
2023-08-29,000858.SZ,000858.SZ,175.4887520513509,180.10095643218767,174.73505035984832,179.31350690375214,238731.76,3780207169.0
2023-08-30,000858.SZ,000858.SZ,179.31353780812034,180.12348603410433,177.28866724316038,177.53615142332214,225986.63,3580879500.0
2023-08-31,000858.SZ,000858.SZ,177.53622243322786,177.54747171864375,175.29761463547015,175.38760891879707,220018.37,3443917303.0
2023-09-01,000858.SZ,000858.SZ,176.61370269504386,179.9434897012689,176.61370269504386,179.69600553188732,232386.72,3701951294.0
2023-09-04,000858.SZ,000858.SZ,181.78840366898382,188.98794440834953,181.78840366898382,188.90919943151272,464964.59,7710567732.0
2023-09-05,000858.SZ,000858.SZ,188.76300568900317,189.2467249526877,185.88318867729964,186.42315436699405,190550.24,3170571173.0
2023-09-06,000858.SZ,000858.SZ,185.680706788312,187.24435747555148,184.48828252322286,186.38941177605363,130492.65,2155900998.0
2023-09-07,000858.SZ,000858.SZ,185.61313587396143,185.8043736503164,183.2507868719292,183.47577249117035,118861.06,1947052986.0
2023-09-08,000858.SZ,000858.SZ,182.53080076258613,183.0257690377959,180.55092766174704,182.14832527719673,104972.11,1695834401.0
2023-09-11,000858.SZ,000858.SZ,181.11331826185392,185.96175553954703,180.15712993562676,184.88182519463163,160682.74,2625927003.0
2023-09-12,000858.SZ,000858.SZ,183.81311976309254,184.5555717768235,182.92442720120243,183.34065029980917,89428.28,1459902261.0
2023-09-13,000858.SZ,000858.SZ,184.4880882918633,186.0517373328736,182.74445087203168,184.09436371319165,131147.21,2150208870.0
2023-09-14,000858.SZ,000858.SZ,184.09445541945803,184.746913617706,181.14714424806186,182.23832433823526,130473.23,2115828262.0
2023-09-15,000858.SZ,000858.SZ,182.31703276357243,183.40821263511353,179.2009830273159,179.66220338538997,177555.46,2846912333.0
2023-09-18,000858.SZ,000858.SZ,178.86358061266577,183.3745426142808,177.74990171451142,183.1383076964905,162983.17,2634257628.0
2023-09-19,000858.SZ,000858.SZ,182.24967650181108,182.463412928793,179.42610580852335,181.01225508244195,113674.16,1824120706.0
2023-09-20,000858.SZ,000858.SZ,180.2134977383647,181.11344029885592,179.6510336380577,179.80852358614368,87123.6,1394723511.0
2023-09-21,000858.SZ,000858.SZ,178.86351836952565,179.42598226376944,177.19862524256405,177.35611513295228,129454.75,2046008259.0
2023-09-22,000858.SZ,000858.SZ,176.61372474869407,180.3372370347971,176.27624629376027,179.89851504338316,154319.92,2451918127.0
2023-09-25,000858.SZ,000858.SZ,179.71856073602498,179.8535521436885,178.41364379527766,178.75112231443646,105364.95,1676603466.0
2023-09-26,000858.SZ,000858.SZ,178.72859636387545,179.39230401653586,176.22000642246405,176.22000642246405,125015.74,1969171205.0
2023-09-27,000858.SZ,000858.SZ,176.2312591372774,178.46986634832797,175.4888064944164,176.15251416000427,132812.01,2083949327.0
2023-09-28,000858.SZ,000858.SZ,176.1525478896561,177.0412413747626,175.12886298909038,175.6013329431976,123857.23,1933102453.0
2023-10-09,000858.SZ,000858.SZ,175.59012884510818,175.59012884510818,170.76418450052805,173.5427585171045,153573.35,2365643872.0
2023-10-10,000858.SZ,000858.SZ,174.91510859911617,176.141280496814,172.18153271709255,172.57525763837165,127175.3,1965311404.0
2023-10-11,000858.SZ,000858.SZ,173.88011218592314,174.6225646284586,172.5189493746081,172.90142487530818,99121.97,1526531427.0
2023-10-12,000858.SZ,000858.SZ,174.64514124098287,175.48883757548037,173.47521565714635,175.18510689506127,137972.15,2144168262.0
2023-10-13,000858.SZ,000858.SZ,173.80142335524195,173.80142335524195,171.00035187204097,172.82273572858136,142933.86,2189951711.0
2023-10-16,000858.SZ,000858.SZ,172.20401058218778,172.56398760979621,168.41300251018637,168.89672164103519,152366.13,2299307440.0
2023-10-17,000858.SZ,000858.SZ,168.8966674269954,170.13408806220053,167.1192814237008,169.20039794654576,107201.76,1610282340.0
2023-10-18,000858.SZ,000858.SZ,168.71663444034385,170.22403736173376,167.81669239772302,167.8841880509196,101105.2,1516335019.0
2023-10-19,000858.SZ,000858.SZ,166.48929099624854,166.48929099624854,161.9445833231077,162.270812339249,217384.92,3161472147.0
2023-10-20,000858.SZ,000858.SZ,160.86462452085823,164.16066193236952,160.38090571985146,161.65207373179948,133164.38,1920618082.0
2023-10-23,000858.SZ,000858.SZ,161.58458662805373,164.02567931103118,160.18967652349522,161.70832865345812,120292.29,1727517066.0
2023-10-24,000858.SZ,000858.SZ,161.71958494513743,163.10324583469307,159.40223418701984,162.04581393535787,167073.89,2395874813.0
2023-10-25,000858.SZ,000858.SZ,165.30804644352725,169.86400144928626,165.30804644352725,167.99662236050602,254421.54,3792234580.0
2023-10-26,000858.SZ,000858.SZ,166.4891571374181,170.08892269714605,166.26417178993512,169.92018368653382,146177.28,2187779863.0
2023-10-27,000858.SZ,000858.SZ,169.3801470550245,172.7324273115429,168.9189272881881,172.10246860561998,170653.9,2603681374.0
2023-10-30,000858.SZ,000858.SZ,175.43219660939985,178.14326806710204,174.36351698914382,176.1633984548382,274030.19,4289723343.0000005
2023-10-31,000858.SZ,000858.SZ,177.17590605685152,177.3446450150009,174.3860886154484,175.4885164753577,144978.63,2261223857.0
2023-11-01,000858.SZ,000858.SZ,186.7377756835387,188.1776814237491,179.98821752630235,179.98821752630235,469346.02,7622902568.0
2023-11-02,000858.SZ,000858.SZ,180.07821163506551,181.06814683146018,177.43463469014793,177.62587217126963,165131.68,2623333602.0
2023-11-03,000858.SZ,000858.SZ,177.625937806182,179.98828403412998,177.3559553801308,179.61705819830956,138143.86,2200311516.0
2023-11-06,000858.SZ,000858.SZ,180.74203987231772,180.96702529569774,178.30094802864483,179.80835036529078,137512.03,2192590029.0
2023-11-07,000858.SZ,000858.SZ,179.20085660638932,179.87581275179946,177.73845162466736,179.2121058754795,107303.64,1705482356.0
2023-11-08,000858.SZ,000858.SZ,178.3009880495812,179.74089508241062,177.25480559604105,178.44722860760294,126463.03,2003995988.0
2023-11-09,000858.SZ,000858.SZ,177.73858095422756,179.42597254556514,177.73858095422756,178.3572912043847,91988.79,1458982552.0
2023-11-10,000858.SZ,000858.SZ,177.1760833829462,178.05352684350933,176.05115586940366,176.50112687482067,89630.8,1407108917.0
2023-11-13,000858.SZ,000858.SZ,176.48995668283027,176.80493652776107,173.30641039299405,174.22885136743423,125575.39,1948615157.0
2023-11-14,000858.SZ,000858.SZ,175.35382401646154,177.61492990735894,174.36388710900397,175.37632258254013,112991.59,1764357473.0
2023-11-15,000858.SZ,000858.SZ,177.52486576200474,177.89609195617152,176.27619583617098,176.89490615978232,101757.15,1601063926.0
2023-11-16,000858.SZ,000858.SZ,176.61370694884704,177.40115659766354,175.63501952817506,175.90500226491216,70363.98,1102563043.0
2023-11-17,000858.SZ,000858.SZ,174.9263627289082,176.0287925390325,173.64394437835546,174.36389854006927,84520.69,1309342331.0
2023-11-20,000858.SZ,000858.SZ,174.35264361015751,175.4213255343439,172.78899321582162,173.68893588882068,114859.28,1773729316.0
2023-11-21,000858.SZ,000858.SZ,174.36389019895734,176.2087726500947,172.3952656321949,174.70136869611662,166976.98,2595787144.0
2023-11-22,000858.SZ,000858.SZ,173.46396132567898,174.2739097832308,172.68776072052518,172.68776072052518,86912.77,1338320986.0
2023-11-23,000858.SZ,000858.SZ,172.11409258861906,172.62031050799735,170.82042457243008,172.19283759830014,94576.01,1442390954.0
2023-11-24,000858.SZ,000858.SZ,172.0015527407686,173.10398257520907,171.3378449832993,172.37277911359038,93095.48,1425448392.0
2023-11-27,000858.SZ,000858.SZ,171.87781519990293,171.88906448422782,167.49059431319816,167.89556854889398,185269.59,2774364092.0
2023-11-28,000858.SZ,000858.SZ,167.94057979884604,168.82927333519203,166.09569701453293,167.33311839425517,139103.16,2066506936.0
2023-11-29,000858.SZ,000858.SZ,167.14191576505127,167.16441434033257,165.25203544141897,166.82693571111255,86484.76,1279519709.0
2023-11-30,000858.SZ,000858.SZ,166.68075710686023,168.05317071062868,166.50076843751356,167.7831877066087,106833.06,1591108412.0
2023-12-01,000858.SZ,000858.SZ,167.61445510381236,167.61445510381236,164.25091670944724,165.60083178410883,134303.75,1977001207.0
2023-12-04,000858.SZ,000858.SZ,164.7908000444562,166.11821586841998,163.7783642465177,164.07084569925547,106955.82,1565168595.0
2023-12-05,000858.SZ,000858.SZ,163.6771578947505,164.04838443842934,160.0098896147719,160.4936090504746,150411.03,2167619335.0
2023-12-06,000858.SZ,000858.SZ,160.4148433313159,163.33965814661337,159.35741028270834,162.1022364939875,144742.12,2081995217.0
2023-12-07,000858.SZ,000858.SZ,162.10217223089205,162.293410046848,159.17735857509527,160.32478547083093,151070.94,2152755582.0
2023-12-08,000858.SZ,000858.SZ,160.32481916674192,162.32719201347783,159.98734059706732,160.7860398786305,144759.28,2075536415.0
2023-12-11,000858.SZ,000858.SZ,157.03997787923953,157.48994916256115,153.62019612599536,156.5900065959179,323120.72,4465383123.0
2023-12-12,000858.SZ,000858.SZ,155.24003212096355,157.12991077287094,154.93630162333557,156.7024382206538,144022.67,2002700042.0
2023-12-13,000858.SZ,000858.SZ,155.91494088202987,156.0049350759012,150.26780521660572,150.49279070128395,318645.8,4313281476.0
2023-12-14,000858.SZ,000858.SZ,151.86515675281626,152.967585298133,149.2215780982302,149.2215780982302,214417.94,2872608826.0
2023-12-15,000858.SZ,000858.SZ,150.3690682833555,152.7651640074787,149.39038129744603,150.4028161104558,200132.78,2685090416.0
2023-12-18,000858.SZ,000858.SZ,148.54671089504552,151.64026223894084,148.34422389799056,150.74032002980763,129300.13,1727901875.0
2023-12-19,000858.SZ,000858.SZ,150.72907075219345,150.72907075219345,149.12042405336788,149.9866184296586,130160.41,1732968200.0
2023-12-20,000858.SZ,000858.SZ,150.57161505273987,150.6616092940863,148.6029910232868,148.6367388637917,106299.69,1411911255.0
2023-12-21,000858.SZ,000858.SZ,148.35557135716837,151.24663761731338,147.90559995481118,150.85291264025082,176648.44,2355445616.0
2023-12-22,000858.SZ,000858.SZ,150.80789165016486,151.64033861287652,149.1317484414617,150.0879375202521,164023.38,2191023169.0
2023-12-25,000858.SZ,000858.SZ,149.97537109861,151.38153081863146,149.55914782148363,151.35903226311115,98621.25,1322860817.0
2023-12-26,000858.SZ,000858.SZ,151.35909316957105,151.35909316957105,150.30166063460715,151.10035967697348,73678.32,986855945.0
2023-12-27,000858.SZ,000858.SZ,151.10036039956356,151.6178273872333,149.64920297762015,150.54914556487188,104308.5,1395667157.0
2023-12-28,000858.SZ,000858.SZ,150.54907625423746,158.77229785939676,150.23409649371152,157.60237303458615,336109.01,4647651265.0
2023-12-29,000858.SZ,000858.SZ,157.48989137514857,159.33477295982888,156.69119264031747,157.83861899176497,194540.76,2730826835.0
2024-01-02,000858.SZ,000858.SZ,157.82732029991698,157.82732029991698,152.76514680490894,152.99013229357595,215269.99,2947170557.0
2024-01-03,000858.SZ,000858.SZ,152.96767910877617,153.7438792748672,150.4590901661922,151.73025855413835,164171.09,2211980500.0
2024-01-04,000858.SZ,000858.SZ,151.73023286824207,151.75273141997224,148.50169069496317,148.85041824678078,178763.23,2371204452.0
2024-01-05,000858.SZ,000858.SZ,148.49044612589663,149.9528520347123,147.11803442685425,147.63550113305055,156303.69,2062827516.0
2024-01-08,000858.SZ,000858.SZ,147.37671228069186,147.522952816502,143.99068141308723,144.1031741329412,210200.47,2706248456.0
2024-01-09,000858.SZ,000858.SZ,144.1031533873156,145.54305999415217,143.32695373206778,143.7769245467042,174838.16,2241449420.0
2024-01-10,000858.SZ,000858.SZ,143.77694269742466,145.7680638035544,141.7520737759368,144.890620604243,165304.11,2118536475.9999998
2024-01-11,000858.SZ,000858.SZ,144.7780617633678,146.80292976005828,143.1131702994223,145.81299429500962,156463.96,2021717964.0
2024-01-12,000858.SZ,000858.SZ,144.98053793300676,146.37544689511824,144.10309519877535,144.83429747730153,119207.66,1539729131.0
2024-01-15,000858.SZ,000858.SZ,143.99055778126095,145.5542052446668,142.95562564720814,144.7555076194739,115825.58,1485609939.0
2024-01-16,000858.SZ,000858.SZ,143.90059658445085,145.43049661067704,142.7869193594774,144.45181056448823,125286.53,1604334708.0
2024-01-17,000858.SZ,000858.SZ,143.5406652437266,143.7656506124472,140.77334520846355,140.77334520846355,176757.46,2232551975.0
2024-01-18,000858.SZ,000858.SZ,140.39082913887503,144.13683443560944,138.5796974488623,143.8781013370362,235948.21,2961463082.0
2024-01-19,000858.SZ,000858.SZ,142.86560761778168,145.68917198881027,141.87567269885534,144.99171784138488,225020.46,2891090564.0
2024-01-22,000858.SZ,000858.SZ,144.44045522015048,145.28414946793174,141.5156484945088,142.86555929095883,213409.58,2733754456.0
2024-01-23,000858.SZ,000858.SZ,142.64055624136066,144.1254579309395,141.15565455178182,143.29301304435742,161986.59,2053575260.0
2024-01-24,000858.SZ,000858.SZ,144.19297463235446,144.53045233862457,140.90819162465843,144.04673429297074,166823.87,2118643963.0
2024-01-25,000858.SZ,000858.SZ,143.9904999245164,147.4890191023699,143.49553258102588,147.4890191023699,273421.27,3546308960.0
2024-01-26,000858.SZ,000858.SZ,146.36409188041432,148.47895232722993,145.67788716096882,147.36527581534298,193174.16,2522565252.0
2024-01-29,000858.SZ,000858.SZ,147.4664900396783,150.36879795258062,147.4664900396783,148.24268866754753,216149.65,2860907562.0
2024-01-30,000858.SZ,000858.SZ,147.1402324816301,147.25272501410842,143.5179729358285,143.6642132280503,170719.77,2196117733.0
2024-01-31,000858.SZ,000858.SZ,143.4279265467096,144.75533794533797,142.06676740065848,142.0780166497994,135218.37,1717132839.0
2024-02-01,000858.SZ,000858.SZ,141.44812489336312,143.67547726563018,140.77316962903978,142.3030682281727,137875.49,1745356476.0
2024-02-02,000858.SZ,000858.SZ,142.3030348992357,144.7216240299342,137.87082970158363,139.2882354246906,210862.17,2658388905.0
2024-02-05,000858.SZ,000858.SZ,139.2882818651073,143.85547960676726,138.26459961266627,142.38182713347302,308042.09,3864410349.0
2024-02-06,000858.SZ,000858.SZ,141.7406303439859,149.61510980754068,141.4031526526907,149.6038605511642,323841.9,4239033653.0
2024-02-07,000858.SZ,000858.SZ,149.7388458448343,151.52747753962268,148.60267099468564,150.59378929643125,290673.28,3882655957.0
2024-02-08,000858.SZ,000858.SZ,151.6399064872167,153.12480764866422,149.27756373036834,150.27874708922312,243747.98,3267001019.0
2024-02-19,000858.SZ,000858.SZ,156.25208246908178,156.30832871907066,151.61739146999886,153.15853871969392,288578.83,3951748630.0
2024-02-20,000858.SZ,000858.SZ,152.9898568940464,154.11478231238496,149.61508063903065,151.16747771633788,211818.74,2841706724.0
2024-02-21,000858.SZ,000858.SZ,150.0650343760414,160.5043411152443,149.43507621074468,158.63696512525757,466562.81,6492866977.0
2024-02-22,000858.SZ,000858.SZ,157.61323657107724,159.35687026378417,156.84828759621226,158.7269122844836,188401.09,2646660001.0
2024-02-23,000858.SZ,000858.SZ,158.65938913242437,161.2917130871172,157.54571361313128,159.41308872628943,184393.23,2613714172.0
2024-02-26,000858.SZ,000858.SZ,159.1769347058981,160.05437646611438,156.42086763855218,157.21956462541567,139947.07,1961062780.0
2024-02-27,000858.SZ,000858.SZ,156.37587062520774,157.2645616387601,155.2959423049416,157.21956462541567,150617.41,2092382021.0
2024-02-28,000858.SZ,000858.SZ,157.2195139654026,159.06439091805902,156.10583824398196,156.96078122204224,196194.11,2753522611.0
2024-02-29,000858.SZ,000858.SZ,156.3645685910346,160.1105686874961,156.0270911048669,160.02057469118472,176603.77,2496984973.0
2024-03-01,000858.SZ,000858.SZ,159.7955644854489,161.74168434859445,158.47940249707878,160.40302386469665,158813.06,2261267887.0
2024-03-04,000858.SZ,000858.SZ,159.18804668542572,159.9642444962726,157.53440787101277,157.86063593644118,154306.82,2170817658.0
2024-03-05,000858.SZ,000858.SZ,157.46693806610844,159.60429470509692,156.73573711066504,159.27806658651448,160015.86,2251931873.0
2024-03-06,000858.SZ,000858.SZ,158.61444081027815,158.95191834391704,155.81337728107533,156.43208609274666,176527.69,2459134906.0
2024-03-07,000858.SZ,000858.SZ,156.4320583706048,157.46698929035853,155.5208691912564,155.5208691912564,112198.42,1559868152.0
2024-03-08,000858.SZ,000858.SZ,155.30718675279246,156.51085682251207,153.73229133446776,155.71215986036165,122452.03,1687886719.0
2024-03-11,000858.SZ,000858.SZ,155.63344143995985,158.94072237840209,155.26221602850208,158.7944820647975,193569.25,2713055197.0
2024-03-12,000858.SZ,000858.SZ,158.80577021001554,167.95141667744795,158.80577021001554,166.8377401703436,450791.47,6608708733.0
2024-03-13,000858.SZ,000858.SZ,165.92662499928477,167.81650113486987,165.5216515416594,166.21910582979197,179129.7,2649479635.0
2024-03-14,000858.SZ,000858.SZ,165.5891607583307,169.86388094095068,165.4316710673921,168.24398697701048,222273.56,3320434207.0
2024-03-15,000858.SZ,000858.SZ,167.6140611447025,174.11613680521515,167.38907582772978,171.5400549258771,238873.67,3639737823.0
2024-03-18,000858.SZ,000858.SZ,171.43874593974488,173.98107904882508,169.53762073870703,172.67616470965118,189873.61,2908432466.0
2024-03-19,000858.SZ,000858.SZ,173.1036828474484,178.82955850181227,172.72120785285435,177.02967617431088,338826.34,5328394237.0
2024-03-20,000858.SZ,000858.SZ,176.47843912707376,178.0308374314807,174.9147915595914,176.55718396860163,161600.21,2535854998.0
2024-03-21,000858.SZ,000858.SZ,176.50098983375847,178.34586952354405,175.09483153361697,176.17476110812564,136430.08,2139591363.0
2024-03-22,000858.SZ,000858.SZ,175.93856544424335,176.343539124294,171.39386081256342,172.59753258382517,201564.03,3098381511.0
2024-03-25,000858.SZ,000858.SZ,171.5626254581831,172.00134701040065,168.73905854519356,170.67393308317844,161675.47,2447539788.0
2024-03-26,000858.SZ,000858.SZ,170.7302109818428,174.7911984078456,170.7302109818428,174.6112100454743,180889.63,2787590494.0
2024-03-27,000858.SZ,000858.SZ,174.3636764084902,174.70115449186147,171.66385174152,171.73134735819428,123630.48,1899180647.0
2024-03-28,000858.SZ,000858.SZ,171.73130935520246,174.74611289949658,171.04510407086687,172.2262771012806,144192.03,2217801275.0
2024-03-29,000858.SZ,000858.SZ,172.22627912074057,174.38613840168,171.61881869797637,172.68749907135782,88348.48,1358438657.0
2024-04-01,000858.SZ,000858.SZ,173.8012340747865,178.36843802523074,173.8012340747865,176.92853136105128,177262.02,2788229516.0
2024-04-02,000858.SZ,000858.SZ,176.61362246911386,176.81610942481095,174.20627755138202,174.92623117163825,114100.98,1779060167.0
2024-04-03,000858.SZ,000858.SZ,175.3761636151466,176.579835809298,172.45135267608708,173.9137581456168,98261.16,1522506390.0
2024-04-08,000858.SZ,000858.SZ,170.9890031619328,170.9890031619328,165.4206112826462,165.69059391921763,270006.63,4002147876.0
2024-04-09,000858.SZ,000858.SZ,164.80195990433492,166.72558687659713,163.87951890009222,164.77946134325583,130397.29,1909631397.0
2024-04-10,000858.SZ,000858.SZ,164.46452947610794,164.8020079907648,159.89732024441847,160.99975005896422,171675.74,2464329867.0
2024-04-11,000858.SZ,000858.SZ,160.41478279229293,160.48227849332756,158.16492609113874,160.12230142114288,159942.83,2264027609.0
2024-04-12,000858.SZ,000858.SZ,159.73983376382134,161.37097995366318,157.60246979092514,158.04119186957226,134073.1,1895837989.0
2024-04-15,000858.SZ,000858.SZ,158.16500038665882,166.4669755136399,157.55753879200168,165.7245224535034,254291.82,3701903875.0
2024-04-16,000858.SZ,000858.SZ,164.91451832886983,165.5444782897441,162.33843206029474,163.0808848713251,135677.89,1976125483.0
2024-04-17,000858.SZ,000858.SZ,162.58586230690767,163.72203971595752,161.76466477363402,163.45205696529223,137023.35,1982007044.0
2024-04-18,000858.SZ,000858.SZ,162.06845059077514,165.11700685579217,161.20225563724637,163.09213553585465,152452.8,2213439017.0
2024-04-19,000858.SZ,000858.SZ,161.9671752207207,162.55213793161647,159.72856792325416,160.75225266732176,127261.75,1818608488.0
2024-04-22,000858.SZ,000858.SZ,160.7523297296565,164.77957493911885,160.7523297296565,162.61971158655803,140366.04,2035476601.0
2024-04-23,000858.SZ,000858.SZ,161.98969873452043,165.9156990719057,161.9559508806174,165.39823197872596,171711.81,2507417591.0
2024-04-24,000858.SZ,000858.SZ,166.41073337594975,167.83939308924286,164.23962058330739,167.59190872945982,142251.0,2103883224.0
2024-04-25,000858.SZ,000858.SZ,167.0519428535695,168.0081324254586,165.38704806957432,167.59190872945982,100775.53,1496358808.0
2024-04-26,000858.SZ,000858.SZ,167.83935122034205,171.7766014165297,167.83935122034205,171.27038353416273,179461.72,2719514006.0
2024-04-29,000858.SZ,000858.SZ,169.86423506286738,176.11883868504978,168.750555640932,170.70793159463656,275384.69,4217464059.0000005
2024-04-30,000858.SZ,000858.SZ,171.326558959243,172.66522347113727,169.22294329769483,169.22294329769483,155296.07,2359135140.0
2024-05-06,000858.SZ,000858.SZ,172.6089679098212,178.1098663266553,172.5639707857571,174.37510502933642,316795.95,4940155161.0
2024-05-07,000858.SZ,000858.SZ,174.36392283714525,175.96132135604037,172.73277646221715,175.42135565951244,145499.77,2265634112.0
2024-05-08,000858.SZ,000858.SZ,175.46634564639075,175.8488213325029,173.63271221002955,174.36391572759692,101073.7,1567926317.0
2024-05-09,000858.SZ,000858.SZ,173.61025848918973,175.1401616288599,172.93530122168818,174.18397216656604,113274.68,1750315447.0
2024-05-10,000858.SZ,000858.SZ,174.36394234463307,175.36512885228933,171.8890992919996,173.72273300826896,102513.79,1579216046.0
2024-05-13,000858.SZ,000858.SZ,171.88912876682795,172.0916159604014,169.04305876826723,169.97674971641163,172628.26,2608851173.0
2024-05-14,000858.SZ,000858.SZ,169.97668996510276,170.8203863084107,168.77301651531678,170.24667279496128,113455.29,1713073765.0
2024-05-15,000858.SZ,000858.SZ,170.2353845081741,170.79784860818128,169.30169410216217,170.28038163617467,78428.41,1186554217.0
2024-05-16,000858.SZ,000858.SZ,170.6516144226202,174.45387188305833,169.5379354623144,173.29519579304318,149376.12,2289335629.0
2024-05-17,000858.SZ,000858.SZ,173.23900033028107,175.9725767640641,172.35030675715822,175.9500781925926,161843.42,2509981114.0
2024-05-20,000858.SZ,000858.SZ,175.93879859571723,179.76355508692848,175.93879859571723,176.95123413750844,193736.43,3066112976.0
2024-05-21,000858.SZ,000858.SZ,176.3886870153805,176.8161595987086,174.4650603904041,176.096205774156,88036.86,1374785553.0
2024-05-22,000858.SZ,000858.SZ,175.5000230444635,175.94999425924323,173.54264826017172,174.49883709157862,108477.69,1682580309.0
2024-05-23,000858.SZ,000858.SZ,174.36382202455943,175.45500207206797,172.47394317939,172.78892298691824,89888.93,1383814570.0
2024-05-24,000858.SZ,000858.SZ,171.95639262136592,172.2601230021573,169.86402777591425,170.03276687635392,112039.41,1700150955.0
2024-05-27,000858.SZ,000858.SZ,170.02154199913855,171.3264578964457,169.39158260043857,170.51651009811715,101567.16,1535721670.0
2024-05-28,000858.SZ,000858.SZ,170.53894376526986,170.92141896896504,168.73906045376305,168.7728082658538,103874.36,1566391578.0
2024-05-29,000858.SZ,000858.SZ,168.7952344292319,169.85266542132436,167.4565717903063,167.85029609587264,91023.73,1363621240.0
2024-05-30,000858.SZ,000858.SZ,167.5577797721716,167.5577797721716,164.1380036694029,164.53172789176114,161111.29,2363289778.0
2024-05-31,000858.SZ,000858.SZ,165.25162452261918,166.47779382642895,164.91414673257978,165.02663932925955,131411.88,1934209403.0
2024-06-03,000858.SZ,000858.SZ,165.24037118797273,165.64534452603297,162.72053708448675,164.21668858343153,140929.98,2051213338.0
2024-06-04,000858.SZ,000858.SZ,164.21661457591048,166.60145649193277,163.67665036850923,166.24148035366525,103020.99,1514138601.0
2024-06-05,000858.SZ,000858.SZ,166.1739793326893,166.48895844325762,163.84538376527348,163.969125558711,111147.65,1629419454.0
2024-06-06,000858.SZ,000858.SZ,164.25037504411804,164.93657961077045,162.0567702818687,163.0017077179146,127308.51,1844855886.0
2024-06-07,000858.SZ,000858.SZ,163.67672247916852,163.73296877555313,159.62698913947776,160.1219565476622,158692.7,2266797198.0
2024-06-11,000858.SZ,000858.SZ,159.0645536053032,159.0645536053032,155.23980479159715,155.7797693300027,206654.69,2873140132.0
2024-06-12,000858.SZ,000858.SZ,155.3523489550422,157.29847179133637,154.73363938280997,155.12736365604866,154524.11,2136862849.0
2024-06-13,000858.SZ,000858.SZ,155.11618586255472,155.35242053534563,151.23518766670432,151.37017890829912,243622.84,3301287598.0
2024-06-14,000858.SZ,000858.SZ,150.96514162858756,152.65253143814704,148.59154662980725,152.63003290735293,287219.11,3851661909.0
2024-06-17,000858.SZ,000858.SZ,151.19020036504998,153.17007203649703,147.7029263982966,152.68635338949576,246272.4,3299559711.0
2024-06-18,000858.SZ,000858.SZ,151.86520665992938,154.4975369087015,150.08782127827982,150.61653718294772,202981.2,2740736863.0
2024-06-19,000858.SZ,000858.SZ,150.94280983580967,152.2027289520424,149.4241573296363,150.98780694710368,137045.27,1839596880.0
2024-06-20,000858.SZ,000858.SZ,150.8528030611719,151.94398291925793,148.69294189877482,148.71544045254979,126191.63,1679993029.0
2024-06-21,000858.SZ,000858.SZ,148.50164282923222,149.45783096956137,144.89062644045993,146.46552455394314,213886.42,2781028409.0
2024-06-24,000858.SZ,000858.SZ,141.7633558058479,149.24412327219363,141.29088628165766,147.39924227297453,239235.14,3102546743.0
2024-06-25,000858.SZ,000858.SZ,148.26539456254292,149.94153597299956,146.91548201720866,147.93916569742044,177151.59,2341480948.0
2024-06-26,000858.SZ,000858.SZ,146.69047260635287,148.69284255450708,146.6342262594946,147.70290684980165,102212.49,1341298503.0
2024-06-27,000858.SZ,000858.SZ,147.73660098729238,147.7815980484322,144.80054274791954,145.8467244194202,122646.1,1587676455.0
2024-06-28,000858.SZ,000858.SZ,145.1042800502331,146.79166992600136,143.495635035334,144.03559979557983,156898.86,2019328026.0
2024-07-01,000858.SZ,000858.SZ,144.21564339720675,145.29557333216243,141.7408039629333,144.32813609876465,154334.59,1964232829.0
2024-07-02,000858.SZ,000858.SZ,143.65315226380585,149.25528772405448,143.42816690395648,147.99536970889815,247479.09,3244049457.0
2024-07-03,000858.SZ,000858.SZ,147.99531218275905,149.27772823542205,146.3529196942608,147.3653534200474,124277.33,1631928152.0
2024-07-04,000858.SZ,000858.SZ,147.36531956630205,148.94021611128545,146.27414124584928,146.90409986384265,100495.28,1315554604.0
2024-07-05,000858.SZ,000858.SZ,146.90415771409621,148.4565563483366,144.1480876750462,145.05927817775253,139412.5,1803448225.0
2024-07-08,000858.SZ,000858.SZ,145.09303029548056,145.34051414309263,140.86330635447416,141.63950569471203,207455.44,2630909852.0
2024-07-09,000858.SZ,000858.SZ,141.63951553713616,144.21559758447188,140.81831907663175,142.9444304606774,195404.37,2475816884.0
2024-07-10,000858.SZ,000858.SZ,142.30321217808662,144.5080682719131,141.9432356729721,142.34820924122593,154571.59,1964272870.0
2024-07-11,000858.SZ,000858.SZ,143.428083179265,147.92778774959487,143.0568575522128,146.78036308416074,257796.36,3349449291.0
2024-07-12,000858.SZ,000858.SZ,147.7953617838919,149.0903795576535,146.59367862445546,148.63537331281836,189386.6,2401467289.0
2024-07-15,000858.SZ,000858.SZ,148.16871070015966,150.92208201710753,147.67870394036385,148.75205208086894,119737.81,1532479885.0
2024-07-16,000858.SZ,000858.SZ,147.85368605774687,149.45204122147376,146.76867123857457,148.72869800869225,154689.16,1967032428.0
2024-07-17,000858.SZ,000858.SZ,148.1687588014217,152.82382453069474,147.43374842311545,152.55548740845592,228842.17,2960415564.0
2024-07-18,000858.SZ,000858.SZ,151.71544777353435,155.16882923623555,151.7037809442685,152.9521316757179,185917.13,2444968667.0
2024-07-19,000858.SZ,000858.SZ,152.4620626824106,155.74044036941376,151.41204847660887,155.6587725978514,190243.78,2517623683.0
2024-07-22,000858.SZ,000858.SZ,155.6354835685959,156.27715910055036,152.83544488370362,153.0921150964854,156429.39,2065619592.0
2024-07-23,000858.SZ,000858.SZ,152.84709425709218,153.43043558316307,147.9353602915754,147.9353602915754,197564.04,2540829813.0
2024-07-24,000858.SZ,000858.SZ,147.67868448492703,148.98536900557104,146.41866726859175,147.07200952891375,143649.62,1813586525.0
2024-07-25,000858.SZ,000858.SZ,145.9520182916865,147.77204345983222,145.9520182916865,146.74536259575004,118141.45,1485089890.0
2024-07-26,000858.SZ,000858.SZ,147.00200883948978,148.61203084106515,145.95199449063628,147.23534536145723,114215.02,1439101532.0
2024-07-29,000858.SZ,000858.SZ,147.00204674492318,147.81872478239498,144.7853492146426,144.7853492146426,139364.3,1745197564.0
2024-07-30,000858.SZ,000858.SZ,143.50199719814415,145.01868497340908,141.72863918398824,143.84033524031864,207253.48,2538151161.0
2024-07-31,000858.SZ,000858.SZ,143.12864201601036,149.54539724170368,143.1053083606442,148.0053759875373,260579.17,3286415867.0
2024-08-01,000858.SZ,000858.SZ,148.0169727458622,148.11030732314342,144.5285929199764,144.66859478589825,174738.61,2180765965.0
2024-08-02,000858.SZ,000858.SZ,143.50196361340883,145.27532121253387,143.36196169768843,144.31864145511116,99501.69,1231884912.0
2024-08-05,000858.SZ,000858.SZ,144.3185888818918,149.33532236768107,144.20192066129204,147.00195795568607,241892.41,3060405977.0
2024-08-06,000858.SZ,000858.SZ,147.60858111599114,149.33527017741753,146.2785638659735,146.88523840106927,153472.83,1940983189.0
2024-08-07,000858.SZ,000858.SZ,147.00189303820005,148.84525010963145,146.1852158546545,148.16857472897942,132590.71,1678186223.0
2024-08-08,000858.SZ,000858.SZ,147.56191174661092,151.28362663016316,146.94357040232168,149.74360667834844,200130.87,2559755534.0
2024-08-09,000858.SZ,000858.SZ,151.08523363383574,151.66857430423664,149.03187447402453,149.42854612989717,158467.9,2041741166.0
2024-08-12,000858.SZ,000858.SZ,148.7518440229137,149.90685834120927,148.30850519366896,148.99684706012792,73107.97,934639851.0
2024-08-13,000858.SZ,000858.SZ,148.85681614579084,149.2884880791237,145.97511432056862,146.53512115300046,124517.39,1567828597.0
2024-08-14,000858.SZ,000858.SZ,146.41852183824756,146.52352316864952,144.54016470550192,145.05350454302248,94946.97,1181885782.0
2024-08-15,000858.SZ,000858.SZ,144.69187232996833,147.17690448657882,144.50520324778162,145.77688637017854,111623.49,1395432332.0
2024-08-16,000858.SZ,000858.SZ,145.25185169039847,146.26686462992174,144.1785046738911,145.84685927563626,97266.7,1211693479.0
2024-08-19,000858.SZ,000858.SZ,145.83523976990531,148.1686036062238,144.55188965993014,144.61022375583812,138759.21,1732841551.0
2024-08-20,000858.SZ,000858.SZ,144.61025510860284,144.66858921715814,143.10523510787596,143.67690937171795,109852.21,1352259415.0
2024-08-21,000858.SZ,000858.SZ,143.26859511521153,143.66526712123084,142.45191745576,142.5685856928245,97108.09,1189648677.0
2024-08-22,000858.SZ,000858.SZ,142.58022376243423,142.79022654679918,139.9551889578726,141.15687155729415,185285.13,2234186008.0
2024-08-23,000858.SZ,000858.SZ,140.70189117636696,142.45191469846108,140.60855658852196,141.29689917387898,88988.0,1078393647.0
2024-08-26,000858.SZ,000858.SZ,141.1452738685188,142.18362147756974,137.71522671053035,137.80856132707424,204010.07,2429417311.0
2024-08-27,000858.SZ,000858.SZ,137.31851408299516,137.90185526431628,134.81014700331426,137.31851408299516,156608.84,1831272407.0
2024-08-28,000858.SZ,000858.SZ,136.50181583413166,136.50181583413166,131.74175251273633,133.00176927428214,247292.42,2821002956.0
2024-08-29,000858.SZ,000858.SZ,134.75181524351362,140.34022385837451,134.32014276178114,138.5785334599528,300256.09,3546177236.0
2024-08-30,000858.SZ,000858.SZ,137.66846346162473,145.43856487395033,136.2451115512588,143.5368733871499,337798.42,4114623948.0
2024-09-02,000858.SZ,000858.SZ,142.33522610607235,142.69689758224354,138.83517956248042,138.83517956248042,177554.9,2134586804.0
2024-09-03,000858.SZ,000858.SZ,138.92845409473273,141.716823302714,138.83511956057436,140.37513937418746,127984.1,1538909786.0
2024-09-04,000858.SZ,000858.SZ,139.22005644093548,140.9350776675187,138.8700521089797,138.96338659750126,84692.38,1011886744.0
2024-09-05,000858.SZ,000858.SZ,138.95171088329786,139.86172208807514,138.25170226423845,139.47671734759246,82794.66,987295999.0
2024-09-06,000858.SZ,000858.SZ,139.41834017630507,139.41834017630507,137.08497883444224,137.11997925457018,77721.98,920196138.0
2024-09-09,000858.SZ,000858.SZ,136.38498289452656,137.07332455327565,134.77496342152014,135.59163996579875,111586.67,1296332675.0
2024-09-10,000858.SZ,000858.SZ,135.59165107585838,137.9716800570557,135.2183131964549,135.83665405921693,106050.23,1237792376.0
2024-09-11,000858.SZ,000858.SZ,135.10168818654714,136.58337336786764,134.16834319043974,135.34669124802534,76590.99,888345207.0
2024-09-12,000858.SZ,000858.SZ,135.3350048205912,135.77834362948624,132.2549667798467,132.2549667798467,169848.47,1945710694.0
2024-09-13,000858.SZ,000858.SZ,132.18499990570413,132.18499990570413,127.40160626392668,127.40160626392668,311530.86,3444726618.0
2024-09-18,000858.SZ,000858.SZ,126.29323831631638,127.83325748100494,125.07988988353144,125.63989685250911,177639.23,1916365125.0
2024-09-19,000858.SZ,000858.SZ,125.68659075590216,131.67166650618321,124.0532367499775,129.3849708978887,318180.95,3511889908.0
2024-09-20,000858.SZ,000858.SZ,128.48657737716877,129.32658768963188,126.70155546318468,128.6615795255986,196681.1,2158043125.0
2024-09-23,000858.SZ,000858.SZ,129.39654623497114,132.75658638605506,128.80153912488336,131.0065654740322,203711.8,2298355085.0
2024-09-24,000858.SZ,000858.SZ,134.0515410833189,140.4682815181166,132.42985577343367,140.42161431495444,473469.27,5559354901.0
2024-09-25,000858.SZ,000858.SZ,144.20171034977778,146.55840496876283,142.19501988212716,142.45168959310573,417189.45,5168860913.0
2024-09-26,000858.SZ,000858.SZ,142.45168959310575,156.69685855241633,142.23002029726064,156.69685855241633,664533.64,8594482228.0
2024-09-27,000858.SZ,000858.SZ,165.43536252676392,172.3654475296481,161.62031573224684,172.3654475296481,864577.18,12438562567.0
2024-09-30,000858.SZ,000858.SZ,182.02557836189118,189.59733841552963,178.15219725586962,189.59733841552963,986201.19,15752197756.0
2024-10-08,000858.SZ,000858.SZ,208.55583534970393,208.55583534970393,181.47717715734197,191.3939627943552,1306805.65,22218231045.0
2024-10-09,000858.SZ,000858.SZ,186.66883361754594,186.66883361754594,172.2719998247927,172.2953334289949,815468.59,12409184179.0
2024-10-10,000858.SZ,000858.SZ,172.28366499451798,181.4537713590938,172.28366499451798,177.31205665244696,600601.15,9164464307.0
2024-10-11,000858.SZ,000858.SZ,175.00202356689772,178.87540168851172,172.66866325267242,174.5936855119083,285157.63,4283807928.0000005
2024-10-14,000858.SZ,000858.SZ,176.16869519554416,176.16869519554416,170.34696149338677,174.72201187075953,334965.75,4986283993.0
2024-10-15,000858.SZ,000858.SZ,175.00193109394417,175.11859904800679,168.0018538501864,168.0018538501864,329701.92,4840842560.0
2024-10-16,000858.SZ,000858.SZ,165.66856962091873,168.34026697607297,163.42854389083308,165.2602315972052,312272.24,4430542144.0
2024-10-17,000858.SZ,000858.SZ,166.25186187017604,166.74186735779338,160.87346830370927,160.94346908765462,282507.55,3957974226.0
2024-10-18,000858.SZ,000858.SZ,159.84671820812213,169.82182543153243,159.08837672330148,166.83512666054642,441443.23,6206988496.0
2024-10-21,000858.SZ,000858.SZ,167.9901508226294,169.75183654901434,164.61844767742903,166.84680511941264,295765.15,4223086215.0
2024-10-22,000858.SZ,000858.SZ,166.60183216013368,170.86021232389058,165.91349125695106,169.6818660320017,304663.3,4419839158.0
2024-10-23,000858.SZ,000858.SZ,169.71688725873008,174.4536065979096,168.00186818764786,173.2869269577176,358138.25,5277833036.0
2024-10-24,000858.SZ,000858.SZ,171.2684979648008,173.25185250526508,170.46348935720056,170.87182705670793,186420.06,2743177644.0
2024-10-25,000858.SZ,000858.SZ,169.7051689522343,174.8502246038179,169.7051689522343,172.7968690603288,198054.85,2926843949.0
2024-10-28,000858.SZ,000858.SZ,173.84684897247678,179.66857755695204,171.11681993687114,179.6335771847007,438109.85,6649586215.0
2024-10-29,000858.SZ,000858.SZ,179.63365537533733,183.02869296150496,175.4686092644719,175.93528109762207,303157.53,4641639292.0
2024-10-30,000858.SZ,000858.SZ,173.83518728628508,176.53021602877715,171.8518328004684,173.6018514644243,211870.42,3158474275.0
2024-10-31,000858.SZ,000858.SZ,171.50187205117726,174.06856673493635,169.64685180246042,171.30353655288678,269440.88,3957475707.0
2024-11-01,000858.SZ,000858.SZ,170.00859818065837,175.9353321825644,170.00859818065837,172.57529400825544,227191.98,3379402018.0
2024-11-04,000858.SZ,000858.SZ,173.2519546518808,174.08029733068778,170.42858946496128,173.36862263481137,205051.85,3030626417.0
2024-11-05,000858.SZ,000858.SZ,172.66864909014615,178.4903825966315,171.26863301644227,178.2687133849617,320318.09,4839032609.0
2024-11-06,000858.SZ,000858.SZ,178.22204241185665,178.50204562067339,174.01032747923816,176.46035555638463,302065.6,4568777903.0
2024-11-07,000858.SZ,000858.SZ,175.04864708689672,190.19215174690686,174.80364431504756,189.2821414514671,671871.5,10602928042.0
2024-11-08,000858.SZ,000858.SZ,191.33541779818682,192.03542542427775,182.00198278364115,182.55032209074568,567473.65,9025428028.0
2024-11-11,000858.SZ,000858.SZ,178.91030999617763,180.66032933099515,176.40194894960584,180.6253289442988,366012.07,5603393228.0
2024-11-12,000858.SZ,000858.SZ,180.62528167501304,185.5020009451432,179.26026695107709,180.01860846437486,351346.82,5496005682.0
2024-11-13,000858.SZ,000858.SZ,178.5019464257282,181.22030940070826,178.10527543367104,179.59862505082745,194334.0,2990077535.0
2024-11-14,000858.SZ,000858.SZ,178.63032000579628,181.86202261448318,177.51030754935604,179.07365826980387,217927.82,3357496178.0
2024-11-15,000858.SZ,000858.SZ,179.06202441207802,179.8203663189574,175.64365243183704,176.5069955258228,255442.69,3894476943.0
2024-11-18,000858.SZ,000858.SZ,176.49537369911138,178.92206841945878,173.83534294796135,174.22034739878572,209861.01,3164795003.0
2024-11-19,000858.SZ,000858.SZ,174.4886818477765,175.74869639976632,169.51862444826108,173.1936668915647,233413.46,3447738671.0
2024-11-20,000858.SZ,000858.SZ,173.19371568911188,175.4570757998352,171.73536510230562,174.53539822897363,149815.38,2233265261.0
2024-11-21,000858.SZ,000858.SZ,173.8354680860237,175.11881717927622,172.8554560511763,174.41880858295667,114460.54,1706377342.0
2024-11-22,000858.SZ,000858.SZ,174.30216213750433,175.01383763217552,168.7604267281794,169.04043020149263,189424.74,2785311385.0
2024-11-25,000858.SZ,000858.SZ,170.2071024985237,171.71212108940108,166.48538985906734,167.76873904508682,191689.95,2771219117.0
2024-11-26,000858.SZ,000858.SZ,167.41871760976733,171.0354285825219,166.25203665081423,168.93540285640634,175357.82,2539251070.0
2024-11-27,000858.SZ,000858.SZ,168.90045664116371,172.54050240147612,167.5121058543779,171.56049008139203,200249.78,2921829640.0
2024-11-28,000858.SZ,000858.SZ,169.16883558131258,171.44386474947507,167.76881763167415,168.00215395661388,190453.87,2760020464.0
2024-11-29,000858.SZ,000858.SZ,169.19215076947387,174.640553362864,168.4688082410152,171.2338433901233,287277.96,4234632626.0
2024-12-02,000858.SZ,000858.SZ,171.6537751766022,173.1704604734797,169.82208601037328,171.9687790459537,179763.52,2645657931.0
2024-12-03,000858.SZ,000858.SZ,172.31870503449952,172.4003726672173,170.5686843334044,171.49036190264786,140143.14,2059980757.0
2024-12-04,000858.SZ,000858.SZ,171.38536268338342,171.43202990263006,168.90033325849842,170.02034652041837,148434.03,2161996959.0
2024-12-05,000858.SZ,000858.SZ,169.16873836745305,169.93874779726352,168.59706469986645,169.20373879608078,103210.21,1496758491.0
2024-12-06,000858.SZ,000858.SZ,168.77204570615936,172.66875960536143,168.77204570615936,170.84873754465627,187545.75,2745488834.0
2024-12-09,000858.SZ,000858.SZ,170.8603253930997,171.98033845132696,169.34364104341705,170.0553160074989,145424.25,2124782350.9999998
2024-12-10,000858.SZ,000858.SZ,178.50201487813345,180.69537296944645,173.7186275513338,173.95196351849475,463262.78,7021977460.0
2024-12-11,000858.SZ,000858.SZ,172.69193681207014,176.75198234717354,172.69193681207014,174.30195486909392,199993.35,2993662413.0
2024-12-12,000858.SZ,000858.SZ,174.3486004694141,177.3353002633227,173.21692125062842,177.1252979340635,253652.91,3819524049.0
2024-12-13,000858.SZ,000858.SZ,175.4102618968408,175.79526612980362,172.6685650863481,172.71523226610117,284227.42,4230330395.9999995
2024-12-16,000858.SZ,000858.SZ,172.70347923285163,172.71514602196416,168.02509679872523,168.6901037781397,264772.62,3846200008.0
2024-12-17,000858.SZ,000858.SZ,168.6784652204586,171.21015888160395,167.53511969607038,169.04013574347934,159492.83,2318651654.0
2024-12-18,000858.SZ,000858.SZ,169.16854570885474,170.66189562959497,168.65520667360028,169.4018816339704,120675.58,1755251345.0
2024-12-19,000858.SZ,000858.SZ,168.11847220913202,168.480142760033,167.19679564393277,167.47679865108194,151982.27,2184469848.0
2024-12-20,000858.SZ,000858.SZ,167.65171864211044,168.5500611845908,166.50837358804458,167.08004611507752,172835.58,2479372352.0
2024-12-23,000858.SZ,000858.SZ,166.0416841053582,167.93170327519155,165.96001661036541,166.19335231034484,142601.02,2039345026.0
2024-12-24,000858.SZ,000858.SZ,166.0767492219281,167.4184300199978,165.3300746908285,167.39509644090091,143330.19,2045707408.0
2024-12-25,000858.SZ,000858.SZ,167.39507042142264,167.86174193082167,166.3450595252749,166.92839891202368,96139.52,1376290843.0
2024-12-26,000858.SZ,000858.SZ,166.97499350281134,167.10332811212734,165.4933121043445,166.2399861949105,104768.25,1493951272.0
2024-12-27,000858.SZ,000858.SZ,166.3683971361413,166.77673471677,165.1667179702912,166.27506283199762,134450.59,1912027993.0
2024-12-30,000858.SZ,000858.SZ,165.69167199051347,167.03335219604148,164.50165998213208,164.7466624544459,163671.8,2320655237.0
2024-12-31,000858.SZ,000858.SZ,164.75825151865308,167.53494489504732,163.34657127267113,163.38157160934836,245218.67,3472955734.0
2025-01-02,000858.SZ,000858.SZ,163.33498657257874,163.33498657257874,159.01827621316062,159.82328436126832,255647.35,3517884976.0
2025-01-03,000858.SZ,000858.SZ,159.92823471711304,160.95491145005045,157.20987473104012,157.9682154996871,168230.14,2295817772.0
2025-01-06,000858.SZ,000858.SZ,153.88481766467694,156.2881741801374,152.11146722608473,152.63647229014165,279430.13,3679523520.0
2025-01-07,000858.SZ,000858.SZ,153.06816299546617,153.60483490840758,151.2014780808873,152.65982567040203,190187.4,2478571210.0
2025-01-08,000858.SZ,000858.SZ,152.67144460149467,153.69812098273658,149.35807991657762,151.31809846258486,192876.19,2504007320.0
2025-01-09,000858.SZ,000858.SZ,151.563117610863,154.4098115295029,149.50976462036868,152.3447917606535,159183.43,2080588918.0
2025-01-10,000858.SZ,000858.SZ,152.25147583713735,152.6364795691393,150.0347876831867,150.0347876831867,135377.86,1753729759.0
2025-01-13,000858.SZ,000858.SZ,148.54149460000306,151.08485352419416,148.12149037398987,150.73485000251645,121491.03,1562285331.0
2025-01-14,000858.SZ,000858.SZ,150.85158180357493,155.51829740461358,150.38491024347104,155.19162731254087,228624.69,3014664381.0
2025-01-15,000858.SZ,000858.SZ,155.5183623200617,155.96170048721567,154.25834858183464,154.90002224482063,128122.77,1701391090.0
2025-01-16,000858.SZ,000858.SZ,155.6350381660119,156.68504966788154,152.9050082611508,153.39501362868995,163096.2,2160311225.0
2025-01-17,000858.SZ,000858.SZ,154.00173438690368,156.1950924221111,153.47672847422106,154.3517383286921,152450.16,2021963287.0
2025-01-20,000858.SZ,000858.SZ,155.02838849035803,158.07342231004372,154.85338654669792,156.68507355700697,194173.59,2611169665.0
2025-01-21,000858.SZ,000858.SZ,157.3267275356784,157.50172945729764,154.93503460688243,155.62337549858466,132796.86,1774069695.0
2025-01-22,000858.SZ,000858.SZ,155.110086387424,155.16842038004808,151.82004920342598,152.07671877097192,174182.17,2277963646.0
2025-01-23,000858.SZ,000858.SZ,153.54065430373916,155.90922718795963,152.90982835970053,153.12407113314762,184489.33,2387735894.0
2025-01-24,000858.SZ,000858.SZ,152.112356225258,153.04074149799433,150.55314506207264,152.01713722292607,189435.72,2418169298.0
2025-01-27,000858.SZ,000858.SZ,152.3504658689726,153.00509677700336,151.2792516558314,151.39827545729153,126535.1,1616070923.0
2025-02-05,000858.SZ,000858.SZ,151.81485584778986,152.20763438506756,148.19653235286802,148.79165134874333,186915.74,2343981886.0
2025-02-06,000858.SZ,000858.SZ,148.54163788335143,150.4341154813845,148.41071176021705,149.85089911469507,138190.81,1734038682.0
2025-02-07,000858.SZ,000858.SZ,149.96991334520246,153.3977970788071,148.92250442660105,151.91000031943008,232473.3,2960433850.0
2025-02-10,000858.SZ,000858.SZ,151.96943840362002,152.58836155501317,151.04105367653023,151.79090287917967,136545.58,1740615096.0
2025-02-11,000858.SZ,000858.SZ,151.87428713065262,152.4336986898329,149.6366408939314,150.2793690683088,176001.7,2221320156.0
2025-02-12,000858.SZ,000858.SZ,150.27936353727486,152.00520764569438,149.49380690861494,151.99330527253287,177353.27,2240677199.0
2025-02-13,000858.SZ,000858.SZ,152.01717613838062,157.11139406722708,151.4577643564746,156.52817752864416,467626.06,6110655129.0
2025-02-14,000858.SZ,000858.SZ,155.38556721786495,157.349459871327,154.8499601305571,156.19492903868567,218107.35,2857398901.0
2025-02-17,000858.SZ,000858.SZ,156.98041299764114,158.93240236238552,156.02822306361955,156.575732275682,205078.4,2710093082.0
2025-02-18,000858.SZ,000858.SZ,156.49245640217623,157.57557273413533,153.96915242002984,154.96895211106894,185961.34,2435399273.0
2025-02-19,000858.SZ,000858.SZ,154.96891405142236,156.51622271706637,153.94530985722713,156.0520301173732,153641.81,2003027066.0
2025-02-20,000858.SZ,000858.SZ,155.19499395838392,158.05156260245263,155.08787263423136,155.32592002123707,132530.49,1737767288.0
2025-02-21,000858.SZ,000858.SZ,155.4449502350815,157.89683842408814,154.64749145516188,156.06387346725796,210016.53,2756687286.0
2025-02-24,000858.SZ,000858.SZ,155.80206016885802,158.8847747283488,155.15933203676343,156.99229745051468,244392.19,3229422469.0
2025-02-25,000858.SZ,000858.SZ,155.77821210779544,155.8258215858235,153.0406671211823,153.2430074028015,221901.36,2872796622.0
2025-02-26,000858.SZ,000858.SZ,153.19534628919055,154.49270412817134,152.4693019939811,154.49270412817134,179243.48,2311292300.0
2025-02-27,000858.SZ,000858.SZ,154.7188078142211,158.40854013381556,154.49266293011692,158.00385981489228,370795.06,4909364775.0
2025-02-28,000858.SZ,000858.SZ,157.82525421149526,161.51498489064787,156.5159949382476,156.6112137944838,337202.13,4510232386.0
2025-03-03,000858.SZ,000858.SZ,156.61120670843687,161.39595401781452,155.14721686004515,155.73043232810363,210355.12,2780161096.0
2025-03-04,000858.SZ,000858.SZ,154.80201506786088,155.15908568542477,153.1951972888234,154.4330420963782,149348.39,1933207044.0
2025-03-05,000858.SZ,000858.SZ,154.43306190934135,154.7306207954865,151.89786019938452,153.07619338851939,199366.46,2558423708.0
2025-03-06,000858.SZ,000858.SZ,153.93322062372397,156.87310351973107,153.1238601503293,156.73027520089673,235857.18,3075149470.0
2025-03-07,000858.SZ,000858.SZ,156.15899195256446,160.4438423415068,155.81382344901078,160.4438423415068,340072.91,4536723523.0
2025-03-10,000858.SZ,000858.SZ,160.0867420378445,160.0867420378445,156.7064717970454,157.9324148773352,206353.05,2735377366.0
2025-03-11,000858.SZ,000858.SZ,156.52789476427688,160.93176679399193,156.46838298009155,160.91986443715484,321035.62,4304327283.0
2025-03-12,000858.SZ,000858.SZ,161.03890156975467,162.12201613315804,157.84906966874252,158.26565219312843,288017.74,3844719012.0
2025-03-13,000858.SZ,000858.SZ,158.2656340940124,159.87245221860377,157.40866442756365,157.575297418262,167922.64,2233018515.0
2025-03-14,000858.SZ,000858.SZ,158.3012763588362,168.98958810095908,158.3012763588362,167.58511061145967,765515.75,10604804482.0
2025-03-17,000858.SZ,000858.SZ,169.48951789623175,170.15604970818322,165.8950070532077,166.44251532731073,387730.48,5457575155.0
2025-03-18,000858.SZ,000858.SZ,166.89477109318648,167.2875486888273,165.10941838572833,166.09731355052187,186734.97,2608207825.0
2025-03-19,000858.SZ,000858.SZ,166.09723194858086,167.57312279498885,164.68085282985055,165.34738417984124,168157.24,2339543020.0
2025-03-20,000858.SZ,000858.SZ,165.29982132814524,165.4426495147767,161.7053119645868,161.8600425001042,228722.09,3130766821.0
2025-03-21,000858.SZ,000858.SZ,161.5149298326518,163.65735336764646,159.71767453385075,160.20567100571063,197130.23,2669031188.0
2025-03-24,000858.SZ,000858.SZ,159.56286909996268,160.59837332282535,158.33692731887243,159.86042778469334,180488.86,2417592736.0
2025-03-25,000858.SZ,000858.SZ,160.20561140453734,160.32463488997905,157.82514169570322,158.96776715594362,175671.15,2342967013.0
2025-03-26,000858.SZ,000858.SZ,158.94401452238944,159.3486945054478,158.17036161360141,158.71786982597447,108825.8,1452491544.0
2025-03-27,000858.SZ,000858.SZ,158.39642989168698,160.40792648408967,157.70609378305173,159.3724223211368,140865.64,1882916851.0
2025-03-28,000858.SZ,000858.SZ,159.58662191906024,159.7889617589039,157.58702820766388,158.57492271984182,120996.01,1610808297.0
2025-03-31,000858.SZ,000858.SZ,158.55110773633368,158.75344756303718,156.33727198534214,156.33727198534214,144854.87,1912983577.0
2025-04-01,000858.SZ,000858.SZ,156.43251743443795,157.40850970634116,156.08734943583804,156.86100184649302,121704.63,1602816957.0
2025-04-02,000858.SZ,000858.SZ,156.9562538270278,157.76561344333464,155.99216369583883,156.09928482152648,101024.73,1328718377.0
2025-04-03,000858.SZ,000858.SZ,154.19488957053193,158.87251146178772,154.00445203806348,157.11096428645476,165622.64,2187566525.0
2025-04-07,000858.SZ,000858.SZ,152.94521564664365,155.2661741720207,147.35111048291427,150.89801120374693,463092.72,5889478918.0
2025-04-08,000858.SZ,000858.SZ,150.8980164429407,156.20646535708738,150.8980164429407,155.6351524694662,331856.68,4295611990.0
2025-04-09,000858.SZ,000858.SZ,154.13546802741263,158.1108538437181,153.9569327362612,157.40861503185576,296998.87,3910869675.0
2025-04-10,000858.SZ,000858.SZ,157.46808096838618,158.88446053265207,155.32565809806798,158.47978065714753,233106.36,3091985055.0
2025-04-11,000858.SZ,000858.SZ,157.34905849190298,158.86065686016863,155.4208778961626,156.63491753051767,174293.34,2296050286.0
2025-04-14,000858.SZ,000858.SZ,156.5159442023041,157.90851952334359,155.93272889691147,155.9684359564253,125781.06,1655429086.0
2025-04-15,000858.SZ,000858.SZ,155.92087478601198,156.4564808444372,154.82585795545376,156.33745727589826,114825.02,1502439501.0
2025-04-16,000858.SZ,000858.SZ,155.6828918401529,157.76580514841183,154.34982732286718,157.46824610437483,166680.22,2177739510.0
2025-04-17,000858.SZ,000858.SZ,156.31364317937044,158.2894342985188,155.92086542676867,157.7419259161042,152922.81,2022126158.0
2025-04-18,000858.SZ,000858.SZ,157.12307608487612,157.78960833703528,156.1708871532202,156.81361468208794,89478.34,1179998316.0
2025-04-21,000858.SZ,000858.SZ,156.62319071474198,157.11118758527198,154.89734812384313,155.13539537776023,144363.66,1887006445.0
2025-04-22,000858.SZ,000858.SZ,154.96881478213717,155.61154258538107,154.13564911126548,154.8497911148698,115854.68,1507639704.0
2025-04-23,000858.SZ,000858.SZ,155.30211701719077,155.56396914582183,154.19519665525036,154.69509617354603,95944.27,1246940579.0
2025-04-24,000858.SZ,000858.SZ,154.49269611108033,154.9687907061838,153.55240928575094,153.61192111013887,131523.69,1703623364.0
2025-04-25,000858.SZ,000858.SZ,153.77862855167737,154.99267035603273,153.49297165653496,153.60009299221338,107183.07,1388082600.0
2025-04-28,000858.SZ,000858.SZ,154.8617317339302,156.7065990322746,154.6117819709287,155.7425070892688,185045.41,2422404105.0
2025-04-29,000858.SZ,000858.SZ,154.90934749028173,155.4449541469903,153.88574365746078,154.1952052813369,124795.7,1619377345.0
2025-04-30,000858.SZ,000858.SZ,154.2666464119875,155.08791009553252,153.14782342281018,153.18353053948604,146626.57,1893634511.0
2025-05-06,000858.SZ,000858.SZ,153.54055498835373,154.1951852615599,152.43363470820515,154.12377104993743,146349.43,1889145118.0
2025-05-07,000858.SZ,000858.SZ,155.80195814702608,156.88507336409097,154.4926979945301,154.7188429299612,152470.4,1990960978.0
2025-05-08,000858.SZ,000858.SZ,154.3855541723115,158.30143169314184,153.87375255104794,156.873148098918,208023.15,2735442055.0
2025-05-09,000858.SZ,000858.SZ,156.87317885835878,157.23024982692863,155.93289197445813,156.6113268147409,110548.36,1454604448.0
2025-05-12,000858.SZ,000858.SZ,157.11123930961838,158.59903513641402,156.51612097890015,158.2657688712118,164560.0,2182417151.0
2025-05-13,000858.SZ,000858.SZ,159.08696697290225,159.08696697290225,157.6229764792866,158.28950873654253,120395.42,1599600056.0
2025-05-14,000858.SZ,000858.SZ,157.95624997671462,163.27660592122456,157.3135224129483,160.99135236116658,291489.5,3932377808.0
2025-05-15,000858.SZ,000858.SZ,160.6938157844085,161.3841528939186,159.02748483041867,159.09889901416108,144944.24,1947912221.0
2025-05-16,000858.SZ,000858.SZ,158.75374266750492,159.00369232982445,155.98049165224563,156.0161987468627,173542.88,2288769532.0
2025-05-19,000858.SZ,000858.SZ,153.77863107581604,154.84984445018318,153.3977552093744,153.89765478407907,237008.24,3062514441.0
2025-05-20,000858.SZ,000858.SZ,153.54054858264465,154.2903977733971,153.3858177972513,153.695279368038,159369.16,2058475919.0
2025-05-21,000858.SZ,000858.SZ,153.69531968837626,154.58799753059944,153.5405888623909,153.8500505143616,141692.98,1832618627.0
2025-05-22,000858.SZ,000858.SZ,153.86198041840646,154.1000278855967,153.35017836394746,153.64773769793524,96054.51,1239750922.0
2025-05-23,000858.SZ,000858.SZ,153.60008819534946,154.3261327811624,152.52887487201886,152.52887487201886,150379.84,1937195760.0
2025-05-26,000858.SZ,000858.SZ,152.31460726539493,152.5288498949782,149.83891465687714,150.45783780900658,273615.47,3460707609.0
2025-05-27,000858.SZ,000858.SZ,150.30306058141247,151.10051901180165,149.83886836073816,150.16023220582036,151268.4,1908812014.0
2025-05-28,000858.SZ,000858.SZ,150.3268509081039,151.3147470779671,149.37466182871765,151.06479744462823,181384.7,2291200545.0
2025-05-29,000858.SZ,000858.SZ,150.6839831657995,151.75519631626727,149.85081738210235,151.5409536861737,160347.01,2036182268.0
2025-05-30,000858.SZ,000858.SZ,151.16003505232084,151.81466512538208,149.96979855584587,150.49350261429484,146827.88,1858195533.0
2025-06-03,000858.SZ,000858.SZ,148.99375109230354,149.4341384377593,148.2677070903359,148.39863305790385,237482.87,2965933456.0
2025-06-04,000858.SZ,000858.SZ,148.39858392133522,149.04131118567207,147.70824723001041,148.24385328362447,193503.08,2410315627.0
2025-06-05,000858.SZ,000858.SZ,148.24387189858487,149.37459593153272,147.81538700188884,148.81518509417958,202312.0,2525601313.0
2025-06-06,000858.SZ,000858.SZ,148.74378806768414,149.79119571351563,148.42242435816766,148.8866163830248,118884.98,1488927363.0
2025-06-09,000858.SZ,000858.SZ,148.8866539025475,149.01757989126983,148.31534049721353,148.73192318860285,198429.02,2477799331.0
2025-06-10,000858.SZ,000858.SZ,148.54155397933968,148.89862502255926,147.9226308377591,148.05355688693962,171052.98,2132365671.9999998
2025-06-11,000858.SZ,000858.SZ,148.06543536509471,149.0176246600471,147.82738804135664,148.42250635070187,145472.73,1816144262.0
2025-06-12,000858.SZ,000858.SZ,148.18451055886544,148.2440224104955,145.6612080497506,145.80403649366278,380659.92,4680660152.0
2025-06-13,000858.SZ,000858.SZ,145.07796754548315,145.0898699138108,141.66198783545332,141.78101151872963,366961.71,4395342694.0
2025-06-16,000858.SZ,000858.SZ,140.2455581926548,140.97160241312088,139.2576619582501,140.76926222053197,271488.75,3192006585.0
2025-06-17,000858.SZ,000858.SZ,140.69783793469304,141.44768682986992,139.76945358828362,140.10271976391775,196502.05,2316678380.0
2025-06-18,000858.SZ,000858.SZ,141.26912579427227,142.16180288876805,140.29313217095688,140.8406407889143,200490.69,2378709214.0
2025-06-19,000858.SZ,000858.SZ,139.91232569589428,140.9835387382278,139.37671917472753,139.59096178319425,163572.42,1926506404.0
2025-06-20,000858.SZ,000858.SZ,139.85286121084397,142.82845400256406,139.7100327568414,142.30474967122134,296813.82,3536127315.0
2025-06-23,000858.SZ,000858.SZ,141.51918197519092,141.74532700946583,140.1980188802165,140.78123502124123,173386.63,2053039386.0
2025-06-24,000858.SZ,000858.SZ,141.12638471306727,142.81652105693635,140.92404444654775,142.53086421008524,178957.87,2138966776.9999998
2025-06-25,000858.SZ,000858.SZ,142.82844986866064,143.09030202675316,141.49538433655312,143.04269254346363,178647.21,2135738739.0
2025-06-26,000858.SZ,000858.SZ,142.9594309679027,143.59025686427262,142.38811694854883,142.5071407025809,166372.64,1997480065.0
2025-06-27,000858.SZ,000858.SZ,142.48328858485243,142.74514075667324,141.68582969794366,141.85246289819324,160215.67,1913691952.0
2025-06-30,000858.SZ,000858.SZ,141.8525179927831,142.32861303555129,140.78130414655467,141.51925146284538,223680.08,2660701232.0
2025-07-01,000858.SZ,000858.SZ,141.62634670216295,141.62634670216295,140.7812781572555,141.19786124277326,122183.21,1449250746.0
2025-07-02,000858.SZ,000858.SZ,141.19782413657242,142.70942522106577,141.05499568764392,141.85245452749476,154476.81,1840968960.0
2025-07-03,000858.SZ,000858.SZ,141.8524694218839,142.62612360147966,141.51920300605804,142.37617378961028,122430.11,1463537870.0
2025-07-04,000858.SZ,000858.SZ,141.98338836688157,143.72113459050172,141.86436465293497,143.292649220294,170679.3,2049279008.0
2025-07-07,000858.SZ,000858.SZ,143.07841258479004,143.4473861136253,142.6023177088736,142.7213414278527,85810.8,1030097661.0
2025-07-08,000858.SZ,000858.SZ,142.64986465868049,143.86390606003096,142.62605992532067,143.7567847599118,116631.23,1404970363.0
2025-07-09,000858.SZ,000858.SZ,143.81626752255005,146.22054510589484,143.4115871372346,144.73274957164682,203495.74,2482658941.0
2025-07-10,000858.SZ,000858.SZ,144.05428472326503,146.25622165409243,143.8995540200177,145.89915080044474,162716.46,1983620004.0
2025-07-11,000858.SZ,000858.SZ,145.8872983900748,148.755768563201,145.470715584849,147.94640768447658,287189.07,3562808114.0
2025-07-14,000858.SZ,000858.SZ,148.0178206993869,149.42229986009193,146.875193585593,149.26756910509897,219139.98,2734366851.0
2025-07-15,000858.SZ,000858.SZ,148.5653707783672,149.39853661352868,147.97025232468042,148.77961342169442,193328.39,2415360200.0
2025-07-16,000858.SZ,000858.SZ,148.303518658745,149.82702190018315,148.303518658745,149.11287975575902,178699.45,2237883046.0
2025-07-17,000858.SZ,000858.SZ,149.11282855820374,150.1007248521318,148.62483159373323,149.75555626750634,172998.8,2171582212.0
2025-07-18,000858.SZ,000858.SZ,150.0363551220324,152.1975233232531,148.79093615861711,151.13525420739887,210208.56,2597764485.0
2025-07-21,000858.SZ,000858.SZ,151.1352841976843,151.14749418994458,149.26715538186224,149.64566514193075,187784.33,2304021397.0
2025-07-22,000858.SZ,000858.SZ,149.6456609457008,153.71158825435927,149.6456609457008,153.27202854531512,303771.65,3784887030.0
2025-07-23,000858.SZ,000858.SZ,153.47957588858847,154.92035472350122,152.78360645138483,152.8690763822695,229067.16,2887980079.0
2025-07-24,000858.SZ,000858.SZ,152.80809848448638,153.552908233392,152.01444875204598,153.2964983198343,156012.22,1955643592.0
2025-07-25,000858.SZ,000858.SZ,153.29642945181052,153.3574794038025,150.756751448945,150.84222138173376,184006.74,2284994445.0
2025-07-28,000858.SZ,000858.SZ,150.817776917054,151.6114261641078,148.96185867778973,151.47711629152948,178511.06,2196293738.0
2025-07-29,000858.SZ,000858.SZ,150.79331643403975,151.39160570572136,149.206018366313,150.81773640431246,185150.92,2276717869.0
2025-07-30,000858.SZ,000858.SZ,150.86659805646286,152.80798597253423,150.524718423444,152.0387567982418,224124.27,2789922636.0
2025-07-31,000858.SZ,000858.SZ,151.42824585427323,151.52592574193926,147.55768030550652,147.92397988425418,304687.35,3717607979.0
2025-08-01,000858.SZ,000858.SZ,147.9117898236005,148.49786922854787,146.99604075337015,147.74084999715748,123225.95,1491109255.0
2025-08-04,000858.SZ,000858.SZ,147.28910359918265,148.02170297047925,147.06932378779368,147.64319329530935,85933.14,1038364798.0
2025-08-05,000858.SZ,000858.SZ,147.6798190980801,149.23048772358288,147.6798190980801,148.90081801579882,139445.54,1698256512.0
2025-08-06,000858.SZ,000858.SZ,148.9252354340435,149.5723648493099,148.33915596361354,149.157225224422,119683.59,1460865583.0
2025-08-07,000858.SZ,000858.SZ,149.12066446991884,150.35387392799316,148.90088456649966,149.6334842445636,115702.86,1419842885.0
2025-08-08,000858.SZ,000858.SZ,149.63345100492117,150.03638073834938,148.91306148151926,149.230521271493,82425.59,1008572356.0
2025-08-11,000858.SZ,000858.SZ,149.14505380697034,151.83125207447205,149.0962138384703,151.33064239734674,182660.39,2257903784.0
2025-08-12,000858.SZ,000858.SZ,151.28185039594794,153.02787982343952,150.19516075226437,150.41494068020037,211373.75,2625229654.0
2025-08-13,000858.SZ,000858.SZ,150.19516075226437,150.7568205681008,149.59687094843858,150.41494068020037,155822.85,1916294686.0
2025-08-14,000858.SZ,000858.SZ,150.40275175576855,152.4418213728503,149.9021418497784,149.98761183372793,199063.36,2461442362.0
2025-08-15,000858.SZ,000858.SZ,149.621375445994,150.54933566583205,148.83993526086724,150.30513560797993,193943.17,2376497642.0
2025-08-18,000858.SZ,000858.SZ,150.30509674119736,152.2098566998998,149.9510067488745,151.09874672399005,255301.42,3163846038.0
2025-08-19,000858.SZ,000858.SZ,151.12311661630983,153.54069576230881,151.12311661630983,151.9045563402691,327241.62,4087820978.0
2025-08-20,000858.SZ,000858.SZ,151.91676986272458,154.4564490245512,150.6103002939003,153.57732931468814,404310.44,5083056591.0
2025-08-21,000858.SZ,000858.SZ,153.6016921023743,154.00462181933602,152.45395290860458,153.17434240256642,231894.77,2908492491.0
2025-08-22,000858.SZ,000858.SZ,153.17430526275052,153.62607483586504,152.56380583962277,153.5894448704774,204849.97,2567683361.0
2025-08-25,000858.SZ,000858.SZ,154.06563498968126,158.83974049617714,154.06563498968126,158.64438068005455,479800.03,6165955081.0
2025-08-26,000858.SZ,000858.SZ,158.6444324528546,160.9887510113821,157.08155341383625,158.41244259550032,349794.45,4552425053.0
2025-08-27,000858.SZ,000858.SZ,158.11941836034833,158.11941836034833,154.57852018857218,154.60294017596377,346847.06,4441325744.0
2025-08-28,000858.SZ,000858.SZ,154.5907759668502,155.31116580825642,151.40396666842608,153.19883627328565,345834.88,4340085829.0
2025-08-29,000858.SZ,000858.SZ,154.0656964359888,158.48571403860632,153.99243647572442,158.1560442174166,435250.9,5610236643.0
2025-09-01,000858.SZ,000858.SZ,158.7299689018139,158.8520688778922,155.70188949507158,157.35023917212888,316941.95,4074402941.0
2025-09-02,000858.SZ,000858.SZ,156.78850461977888,160.0974123958057,156.4222048659752,156.97165449668074,349161.69,4522779365.0
2025-09-03,000858.SZ,000858.SZ,157.50893095650002,160.56142961844768,154.32212235342664,154.60295223032583,302863.19,3883434402.0
2025-09-04,000858.SZ,000858.SZ,154.2122927054477,154.45649269389656,152.29532279612428,153.24770275107477,261873.12,3286629625.0
2025-09-05,000858.SZ,000858.SZ,153.11343209529036,155.0914525099185,152.38083194172435,154.8350424561704,201733.55,2537085185.0
2025-09-08,000858.SZ,000858.SZ,154.70078491769118,157.692236559746,154.16354462279156,157.6189765195324,305363.52,3923785754.0
2025-09-09,000858.SZ,000858.SZ,157.60684465543966,157.97314503812194,155.77534274202813,157.26496429826952,184406.08,2368186108.0
2025-09-10,000858.SZ,000858.SZ,157.26501833277237,158.09529948546088,155.8730764003239,156.36147707837597,199644.91,2565580225.0
2025-09-11,000858.SZ,000858.SZ,155.5800257280187,156.9475475363328,154.8230047269877,156.9231275040415,229973.26,2932816233.0
2025-09-12,000858.SZ,000858.SZ,156.89864150003172,158.32721278839773,155.21365998042046,155.2991300575022,262703.9,3359522974.0
2025-09-15,000858.SZ,000858.SZ,154.57867991971418,155.18918023535284,153.90712957251162,154.63972995127804,166569.48,2109473460.0
2025-09-16,000858.SZ,000858.SZ,154.6397936879235,154.883993914829,153.11354226976397,153.601942723575,191086.52,2405374663.0
2025-09-17,000858.SZ,000858.SZ,153.61417419894926,154.2490948776191,152.40538290686627,153.7973243947194,181336.4,2276167360.0
2025-09-18,000858.SZ,000858.SZ,153.78508892039207,153.79729893142186,150.8302662511793,151.3308767034013,275477.52,3434002463.0
2025-09-19,000858.SZ,000858.SZ,151.3187303515785,152.13680143473476,149.93899852476267,151.50188059407617,196688.01,2431126956.0
2025-09-22,000858.SZ,000858.SZ,150.91575704423403,151.03785717129247,149.18193524000418,149.5726556465912,196433.27,2412049779.0
2025-09-23,000858.SZ,000858.SZ,148.9743071118816,150.50055810679882,148.4248567537114,149.19408725514967,172079.09,2101237748.9999998
2025-09-24,000858.SZ,000858.SZ,149.19407002778632,149.9999304600503,148.71787977235758,149.41385014567652,130564.29,1597546879.0
2025-09-25,000858.SZ,000858.SZ,149.45050227789594,149.7679624951529,148.36381153420862,148.37602154256464,194554.97,2371492767.0
2025-09-26,000858.SZ,000858.SZ,148.37606391807483,148.55921409572224,146.54456214160092,146.7277123192483,261925.42,3154953964.0
2025-09-29,000858.SZ,000858.SZ,146.8376454341273,149.65815899601682,146.26377470941384,148.86450799375353,256357.52,3105049104.0
2025-09-30,000858.SZ,000858.SZ,148.27841592645728,148.7546064914385,147.58244510071552,148.32725598440408,154570.57,1875945187.0
2025-10-09,000858.SZ,000858.SZ,148.27844245894372,148.27844245894372,146.38588987485807,147.93656199214115,203756.52,2455273213.0
2025-10-10,000858.SZ,000858.SZ,147.91214583026638,149.10872749539485,147.31385499770215,147.41153513363102,175359.95,2126979085.0
2025-10-13,000858.SZ,000858.SZ,146.0928521161963,147.00860338311773,145.5922414236126,146.337052454042,195834.7,2345294276.0
2025-10-14,000858.SZ,000858.SZ,147.2161514196238,149.6581544289897,146.54460059204817,149.04765367664822,291655.82,3543893434.0
2025-10-15,000858.SZ,000858.SZ,148.1563225782297,149.75583454936435,147.81444215691846,149.04765367664822,194595.57,2371853783.0
2025-10-16,000858.SZ,000858.SZ,148.6569843421457,149.8779862669272,148.35173386095033,149.86577624767938,198478.1,2427170002.0
2025-10-17,000858.SZ,000858.SZ,148.9622342819734,150.13439612550368,147.81449247685,147.82670249605343,180407.98,2197211376.0
2025-10-20,000858.SZ,000858.SZ,148.16864372308967,148.4128442071821,146.6423906975119,147.0819515688783,131644.96,1589202775.0
2025-10-21,000858.SZ,000858.SZ,147.47265898131553,148.35178064439341,146.94762798808847,147.15519838075963,147293.56,1780274211.0
2025-10-22,000858.SZ,000858.SZ,146.52026229582285,147.46043397888772,146.398162077243,146.6423625144027,127826.68,1536553800.0
2025-10-23,000858.SZ,000858.SZ,146.5201947899903,148.2906471437027,146.4713547250603,148.14412694891269,155718.08,1879432996.0
2025-10-24,000858.SZ,000858.SZ,147.7045163151776,148.08302669012764,146.64224526289848,146.8742354927066,174322.0,2099912711.0000002
2025-10-27,000858.SZ,000858.SZ,146.5811952024227,147.1916958071808,146.37362499680492,146.8742354927066,143943.37,1729967257.0
2025-10-28,000858.SZ,000858.SZ,146.87416431801464,147.3625645651441,146.532284145024,146.6421742006281,140194.59,1686492048.0
2025-10-29,000858.SZ,000858.SZ,146.34906323626686,146.4589532386969,144.3344131917162,145.09143320845644,245082.7,2910549080.0
2025-10-30,000858.SZ,000858.SZ,144.09014641369265,145.9704855839078,144.07793641908086,144.65180616583484,204329.85,2423170734.0
2025-10-31,000858.SZ,000858.SZ,140.90329617306796,146.08033235828293,140.90329617306796,145.28668294309668,421077.02,4986642237.0
2025-11-03,000858.SZ,000858.SZ,144.68839926975073,146.031498334702,143.46740011979503,145.27447886172948,223270.34,2646147018.0
2025-11-04,000858.SZ,000858.SZ,145.03023315582385,145.28664289620707,142.86906534402212,143.0522151585816,172733.63,2034069113.0
2025-11-05,000858.SZ,000858.SZ,142.0631530910747,142.85680199102484,141.63580368340925,141.85558337878007,164630.35,1915561293.0
2025-11-06,000858.SZ,000858.SZ,142.25852325364545,143.22311198740545,141.70907397492138,141.8433837986095,154673.07,1803321902.0
2025-11-07,000858.SZ,000858.SZ,141.84342852027942,142.84464752162768,141.57480878821036,142.55160781391598,145435.57,1694831993.0
2025-11-10,000858.SZ,000858.SZ,142.55167566753724,148.44910259236983,142.29526580124016,147.4967230889807,429064.59,5132402569.0
2025-11-11,000858.SZ,000858.SZ,146.82510925328688,147.70422841056228,145.54306048226024,147.47223863294792,229267.94,2754670110.0
2025-11-12,000858.SZ,000858.SZ,147.4844200015664,149.5723275949324,146.94718062081725,146.9838105785956,222544.39,2700551157.0
2025-11-13,000858.SZ,000858.SZ,146.5198656398584,148.07053421788024,146.0680960541355,147.985064296257,160022.93,1928439961.0
2025-11-14,000858.SZ,000858.SZ,147.35019194815874,148.94970099234243,146.75190230567782,146.7763222910852,139243.65,1683294872.0
2025-11-17,000858.SZ,000858.SZ,146.54435098102002,147.16706068773823,145.31114156183298,146.70308090626193,117387.78,1406740312.0
2025-11-18,000858.SZ,000858.SZ,146.5199580176332,148.65670740539036,146.22691810159793,146.9595178916861,147668.67,1784778982.0
2025-11-19,000858.SZ,000858.SZ,146.91067079848253,147.11824072896576,146.15365105201428,146.38564097431907,95149.62,1142098879.0
2025-11-20,000858.SZ,000858.SZ,146.37346709399827,148.52242690452078,146.03158712414242,146.82523705416494,158258.45,1909518433.0
2025-11-21,000858.SZ,000858.SZ,146.6543154500396,148.24161550902764,145.79961541827683,146.1292854305282,205071.64,2468277644.0
2025-11-24,000858.SZ,000858.SZ,146.21468358467177,147.08159319089404,144.68843427794243,144.71285426685012,173010.96,2066246186.0
2025-11-25,000858.SZ,000858.SZ,144.71290838611176,145.18909834789528,143.87041845372553,144.70069838709168,146608.88,1735233690.0
2025-11-26,000858.SZ,000858.SZ,144.71283973742106,145.65300921597165,144.07792008956875,144.3953799134949,91697.59,1085069921.0
2025-11-27,000858.SZ,000858.SZ,144.4442057285706,144.67619557716256,143.71160620670128,144.004646015449,92156.51,1087246956.0
2025-11-28,000858.SZ,000858.SZ,143.95582043679738,144.0046604098039,143.28427080795734,143.89477047053919,80296.19,945107391.0
2025-12-01,000858.SZ,000858.SZ,143.83373095713534,144.83495047653136,142.97903136740703,143.6505810450507,120912.01,1422932700.0
2025-12-02,000858.SZ,000858.SZ,143.5894978160789,143.79706766836406,142.2463987718809,142.33186871105713,124928.41,1461213467.0
2025-12-03,000858.SZ,000858.SZ,142.51504450711187,142.91797429367242,141.02542529619106,141.14752523151245,165871.0,1923087546.0
2025-12-04,000858.SZ,000858.SZ,141.15974903884128,141.3306889650193,139.34045982451838,139.74338965050936,169291.53,1940544885.0
2025-12-05,000858.SZ,000858.SZ,139.7677965093758,140.86669593156887,139.4503366762978,140.36608619479202,117681.83,1351054927.0
2025-12-08,000858.SZ,000858.SZ,140.23174288809597,140.57362262696114,138.09499452018852,138.3025643616424,276978.74,3157374147.0
2025-12-09,000858.SZ,000858.SZ,137.97289834648384,138.07057827451675,134.92040059545545,135.38438025361174,304310.37,3390789037.0
2025-12-10,000858.SZ,000858.SZ,134.92041645422316,136.4466655091352,133.71162720273284,136.28793560742434,178695.87,1984146058.0
2025-12-11,000858.SZ,000858.SZ,136.75198202181141,137.64331190463216,136.48336205712573,136.62988203786338,157884.22,1772255902.0
2025-12-12,000858.SZ,000858.SZ,137.11827718188766,138.82767689742323,136.2635773241199,136.2635773241199,257022.1,2889348467.0
2025-12-15,000858.SZ,000858.SZ,137.11821084810128,138.29037008598354,136.81296104656946,137.3013607290204,215686.29,2429077630.0
2025-12-16,000858.SZ,000858.SZ,136.75190255439605,138.08279160604152,136.33676285021306,137.97290168434603,145067.67,1631458612.0
2025-12-17,000858.SZ,000858.SZ,137.97292601819112,138.8886755271614,136.87402660742674,138.4613257563086,153140.01,1732389486.0
2025-12-18,000858.SZ,000858.SZ,138.46135637503156,138.88616111395513,137.84913778070052,137.97408035097217,124628.5,1379153250.0
2025-12-19,000858.SZ,000858.SZ,138.2490160193501,138.53638405987834,137.48686599881867,138.09908486777013,138187.18,1526045351.0
2025-12-22,000858.SZ,000858.SZ,138.07416045504155,138.43649423960366,137.58688398614763,137.84926362324435,108464.97,1197376767.0
2025-12-23,000858.SZ,000858.SZ,137.5993599824067,137.97418798562765,136.5998186404842,137.08709504467143,113540.23,1248444948.0
2025-12-24,000858.SZ,000858.SZ,136.81224971992023,136.92469814434756,135.91266232450158,136.5373757935423,117904.69,1286401444.0
2025-12-25,000858.SZ,000858.SZ,136.53736730007805,138.31155344178845,136.4374131512493,138.1866107557525,125708.09,1385101983.0
2025-12-26,000858.SZ,000858.SZ,137.56191186117132,138.0491883882,136.73729004619975,137.16209522360936,114758.89,1261539560.0
2025-12-29,000858.SZ,000858.SZ,136.73724823794447,136.93715649560227,134.93807391902416,135.01303951564583,195452.51,2119598416.0000002
2025-12-30,000858.SZ,000858.SZ,134.81311533557277,134.9255637172243,133.71362004831323,134.1384250456635,158470.27,1700875914.0
2025-12-31,000858.SZ,000858.SZ,133.92595842835647,134.00092398023352,131.95186556226074,132.3641760975845,208676.82,2214652658.0
