Date,Symbol,Name,Open,High,Low,Close,Volume,Amount
2017-01-03,002024.SZ,002024.SZ,11.72,11.98,11.68,11.79,871646.31,1027465005.0
2017-01-04,002024.SZ,002024.SZ,11.699436813559318,11.819431037288133,11.629440183050844,11.799431999999998,499709.83,586085791.0
2017-01-05,002024.SZ,002024.SZ,11.799311597632652,11.839309264065305,11.709316848159183,11.759313931199998,422002.81,496776187.0
2017-01-06,002024.SZ,002024.SZ,11.759387046105271,11.759387046105271,11.559397470491238,11.57939642805264,328912.11,382758352.0
2017-01-09,002024.SZ,002024.SZ,11.589710705303473,11.619709956481998,11.51971245255358,11.55971145412495,301096.84,348038463.0
2017-01-10,002024.SZ,002024.SZ,11.579699138879047,11.929690045494562,11.579699138879047,11.759694462281312,733895.11,867605703.0
2017-01-11,002024.SZ,002024.SZ,11.739719063328888,11.859716191744514,11.689720259822376,11.699720020523678,439546.77,517083234.0
2017-01-12,002024.SZ,002024.SZ,11.689332304040827,11.749328877029916,11.409348296758411,11.44934601208447,409052.48,472828749.0
2017-01-13,002024.SZ,002024.SZ,11.419517779053349,11.449516512273279,11.019534669454282,11.079532135894143,650230.54,729045115.0
2017-01-16,002024.SZ,002024.SZ,11.079228193214606,11.129224710332,10.599261628887618,10.789248393933716,489614.58,535093763.99999994
2017-01-17,002024.SZ,002024.SZ,10.788734620200671,10.958714683725614,10.708744002071288,10.91871937466092,263386.89,285821848.0
2017-01-18,002024.SZ,002024.SZ,10.919236735468756,10.949234638588175,10.859240929229916,10.889238832349337,191298.69,208690129.0
2017-01-19,002024.SZ,002024.SZ,10.909745052045,10.909745052045,10.769748323604459,10.809747388873186,167949.28,182023321.0
2017-01-20,002024.SZ,002024.SZ,10.79027498140907,10.93027854928648,10.780274726560682,10.910278039589707,186664.34,203494231.0
2017-01-23,002024.SZ,002024.SZ,10.930283531181898,11.020285865839389,10.900282752962735,10.97028456880745,185712.85,203932545.0
2017-01-24,002024.SZ,002024.SZ,10.99079588952549,11.02079806210836,10.900789371776874,10.930791544359744,135181.48,148007791.0
2017-01-25,002024.SZ,002024.SZ,10.960908411326372,11.050915870908431,10.930905924799017,10.990910897853723,190106.82,209179541.0
2017-01-26,002024.SZ,002024.SZ,11.021139377817233,11.141151784835207,11.01113834389907,11.071144547408057,209398.52,232058445.0
2017-02-03,002024.SZ,002024.SZ,11.091220890796379,11.111223092583206,11.011212083649065,11.051216487222721,97297.09,107435994.0
2017-02-06,002024.SZ,002024.SZ,11.101001769071383,11.1210035740607,11.02099454911411,11.091000866576724,128213.59,141938099.0
2017-02-07,002024.SZ,002024.SZ,11.07107520601534,11.111079091131927,10.991067435782167,11.051073263457047,161636.13,178556304.0
2017-02-08,002024.SZ,002024.SZ,11.041515142844128,11.041515142844128,10.851489067016196,10.971505535960155,407785.94,445344377.0
2017-02-09,002024.SZ,002024.SZ,10.961377377479964,11.031386174598904,10.961377377479964,10.981379890942518,253945.09,279170141.0
2017-02-10,002024.SZ,002024.SZ,11.011772650233079,11.071782310452333,10.97176621008691,11.041777480342704,287712.98,317154547.0
2017-02-13,002024.SZ,002024.SZ,11.041856350181847,11.281896705620584,11.001849624275392,11.201883253807672,391635.66,435764538.0
2017-02-14,002024.SZ,002024.SZ,11.19236467513274,11.282383693967589,11.08234142989015,11.122349882705636,310738.22,346304838.0
2017-02-15,002024.SZ,002024.SZ,11.112307616483626,11.222330464171584,11.042293077045835,11.072299308233463,339942.45,377937302.0
2017-02-16,002024.SZ,002024.SZ,11.0320345041692,11.142054793875332,11.0320345041692,11.142054793875332,219684.23,244020451.0
2017-02-17,002024.SZ,002024.SZ,11.182269468646526,11.382310067370078,11.102253229157105,11.222277588391236,518043.55,581461480.0
2017-02-20,002024.SZ,002024.SZ,11.212568572589653,11.312591485815252,11.152554824654294,11.252577737879891,385903.05,433487086.0
2017-02-21,002024.SZ,002024.SZ,11.262945697385216,11.62303987598723,11.232937849168383,11.553021563481284,900015.78,1030695919.0
2017-02-22,002024.SZ,002024.SZ,11.482852158827297,11.512859612204023,11.352819860861484,11.402832283156027,556942.89,636020449.0
2017-02-23,002024.SZ,002024.SZ,11.40287275461045,11.432880314491001,11.10279715580491,11.272839995128049,614398.43,690431950.0
2017-02-24,002024.SZ,002024.SZ,11.202680081552685,11.312706403782222,11.162670509832855,11.262694439132433,252550.02,284040240.0
2017-02-27,002024.SZ,002024.SZ,11.263018241597559,11.363045046585103,11.192999478106277,11.203002158605031,307393.58,346324117.0
2017-02-28,002024.SZ,002024.SZ,11.252936104678248,11.4329830823531,11.232930884936598,11.33295698364485,322088.15,365168408.0
2017-03-01,002024.SZ,002024.SZ,11.302409876000555,11.492450396039501,11.282405610733296,11.362422671802326,410660.47,467923959.0
2017-03-02,002024.SZ,002024.SZ,11.352242143988796,11.372246094903314,11.192210536672654,11.202212512129913,362172.97,407285740.0
2017-03-03,002024.SZ,002024.SZ,11.192210536672654,11.232218438501691,11.112194733014583,11.202212512129913,246878.76,275583008.0
2017-03-06,002024.SZ,002024.SZ,11.222456296699916,11.282469431976386,11.152440972210702,11.232458485912662,221047.85,248017013.0
2017-03-07,002024.SZ,002024.SZ,11.2128298653578,11.262842487415595,11.112804621242208,11.162817243300005,310164.48,346480768.0
2017-03-08,002024.SZ,002024.SZ,11.162551749268275,11.162551749268275,11.092535743672505,11.102538030186185,228096.38,253589253.0
2017-03-09,002024.SZ,002024.SZ,11.082654577743051,11.122664161056203,10.94262103614702,10.982630619460174,301335.51,331575091.0
2017-03-10,002024.SZ,002024.SZ,10.982512698585461,11.052528717611052,10.972510410153234,10.992514987017687,179688.58,197711788.0
2017-03-13,002024.SZ,002024.SZ,10.992080468746215,11.072095613195687,10.912065324296742,11.032088040970951,247860.53,272784206.0
2017-03-14,002024.SZ,002024.SZ,11.032307679814673,11.062313956369021,10.982297218890764,11.00230140326033,159259.2,175462928.0
2017-03-15,002024.SZ,002024.SZ,11.052211479880297,11.08221748389807,10.98219747050549,11.012203474523263,181715.68,200432352.0
2017-03-16,002024.SZ,002024.SZ,11.052674316173317,11.112688837347108,11.032669475782052,11.082681576760212,212264.68,235063969.0
2017-03-17,002024.SZ,002024.SZ,11.103113052860095,11.113115857412222,10.893054157265446,10.93306537547395,302235.55,332720894.0
2017-03-20,002024.SZ,002024.SZ,10.912617832544445,10.962629829943825,10.802591438265813,10.892613033584695,253590.96,276281371.0
2017-03-21,002024.SZ,002024.SZ,10.902709111844342,10.952721538962892,10.862699170149499,10.942719053539184,163553.86,178591082.0
2017-03-22,002024.SZ,002024.SZ,10.8931547949774,10.923163485872655,10.803128722291637,10.843140310151977,200139.28,217156268.0
2017-03-23,002024.SZ,002024.SZ,10.832893792400826,10.92291784053712,10.802885776355394,10.852899136431112,165223.82,179541733.0
2017-03-24,002024.SZ,002024.SZ,10.842573463375556,10.92259245572519,10.832571089331852,10.912590081681486,223380.32,242682656.0
2017-03-27,002024.SZ,002024.SZ,10.892585333594079,11.022616196162234,10.872580585506668,10.912590081681486,217310.98,237760320.0
2017-03-28,002024.SZ,002024.SZ,10.92204231044341,10.92204231044341,10.852029218709799,10.882034829452778,145123.14,157863537.0
2017-03-29,002024.SZ,002024.SZ,10.88219574678852,10.902199783087763,10.822183637890788,10.822183637890788,166296.07,180463186.0
2017-03-30,002024.SZ,002024.SZ,10.82234561631755,10.862354287727225,10.662310930678842,10.692317434236099,330306.79,353985776.0
2017-03-31,002024.SZ,002024.SZ,10.80244830380873,10.91247324023641,10.772441502964815,10.80244830380873,287090.18,311102007.0
2017-04-05,002024.SZ,002024.SZ,10.802290603833493,10.992330901493526,10.802290603833493,10.962324538705099,260375.92,284857015.0
2017-04-06,002024.SZ,002024.SZ,10.952594724146522,10.9826018329798,10.912585245702152,10.942592354535428,168993.94,184867860.0
2017-04-07,002024.SZ,002024.SZ,10.922434000839017,11.002451832346996,10.91243177190052,10.952440687654509,204672.43,224154806.0
2017-04-10,002024.SZ,002024.SZ,10.941983786757891,10.961987413424726,10.79195658675664,10.831963840090308,343610.66,372928748.0
2017-04-11,002024.SZ,002024.SZ,10.872295450572619,10.892299674032735,10.742267998081871,10.86229333884256,261368.85,282638577.0
2017-04-12,002024.SZ,002024.SZ,10.812100910001332,10.862110627438895,10.782095079538792,10.822102853488843,204711.5,221629972.0
2017-04-13,002024.SZ,002024.SZ,10.821841044537077,10.881851253656508,10.791835939977362,10.831842746056981,199946.2,216645790.0
2017-04-14,002024.SZ,002024.SZ,10.821625820247395,10.831627322853908,10.691606286362722,10.71160929157575,255908.62,274854803.0
2017-04-17,002024.SZ,002024.SZ,10.71201009354453,10.722011970382573,10.561981940973878,10.611991325164094,299970.61,318492798.0
2017-04-18,002024.SZ,002024.SZ,10.601830268314504,10.691845808328496,10.591828541646285,10.591828541646283,190968.43,203157993.0
2017-04-19,002024.SZ,002024.SZ,10.561563859863037,10.571565340790938,10.411541645944528,10.461549050584033,291131.44,304682093.0
2017-04-20,002024.SZ,002024.SZ,10.461088542204774,10.511093745561393,10.411083338848155,10.451087501533449,170407.81,178196695.0
2017-04-21,002024.SZ,002024.SZ,10.50109270489007,10.521094786232716,10.441086460862126,10.451087501533449,120063.07,125741066.0
2017-04-24,002024.SZ,002024.SZ,10.451041573902826,10.471043567345703,10.211017652588312,10.241020642752627,231228.24,237608650.0
2017-04-25,002024.SZ,002024.SZ,10.251261663395377,10.321270279633199,10.251261663395377,10.251261663395377,165567.57,170225062.0
2017-04-26,002024.SZ,002024.SZ,10.271037553174851,10.29103957372631,10.17102745041755,10.20103048124474,192455.65,196571111.0
2017-04-27,002024.SZ,002024.SZ,10.20147400430914,10.20147400430914,9.901430651241226,10.12146244349103,375052.5,376666054.0
2017-04-28,002024.SZ,002024.SZ,10.131463888593295,10.171469669002349,10.041450882672919,10.12146244349103,180932.96,182949174.0
2017-05-02,002024.SZ,002024.SZ,10.161784792717832,10.571856816833414,10.161784792717832,10.401826953175734,380999.73,395767943.0
2017-05-03,002024.SZ,002024.SZ,10.402067457845172,10.472081373426821,10.332053542263521,10.3820634819647,142706.61,148267708.0
2017-05-04,002024.SZ,002024.SZ,10.371753053711814,10.421761506236944,10.281737839166581,10.291739529671606,151600.95,156923827.0
2017-05-05,002024.SZ,002024.SZ,10.291958178288096,10.321963887262699,10.111923924440491,10.121925827432024,167632.51,171011989.0
2017-05-08,002024.SZ,002024.SZ,10.131686971744815,10.171693633035021,10.041671983841848,10.10168197577716,166991.17,168861808.0
2017-05-09,002024.SZ,002024.SZ,10.082175279548071,10.162192543671468,10.062170963517222,10.152190385656045,136664.85,138232016.0
2017-05-10,002024.SZ,002024.SZ,10.162492313363021,10.472568358357366,10.132484954170021,10.172494766427356,328474.3,336441224.0
2017-05-11,002024.SZ,002024.SZ,10.142152635612785,10.232171741846035,9.982118668975897,10.212167496016423,340944.5,343776281.0
2017-05-12,002024.SZ,002024.SZ,10.182398083115183,10.382445196732379,10.162393371753465,10.27241928424292,276318.86,283710792.0
2017-05-15,002024.SZ,002024.SZ,10.322856862928553,10.462895618820996,10.292848558094459,10.402879009152805,248371.31,258109392.0
2017-05-16,002024.SZ,002024.SZ,10.402639403494245,10.432647017158171,10.252601335174617,10.422644479270195,278770.54,288465567.0
2017-05-17,002024.SZ,002024.SZ,10.442897011196738,10.672960834240346,10.412888686451922,10.552927535261073,465597.34,492174096.0
2017-05-18,002024.SZ,002024.SZ,10.503195348025935,10.61322882310049,10.433174045705762,10.443177088894357,262880.46,276403887.0
2017-05-19,002024.SZ,002024.SZ,10.482698049351912,10.572721219623064,10.422682602504477,10.502703198301056,155875.71,163578344.0
2017-05-22,002024.SZ,002024.SZ,10.542464847296133,10.772518634286467,10.512457831601742,10.602478878684916,405850.41,431990607.0
2017-05-23,002024.SZ,002024.SZ,10.552264643304582,10.652286109117895,10.372226004840616,10.422236737747273,232397.9,244204838.0
2017-05-24,002024.SZ,002024.SZ,10.42246900473743,10.522492699600551,10.312442940387994,10.502487960627928,172869.97,180368833.0
2017-05-25,002024.SZ,002024.SZ,10.482138403128276,10.662175131426281,10.422126160362275,10.642171050504281,271498.07,287083589.0
2017-05-26,002024.SZ,002024.SZ,10.641945521051554,10.641945521051554,10.551929064576495,10.57193272157095,141082.71,149428438.0
2017-05-31,002024.SZ,002024.SZ,10.702207177563292,10.792225742608217,10.632192738083907,10.632192738083907,344500.2,369041856.0
2017-06-01,002024.SZ,002024.SZ,10.63165591658782,10.651659032141136,10.201588932191509,10.201588932191509,528033.93,548303526.0
2017-06-02,002024.SZ,002024.SZ,10.161130200790344,10.401156898446809,10.131126863583287,10.33114911163034,221477.09,227456949.0
2017-06-05,002024.SZ,002024.SZ,10.340694259772095,10.520706345532151,10.310692245478753,10.410698959789896,243027.38,253136189.0
2017-06-06,002024.SZ,002024.SZ,10.410258622092268,10.480260361145723,10.340256883038814,10.450259615837098,131736.9,137281450.0
2017-06-07,002024.SZ,002024.SZ,10.460281780617205,10.661634654161327,10.440146493262791,10.641499366806915,271352.38,285316112.0
2017-06-08,002024.SZ,002024.SZ,10.621688172405879,10.672027926777469,10.571348418034287,10.591484319782923,156515.26,164939324.0
2017-06-09,002024.SZ,002024.SZ,10.964420273130171,11.065103654885268,10.752985171444465,10.783190185970994,637597.91,689974411.0
2017-06-12,002024.SZ,002024.SZ,10.682323511873946,11.427367753041404,10.682323511873946,11.266277106302494,1303055.97,1442665210.0
2017-06-13,002024.SZ,002024.SZ,11.285981450431093,11.366523690933722,11.13496474948866,11.205439209928462,621721.54,692591739.0
2017-06-14,002024.SZ,002024.SZ,11.175201670098252,11.316150159631023,11.124862923836549,11.185269419350591,406611.74,452294478.0
2017-06-15,002024.SZ,002024.SZ,11.18527753196667,11.215480801629948,11.074532209867991,11.104735479531268,397743.15,440339615.0
2017-06-16,002024.SZ,002024.SZ,11.134865121429263,11.175135881362099,11.05432360156359,11.114729741462844,236130.08,260621270.0
2017-06-19,002024.SZ,002024.SZ,11.144739511764792,11.346089819113748,11.084334419560104,11.144739511764794,298115.94,331157692.0
2017-06-20,002024.SZ,002024.SZ,11.155031946946957,11.195302820401638,11.074490200037593,11.084557918401263,226340.14,249792798.0
2017-06-21,002024.SZ,002024.SZ,11.165108693693107,11.21544732621652,11.064431428646278,11.205379599711836,292034.18,323586679.0
2017-06-22,002024.SZ,002024.SZ,11.194784670154952,11.255188184562263,10.902834350519617,10.902834350519617,380087.66,419265401.0
2017-06-23,002024.SZ,002024.SZ,10.922459452350553,10.992926932688299,10.781524491675064,10.922459452350553,311986.52,336996315.0
2017-06-26,002024.SZ,002024.SZ,10.912093901064175,11.244288641594727,10.891960886486565,11.214089119728312,536914.42,591813473.0
2017-06-27,002024.SZ,002024.SZ,11.244209698794181,11.32474119171303,11.133478896030766,11.183811079105045,300330.59,334715264.0
2017-06-28,002024.SZ,002024.SZ,11.143563684321375,11.224095309862994,10.972433980045437,11.002633339623543,319075.61,350503121.0
2017-06-29,002024.SZ,002024.SZ,11.012895336337301,11.445760509520577,11.012895336337301,11.395427349848104,827360.58,928196628.0
2017-06-30,002024.SZ,002024.SZ,11.324775700279044,11.37510803672473,11.27444336383336,11.324775700279046,360819.18,405840379.0
2017-07-03,002024.SZ,002024.SZ,11.324274604009123,11.56585912889465,11.27394449465797,11.374604713360274,562654.02,638873046.0
2017-07-04,002024.SZ,002024.SZ,11.374420093987109,11.424749386438378,11.05231262229898,11.163037065691773,475537.47,528870079.0
2017-07-05,002024.SZ,002024.SZ,11.122603507017788,11.263523370455115,11.112537802486548,11.253457665923877,243247.49,271005742.0
2017-07-06,002024.SZ,002024.SZ,11.253396227574473,11.26346187715191,10.961492389828804,11.062148885603172,588707.83,648137397.0
2017-07-07,002024.SZ,002024.SZ,11.002193048885111,11.143117753994344,10.94179674669544,11.022325149615,303950.16,333002333.0
2017-07-10,002024.SZ,002024.SZ,11.002700530114302,11.022833559446624,10.861769324788044,10.91210189811885,360811.03,391742436.0
2017-07-11,002024.SZ,002024.SZ,10.952584597028794,11.113652017573335,10.932451169460727,10.99285145216493,306507.5,336031890.0
2017-07-12,002024.SZ,002024.SZ,11.003265414008514,11.033466508465994,10.872394004692769,10.973064319551034,223820.58,243330252.0
2017-07-13,002024.SZ,002024.SZ,10.992909350108278,11.224444986603233,10.992909350108278,11.10364378495369,373296.92,412205548.0
2017-07-14,002024.SZ,002024.SZ,11.083373686665553,11.335039755845061,11.053173758364013,11.274639899241977,457135.13,510983055.0
2017-07-17,002024.SZ,002024.SZ,11.224472971431046,11.305007306652076,10.87213525483904,10.872135254839039,528296.41,577279738.0
2017-07-18,002024.SZ,002024.SZ,10.881803795980582,11.022733724883198,10.851604525501449,11.002600877897109,256957.69,279287740.0
2017-07-19,002024.SZ,002024.SZ,10.519925161303528,10.751464183992505,10.288386138614552,10.701129613842728,856019.32,902394298.0
2017-07-20,002024.SZ,002024.SZ,10.700769186801658,10.801434936442313,10.569903712268806,10.610170012125065,492374.25,521649962.0
2017-07-21,002024.SZ,002024.SZ,10.680142928984592,10.800936251461328,10.599614047333437,10.639878488159015,390773.67,414376458.0
2017-07-24,002024.SZ,002024.SZ,10.64011965873808,10.64011965873808,10.479058244793132,10.569655290137165,286118.91,299809555.0
2017-07-25,002024.SZ,002024.SZ,10.57000527872293,10.751205369215322,10.539805263640865,10.640471980581083,268938.21,284944026.0
2017-07-26,002024.SZ,002024.SZ,10.600205293804995,10.68073866735717,10.539805263640865,10.640471980581083,229757.37,242227287.0
2017-07-27,002024.SZ,002024.SZ,10.680430664660715,10.952222962441903,10.6300987576642,10.82136000425096,517031.84,556057449.0
2017-07-28,002024.SZ,002024.SZ,10.871566314067357,10.972228965123536,10.780969928116795,10.891698844278592,291049.34,314780139.0
2017-07-31,002024.SZ,002024.SZ,11.072739014984332,11.978690388937597,11.072739014984332,11.978690388937597,1511162.76,1749866767.0
2017-08-01,002024.SZ,002024.SZ,12.371822055110036,12.633553034306832,12.200690261019822,12.391955207355943,2574252.82,3172914138.0
2017-08-02,002024.SZ,002024.SZ,12.392403146064668,12.613875826173054,12.201131285971062,12.281666806010474,1339133.19,1648148991.0
2017-08-03,002024.SZ,002024.SZ,12.180916199311833,12.352053038475718,11.989645614363962,12.080247470391901,979988.88,1181129795.0
2017-08-04,002024.SZ,002024.SZ,12.090314343283893,12.261451182447779,12.029913105931934,12.080247470391901,609114.71,733141067.0
2017-08-07,002024.SZ,002024.SZ,12.080654555395117,12.181326676690075,11.748436555121751,11.949780797711668,724859.1,857850123.0
2017-08-08,002024.SZ,002024.SZ,12.019813273461583,12.19094964335174,11.919144820585021,12.100348035762833,656218.72,786476555.0
2017-08-09,002024.SZ,002024.SZ,12.100114415181944,12.341714037448472,11.908848047554278,12.200780924459664,746764.31,901814770.0
2017-08-10,002024.SZ,002024.SZ,12.15047221617973,12.2914056138819,11.95920546215536,11.959205462155362,497587.83,597828926.0
2017-08-11,002024.SZ,002024.SZ,11.828793671822854,11.899263080931588,11.496580743167405,11.516714860055613,575677.76,668273431.0
2017-08-14,002024.SZ,002024.SZ,11.577355096690322,11.859238525131477,11.547153300785913,11.75856587211678,349301.52,406845778.0
2017-08-15,002024.SZ,002024.SZ,11.748498606815309,11.879373055734419,11.67802774970502,11.75856587211678,287972.35,336391934.0
2017-08-16,002024.SZ,002024.SZ,11.809011775844201,12.262042918140013,11.748607623538092,12.15130197224548,824420.09,991590885.0
2017-08-21,002024.SZ,002024.SZ,12.574131038388241,12.755343495306565,12.151301972245482,12.15130197224548,1334481.73,1644110164.0
2017-08-22,002024.SZ,002024.SZ,12.110695621407856,12.362372587771278,11.999957756207952,12.2315005652623,684251.39,827427897.0
2017-08-23,002024.SZ,002024.SZ,12.200903250020295,12.210970001876749,11.858633686900914,11.939167701752533,529694.95,631613056.0
2017-08-24,002024.SZ,002024.SZ,11.919113999298634,11.979514914835622,11.717777614175349,11.727844433431512,315030.85,369972294.0
2017-08-25,002024.SZ,002024.SZ,11.71748317257431,11.918814498563558,11.71748317257431,11.818148835568934,269266.07,316771803.0
2017-08-28,002024.SZ,002024.SZ,11.868064182786501,12.109653275565869,11.757335848595957,12.019057365773605,535123.55,636907630.0
2017-08-29,002024.SZ,002024.SZ,12.009447191213209,12.110113135816839,11.878581463228489,11.928914435530304,310670.49,370593466.0
2017-08-30,002024.SZ,002024.SZ,11.908259107802815,12.049185251090423,11.857928342342953,11.938457567078729,238129.38,282378860.0
2017-08-31,002024.SZ,002024.SZ,12.059061048240832,12.149654996015597,11.958401106268873,11.98859908886046,310253.06,371040776.0
2017-09-01,002024.SZ,002024.SZ,11.988051096820545,12.068575369511194,11.816937017352913,11.847133619611906,414709.12,490283799.0
2017-09-04,002024.SZ,002024.SZ,11.797367557805352,11.80743357107993,11.60611330558837,11.777235531256196,533863.51,621106913.0
2017-09-05,002024.SZ,002024.SZ,11.767391540047992,11.83785496244349,11.676795711253781,11.737192930449924,269779.94,314896538.0
2017-09-06,002024.SZ,002024.SZ,11.717377255541852,11.838174959207231,11.636845453098266,11.767709632069092,245827.23,286761576.0
2017-09-07,002024.SZ,002024.SZ,11.727031192420466,11.79749404078694,11.596171616882726,11.64650222285878,317312.4,368333713.0
2017-09-08,002024.SZ,002024.SZ,11.726945850155799,11.837672377496325,11.686681658395607,11.75714399397594,338095.7,395133563.0
2017-09-11,002024.SZ,002024.SZ,11.757096689456938,12.079208927524252,11.706766652258922,12.008746875447027,515610.69,613175191.0
2017-09-12,002024.SZ,002024.SZ,12.019377174686147,12.120041975144156,11.93884533431974,12.04957661482355,373966.76,446740957.0
2017-09-13,002024.SZ,002024.SZ,12.039434887839407,12.140099059142411,11.958903550797002,12.079700556360608,305046.22,365621750.0
2017-09-14,002024.SZ,002024.SZ,12.1002421687763,12.14050919762414,11.898907024537094,11.919040538961013,275919.63,329009741.0
2017-09-15,002024.SZ,002024.SZ,11.899052601649371,11.9493870035176,11.748049396044683,11.848718199781143,301524.3,354002203.0
2017-09-18,002024.SZ,002024.SZ,11.848239314087234,12.089834678180772,11.777773999559951,12.079768204676874,374610.09,445571581.0
2017-09-19,002024.SZ,002024.SZ,12.109967625188565,12.230765307235336,11.9791034696379,11.989169943141798,428131.37,514110823.0
2017-09-20,002024.SZ,002024.SZ,11.979415721150142,13.066623198363768,11.979415721150142,12.74448764955973,1368148.76,1703154899.0
2017-09-21,002024.SZ,002024.SZ,12.765165090598536,13.278590500393904,12.765165090598536,13.087314367332885,1695733.29,2199614128.0
2017-09-22,002024.SZ,002024.SZ,12.966812766688694,13.228565198314396,12.765464742361228,12.866138754524961,860399.65,1107343525.0
2017-09-25,002024.SZ,002024.SZ,12.937063344409282,13.12835066234218,12.786047040778044,12.886724576532202,626879.21,807100393.0
2017-09-26,002024.SZ,002024.SZ,12.886972199742642,12.947379881928933,12.41377868928334,12.574865841780124,677887.45,845586897.0
2017-09-27,002024.SZ,002024.SZ,12.534666835169787,12.705822928501423,12.47425880222921,12.484326807719308,546902.47,683738762.0
2017-09-28,002024.SZ,002024.SZ,12.554265742284908,13.21872567732164,12.473725144098637,13.178455378228502,1152831.34,1480718951.0
2017-09-29,002024.SZ,002024.SZ,13.138658454964173,13.440696580365648,13.037979079830347,13.188998142531085,1080257.14,1421811876.0
2017-10-09,002024.SZ,002024.SZ,13.441307962231758,14.17630083207664,13.260076843639869,13.944727736098114,1408547.82,1928136479.0
2017-10-10,002024.SZ,002024.SZ,13.974347296759346,14.477745974596498,13.934075402532372,14.05489108521329,1370410.18,1933511344.0
2017-10-11,002024.SZ,002024.SZ,14.095274152556723,14.578540694930096,14.014729728827827,14.29663521187896,1280018.62,1820794213.0
2017-10-12,002024.SZ,002024.SZ,14.146277022462902,14.44833275959734,13.924769481897645,14.186551120747492,775543.16,1091156979.0
2017-10-13,002024.SZ,002024.SZ,14.18666646657662,14.80085145909697,14.15646064727234,14.488724659619416,1192867.11,1726839652.0
2017-10-16,002024.SZ,002024.SZ,14.498217272327441,14.518353685205673,14.004875156810744,14.014943363249861,1025986.85,1449968495.0
2017-10-17,002024.SZ,002024.SZ,14.045739357219105,14.357866898490641,13.914847162492334,14.156494291218685,801699.86,1126981501.0
2017-10-18,002024.SZ,002024.SZ,14.156031171619729,14.478216802837247,13.99493835601097,14.095621365766444,725440.0,1027447637.0
2017-10-19,002024.SZ,002024.SZ,14.09499674443561,14.115132454070517,13.581536148745457,13.631875422832726,861384.26,1176015737.0
2017-10-20,002024.SZ,002024.SZ,13.621888981150883,13.823247280946168,13.54134566123277,13.813179365956403,434220.73,591724584.0
2017-10-23,002024.SZ,002024.SZ,13.874020097784028,14.216339897003662,13.793474262673525,14.186135208837225,629769.14,878048014.0
2017-10-24,002024.SZ,002024.SZ,14.18615579829326,14.206292286296515,13.723016574218391,13.874040234242804,540657.97,748324853.0
2017-10-25,002024.SZ,002024.SZ,13.90460241742547,14.025424451465373,13.662958349345665,13.864328406078835,454626.14,624607305.0
2017-10-26,002024.SZ,002024.SZ,13.844419422381527,14.649912916047363,13.693389392319183,14.549226229339132,1207701.24,1715608223.0
2017-10-27,002024.SZ,002024.SZ,14.499572357328319,14.66067871685419,14.33846599780245,14.610332979502354,817244.95,1177689522.0
2017-10-30,002024.SZ,002024.SZ,14.66028896465926,14.771046642276879,14.056156177654072,14.771046642276877,981085.18,1404191276.0
2017-10-31,002024.SZ,002024.SZ,14.720377042250663,15.153329308199213,14.37804269243088,14.53914120999313,1211867.71,1774344999.0
2017-11-01,002024.SZ,002024.SZ,14.50958363726291,14.892209715136602,14.348477920263461,14.6002056030751,739453.9,1074009218.0
2017-11-02,002024.SZ,002024.SZ,14.590188529059695,14.590188529059695,14.10686965439105,14.116938797613313,632739.52,895854835.0
2017-11-03,002024.SZ,002024.SZ,14.096975449818709,14.20773739978157,13.804966672643893,13.956005695320522,532023.34,737559614.0
2017-11-06,002024.SZ,002024.SZ,13.995939408082807,14.56987361402577,13.8348350695725,14.529597529398194,792697.27,1122884848.0
2017-11-07,002024.SZ,002024.SZ,14.650468580041021,14.95254009715527,14.378604214638198,14.821642439739096,1002803.82,1458498031.0
2017-11-08,002024.SZ,002024.SZ,14.871854386259212,15.043026711625771,14.30799260858114,14.378475330790897,866164.42,1258118098.0
2017-11-09,002024.SZ,002024.SZ,14.378467286888611,14.489225788398258,14.207295057282794,14.398605196254003,479226.21,681912823.0
2017-11-10,002024.SZ,002024.SZ,14.418569631710833,14.468913799419319,13.995678622959536,14.227261794418581,815332.13,1146708530.0
2017-11-13,002024.SZ,002024.SZ,14.307724863900352,14.398343810962352,13.220297499156342,13.320985218114119,1787260.03,2415178338.0
2017-11-14,002024.SZ,002024.SZ,13.391223140173267,13.582526327890026,13.149577008320515,13.179782774802108,807903.4,1070829455.0000001
2017-11-15,002024.SZ,002024.SZ,13.140021004711882,13.280986747291164,12.676847850522803,12.827882574714893,966710.53,1243458119.0
2017-11-16,002024.SZ,002024.SZ,12.888102076888103,12.978721544616223,12.686725481936726,12.817620268655121,576198.56,734216632.0
2017-11-17,002024.SZ,002024.SZ,12.817733030609057,12.958697887190773,12.435114134172965,12.47538980748203,650539.78,817616584.0
2017-11-20,002024.SZ,002024.SZ,12.475301272457589,12.535714353680143,12.112822785122258,12.485370119328014,650364.69,799172814.0
2017-11-21,002024.SZ,002024.SZ,12.45465037070874,12.766771762375653,12.24321329893438,12.70636117044012,809338.39,1004344784.0
2017-11-22,002024.SZ,002024.SZ,12.686743613629028,12.867982808109442,12.475297886735213,12.495435575010815,657677.36,825969638.0
2017-11-23,002024.SZ,002024.SZ,12.475040132646644,12.475040132646644,12.14277514122022,12.183049685635543,586956.75,714888574.0
2017-11-24,002024.SZ,002024.SZ,12.112853279758411,12.203473129731666,11.921544707592652,12.022233429785157,428131.74,512601738.0
2017-11-27,002024.SZ,002024.SZ,12.02163130784195,12.182725194714203,11.870605788899212,11.981357836123887,349676.16,417278293.0
2017-11-28,002024.SZ,002024.SZ,11.98106900871138,12.16229526262466,11.950864633059165,12.111954636537638,339427.75,406627655.0
2017-11-29,002024.SZ,002024.SZ,12.021938109601413,12.213241982367267,11.780291112423495,12.193104732602439,504401.72,599397867.0
2017-11-30,002024.SZ,002024.SZ,12.112426681984562,12.293659998921989,12.00167298830058,12.00167298830058,295917.1,356949424.0
2017-12-01,002024.SZ,002024.SZ,12.022402605658558,12.213713869902707,11.992195563935798,12.092885703011666,258725.93,311076862.0
2017-12-04,002024.SZ,002024.SZ,12.001899031694,12.20327317652108,11.991830324452646,12.132792225831604,295815.21,356326492.0
2017-12-05,002024.SZ,002024.SZ,12.14295803507537,12.30405863918914,11.901307128904715,11.96171985544738,369450.14,444229949.0
2017-12-06,002024.SZ,002024.SZ,11.941826341468806,12.505689979851818,11.891481373756037,12.415069037968834,731494.34,891976550.0
2017-12-07,002024.SZ,002024.SZ,12.3550588037713,12.435613384398986,12.214088287672851,12.294642868300537,334419.43,408903837.0
2017-12-08,002024.SZ,002024.SZ,12.264616485644993,12.717742710484094,12.254547013981902,12.445866975580632,735855.59,912225452.0
2017-12-11,002024.SZ,002024.SZ,12.485820083841658,12.737550327467497,12.405266405881388,12.69727348848736,592644.85,742645994.0
2017-12-12,002024.SZ,002024.SZ,12.777613163813783,12.827958369344966,12.354713437351862,12.38492056067057,493703.43,617312284.0
2017-12-13,002024.SZ,002024.SZ,12.344797936598813,12.405212934657209,12.042722946306837,12.143414609737496,529728.76,641226941.0
2017-12-14,002024.SZ,002024.SZ,12.193945786611534,12.606787881781703,12.123460550850774,12.586649242992914,660333.45,811725146.0
2017-12-15,002024.SZ,002024.SZ,12.526233326626548,12.908867463613534,12.405401493893816,12.636995839964888,864248.97,1088266823.0
2017-12-18,002024.SZ,002024.SZ,12.717648940575796,12.818342914768795,12.244387261868699,12.345081236061699,539520.7,667149650.0
2017-12-19,002024.SZ,002024.SZ,12.405645925395579,12.607036281327323,12.304950747429706,12.466063032175102,423037.68,523063658.0
2017-12-20,002024.SZ,002024.SZ,12.58686767588941,13.090342382924986,12.51638121690443,12.85874401768862,1205585.37,1537250934.0
2017-12-21,002024.SZ,002024.SZ,12.757833109306544,12.929011611957065,12.637001225082647,12.848457022474467,629332.87,800070410.0
2017-12-22,002024.SZ,002024.SZ,12.84824741627363,12.96907732927934,12.697210025016496,12.838178256856487,392612.79,500592503.0
2017-12-25,002024.SZ,002024.SZ,12.81829878373985,12.828368146492199,12.334969371627114,12.465871087407649,656816.26,817449085.0
2017-12-26,002024.SZ,002024.SZ,12.546319765692028,12.626873985696468,12.455696268187026,12.606735430695357,309132.99,385876443.0
2017-12-27,002024.SZ,002024.SZ,12.626310026792673,12.656516510110361,12.183281604799948,12.263832226980444,538133.8,661222836.0
2017-12-28,002024.SZ,002024.SZ,12.283969882525568,12.364520504706062,12.143006293709702,12.263832226980444,336929.19,410349463.0
2017-12-29,002024.SZ,002024.SZ,12.263453036073507,12.414480782823182,12.223178970273594,12.374206717023267,253723.31,311074265.0
2018-01-02,002024.SZ,002024.SZ,12.384266323922718,12.63597905408375,12.253375704238982,12.595705017257984,431845.16,537227423.0
2018-01-03,002024.SZ,002024.SZ,12.6259347092994,12.766894107967817,12.535317953012564,12.625934709299402,463945.5,582497195.0
2018-01-04,002024.SZ,002024.SZ,12.575783694987418,12.77715733301764,12.535508967381372,12.68653919590404,451320.0,568599289.0
2018-01-05,002024.SZ,002024.SZ,12.56545175072463,12.686273402173905,12.434561628321248,12.494972454045886,523966.0,651945600.0
2018-01-08,002024.SZ,002024.SZ,12.4449925642297,12.555748970545663,12.324167393703199,12.444992564229702,450309.2,556245167.0
2018-01-09,002024.SZ,002024.SZ,12.425082575322527,12.666737341779369,12.384806780913056,12.53584100994858,441242.22,550228873.0
2018-01-10,002024.SZ,002024.SZ,12.556300728379249,12.81810010202629,12.516023901664319,12.767754068632629,569991.35,717385627.0
2018-01-11,002024.SZ,002024.SZ,12.686637832921361,13.220282122718848,12.606087751442494,13.169938321794556,1036657.48,1335816573.0
2018-01-12,002024.SZ,002024.SZ,13.129707925968905,13.220327075764704,12.877988065425022,13.029019981751354,612703.45,793802414.0
2018-01-15,002024.SZ,002024.SZ,13.189862690138662,13.582537991600807,13.069039520458004,13.280480067399157,1139605.38,1511443180.0
2018-01-16,002024.SZ,002024.SZ,13.279968386848854,13.974674845296596,13.249763758220691,13.82365170215578,1188455.68,1618648461.0
2018-01-17,002024.SZ,002024.SZ,13.612014621672792,14.125485587431157,13.541538214607916,13.793239668411038,1118715.91,1535540450.0
2018-01-18,002024.SZ,002024.SZ,13.792542427724499,13.943555665984256,13.621394091030108,13.742204681637915,559716.16,764726671.0
2018-01-19,002024.SZ,002024.SZ,13.672366303713929,13.76297845152941,13.39046184384354,13.450869942387191,634061.2,852606765.0
2018-01-22,002024.SZ,002024.SZ,13.510910971527423,13.984094887817877,13.410233542529454,13.933756173318892,814732.22,1115218836.0
2018-01-23,002024.SZ,002024.SZ,13.892969946639376,13.892969946639376,13.590948860842866,13.68155518658182,577995.67,786388759.0
2018-01-24,002024.SZ,002024.SZ,13.72170001148431,13.933112850986268,13.500219893910828,13.852574626414093,730751.26,996590287.0
2018-01-25,002024.SZ,002024.SZ,13.791633521360179,13.98290435121846,13.620496463065928,13.640630234629958,649911.25,889328964.0
2018-01-26,002024.SZ,002024.SZ,13.651003648041922,13.761741878225152,13.439594299510299,13.449661411345138,492394.62,665826983.0
2018-01-29,002024.SZ,002024.SZ,13.55037303890887,13.731581593663964,13.328895916430417,13.469835903462158,611488.99,822352943.0
2018-01-30,002024.SZ,002024.SZ,13.92314691888194,14.043955135097836,13.540587567531604,13.55065491888293,942939.18,1291681949.0
2018-01-31,002024.SZ,002024.SZ,13.368889166533561,13.449424643440391,13.04674725890625,13.278286755013381,843901.02,1106441338.0
2018-02-01,002024.SZ,002024.SZ,13.248487215315112,13.29882341294169,12.41290633471393,12.563914927593663,990776.41,1253621452.0
2018-02-02,002024.SZ,002024.SZ,12.563947194469879,12.735090705933011,12.392803683006749,12.543812663709511,438896.11,548053550.0
2018-02-05,002024.SZ,002024.SZ,12.392487942785525,12.674364191687227,12.322018880560101,12.644163165019188,328168.69,408327293.0
2018-02-06,002024.SZ,002024.SZ,12.322194164147904,12.442999989286607,11.889306624067544,11.889306624067544,613118.63,740075604.0
2018-02-07,002024.SZ,002024.SZ,12.181803465440735,12.322749951817736,11.779099218649305,12.030789372893949,485354.98,583605026.0
2018-02-08,002024.SZ,002024.SZ,12.070518210007398,12.483271543293723,11.979913819773815,12.453070079882526,485158.48,594621093.0
2018-02-09,002024.SZ,002024.SZ,12.049909837740541,12.21097797258085,11.425770815234348,11.898908461327753,634043.95,743289929.0
2018-02-12,002024.SZ,002024.SZ,12.050024598786614,12.261428539116203,11.929222347169706,12.050024598786614,458536.52,550395071.0
2018-02-13,002024.SZ,002024.SZ,12.170675094457755,12.26127565347357,12.05994107788287,12.110274721780545,348173.25,420410947.0
2018-02-14,002024.SZ,002024.SZ,12.069932369113614,12.170599027738414,11.969265710488813,12.079999034976094,226282.12,270952084.0
2018-02-22,002024.SZ,002024.SZ,12.190333317487616,12.42185905349275,12.109802626703223,12.301063017316158,373252.7,455639947.0
2018-02-23,002024.SZ,002024.SZ,12.300508006269439,12.471628003083335,12.17971742028316,12.270310359772868,372481.79,455444179.0
2018-02-26,002024.SZ,002024.SZ,12.34087100962627,12.713311651841744,12.34087100962627,12.612652018810532,562867.17,700993395.0
2018-02-27,002024.SZ,002024.SZ,12.6527942093704,12.70312354194546,12.391081679980083,12.56220141073529,460818.84,574326336.0
2018-02-28,002024.SZ,002024.SZ,12.66282765896362,12.974868722101833,12.542037570006894,12.582300932992467,789171.02,1000177343.0
2018-03-01,002024.SZ,002024.SZ,12.481642525528526,12.743354384934769,12.431313321796555,12.682959340456405,465495.79,583000875.0
2018-03-02,002024.SZ,002024.SZ,12.521689484798825,13.024972824219999,12.491492484433556,12.813593821663106,564016.41,715866751.0
2018-03-05,002024.SZ,002024.SZ,12.864121993271809,13.005043517454755,12.723200469088864,12.894319462739583,372930.31,475218238.0
2018-03-06,002024.SZ,002024.SZ,12.913833331212444,13.03461743095878,12.803114573111637,13.024552089313254,464199.15,595013594.0
2018-03-07,002024.SZ,002024.SZ,13.014751344797817,13.014751344797817,12.773178233989505,12.773178233989507,354800.99,453410501.0
2018-03-08,002024.SZ,002024.SZ,12.752946938908893,12.843536143684094,12.601964930950224,12.682488668528181,318624.39,402109390.0
2018-03-09,002024.SZ,002024.SZ,12.823172056467621,13.417023823603875,12.823172056467621,13.286175129150124,1006363.13,1313525881.0
2018-03-12,002024.SZ,002024.SZ,13.436597823456262,13.748608709244385,13.436597823456262,13.607700567275556,862747.16,1167896434.0
2018-03-13,002024.SZ,002024.SZ,13.608240443478667,13.920263708085058,13.537783577277224,13.598175176878462,710310.46,968811814.0
2018-03-14,002024.SZ,002024.SZ,13.587867374186503,13.668388069737238,13.386565635309667,13.477151417804244,464484.48,623591756.0
2018-03-15,002024.SZ,002024.SZ,13.426427420432782,13.84914852362482,13.406297844090306,13.698176701056234,574974.36,781873285.0
2018-03-16,002024.SZ,002024.SZ,14.07024801852366,14.1406999041672,13.385858272272152,13.385858272272152,724928.17,989392752.0
2018-03-19,002024.SZ,002024.SZ,13.345400566103939,13.697654728859321,13.345400566103939,13.466173421905784,422532.13,567879265.0
2018-03-20,002024.SZ,002024.SZ,13.335410863564,13.385733168709525,13.134121642981903,13.29515301944758,337808.43,445223092.0
2018-03-21,002024.SZ,002024.SZ,13.436055473855047,13.667538077524462,13.244830714302056,13.29515301944758,465091.5,623451877.0
2018-03-22,002024.SZ,002024.SZ,13.325856513451868,14.37260052961425,13.325856513451868,14.171303603429177,1671217.09,2322652723.0
2018-03-23,002024.SZ,002024.SZ,13.78811801998649,13.918954176380522,12.993036761899678,13.234580435242508,1479891.88,1986744328.0
2018-03-26,002024.SZ,002024.SZ,13.07358513891907,13.667381538608234,12.791783457710652,13.617059809821015,924778.93,1215529448.0
2018-03-27,002024.SZ,002024.SZ,13.808119752765343,14.12011079674182,13.657156344389628,13.928890479465915,1230534.11,1701648842.0
2018-03-28,002024.SZ,002024.SZ,13.728000163648224,14.120516297359572,13.697806614901197,13.738064679897231,749210.2,1032628794.0
2018-03-29,002024.SZ,002024.SZ,13.788333285249085,14.211041312972048,13.727946424145806,14.140589975018223,967734.03,1348357254.0
2018-03-30,002024.SZ,002024.SZ,14.220772245763564,14.25096496815372,13.999358948235752,14.16038680098325,732290.97,1025683411.0
2018-04-02,002024.SZ,002024.SZ,14.372137821935805,14.724396101885212,14.211105465387504,14.32181521051446,1419289.65,2038968161.0
2018-04-03,002024.SZ,002024.SZ,14.1812639140988,14.271846863159757,13.899450294798044,14.23158777468822,802217.49,1120298800.0
2018-04-04,002024.SZ,002024.SZ,14.261167428320764,14.593290593553359,14.069944999853515,14.29136044334191,901785.57,1286705966.0
2018-04-09,002024.SZ,002024.SZ,14.089451598226262,14.139771068219929,13.646640262282009,13.676831944278208,798810.2,1100883402.0
2018-04-10,002024.SZ,002024.SZ,13.69714108924067,13.817909416258223,13.505924571462879,13.757525252749447,493918.66,670501326.0
2018-04-11,002024.SZ,002024.SZ,13.828409743403839,13.969310570483646,13.70763760590686,13.747894985072522,402308.48,553096768.0
2018-04-12,002024.SZ,002024.SZ,13.717701950698277,13.949181880900815,13.63718719236696,13.747894985072522,351872.84,483072769.0
2018-04-13,002024.SZ,002024.SZ,13.808568217188059,13.959536528600463,13.59721258121069,13.647535351681492,340422.49,465369731.0
2018-04-16,002024.SZ,002024.SZ,13.60760962080951,13.637804020855688,13.255341620270803,13.34592482040933,474405.63,631542883.0
2018-04-17,002024.SZ,002024.SZ,13.356267147481768,13.426722211560422,13.044251863704877,13.17509698270809,498801.98,655732263.0
2018-04-18,002024.SZ,002024.SZ,13.336245891877303,13.366441165594761,12.782665873723905,13.205399705768318,554085.66,718149166.0
2018-04-19,002024.SZ,002024.SZ,13.115455588047608,13.326832846181913,13.065127669444204,13.165783506651014,394198.04,517242071.0
2018-04-20,002024.SZ,002024.SZ,13.085395270863957,13.226314912242493,12.692833412738038,12.743161856087516,441604.4,567323299.0
2018-04-23,002024.SZ,002024.SZ,12.803954409942952,12.924746432678262,12.68316238720764,12.874416423205215,315039.93,400750501.0
2018-04-24,002024.SZ,002024.SZ,12.874752924914349,13.196873404662009,12.874752924914349,13.05594569477241,422718.85,549263275.0
2018-04-25,002024.SZ,002024.SZ,12.97603113885933,13.267966672627304,12.945830911228159,13.177365989733795,305361.15,399365616.0
2018-04-26,002024.SZ,002024.SZ,13.166795338855668,13.247326197197292,12.905070049245387,12.91513640653809,275686.39,357279434.0
2018-04-27,002024.SZ,002024.SZ,13.015911285612868,13.187040823010717,12.885047521720395,13.066243502494588,274580.8,356046825.0
2018-05-02,002024.SZ,002024.SZ,13.08612476626447,13.428377260151388,13.055926016803861,13.297516012488744,469658.57,620854774.0
2018-05-03,002024.SZ,002024.SZ,13.257656261015432,13.539519871727984,13.197256915862742,13.469053969049847,438992.36,583618082.0
2018-05-04,002024.SZ,002024.SZ,13.439141910235389,13.469342229134794,13.268006769805424,13.35860772650364,261873.73,347749250.0
2018-05-07,002024.SZ,002024.SZ,13.46989632899017,13.882650999758926,13.399426019346723,13.802113503023559,625183.3,851543689.0
2018-05-08,002024.SZ,002024.SZ,13.771507416929099,13.87217633079554,13.741306742769169,13.811774982475676,306870.65,420510175.0
2018-05-09,002024.SZ,002024.SZ,13.811989024602598,13.9327935933309,13.650916266298195,13.771720835026496,312261.08,427649046.0
2018-05-10,002024.SZ,002024.SZ,13.822484788293224,13.923158384711964,13.711743832232607,13.762080630441977,225670.77,309172766.0
2018-05-11,002024.SZ,002024.SZ,13.76235771931373,13.923438716759977,13.500601098463578,13.500601098463578,401198.65,546854037.0
2018-05-14,002024.SZ,002024.SZ,13.510484776345116,14.114530295406746,13.500417351027423,14.054125743500585,834439.5,1156034590.0
2018-05-15,002024.SZ,002024.SZ,14.12459772072444,14.144732571359828,13.933316639688258,14.054125743500585,445540.3,621213340.0
2018-05-16,002024.SZ,002024.SZ,14.013827812879509,14.134636673335367,13.893018952423652,13.993693002803534,332492.8,461983783.0
2018-05-17,002024.SZ,002024.SZ,13.994081716498057,14.205503094948746,13.722254229918597,13.772592653359236,550548.45,762048904.0
2018-05-18,002024.SZ,002024.SZ,13.773120323814002,14.125502788239068,13.6825076901047,14.08523050659049,439205.94,607455577.0
2018-05-21,002024.SZ,002024.SZ,14.156390835285196,14.176527948848902,13.96508825642999,13.985225369993698,453303.4,632556510.0
2018-05-22,002024.SZ,002024.SZ,13.9354371581121,14.026057775469766,13.794471753333509,13.91529924314373,321002.85,443341768.0
2018-05-23,002024.SZ,002024.SZ,13.915455414847466,14.187320318031896,13.895317273870843,13.996007978753964,549042.68,765933550.0
2018-05-24,002024.SZ,002024.SZ,14.046928608465059,15.013598964316419,13.946233779730543,14.751792409606677,1727554.83,2503609187.0
2018-05-25,002024.SZ,002024.SZ,14.711039138709044,15.566917528024767,14.630485878538153,15.425949322725705,1936662.2,2922936616.0
2018-05-28,002024.SZ,002024.SZ,15.40547488089736,15.657198326663657,15.254440813437583,15.506164259203878,1022440.33,1567439068.0
2018-05-29,002024.SZ,002024.SZ,15.556072784554845,15.656759339794682,15.032502697307692,15.082845974927611,972859.18,1482994958.0
2018-05-30,002024.SZ,002024.SZ,14.851547443604705,15.354989729828594,14.680377066288584,15.244232426859337,1103822.24,1647772450.0
2018-05-31,002024.SZ,002024.SZ,15.334327995494982,16.46200017901136,15.24371148074813,16.381452165903042,1746461.63,2767937529.0
2018-06-01,002024.SZ,002024.SZ,16.221083647763432,16.462738525197526,15.657222267083887,15.93915295742366,1076048.53,1713579645.0
2018-06-04,002024.SZ,002024.SZ,15.99999731743055,16.261797147671704,15.758335935669484,15.899305075030103,778883.2,1239207588.0
2018-06-05,002024.SZ,002024.SZ,16.01007255672377,16.231595573231896,15.587164979753707,16.080557152885447,647297.58,1028054041.0
2018-06-06,002024.SZ,002024.SZ,16.019429116729427,16.261079838791968,15.777778394666882,16.25101105870603,742123.2,1182113151.0
2018-06-07,002024.SZ,002024.SZ,16.21041978251797,16.44199720798251,15.787539266452283,15.797607850168133,700450.18,1117727609.0
2018-06-08,002024.SZ,002024.SZ,15.636996065514605,15.74775392560518,15.173826832408572,15.304722485242886,741673.02,1132565950.0
2018-06-11,002024.SZ,002024.SZ,15.426198311495908,15.617515392382606,15.23488123060921,15.315435790982555,553122.02,846094068.0
2018-06-12,002024.SZ,002024.SZ,15.275124521568829,15.597342046084453,15.033461378182109,15.385886795621074,556806.19,847963579.0
2018-06-13,002024.SZ,002024.SZ,15.306006783485081,15.708796435682057,15.154960663911217,15.175100146521066,509267.97,782189135.0
2018-06-14,002024.SZ,002024.SZ,15.154591126608391,15.708413393693746,15.134452135078012,15.527162469920357,586541.26,900446881.0
2018-06-15,002024.SZ,002024.SZ,15.577043479354975,15.617320256289311,14.650677609865216,14.6607468040988,788559.45,1174178997.0
2018-06-19,002024.SZ,002024.SZ,14.449693826028057,14.590666448721015,13.201079167890441,13.382329682781384,1050243.34,1450751354.0
2018-06-20,002024.SZ,002024.SZ,13.311570860944679,13.935865409642538,13.311570860944679,13.674064469866018,791395.11,1076379031.0
2018-06-21,002024.SZ,002024.SZ,13.69407724060617,14.318366055986747,13.69407724060617,13.814907333905637,640507.19,890653290.0
2018-06-22,002024.SZ,002024.SZ,13.79478456133176,14.298243851891312,13.51284735861841,14.26803629445774,505813.77,705234048.0
2018-06-25,002024.SZ,002024.SZ,14.418745314559986,14.751020869993281,14.287848883631717,14.30798679608222,490965.37,707186366.0
2018-06-26,002024.SZ,002024.SZ,14.09680252769372,14.308254565609127,13.91555792376623,14.257908842295935,355954.89,499498768.0
2018-06-27,002024.SZ,002024.SZ,14.257678669776505,14.348299508779322,13.341401297636914,13.472298065085427,631937.79,859789159.0
2018-06-28,002024.SZ,002024.SZ,13.321263333414064,13.804574474762422,13.240711476522673,13.472298065085427,436014.0,588498167.0
2018-06-29,002024.SZ,002024.SZ,13.602976485798699,14.217174535860668,13.502288280870507,14.176899253889394,488743.06,674969158.0
2018-07-02,002024.SZ,002024.SZ,14.137018482354543,14.318262309051397,13.724185321545045,13.855083640826104,411460.83,572550445.0
2018-07-03,002024.SZ,002024.SZ,13.945183511159069,13.97538968482945,12.50535589953759,13.341060037751454,1141648.3,1486076982.0
2018-07-04,002024.SZ,002024.SZ,13.099641091499896,13.149985599922262,12.84791854938806,12.878125254441478,435243.5,561085694.0
2018-07-05,002024.SZ,002024.SZ,12.918304391016326,13.293777495861262,12.695050112459878,12.766085564727838,562926.46,720726389.0
2018-07-06,002024.SZ,002024.SZ,12.87734621564137,13.14118467238422,12.491736163478746,12.907789114496317,541406.01,685533795.0
2018-07-09,002024.SZ,002024.SZ,13.060114757737919,13.455875811002704,12.928194406649657,13.354398617857889,540639.49,704192903.0
2018-07-10,002024.SZ,002024.SZ,13.33354733615387,13.44516759543674,13.110306817588127,13.242221669467884,380286.86,496216736.0
2018-07-11,002024.SZ,002024.SZ,12.977774190166336,13.028508256586063,12.642929351796134,12.896599683894774,497816.61,629220784.0
2018-07-12,002024.SZ,002024.SZ,12.835582400145702,13.383504494697375,12.825435694691041,13.27189073469611,626456.59,814795455.0
2018-07-13,002024.SZ,002024.SZ,13.27197577198228,13.444470869936177,13.119774214964133,13.302416083385909,513438.29,671202381.0
2018-07-16,002024.SZ,002024.SZ,13.302452650205753,13.667737391172501,13.27201225512519,13.657590592812314,601606.63,800302077.0
2018-07-17,002024.SZ,002024.SZ,13.586370932343769,13.748717410997616,13.373291179110595,13.637104206923096,395619.37,527310184.0
2018-07-18,002024.SZ,002024.SZ,13.596192894302328,13.890438859925288,13.545460831263886,13.596192894302328,439418.23,594931354.0
2018-07-19,002024.SZ,002024.SZ,13.595752369643014,13.889988801523346,13.524729782637415,13.77838187908598,453395.69,615084293.0
2018-07-20,002024.SZ,002024.SZ,13.788529774278222,13.869698455804512,13.565315900080929,13.74794543351508,397815.71,538290180.0
2018-07-23,002024.SZ,002024.SZ,13.737797844185678,13.940719525783695,13.49429182626806,13.900135189464091,380488.74,515428939.0
2018-07-24,002024.SZ,002024.SZ,13.900141489525364,14.21467023855842,13.717511893312622,14.103063263095079,516892.73,714102425.0
2018-07-25,002024.SZ,002024.SZ,14.052334544537725,14.082772814309289,13.849412746060647,14.052334544537725,326064.07,449048224.0
2018-07-26,002024.SZ,002024.SZ,13.991451168609904,14.103058103239862,13.788529469282713,13.80882163921543,231120.95,316886795.0
2018-07-27,002024.SZ,002024.SZ,13.829111226478828,13.859549475693381,13.524728734333292,13.636335648119989,252334.45,340073680.0
2018-07-30,002024.SZ,002024.SZ,13.666776592784554,13.737799188292714,13.078303658574084,13.169618424227433,502979.57,661598971.0
2018-07-31,002024.SZ,002024.SZ,13.311669258341121,13.626198028926927,13.250792722098709,13.402984062704743,529015.84,699207923.0
2018-08-01,002024.SZ,002024.SZ,13.43342208823593,13.778389120713287,13.43342208823593,13.484152534188482,526514.31,706099837.0
2018-08-02,002024.SZ,002024.SZ,13.443565441398029,13.545026312653864,12.976845433621191,13.260935873137528,481785.51,626909899.0
2018-08-03,002024.SZ,002024.SZ,13.200062283730547,13.382691892575398,12.855095244801387,12.875387423561927,459881.01,591571655.0
2018-08-06,002024.SZ,002024.SZ,12.83480765502072,13.03772951517915,12.672470166893975,12.713054538925661,349678.01,441866377.0
2018-08-07,002024.SZ,002024.SZ,12.804367758080511,13.09860441813149,12.682614657369761,13.088458326405595,422278.24,536671684.0
2018-08-08,002024.SZ,002024.SZ,13.05802081167833,13.05802081167833,12.073849856951993,12.195602964753187,847793.5,1045795011.0
2018-08-09,002024.SZ,002024.SZ,12.205744261954253,12.642026060178722,12.053552936992233,12.4999808235475,480519.81,588906050.0
2018-08-10,002024.SZ,002024.SZ,12.43911015658,12.824661694875303,12.38837969101483,12.743492949971028,419643.43,524959723.0
2018-08-13,002024.SZ,002024.SZ,12.621744341816724,12.804374083097029,12.439114600536417,12.723205309194672,303716.46,378150735.0
2018-08-14,002024.SZ,002024.SZ,12.723203573753505,12.915979385477044,12.702911383045764,12.794226241230596,256108.52,323371213.0
2018-08-15,002024.SZ,002024.SZ,12.784077409415126,12.875392248053805,12.32750321622173,12.418818054860408,340915.22,420609950.0
2018-08-16,002024.SZ,002024.SZ,12.22604041130207,12.40867006059953,12.05355685363225,12.185456044791525,511844.99,616690101.0
2018-08-17,002024.SZ,002024.SZ,12.317349113715064,12.357933460053498,11.972382169838367,12.002820429592191,305454.49,365828889.0
2018-08-20,002024.SZ,002024.SZ,12.012971108475393,12.114432013107786,11.688296213651734,12.023117198938632,338940.56,397496810.0
2018-08-21,002024.SZ,002024.SZ,12.01296715684016,12.388372380491417,11.952090634085902,12.337641944862867,401193.41,483843532.0
2018-08-22,002024.SZ,002024.SZ,12.276766717595809,12.449250216933931,12.175305835632207,12.307204982184889,245630.39,297148217.0
2018-08-23,002024.SZ,002024.SZ,12.297053950854473,12.408660876151007,12.205739193793672,12.317346119090208,245256.24,297664875.0
2018-08-24,002024.SZ,002024.SZ,12.297053398867014,12.307199482529448,12.12456997660568,12.20573864590513,236108.82,284032149.0
2018-08-27,002024.SZ,002024.SZ,12.236172109686853,12.560846659860966,12.236172109686853,12.49997018170332,366818.56,449710697.0
2018-08-28,002024.SZ,002024.SZ,12.510113842034533,12.611574619342194,12.449237375649938,12.591282463880662,247238.47,305612338.0
2018-08-29,002024.SZ,002024.SZ,12.581136498117939,12.62172080940219,12.418799252980932,12.540552186833686,176324.37,217201153.0
2018-08-30,002024.SZ,002024.SZ,12.550702138956408,12.642016867534105,12.36807268180102,12.489825653237947,192566.95,237595565.0
2018-08-31,002024.SZ,002024.SZ,12.378213423522416,12.611573184785545,12.286898734332496,12.560842801902258,328159.68,403050508.0
2018-09-03,002024.SZ,002024.SZ,12.65215832203919,12.986978871058671,12.489821086150956,12.976832793815655,584844.17,734863896.0
2018-09-04,002024.SZ,002024.SZ,12.824636572014047,12.976827670574338,12.682591546691105,12.87536693820081,376996.08,476619178.0
2018-09-05,002024.SZ,002024.SZ,12.82463913694136,13.007268491739575,12.74347053480882,12.78405483587509,253797.95,321773276.0
2018-09-06,002024.SZ,002024.SZ,12.733318882903804,12.926094228541391,12.510105324797124,12.510105324797124,310474.9,389060571.0
2018-09-07,002024.SZ,002024.SZ,12.530395221287222,12.75360873939922,12.428934531236314,12.570979497307587,247120.67,306895913.0
2018-09-10,002024.SZ,002024.SZ,12.570983111334002,12.642005614787866,12.175286306376757,12.246308809830621,274175.05,334015693.0
2018-09-11,002024.SZ,002024.SZ,12.246314782662088,12.439090243201093,12.195584398309718,12.398505935719198,228601.12,277668736.0
2018-09-12,002024.SZ,002024.SZ,12.398505629078493,12.479674242034816,12.297044862883086,12.307190939502627,186212.47,227456318.0
2018-09-13,002024.SZ,002024.SZ,12.459376243160904,12.743466255219948,12.408645883864647,12.672443752205188,361559.23,447580434.0
2018-09-14,002024.SZ,002024.SZ,12.773902895654352,12.844925389911367,12.672442189572905,12.753610754438062,316443.85,398011107.0
2018-09-17,002024.SZ,002024.SZ,12.70288613619286,12.855077264022645,12.479672482042506,12.54054893317442,215585.57,268058229.99999997
2018-09-18,002024.SZ,002024.SZ,12.489822710615,12.814497224619615,12.479676632052357,12.814497224619615,285374.71,355860489.0
2018-09-19,002024.SZ,002024.SZ,12.773915096440884,13.088443585709882,12.652162132852887,12.865229819131883,444214.05,562291169.0
2018-09-20,002024.SZ,002024.SZ,12.855081043247411,12.855081043247411,12.70288987067542,12.773912417875684,239223.67,300980033.0
2018-09-21,002024.SZ,002024.SZ,12.834784693553607,13.331942361525249,12.834784693553607,13.291358062098992,578976.64,750327589.0
2018-09-25,002024.SZ,002024.SZ,13.179753944785405,13.443551945219909,13.088439252327309,13.342091175822024,351688.53,459822267.0
2018-09-26,002024.SZ,002024.SZ,13.43340586828012,13.565304868497371,13.321799021942446,13.342091175822024,377810.04,500406911.0
2018-09-27,002024.SZ,002024.SZ,13.33194769799997,13.423262408260245,13.200048672068464,13.271071224493122,292392.13,383374254.0
2018-09-28,002024.SZ,002024.SZ,13.342093262237604,13.687059932135762,13.331947183711188,13.676913853609346,431598.73,577097155.0
2018-10-08,002024.SZ,002024.SZ,13.402966142569323,13.443550445801932,12.966684882818768,13.027561337667683,524393.57,681498121.0
2018-10-09,002024.SZ,002024.SZ,13.1290255831457,13.169609897158514,12.956542248591234,12.986980484100847,239668.0,308167986.0
2018-10-10,002024.SZ,002024.SZ,12.997123325965529,13.149314465613836,12.87537041424688,13.037707629871743,245650.07,315742107.0
2018-10-11,002024.SZ,002024.SZ,12.642013766863574,12.672452002257305,11.850619646626527,12.20573239288674,615985.39,747037883.0
2018-10-12,002024.SZ,002024.SZ,12.165150146504336,12.418802151227112,11.972374622915028,12.357925670093646,352628.44,424906979.0
2018-10-15,002024.SZ,002024.SZ,12.47967863236058,12.591285514438601,12.236172707826714,12.357925670093646,327805.92,400831857.0
2018-10-16,002024.SZ,002024.SZ,12.408653198566329,12.459383587767334,11.76945029463364,11.921641462236659,375817.99,447469920.0
2018-10-17,002024.SZ,002024.SZ,12.124568580766844,12.2260294057105,11.86077043591334,12.165152910744306,323702.34,384779477.0
2018-10-18,002024.SZ,002024.SZ,12.053543808942782,12.073835970237297,11.820183954055842,11.870914357292133,229709.75,270330792.0
2018-10-19,002024.SZ,002024.SZ,11.627412826079308,12.094132712640954,11.5259519811746,12.053548374679073,375317.23,438600163.0
2018-10-22,002024.SZ,002024.SZ,12.226034167842482,12.824653268176679,12.226034167842482,12.631877625696173,545300.51,675011906.0
2018-10-23,002024.SZ,002024.SZ,12.56085096371345,12.631873545899229,12.286906718139731,12.408659716172496,294964.72,361957418.0
2018-10-24,002024.SZ,002024.SZ,12.327486671979237,12.530408263287535,12.205733717194256,12.368070990240895,271765.38,330761193.0
2018-10-25,002024.SZ,002024.SZ,11.9723725591449,12.185440206383918,11.911496088505178,12.165148049504012,339792.15,402793316.0
2018-10-26,002024.SZ,002024.SZ,12.246318070746712,12.368071025882552,12.00281216047503,12.124565115610869,247330.36,296534901.0
2018-10-29,002024.SZ,002024.SZ,12.083984101445752,12.094130183814725,11.596972147735093,11.688286889055842,365702.91,424555197.0
2018-10-30,002024.SZ,002024.SZ,11.465074992773124,11.85062618722036,11.414344572451117,11.657850589996741,325891.86,374293063.0
2018-10-31,002024.SZ,002024.SZ,11.657845201570193,11.830328550940683,11.383901058452356,11.546238328448112,691551.27,788552315.0
2018-11-01,002024.SZ,002024.SZ,11.637551903060373,11.911496019348629,11.546237197630955,11.810035235538164,687245.37,794395071.0
2018-11-02,002024.SZ,002024.SZ,12.144853502994506,12.205729961656132,11.911493744791604,12.114415273663692,737097.75,874988798.0
2018-11-05,002024.SZ,002024.SZ,12.043395956792867,12.226025381579955,11.93178908608965,12.226025381579955,580245.04,689299964.0
2018-11-06,002024.SZ,002024.SZ,12.08397424661569,12.195581061655801,11.972367431575579,12.104266394804801,391291.07,465480478.0
2018-11-07,002024.SZ,002024.SZ,12.134708966482167,12.134708966482167,11.769450168159961,11.860764867740512,626166.26,737092584.0
2018-11-08,002024.SZ,002024.SZ,11.972374252597609,11.972374252597609,11.627407536844796,11.667991856345127,576270.46,666845171.0
2018-11-09,002024.SZ,002024.SZ,11.607114869346804,11.68828350479678,11.495507995603084,11.596968789915556,406976.23,464100326.0
2018-11-12,002024.SZ,002024.SZ,11.68828188254364,11.76945050672797,11.505652478128896,11.769450506727969,430650.5,495067961.0
2018-11-13,002024.SZ,002024.SZ,11.637550690529965,11.911494778275657,11.525943839966903,11.779595773064766,533203.09,615840367.0
2018-11-14,002024.SZ,002024.SZ,11.739007381955805,11.941928857875522,11.667984865383902,11.759299529547777,423309.39,492959551.0
2018-11-15,002024.SZ,002024.SZ,11.72885837342324,11.810026943481533,11.647689803364948,11.799880872224247,364267.89,421864282.0
2018-11-16,002024.SZ,002024.SZ,11.840461485791328,11.870899690124983,11.718708668456715,11.77958507712402,434814.46,505636320.0
2018-11-19,002024.SZ,002024.SZ,11.789727299875423,11.810019429479341,11.657828457449968,11.789727299875423,370554.71,427811015.0
2018-11-20,002024.SZ,002024.SZ,11.708564270810406,11.759294618604212,11.556373227428988,11.55637322742899,396705.98,454778393.0
2018-11-21,002024.SZ,002024.SZ,11.465056051360627,11.536078522475249,11.41432571485018,11.495494253266893,381484.74,431500631.0
2018-11-22,002024.SZ,002024.SZ,11.576665401806515,11.607103610575505,11.454912566730547,11.475204705909876,258479.41,293329784.0
2018-11-23,002024.SZ,002024.SZ,11.444769208867275,11.48535349684198,10.836004889246675,10.876589177221382,764111.77,831959141.0
2018-11-26,002024.SZ,002024.SZ,10.85629933826771,10.93746793145102,10.622939632865695,10.704108226049005,405858.74,429570635.0
2018-11-27,002024.SZ,002024.SZ,10.71425354354054,10.81571427785437,10.61279280922671,10.775129984128839,296815.05,313064669.0
2018-11-28,002024.SZ,002024.SZ,10.70410339427559,10.795418020387892,10.612788768163286,10.76497981168379,264215.0,278999214.0
2018-11-29,002024.SZ,002024.SZ,10.825856076328265,10.937462840001752,10.764979659779089,10.785271798628814,356377.06,381477310.0
2018-11-30,002024.SZ,002024.SZ,10.805559611209723,10.896874199473467,10.58234617323168,10.846143872660274,350142.99,370656911.0
2018-12-03,002024.SZ,002024.SZ,11.12009078097536,11.170821122129444,10.957753689282288,11.01863009866719,496953.12,541896906.0
2018-12-04,002024.SZ,002024.SZ,11.008479299517616,11.069355682740754,10.967895044035522,11.049063554999709,237217.25,257764284.0
2018-12-05,002024.SZ,002024.SZ,10.866438577717034,10.927314984314888,10.80556217111918,10.886730713249653,255673.72,273890534.0
2018-12-06,002024.SZ,002024.SZ,10.825857935831827,10.856296149334634,10.663520797150188,10.683812939485392,241253.35,255373624.0
2018-12-07,002024.SZ,002024.SZ,10.683809324510044,10.86643854373244,10.673663256775466,10.764977866386664,200175.21,212862432.0
2018-12-10,002024.SZ,002024.SZ,10.714252482801987,10.886735714059215,10.612791758533028,10.815713207070944,243039.87,257346109.0
2018-12-11,002024.SZ,002024.SZ,10.825856134891165,10.967901107607638,10.815710065411416,10.967901107607638,254453.64,273912527.0
2018-12-12,002024.SZ,002024.SZ,10.978042255893824,11.018626515619864,10.876581606578725,10.886727671510235,166871.79,179527004.0
2018-12-13,002024.SZ,002024.SZ,10.917169495279566,11.038922314929524,10.83600094884626,10.988191973408709,268035.92,290019602.0
2018-12-14,002024.SZ,002024.SZ,10.967905397989032,11.018635765232274,10.805568222810656,10.805568222810656,213597.53,230171847.0
2018-12-17,002024.SZ,002024.SZ,10.744689293981253,10.795419649476916,10.633082511890796,10.73454322288212,189787.01,200361118.0
2018-12-18,002024.SZ,002024.SZ,10.62293425133148,10.795417424466757,10.592496044307607,10.633080320339438,216466.08,227352169.0
2018-12-19,002024.SZ,002024.SZ,10.65337025420933,10.704100588753183,10.582347785847933,10.592493852756704,182541.65,191545551.0
2018-12-20,002024.SZ,002024.SZ,10.58234469848351,10.65336714612434,10.501176186893991,10.572198634534821,182477.05,190206615.0
2018-12-21,002024.SZ,002024.SZ,10.541765656220127,10.592496001052755,10.156215035492153,10.257675725157409,421581.87,427826386.0
2018-12-24,002024.SZ,002024.SZ,10.156217881629109,10.328701102396037,10.14607180981929,10.318555030586218,141690.4,143369115.0
2018-12-25,002024.SZ,002024.SZ,10.206949436086559,10.206949436086559,9.912713319141716,10.135926925099872,335105.5,332294021.0
2018-12-26,002024.SZ,002024.SZ,10.11563478923958,10.217095519322225,10.064904424198259,10.125780862247845,165215.13,164950839.0
2018-12-27,002024.SZ,002024.SZ,10.308410720596939,10.348995014772516,9.98373636719231,9.993882440736206,227175.05,227754598.0
2018-12-28,002024.SZ,002024.SZ,10.014174587823995,10.125781396806836,9.953298146560627,9.993882440736206,251488.16,248432557.0
2019-01-02,002024.SZ,002024.SZ,10.186656720889383,10.318555662494525,10.135926358733562,10.176510648458219,320707.19,322901444.0
2019-01-03,002024.SZ,002024.SZ,10.166364212582046,10.288117077403388,10.1562181405136,10.217094572924271,224937.97,226747363.0
2019-01-04,002024.SZ,002024.SZ,10.146069925185746,10.47074416279169,10.105485645485004,10.47074416279169,337946.33,344388659.0
2019-01-07,002024.SZ,002024.SZ,10.551912803911765,10.572204943919287,10.379429613847822,10.480890313885435,250184.75,258079527.0
2019-01-08,002024.SZ,002024.SZ,10.460601023068078,10.480893168602643,10.37943244092982,10.43016280476623,142026.18,145890631.0
2019-01-09,002024.SZ,002024.SZ,10.754833845726926,11.191114841355471,10.754833845726926,10.886732751382068,839830.05,908716362.0
2019-01-10,002024.SZ,002024.SZ,10.937460885566608,10.978045156013982,10.76497773616528,10.825854141836338,291146.67,312053538.0
2019-01-11,002024.SZ,002024.SZ,10.856290098191897,10.896874360241213,10.775121574093266,10.83599796716724,180056.81,192402470.0
2019-01-14,002024.SZ,002024.SZ,10.8258559149457,11.07950764678604,10.79541770712486,10.947608746229061,269719.87,291754902.0
2019-01-15,002024.SZ,002024.SZ,10.967904960005516,11.13024212870125,10.967904960005516,11.059219617396867,262103.3,285603599.0
2019-01-16,002024.SZ,002024.SZ,11.059224390430128,11.120100854964605,10.96790969362841,11.049078313007714,251933.9,273969358.0
2019-01-17,002024.SZ,002024.SZ,11.04907632905719,11.180975311865033,10.90703127064874,11.018638102255379,266681.78,291033988.0
2019-01-18,002024.SZ,002024.SZ,11.018636976263164,11.170828094719838,11.018636976263164,11.120097721900947,274251.19,300309635.0
2019-01-21,002024.SZ,002024.SZ,11.241853695515463,11.404190932995832,11.140392922090234,11.26214585020051,341107.1,379664195.0
2019-01-22,002024.SZ,002024.SZ,11.231706689932642,11.312875301964676,10.988200853836542,11.049077312860566,246135.97,269758204.0
2019-01-23,002024.SZ,002024.SZ,10.978055819488889,11.08966267162787,10.937471509620167,11.008494051890429,149834.26,162602432.0
2019-01-24,002024.SZ,002024.SZ,10.998350986969815,11.018643147462377,10.775137221551606,10.92732842524584,252812.94,271285334.0
2019-01-25,002024.SZ,002024.SZ,10.957766665984687,11.079519628940071,10.907036264753275,10.92732842524584,230532.5,249335666.0
2019-01-28,002024.SZ,002024.SZ,10.998351099511078,11.109957983362206,10.856305974609644,10.907036376360157,243559.76,263946282.0
2019-01-29,002024.SZ,002024.SZ,10.927326766428422,11.038933632195102,10.764989507131435,10.957765002546608,269035.83,289404150.0
2019-01-30,002024.SZ,002024.SZ,10.988198794906129,11.201266361566358,10.907030198083184,11.03892916792047,390835.37,426453843.0
2019-01-31,002024.SZ,002024.SZ,11.02877766897856,11.120092295492642,10.470743840281392,10.562058466795474,631615.76,668372671.0
2019-02-01,002024.SZ,002024.SZ,10.6229367089091,11.049071705828089,10.572206352133028,10.988195277696805,493024.1,527942586.0
2019-02-11,002024.SZ,002024.SZ,11.038924139200223,11.201261258894343,10.896879159467867,11.160676978970812,457662.65,499086976.0
2019-02-12,002024.SZ,002024.SZ,11.221552409301134,11.62739517274783,11.170822063870297,11.505642343713822,680778.41,767420148.0
2019-02-13,002024.SZ,002024.SZ,11.607101007133918,11.698415612959273,11.434617862797138,11.617247074447846,505388.01,577649797.0
2019-02-14,002024.SZ,002024.SZ,11.637543541666057,11.820172821308594,11.475206404206025,11.718712110396075,493200.65,565489858.0
2019-02-15,002024.SZ,002024.SZ,11.678125748072379,11.678125748072379,11.363597600209438,11.404181877353045,479379.97,543307325.0
2019-02-18,002024.SZ,002024.SZ,11.465053921642415,11.749143753329129,11.414323594555501,11.708559491659598,752519.67,859712981.0
2019-02-19,002024.SZ,002024.SZ,11.739002086164179,11.739002086164179,11.444766078818663,11.536080701787961,486169.56,555643929.0
2019-02-20,002024.SZ,002024.SZ,11.546227291658907,11.596957640040536,11.404182316190344,11.475204803924626,319977.54,362248549.0
2019-02-21,002024.SZ,002024.SZ,11.475200145978588,11.556368670441744,11.282424900378594,11.323009162610173,554698.62,625072969.0
2019-02-22,002024.SZ,002024.SZ,11.333159168438906,11.901339037223666,11.323013099353464,11.789732277283802,798285.18,911693242.0
2019-02-25,002024.SZ,002024.SZ,11.91148276084174,12.510100719010106,11.667977150739354,12.469516450659707,1326343.88,1589965561.0
2019-02-26,002024.SZ,002024.SZ,12.449221240549283,12.459367305130009,12.124547173966091,12.154985367708267,990936.04,1199115508.0
2019-02-27,002024.SZ,002024.SZ,12.124549431978929,12.530392090789938,12.083965166097828,12.53039209078994,1042005.28,1267733985.0
2019-02-28,002024.SZ,002024.SZ,12.885502890780506,12.885502890780506,12.35790749682729,12.418783888437275,1081702.21,1347483969.0
2019-03-01,002024.SZ,002024.SZ,12.479660928341303,12.570975520499898,12.286885678228712,12.499953059932102,468951.28,573808944.0
2019-03-04,002024.SZ,002024.SZ,12.58112508712913,13.037698174968494,12.530394744035867,12.834776802595444,1110296.8,1403165113.0
2019-03-05,002024.SZ,002024.SZ,12.753606156341814,13.159448834347918,12.713021888541203,12.956527495344865,809286.48,1031649942.0
2019-03-06,002024.SZ,002024.SZ,12.976813268459464,12.997105392413273,12.69272353310617,12.89564477264424,685868.11,866362773.0
2019-03-07,002024.SZ,002024.SZ,12.875346298217691,12.895638412162874,12.58111064601256,12.73330150060142,668874.73,838510495.0
2019-03-08,002024.SZ,002024.SZ,12.479651062615067,12.51008923593852,12.185415387155036,12.19556144492952,781971.46,948857546.0
2019-03-11,002024.SZ,002024.SZ,12.185409962615937,12.499937613607688,12.185409962615937,12.48979156034989,590580.0,718558750.0
2019-03-12,002024.SZ,002024.SZ,12.560813393670575,12.753588397289104,12.42891470698421,12.520229182382462,706883.82,876537091.0
2019-03-13,002024.SZ,002024.SZ,12.46949499574783,12.510079194269386,12.205697705357721,12.256427953509665,566330.22,688415592.0
2019-03-14,002024.SZ,002024.SZ,12.23613902507479,12.357891652189961,12.053510084402031,12.215846920555594,431669.35,518943223.0
2019-03-15,002024.SZ,002024.SZ,12.23613914474363,12.611543082020175,12.23613914474363,12.449206244278967,533064.93,654458789.0
2019-03-18,002024.SZ,002024.SZ,12.4593536865257,12.733297130773417,12.408623419072422,12.733297130773416,671588.01,834106111.0
2019-03-19,002024.SZ,002024.SZ,12.794169453538146,12.946360208338362,12.560810296177817,12.66227079937796,565768.4,709286957.0
2019-03-20,002024.SZ,002024.SZ,12.662266534192009,12.763727003215983,12.408615361632073,12.530367924460842,448354.74,554867894.0
2019-03-21,002024.SZ,002024.SZ,12.570955671806063,12.641978020234346,12.418764925174028,12.540517522479655,480952.02,594182261.0
2019-03-22,002024.SZ,002024.SZ,12.54051641654425,12.926066274010822,12.297011243407468,12.885482078488025,962631.35,1203176933.0
2019-03-25,002024.SZ,002024.SZ,12.68256203265404,12.763730429663026,12.388326593496467,12.42891079200096,664117.89,824492912.0
2019-03-26,002024.SZ,002024.SZ,12.47963975091246,12.581100236692235,12.236134585040997,12.276718779352906,473804.64,578340395.0
2019-03-27,002024.SZ,002024.SZ,12.347740916810707,12.39847115886827,12.215842287461044,12.368033013633733,297938.27,362096822.0
2019-03-28,002024.SZ,002024.SZ,12.398468946692919,12.398468946692919,12.205694061269705,12.225986154472151,296653.75,359011200.0
2019-03-29,002024.SZ,002024.SZ,12.246280882332066,12.743437272749855,12.246280882332066,12.733291223965818,693154.91,859181957.0
2019-04-01,002024.SZ,002024.SZ,12.834755480898654,13.321765965549353,12.65212654915464,13.128990982041783,1370463.07,1762967780.0
2019-04-02,002024.SZ,002024.SZ,13.149286926932495,13.666735718038636,13.149286926932495,13.544983061307777,1255867.85,1669147867.0
2019-04-03,002024.SZ,002024.SZ,13.565280442001207,14.90456018646206,13.392797444608522,14.75236930640969,2257051.91,3222964581.0
2019-04-04,002024.SZ,002024.SZ,14.610324948527428,14.762515833407923,14.417549827678803,14.711785538447758,1137263.25,1636756816.0
2019-04-08,002024.SZ,002024.SZ,14.833531952064357,14.904554334871777,14.16389234273724,14.346521327099179,1060425.73,1507872303.0
2019-04-09,002024.SZ,002024.SZ,14.234920894673195,14.620471139860353,14.103022126582854,14.468280253602266,744146.91,1055075507.0
2019-04-10,002024.SZ,002024.SZ,14.610324107445116,14.610324107445116,14.224773887943092,14.316088413614624,695880.1,985652286.0
2019-04-11,002024.SZ,002024.SZ,14.366822141197968,14.508866992876479,13.981271829499152,14.00156395116751,664877.63,928804766.0
2019-04-12,002024.SZ,002024.SZ,14.021859978645363,14.762522625853114,14.011713914984984,14.56974741630589,1019253.15,1456364677.0
2019-04-15,002024.SZ,002024.SZ,14.742230751436951,14.894421708953507,14.092882666032985,14.194343304377353,988869.0,1416989187.0
2019-04-16,002024.SZ,002024.SZ,14.062447587284288,14.295807107130996,13.77835773703612,14.255222842809829,555456.19,770607817.0
2019-04-17,002024.SZ,002024.SZ,14.234926325964283,14.437847585065699,13.900106248446948,14.163903885278788,550441.65,768055961.0
2019-04-18,002024.SZ,002024.SZ,14.33638691434805,14.427701480681478,14.082735341199642,14.133465655829324,405099.67,568646257.0
2019-04-19,002024.SZ,002024.SZ,14.082731817984763,14.275506965349107,13.971125153721195,14.113169999147553,291902.54,405111525.0
2019-04-22,002024.SZ,002024.SZ,14.174043105693652,14.184189163750698,13.818931073697032,13.869661363982264,348569.94,479293467.0
2019-04-23,002024.SZ,002024.SZ,13.869662053349705,14.031998990331122,13.646448765000258,13.676886940684273,412714.37,563500233.0
2019-04-24,002024.SZ,002024.SZ,13.747910481962537,13.84937107592536,13.45367475947035,13.80878683834023,370341.03,498751462.0
2019-04-25,002024.SZ,002024.SZ,13.778351764239128,13.79864388760325,13.22031837172576,13.240610495089884,468915.8,623464730.0
2019-04-26,002024.SZ,002024.SZ,13.250750575527665,13.402941432061292,13.088413661891797,13.149290004505248,375243.24,489932551.0
2019-04-29,002024.SZ,002024.SZ,13.139143624226522,13.423233216101691,13.027536998846992,13.200019965342628,395484.4,517463966.0
2019-04-30,002024.SZ,002024.SZ,12.976805922813266,13.01739014774779,12.449210998664487,12.804322966841552,920993.39,1155663139.0
2019-05-06,002024.SZ,002024.SZ,12.175263930106944,12.33760078250837,11.7491296925532,11.830298118753914,703300.06,837157613.0
2019-05-07,002024.SZ,002024.SZ,11.96219922010008,12.073805828599742,11.6679636158737,11.891176832873024,450912.05,527426974.00000006
2019-05-08,002024.SZ,002024.SZ,11.718696382812428,12.00278599209273,11.59694369312087,11.840449072503986,404453.54,471523984.0
2019-05-09,002024.SZ,002024.SZ,11.779570778221876,11.891177391969027,11.525919383341991,11.525919383341991,308813.71,355293473.0
2019-05-10,002024.SZ,002024.SZ,11.657822599395365,11.870889853170214,11.29256445006705,11.799867435245265,388892.61,448724146.0
2019-05-13,002024.SZ,002024.SZ,11.657824029421603,11.738992517006784,11.333150079080879,11.41431856666606,389474.15,442257947.0
2019-05-14,002024.SZ,002024.SZ,11.282417262670556,11.5056305538385,11.231686969223297,11.394023908254528,352314.25,395301480.0
2019-05-15,002024.SZ,002024.SZ,11.515776349887433,11.63752905138404,11.465046057597181,11.566506642177686,370728.08,421935985.0
2019-05-16,002024.SZ,002024.SZ,11.596943406976449,11.799864551455478,11.586797349752498,11.67811186476806,379138.82,436436188.0
2019-05-17,002024.SZ,002024.SZ,11.688252834656728,11.70854494027245,11.221534405495088,11.282410722342258,438490.6,491494611.0
2019-05-20,002024.SZ,002024.SZ,11.302702004445935,11.312848056514557,10.957736234112756,11.140365171347968,304458.59,332655522.0
2019-05-21,002024.SZ,002024.SZ,11.17080064899609,11.36357559207595,11.099778301545616,11.17080064899609,459973.86,508334558.0
2019-05-22,002024.SZ,002024.SZ,11.160655281004662,11.26211578355925,11.028756627683697,11.130217130238286,389545.25,428226420.0
2019-05-23,002024.SZ,002024.SZ,11.08963728695914,11.150513612413627,10.947592527565336,10.947592527565336,334718.11,363722374.0
2019-05-24,002024.SZ,002024.SZ,10.896857541462074,11.038902239395473,10.764958893381062,10.92729569101923,358279.72,385086715.0
2019-05-27,002024.SZ,002024.SZ,10.937440322871463,11.241821778981059,10.886710080186532,11.191091536296126,352903.67,386184162.0
2019-05-28,002024.SZ,002024.SZ,11.191094309133423,11.383869279100363,11.069341696522724,11.383869279100363,459186.97,509045786.0
2019-05-29,002024.SZ,002024.SZ,11.262121825331205,11.333144215220681,11.201245491140225,11.251975769632708,257883.8,286420112.0
2019-05-30,002024.SZ,002024.SZ,11.211396234492826,11.211396234492826,10.967890795915606,11.089643515204216,248452.98,270431200.0
2019-05-31,002024.SZ,002024.SZ,11.12008413652032,11.160668385193752,10.978039266163309,10.998331390500024,212999.72,232160393.0
2019-06-03,002024.SZ,002024.SZ,10.988181101317327,11.089641683970303,10.80555205254197,10.866428402133756,316708.33,340725881.0
2019-06-04,002024.SZ,002024.SZ,10.835992092136182,10.957744812272544,10.815699972113455,10.907014512215726,181752.23,195038434.0
2019-06-05,002024.SZ,002024.SZ,10.988180217512948,11.150517136700582,10.896865700469904,11.049056562208312,255672.81,277436139.0
2019-06-06,002024.SZ,002024.SZ,10.967893555458677,10.967893555458677,10.734534118108492,10.734534118108492,303924.95,324220863.0
2019-06-10,002024.SZ,002024.SZ,10.754824594692188,10.91716156970641,10.6533639853083,10.856285204076077,205188.65,218778089.0
2019-06-11,002024.SZ,002024.SZ,10.896872606342516,11.211400586600076,10.825850159187583,11.201254522720799,372854.93,407338223.0
2019-06-12,002024.SZ,002024.SZ,11.231690433398366,11.292566804311095,11.140375877029275,11.191106186123214,267829.59,295988748.0
2019-06-13,002024.SZ,002024.SZ,11.16066436088143,11.404169765118843,11.02876560025283,11.262124945980352,329744.61,364248959.0
2019-06-14,002024.SZ,002024.SZ,11.251977957554848,11.251977957554848,10.998326515770472,11.049056804127348,237295.88,259582427.0
2019-06-17,002024.SZ,002024.SZ,11.059200876030257,11.120077211127672,10.988178485083273,11.018616652631978,131645.98,143418928.0
2019-06-18,002024.SZ,002024.SZ,10.998329293671421,11.049059594841493,10.907014751565294,10.988183233437407,178802.01,193259556.0
2019-06-19,002024.SZ,002024.SZ,11.231688997319152,11.33314960253432,11.099790210539432,11.099790210539432,342625.37,378447536.0
2019-06-20,002024.SZ,002024.SZ,11.1505172195769,11.495483175414584,11.109932989478349,11.404168657692844,440727.12,491889879.0
2019-06-21,002024.SZ,002024.SZ,11.414318367798192,11.515778975511953,11.373734124712689,11.414318367798192,415663.83,468298444.0
2019-06-24,002024.SZ,002024.SZ,11.850600255773625,12.15498211165822,11.718701451556967,11.789723884596706,958342.43,1121227316.0
2019-06-25,002024.SZ,002024.SZ,11.912743930469151,11.912743930469151,11.430903169081846,11.594934066575398,474267.62,536948057.0
2019-06-26,002024.SZ,002024.SZ,11.564174272273393,11.646189692644127,11.471906924356318,11.615433910005104,218787.99,247091182.0
2019-06-27,002024.SZ,002024.SZ,11.625691089189866,11.769218139673692,11.502667903060873,11.574431428302784,296320.51,336308564.0
2019-06-28,002024.SZ,002024.SZ,11.584682765100135,11.83072912471288,11.584682765100135,11.769217534809693,409778.23,468269776.0
2019-07-01,002024.SZ,002024.SZ,11.974256126987386,12.035767716680814,11.830729084369386,12.025515785065243,520373.71,607189626.0
2019-07-02,002024.SZ,002024.SZ,12.035762927147177,12.066518709754877,11.89223594164457,11.953747506859973,329717.05,385189250.0
2019-07-03,002024.SZ,002024.SZ,11.892241892928586,11.92299769092754,11.707707104934867,11.799974498931727,265413.92,305369717.0
2019-07-04,002024.SZ,002024.SZ,11.79997339139026,11.871736913318784,11.63594248412506,11.687202142645436,203072.47,232725536.0
2019-07-05,002024.SZ,002024.SZ,11.717958347118637,11.769218007429743,11.65644675474531,11.738462211243078,124343.74,142097357.0
2019-07-08,002024.SZ,002024.SZ,11.687206443159646,11.738466120541924,11.359144507913058,11.389900314342427,285750.71,319604655.0
2019-07-09,002024.SZ,002024.SZ,11.379650431101929,11.461665929704465,11.256627183198125,11.369398493776611,174035.88,192546545.0
2019-07-10,002024.SZ,002024.SZ,11.348892851675176,11.379648658861287,11.205365751473321,11.256625430116841,167002.21,183946025.0
2019-07-11,002024.SZ,002024.SZ,11.225864681399603,11.246368543831384,10.559489152366751,10.7132681206051,1048257.25,1112350001.0
2019-07-12,002024.SZ,002024.SZ,10.713268070118447,10.959314418140305,10.672260345448137,10.877298968799685,443342.55,469430385.0
2019-07-15,002024.SZ,002024.SZ,10.93880963829075,11.05158087167519,10.68251138059884,11.00032122013681,338239.29,360314205.0
2019-07-16,002024.SZ,002024.SZ,10.979817727560025,11.11309282602714,10.938810004954759,11.010573519513976,190856.47,205303364.0
2019-07-17,002024.SZ,002024.SZ,11.010569003941692,11.04132478328231,10.928553592366706,10.949057445260452,156459.98,167620370.0
2019-07-18,002024.SZ,002024.SZ,10.979816388452466,10.979816388452466,10.785029729833793,10.815785518036742,183053.9,193502782.0
2019-07-19,002024.SZ,002024.SZ,10.815784081404892,10.928555289836602,10.785028297287152,10.805532153365645,197176.39,208573457.0
2019-07-22,002024.SZ,002024.SZ,10.82603636439614,10.84654022114689,10.579990083387138,10.631249725264011,209402.12,218202908.0
2019-07-23,002024.SZ,002024.SZ,10.662010556530149,10.754277955577043,10.662010556530149,10.74402602234961,140453.88,146791171.0
2019-07-24,002024.SZ,002024.SZ,10.785033998759632,10.979820734478675,10.785033998759632,10.8978052668075,202231.07,215188324.0
2019-07-25,002024.SZ,002024.SZ,10.897808858593509,10.949068542782564,10.826045300728829,10.949068542782564,141935.51,151103885.0
2019-07-26,002024.SZ,002024.SZ,10.949072379548427,11.03108790299074,10.887560736966694,11.000332081699872,133044.01,142436052.0
2019-07-29,002024.SZ,002024.SZ,10.95931985774676,11.020831475283225,10.867052431442064,10.877304367698141,142845.84,152046438.0
2019-07-30,002024.SZ,002024.SZ,10.887561015111759,11.010584303418108,10.887561015111759,10.969576540649324,149263.31,159774026.0
2019-07-31,002024.SZ,002024.SZ,10.969579403166966,11.174618270515882,10.949075516432076,11.000335233269306,270925.8,291625043.0
2019-08-01,002024.SZ,002024.SZ,10.938819119179822,10.959322997566288,10.805543909667788,10.877307484020422,184323.71,195611878.0
2019-08-02,002024.SZ,002024.SZ,10.56975036822694,10.754285292211502,10.549246487784208,10.733781411768772,234132.6,243576688.0
2019-08-05,002024.SZ,002024.SZ,10.682525052854416,10.73378476999863,10.518493957992927,10.518493957992927,275618.71,285306875.0
2019-08-06,002024.SZ,002024.SZ,10.405720840811579,10.405720840811579,10.190430064794787,10.303201423660727,392347.98,393409793.0
2019-08-07,002024.SZ,002024.SZ,10.354461132236153,10.42622472424175,10.282697540230554,10.303201423660727,150641.45,151952983.0
2019-08-08,002024.SZ,002024.SZ,10.364712816378846,10.405720582220107,10.303201167616955,10.31345310907727,163604.98,165047897.0
2019-08-09,002024.SZ,002024.SZ,10.385218566771014,10.395470510074835,10.21093553060605,10.262195247125156,179929.79,180546381.0
2019-08-12,002024.SZ,002024.SZ,10.26219504610272,10.497989737471714,10.26219504610272,10.467233908162717,209560.21,212877045.0
2019-08-13,002024.SZ,002024.SZ,10.405719632660114,10.42622351370969,10.333956048986597,10.354459930036173,116718.81,118067648.0
2019-08-14,002024.SZ,002024.SZ,10.518492113893048,10.569751822050423,10.426224639209776,10.446728522472725,171993.2,176013298.0
2019-08-15,002024.SZ,002024.SZ,10.262189309731527,10.508235806668146,10.210929622869733,10.48773193192343,152660.35,154671983.0
2019-08-16,002024.SZ,002024.SZ,10.815792186312784,11.092594450796618,10.744028636261419,10.887555736364146,653375.5,695571983.0
2019-08-19,002024.SZ,002024.SZ,10.959322810508887,11.061842200691382,10.90806311541764,11.031086383636634,390101.77,418279451.0
2019-08-20,002024.SZ,002024.SZ,11.072096457605976,11.072096457605976,10.928569281303677,10.969577045961476,273336.54,292923843.0
2019-08-21,002024.SZ,002024.SZ,10.979832489135172,11.04134415574097,10.897816933660772,10.928572766963672,236767.08,253658266.0
2019-08-22,002024.SZ,002024.SZ,10.949072890168523,11.092600062886088,10.897813185626537,10.969576771985318,267114.57,286053269.0
2019-08-23,002024.SZ,002024.SZ,10.959323093124285,11.000330850254779,10.887559518145922,10.990078910972157,204825.35,218880595.0
2019-08-26,002024.SZ,002024.SZ,10.754284632129462,10.897811786419084,10.703024934168882,10.867055967642735,285586.71,300805759.0
2019-08-27,002024.SZ,002024.SZ,10.97982811647655,11.13360722174933,10.908064534015919,11.07209557964022,486923.27,525641927.0
2019-08-28,002024.SZ,002024.SZ,11.154111102452369,11.246378565616038,10.96957617612503,11.07209557964022,321105.63,347245644.0
2019-08-29,002024.SZ,002024.SZ,11.092597813946309,11.195117202245257,10.918314853838094,11.051590058626727,296630.19,319272658.0
2019-08-30,002024.SZ,002024.SZ,11.113096952499415,11.133600821415467,10.938814066712986,11.010577607919164,249106.4,267983881.0
2019-09-02,002024.SZ,002024.SZ,10.87730015389508,11.00032334130954,10.795284695618774,10.928559815317772,574103.97,610486176.0
2019-09-03,002024.SZ,002024.SZ,10.918305424606293,10.949061214534762,10.76452647496395,10.836289984797045,415844.24,438716931.0
2019-09-04,002024.SZ,002024.SZ,10.826035664921923,10.908051086625877,10.785027954069944,10.867043375773898,327625.97,346276131.0
2019-09-05,002024.SZ,002024.SZ,10.908049460075853,11.113087983761488,10.897797533891572,11.00031679573439,577943.88,620860603.0
2019-09-06,002024.SZ,002024.SZ,11.000316056217294,11.000316056217294,10.928552577751757,10.979812205227141,306235.7,327407572.0
2019-09-09,002024.SZ,002024.SZ,11.031073529790499,11.225860144164123,10.969561967356723,11.195104362947236,557957.14,603404602.0
2019-09-10,002024.SZ,002024.SZ,11.21560548309315,11.21560548309315,11.031070840775346,11.102834312787826,371818.68,402725472.0
2019-09-11,002024.SZ,002024.SZ,11.14384631364364,11.328381027209039,11.072082813923767,11.205357884832107,471711.22,515916196.0
2019-09-12,002024.SZ,002024.SZ,11.246363170069358,11.35913435955957,11.225859317434773,11.297622801655816,421065.5,463575058.0
2019-09-16,002024.SZ,002024.SZ,11.297618394855386,11.307870317173766,11.102831870806156,11.143839560079677,385775.3,420614071.0
2019-09-17,002024.SZ,002024.SZ,11.154093233087227,11.154093233087227,10.887543210973009,10.90804705882795,367456.62,393948513.0
2019-09-18,002024.SZ,002024.SZ,10.928550327686814,10.938802251071134,10.815779170459276,10.83628301722792,254962.08,270375723.0
2019-09-19,002024.SZ,002024.SZ,10.88753784076293,10.92854551624603,10.836278246409057,10.897789759633707,197270.3,209307794.0
2019-09-20,002024.SZ,002024.SZ,10.918289964823892,10.928541880283818,10.805518894764676,10.84652655660439,303788.2,321269222.0
2019-09-23,002024.SZ,002024.SZ,10.8567734501611,10.86702536087891,10.723498610829568,10.81576580728986,242715.75,254997520.0
2019-09-24,002024.SZ,002024.SZ,10.785012932092739,10.89778397986177,10.785012932092739,10.836272499260481,189999.38,200930543.0
2019-09-25,002024.SZ,002024.SZ,10.785013294005925,10.815769035338644,10.682494156230204,10.692746070007775,226067.22,236197095.0
2019-09-26,002024.SZ,002024.SZ,10.703001943998817,10.754261531853219,10.497963592581216,10.528719345293856,358970.83,371319058.0
2019-09-27,002024.SZ,002024.SZ,10.590226414966468,10.631234068073791,10.50821110875182,10.549218761859143,237598.63,244914768.0
2019-09-30,002024.SZ,002024.SZ,10.631237013212958,10.805519587200056,10.57997743262852,10.62098509709607,277601.05,288861480.0
2019-10-08,002024.SZ,002024.SZ,10.682501904171426,10.754265352663941,10.620990376892127,10.641494219318561,218368.47,227295512.0
2019-10-09,002024.SZ,002024.SZ,10.590229983865589,10.600481900597307,10.4877108165484,10.600481900597307,192825.19,198418409.0
2019-10-10,002024.SZ,002024.SZ,10.600476916941076,10.651736476500753,10.538965445469463,10.641484564588817,251649.37,260064077.0
2019-10-11,002024.SZ,002024.SZ,10.672235635089987,10.672235635089987,10.518457023633358,10.600472283076892,255864.68,264362041.00000003
2019-10-14,002024.SZ,002024.SZ,10.672239301125128,10.785010321598111,10.672239301125128,10.744002677789755,367219.58,384480275.0
2019-10-15,002024.SZ,002024.SZ,10.84651759263682,11.0208000114221,10.785006150712602,10.815761871674713,631967.23,671652949.0
2019-10-16,002024.SZ,002024.SZ,10.774750686509721,10.826010204523564,10.70298736129034,10.71323926489311,325265.39,340880211.0
2019-10-17,002024.SZ,002024.SZ,10.733744404846115,10.805507738975935,10.69273678534336,10.733744404846115,191142.59,200400129.0
2019-10-18,002024.SZ,002024.SZ,10.75424809027092,10.77475189978526,10.620973328427715,10.641477137942056,266946.34,278405792.0
2019-10-21,002024.SZ,002024.SZ,10.600473216751581,10.610725125084997,10.487702225084012,10.579969400084751,241696.54,248782371.0
2019-10-22,002024.SZ,002024.SZ,10.620978569468374,10.7850091265258,10.590222840020107,10.77475721670971,282833.01,294763332.0
2019-10-23,002024.SZ,002024.SZ,10.785013178637259,10.795265092305165,10.70299786929401,10.723501696629823,196588.05,205921608.0
2019-10-24,002024.SZ,002024.SZ,10.723503680167708,10.723503680167708,10.610732608961355,10.641488355653998,198395.18,206266328.0
2019-10-25,002024.SZ,002024.SZ,10.692748872151409,10.754260370936557,10.590229707509497,10.744008454472366,217474.14,226456780.0
2019-10-28,002024.SZ,002024.SZ,11.17458513833068,11.26685235506919,10.908035401086096,11.072066008621226,1135539.32,1225878848.0
2019-10-29,002024.SZ,002024.SZ,10.990053202592458,11.01055703319431,10.81577064247672,10.826022557777646,524351.84,558236647.0
2019-10-30,002024.SZ,002024.SZ,10.815765481549814,11.020803689730853,10.774757839913606,11.00029986891275,459518.65,488311638.0
2019-10-31,002024.SZ,002024.SZ,10.969548556696264,10.979800471235235,10.805517924072769,10.81576983861174,452382.9,480151161.0
2019-11-01,002024.SZ,002024.SZ,10.764512977127506,11.051566656517572,10.744009142885359,10.990055153791129,623114.32,665766942.0
2019-11-04,002024.SZ,002024.SZ,11.051568645178113,11.0720724831098,10.86703410379295,10.938797536553846,617651.34,660215441.0
2019-11-05,002024.SZ,002024.SZ,11.020814373427305,11.08232589551155,10.969554771690433,11.031066293774678,577366.51,621181730.0
2019-11-06,002024.SZ,002024.SZ,11.051570674076606,11.051570674076606,10.867036098813733,10.91829570305342,408880.17,436238611.0
2019-11-07,002024.SZ,002024.SZ,10.897791861357545,11.00031106983692,10.887539940509606,10.91829570305342,299625.47,319448144.0
2019-11-08,002024.SZ,002024.SZ,10.990063434805924,11.092582683264935,10.877292261501012,11.041323059035427,699819.85,750455896.0
2019-11-11,002024.SZ,002024.SZ,11.031067471281068,11.031067471281068,10.661998299379471,10.682502142262893,637259.18,671750327.0
2019-11-12,002024.SZ,002024.SZ,10.672246142386081,10.703001894957799,10.518467379527491,10.569726967147023,413710.78,426921681.0
2019-11-13,002024.SZ,002024.SZ,10.518467182823867,10.528719100156055,10.354436505508875,10.415948009502,442320.15,449085751.0
2019-11-14,002024.SZ,002024.SZ,10.415950636578541,10.477462156085895,10.344187197153294,10.40569871666065,303382.56,307728182.0
2019-11-15,002024.SZ,002024.SZ,10.41595525321005,10.41595525321005,10.292932159668199,10.292932159668199,307320.05,309674989.0
2019-11-18,002024.SZ,002024.SZ,10.313435028304854,10.385198492716517,10.303183104817473,10.354442722254376,199544.94,201365760.0
2019-11-19,002024.SZ,002024.SZ,10.333941007035179,10.467216039864008,10.313437155830744,10.436460263057354,274332.35,278396814.0
2019-11-20,002024.SZ,002024.SZ,10.426210261338818,10.426210261338818,10.303187131411518,10.333942913893342,319791.79,322707407.0
2019-11-21,002024.SZ,002024.SZ,10.262180727160366,10.344196157547263,10.262180727160366,10.313440371152177,203979.34,204912599.0
2019-11-22,002024.SZ,002024.SZ,10.333944969828568,10.354448828895688,10.251929533560087,10.292937251694326,304390.05,305427974.0
2019-11-25,002024.SZ,002024.SZ,10.303189017197012,10.323692875937702,10.231425511604595,10.303189017197013,313659.05,314455891.0
2019-11-26,002024.SZ,002024.SZ,10.3236926193847,10.34419647761585,10.251929115575669,10.313440690269124,399183.36,400464639.0
2019-11-27,002024.SZ,002024.SZ,10.292939802344394,10.303191734418444,10.21092434575201,10.231428209900105,345920.5,345742419.0
2019-11-28,002024.SZ,002024.SZ,10.231428498981831,10.231428498981831,10.128909175344738,10.159664972435865,336997.28,334143752.0
2019-11-29,002024.SZ,002024.SZ,10.149418047802854,10.149418047802854,10.057150611004648,10.098158360692738,284269.9,279717941.0
2019-12-02,002024.SZ,002024.SZ,10.139169291698133,10.210932876169203,10.10841346978196,10.128917351059409,271188.07,268663767.0
2019-12-03,002024.SZ,002024.SZ,10.118668141339445,10.18017980177312,10.077660367716996,10.18017980177312,244930.23,242255586.0
2019-12-04,002024.SZ,002024.SZ,10.159677423519833,10.200685203231314,10.108417698880478,10.149425478591963,270415.36,267549206.0
2019-12-05,002024.SZ,002024.SZ,10.149423432336823,10.180179260919662,10.118667603753984,10.169927318058717,307504.82,304327122.0
2019-12-06,002024.SZ,002024.SZ,10.169924704101494,10.231436345456947,10.13916888342377,10.210932465005131,284564.79,282785546.0
2019-12-09,002024.SZ,002024.SZ,10.231436345456947,10.241688285682855,10.159672763875585,10.210932465005131,265817.0,264218376.99999997
2019-12-10,002024.SZ,002024.SZ,10.200681017863474,10.200681017863474,10.159673254977593,10.180177136420534,243184.29,241359789.0
2019-12-11,002024.SZ,002024.SZ,10.190428073461556,10.221183892596752,10.15967225432636,10.200680013173287,248392.08,246841219.0
2019-12-12,002024.SZ,002024.SZ,10.21093272488088,10.21093272488088,10.15967302244674,10.169924962933568,227022.06,225250233.0
2019-12-13,002024.SZ,002024.SZ,10.210930100384115,10.231433976087697,10.16992234897695,10.210930100384116,477481.2,475179706.0
2019-12-16,002024.SZ,002024.SZ,10.221180573708331,10.333951873919757,10.210928637325475,10.303196064771187,599027.67,600981568.0
2019-12-17,002024.SZ,002024.SZ,10.313445209620383,10.477476147347945,10.292941342404436,10.415964545700108,868108.81,879654843.0
2019-12-18,002024.SZ,002024.SZ,10.456967082583645,10.487722868120656,10.37495165448495,10.395455511509624,499421.25,507631359.0
2019-12-19,002024.SZ,002024.SZ,10.395453504111318,10.436461210241934,10.364697724513354,10.405705430643971,327594.57,332071752.0
2019-12-20,002024.SZ,002024.SZ,10.42621274533476,10.436464675271175,10.33394537590702,10.344197305843435,355295.28,359609615.0
2019-12-23,002024.SZ,002024.SZ,10.34419608278203,10.34419608278203,10.200669080642339,10.23142486681513,438896.8,439673930.0
2019-12-24,002024.SZ,002024.SZ,10.221172815559324,10.27243245856614,10.200668958356596,10.262180529964777,278869.69,278734773.0
2019-12-25,002024.SZ,002024.SZ,10.251928642494521,10.262180571137016,10.210920927924544,10.221172856567039,278849.72,278511639.0
2019-12-26,002024.SZ,002024.SZ,10.231424600859537,10.251928457775087,10.20066881548621,10.241676529317312,337281.93,336284908.0
2019-12-27,002024.SZ,002024.SZ,10.251928416890028,10.333943844225148,10.251928416890028,10.282684202140697,477245.66,479439145.0
2019-12-30,002024.SZ,002024.SZ,10.272431632968132,10.374950910742264,10.210920066303654,10.354447055187437,542170.95,544743703.0
2019-12-31,002024.SZ,002024.SZ,10.33394217748195,10.374949884535448,10.3134383239552,10.364697957772073,380317.71,383755741.0
2020-01-02,002024.SZ,002024.SZ,10.40570776422233,10.651754056184238,10.385203906558838,10.518478981371537,884399.87,906462837.0
2020-01-03,002024.SZ,002024.SZ,10.55948309102014,10.569735016351226,10.456963837709262,10.5082234643647,518119.98,530585517.0
2020-01-06,002024.SZ,002024.SZ,10.446711912378175,10.600490792344488,10.395452285722738,10.5082234643647,694235.94,711417886.0
2020-01-07,002024.SZ,002024.SZ,10.538974144139761,10.64149334787653,10.518470303392407,10.600485666381822,592552.64,611699200.0
2020-01-08,002024.SZ,002024.SZ,10.528719764653339,10.569727436570197,10.41594866688198,10.446704420819621,618941.2,632703495.0
2020-01-09,002024.SZ,002024.SZ,10.549220609188733,11.020808702505237,10.528716779044537,10.918289551784259,1766043.72,1868852798.0
2020-01-10,002024.SZ,002024.SZ,10.918286659522126,11.010553870729355,10.774759886533102,10.836271360671256,744648.11,787891980.0
2020-01-13,002024.SZ,002024.SZ,10.826016264791745,10.877275811500038,10.682489534008521,10.877275811500038,590515.13,621767178.0
2020-01-14,002024.SZ,002024.SZ,10.979789487527256,11.010545200377472,10.85676663612639,10.867018540409793,587699.69,626086134.0
2020-01-15,002024.SZ,002024.SZ,10.867018744485259,10.990041598196413,10.795255413153752,10.918278266864908,457144.69,485343219.0
2020-01-16,002024.SZ,002024.SZ,10.949031079886343,10.969534883406729,10.785000651723252,10.836260160524219,411515.83,435101917.0
2020-01-17,002024.SZ,002024.SZ,10.867019085661353,10.88752289525694,10.754248132885623,10.795255752076796,402275.12,423676023.0
2020-01-20,002024.SZ,002024.SZ,10.785007469644707,10.805511286126922,10.682488387233636,10.774755561403602,445839.36,467096465.0
2020-01-21,002024.SZ,002024.SZ,10.723500353451081,10.733752265834879,10.528714018158947,10.528714018158949,571577.74,590214974.0
2020-01-22,002024.SZ,002024.SZ,10.50820543282255,10.518457340561888,10.354426816732463,10.477449709604533,499581.94,508532863.0
2020-01-23,002024.SZ,002024.SZ,10.354431248427142,10.364683160554298,10.169896830138342,10.251912127155586,876676.74,878436652.0
2020-02-03,002024.SZ,002024.SZ,9.226720914440028,9.483018717618918,9.226720914440028,9.431759156983139,1076449.55,974282866.0
2020-02-04,002024.SZ,002024.SZ,9.411252517396036,9.70855788014602,9.339489153973625,9.595786880482233,1269984.62,1188079589.0
2020-02-05,002024.SZ,002024.SZ,9.636795663717217,9.790574317925472,9.534276560911715,9.647047573997769,902190.43,850405980.0
2020-02-06,002024.SZ,002024.SZ,9.657296875811863,10.03661745373653,9.57528161572004,9.944350286133233,997716.84,961126056.0
2020-02-07,002024.SZ,002024.SZ,9.954598583167229,9.964850486960398,9.759812411097014,9.893087160408214,654094.42,627879076.0
2020-02-10,002024.SZ,002024.SZ,9.903342837873325,10.15964053036487,9.841831391675353,9.954602376371634,722983.87,703876995.0
2020-02-11,002024.SZ,002024.SZ,10.02636169072109,10.036613594290335,9.862331233613178,9.923842655028645,527197.5,510677231.0
2020-02-12,002024.SZ,002024.SZ,9.903339996103355,9.913591900861226,9.84182856755613,9.903339996103355,471715.33,454446418.0
2020-02-13,002024.SZ,002024.SZ,9.893083836697997,9.934091438093636,9.74955723181326,9.821320534255628,620527.07,595246158.0
2020-02-14,002024.SZ,002024.SZ,9.821320534255628,9.862328135651266,9.770061032511078,9.821320534255628,322153.0,308201219.0
2020-02-17,002024.SZ,002024.SZ,9.83156797304908,9.985346408498232,9.83156797304908,9.985346408498232,941555.17,911723637.0
2020-02-18,002024.SZ,002024.SZ,9.964844264186437,9.975096161577575,9.862325290275052,9.923836674621883,600995.11,581335020.0
2020-02-19,002024.SZ,002024.SZ,9.903336338799948,9.954595843659162,9.852076833940734,9.862328734912577,516705.32,498721837.0
2020-02-20,002024.SZ,002024.SZ,9.89308921660476,9.995608275844187,9.800822063289276,9.975104463996303,876858.54,847681900.0
2020-02-21,002024.SZ,002024.SZ,9.975099552862133,10.12887806601006,9.934091949356018,10.036610958121303,957281.17,935515641.0
2020-02-24,002024.SZ,002024.SZ,9.995600886821,10.005852785166457,9.841822411639138,9.882830005020969,850153.49,820095454.0
2020-02-25,002024.SZ,002024.SZ,9.73930473767074,9.77006043684233,9.606030041260507,9.759808537118467,885389.38,838235655.0
2020-02-26,002024.SZ,002024.SZ,9.698300764306923,10.087873099448215,9.647041246525173,9.872583124764871,989699.7,957892206.0
2020-02-27,002024.SZ,002024.SZ,9.89308644550196,9.913590251606625,9.770063608873954,9.800819318030955,536470.18,513439555.0
2020-02-28,002024.SZ,002024.SZ,9.636785920003922,9.708549219408207,9.50351122111025,9.513763121025146,736348.57,688938102.0
2020-03-02,002024.SZ,002024.SZ,9.513761835109962,9.729051704223442,9.513761835109962,9.708547907165016,517004.75,486893919.0
2020-03-03,002024.SZ,002024.SZ,9.800817295167517,9.893084403594825,9.73930588954931,9.78031349329478,593536.0,568625793.0
2020-03-04,002024.SZ,002024.SZ,9.82132514644649,10.01611134454929,9.729057999976742,9.99560753422268,929624.75,896782782.0
2020-03-05,002024.SZ,002024.SZ,10.046867830504473,10.067371642403462,9.934096865060035,10.026364018605484,868094.58,847310066.0
2020-03-06,002024.SZ,002024.SZ,9.954596635091011,10.333917001206734,9.913589027943363,10.200642277976884,1204822.09,1195575691.0
2020-03-09,002024.SZ,002024.SZ,10.046864067112327,10.087871675549518,9.729055101724079,9.780314612270569,940024.73,906567116.0
2020-03-10,002024.SZ,002024.SZ,9.636790426998468,9.882836140028218,9.616286617579323,9.862332330609071,633645.15,602974700.0
2020-03-11,002024.SZ,002024.SZ,9.872584360024971,9.882836264864043,9.729057692277983,9.739309597117053,486365.76,464740731.0
2020-03-12,002024.SZ,002024.SZ,9.636787966520949,9.688047476981165,9.534268945600513,9.565024651876643,530733.57,496632806.0
2020-03-13,002024.SZ,002024.SZ,9.226708161902938,9.462501814929347,9.124189182326239,9.380486631267987,798731.15,723348802.0
2020-03-16,002024.SZ,002024.SZ,9.431744764721167,9.60602700493884,9.2472106280201,9.267714420986884,665151.8,610590544.0
2020-03-17,002024.SZ,002024.SZ,9.257462524503493,9.370233385820812,9.052424594835642,9.267714420986884,505227.37,453727004.0
2020-03-18,002024.SZ,002024.SZ,9.308719413029378,9.380482668416168,9.12418532774906,9.124185327749059,447676.38,404753621.0
2020-03-19,002024.SZ,002024.SZ,9.103678300030627,9.34972365949091,9.042166960165554,9.216449089783257,548144.48,491954477.0
2020-03-20,002024.SZ,002024.SZ,9.308712501860025,9.329216273890554,9.124178553585267,9.257453071783702,436415.7,392230655.0
2020-03-23,002024.SZ,002024.SZ,9.042164144396928,9.113927351892142,8.970400936901715,9.011408484041835,435993.34,384794200.0
2020-03-24,002024.SZ,002024.SZ,9.103679387163018,9.134435060768299,9.001160475145415,9.11393127836478,325635.43,288320116.0
2020-03-25,002024.SZ,002024.SZ,9.257454898837306,9.277958674914466,9.16518790649009,9.236951122760146,399727.79,359380451.0
2020-03-26,002024.SZ,002024.SZ,9.195947173034615,9.30871798563593,9.154939604815953,9.18569528097995,319477.6,287173367.0
2020-03-27,002024.SZ,002024.SZ,9.26771041741727,9.277962309471937,9.175443388925283,9.18569528097995,308494.95,277752017.0
2020-03-30,002024.SZ,002024.SZ,9.072920544951835,9.124179983058909,9.021661106844764,9.103676207816081,276544.94,244770885.0
2020-03-31,002024.SZ,002024.SZ,9.144684730494031,9.277959283741144,9.1241809530714,9.257455506318509,341617.16,306540590.0
2020-04-01,002024.SZ,002024.SZ,9.226701679325178,9.247205460834788,9.10367899026751,9.154938444041537,280609.8,251118702.0
2020-04-02,002024.SZ,002024.SZ,9.103674794040474,9.185689882275073,9.083171021981823,9.185689882275073,240749.86,214306974.0
2020-04-03,002024.SZ,002024.SZ,9.165182146892699,9.165182146892699,9.09341897572016,9.103670857316239,199965.02,177945058.0
2020-04-07,002024.SZ,002024.SZ,9.19593991225195,9.257451216012832,9.165184260371507,9.247199332052684,389043.35,349861806.0
2020-04-08,002024.SZ,002024.SZ,9.216439882751128,9.236943642223322,9.185684243542838,9.206188003015031,215351.44,193391343.0
2020-04-09,002024.SZ,002024.SZ,9.247196825528832,9.359967518523087,9.216441181984946,9.308708112616607,395484.34,357983484.0
2020-04-10,002024.SZ,002024.SZ,9.329207506786346,9.329207506786346,9.175429361070087,9.195933113832258,246671.83,222151366.0
2020-04-13,002024.SZ,002024.SZ,9.175429021239372,9.195932773242143,9.124169641232449,9.134421517233834,171227.84,152697824.0
2020-04-14,002024.SZ,002024.SZ,9.16517402236409,9.236937129921749,9.124166532331142,9.236937129921749,225182.62,201892124.0
2020-04-15,002024.SZ,002024.SZ,9.206183091787095,9.206183091787095,9.052404977781743,9.083160600582813,427327.15,379674855.0
2020-04-16,002024.SZ,002024.SZ,9.052405018789239,9.062656893102703,9.021649395848847,9.052405018789239,242562.52,213976480.0
2020-04-17,002024.SZ,002024.SZ,9.10366433892343,9.113916213178975,9.062656841901251,9.072908716156796,256633.56,227422483.0
2020-04-20,002024.SZ,002024.SZ,9.10366433892343,9.10366433892343,9.021649344879075,9.072908716156796,294005.87,259617987.0
2020-04-21,002024.SZ,002024.SZ,9.052407922898187,9.052407922898187,8.919133514067296,8.949889146874426,291042.92,254757731.0
2020-04-22,002024.SZ,002024.SZ,8.91913307374268,8.939636827935193,8.84736993406889,8.929384950838937,246377.54,213641121.0
2020-04-23,002024.SZ,002024.SZ,8.939635429498379,8.960139180483466,8.837116674572938,8.847368550065482,276909.57,240067094.0
2020-04-24,002024.SZ,002024.SZ,8.826869039334115,8.847372800168808,8.57057202890049,8.621831430987214,511607.04,432401899.0
2020-04-27,002024.SZ,002024.SZ,8.632085415281496,8.683344829861554,8.539818469037396,8.580826000701439,264415.22,222044901.0
2020-04-28,002024.SZ,002024.SZ,8.580824792874033,8.642336081711841,8.283520230157968,8.375787163414678,378823.79,311230296.0
2020-04-29,002024.SZ,002024.SZ,8.355283482183005,8.437298534768852,8.29377219274362,8.386039126902697,193817.69,158465503.0
2020-04-30,002024.SZ,002024.SZ,8.488559152405731,8.673093047023249,8.416795971165588,8.632085514886022,329186.7,275970454.0
2020-05-06,002024.SZ,002024.SZ,8.63208280796025,8.837120404348854,8.59107528868253,8.826868524529424,342030.66,292167383.0
2020-05-07,002024.SZ,002024.SZ,8.816619480824437,8.85762701329339,8.76536006523825,8.796115714589963,229845.48,197475805.0
2020-05-08,002024.SZ,002024.SZ,8.806367476240062,8.949893837901717,8.806367476240062,8.919138188974218,280860.67,244131253.0
2020-05-11,002024.SZ,002024.SZ,8.919138188974218,8.980649486829213,8.888382540046722,8.919138188974218,191766.54,166804903.0
2020-05-12,002024.SZ,002024.SZ,8.91913663511739,8.949892278686761,8.775610298460329,8.82686970440928,204557.41,176655906.0
2020-05-13,002024.SZ,002024.SZ,8.826873594390232,8.837125480098003,8.775614165851382,8.816621708682462,138850.97,119238643.0
2020-05-14,002024.SZ,002024.SZ,8.785867083975843,8.796118970888301,8.7243557625011,8.7243557625011,147840.78,126269082.0
2020-05-15,002024.SZ,002024.SZ,8.744855705341989,8.816618882290868,8.744855705341989,8.775611352605795,143279.78,122655129.0
2020-05-18,002024.SZ,002024.SZ,8.765356592927022,8.796112230095186,8.693593439534636,8.74485283481491,185210.73,157958105.0
2020-05-19,002024.SZ,002024.SZ,8.816616058820923,8.980646125031544,8.80636417968276,8.960142366755218,326769.12,284249723.0
2020-05-20,002024.SZ,002024.SZ,8.960140892171788,9.011400279426773,8.908881504916799,8.970392769622785,224980.42,196780496.0
2020-05-21,002024.SZ,002024.SZ,9.042158531176034,9.062662292017702,8.847372803180178,8.847372803180178,217612.72,189958363.0
2020-05-22,002024.SZ,002024.SZ,8.867876564021847,9.042158531176034,8.796113401076004,8.847372803180178,262257.93,228041029.0
2020-05-25,002024.SZ,002024.SZ,8.78586351933457,8.826871050346634,8.621833395286318,8.652589043545364,196133.08,166434225.0
2020-05-26,002024.SZ,002024.SZ,8.70384979792654,8.80636864124723,8.662842260598264,8.785864872583092,141756.63,120924211.0
2020-05-27,002024.SZ,002024.SZ,8.857631194494614,9.011409513843478,8.81662364266825,8.960150074060524,304562.56,265870352.0
2020-05-28,002024.SZ,002024.SZ,8.970403348446023,9.031914685692511,8.816625005329806,8.888388232117373,225681.93,196192329.0
2020-05-29,002024.SZ,002024.SZ,8.878136119863633,9.093425794825684,8.826876673444097,8.990906901986612,379769.5,333512040.0
2020-06-01,002024.SZ,002024.SZ,9.04216845689337,9.175443048661638,9.011412781869922,9.144687373638192,391180.74,347720129.0
2020-06-02,002024.SZ,002024.SZ,9.165192618545879,9.41123805796993,9.103681258689868,9.257459658329898,585538.94,531104806.0
2020-06-03,002024.SZ,002024.SZ,9.318974381345285,9.35998196938201,9.154944029198393,9.175447823216755,370427.39,332911428.0
2020-06-04,002024.SZ,002024.SZ,9.25745877237643,9.267710664704643,9.083176602796808,9.09342849512502,248594.97,221738501.0
2020-06-05,002024.SZ,002024.SZ,9.134437779727902,9.185697250994615,9.001163154434453,9.062674519954507,265374.13,234444840.0
2020-06-08,002024.SZ,002024.SZ,9.06267554052596,9.134438808380803,9.001164168078951,9.1036831221573,290335.95,256935142.0
2020-06-09,002024.SZ,002024.SZ,9.093432193492983,9.25746253745678,9.052424607502035,9.25746253745678,415133.54,372193396.0
2020-06-10,002024.SZ,002024.SZ,9.288216138659315,9.298468032852096,9.154941514153167,9.165193408345948,306500.04,275081404.0
2020-06-11,002024.SZ,002024.SZ,9.175442354771233,9.195946136569606,9.031915882182634,9.06267155488019,292512.97,259957666.0
2020-06-12,002024.SZ,002024.SZ,8.898640289283978,9.031914855828555,8.816625171410394,9.021662966094357,287666.12,251233419.0
2020-06-15,002024.SZ,002024.SZ,8.949901336151349,9.380480781876845,8.949901336151349,9.185694842143883,659376.54,594244051.0
2020-06-16,002024.SZ,002024.SZ,9.277957190719578,9.277957190719578,9.04216380355212,9.113927008342214,489746.34,435775965.0
2020-06-17,002024.SZ,002024.SZ,9.124182905255589,9.124182905255589,9.01141210530299,9.07292345073168,277315.99,244826454.0
2020-06-18,002024.SZ,002024.SZ,9.113929138847762,9.39073013631558,9.093425361257554,9.216448026798806,737887.45,667420939.0
2020-06-19,002024.SZ,002024.SZ,9.226699161145518,9.370225592541116,9.134432169534064,9.277958600929662,631378.08,570794971.0
2020-06-22,002024.SZ,002024.SZ,9.277956009321116,9.318963549693805,9.17543715838939,9.17543715838939,304390.7,273714575.0
2020-06-23,002024.SZ,002024.SZ,9.175438869064111,9.206194530077735,9.05241622500962,9.072919999018703,271524.08,241271215.0
2020-06-24,002024.SZ,002024.SZ,9.06267217143997,9.19594676219644,9.052420279843318,9.154939195809833,230995.49,205556672.0
2020-06-29,002024.SZ,002024.SZ,9.113929535822932,9.124181425064576,8.960151197198247,8.970403086439893,255611.23,224475455.0
2020-06-30,002024.SZ,002024.SZ,9.011413212223648,9.052420780879956,8.908894290582879,8.990909427895495,199407.56,174669641.0
2020-07-01,002024.SZ,002024.SZ,9.001165744186427,9.062677127404102,8.97041005257759,9.052425230201155,250970.03,220693729.0
2020-07-02,002024.SZ,002024.SZ,9.052429184364726,9.267719119666717,9.011421577640537,9.247215316304624,506081.93,452701957.0
2020-07-03,002024.SZ,002024.SZ,9.24721205258157,9.452250013836153,9.236960154518842,9.411242421585236,818446.22,745757425.0
2020-07-06,002024.SZ,002024.SZ,9.514321108913455,9.875102516077021,9.47308894809476,9.844178395463,1079145.41,1017511386.0
2020-07-07,002024.SZ,002024.SZ,9.885409367137116,10.101878185395595,9.751404860596155,9.85448525024305,962416.22,927707139.0
2020-07-08,002024.SZ,002024.SZ,9.813251625456592,9.967872186782065,9.699863213817913,9.916331999673574,685658.15,655305832.0
2020-07-09,002024.SZ,002024.SZ,9.947255209352106,10.905902602585002,9.947255209352106,10.905902602585002,1734032.29,1800180128.0
2020-07-10,002024.SZ,002024.SZ,11.112064874556168,11.957323983752463,10.813131774962358,11.586234618739457,3257802.31,3566497109.0
2020-07-13,002024.SZ,002024.SZ,12.24594761871674,12.740733381089132,11.957322590666175,12.740733381089132,2267960.72,2758607032.0
2020-07-14,002024.SZ,002024.SZ,13.29736515989161,13.348905334929949,12.452106289262842,12.936583934623233,3155741.84,3934900339.0
2020-07-15,002024.SZ,002024.SZ,12.678877337103783,12.864421883500423,11.64807430156689,11.64807430156689,2924476.25,3383440482.0
2020-07-16,002024.SZ,002024.SZ,11.627459268016773,12.00885642485775,11.246062111175798,11.668691393080664,2258521.62,2549552065.0
2020-07-17,002024.SZ,002024.SZ,11.668685865258917,11.895462445679142,11.060512308677401,11.575913627814279,1311001.06,1473180190.0
2020-07-20,002024.SZ,002024.SZ,11.5965294160975,12.029466514298473,11.586221389949857,11.751149808312134,1207154.58,1376822544.0
2020-07-21,002024.SZ,002024.SZ,11.905771676884456,12.163472362531305,11.472834524997747,11.63776296381173,957912.7,1095236947.0
2020-07-22,002024.SZ,002024.SZ,11.483139559476891,11.947000672741217,11.410983386302439,11.62745190582579,892757.55,1011915742.0
2020-07-23,002024.SZ,002024.SZ,11.441910042497357,11.524374259019861,10.92650868923171,11.328521744778916,1249248.4,1361734019.0
2020-07-24,002024.SZ,002024.SZ,11.287292861457562,11.534685581708686,10.514190610672797,10.606962880766968,1388041.63,1473407001.0
2020-07-27,002024.SZ,002024.SZ,10.761586239176197,10.936822796710675,10.400805091311096,10.565733616049428,712734.8,734910065.0
2020-07-28,002024.SZ,002024.SZ,10.62757917962962,10.74096751229298,10.287414181639535,10.400802514302896,767821.14,777068925.0
2020-07-29,002024.SZ,002024.SZ,10.411107629434069,10.62757620390745,10.256487219095938,10.565728039772198,872842.12,886027964.0
2020-07-30,002024.SZ,002024.SZ,10.514185687925146,11.070819047874124,10.483261612372425,11.008970896768682,1492631.41,1561863993.0
2020-07-31,002024.SZ,002024.SZ,10.823428627034025,10.926508899672443,10.359567400161138,10.627576109021028,1654713.02,1701232443.0
2020-08-03,002024.SZ,002024.SZ,10.668804617114196,11.58621873394817,10.524492284129076,11.483138496101656,1964560.97,2111586713.0
2020-08-04,002024.SZ,002024.SZ,11.349137911320792,11.648070699175745,11.184209476642197,11.307905802651144,1238157.34,1365449056.0
2020-08-05,002024.SZ,002024.SZ,11.204822091166822,11.493446763248398,11.081125803131863,11.34913442720761,873503.82,957276373.0
2020-08-06,002024.SZ,002024.SZ,11.34912944619861,11.421285582550464,10.957424706002838,11.132661037143052,720100.7,779187832.0
2020-08-07,002024.SZ,002024.SZ,11.09143315258459,11.09143315258459,10.720344311048304,10.905888731816448,571125.65,604835601.0
2020-08-10,002024.SZ,002024.SZ,10.916193967206056,11.09143031984298,10.844037822002615,10.978042091666145,489070.58,519570352.0
2020-08-11,002024.SZ,002024.SZ,10.96773385878094,11.039890002588711,10.648185221917961,10.658493242461928,500330.88,527175845.0
2020-08-12,002024.SZ,002024.SZ,10.596647043979365,10.658495178477299,10.349254505987629,10.555414954314077,554724.73,564380390.0
2020-08-13,002024.SZ,002024.SZ,10.637877190283294,11.112046134811424,10.586337087617192,10.833729580414477,643822.05,674908705.0
2020-08-14,002024.SZ,002024.SZ,10.730647193972336,10.802803323038432,10.576026917402128,10.751263230848362,394083.3,408431828.0
2020-08-17,002024.SZ,002024.SZ,10.740954724185109,10.947115083574458,10.668798598398837,10.885266975757656,596118.37,626461745.0
2020-08-18,002024.SZ,002024.SZ,10.895574000398351,11.070810289903338,10.7924938301013,10.85434193227953,539012.35,570565222.0
2020-08-19,002024.SZ,002024.SZ,10.905886064532709,10.957426168807439,10.55541335546455,10.55541335546455,515660.32,533781866.99999994
2020-08-20,002024.SZ,002024.SZ,10.514181272044766,10.648185543159062,10.390485021785416,10.55541335546455,326867.1,333690848.0
2020-08-21,002024.SZ,002024.SZ,10.58634204503345,10.658498222555588,10.50387784215101,10.56572599431284,230988.47,237075223.0
2020-08-24,002024.SZ,002024.SZ,10.565724695673953,10.576032719767293,10.411104334273846,10.48326050292723,329724.44,335407938.0
2020-08-25,002024.SZ,002024.SZ,10.493572881068404,10.514188937809207,10.328644427141985,10.35956851225319,396529.34,400095335.0
2020-08-26,002024.SZ,002024.SZ,10.32864198813971,10.380182117821047,9.99878515817916,10.040017261924229,675690.45,665696026.0
2020-08-27,002024.SZ,002024.SZ,10.050328359652225,10.122484563259984,9.926632010610351,10.050328359652225,316900.89,308178807.0
2020-08-28,002024.SZ,002024.SZ,10.019402029241544,10.380182966508473,10.00909400246249,10.359566912950363,437740.3,434632742.0
2020-08-31,002024.SZ,002024.SZ,10.349264139602216,10.431728395694662,10.153411531382652,10.153411531382652,415990.24,415543657.0
2020-09-01,002024.SZ,002024.SZ,10.153412404021662,10.2564927329965,10.081256173739273,10.194644535611598,261409.52,257454598.0
2020-09-02,002024.SZ,002024.SZ,10.215262057799139,10.338958470204375,10.194645989064934,10.266802229634656,364541.86,362814710.0
2020-09-03,002024.SZ,002024.SZ,10.266805082106778,10.328653305492962,10.070952374717189,10.09156844917925,383764.47,379115325.0
2020-09-04,002024.SZ,002024.SZ,9.93694898677672,9.978181140248822,9.802944487992386,9.906024871672642,474362.74,454368776.0
2020-09-07,002024.SZ,002024.SZ,9.864797634905287,9.916337852433527,9.699868938814916,9.720485025826212,427164.39,406363891.0
2020-09-08,002024.SZ,002024.SZ,9.730788699154072,9.823561049040075,9.59678419376318,9.823561049040075,378025.6,356385795.0
2020-09-09,002024.SZ,002024.SZ,9.751407448812465,9.761715490513113,9.49370640629628,9.555554656500163,435764.24,406377189.0
2020-09-10,002024.SZ,002024.SZ,9.648329328023555,9.6689454163313,9.421552356638388,9.44216844494613,312173.98,288643272.0
2020-09-11,002024.SZ,002024.SZ,9.411242270999852,9.524630732096234,9.380318145246292,9.50401464826053,238308.49,218698659.0
2020-09-14,002024.SZ,002024.SZ,9.514320743831632,9.565860942877308,9.431856425358554,9.473088584595091,199100.2,183420165.0
2020-09-15,002024.SZ,002024.SZ,9.473086206114875,9.56585854110403,9.431854057230806,9.56585854110403,199339.9,184102371.0
2020-09-16,002024.SZ,002024.SZ,9.576167576492248,9.576167576492248,9.473087193537541,9.493703270128483,175758.24,162202244.0
2020-09-17,002024.SZ,002024.SZ,9.493703270128483,9.555551499901306,9.380314848878305,9.493703270128483,221375.36,203189245.0
2020-09-18,002024.SZ,002024.SZ,9.493703512779046,9.689556245398808,9.473087435661174,9.679248206839874,310105.03,289230988.0
2020-09-21,002024.SZ,002024.SZ,9.689553331246554,9.699861366705326,9.596781012117598,9.596781012117598,233437.24,218278419.0
2020-09-22,002024.SZ,002024.SZ,9.545244376637797,9.586476533772302,9.452472023085162,9.473088101652413,199792.62,184502469.0
2020-09-23,002024.SZ,002024.SZ,9.473086783657546,9.534935010754332,9.452470707958618,9.48339482150701,143457.74,131987250.0
2020-09-24,002024.SZ,002024.SZ,9.442165594672813,9.462781676757253,9.297853020081744,9.318469102166182,224015.74,203442649.0
2020-09-25,002024.SZ,002024.SZ,9.31847250958855,9.37001273364601,9.194775971850651,9.24631619590811,211745.31,190394404.0
2020-09-28,002024.SZ,002024.SZ,9.246317791875827,9.318474118010863,9.225701698694385,9.256625838466546,135451.18,121762253.0
2020-09-29,002024.SZ,002024.SZ,9.339089282443005,9.390629510271056,9.277241009049341,9.328781236877393,140595.01,127328857.0
2020-09-30,002024.SZ,002024.SZ,9.328782518303386,9.390630800192689,9.297858377358732,9.38032275321114,173287.84,157260659.0
2020-10-09,002024.SZ,002024.SZ,9.576176477667389,9.576176477667389,9.473095998898096,9.493712094651956,202105.32,186717441.0
2020-10-12,002024.SZ,002024.SZ,9.514331514321754,9.658644235015691,9.504023462843616,9.648336183537552,295161.76,274703514.0
2020-10-13,002024.SZ,002024.SZ,9.627723705134718,9.679263981928802,9.586491483699453,9.638031760493535,189527.92,177144685.0
2020-10-14,002024.SZ,002024.SZ,9.627725895624401,9.638033953328495,9.483413087767076,9.51433726087936,215193.19,199239814.0
2020-10-15,002024.SZ,002024.SZ,9.59680613185345,10.060668941663765,9.59680613185345,9.916356067500557,694771.81,664395392.0
2020-10-16,002024.SZ,002024.SZ,9.823578609112095,9.916351124832985,9.76173026529817,9.885426952926023,293454.26,280374255.0
2020-10-19,002024.SZ,002024.SZ,9.988505265392268,10.00912137533116,9.772036111033923,9.792652220972814,277043.95,265572599.99999997
2020-10-20,002024.SZ,002024.SZ,9.792648127910233,9.8751125331979,9.720491773283527,9.864804482536941,202076.93,192303890.0
2020-10-21,002024.SZ,002024.SZ,9.916347560374351,10.153432793106795,9.83388313159785,10.06066031073323,519420.57,505052994.0
2020-10-22,002024.SZ,002024.SZ,10.081274097057964,10.132814353177892,9.94726943114615,10.029733840938036,310629.86,302502371.0
2020-10-23,002024.SZ,002024.SZ,10.009122685162346,10.101895192027909,9.761729333520845,9.802961558794427,338693.07,325824347.0
2020-10-26,002024.SZ,002024.SZ,9.813264946062437,9.854497151718162,9.668952226267402,9.792648843234575,200998.88,190268941.0
2020-10-27,002024.SZ,002024.SZ,9.761725207131036,9.761725207131036,9.627720531637156,9.710184947325697,200238.62,188169735.0
2020-10-28,002024.SZ,002024.SZ,9.74111052230908,9.916347431176018,9.689570254995278,9.906039377713256,262221.09,249812849.0
2020-10-29,002024.SZ,002024.SZ,9.730801704857695,10.029735231807775,9.710185599550794,9.97819496854052,327411.67,314886983.0
2020-10-30,002024.SZ,002024.SZ,9.97819439188529,10.246203745386342,9.916346079538895,9.988502443943023,514424.53,502616231.0
2020-11-02,002024.SZ,002024.SZ,9.895730623659578,10.194664152915962,9.730801779931918,10.070967520120217,449238.47,437455601.0
2020-11-03,002024.SZ,002024.SZ,10.09158323823246,10.225587918617569,9.9885027148593,10.204971813942937,450693.84,443429372.0
2020-11-04,002024.SZ,002024.SZ,10.204975051958558,10.225591163174634,9.947273661757583,10.07097032905405,421915.01,411482395.0
2020-11-05,002024.SZ,002024.SZ,10.184353936092888,10.235894188805908,10.050349279039034,10.194661986635492,476195.13,469333885.0
2020-11-06,002024.SZ,002024.SZ,10.184354763833587,10.184354763833587,9.926653479323628,10.019425941747214,436542.63,424850171.0
2020-11-09,002024.SZ,002024.SZ,10.019425288750007,10.132813846544503,10.019425288750007,10.122505795835911,412231.54,403609136.0
2020-11-10,002024.SZ,002024.SZ,10.101885199978826,10.101885199978826,9.802951862428431,9.823567954673285,507469.39,486785881.0
2020-11-11,002024.SZ,002024.SZ,9.823565180959978,9.823565180959978,9.545248014238133,9.638020403145415,353086.52,330455304.0
2020-11-12,002024.SZ,002024.SZ,9.68956282376377,9.710178914878162,9.504018003734252,9.514326049291446,287897.06,267452400.00000003
2020-11-13,002024.SZ,002024.SZ,9.617410583394793,9.638026683252017,9.462789834465616,9.504022034180064,224882.99,207982572.0
2020-11-16,002024.SZ,002024.SZ,9.534948121879287,9.555564225926592,9.411251497595448,9.534948121879287,261100.59,239952844.0
2020-11-17,002024.SZ,002024.SZ,9.792650766138214,9.792650766138214,9.349404468302485,9.390636682054645,696990.02,640618985.0
2020-11-18,002024.SZ,002024.SZ,9.328792809590388,9.370025043002942,9.236020284412142,9.339100867943527,409569.87,369658563.0
2020-11-19,002024.SZ,002024.SZ,9.318480133227109,9.328788186471831,9.26693986700351,9.318480133227109,248930.11,224564290.0
2020-11-20,002024.SZ,002024.SZ,9.328792053753372,9.359716226307249,9.287559823681532,9.34940816878929,202681.37,183224925.0
2020-11-23,002024.SZ,002024.SZ,9.359716226307249,9.380332341343168,9.277251766163573,9.34940816878929,343562.18,310927587.0
2020-11-24,002024.SZ,002024.SZ,9.370021621304648,9.524642440138058,9.34940551212686,9.431869948838012,420140.48,384728477.0
2020-11-25,002024.SZ,002024.SZ,9.411258074724454,9.421566133951973,9.266945245539194,9.277253304766711,349690.15,316389640.0
2020-11-26,002024.SZ,002024.SZ,9.27725744639765,9.308181637885642,9.215409063421665,9.236025191080328,261332.3,234821710.0
2020-11-27,002024.SZ,002024.SZ,9.256640658287433,9.266948721381294,9.184484216630404,9.246332595193572,212115.42,189601200.0
2020-11-30,002024.SZ,002024.SZ,9.287565852453081,9.431878751381321,9.256641659825602,9.431878751381321,490207.02,444159526.0
2020-12-01,002024.SZ,002024.SZ,9.534962353672732,9.699891432222747,9.452497814397725,9.462805881807101,532278.18,492344358.0
2020-12-02,002024.SZ,002024.SZ,9.452500167111937,9.452500167111937,9.349419467361535,9.359727537336576,408651.45,371659248.0
2020-12-03,002024.SZ,002024.SZ,9.380340664018942,9.411264864010214,9.318492264036397,9.370032597355184,237429.79,215486124.0
2020-12-04,002024.SZ,002024.SZ,9.380344810025862,9.390652881245671,9.277264097827777,9.328804453926821,188570.07,170418467.0
2020-12-07,002024.SZ,002024.SZ,9.339111228047669,9.3494192978358,9.236030530166348,9.277262809318875,206729.17,186026338.0
2020-12-08,002024.SZ,002024.SZ,9.266953711011904,9.318494054232215,9.256645642367843,9.287569848300029,132422.06,119291916.0
2020-12-09,002024.SZ,002024.SZ,9.194793446286344,9.194793446286344,8.854627321031355,8.916475707441354,621808.96,542161996.0
2020-12-10,002024.SZ,002024.SZ,8.968014169722858,8.998938356515007,8.906165796138563,8.94739804519476,195627.75,170037526.0
2020-12-11,002024.SZ,002024.SZ,8.607227791831384,8.669076135245742,8.277369960288144,8.45260693329549,774232.54,637148139.0
2020-12-14,002024.SZ,002024.SZ,8.452610836078764,8.52476727004529,8.370146340117019,8.48353502206442,262688.3,215667383.0
2020-12-15,002024.SZ,002024.SZ,8.473223545795928,8.48353160363753,8.359834909538318,8.390759083063122,229184.92,186466564.0
2020-12-16,002024.SZ,002024.SZ,8.390759187425799,8.41137530336542,8.277370549757881,8.287678607727692,278125.74,224576067.0
2020-12-17,002024.SZ,002024.SZ,8.246446624797775,8.26706274135977,7.978437109491847,8.194906333392789,506280.31,399247123.0
2020-12-18,002024.SZ,002024.SZ,8.194906593383472,8.24644688642362,8.102134065911207,8.122750183127264,237287.85,187736483.0
2020-12-21,002024.SZ,002024.SZ,8.102133491582714,8.246446301865358,8.009360970686728,8.143365723092042,309326.66,244096278.0
2020-12-22,002024.SZ,002024.SZ,8.153675662586402,8.205215963866973,8.019670879256916,8.040286999769144,295544.46,232614534.0
2020-12-23,002024.SZ,002024.SZ,7.999056408034327,8.11244509423069,7.957824158508377,7.999056408034328,235996.98,183612384.0
2020-12-24,002024.SZ,002024.SZ,7.999060187454267,8.02998438920989,7.6485859008905495,7.679510102646172,484652.14,366223696.0
2020-12-25,002024.SZ,002024.SZ,7.648589400575079,7.782594336164669,7.5661248248276385,7.772286264196239,223477.74,167191854.0
2020-12-28,002024.SZ,002024.SZ,7.772288609372068,7.792904759529553,7.627975558269669,7.720748233978354,215252.07,160922291.0
2020-12-29,002024.SZ,002024.SZ,7.7413633539938065,7.957832901841836,7.679514911751513,7.823827943650199,230302.51,175111497.0
2020-12-30,002024.SZ,002024.SZ,7.885676023213553,7.978448682310183,7.8341356570487575,7.844443730281717,193232.82,147690159.0
2020-12-31,002024.SZ,002024.SZ,7.84444679276883,7.9681437198558545,7.813522560997073,7.94752756534135,193242.15,148349384.0
2021-01-04,002024.SZ,002024.SZ,7.978452610602308,7.978452610602308,7.8238314359782315,7.885679905827863,234788.09,179664987.0
2021-01-05,002024.SZ,002024.SZ,7.8650663432297065,7.8650663432297065,7.731061281025269,7.8135259346895385,335027.37,253065463.0
2021-01-06,002024.SZ,002024.SZ,7.895990588353808,7.968147160310044,7.782601689565437,7.8135259346895385,275275.32,209202181.0
2021-01-07,002024.SZ,002024.SZ,7.803217201838157,7.813525282686028,7.597055584880742,7.658904069967966,304888.16,226996985.0
2021-01-08,002024.SZ,002024.SZ,7.617670925749829,7.895989078652733,7.566130527064106,7.844448679967011,392175.34,296919555.0
2021-01-11,002024.SZ,002024.SZ,7.82383177586523,7.865064090889552,7.627978279499698,7.689826752036181,277565.92,208659437.0
2021-01-12,002024.SZ,002024.SZ,7.6898264833056755,7.731058796889084,7.6073618561388585,7.669210326513971,246428.53,182948456.0
2021-01-13,002024.SZ,002024.SZ,7.669214007734927,7.813527174547143,7.555825090953899,7.731062507797305,364025.76,271419147.0
2021-01-14,002024.SZ,002024.SZ,7.720754424453575,7.813527174547143,7.658905924391196,7.731062507797305,315709.82,236840285.0
2021-01-15,002024.SZ,002024.SZ,7.731059934207923,7.8135245735061405,7.710443774383369,7.7413680141202,274135.81,206082870.0
2021-01-18,002024.SZ,002024.SZ,7.710446475626087,7.761986893243908,7.638289890961136,7.679522225055393,281012.57,209540790.0
2021-01-19,002024.SZ,002024.SZ,7.679519333821795,7.885680926676072,7.617670855965512,7.803216289534362,423528.64,318588957.0
2021-01-20,002024.SZ,002024.SZ,7.8135247467433535,7.844448987165821,7.658903544631018,7.6795197049126624,339647.18,253785433.0
2021-01-21,002024.SZ,002024.SZ,7.648595464490196,7.772292426180065,7.648595464490196,7.6795197049126624,282868.74,211430236.0
2021-01-22,002024.SZ,002024.SZ,7.731060895575232,7.731060895575232,7.555823515275526,7.566131596469627,347835.24,256286557.0
2021-01-25,002024.SZ,002024.SZ,7.555824606910086,7.555824606910086,7.2775063744591,7.2775063744591,520667.19,370958878.0
2021-01-26,002024.SZ,002024.SZ,7.277507381797554,7.3393558864587245,7.1847346248058015,7.298123550017944,242308.96,171347376.0
2021-01-27,002024.SZ,002024.SZ,7.298123550017944,7.359972054679114,7.246583129466971,7.298123550017944,168204.87,119300247.0
2021-01-28,002024.SZ,002024.SZ,7.21566212574471,7.267202569500029,7.133197415736198,7.143505504487263,383769.9,267842914.0
2021-01-29,002024.SZ,002024.SZ,7.153813939565157,7.195046296565533,6.65902565556065,6.813646994312059,715592.37,474516326.0
2021-02-01,002024.SZ,002024.SZ,6.731182280311308,6.9373440653131855,6.700258012561026,6.813646994312059,350388.22,232339391.0
2021-02-02,002024.SZ,002024.SZ,6.85488159704544,7.380594321029377,6.8342654117911685,7.205356746368064,568925.94,395316357.0
2021-02-03,002024.SZ,002024.SZ,7.164122079125528,7.164122079125528,6.927036024708424,7.009500739288287,307987.24,210012215.0
2021-02-04,002024.SZ,002024.SZ,7.0507364691261865,7.061044563379294,6.803342207051583,6.89611505532956,284589.87,190543481.0
2021-02-05,002024.SZ,002024.SZ,6.896113455183104,7.050734833102007,6.875497271460583,6.885805363321842,197974.42,133535787.00000001
2021-02-08,002024.SZ,002024.SZ,6.8858059099812,6.92703828069965,6.720876427107398,6.751800705146236,261792.45,172821930.0
2021-02-09,002024.SZ,002024.SZ,6.751798404532662,7.050732990382199,6.659025602027633,6.9579601878771715,311506.9,206526016.0
2021-02-10,002024.SZ,002024.SZ,6.947655200340348,6.96827138787845,6.875498543956991,6.927039012802245,195588.38,131282815.99999999
2021-02-18,002024.SZ,002024.SZ,7.019814464955685,7.133203538545278,6.999198269757577,7.102279245748116,350179.74,240572791.0
2021-02-19,002024.SZ,002024.SZ,7.102282629659557,7.535222935095989,7.071358322128384,7.4424500125024675,561028.04,400441846.0
2021-02-22,002024.SZ,002024.SZ,7.452758736076034,7.514607356292433,7.370293909120837,7.421834425967835,459177.69,331639191.0
2021-02-23,002024.SZ,002024.SZ,7.359985805751435,7.3909101158596355,7.215672358579839,7.236288565318639,322296.58,227576733.0
2021-02-24,002024.SZ,002024.SZ,7.23628858599375,7.298137206386859,7.133207552005235,7.215672379196047,250683.89,175700297.0
2021-03-01,002024.SZ,002024.SZ,7.937239617115652,7.937239617115652,7.937239617115652,7.937239617115653,217318.01,167334867.0
2021-03-02,002024.SZ,002024.SZ,8.32894413800703,8.473257526536855,8.050625460128082,8.060933559308783,1669873.37,1339843603.0
2021-03-03,002024.SZ,002024.SZ,7.947545141129061,7.968161341235752,7.658918339635399,7.792923640328885,799354.62,602510614.0
2021-03-04,002024.SZ,002024.SZ,7.720765175208741,7.720765175208741,7.57645180744783,7.57645180744783,502213.07,371567105.0
2021-03-05,002024.SZ,002024.SZ,7.524914744023326,7.792925406139226,7.514606641634254,7.586763358357765,423033.16,313734974.0
2021-03-08,002024.SZ,002024.SZ,7.6279967534962845,7.772310205589457,7.586764338612521,7.658921064659107,512984.31,383504429.0
2021-03-09,002024.SZ,002024.SZ,7.6279967534962845,7.81354262047322,7.401218471635583,7.658921064659107,566329.64,419504736.0
2021-03-10,002024.SZ,002024.SZ,7.700150620992744,7.720766820781213,7.514604822896534,7.524912922790767,342383.1,252031120.0
2021-03-11,002024.SZ,002024.SZ,7.51460585088625,7.566146357408104,7.473373445668767,7.535222053494992,226892.82,165653431.0
2021-03-12,002024.SZ,002024.SZ,7.535222463017927,7.669227787257645,7.452757648101179,7.586762972340897,273728.16,200527804.0
2021-03-15,002024.SZ,002024.SZ,7.524912716363311,7.6176856128664205,7.504296517140399,7.545528915586225,201584.6,147700591.0
2021-03-16,002024.SZ,002024.SZ,7.524916354782646,7.576456877760609,7.4939920409958685,7.504300145591462,189230.28,138077189.0
2021-03-17,002024.SZ,002024.SZ,7.483683936400276,7.545532563973832,7.473375831804683,7.504300145591462,178286.2,129834301.0
2021-03-18,002024.SZ,002024.SZ,7.524917353941665,7.524917353941665,7.411528188334326,7.45276061219154,256456.52,185547997.0
2021-03-19,002024.SZ,002024.SZ,7.421833545083212,7.421833545083212,7.308444421477773,7.318752523623723,216480.61,154521164.0
2021-03-22,002024.SZ,002024.SZ,7.329062775354491,7.380603301200866,7.308446565015942,7.380603301200867,171691.95,122439201.0
2021-03-23,002024.SZ,002024.SZ,7.3599875003191775,7.411528029032898,7.318755077348202,7.411528029032898,196153.88,140120791.0
2021-03-24,002024.SZ,002024.SZ,7.380606591279635,7.380606591279635,7.318757932693492,7.318757932693493,136779.58,97422357.0
2021-03-25,002024.SZ,002024.SZ,7.287832158220955,7.329064589101979,7.267215942780443,7.277524050500698,123309.54,87264170.0
2021-03-26,002024.SZ,002024.SZ,7.2672169486945135,7.308449385282851,7.23629262125326,7.298141276135768,142202.61,100441059.0
2021-03-29,002024.SZ,002024.SZ,7.287835338721202,7.287835338721202,7.174446104313941,7.195062328751626,236120.04,165225756.0
2021-03-30,002024.SZ,002024.SZ,7.184754006144667,7.184754006144667,7.030132327389761,7.040440439306754,242673.57,166462684.0
2021-03-31,002024.SZ,002024.SZ,7.050751041531738,7.143524081551893,7.040442925973943,7.091983503762918,137095.51,94227711.0
2021-04-01,002024.SZ,002024.SZ,7.102292110545492,7.164140808169982,7.0610596454625,7.153832691899234,135951.61,93944937.0
2021-04-02,002024.SZ,002024.SZ,7.1538332477365945,7.205373833094928,7.1229088965215945,7.164141364808261,102938.17,71576759.0
2021-04-06,002024.SZ,002024.SZ,7.164143523301355,7.215684124188415,7.122911042591707,7.184759763656179,126222.83,87910497.0
2021-04-07,002024.SZ,002024.SZ,7.1744528013153435,7.1744528013153435,7.091987826587581,7.1538365576334035,138207.21,95501484.0
2021-04-08,002024.SZ,002024.SZ,7.122908837715796,7.174449422648617,7.091984486756104,7.091984486756104,149362.95,103184524.0
2021-04-09,002024.SZ,002024.SZ,7.081678736903703,7.442462952029801,7.0507543756071795,7.401230470301103,405416.67,286038460.0
2021-04-12,002024.SZ,002024.SZ,7.287842294060835,7.287842294060835,7.184761073494203,7.195069195550866,250182.49,175528869.0
2021-04-13,002024.SZ,002024.SZ,7.236301557746141,7.246609679623273,7.0816797295891725,7.102295973343434,140365.57,97246903.0
2021-04-14,002024.SZ,002024.SZ,7.091989105353829,7.421849063742379,7.071372857954545,7.287843455647031,265807.17,187500932.0
2021-04-15,002024.SZ,002024.SZ,7.380615490640966,7.421847979415497,7.2569180243173745,7.267226146511007,181591.61,128747641.0
2021-04-16,002024.SZ,002024.SZ,7.256919189883816,7.4218491714720844,7.246611066034549,7.380616676075018,232772.38,166530816.0
2021-04-19,002024.SZ,002024.SZ,7.411538859256937,7.411538859256937,7.329073892811797,7.401230738451295,213764.12,153077775.0
2021-04-20,002024.SZ,002024.SZ,7.390923075674659,7.4115393185635705,7.318766225563469,7.31876622556347,152170.5,108662398.0
2021-04-21,002024.SZ,002024.SZ,7.308456654849704,7.349689132451112,7.256916057847943,7.277532296648646,109137.12,77274078.0
2021-04-22,002024.SZ,002024.SZ,7.3187637554447305,7.329071873410146,7.225990693755994,7.256915047652241,142967.66,100754742.0
2021-04-23,002024.SZ,002024.SZ,7.246608260484082,7.246608260484082,7.14352706189967,7.184759541333435,124036.74,86483819.0
2021-04-26,002024.SZ,002024.SZ,7.1744549252768515,7.18476305016949,7.081681801243099,7.091989926135738,205890.49,142251073.0
2021-04-27,002024.SZ,002024.SZ,7.07137367635046,7.143530550598934,7.050757426565181,7.091989926135738,134017.66,92245630.0
2021-04-28,002024.SZ,002024.SZ,7.102294587498412,7.122910827229902,7.061062108035431,7.102294587498412,113861.55,78270532.0
2021-04-29,002024.SZ,002024.SZ,7.0816756690451115,7.133216248878045,7.061059437111937,7.112600016944873,195814.22,135028707.0
2021-04-30,002024.SZ,002024.SZ,7.071364686307896,7.1125971334583795,6.7724294444668915,6.865202450555479,533894.01,357692026.0
2021-05-06,002024.SZ,002024.SZ,6.87551054175774,6.927051100541531,6.844586206487465,6.885818653514498,180075.95,120168411.0
2021-05-07,002024.SZ,002024.SZ,7.040439996590591,7.081672441665792,6.937358883902589,6.968283217708988,233527.79,158691663.0
2021-05-10,002024.SZ,002024.SZ,6.968282306551598,7.009514746235335,6.906433647025992,6.937357976788795,145015.33,97792433.0
2021-05-11,002024.SZ,002024.SZ,6.978593632602828,6.9889017472743244,6.885820600559364,6.978593632602828,128540.33,86562413.0
2021-05-12,002024.SZ,002024.SZ,6.957979960291063,7.050753026428277,6.927055604911991,7.0404449079685865,136127.94,92403968.0
2021-05-13,002024.SZ,002024.SZ,6.957977466501785,7.040442384623288,6.937361236971411,6.988901810797349,145885.31,99154127.0
2021-05-14,002024.SZ,002024.SZ,7.009515199735864,7.071363863262945,6.978590867972323,7.071363863262945,179756.84,122738403.0
2021-05-17,002024.SZ,002024.SZ,7.061055069347122,7.091979398117986,7.0198226309859715,7.03013074057626,185592.94,126978913.0
2021-05-18,002024.SZ,002024.SZ,7.0198245689105745,7.040440793782559,6.947667781858631,7.0198245689105745,120894.72,82056745.0
2021-05-19,002024.SZ,002024.SZ,7.019821542586205,7.019821542586205,6.947664786641854,6.957972894633904,118089.46,79817252.0
2021-05-20,002024.SZ,002024.SZ,6.957976249739528,6.988900588627259,6.896127571964066,6.947668136776951,166936.63,112271864.0
2021-05-21,002024.SZ,002024.SZ,6.947665906916153,6.988898345532866,6.937357797261975,6.937357797261974,119509.65,80617704.0
2021-05-24,002024.SZ,002024.SZ,6.927049687607796,6.957974016570331,6.90643346829944,6.937357797261974,108044.19,72628348.0
2021-05-25,002024.SZ,002024.SZ,6.9167410802732405,7.040438387222985,6.885816753535804,7.019822169398027,226287.55,153261962.0
2021-05-26,002024.SZ,002024.SZ,7.009517029581022,7.184754955320548,7.009517029581022,7.081673822532592,227582.09,156741864.0
2021-05-27,002024.SZ,002024.SZ,7.081672352751232,7.102288575029983,7.019823685914977,7.102288575029984,259832.6,177551373.0
2021-05-28,002024.SZ,002024.SZ,7.081668899789824,7.091977005903054,7.030128369223667,7.06105268756336,141661.79,96909971.0
2021-05-31,002024.SZ,002024.SZ,7.061054608585047,7.061054608585047,6.98889784616155,7.009514063996835,148162.19,100812260.0
2021-06-01,002024.SZ,002024.SZ,7.009514063996835,7.091978935337974,6.968281628326265,7.009514063996835,279871.96,190231628.0
2021-06-02,002024.SZ,002024.SZ,7.009514897222874,7.019823007365849,6.927050016079076,6.937358126222052,213849.01,144355763.0
2021-06-03,002024.SZ,002024.SZ,6.988897052096101,7.019821375335464,6.906432190124466,6.91674029787092,194332.96,131019832.0
2021-06-04,002024.SZ,002024.SZ,6.916739444979635,6.916739444979635,6.834274593176599,6.854890806127359,254430.0,169423190.0
2021-06-07,002024.SZ,002024.SZ,6.844579635688555,6.854887737549532,6.772422922661718,6.793039126383672,215959.16,142432347.0
2021-06-08,002024.SZ,002024.SZ,6.7827330134438215,6.896122167164007,6.7621168036765145,6.854889747629395,211600.24,139936903.0
2021-06-09,002024.SZ,002024.SZ,6.834275993602578,6.854892210777851,6.720886799138583,6.741503016313856,288350.2,189695484.0
2021-06-10,002024.SZ,002024.SZ,6.710576824171249,6.7415011413333294,6.5250309211987725,6.597187661243625,477474.61,306324694.0
2021-06-11,002024.SZ,002024.SZ,6.555951860090842,6.5662599604997895,6.3600979523208325,6.401330353956624,551498.4,345753800.0
2021-06-15,002024.SZ,002024.SZ,6.1127033347397735,6.1127033347397735,5.762227932747948,5.762227932747948,1198272.1,680098750.0
2021-07-06,002024.SZ,002024.SZ,6.339482164822705,6.339482164822705,5.896233818339166,6.339482164822705,1022042.14,622005420.0
2021-07-07,002024.SZ,002024.SZ,6.535333239492419,6.947657103182793,6.411636080385307,6.628106108822753,1708584.57,1108953650.0
2021-07-08,002024.SZ,002024.SZ,6.421944773151537,6.525025748643537,6.308555700110339,6.329171895208738,954309.61,590329772.0
2021-07-09,002024.SZ,002024.SZ,6.267321355153535,6.483791336170351,6.112699940141523,6.411634675831412,801102.08,485269973.0
2021-07-12,002024.SZ,002024.SZ,6.360091544672403,6.432248174838865,6.22608637436326,6.360091544672403,539388.05,331413574.0
2021-07-13,002024.SZ,002024.SZ,6.473480762800501,6.638410208986501,6.4219403108673765,6.442556491640626,509501.65,321410057.0
2021-07-14,002024.SZ,002024.SZ,6.432248401254,6.483788853187125,6.3085513166144995,6.380707949320875,367144.01,227965739.0
2021-07-15,002024.SZ,002024.SZ,6.3394758145523635,6.44255672210606,6.246702997754036,6.3394758145523635,269409.43,165552047.0
2021-07-16,002024.SZ,002024.SZ,6.298244598561977,6.329168876459989,6.205471764867937,6.22608795013328,262686.26,159549102.0
2021-07-19,002024.SZ,002024.SZ,6.226089087895546,6.246705276928313,6.040543386600646,6.092083859182563,317151.45,187925453.0
2021-07-20,002024.SZ,002024.SZ,6.061159863281663,6.112700338309568,6.009619388253758,6.081776053292825,183366.51,107780173.0
2021-07-21,002024.SZ,002024.SZ,6.081776567825487,6.1436251430915085,6.071468471947815,6.092084663703156,182948.4,108306169.0
2021-07-22,002024.SZ,002024.SZ,6.092082385527922,6.2157794898026015,6.030233833390582,6.174547121711042,242287.08,144301459.0
2021-07-23,002024.SZ,002024.SZ,6.184852660257329,6.205468835791519,6.092079870353469,6.092079870353469,170988.86,101462617.0
2021-07-26,002024.SZ,002024.SZ,6.081772651410914,6.0920807406505935,5.834378509658605,5.844686598898285,327361.39,187697551.0
2021-07-27,002024.SZ,002024.SZ,5.8240685918087935,5.865300935821599,5.607598785741565,5.679755387763974,311344.5,173369503.0
2021-07-28,002024.SZ,002024.SZ,5.659140214429199,5.669448302251474,5.380821843227762,5.432362282339139,406234.04,217420108.0
2021-07-29,002024.SZ,002024.SZ,5.463285255340005,5.978689524711704,5.422052913790269,5.978689524711704,567765.0,315872722.0
2021-07-30,002024.SZ,002024.SZ,6.215773170875893,6.339470149400787,5.9786872953698476,6.081768110807259,762611.54,454654453.0
2021-08-02,002024.SZ,002024.SZ,5.875606885846527,6.0817685309639495,5.772526063287816,5.968379626149368,426701.59,244674554.0
2021-08-03,002024.SZ,002024.SZ,5.927149090467885,6.236391651709687,5.9065329197184315,6.030229944215153,412007.13,242287228.0
2021-08-04,002024.SZ,002024.SZ,5.937454888205871,5.988995295221548,5.85499023698079,5.885914481190196,328452.58,188336664.0
2021-08-05,002024.SZ,002024.SZ,5.8859152890608115,5.93745570315066,5.772526378063142,5.782834460881112,228715.18,129612573.0
2021-08-06,002024.SZ,002024.SZ,5.782833901592377,5.782833901592377,5.628212674277072,5.648828837919114,262709.82,144775748.0
2021-08-09,002024.SZ,002024.SZ,5.628214720899863,5.720987491024586,5.607598549761037,5.669447063177518,229625.43,126354818.0
2021-08-10,002024.SZ,002024.SZ,5.669449626218686,5.71068198713664,5.63852535553022,5.700373896907152,192434.23,106075982.0
2021-08-11,002024.SZ,002024.SZ,5.679755912048611,5.84468530332407,5.669447825093895,5.7106801729127605,253190.62,141134421.0
2021-08-12,002024.SZ,002024.SZ,5.741604745256355,5.7622209202842045,5.679756220172803,5.700372395200653,205746.67,113968199.0
2021-08-13,002024.SZ,002024.SZ,5.7209864832617106,5.7209864832617106,5.648829896986338,5.679754148247212,185919.72,102425503.0
2021-08-16,002024.SZ,002024.SZ,5.669446064493587,5.710678399508086,5.659137980739962,5.679754148247212,178570.76,98383005.0
2021-08-17,002024.SZ,002024.SZ,5.679754472505737,5.6900625568478524,5.586981713426696,5.597289797768812,203121.23,111090628.0
2021-08-18,002024.SZ,002024.SZ,5.59728902036745,5.617905186188325,5.5354405229048265,5.566364771636139,203020.36,109569208.0
2021-08-19,002024.SZ,002024.SZ,5.628215756706837,5.813761331103765,5.576675319374357,5.597291494307349,336444.53,185061760.0
2021-08-20,002024.SZ,002024.SZ,5.545750077086523,5.556058162731665,5.452977306280243,5.48390156321567,255374.12,135829064.0
2021-08-23,002024.SZ,002024.SZ,5.4426675806594425,5.483899910815953,5.4426675806594425,5.473591828276825,162118.81,86031763.0
2021-08-24,002024.SZ,002024.SZ,5.483899910815953,5.535440323511592,5.432359498120315,5.473591828276825,188242.3,100059122.0
2021-08-25,002024.SZ,002024.SZ,5.514824158433337,5.535440323511592,5.45297566319857,5.473591828276825,208184.31,110893165.0
2021-08-26,002024.SZ,002024.SZ,5.452975425212915,5.483899671480663,5.422051178945167,5.432359261034415,207743.63,109624494.0
2021-08-27,002024.SZ,002024.SZ,5.432361423728384,5.48390185469355,5.411745251342319,5.463285682307483,229545.5,121164051.0
2021-08-30,002024.SZ,002024.SZ,5.452978529133431,5.483902793003754,5.422054265263109,5.422054265263109,189860.96,100303964.0
2021-08-31,002024.SZ,002024.SZ,5.411744660377483,5.44266891557964,5.391128490242712,5.44266891557964,209918.9,110246377.0
2021-09-01,002024.SZ,002024.SZ,5.4220543730779625,5.514827166533669,5.401438196754473,5.4942109902101794,251184.27,133464625.99999999
2021-09-02,002024.SZ,002024.SZ,5.494209100612381,5.535441439078515,5.473592931379314,5.514825269845448,217548.38,116468298.0
2021-09-03,002024.SZ,002024.SZ,5.504518306519452,5.638523433831723,5.504518306519452,5.566366826817424,253608.59,136913934.0
2021-09-06,002024.SZ,002024.SZ,5.556060380266037,5.648833188099793,5.556060380266037,5.586984649543956,224380.67,121651407.0
2021-09-07,002024.SZ,002024.SZ,5.5869843420035155,5.638524787962957,5.55606007442785,5.617908609579182,262004.68,142328492.0
2021-09-08,002024.SZ,002024.SZ,5.6179074517664755,5.813761106048242,5.586983190564091,5.751912583643474,423948.97,234614723.0
2021-09-09,002024.SZ,002024.SZ,5.731298392227308,5.772530754761318,5.690066029693299,5.720990301593806,215222.98,119612540.0
2021-09-10,002024.SZ,002024.SZ,5.720990406566105,5.782838951501955,5.586985225871764,5.617909498339689,441779.64,242577521.0
2021-09-13,002024.SZ,002024.SZ,5.617908723811724,5.648832992016192,5.566368276804277,5.607600634410235,255060.96,138787901.0
2021-09-14,002024.SZ,002024.SZ,5.6179077100537596,5.638523885136525,5.45297830939163,5.48390257201578,305177.02,163905366.0
2021-09-15,002024.SZ,002024.SZ,5.463286933966836,5.483903111076145,5.432362668302873,5.452978845412183,218818.06,115869549.0
2021-09-16,002024.SZ,002024.SZ,5.442670756857528,5.504519288185454,5.40143840263891,5.452978845412183,269720.62,142416365.0
2021-09-17,002024.SZ,002024.SZ,5.452977303678126,5.463285389318349,5.391128789836787,5.43236113239768,192123.55,101057099.0
2021-09-22,002024.SZ,002024.SZ,5.380819603101978,5.391127686632825,5.318971101916898,5.339587268978591,261712.2,135785362.0
2021-09-23,002024.SZ,002024.SZ,5.370514189305181,5.422054632580663,5.329281834684796,5.349898011994989,260701.25,135938975.0
2021-09-24,002024.SZ,002024.SZ,5.349896844932295,5.370513017745136,5.318972585713033,5.339588758525874,198162.32,102798713.0
2021-09-27,002024.SZ,002024.SZ,5.318972648044743,5.349896907626399,5.257124128881432,5.277740301935869,261732.73,134362328.0
2021-09-28,002024.SZ,002024.SZ,5.277737642287213,5.288045723619804,5.215889154291658,5.236505316956844,204743.29,103886539.0
2021-09-29,002024.SZ,002024.SZ,5.215886719510405,5.215886719510405,5.11280595430269,5.123114030823461,263873.22,131827867.99999999
2021-09-30,002024.SZ,002024.SZ,5.133421366650061,5.143729441683495,5.092189066516325,5.143729441683495,159745.06,79418664.0
2021-10-08,002024.SZ,002024.SZ,5.164344988908464,5.3292741701909705,5.164344988908464,5.2983499487005,276728.16,141072523.0
2021-10-11,002024.SZ,002024.SZ,5.308658292110947,5.339582515171788,5.267425994696493,5.277734069050107,163634.11,84177811.0
2021-10-12,002024.SZ,002024.SZ,5.267425994696493,5.267425994696493,5.164345251160358,5.195269474221199,193032.77,97556711.0
2021-10-13,002024.SZ,002024.SZ,5.205574966608348,5.215883035849156,5.133418481922688,5.154034620404305,205754.27,102968715.0
2021-10-14,002024.SZ,002024.SZ,5.164342689645112,5.164342689645112,5.1231104126818785,5.133418481922687,159442.21,79497294.0
2021-10-15,002024.SZ,002024.SZ,5.030335916292579,5.040643981694817,4.896331066063473,4.92725526227019,471185.22,226395517.0
2021-10-18,002024.SZ,002024.SZ,4.9066408816045115,4.9066408816045115,4.803560190814501,4.855100536209505,239436.12,112459213.0
2021-10-19,002024.SZ,002024.SZ,4.844794537641812,4.906642978547877,4.824178390673123,4.896334905063533,160549.2,75931095.0
2021-10-20,002024.SZ,002024.SZ,4.886024507359236,4.896332575940163,4.84479223303553,4.87571643877831,129056.49,60956908.0
2021-10-21,002024.SZ,002024.SZ,4.886025314795492,4.8963333850798705,4.8344849633735985,4.865409174226734,139806.46,66086956.99999999
2021-10-22,002024.SZ,002024.SZ,4.855102072943823,4.989107013386009,4.855102072943823,4.958182796360889,249655.4,119767123.0
2021-10-25,002024.SZ,002024.SZ,4.937566767237546,4.937566767237546,4.834486041407953,4.844794113990912,193544.14,91341109.0
2021-10-26,002024.SZ,002024.SZ,4.855103742696368,4.865411818583197,4.803563363262224,4.8241795150358815,154019.39,72060873.0
2021-10-27,002024.SZ,002024.SZ,4.824177199429714,4.834485270368667,4.6180157806506665,4.638631922528571,293257.96,133300665.00000001
2021-10-28,002024.SZ,002024.SZ,4.628321718721484,4.628321718721484,4.442776527325076,4.4737007258911445,368144.9,161097719.0
2021-10-29,002024.SZ,002024.SZ,4.442776885132583,4.679862426566572,4.442776885132583,4.607705957434488,343974.23,153034905.0
2021-11-01,002024.SZ,002024.SZ,4.607708031413002,4.793253321268559,4.587091888095718,4.64894031804757,352034.03,160431514.0
2021-11-02,002024.SZ,002024.SZ,4.659247300803217,4.721095716300605,4.525242400558876,4.587090816056265,292486.62,130892923.0
2021-11-03,002024.SZ,002024.SZ,4.576784503134166,4.618016795955195,4.52524413710788,4.566476429928909,205104.22,90741221.0
2021-11-04,002024.SZ,002024.SZ,4.576782967231258,4.587091036977275,4.535550688247192,4.576782967231258,179609.35,79538049.0
2021-11-05,002024.SZ,002024.SZ,4.566476000794612,4.648940578687066,4.545859856321499,4.607708289740839,232040.54,103546739.0
2021-11-08,002024.SZ,002024.SZ,4.607706809436365,4.618014878361279,4.535550326961971,4.556166464811797,206825.36,91620947.0
2021-11-09,002024.SZ,002024.SZ,4.566474533736711,4.576782602661625,4.514934189112143,4.556166464811797,179248.85,79129905.0
2021-11-10,002024.SZ,002024.SZ,4.55616694661331,4.55616694661331,4.442778176448725,4.484010456508574,294475.01,127695128.0
2021-11-11,002024.SZ,002024.SZ,4.463393861030249,4.576782619624551,4.453085792067131,4.545858412735196,310667.08,136885734.0
2021-11-12,002024.SZ,002024.SZ,4.535551693020464,4.597400125198016,4.442779044754136,4.504627476931688,352774.86,153866225.0
2021-11-15,002024.SZ,002024.SZ,4.484012935024868,4.607709843577278,4.473704859312167,4.587093692151877,352633.83,155670241.0
2021-11-16,002024.SZ,002024.SZ,4.587091487827677,4.607707629346003,4.484010780236043,4.504626921754371,335376.38,148116453.0
2021-11-17,002024.SZ,002024.SZ,4.47370111468471,4.494317248853764,4.442776913431128,4.453084980515657,293127.42,127086841.0
2021-11-18,002024.SZ,002024.SZ,4.453085857970827,4.453085857970827,4.154151853616304,4.185076060963322,1024296.52,421553391.0
2021-11-19,002024.SZ,002024.SZ,4.133535491950593,4.205691971859956,4.1026112862751525,4.195383903301476,344639.39,139250348.0
2021-11-22,002024.SZ,002024.SZ,4.174767807621415,4.1953839449430035,4.123227464317448,4.154151670299829,267818.88,108044920.0
2021-11-23,002024.SZ,002024.SZ,4.143844512261456,4.195384866891574,4.1335364413354325,4.1747687250395265,240960.05,97535952.0
2021-11-24,002024.SZ,002024.SZ,4.1747687250395265,4.21600100874362,4.1335364413354325,4.1747687250395265,245600.64,99243542.0
2021-11-25,002024.SZ,002024.SZ,4.174770438564003,4.185078513720952,4.143846213093159,4.143846213093159,173474.51,70004298.0
2021-11-26,002024.SZ,002024.SZ,4.143848316568395,4.154156396957869,4.051075593063133,4.061383673452606,461787.55,183107529.0
2021-11-29,002024.SZ,002024.SZ,3.99953721672015,4.040769559160564,3.9686129598898394,3.9892291311100467,323931.69,125678644.0
2021-11-30,002024.SZ,002024.SZ,3.978920880142186,4.020153220869048,3.9479966245970393,3.96861279496047,436458.27,168587136.0
2021-12-01,002024.SZ,002024.SZ,3.9686126944892606,4.133542053221282,3.958304609568509,4.071693543696774,470907.0,185680371.0
2021-12-02,002024.SZ,002024.SZ,4.092309713538277,4.092309713538277,4.04076928893452,4.071693543696774,263047.65,103724596.0
2021-12-03,002024.SZ,002024.SZ,4.071693543696774,4.102617798459027,4.04076928893452,4.071693543696774,203495.47,80205321.0
2021-12-06,002024.SZ,002024.SZ,4.051077115495745,4.112925621075832,4.040769031232396,4.040769031232396,240062.97,94769242.0
2021-12-07,002024.SZ,002024.SZ,4.0510766269236305,4.102617042024439,4.030460460883306,4.102617042024439,271225.23,107095058.0
2021-12-08,002024.SZ,002024.SZ,4.102615243900094,4.112923322402356,4.061382929891048,4.092307165397832,192844.96,76371912.0
2021-12-09,002024.SZ,002024.SZ,4.092307497206521,4.205696369925089,4.081999417868469,4.195388290587038,510667.96,206503181.0
2021-12-10,002024.SZ,002024.SZ,4.185080221557065,4.205696380283948,4.143847904103302,4.185080221557065,328127.41,132892642.0
2021-12-13,002024.SZ,002024.SZ,4.185080906954818,4.22631323116127,4.143848582748367,4.154156663799981,283768.04,115009114.0
2021-12-14,002024.SZ,002024.SZ,4.133539584277541,4.143847663041325,4.092307269222403,4.133539584277541,237831.1,95130125.0
2021-12-15,002024.SZ,002024.SZ,4.133540550826598,4.174772875523122,4.123232469652467,4.143848632000728,206643.27,83148231.0
2021-12-16,002024.SZ,002024.SZ,4.143850441721223,4.1644666130730705,4.112926184693453,4.154158527397147,186824.36,75121782.0
2021-12-17,002024.SZ,002024.SZ,4.133540749693443,4.164464994703619,4.133540749693443,4.164464994703619,201934.94,81221826.0
2021-12-20,002024.SZ,002024.SZ,4.154155887315804,4.205696282940069,4.133539729066097,4.1747720455655095,291353.41,118091354.0
2021-12-21,002024.SZ,002024.SZ,4.164463061122403,4.277851906846033,4.164463061122403,4.267543829962066,456995.88,188041650.0
2021-12-22,002024.SZ,002024.SZ,4.2675432851692365,4.41185634312182,4.246927134033154,4.360315965281612,654876.62,275945425.0
2021-12-23,002024.SZ,002024.SZ,4.350006968908981,4.360315042295022,4.216002014890458,4.2366181616625385,463529.18,191970431.0
2021-12-24,002024.SZ,002024.SZ,4.236619324457499,4.350008162824974,4.174770867166148,4.319083934179299,460628.12,190799269.0
2021-12-27,002024.SZ,002024.SZ,4.298468539691236,4.329392773789735,4.236620071494241,4.267544305592738,258408.15,107049468.0
2021-12-28,002024.SZ,002024.SZ,4.277854351644828,4.329394765520067,4.236622020544637,4.257238186094732,257177.84,106522132.0
2021-12-29,002024.SZ,002024.SZ,4.246928115173484,4.257236193122933,4.195387725426233,4.205695803375683,228270.68,93459874.0
2021-12-30,002024.SZ,002024.SZ,4.20569604896376,4.257236441720668,4.20569604896376,4.236620284617905,161514.62,66423009.00000001
2021-12-31,002024.SZ,002024.SZ,4.236619904144723,4.246927981770379,4.205695671267754,4.246927981770379,194288.27,79735478.0
2022-01-04,002024.SZ,002024.SZ,4.246927005465097,4.587093488912544,4.236618930209114,4.484012736352711,955578.11,414408704.0
2022-01-05,002024.SZ,002024.SZ,4.463396585840745,4.525245037376644,4.422164284816812,4.484012736352711,526471.3,228486338.0
2022-01-06,002024.SZ,002024.SZ,4.484011157474987,4.484011157474987,4.370622369584815,4.391238512837574,432263.77,184787904.0
2022-01-07,002024.SZ,002024.SZ,4.380930441211194,4.453086942595849,4.380930441211194,4.391238512837574,297226.37,127391175.0
2022-01-10,002024.SZ,002024.SZ,4.380931867560641,4.432472242473119,4.3293914926481625,4.432472242473119,265475.42,113213525.0
2022-01-11,002024.SZ,002024.SZ,4.411857542413886,4.473706012634641,4.380933307303508,4.391241385673633,258120.34,110684380.0
2022-01-12,002024.SZ,002024.SZ,4.401549464043759,4.411857542413886,4.360317150563257,4.391241385673633,218523.27,92961257.0
2022-01-13,002024.SZ,002024.SZ,4.380933307303508,4.473706012634641,4.370625228933383,4.391241385673633,309302.51,132633344.00000001
2022-01-14,002024.SZ,002024.SZ,4.40154878030792,4.40154878030792,4.236619552005984,4.246927628774855,479690.57,199914071.0
2022-01-17,002024.SZ,002024.SZ,4.236617996532138,4.288158361453454,4.226309923547875,4.267542215484927,200482.13,82795125.0
2022-01-18,002024.SZ,002024.SZ,4.267543835281972,4.2778519121787895,4.2263115276947065,4.236619604591524,205492.94,84671136.0
2022-01-19,002024.SZ,002024.SZ,4.22631077043792,4.29846729578686,4.22631077043792,4.257234995587466,174900.09,72294613.0
2022-01-20,002024.SZ,002024.SZ,4.246928547673473,4.308777021668718,4.246928547673473,4.277852784671096,212444.13,88169274.0
2022-01-21,002024.SZ,002024.SZ,4.277854474687012,4.277854474687012,4.154157477828592,4.174773643971662,262217.16,106622625.0
2022-01-24,002024.SZ,002024.SZ,4.174774212319558,4.205698465744147,4.133541874420105,4.164466127844695,178358.53,72116456.0
2022-01-25,002024.SZ,002024.SZ,4.1644670651158435,4.1644670651158435,4.020153849988066,4.030461936782908,317612.15,125311954.0
2022-01-26,002024.SZ,002024.SZ,4.030463035999801,4.082003484030488,4.020154946393662,4.082003484030488,171049.19,67289052.0
2022-01-27,002024.SZ,002024.SZ,4.071693389897387,4.071693389897387,3.9995367981776866,4.020152967240458,198061.14,77349473.0
2022-01-28,002024.SZ,002024.SZ,4.040768722925312,4.0613848898790135,4.009844472494762,4.030460639448463,171845.9,67384491.0
2022-02-07,002024.SZ,002024.SZ,3.6387544597154613,3.7830676677495023,3.6387544597154613,3.741835322596919,531716.84,191694552.0
2022-02-08,002024.SZ,002024.SZ,3.721217383181827,3.9892274994220696,3.710909301787972,3.8861466854835145,413441.56,155018095.0
2022-02-09,002024.SZ,002024.SZ,3.906762239425067,3.9892268777242768,3.8861460798502643,3.9686107181494745,271574.82,104127832.0
2022-02-10,002024.SZ,002024.SZ,3.9686107181494745,3.999534957511678,3.906762239425067,3.9686107181494745,204845.1,78557582.0
2022-02-11,002024.SZ,002024.SZ,3.978920404010869,4.009844655855514,3.927379984269796,3.95830423611444,244826.19,94411083.0
2022-02-14,002024.SZ,002024.SZ,3.9376867418388724,3.947994822314891,3.8861463394587825,3.9170705808868362,169378.9,64374569.0
2022-02-15,002024.SZ,002024.SZ,3.927379508236959,3.9376875909357434,3.8036825158515426,3.824298681249112,252718.57,94126492.0
2022-02-16,002024.SZ,002024.SZ,3.855221960385693,3.896454280817625,3.8346058001697263,3.8552219603856925,159381.32,59651071.0
2022-02-17,002024.SZ,002024.SZ,3.8655283763145296,3.8655283763145296,3.7830637709531527,3.783063770953153,179583.01,66431376.00000001
2022-02-18,002024.SZ,002024.SZ,3.783062319074624,3.8346026776451234,3.752138103932325,3.8139865342169235,187818.56,69060912.0
2022-02-21,002024.SZ,002024.SZ,3.813984936735653,3.9376817454946464,3.793368801942487,3.937681745494647,295051.01,111028893.0
2022-02-22,002024.SZ,002024.SZ,3.9273729051575,3.9273729051575,3.855216447582428,3.875832578318162,175552.48,66164085.99999999
2022-02-23,002024.SZ,002024.SZ,3.896450362719132,3.917066502204418,3.8655261534912024,3.886142292976489,185542.86,69997922.0
2022-02-24,002024.SZ,002024.SZ,3.8655251871096645,3.87583325427529,3.710904179625278,3.752136448287781,362691.42,132890446.99999999
2022-02-25,002024.SZ,002024.SZ,3.7624426446246417,3.7933668307448443,3.7212103964643717,3.731518458504439,216826.38,79036966.0
2022-02-28,002024.SZ,002024.SZ,3.752135690457181,3.7624437555408545,3.6490550396204453,3.700595365038813,256344.21,91881884.0
2022-03-01,002024.SZ,002024.SZ,3.7109033170478667,3.7521355761261765,3.6902871875087118,3.721211381817444,156725.06,56592579.0
2022-03-02,002024.SZ,002024.SZ,3.7005946406096526,3.752134955938478,3.7005946406096526,3.741826892872713,142166.08,51516196.0
2022-03-03,002024.SZ,002024.SZ,3.7521362923153116,3.8036766260009616,3.741828225578182,3.7624443590524415,239084.7,87480247.0
2022-03-04,002024.SZ,002024.SZ,3.741829926409193,3.762446069254423,3.710905712141349,3.741829926409193,168519.92,61052330.0
2022-03-07,002024.SZ,002024.SZ,3.7315208906607062,3.7315208906607062,3.659364409349587,3.6696724781083185,225635.1,80757779.0
2022-03-08,002024.SZ,002024.SZ,3.679979944297136,3.6902880113679966,3.5047428040925106,3.525358938234231,336533.01,116817489.0
2022-03-09,002024.SZ,002024.SZ,3.5253582627163507,3.597514718385984,3.3501211560900996,3.442893741951056,366619.77,123488772.0
2022-03-10,002024.SZ,002024.SZ,3.515050197620689,3.515050197620689,3.4325856768553944,3.442893741951056,280632.42,94646677.0
2022-03-11,002024.SZ,002024.SZ,3.411969266502349,3.5253579732441187,3.350120881006838,3.515049908994867,331858.68,110293794.0
2022-03-14,002024.SZ,002024.SZ,3.494435343795686,3.587207963542474,3.4738192060741775,3.5253595503779485,320022.86,109684417.0
2022-03-15,002024.SZ,002024.SZ,3.4841286685858415,3.4841286685858415,3.236734916970279,3.2470429899542603,447584.54,146235878.0
2022-03-16,002024.SZ,002024.SZ,3.2882745276986087,3.3913552338960575,3.2264261039801396,3.370739092656568,332945.97,106831266.0
2022-03-17,002024.SZ,002024.SZ,3.432587730911757,3.484128087231753,3.401663517119759,3.463511944703755,388324.07,129935438.0
2022-03-18,002024.SZ,002024.SZ,3.4428972646447695,3.535669945428611,3.4325891890021207,3.494437642858015,269478.78,91199246.0
2022-03-21,002024.SZ,002024.SZ,3.494437642858015,3.515053794143313,3.4325891890021207,3.494437642858015,230787.54,77990648.0
2022-03-22,002024.SZ,002024.SZ,3.4841306785325545,3.607827625699391,3.4635145206714153,3.5872114678382516,391581.05,134865067.0
2022-03-23,002024.SZ,002024.SZ,3.5665957635325856,3.6490604054639753,3.535671522808315,3.5665957635325856,276086.39,95982890.0
2022-03-24,002024.SZ,002024.SZ,3.5459810088523036,3.576905261836481,3.4738244185558904,3.484132502883949,252614.16,86107998.0
2022-03-25,002024.SZ,002024.SZ,3.4841323009052534,3.669677808054054,3.4841323009052534,3.5562888870186757,521739.54,181956537.0
2022-03-28,002024.SZ,002024.SZ,3.5047481148613424,3.5975208590782604,3.4635157840982678,3.576904693696723,292184.28,100289801.0
2022-03-29,002024.SZ,002024.SZ,3.5872116534339265,3.6490601302172703,3.525363176650583,3.556287415042255,357308.9,123973330.0
2022-03-30,002024.SZ,002024.SZ,3.54598055832986,3.618137139458665,3.4944401432378562,3.5872128904034626,286450.34,98900466.0
2022-03-31,002024.SZ,002024.SZ,3.5665956078668164,3.607827927032907,3.535671368492249,3.5562875280752944,244563.0,84747849.0
2022-04-01,002024.SZ,002024.SZ,3.5459806710353057,3.607829171111503,3.5150564209972073,3.587213004419437,235948.15,81477264.0
2022-04-06,002024.SZ,002024.SZ,3.5872127632622606,3.7006016724458375,3.5769046806092084,3.6799855071397327,333416.3,118385031.0
2022-04-07,002024.SZ,002024.SZ,3.679986281315357,3.690294366136969,3.576905433099241,3.5769054330992414,274964.3,96665876.0
2022-04-08,002024.SZ,002024.SZ,3.5769037486263335,3.597519908560779,3.525363348790219,3.545979508724665,244771.84,84354527.0
2022-04-11,002024.SZ,002024.SZ,3.556286997736087,3.649059702024854,3.4635142934473193,3.473822371701627,361148.08,124643852.0
2022-04-12,002024.SZ,002024.SZ,3.4738215321945547,3.7315234262742694,3.4428973049049887,3.7109072747478917,631100.89,220739658.0
2022-04-13,002024.SZ,002024.SZ,3.7006008763101184,3.75214127848714,3.628444313262289,3.6387523936976933,454625.66,162209790.0
2022-04-14,002024.SZ,002024.SZ,3.6593700655998997,3.6902943196753917,3.607829642140746,3.6696781502917304,278662.15,98630542.0
2022-04-15,002024.SZ,002024.SZ,3.6387537308183338,3.7521426572744296,3.60782947814849,3.6284456465950523,395773.97,141527101.0
2022-04-18,002024.SZ,002024.SZ,3.5975223667760647,3.73152749791672,3.5872142797652447,3.659370888840982,287904.45,102274771.0
2022-04-19,002024.SZ,002024.SZ,3.649061346363519,3.6593694292628505,3.566596683168863,3.6181370976655223,293612.37,102829780.0
2022-04-20,002024.SZ,002024.SZ,3.5975209838541558,3.69029373128879,3.5562886516609846,3.566596734709277,322250.5,113532826.0
2022-04-21,002024.SZ,002024.SZ,3.5562871689787063,3.566595247729369,3.3913579089680996,3.411974066469426,390837.41,130839983.0
2022-04-22,002024.SZ,002024.SZ,3.3913564163644705,3.4738210100754605,3.339816045295102,3.4428967874338388,291229.55,95965008.0
2022-04-25,002024.SZ,002024.SZ,3.411973480465366,3.411973480465366,3.216120017840466,3.2264280948207236,368270.79,118114763.0
2022-04-26,002024.SZ,002024.SZ,3.23673463974586,3.2573507839480627,3.082113558229338,3.0924216303304393,334747.65,103001609.0
2022-04-27,002024.SZ,002024.SZ,3.0718054861282362,3.1130377745326423,2.9790328372183232,3.0924216303304393,313755.64,92744512.0
2022-04-28,002024.SZ,002024.SZ,3.0924216303304393,3.143961990835946,2.9790328372183232,3.0305731977238306,304027.65,89794413.0
2022-04-29,002024.SZ,002024.SZ,3.0408800082828575,3.3295059073741116,3.0305719404581697,3.3295059073741116,451916.25,140613868.0
2022-05-06,002024.SZ,002024.SZ,3.164575502746427,3.164575502746427,3.164575502746427,3.1645755027464273,16452.0,5050764.0
2022-05-09,002024.SZ,002024.SZ,3.0099543436822365,3.0099543436822365,3.0099543436822365,3.009954343682237,35449.0,10351108.0
2022-05-10,002024.SZ,002024.SZ,2.85533298904728,2.85533298904728,2.85533298904728,2.85533298904728,67116.0,18591132.0
2022-05-11,002024.SZ,002024.SZ,2.7213268051951376,2.7831751416768453,2.7110187491148525,2.7110187491148525,1633273.89,431082699.0
2022-05-12,002024.SZ,002024.SZ,2.597629197084874,2.6285533541930275,2.5770130923461054,2.5770130923461054,793017.04,199315661.0
2022-05-13,002024.SZ,002024.SZ,2.5357808828685675,2.6182453018236433,2.5357808828685675,2.546088935237952,730717.98,181421269.0
2022-05-16,002024.SZ,002024.SZ,2.5563978502598177,2.649170352890214,2.504857571020709,2.504857571020709,1075670.24,267031673.0
2022-05-17,002024.SZ,002024.SZ,2.535780600049924,2.5667047537090695,2.5048564463907788,2.525472548830209,563582.72,138281805.0
2022-05-18,002024.SZ,002024.SZ,2.52547347278358,2.55639763775644,2.484241252819767,2.5357815277745335,599760.11,146618492.0
2022-05-19,002024.SZ,002024.SZ,2.4945493078107197,2.566705692747394,2.484241252819767,2.5357815277745335,525018.03,128433428.0
2022-05-20,002024.SZ,002024.SZ,2.535781022638771,2.6182454461392193,2.5254729697012155,2.5873212873265508,806062.16,201281403.0
2022-05-23,002024.SZ,002024.SZ,2.577013565571418,2.5976296740959897,2.5357813485222755,2.566705511309133,542511.41,134897970.0
2022-05-24,002024.SZ,002024.SZ,2.556396842217079,2.5667048940002126,2.443008272602612,2.443008272602612,738686.0,179360179.0
2022-05-25,002024.SZ,002024.SZ,2.443008272602612,2.453316324385745,2.4120841172532113,2.443008272602612,416571.78,98396956.0
2022-05-26,002024.SZ,002024.SZ,2.4430072769227698,2.4739314196686277,2.4017750865949594,2.453315324504722,427823.89,101372153.0
2022-05-27,002024.SZ,002024.SZ,2.473932206358116,2.515164409797418,2.4430080537786396,2.463624155498291,438627.39,105427801.0
2022-05-30,002024.SZ,002024.SZ,2.4533166015126127,2.463624654460145,2.422392442670017,2.443008548565081,347371.62,82193797.0
2022-05-31,002024.SZ,002024.SZ,2.432701495498685,2.4533176098673177,2.4120853811300518,2.432701495498685,373451.94,88176830.0
2022-06-01,002024.SZ,002024.SZ,2.4430095526830016,2.4636256670516343,2.4223934383143684,2.432701495498685,338337.05,80149400.0
2022-06-02,002024.SZ,002024.SZ,2.4327011613937586,2.4327011613937586,2.3914689383192878,2.4017769940879057,439110.48,102563672.0
2022-06-06,002024.SZ,002024.SZ,2.3914693062375862,2.4223934783010037,2.3914693062375862,2.412085420946531,341189.08,79649144.0
2022-06-07,002024.SZ,002024.SZ,2.4017773842970356,2.4223934991837055,2.3914693268537004,2.391469326853701,286246.91,66653326.0
2022-06-08,002024.SZ,002024.SZ,2.4017772228330103,2.473933620085504,2.3914691660826537,2.4533175065847916,573968.09,135497457.0
2022-06-09,002024.SZ,002024.SZ,2.443008760780488,2.4533168146234434,2.4017765454086653,2.412084599251621,373830.78,87714823.0
2022-06-10,002024.SZ,002024.SZ,2.3914685121818176,2.4120846200454538,2.3811604582499997,2.3914685121818176,468929.19,109099774.0
2022-06-13,002024.SZ,002024.SZ,2.3708525721661386,2.3914686814893225,2.3090042441965877,2.329620353519771,523225.12,119376860.0
2022-06-14,002024.SZ,002024.SZ,2.3090032133911214,2.3193112634509028,2.267771013151994,2.3090032133911214,450989.58,100188634.0
2022-06-15,002024.SZ,002024.SZ,2.29869450948027,2.3399266979911273,2.2883864623525563,2.319310603735699,386259.36,86957702.0
2022-06-16,002024.SZ,002024.SZ,2.3399269458647183,2.432699379841733,2.32961889764505,2.4326993798417336,445034.32,104191888.0
2022-06-17,002024.SZ,002024.SZ,2.473931232952981,2.4945473265609226,2.391466858521215,2.4017749053251856,809884.93,191880358.0
2022-06-20,002024.SZ,002024.SZ,2.3914657355715594,2.4017737775352304,2.3605416096805483,2.3708496516442183,454582.64,104629250.0
2022-06-21,002024.SZ,002024.SZ,2.37084894241569,2.432697175696099,2.3502328646555535,2.412081097935963,431187.3,99990645.0
2022-06-22,002024.SZ,002024.SZ,2.391463850551013,2.4017718843895954,2.3502317151966854,2.3605397490352673,323427.02,74467953.0
2022-06-23,002024.SZ,002024.SZ,2.3708482261193042,2.3708482261193042,2.339924118822096,2.3708482261193042,231681.31,52990937.0
2022-06-24,002024.SZ,002024.SZ,2.370847811997343,2.381155845962549,2.3502317440669316,2.3605397780321375,293868.35,67405445.0
2022-06-27,002024.SZ,002024.SZ,2.360539332842618,2.3811553968849117,2.3502313008214712,2.3502313008214712,299552.0,68564519.0
2022-06-28,002024.SZ,002024.SZ,2.350231382925622,2.370847447688127,2.3399233505443693,2.3605394153068744,252177.85,57679103.0
2022-06-29,002024.SZ,002024.SZ,2.350230939680229,2.3708470005546167,2.339922909243035,2.350230939680229,256012.51,58512730.0
2022-06-30,002024.SZ,002024.SZ,2.350231021784366,2.370847083378966,2.3399229909870662,2.3605390525816663,277568.68,63448819.0
2022-07-01,002024.SZ,002024.SZ,2.350232061709597,2.3605400970679726,2.319307955634471,2.3296159909928464,312249.52,70681485.0
2022-07-04,002024.SZ,002024.SZ,2.3193069202291334,2.3296149509857074,2.2986908587159856,2.30899888947256,277301.7,62067219.0
2022-07-05,002024.SZ,002024.SZ,2.2986898646875065,2.308997890986554,2.278073812089412,2.2883818383884598,273170.16,60766349.0
2022-07-06,002024.SZ,002024.SZ,2.257456689606124,2.2677647110198507,2.1749925182963112,2.1749925182963112,648938.0,138044218.0
2022-07-07,002024.SZ,002024.SZ,2.144069178954466,2.1956093034485638,2.144069178954466,2.1646852287521052,429930.95,90450727.0
2022-07-08,002024.SZ,002024.SZ,2.1646846013071115,2.1749926232180976,2.1234525136631666,2.1337605355741527,416446.06,86765713.0
2022-07-11,002024.SZ,002024.SZ,2.133759830936953,2.2368400160063713,2.082219738402244,2.2162239789924874,910323.11,190923334.0
2022-07-12,002024.SZ,002024.SZ,2.185300238659151,2.195608258652826,2.123452118697099,2.14406815868445,534650.9,112089498.0
2022-07-13,002024.SZ,002024.SZ,2.1337609673354883,2.1440689913322784,2.102836895345119,2.1234529433386986,400631.04,82381318.0
2022-07-14,002024.SZ,002024.SZ,2.1234539735287408,2.1337620025264528,2.0822218575378915,2.0822218575378915,382953.96,78143759.0
2022-07-15,002024.SZ,002024.SZ,2.0925288557327035,2.144068975332032,2.0822208318128386,2.0925288557327035,392849.01,80181915.0
2022-07-18,002024.SZ,002024.SZ,2.0822203848971474,2.123452471726794,2.061604341482324,2.1131444500193823,308075.98,62599265.0
2022-07-19,002024.SZ,002024.SZ,2.0925282044279014,2.1543763286967064,2.0925282044279014,2.1337602872737715,385186.71,79231585.0
2022-07-20,002024.SZ,002024.SZ,2.1234520913259516,2.154376150908368,2.113144071465146,2.1234520913259516,297633.24,61588712.0
2022-07-21,002024.SZ,002024.SZ,2.113144391941972,2.2265326276071513,2.113144391941972,2.174992520486615,595015.49,125581078.0
2022-07-22,002024.SZ,002024.SZ,2.154377206022829,2.2059173305688295,2.154377206022829,2.164685230932029,361697.5,76158005.0
2022-07-25,002024.SZ,002024.SZ,2.164686040160152,2.216226183973489,2.1543780113974846,2.205918155210822,387744.36,82480248.0
2022-07-26,002024.SZ,002024.SZ,2.2162266354269713,2.247150728014325,2.1956105737020692,2.2265346662894228,426085.82,92077456.0
2022-07-27,002024.SZ,002024.SZ,2.2265350039629266,2.236843036388681,2.174994841834155,2.174994841834155,374872.0,79862143.0
2022-07-28,002024.SZ,002024.SZ,2.174994841834155,2.1956109066856637,2.164686809408401,2.174994841834155,292542.0,61887767.0
2022-07-29,002024.SZ,002024.SZ,2.1646868302226974,2.1853028952724376,2.1337627326480875,2.1440707651729576,260028.0,54331644.0
2022-08-01,002024.SZ,002024.SZ,2.1440707651729576,2.1749948627475675,2.1337627326480875,2.1440707651729576,183481.61,38320673.0
2022-08-02,002024.SZ,002024.SZ,2.1440704238283583,2.1440704238283583,2.0512981458742465,2.071914207641827,495699.71,100153239.0
2022-08-03,002024.SZ,002024.SZ,2.071914207641827,2.1131463311769876,2.061606176758037,2.071914207641827,275343.96,55785774.0
2022-08-04,002024.SZ,002024.SZ,2.071913445908662,2.1028375271908812,2.071913445908662,2.1028375271908812,186522.76,37729984.0
2022-08-05,002024.SZ,002024.SZ,2.1028375271908812,2.1131455542849538,2.0822214730027353,2.1028375271908812,223884.14,45614153.0
2022-08-08,002024.SZ,002024.SZ,2.092529500096808,2.1131455542849538,2.0822214730027353,2.1028375271908812,203816.72,41484092.0
2022-08-09,002024.SZ,002024.SZ,2.1028380852899407,2.1956103537586142,2.0925300554600876,2.174994294098909,421771.15,87474699.0
2022-08-10,002024.SZ,002024.SZ,2.144070960730728,2.1543789941957794,2.123454893800625,2.133762927265676,295012.18,61200929.0
2022-08-11,002024.SZ,002024.SZ,2.133763101659761,2.164687204582367,2.1234550673522263,2.1440711359672964,277177.01,57745837.0
2022-08-12,002024.SZ,002024.SZ,2.1440717925249646,2.164687867453089,2.133763755060902,2.154379829989027,216159.77,45138655.0
2022-08-15,002024.SZ,002024.SZ,2.154379023372882,2.185303124186847,2.144070989768227,2.174995090582192,228859.0,48113829.0
2022-08-16,002024.SZ,002024.SZ,2.164687788847923,2.1749958259376747,2.154379751758171,2.164687788847923,193498.0,40561830.0
2022-08-17,002024.SZ,002024.SZ,2.164688598077002,2.226536843736345,2.164688598077002,2.2059207618498977,488264.07,104442264.0
2022-08-18,002024.SZ,002024.SZ,2.1956118008403904,2.1956118008403904,2.1543796543457354,2.1646876909693993,321979.01,67820105.0
2022-08-19,002024.SZ,002024.SZ,2.164687483822252,2.1749955194595003,2.154379448185003,2.154379448185003,171150.0,35857517.0
2022-08-22,002024.SZ,002024.SZ,2.1543799640223362,2.2368442688652963,2.1543799640223362,2.195612116443816,399813.0,85293206.0
2022-08-23,002024.SZ,002024.SZ,2.185303717557112,2.195611753960683,2.1646876447499697,2.185303717557112,196779.27,41652475.0
2022-08-24,002024.SZ,002024.SZ,2.1853035920851287,2.195611627896851,2.1440714488382393,2.1543794846499615,264698.07,55478602.0
2022-08-25,002024.SZ,002024.SZ,2.154378811406372,2.1646868439968334,2.123454713634989,2.1440707788159115,236651.0,49091246.0
2022-08-26,002024.SZ,002024.SZ,2.144070115914801,2.1543781453182373,2.1337620865113642,2.1337620865113642,164287.63,34114630.0
2022-08-29,002024.SZ,002024.SZ,2.113146027704491,2.1337620865113642,2.102837998301055,2.1337620865113642,190412.52,39124753.0
2022-08-30,002024.SZ,002024.SZ,2.123454402550215,2.1646865268715785,2.123454402550215,2.1543784957912373,220924.26,45982481.0
2022-08-31,002024.SZ,002024.SZ,2.1440706104244236,2.1646866739861967,2.12345454686265,2.12345454686265,235190.17,48746152.0
2022-09-01,002024.SZ,002024.SZ,2.12345454686265,2.1440706104244236,2.113146515081763,2.12345454686265,152242.0,31468721.0
2022-09-02,002024.SZ,002024.SZ,2.12345454686265,2.1337625786435366,2.113146515081763,2.12345454686265,154450.84,31806810.0
2022-09-05,002024.SZ,002024.SZ,2.12345454686265,2.12345454686265,2.102838483300877,2.12345454686265,193703.01,39701258.0
2022-09-06,002024.SZ,002024.SZ,2.1234537672368257,2.133761795233121,2.1131457392405304,2.133761795233121,189953.18,39143532.0
2022-09-07,002024.SZ,002024.SZ,2.12345359200035,2.1337616191459827,2.113145564854717,2.12345359200035,179180.51,36938033.0
2022-09-08,002024.SZ,002024.SZ,2.1234528123748766,2.164684905819049,2.1131447890138335,2.1337608357359197,304285.32,63042021.0
2022-09-09,002024.SZ,002024.SZ,2.1234528123748766,2.1440688590969628,2.1131447890138335,2.1337608357359197,220913.88,45636417.0
2022-09-13,002024.SZ,002024.SZ,2.133761182854907,2.1749932830066925,2.133761182854907,2.1543772329307997,372855.09,77981893.0
2022-09-14,002024.SZ,002024.SZ,2.1337605160545365,2.1646845815046025,2.1234524942378483,2.1440685378712256,273085.01,56707699.0
2022-09-15,002024.SZ,002024.SZ,2.1543758936004758,2.1543758936004758,2.1131438190818064,2.133759856341141,267043.01,55229908.0
2022-09-16,002024.SZ,002024.SZ,2.1234509441797598,2.1234509441797598,2.0719108727190854,2.0822188870112206,340595.0,69413319.0
2022-09-19,002024.SZ,002024.SZ,2.0822199124255474,2.0822199124255474,2.0512958543202173,2.0512958543202173,239927.34,48040364.0
2022-09-20,002024.SZ,002024.SZ,2.061603360851876,2.0822193944603944,2.0512953440476163,2.071911377656135,130382.03,26138175.0
2022-09-21,002024.SZ,002024.SZ,2.06160387884267,2.071911898236883,2.0203718012658167,2.0512958594484565,272392.62,53995931.0
2022-09-22,002024.SZ,002024.SZ,2.040988358071462,2.0616044020923856,2.0306803360609997,2.0306803360609997,189448.17,37491706.0
2022-09-23,002024.SZ,002024.SZ,2.030679441719919,2.0409874591905783,1.9791393543666216,1.989447371837281,318906.78,62025156.0
2022-09-26,002024.SZ,002024.SZ,1.9688315937000491,1.9791396125152327,1.8863674431785813,1.8966754619937647,450607.69,84283181.0
2022-09-27,002024.SZ,002024.SZ,1.8863678510418123,1.9172919141736453,1.8657518089539236,1.906983893129701,290333.06,53300984.0
2022-09-28,002024.SZ,002024.SZ,1.8966755524212835,1.906983571727921,1.834827436581459,1.834827436581459,301934.0,54773993.0
2022-09-29,002024.SZ,002024.SZ,1.8554432606925984,1.8657512788075572,1.772979115772927,1.783287133887886,371889.31,65551391.0
2022-09-30,002024.SZ,002024.SZ,1.772978504400818,1.8142105626426974,1.762670489840348,1.7935945335217576,257218.84,44670976.0
2022-10-10,002024.SZ,002024.SZ,1.80390300954567,1.814211026743074,1.7523629235586509,1.7729789579534587,256571.87,44516610.0
2022-10-11,002024.SZ,002024.SZ,1.7626708582919173,1.7729788750070747,1.7317468081464449,1.7626708582919173,209356.54,35664801.0
2022-10-12,002024.SZ,002024.SZ,1.7523635425218962,1.8554437509055373,1.742055521683532,1.8554437509055373,499298.86,88670760.0
2022-10-13,002024.SZ,002024.SZ,1.8451365455967776,1.8966766725687547,1.824520494807987,1.8657525963855683,364180.52,65768301.99999999
2022-10-14,002024.SZ,002024.SZ,1.8657528526702654,1.8966769331012643,1.8554448258599323,1.8760608794805984,334896.94,61060408.0
2022-10-17,002024.SZ,002024.SZ,1.8657528526702654,1.8863689062909312,1.8451367990495995,1.8760608794805984,266489.76,48230127.0
2022-10-18,002024.SZ,002024.SZ,1.87606180213349,1.9276019615327618,1.8657537702536355,1.8863698340133443,316139.44,58211708.0
2022-10-19,002024.SZ,002024.SZ,1.876062646361301,1.8966787193982384,1.8451385368058948,1.8554465733243635,234027.16,42486376.0
2022-10-20,002024.SZ,002024.SZ,1.8451385368058948,1.876062646361301,1.8348305002874261,1.8554465733243635,190258.18,34306967.0
2022-10-21,002024.SZ,002024.SZ,1.8554465733243635,1.9482189019905816,1.8451385368058948,1.9482189019905818,560137.84,104487734.0
2022-10-24,002024.SZ,002024.SZ,1.9791430434676487,2.0100671535218306,1.9069867866745576,1.917294823359285,531718.52,100962198.0
2022-10-25,002024.SZ,002024.SZ,1.9069862388109504,1.917294272534253,1.8451380364711358,1.8657541039177408,358570.82,65269601.0
2022-10-26,002024.SZ,002024.SZ,1.865754360202645,1.9069865007596094,1.865754360202645,1.8760623953418862,242063.52,44221573.0
2022-10-27,002024.SZ,002024.SZ,1.8760623749499035,1.9276025500858898,1.8657543399227061,1.896678445004298,260283.4,47810137.0
2022-10-28,002024.SZ,002024.SZ,1.886370924441758,1.8966789622802376,1.8142146595724011,1.8142146595724011,323880.7,58214231.0
2022-10-31,002024.SZ,002024.SZ,1.7626749622891578,1.8142151658648642,1.7317508401437338,1.772983003004299,271186.94,46757007.0
2022-11-01,002024.SZ,002024.SZ,1.7729833253648448,1.8348315809008278,1.7729833253648448,1.8142154957221666,208929.01,36700400.0
2022-11-02,002024.SZ,002024.SZ,1.8142161480243673,1.8451402869111464,1.8039081017287744,1.8348322406155533,206987.2,36741108.0
2022-11-03,002024.SZ,002024.SZ,1.8245241113870425,1.8451402030411335,1.814216065559997,1.814216065559997,201207.58,35598521.0
2022-11-04,002024.SZ,002024.SZ,1.814215581769046,1.8657557971602121,1.814215581769046,1.855447754081979,245495.79,43972739.0
2022-11-07,002024.SZ,002024.SZ,1.8451403159675852,1.9069885947151022,1.8451403159675852,1.8863725017992634,297605.08,54345497.0
2022-11-08,002024.SZ,002024.SZ,1.896679955544512,1.9791443014377514,1.886371912307857,1.9791443014377512,357997.2,68100286.0
2022-11-09,002024.SZ,002024.SZ,2.0409919142065727,2.0822240740895337,2.020375834265092,2.0822240740895337,358695.61,71678719.0
2022-11-10,002024.SZ,002024.SZ,2.1853045768773356,2.1853045768773356,2.1337643745924924,2.1853045768773356,776605.06,164206461.0
2022-11-11,002024.SZ,002024.SZ,2.2677685448046296,2.2780765836446504,2.0822238456842506,2.102839923364293,1622054.79,340417630.0
2022-11-14,002024.SZ,002024.SZ,2.0925317187791714,2.164687984943971,2.071915642732086,2.082223680755629,711077.84,145225379.0
2022-11-15,002024.SZ,002024.SZ,2.0822227442531127,2.185303078127029,2.040990610703546,2.154378977964854,1007206.95,206094405.0
2022-11-16,002024.SZ,002024.SZ,2.1337639141569693,2.2574603729486777,2.123455875924327,2.236844296483393,1151793.34,248136549.0
2022-11-17,002024.SZ,002024.SZ,2.1956125455663145,2.278076866526552,2.1749964653262555,2.1956125455663145,886453.26,190731163.0
2022-11-18,002024.SZ,002024.SZ,2.195611817164048,2.236843963965251,2.1543796703628453,2.174995743763447,594231.59,126149967.0
2022-11-21,002024.SZ,002024.SZ,2.185304400617523,2.2883847968730664,2.123456162864197,2.2883847968730664,1059490.96,229068118.0
2022-11-22,002024.SZ,002024.SZ,2.2780756552941037,2.4017720709661816,2.205919412818725,2.2162274474580648,1407862.78,315377020.0
2022-11-23,002024.SZ,002024.SZ,2.185303291260061,2.205919360045533,2.1131470505109076,2.1543791880818524,888988.52,185573585.0
2022-11-24,002024.SZ,002024.SZ,2.1646869405618343,2.24715120496419,2.144070874461246,2.2162271058133065,654008.96,139491878.0
2022-11-25,002024.SZ,002024.SZ,2.2059194738392067,2.30899982308403,2.1646873341412776,2.2677676833861007,805892.82,174857411.0
2022-11-28,002024.SZ,002024.SZ,2.247151613537136,2.3811560675554055,2.216227508763689,2.3811560675554055,1148326.05,259813884.0
2022-11-29,002024.SZ,002024.SZ,2.432696190637642,2.504852433580284,2.4120801212254586,2.432696190637642,1367258.28,327900250.0
2022-11-30,002024.SZ,002024.SZ,2.401771040586362,2.5563914938429946,2.391463010369253,2.5563914938429946,1778055.71,434594993.0
2022-12-01,002024.SZ,002024.SZ,2.6594725840057265,2.6800886505484067,2.473927985121606,2.504852084935626,2346714.93,589487976.0
2022-12-02,002024.SZ,002024.SZ,2.5151607987797036,2.6285491954460016,2.443004546355696,2.6285491954460016,1803999.62,443518615.0
2022-12-05,002024.SZ,002024.SZ,2.6594723112869345,2.762552633429839,2.587316085786901,2.762552633429839,1719961.03,449312664.0
2022-12-06,002024.SZ,002024.SZ,2.793475497364118,2.89655577401962,2.762551414367467,2.8965557740196206,1017044.77,281249728.0
2022-12-07,002024.SZ,002024.SZ,2.968713408376927,3.0408696370527557,2.752244722349443,2.8037848856893204,2486483.91,694526922.0
2022-12-08,002024.SZ,002024.SZ,2.7934781724495266,2.9377906979635244,2.7522460223026703,2.7934781724495266,1846581.07,508642658.0
2022-12-09,002024.SZ,002024.SZ,2.7110124902771475,2.7213205225595702,2.6491642965826117,2.6491642965826117,1419143.52,366406899.0
2022-12-12,002024.SZ,002024.SZ,2.5563910840633635,2.5770071411929067,2.515158969804277,2.515158969804277,615559.0,150802612.0
2022-12-13,002024.SZ,002024.SZ,2.432695150142363,2.5976236348977775,2.432695150142363,2.4533112107367896,1080892.51,262252863.0
2022-12-14,002024.SZ,002024.SZ,2.4739268755028525,2.5770071619821384,2.4636188468549243,2.5770071619821384,941973.26,231934214.0
2022-12-15,002024.SZ,002024.SZ,2.5770071619821384,2.6079312479259236,2.4533108182069956,2.4636188468549243,982320.08,239523661.0
2022-12-16,002024.SZ,002024.SZ,2.443001793484968,2.4533098179300525,2.3605375979242944,2.401769695704631,768303.0,178818792.0
2022-12-19,002024.SZ,002024.SZ,2.4326939512239987,2.4636180268751513,2.3296136990534904,2.3399217242705412,501425.0,116285438.0
2022-12-20,002024.SZ,002024.SZ,2.350229739443875,2.4533099911738696,2.288381588405879,2.412077890481872,684421.55,158268622.0
2022-12-21,002024.SZ,002024.SZ,2.391460670512615,2.453308791301734,2.3296125497234956,2.3605366101180554,605019.0,140079072.0
2022-12-22,002024.SZ,002024.SZ,2.3605363031424424,2.4120763970975174,2.2986881903963523,2.2986881903963523,534243.0,122040977.0
2022-12-23,002024.SZ,002024.SZ,2.2677648286537626,2.2986888944990413,2.226532740860058,2.288380872550615,474099.64,104279674.0
2022-12-26,002024.SZ,002024.SZ,2.2986900283814555,2.319306082447657,2.2574579202490526,2.2986900283814555,287034.75,63874048.0
2022-12-27,002024.SZ,002024.SZ,2.2986897285523216,2.4120780111266513,2.288381702863746,2.3708459083723494,528046.46,121042198.0
2022-12-28,002024.SZ,002024.SZ,2.3502309204476224,2.360538950800463,2.2677666776248993,2.2780747079777393,432605.32,97116862.0
2022-12-29,002024.SZ,002024.SZ,2.278075720455387,2.3605399999288856,2.2368435807186384,2.3193078601921364,467575.23,104328012.0
2022-12-30,002024.SZ,002024.SZ,2.308998803576611,2.35023092506905,2.288382742830391,2.32961486432283,361896.22,81476693.0
2023-01-03,002024.SZ,002024.SZ,2.3193076243861297,2.32961565827229,2.2471513871830058,2.2986915566138086,354639.0,78653207.0
2023-01-04,002024.SZ,002024.SZ,2.288384407569277,2.3399245969289453,2.278076369697343,2.319308521185078,309376.02,69440848.0
2023-01-05,002024.SZ,002024.SZ,2.3193082611729117,2.3193082611729117,2.2883841510239398,2.2986921877402637,266801.66,59466403.0
2023-01-06,002024.SZ,002024.SZ,2.288383953390763,2.298691989216847,2.267767881738594,2.267767881738594,289045.01,63892387.0
2023-01-09,002024.SZ,002024.SZ,2.2677689172490423,2.2780769577819924,2.2471528361831417,2.2574608767160917,222844.5,48891623.0
2023-01-10,002024.SZ,002024.SZ,2.247153927960227,2.2574619735013286,2.1646895636314114,2.1853056547136154,397793.0,85222764.0
2023-01-11,002024.SZ,002024.SZ,2.185305571463876,2.2162297069091195,2.154381436018632,2.1646894811670467,241501.5,51141099.0
2023-01-12,002024.SZ,002024.SZ,2.164689274019728,2.195613406505724,2.1440731856957305,2.154381229857729,204263.4,42858593.0
2023-01-13,002024.SZ,002024.SZ,2.164690291523442,2.257462732588732,2.154382242516187,2.2368466345742233,399900.49,86536340.0
2023-01-16,002024.SZ,002024.SZ,2.2574620698473797,2.278078161809456,2.226537931904265,2.2471540238663414,330081.0,72195243.0
2023-01-17,002024.SZ,002024.SZ,2.2368457790545495,2.3296181846374573,2.2265377339897823,2.31931013957269,427168.3,95208004.0
2023-01-18,002024.SZ,002024.SZ,2.3090031253124286,2.3399272743121484,2.2883870259792816,2.3090031253124286,267330.6,59878830.0
2023-01-19,002024.SZ,002024.SZ,2.2986960832930117,2.319312191663353,2.2471558123671596,2.25746386655233,298515.22,65751034.0
2023-01-20,002024.SZ,002024.SZ,2.2677722766658284,2.319312555680961,2.257464220862802,2.298696444074908,205529.09,45690367.0
2023-01-30,002024.SZ,002024.SZ,2.319312750667415,2.3502369206763136,2.298696637328149,2.3296208073370477,307332.49,69189953.0
2023-01-31,002024.SZ,002024.SZ,2.288389360557763,2.3399296614712264,2.2780813003750704,2.2986974207404556,222104.01,49690327.0
2023-02-01,002024.SZ,002024.SZ,2.2986966446844885,2.41208526841332,2.2883885879818675,2.41208526841332,610995.45,140374547.0
2023-02-02,002024.SZ,002024.SZ,2.391469175624191,2.412085289207158,2.3502369484582566,2.391469175624191,386108.57,89227056.0
2023-02-03,002024.SZ,002024.SZ,2.3914692591689657,2.4017773163205565,2.339928973411014,2.3605450877141947,259352.62,59450064.0
2023-02-06,002024.SZ,002024.SZ,2.3399286691153174,2.3502367249263982,2.2883883900599145,2.298696445870995,229837.0,51540942.0
2023-02-07,002024.SZ,002024.SZ,2.2986957480524306,2.3193118534161297,2.2883876953705813,2.3090038007342804,179641.25,40078235.0
2023-02-08,002024.SZ,002024.SZ,2.2986967556998823,2.3090048129003304,2.247156469697643,2.2574645268980906,246787.42,54455686.0
2023-02-09,002024.SZ,002024.SZ,2.25746405488278,2.2780801649730336,2.236847944792526,2.267772109927907,180675.92,39737603.0
2023-02-10,002024.SZ,002024.SZ,2.2574650856882847,2.267773145440286,2.236848966184282,2.2574650856882847,184223.75,40279405.0
2023-02-13,002024.SZ,002024.SZ,2.2471565560761784,2.2677726712695376,2.2471565560761784,2.2677726712695376,166558.62,36472744.0
2023-02-14,002024.SZ,002024.SZ,2.2574646136728576,2.2677726712695376,2.2471565560761784,2.2677726712695376,124373.02,27218247.0
2023-02-15,002024.SZ,002024.SZ,2.257465644478618,2.2677737067821733,2.2471575821750625,2.257465644478618,136389.56,29885573.0
2023-02-16,002024.SZ,002024.SZ,2.2677744060956506,2.37085506091818,2.2677744060956506,2.3399308644714214,910815.83,208188822.0
2023-02-17,002024.SZ,002024.SZ,2.298699617283234,2.319315757348554,2.2780834772179133,2.2883915472505736,453546.38,101102412.0
2023-02-20,002024.SZ,002024.SZ,2.278083497927763,2.288391568054133,2.2471592875486532,2.2677754278013933,282243.01,62024751.0
2023-02-21,002024.SZ,002024.SZ,2.2780837031605103,2.329624058435635,2.2780837031605103,2.2883917742155355,228372.04,50974642.0
2023-02-22,002024.SZ,002024.SZ,2.2883917742155355,2.2986998452705603,2.2780837031605103,2.2883917742155355,126447.7,28057697.0
2023-02-23,002024.SZ,002024.SZ,2.288391753783466,2.32962403763542,2.278083682820477,2.3090078957094433,199868.5,44664402.0
2023-02-24,002024.SZ,002024.SZ,2.3090068972195428,2.3090068972195428,2.2780826977032094,2.288390764208654,146046.0,32423663.0
2023-02-27,002024.SZ,002024.SZ,2.2883896356871816,2.2883896356871816,2.257465451421138,2.257465451421138,151014.57,33225196.000000004
2023-02-28,002024.SZ,002024.SZ,2.2574649794056345,2.2780810979390194,2.2471569201389423,2.267773038672327,111703.78,24546407.0
2023-03-01,002024.SZ,002024.SZ,2.2677720125306813,2.2883881217355055,2.2574639579282687,2.278080067133093,132991.0,29390261.0
2023-03-02,002024.SZ,002024.SZ,2.2780795470234887,2.288387599272464,2.2574634425255384,2.2574634425255384,126341.01,27863445.0
2023-03-03,002024.SZ,002024.SZ,2.2677718507027746,2.329620173903759,2.2574637968359434,2.298696012303267,243185.16,54243764.0
2023-03-06,002024.SZ,002024.SZ,2.298696716408352,2.309004773432605,2.267772545335594,2.288388659384099,152411.54,33807828.0
2023-03-07,002024.SZ,002024.SZ,2.2883886801876323,2.3090047944235566,2.257464508833745,2.2677725659517076,193267.98,42829249.0
2023-03-08,002024.SZ,002024.SZ,2.267772770255543,2.298696944395391,2.257464712208926,2.2883888863487747,159216.48,35215038.0
2023-03-09,002024.SZ,002024.SZ,2.288387747331682,2.2986958002475903,2.267771641499865,2.2780796944157733,131215.7,29038529.0
2023-03-10,002024.SZ,002024.SZ,2.2780794355430802,2.298695539032158,2.2574633320540025,2.2677713837985416,200479.01,44277063.0
2023-03-13,002024.SZ,002024.SZ,2.2574631249472747,2.2677711757461214,2.2368470233495827,2.247155074148429,197720.32,43154040.0
2023-03-14,002024.SZ,002024.SZ,2.24715528714891,2.24715528714891,2.174998924717523,2.174998924717523,276484.35,58979863.0
2023-03-15,002024.SZ,002024.SZ,2.1853069560700056,2.216231111108732,2.17499890439043,2.205923059429157,127064.02,27165951.0
2023-03-16,002024.SZ,002024.SZ,2.1956147809724444,2.2265389328171272,2.1853067303575506,2.1956147809724444,168208.13,36032290.0
2023-03-17,002024.SZ,002024.SZ,2.1956151400683197,2.2162312446699,2.1956151400683197,2.2059231923691103,131384.01,28128104.0
2023-03-20,002024.SZ,002024.SZ,2.236846515537469,2.309002854748355,2.226538467078771,2.267770660913563,334009.67,73570314.0
2023-03-21,002024.SZ,002024.SZ,2.288386963991928,2.30900306276663,2.267770865217226,2.288386963991928,243439.02,54075921.0
2023-03-22,002024.SZ,002024.SZ,2.2883869847954466,2.298695034276507,2.247154786871204,2.267770885833325,226681.01,49796629.0
2023-03-23,002024.SZ,002024.SZ,2.2574638671572123,2.267771921345145,2.24715581296928,2.2574638671572123,127378.5,27876081.0
2023-03-24,002024.SZ,002024.SZ,2.2574648242386677,2.2574648242386677,2.236848707122333,2.236848707122333,126681.0,27597614.0
2023-03-27,002024.SZ,002024.SZ,2.2368493698923197,2.247157431504727,2.216233246667506,2.2265413082799133,148571.01,32156486.0
2023-03-28,002024.SZ,002024.SZ,2.2368493698923197,2.2368493698923197,2.216233246667506,2.2265413082799133,92723.5,20040105.0
2023-03-29,002024.SZ,002024.SZ,2.2780818659947286,2.3399302424470743,2.2574657405106135,2.257465740510613,364143.11,81190766.0
2023-03-30,002024.SZ,002024.SZ,2.247156835084426,2.247156835084426,2.2162326584548233,2.226540717331358,185525.19,40127038.0
2023-03-31,002024.SZ,002024.SZ,2.2265415381758618,2.2471576635293418,2.2265415381758618,2.2368496008526018,104665.65,22708160.0
2023-04-03,002024.SZ,002024.SZ,2.236850263622854,2.2471583293538355,2.2162341321608925,2.2265421978918734,158113.0,34188444.0
2023-04-04,002024.SZ,002024.SZ,2.2265421978918734,2.236850263622854,2.2162341321608925,2.2265421978918734,123384.76,26662560.0
2023-04-06,002024.SZ,002024.SZ,2.226541369411055,2.2368494313064766,2.1956171837247904,2.2162333075156337,144980.96,31083586.0
2023-04-07,002024.SZ,002024.SZ,2.2059252456202123,2.226541369411055,2.2059252456202123,2.2162333075156337,120341.86,25842030.0
2023-04-10,002024.SZ,002024.SZ,2.2162325197549797,2.2162325197549797,2.1646922285978873,2.1750002868293055,235160.71,49868336.0
2023-04-11,002024.SZ,002024.SZ,2.175000286829306,2.1853083450607245,2.1646922285978873,2.1750002868293055,121251.96,25542053.0
2023-04-12,002024.SZ,002024.SZ,2.175000286829306,2.175000286829306,2.154384170366469,2.1750002868293055,128866.01,27076340.0
2023-04-13,002024.SZ,002024.SZ,2.164692249412236,2.164692249412236,2.1440761327511666,2.1440761327511666,158637.0,33118375.0
2023-04-14,002024.SZ,002024.SZ,2.144075970167195,2.1956162579115985,2.144075970167195,2.175000142813837,164643.02,34719366.0
2023-04-17,002024.SZ,002024.SZ,2.144075970167195,2.1956162579115985,2.144075970167195,2.175000142813837,150451.7,31714778.0
2023-04-18,002024.SZ,002024.SZ,2.164691370605847,2.1749994247515887,2.1440752623143626,2.1543833164601045,123595.41,25889042.0
2023-04-19,002024.SZ,002024.SZ,2.1543833164601045,2.185307478897331,2.1440752623143626,2.1543833164601045,133149.0,27945892.0
2023-04-20,002024.SZ,002024.SZ,2.1543837688806002,2.164691825191034,2.0513032057762657,2.061611262086699,485237.38,98070361.0
2023-04-21,002024.SZ,002024.SZ,2.061611262086699,2.061611262086699,1.958530698982364,1.9688387552927975,378333.29,73058555.0
2023-04-24,002024.SZ,002024.SZ,1.9688383574445516,2.0306866828093018,1.9276061405347182,1.9894544658994684,231049.99,44470555.0
2023-04-25,002024.SZ,002024.SZ,1.979145800312647,1.989453851355942,1.937913596139467,1.968837749269352,163891.33,31154195.0
2023-04-26,002024.SZ,002024.SZ,1.9688377492693518,1.999761902399237,1.937913596139467,1.968837749269352,124819.03,23866790.0
2023-04-27,002024.SZ,002024.SZ,1.9688377492693518,1.989453851355942,1.958529698226057,1.968837749269352,125117.51,23949404.0
2023-04-28,002024.SZ,002024.SZ,1.979145008654327,2.0306852432547,1.979145008654327,2.010069149414551,182820.0,35577491.0
2023-05-04,002024.SZ,002024.SZ,2.102841469117585,2.113149515534828,2.102841469117585,2.113149515534828,198982.05,40751770.0
2023-05-05,002024.SZ,002024.SZ,2.1956133641075612,2.205921408070508,2.1337651003298834,2.1646892322187226,496869.05,104833512.0
2023-05-08,002024.SZ,002024.SZ,2.154380773951701,2.216229025835482,2.1337646899904406,2.1440727319710713,248280.03,52094837.0
2023-05-09,002024.SZ,002024.SZ,2.14407222748337,2.154380267038578,2.092532029707327,2.1028400692625357,258995.11,53458169.0
2023-05-10,002024.SZ,002024.SZ,2.102840151324587,2.123456231239534,2.0925321113671136,2.1131481912820607,127257.0,26044881.0
2023-05-11,002024.SZ,002024.SZ,2.1131478865010713,2.154380040384019,2.1131478865010713,2.1440720019132824,156789.29,32542245.0
2023-05-12,002024.SZ,002024.SZ,2.133763303728083,2.1646874095792152,2.133763303728083,2.133763303728083,131053.0,27260549.0
2023-05-15,002024.SZ,002024.SZ,2.123454916261548,2.133762949835633,2.071914748391122,2.1131468826874626,189735.59,38642495.0
2023-05-16,002024.SZ,002024.SZ,2.113147090879274,2.123455125468929,2.0925310216999637,2.0925310216999637,103112.0,21038768.0
2023-05-17,002024.SZ,002024.SZ,2.0925310216999637,2.113147090879274,2.082222987110309,2.0925310216999637,84250.0,17154462.0
2023-05-18,002024.SZ,002024.SZ,2.102839986188297,2.102839986188297,2.051299790448388,2.051299790448388,162655.11,32769565.000000004
2023-05-19,002024.SZ,002024.SZ,2.040991243591015,2.0822233899261873,2.040991243591015,2.0719153533423937,108227.46,21661342.0
2023-05-22,002024.SZ,002024.SZ,2.071914591608808,2.1234547555791767,2.051298526020661,2.1028386899910294,187146.27,37964515.0
2023-05-23,002024.SZ,002024.SZ,2.092530407342549,2.1234545020323403,2.0719143442160215,2.0719143442160215,141293.93,28655228.0
2023-05-24,002024.SZ,002024.SZ,2.0719148647975145,2.0719148647975145,2.051298796491072,2.051298796491072,116810.0,23332194.0
2023-05-25,002024.SZ,002024.SZ,2.0512980140368917,2.0616060442581827,1.9585257420452735,1.9997578629304371,270359.7,52723898.0
2023-05-26,002024.SZ,002024.SZ,1.999758580792234,2.020374648635453,1.9894505468706245,2.0100666147138435,111513.79,21665696.0
2023-05-29,002024.SZ,002024.SZ,2.0100657984431374,2.0512979173855608,1.9997577687075314,2.030681857914349,118200.0,23297555.0
2023-05-30,002024.SZ,002024.SZ,2.0203741168035756,2.0306821480117567,1.9997580543872124,2.0203741168035756,86873.1,17006908.0
2023-05-31,002024.SZ,002024.SZ,2.020374034757926,2.0616061579162515,2.0100660039683453,2.0306820655475075,126767.71,25070687.0
2023-06-01,002024.SZ,002024.SZ,2.0306820655475075,2.05129812712667,2.020374034757926,2.0306820655475075,88678.5,17534067.0
2023-06-02,002024.SZ,002024.SZ,2.040990959442354,2.082223100037149,2.040990959442354,2.07191506488845,123252.02,24665434.0
2023-06-05,002024.SZ,002024.SZ,2.071915585470124,2.071915585470124,2.0512995099928095,2.0512995099928095,94552.46,18893234.0
2023-06-06,002024.SZ,002024.SZ,2.0203761698796683,2.0409922532457876,1.9997600865135492,2.0203761698796683,173084.14,33940339.0
2023-06-07,002024.SZ,002024.SZ,2.010068210660942,2.030684294872849,1.9997601685549886,2.010068210660942,106592.19,20796403.0
2023-06-08,002024.SZ,002024.SZ,2.0203758404452117,2.030683880447483,2.01006780044294,2.0203758404452117,91380.09,17880256.0
2023-06-09,002024.SZ,002024.SZ,2.01006780044294,2.0203758404452117,1.9997597604406687,2.0203758404452117,93400.5,18223309.0
2023-06-12,002024.SZ,002024.SZ,2.0100679662217273,2.0100679662217273,1.9997599253693084,1.9997599253693086,92537.11,17975481.0
2023-06-13,002024.SZ,002024.SZ,1.9997599253693084,2.0100679662217273,1.9894518845168894,1.9997599253693086,90841.03,17596802.0
2023-06-14,002024.SZ,002024.SZ,1.9997600877863584,2.0513002962344604,1.9997600877863584,2.0306842128552196,195848.65,38607551.0
2023-06-15,002024.SZ,002024.SZ,2.0306847960260703,2.040992840675949,1.9997606620764345,2.010068706726313,141543.04,27638158.0
2023-06-16,002024.SZ,002024.SZ,2.01006829650821,2.0306843816006017,1.9997602539620138,2.0203763390544056,99723.0,19520746.0
2023-06-19,002024.SZ,002024.SZ,2.0409920975880094,2.082224261175646,2.0306840566911,2.0616081793818277,196890.84,39252049.0
2023-06-20,002024.SZ,002024.SZ,2.0616081793818277,2.0616081793818277,2.010067974897282,2.020376015794191,157581.0,30966916.0
2023-06-21,002024.SZ,002024.SZ,2.0306841400012154,2.0306841400012154,1.9997600160418063,2.010068057361609,89784.5,17519348.0
2023-06-26,002024.SZ,002024.SZ,1.9997592348855502,2.0100672721787745,1.9688351230058767,1.979143160299101,131468.0,25361040.0
2023-06-27,002024.SZ,002024.SZ,1.979143813212308,2.0100679352937503,1.968835772518494,1.9997598945999364,77090.5,14915636.0
2023-06-28,002024.SZ,002024.SZ,1.9997604570324068,2.0100685006253576,1.9791443698465057,1.9791443698465057,100464.01,19387703.0
2023-06-29,002024.SZ,002024.SZ,1.9791443698465057,1.9997604570324068,1.9791443698465057,1.9791443698465057,77794.28,15010442.0
2023-06-30,002024.SZ,002024.SZ,1.9894530697536543,2.020377210734281,1.9894530697536543,1.9997611167471965,98354.06,19135985.0
2023-07-03,002024.SZ,002024.SZ,1.999760371738153,2.1028408032710475,1.999760371738153,2.1028408032710475,274977.38,54852888.0
2023-07-04,002024.SZ,002024.SZ,2.0719163423045113,2.0822243838085144,2.0513002592965064,2.061608300800509,240506.0,48277229.0
2023-07-05,002024.SZ,002024.SZ,2.061608300800509,2.1028404668165193,2.0513002592965064,2.0719163423045113,164984.2,33290273.999999996
2023-07-06,002024.SZ,002024.SZ,2.0719153316136123,2.1543796234191293,2.061607295137923,2.113147477516371,310354.02,63646891.0
2023-07-07,002024.SZ,002024.SZ,2.1028397533435683,2.1131477913501544,2.07191563932381,2.082223677330396,148812.0,30231849.0
2023-07-10,002024.SZ,002024.SZ,2.0925306845331817,2.113146750390652,2.071914618675712,2.0925306845331817,117985.2,23949613.0
2023-07-11,002024.SZ,002024.SZ,2.092530458868107,2.1234545543193604,2.0719143952339385,2.102838490685192,133920.0,27243609.0
2023-07-12,002024.SZ,002024.SZ,2.102838239599999,2.102838239599999,2.0719141478411753,2.0719141478411753,115327.01,23348211.0
2023-07-13,002024.SZ,002024.SZ,2.082221920726685,2.102837979347741,2.071913891416157,2.082221920726685,89075.02,18011138.0
2023-07-14,002024.SZ,002024.SZ,2.082222956657989,2.0925309910968894,2.071914922219088,2.071914922219088,84186.36,16995327.0
2023-07-17,002024.SZ,002024.SZ,2.030683815266928,2.040991854938334,2.0100677359241166,2.030683815266928,166693.07,32752341.0
2023-07-18,002024.SZ,002024.SZ,2.030683815266928,2.0512998946097394,2.0203757755955225,2.030683815266928,100947.0,19915560.0
2023-07-19,002024.SZ,002024.SZ,2.030682962379726,2.1028392097739292,2.030682962379726,2.061607068405813,179649.01,36099622.0
2023-07-20,002024.SZ,002024.SZ,2.061607068405813,2.082223139089871,2.051299033063784,2.061607068405813,133432.51,26795509.0
2023-07-21,002024.SZ,002024.SZ,2.061607068405813,2.071915103747842,2.040990997721755,2.061607068405813,135581.0,27058473.0
2023-07-24,002024.SZ,002024.SZ,2.051299033063784,2.071915103747842,2.040990997721755,2.040990997721755,105961.0,21112654.0
2023-07-25,002024.SZ,002024.SZ,2.0513000127886953,2.071916093319235,2.0513000127886953,2.071916093319235,108468.03,21701010.0
2023-07-26,002024.SZ,002024.SZ,2.06160754526873,2.102839696174105,2.06160754526873,2.092531658447761,186418.66,37687093.0
2023-07-27,002024.SZ,002024.SZ,2.082224307855212,2.092532348983208,2.06160822559922,2.06160822559922,124272.0,25062679.0
2023-07-28,002024.SZ,002024.SZ,2.0616082255992203,2.1028403901112047,2.051300184471224,2.0925323489832084,174919.74,35354273.0
2023-07-31,002024.SZ,002024.SZ,2.0925318998543134,2.123456016600929,2.0925318998543134,2.1131479776853905,282507.4,57601340.0
2023-08-01,002024.SZ,002024.SZ,2.1028395363124477,2.216227942682236,2.0925314993697395,2.154379721025988,514658.08,108234590.0
2023-08-02,002024.SZ,002024.SZ,2.1440714048553393,2.257459796458266,2.123455333654807,2.2162276540572017,785205.02,168957798.0
2023-08-03,002024.SZ,002024.SZ,2.195611164644939,2.2265352655554316,2.1646870637344473,2.1646870637344473,478506.62,101160274.0
2023-08-04,002024.SZ,002024.SZ,2.1646868565873603,2.195610954538608,2.1440707912865284,2.154378823936944,278053.01,58417799.0
2023-08-07,002024.SZ,002024.SZ,2.1440707912865284,2.195610954538608,2.133762758636112,2.154378823936944,213849.29,44788142.0
2023-08-08,002024.SZ,002024.SZ,2.1543781506935606,2.174994209551872,2.1440701212644053,2.1440701212644053,162846.95,34032615.0
2023-08-09,002024.SZ,002024.SZ,2.15437898734527,2.1646870207775444,2.1131468536161737,2.123454887048448,137938.0,28592965.0
2023-08-10,002024.SZ,002024.SZ,2.123454887048448,2.1440709539129963,2.1131468536161737,2.123454887048448,140329.5,28968543.0
2023-08-11,002024.SZ,002024.SZ,2.1234551171765643,2.1337631517259648,2.0925310135283617,2.0925310135283617,156700.02,32031100.0
2023-08-14,002024.SZ,002024.SZ,2.0822229789789612,2.1028390480777626,2.0616069098801595,2.0925310135283617,153385.3,30984740.0
2023-08-15,002024.SZ,002024.SZ,2.0925307878632524,2.1440709550520025,2.0822227544255028,2.1028388213010025,206409.11,42431184.0
2023-08-16,002024.SZ,002024.SZ,2.1028386547395117,2.1028386547395117,2.0719145568756954,2.0822225894969675,134091.67,27126913.0
2023-08-17,002024.SZ,002024.SZ,2.0719135362281302,2.0925295913149773,2.061605508684707,2.0925295913149773,126086.03,25406395.0
2023-08-18,002024.SZ,002024.SZ,2.0822224845529487,2.092530516654696,2.051298388247707,2.051298388247707,175067.27,35154093.0
2023-08-21,002024.SZ,002024.SZ,2.0512986472500288,2.0719147140565615,2.030682580443496,2.040990613846762,141599.0,28193480.0
2023-08-22,002024.SZ,002024.SZ,2.0409895985316346,2.0512976268070466,1.9997574854299853,2.030681570256222,177085.69,34793864.0
2023-08-23,002024.SZ,002024.SZ,2.0306821534263144,2.0306821534263144,2.010066090954981,2.010066090954981,102354.19,20059307.0
2023-08-24,002024.SZ,002024.SZ,2.010066090954981,2.0306821534263144,1.9997580597193145,2.010066090954981,84897.84,16606008.000000002
2023-08-25,002024.SZ,002024.SZ,2.0100665054015976,2.0203745387626317,1.98945043867953,1.999758472040564,118423.0,23032482.0
2023-08-28,002024.SZ,002024.SZ,2.061606672206767,2.082222738928835,1.98945043867953,1.999758472040564,233542.01,46038242.0
2023-08-29,002024.SZ,002024.SZ,1.989449890565633,2.0203739821288296,1.989449890565633,2.0203739821288296,130155.0,25382861.0
2023-08-30,002024.SZ,002024.SZ,2.0203739000831855,2.030681930185651,2.0100658699807203,2.030681930185651,104987.92,20584111.0
2023-08-31,002024.SZ,002024.SZ,2.0203741887080287,2.0306822202830697,2.0100661571329876,2.0203741887080287,118732.04,23253934.0
2023-09-01,002024.SZ,002024.SZ,2.030682056187537,2.0719141791558116,2.020374025445468,2.0409900869296056,177297.88,35272177.0
2023-09-04,002024.SZ,002024.SZ,2.0409910920403016,2.0616071636770723,2.0306830562219162,2.051299127858687,152012.55,30150913.0
2023-09-05,002024.SZ,002024.SZ,2.0409918730317913,2.051299912794578,2.0203757935062177,2.0203757935062177,113800.0,22409659.0
2023-09-06,002024.SZ,002024.SZ,2.0203757935062177,2.0306838332690043,2.0100677537434306,2.0203757935062177,84914.52,16634943.0
2023-09-07,002024.SZ,002024.SZ,2.0203759601351488,2.0306840007480833,1.9997598789092799,1.99975987890928,112852.3,21986959.0
2023-09-08,002024.SZ,002024.SZ,1.9894518382963455,2.010067919522214,1.9894518382963455,1.99975987890928,95709.01,18595372.0
2023-09-11,002024.SZ,002024.SZ,1.9997593279550276,2.03068344127392,1.9894512901820636,2.020375403500956,109679.81,21427006.0
2023-09-12,002024.SZ,002024.SZ,2.0203754863881516,2.0203754863881516,2.0100674481922938,2.0100674481922938,67481.98,13180378.0
2023-09-13,002024.SZ,002024.SZ,2.01006786263919,2.0203759029604167,1.989451781996737,1.9997598223179636,107826.13,20938538.0
2023-09-14,002024.SZ,002024.SZ,1.9997590970164734,2.0100671335990326,1.9894510604339142,1.9894510604339144,77391.95,14980694.0
2023-09-15,002024.SZ,002024.SZ,1.9997584063780225,2.020374472423157,1.9894503733554554,1.9997584063780227,110116.45,21414056.0
2023-09-18,002024.SZ,002024.SZ,1.999757681077046,1.999757681077046,1.9791416225092415,1.989449651793144,156211.5,30164678.0
2023-09-19,002024.SZ,002024.SZ,1.9894497355594454,1.9894497355594454,1.948217616687747,1.9585256464056713,246252.41,47021184.0
2023-09-20,002024.SZ,002024.SZ,1.9482179259286383,1.968833988636878,1.9379098945745186,1.9482179259286383,123379.42,23373394.0
2023-09-21,002024.SZ,002024.SZ,1.9482178954877332,2.0306821450321877,1.9379098642946764,1.9791419890669035,242251.38,46686122.0
2023-09-22,002024.SZ,002024.SZ,1.968833304996265,1.9997573883208137,1.948217249446566,1.989449360545964,198289.04,38061216.0
2023-09-25,002024.SZ,002024.SZ,1.9791407214133205,1.989448746004015,1.9585246722319316,1.9688326968226262,115844.04,22151567.0
2023-09-26,002024.SZ,002024.SZ,1.9688331030896906,1.9688331030896906,1.9482170496541964,1.9482170496541966,75075.41,14260607.0
2023-09-27,002024.SZ,002024.SZ,1.9482170496541964,1.9688331030896906,1.9482170496541964,1.9482170496541966,85890.19,16284232.0
2023-09-28,002024.SZ,002024.SZ,1.958525066063917,1.9688330927274114,1.9482170394004228,1.958525066063917,81064.2,15426544.0
2023-10-09,002024.SZ,002024.SZ,1.9585253769409117,1.9585253769409117,1.9379093203415336,1.9482173486412226,106701.0,20165363.0
2023-10-10,002024.SZ,002024.SZ,1.9482173486412226,1.9688334052406007,1.9379093203415336,1.9482173486412226,96739.13,18324112.0
2023-10-11,002024.SZ,002024.SZ,1.9482173590040806,1.9585253873585995,1.927601302295043,1.9379093306495618,121791.04,22974099.0
2023-10-12,002024.SZ,002024.SZ,1.9482167260806746,2.0306809261264176,1.9379087010749567,2.0306809261264176,506806.89,98700532.0
2023-10-13,002024.SZ,002024.SZ,1.9997562574314491,2.020372301322495,1.9791402135404033,1.979140213540403,288933.07,55878186.0
2023-10-16,002024.SZ,002024.SZ,1.979139546882647,1.9894475653559942,1.9482154914626055,1.9585235099359528,168198.1,32003196.0
2023-10-17,002024.SZ,002024.SZ,1.9585242166196934,2.0512964163543104,1.9482161944269583,1.9997563053906342,273172.32,53213412.0
2023-10-18,002024.SZ,002024.SZ,1.9894481165425455,1.9997561378717816,1.9585240525548375,1.9688320738840734,156368.81,29980034.0
2023-10-19,002024.SZ,002024.SZ,1.9585232691452164,1.9894473207632988,1.948215251939189,1.9585232691452164,155724.45,29696431.0
2023-10-20,002024.SZ,002024.SZ,1.948215251939189,1.9688312863512438,1.948215251939189,1.9585232691452164,119870.53,22738715.0
2023-10-23,002024.SZ,002024.SZ,1.948215464858888,1.9585234831914748,1.8657513181981946,1.8863673548633682,253097.72,46529824.0
2023-10-24,002024.SZ,002024.SZ,1.8863664526876767,1.9172904928956713,1.8760584392850117,1.8966744660903416,153820.35,28256895.0
2023-10-25,002024.SZ,002024.SZ,1.896674876182118,1.9275989230763917,1.896674876182118,1.9069828918135427,105679.1,19566915.0
2023-10-26,002024.SZ,002024.SZ,1.8966756492832901,1.9069836691163515,1.8863676294502287,1.8966756492832904,114467.83,21038897.0
2023-10-27,002024.SZ,002024.SZ,1.8966764650577634,1.9276005378576182,1.8966764650577634,1.9172925135909997,127122.89,23589528.0
2023-10-30,002024.SZ,002024.SZ,1.9172918574053266,1.9482159196215414,1.9069838366665883,1.927599878144065,139126.39,26038033.0
2023-10-31,002024.SZ,002024.SZ,1.9172926324807584,1.9379086822923792,1.9172926324807584,1.9379086822923794,112656.52,21066803.0
2023-11-01,002024.SZ,002024.SZ,1.9379086822923792,1.94821670719819,1.927600657386569,1.9379086822923794,105352.56,19796510.0
2023-11-02,002024.SZ,002024.SZ,1.9482169989097822,1.9791410782575565,1.9276009460112662,1.9276009460112664,130441.0,24667052.0
2023-11-03,002024.SZ,002024.SZ,1.937908972460524,1.9482169989097822,1.9276009460112662,1.9276009460112664,101083.23,18963690.0
2023-11-06,002024.SZ,002024.SZ,1.9276005890481285,1.9585246626692212,1.9276005890481285,1.9482166381288568,130210.12,24595671.0
2023-11-07,002024.SZ,002024.SZ,1.9482166381288568,1.9585246626692212,1.9276005890481285,1.9482166381288568,136984.8,25788891.0
2023-11-08,002024.SZ,002024.SZ,1.9482166381288568,1.9585246626692212,1.9276005890481285,1.9482166381288568,110463.28,20826513.0
2023-11-09,002024.SZ,002024.SZ,1.9379086033889732,1.989448725819531,1.9276005789028618,1.9585246523611963,193185.5,36778229.0
2023-11-10,002024.SZ,002024.SZ,1.9482175655194507,1.9585255949666436,1.9172934771778722,1.9276015066250654,124386.74,23324115.0
2023-11-13,002024.SZ,002024.SZ,1.9276022858682278,1.9482183530967647,1.9276022858682278,1.937910319482496,89962.9,16886422.0
2023-11-14,002024.SZ,002024.SZ,1.9379097483089276,1.9688338400372616,1.9276017177328166,1.9585258094611504,174452.52,33082739.0
2023-11-15,002024.SZ,002024.SZ,1.9688341525505697,1.9791421847628763,1.9482180881259563,1.9482180881259563,141293.78,26857666.0
2023-11-16,002024.SZ,002024.SZ,1.9482181089625132,1.9482181089625132,1.9276020443174073,1.9276020443174073,104605.15,19660243.0
2023-11-17,002024.SZ,002024.SZ,1.9276016873540658,1.9688338090086979,1.9172936569404075,1.9482177481813818,176578.71,33317138.0
2023-11-20,002024.SZ,002024.SZ,1.9482177481813816,1.9688338090086979,1.9276016873540658,1.9482177481813818,176441.84,33282841.999999996
2023-11-21,002024.SZ,002024.SZ,1.9482177481813816,1.9585257785950398,1.9379097177677236,1.9482177481813818,157122.0,29708431.0
2023-11-22,002024.SZ,002024.SZ,1.9482177481813816,1.979141839422356,1.9379097177677236,1.9482177481813818,220567.01,41909525.0
2023-11-23,002024.SZ,002024.SZ,1.96883377824567,1.9997578690034552,1.96883377824567,1.979141808498265,282016.47,54205075.0
2023-11-24,002024.SZ,002024.SZ,1.9688337782456702,1.9791418084982655,1.937909687487885,1.9482177177404798,185946.75,35305412.0
2023-11-27,002024.SZ,002024.SZ,1.9482177074867024,1.9791417980817296,1.9379096772883602,1.9585257376850447,160666.75,30534327.0
2023-11-28,002024.SZ,002024.SZ,1.9482180167276082,1.9585260485621458,1.9379099848930705,1.9482180167276082,143798.66,27165527.0
2023-11-29,002024.SZ,002024.SZ,1.948218048150479,1.948218048150479,1.9069859201472945,1.9172939521480907,181674.79,33958085.0
2023-11-30,002024.SZ,002024.SZ,1.9172946154281607,1.9276026509949789,1.8966785442945246,1.9069865798613426,134303.37,24924185.0
2023-12-01,002024.SZ,002024.SZ,1.9069858109151412,1.9276018737358456,1.896677779504789,1.9172938423254933,123809.24,22978288.0
2023-12-04,002024.SZ,002024.SZ,1.906985873439266,1.9172939051875864,1.8863698099426254,1.8863698099426254,179431.34,32986672.0
2023-12-05,002024.SZ,002024.SZ,1.886369736989097,1.886369736989097,1.8657536742897627,1.8657536742897627,141100.17,25668926.0
2023-12-06,002024.SZ,002024.SZ,1.8760619633402134,1.8863699961058191,1.8657539305746078,1.8760619633402136,102753.26,18718631.0
2023-12-07,002024.SZ,002024.SZ,1.8760619633402134,1.8863699961058191,1.8657539305746078,1.8760619633402136,99331.68,18059250.0
2023-12-08,002024.SZ,002024.SZ,1.8760619633402134,1.8863699961058191,1.8657539305746078,1.8760619633402136,92932.84,16898477.0
2023-12-11,002024.SZ,002024.SZ,1.8760620054989094,1.8760620054989094,1.7832897085236885,1.8348298735099222,243218.44,43118327.0
2023-12-12,002024.SZ,002024.SZ,1.8348298735099222,1.8451379065071691,1.8245218405126755,1.8348298735099222,101987.19,18152106.0
2023-12-13,002024.SZ,002024.SZ,1.8348297476930164,1.8451377799834268,1.8039056508217859,1.8039056508217859,152205.0,26849470.0
2023-12-14,002024.SZ,002024.SZ,1.814213683112196,1.8245217154026063,1.8039056508217859,1.8039056508217859,77045.0,13548206.0
2023-12-15,002024.SZ,002024.SZ,1.8142131677105813,1.8245211970725732,1.7935971089865974,1.8142131677105815,97151.2,17037786.0
2023-12-18,002024.SZ,002024.SZ,1.8039059725243762,1.8039059725243762,1.772981870138244,1.7832899042669548,130749.64,22662843.0
2023-12-19,002024.SZ,002024.SZ,1.7729824886202918,1.793598564069365,1.7626744508957553,1.7729824886202918,98815.88,17006515.0
2023-12-20,002024.SZ,002024.SZ,1.772982321751352,1.7832903585057205,1.7523662482426154,1.7523662482426152,94400.0,16151448.0
2023-12-21,002024.SZ,002024.SZ,1.752365633377265,1.7729816996522916,1.7317495671022383,1.7626736665147782,129368.76,21978582.0
2023-12-22,002024.SZ,002024.SZ,1.7626736665147784,1.7935977659273183,1.752365633377265,1.7626736665147782,129334.18,22183764.0
2023-12-25,002024.SZ,002024.SZ,1.762673499634431,1.762673499634431,1.7420574353112215,1.7420574353112213,88647.0,15072954.0
2023-12-26,002024.SZ,002024.SZ,1.742057237350149,1.8245214852720497,1.7317492063599116,1.814213454281812,416905.02,73369666.0
2023-12-27,002024.SZ,002024.SZ,1.803905093434583,1.8245211516452642,1.7729810061185616,1.803905093434583,250886.41,43656883.0
2023-12-28,002024.SZ,002024.SZ,1.793596554784622,1.8348286594923144,1.783288528607699,1.814212607138468,188443.67,33138082.000000004
2023-12-29,002024.SZ,002024.SZ,1.8142129351317078,1.855445047293792,1.8039049070911868,1.824520963172229,154958.95,27490932.0
2024-01-02,002024.SZ,002024.SZ,1.834828469954514,1.845136495066618,1.814212419730306,1.814212419730306,97656.0,17281854.0
2024-01-03,002024.SZ,002024.SZ,1.8142130720314003,1.845137158486481,1.8142130720314003,1.8348291296681207,138935.69,24696668.0
2024-01-04,002024.SZ,002024.SZ,1.8554455445028453,1.9276017601224003,1.8554455445028453,1.9276017601224003,619550.97,115259510.0
2024-01-05,002024.SZ,002024.SZ,1.9069860057533978,1.9172940382169297,1.8451378109722065,1.8554458434357384,458687.36,83833344.0
2024-01-08,002024.SZ,002024.SZ,1.8657540855345374,1.886370152778013,1.8348299846693241,1.834829984669324,226323.57,40659379.0
2024-01-09,002024.SZ,002024.SZ,1.8451382199454895,1.9172944631835815,1.8451382199454895,1.886370358938685,313191.98,57293914.0
2024-01-10,002024.SZ,002024.SZ,1.8863712078053467,1.8863712078053467,1.8554470896446034,1.8554470896446034,177842.0,32178599.0
2024-01-11,002024.SZ,002024.SZ,1.8554468857493192,1.8760629622576448,1.8348308092409933,1.8760629622576448,146688.87,26389217.0
2024-01-12,002024.SZ,002024.SZ,1.8657549037235368,1.9172950944341316,1.8554468655814178,1.8966790181498938,192725.9,35184419.0
2024-01-15,002024.SZ,002024.SZ,1.8863705676862492,1.917294675353237,1.8760625317972532,1.8863705676862492,167690.61,30757130.0
2024-01-16,002024.SZ,002024.SZ,1.876063311733362,1.8863713519077212,1.8245231108615665,1.8348311510359256,198105.83,35531635.0
2024-01-17,002024.SZ,002024.SZ,1.83483098231582,1.8451390215423134,1.7935988254098465,1.7935988254098465,141992.0,24981425.0
2024-01-18,002024.SZ,002024.SZ,1.783291012960216,1.7935990534975583,1.7420588508108468,1.783291012960216,206427.55,35433377.0
2024-01-19,002024.SZ,002024.SZ,1.772983590905306,1.7935996791716469,1.7626755467721358,1.772983590905306,121775.03,20976930.0
2024-01-22,002024.SZ,002024.SZ,1.7832912079027552,1.793599249566933,1.7111349162535108,1.7214429579176886,195262.5,33132398.0
2024-01-23,002024.SZ,002024.SZ,1.7214429169309517,1.7420589997684484,1.7008268340934554,1.7317509583497,168426.44,28153362.0
2024-01-24,002024.SZ,002024.SZ,1.7317513658205137,1.762675497353023,1.7111352781321743,1.7523674535088534,154959.77,26117956.0
2024-01-25,002024.SZ,002024.SZ,1.7523673522159366,1.793599525209253,1.7420593089676077,1.783291481960924,182518.78,31328765.0
2024-01-26,002024.SZ,002024.SZ,1.772983438712595,1.793599525209253,1.7626753954642658,1.783291481960924,146074.43,25254798.0
2024-01-29,002024.SZ,002024.SZ,1.7832921889463045,1.7936002362812542,1.7420599996065056,1.7420599996065056,141536.15,24192754.0
2024-01-30,002024.SZ,002024.SZ,1.742060849647831,1.752368902012611,1.7111366925534908,1.7111366925534905,148946.39,24938863.0
2024-01-31,002024.SZ,002024.SZ,1.7111373685581095,1.7420615378694007,1.6699051428097216,1.6699051428097216,220373.69,36239299.0
2024-02-01,002024.SZ,002024.SZ,1.6595965470035714,1.6802126531775285,1.638980440829614,1.6492884939165928,145353.71,23416790.0
2024-02-02,002024.SZ,002024.SZ,1.649288493916593,1.6699046000905504,1.5668240692207633,1.5771321223077421,279702.03,43530001.0
2024-02-05,002024.SZ,002024.SZ,1.556515329119819,1.5668233776570364,1.494667037896515,1.494667037896515,329479.0,48097535.0
2024-02-06,002024.SZ,002024.SZ,1.463742892284863,1.5152831349709497,1.4225106981359934,1.494667037896515,275123.92,39174096.0
2024-02-07,002024.SZ,002024.SZ,1.4946663632204216,1.525590494873258,1.484358319336143,1.4843583193361427,205997.05,30070947.0
2024-02-08,002024.SZ,002024.SZ,1.4946668415136575,1.5565151246107745,1.4843587943308048,1.5462070774279215,220452.73,32622801.0
2024-02-19,002024.SZ,002024.SZ,1.5565151246107745,1.6080553605250385,1.5462070774279217,1.5771312189764801,229635.86,35201415.0
2024-02-20,002024.SZ,002024.SZ,1.577131381777122,1.6183635747647591,1.5565152852833033,1.5977474782709404,153379.83,23692207.0
2024-02-21,002024.SZ,002024.SZ,1.6080561450007445,1.6492883538469174,1.5874400405776579,1.6080561450007445,235476.16,36995491.0
2024-02-22,002024.SZ,002024.SZ,1.5977480927892012,1.6183641972122875,1.5874400405776579,1.6080561450007445,183406.55,28523468.0
2024-02-23,002024.SZ,002024.SZ,1.608056104799341,1.6699044165223924,1.5977480528454988,1.6492883126147087,263332.77,41519789.0
2024-02-26,002024.SZ,002024.SZ,1.7008285723839185,1.7317527282454441,1.6905205204300764,1.7317527282454441,155412.95,25961818.0
2024-02-27,002024.SZ,002024.SZ,1.7729846872208206,1.803908838742114,1.7214444346853317,1.762676636713723,498494.94,85262893.0
2024-02-28,002024.SZ,002024.SZ,1.7420598517002988,1.7626759446198288,1.6699035264819433,1.6802115729417082,420744.92,70187345.0
2024-02-29,002024.SZ,002024.SZ,1.6595955806037226,1.7111358160261982,1.6595955806037226,1.7008277689417033,190804.35,31286051.0
2024-03-01,002024.SZ,002024.SZ,1.700827768941703,1.7214438631106934,1.690519721857208,1.7008277689417033,160453.19,26517883.0
2024-03-04,002024.SZ,002024.SZ,1.7111361215861651,1.7832924640626904,1.7111361215861651,1.731752219436601,227978.1,38561188.0
2024-03-05,002024.SZ,002024.SZ,1.7214444209032624,1.731752471327833,1.6905202696295512,1.7008283200541217,180980.0,29974380.0
2024-03-06,002024.SZ,002024.SZ,1.6905199153288961,1.742060156649899,1.6905199153288961,1.7214440601214978,171295.76,28562703.0
2024-03-07,002024.SZ,002024.SZ,1.7111360530894906,1.7523682471398399,1.7008280045769033,1.7111360530894906,142328.12,23812100.0
2024-03-08,002024.SZ,002024.SZ,1.7111360530894906,1.7214441016020778,1.690519956064316,1.7111360530894906,87933.0,14531606.0
2024-03-11,002024.SZ,002024.SZ,1.7008278416233218,1.7317519841982913,1.7008278416233218,1.7214439366733016,109788.51,18304346.0
2024-03-12,002024.SZ,002024.SZ,1.7214438956865414,1.7523680375252217,1.7214438956865414,1.7317519429661015,142343.01,23946051.0
2024-03-13,002024.SZ,002024.SZ,1.7420606578614661,1.7420606578614661,1.7111365041716176,1.7214445554015672,124551.96,20869761.0
2024-03-14,002024.SZ,002024.SZ,1.7317526066315165,1.7420606578614661,1.7111365041716176,1.7214445554015672,114744.95,19199861.0
2024-03-15,002024.SZ,002024.SZ,1.7111364634302726,1.7420606163838317,1.7111364634302726,1.7317525653993118,132237.13,22099715.0
2024-03-18,002024.SZ,002024.SZ,1.731752565399312,1.7420606163838317,1.7111364634302726,1.7317525653993118,129179.64,21610860.0
2024-03-19,002024.SZ,002024.SZ,1.7214447648067213,1.7317528172905938,1.6905206073551036,1.7008286598389761,189854.15,31437888.0
2024-03-20,002024.SZ,002024.SZ,1.690521269305944,1.7214454388664184,1.690521269305944,1.7111373823462603,130877.55,21695211.0
2024-03-21,002024.SZ,002024.SZ,1.711137548274734,1.711137548274734,1.6905214332352794,1.7008294907550066,93931.79,15505146.0
2024-03-22,002024.SZ,002024.SZ,1.7008298559637929,1.7008298559637929,1.6699056767644513,1.6802137364975651,151666.65,24759162.0
2024-03-25,002024.SZ,002024.SZ,1.6699056767644513,1.7214459754300206,1.6595976170313376,1.6802137364975651,161455.66,26418648.0
2024-03-26,002024.SZ,002024.SZ,1.6699055730436019,1.6802136321364634,1.6492894548578783,1.65959751395074,131985.0,21286649.0
2024-03-27,002024.SZ,002024.SZ,1.6699054017712354,1.6699054017712354,1.6080570535574858,1.6080570535574858,179024.7,28396617.0
2024-03-28,002024.SZ,002024.SZ,1.597749764059352,1.6389820160350774,1.597749764059352,1.6286739530411463,138244.53,21767560.0
2024-03-29,002024.SZ,002024.SZ,1.6389818304899435,1.6492898923169244,1.618365706835982,1.6389818304899435,134923.34,21358976.0
2024-04-01,002024.SZ,002024.SZ,1.638982451470637,1.6699066486681962,1.6286743857381172,1.6595985829356765,161381.79,25818880.0
2024-04-02,002024.SZ,002024.SZ,1.65959888373792,1.65959888373792,1.6389827485362067,1.6492908161370632,104208.8,16659601.999999998
2024-04-03,002024.SZ,002024.SZ,1.6389827485362067,1.6492908161370634,1.62867468093535,1.6389827485362067,90071.0,14313590.0
2024-04-08,002024.SZ,002024.SZ,1.628674555652682,1.6389826224606103,1.6080584220368253,1.6080584220368253,106090.0,16687887.999999998
2024-04-09,002024.SZ,002024.SZ,1.6080591955332812,1.6389834108319983,1.6080591955332812,1.6286753390657593,103283.18,16272311.0
2024-04-10,002024.SZ,002024.SZ,1.6286757149139144,1.6286757149139144,1.5874434183338153,1.608059566623865,124476.18,19409505.0
2024-04-11,002024.SZ,002024.SZ,1.59775149247884,1.6183676407688896,1.5874434183338153,1.608059566623865,91119.0,14192796.0
2024-04-12,002024.SZ,002024.SZ,1.6080602813170055,1.690524911128134,1.6080602813170055,1.669908753675352,345731.2,56007812.0
2024-04-15,002024.SZ,002024.SZ,1.6080600738253563,1.6286762286179892,1.5874439190327236,1.59775199642904,296296.5,46125368.0
2024-04-16,002024.SZ,002024.SZ,1.5771356807041785,1.5771356807041785,1.515287222637348,1.515287222637348,253256.19,37555051.0
2024-04-17,002024.SZ,002024.SZ,1.515287800839051,1.5668282022281343,1.5049797205612343,1.5668282022281346,159449.11,24002012.0
2024-04-18,002024.SZ,002024.SZ,1.5668282022281343,1.5874443627837678,1.5565201219503177,1.5668282022281346,131124.61,19992182.0
2024-04-19,002024.SZ,002024.SZ,1.5565200394856755,1.5668281192173688,1.5462119597539825,1.5565200394856757,80584.0,12164062.0
2024-04-22,002024.SZ,002024.SZ,1.5462112072641618,1.5668273566943507,1.5359031325490675,1.546211207264162,100030.86,15041148.0
2024-04-23,002024.SZ,002024.SZ,1.5462112072641618,1.5668273566943507,1.5462112072641618,1.546211207264162,66014.0,9939838.0
2024-04-24,002024.SZ,002024.SZ,1.5462117192546279,1.556519797382992,1.5359036411262639,1.5565197973829923,108451.54,16262196.0
2024-04-25,002024.SZ,002024.SZ,1.5462109667649249,1.5874432592119894,1.5359028936531587,1.5462109667649246,157078.69,23720916.0
2024-04-26,002024.SZ,002024.SZ,1.556518527863849,1.5668265975848015,1.5359023884219436,1.5668265975848017,184030.01,27727196.0
2024-04-29,002024.SZ,002024.SZ,1.5565188471497007,1.6183672781622715,1.5565188471497007,1.608059206326843,270901.28,41907619.0
2024-04-30,002024.SZ,002024.SZ,1.5874426891399713,1.608058827959971,1.556518480909972,1.5771346197299716,242507.45,37121294.0
2024-05-06,002024.SZ,002024.SZ,1.577134701659043,1.5977508415500108,1.577134701659043,1.5874427716045267,127305.97,19600145.0
2024-05-07,002024.SZ,002024.SZ,1.5874419830708628,1.5977500478959983,1.5668258534205919,1.5771339182457271,107779.58,16517337.0
2024-05-08,002024.SZ,002024.SZ,1.577133835238679,1.5874418995212847,1.5668257709560731,1.5668257709560731,108818.87,16600045.999999998
2024-05-09,002024.SZ,002024.SZ,1.577133835238679,1.5874418995212847,1.5565177066734674,1.5668257709560731,139558.38,21277149.0
2024-05-10,002024.SZ,002024.SZ,1.5668256879454363,1.5771337516819193,1.54620956047247,1.5565176242089531,172400.02,26118155.0
2024-05-13,002024.SZ,002024.SZ,1.5462088500518614,1.556516909052207,1.515284673050824,1.5255927320511697,198686.38,29453040.0
2024-05-14,002024.SZ,002024.SZ,1.5255927320511697,1.5359007910515154,1.515284673050824,1.5255927320511697,84081.45,12455662.0
2024-05-15,002024.SZ,002024.SZ,1.5255931006507557,1.5565172851234061,1.5152850391598722,1.5359011621416392,137352.51,20477304.0
2024-05-16,002024.SZ,002024.SZ,1.5359011621416392,1.5668253466142896,1.5255931006507557,1.5359011621416392,141261.18,21181915.0
2024-05-17,002024.SZ,002024.SZ,1.5152847608422124,1.5255928204397784,1.5049767012446462,1.5152847608422122,209897.21,30863811.0
2024-05-20,002024.SZ,002024.SZ,1.5255932430702217,1.546209367976576,1.5049771181638674,1.5255932430702217,135402.0,20006962.0
2024-05-21,002024.SZ,002024.SZ,1.515284809526796,1.5255928694555496,1.5049767495980422,1.5152848095267961,85935.11,12603055.0
2024-05-22,002024.SZ,002024.SZ,1.5049763269675855,1.51528438400161,1.5049763269675855,1.5049763269675853,100420.19,14684139.0
2024-05-23,002024.SZ,002024.SZ,1.5049767297077288,1.5049767297077288,1.4534364307451353,1.4637444905376542,227827.53,32581645.0
2024-05-24,002024.SZ,002024.SZ,1.4637441220425378,1.484360236437503,1.453436064845055,1.4740521792400203,114645.6,16363600.0
2024-05-27,002024.SZ,002024.SZ,1.4740521896206695,1.4843602468907442,1.4534360750805204,1.4637441323505949,130665.05,18565344.0
2024-05-28,002024.SZ,002024.SZ,1.463744132350595,1.4740521896206695,1.4534360750805204,1.4637441323505949,103218.06,14651568.0
2024-05-29,002024.SZ,002024.SZ,1.463744132350595,1.4740521896206695,1.4534360750805204,1.4637441323505949,70801.0,10042485.0
2024-05-30,002024.SZ,002024.SZ,1.4740521896206695,1.4740521896206695,1.463744132350595,1.4637441323505949,81361.41,11574829.0
2024-05-31,002024.SZ,002024.SZ,1.4637444755733566,1.5255928336961746,1.4637444755733566,1.4946686546347656,190168.97,27574973.0
2024-06-03,002024.SZ,002024.SZ,1.4843609107690325,1.4843609107690325,1.43282060136733,1.453436725128011,205512.45,29059029.0
2024-06-04,002024.SZ,002024.SZ,1.4431286632476705,1.4534367251280111,1.4225125394869895,1.453436725128011,149540.75,20877961.0
2024-06-05,002024.SZ,002024.SZ,1.4431292446520239,1.4534373106852525,1.432821178618795,1.4328211786187952,113042.78,15783331.0
2024-06-06,002024.SZ,002024.SZ,1.4328207444305594,1.4431288073401318,1.360664304063553,1.3606643040635529,446518.03,59548907.0
2024-06-07,002024.SZ,002024.SZ,1.3606636561281698,1.3812797721301118,1.288507250121373,1.298815308122344,551295.42,70149053.0
2024-06-11,002024.SZ,002024.SZ,1.288507250121373,1.3091233661233148,1.247275018117489,1.298815308122344,281791.84,34886625.0
2024-06-12,002024.SZ,002024.SZ,1.298815287828355,1.3400475191879853,1.2885072299884472,1.31943140350817,199796.15,25654412.0
2024-06-13,002024.SZ,002024.SZ,1.3503562367435946,1.370972362495405,1.329740110991784,1.3503562367435946,234853.27,30831426.0
2024-06-14,002024.SZ,002024.SZ,1.3503556758263886,1.3503556758263886,1.3194315000441048,1.340047617232294,112312.51,14512145.0
2024-06-17,002024.SZ,002024.SZ,1.340048032750935,1.340048032750935,1.3194319091701514,1.329739970960543,86763.44,11201517.0
2024-06-18,002024.SZ,002024.SZ,1.340048032750935,1.3503560945413269,1.329739970960543,1.329739970960543,85508.64,11103209.0
2024-06-19,002024.SZ,002024.SZ,1.329739887851795,1.340047948997933,1.319431826705657,1.319431826705657,104996.28,13526566.0
2024-06-20,002024.SZ,002024.SZ,1.319431826705657,1.329739887851795,1.2678915209749673,1.2781995821211052,221559.88,27689160.0
2024-06-21,002024.SZ,002024.SZ,1.2781995821211052,1.2988157044133812,1.2575834598288294,1.2781995821211052,112898.4,13986067.0
2024-06-24,002024.SZ,002024.SZ,1.2678916499130883,1.2678916499130883,1.2163513389410117,1.2163513389410114,321504.0,38199507.0
2024-06-25,002024.SZ,002024.SZ,1.1648115895742515,1.1957357910673734,1.1545035224098779,1.1545035224098779,458503.19,51532116.0
2024-06-26,002024.SZ,002024.SZ,1.2163514306088974,1.2163514306088974,1.2163514306088974,1.2163514306088974,73229.39,8641068.0
2024-06-27,002024.SZ,002024.SZ,1.278199251801068,1.278199251801068,1.2678911933188013,1.278199251801068,216974.93,26899447.0
2024-06-28,002024.SZ,002024.SZ,1.3297400802314427,1.3400481428688957,1.2988158923190836,1.3297400802314427,587959.02,75464636.0
2024-07-01,002024.SZ,002024.SZ,1.340048225333397,1.3606643518769876,1.28850790897442,1.340048225333397,322290.42,41476882.0
2024-07-02,002024.SZ,002024.SZ,1.3400486408522265,1.3606647737884148,1.3194325079160385,1.3297405743841324,203946.0,26443680.0
2024-07-03,002024.SZ,002024.SZ,1.3194325079160385,1.3709728402565087,1.3194325079160385,1.3297405743841324,297937.92,38873893.0
2024-07-04,002024.SZ,002024.SZ,1.3297404912753465,1.3297404912753465,1.288508227979987,1.3194324254515066,230332.46,29175509.0
2024-07-05,002024.SZ,002024.SZ,1.3091243596276667,1.3194324254515066,1.2988162938038268,1.3194324254515066,120921.18,15371529.0
2024-07-08,002024.SZ,002024.SZ,1.3091236893559945,1.3194317499021049,1.2678914471715539,1.2885075682637743,205688.96,25619678.0
2024-07-09,002024.SZ,002024.SZ,1.278199507717664,1.2988156288098844,1.2575833866254436,1.2885075682637743,185027.64,22975595.0
2024-07-10,002024.SZ,002024.SZ,1.2885075682637743,1.2988156288098844,1.2678914471715539,1.278199507717664,127216.78,15791869.0
2024-07-11,002024.SZ,002024.SZ,1.288507487732051,1.3194316674376203,1.2781994278301945,1.3194316674376203,184651.06,23340782.0
2024-07-12,002024.SZ,002024.SZ,1.309124247107603,1.3606645717968788,1.298816182169748,1.3503565068590235,216704.36,28054512.0
2024-07-15,002024.SZ,002024.SZ,1.3400483568387276,1.3400483568387276,1.2885080354218534,1.2988160997052283,241299.36,30690427.0
2024-07-16,002024.SZ,002024.SZ,1.309124163988603,1.309124163988603,1.2885080354218534,1.2988160997052283,133166.0,16801400.0
2024-07-17,002024.SZ,002024.SZ,1.2885074068813485,1.2988154661363993,1.2678912883712468,1.267891288371247,152396.27,18926402.0
2024-07-18,002024.SZ,002024.SZ,1.2678910855086405,1.3091233159316857,1.2369669126913565,1.2885072007201632,191017.19,23523515.0
2024-07-19,002024.SZ,002024.SZ,1.2885072007201634,1.2885072007201634,1.2678910855086407,1.278199143114402,81685.7,10128979.0
2024-07-22,002024.SZ,002024.SZ,1.2781985196026249,1.2885065721800655,1.2575824144477439,1.2678904670251843,119339.8,14720930.0
2024-07-23,002024.SZ,002024.SZ,1.2678904670251843,1.3091226773349465,1.2678904670251843,1.2678904670251843,147644.37,18436470.0
2024-07-24,002024.SZ,002024.SZ,1.2575826223126054,1.2781987308751073,1.2472745680313546,1.2472745680313546,108228.01,13219850.0
2024-07-25,002024.SZ,002024.SZ,1.247273995511881,1.278198144160936,1.236965945962196,1.257582045061566,106833.87,13022484.0
2024-07-26,002024.SZ,002024.SZ,1.2575823926858711,1.2885065498830648,1.2575823926858711,1.2678904450849358,101903.58,12574744.0
2024-07-29,002024.SZ,002024.SZ,1.2988139981823144,1.329738140996179,1.2988139981823144,1.329738140996179,355206.86,45728494.0
2024-07-30,002024.SZ,002024.SZ,1.309121963966808,1.3400461048479138,1.2988139170064394,1.3194300109271766,297688.94,37966390.0
2024-07-31,002024.SZ,002024.SZ,1.309121963966808,1.3503541518082822,1.309121963966808,1.3400461048479138,252392.14,32679208.0
2024-08-01,002024.SZ,002024.SZ,1.3400461048479138,1.360662198768651,1.329738057887545,1.3400461048479138,203230.0,26538776.0
2024-08-02,002024.SZ,002024.SZ,1.329738057887545,1.3503541518082822,1.3194300109271766,1.3400461048479138,147574.17,19157619.0
2024-08-05,002024.SZ,002024.SZ,1.3400465203660856,1.36066262067941,1.3297384702094233,1.3297384702094235,188974.55,24634380.0
2024-08-06,002024.SZ,002024.SZ,1.3400466840358898,1.3606627868672112,1.3297386326202292,1.3503547354515504,143142.45,18636175.0
2024-08-07,002024.SZ,002024.SZ,1.3503547354515506,1.370970838282872,1.3400466840358898,1.3503547354515504,129516.13,16992909.0
2024-08-08,002024.SZ,002024.SZ,1.3400469229589418,1.350354976212472,1.319430816451881,1.3297388697054113,205363.41,26597876.0
2024-08-09,002024.SZ,002024.SZ,1.340047086628795,1.391587359191441,1.3297390321162659,1.3503551411413242,265322.34,35000743.0
2024-08-12,002024.SZ,002024.SZ,1.3400467620861412,1.3503548141021884,1.2781984499898578,1.3194306580540467,334195.51,42630357.0
2024-08-13,002024.SZ,002024.SZ,1.3091226060379995,1.3194306580540467,1.2988145540219522,1.3194306580540467,87665.0,11135560.0
2024-08-14,002024.SZ,002024.SZ,1.3194306580540467,1.3194306580540467,1.2988145540219522,1.2988145540219522,89353.0,11325013.0
2024-08-15,002024.SZ,002024.SZ,1.2988151880889,1.329739359233874,1.2885071310405753,1.3091232451372246,118788.5,15063358.0
2024-08-16,002024.SZ,002024.SZ,1.3091232870291685,1.3194313444073509,1.2885071722728036,1.2885071722728036,91612.36,11554842.0
2024-08-19,002024.SZ,002024.SZ,1.2885071722728036,1.3091232870291685,1.2885071722728036,1.298815229650986,70162.52,8842476.0
2024-08-20,002024.SZ,002024.SZ,1.2988145854386322,1.3091226377040182,1.2885065331732461,1.2885065331732461,77617.46,9733331.0
2024-08-21,002024.SZ,002024.SZ,1.2885065331732461,1.2988145854386322,1.2781984809078601,1.2885065331732461,52869.75,6611427.0
2024-08-22,002024.SZ,002024.SZ,1.2885065331732461,1.2988145854386322,1.2678904286424741,1.2781984809078601,100210.01,12477765.0
2024-08-23,002024.SZ,002024.SZ,1.2781984809078601,1.2885065331732461,1.2678904286424741,1.2781984809078601,56872.16,7061724.0
2024-08-26,002024.SZ,002024.SZ,1.2885064526415877,1.3400467107472511,1.2885064526415877,1.3194306075049858,165370.97,21136927.0
2024-08-27,002024.SZ,002024.SZ,1.3503547623683838,1.3606628139895167,1.3194306075049858,1.3194306075049858,163207.0,21178085.0
2024-08-28,002024.SZ,002024.SZ,1.3091225558838533,1.360662813989517,1.3091225558838533,1.3400467107472513,166022.01,21550014.0
2024-08-29,002024.SZ,002024.SZ,1.340046811502643,1.3915870734835138,1.3297387591064689,1.3709709686911655,253546.5,33593133.0
2024-08-30,002024.SZ,002024.SZ,1.3709715170795533,1.4018956866377388,1.350355404040763,1.3915876301183434,305491.45,40859274.0
2024-09-02,002024.SZ,002024.SZ,1.4018962620426847,1.4018962620426847,1.370972079791743,1.3812801405420567,210406.76,28226298.0
2024-09-03,002024.SZ,002024.SZ,1.3709724175674731,1.4431288605973398,1.350356290987511,1.4225127340173778,348623.99,47503796.0
2024-09-04,002024.SZ,002024.SZ,1.412205206746688,1.4225132739492183,1.3915890723416269,1.412205206746688,161714.3,22066416.0
2024-09-05,002024.SZ,002024.SZ,1.4018977749363863,1.4534381343090474,1.4018977749363863,1.4328219905599828,209909.72,29095301.0
2024-09-06,002024.SZ,002024.SZ,1.4225146247507532,1.4637469327145431,1.4018984707688584,1.412206547759806,244214.17,33844651.0
2024-09-09,002024.SZ,002024.SZ,1.4018978165495721,1.422513960910595,1.3915897443690604,1.3915897443690606,129362.45,17665359.0
2024-09-10,002024.SZ,002024.SZ,1.4018983919553922,1.412206468366829,1.370974162721082,1.3812822391325188,111172.46,14951150.0
2024-09-11,002024.SZ,002024.SZ,1.381282668864771,1.4018988281015587,1.3606665096279833,1.3915907484831649,147666.69,19816308.0
2024-09-12,002024.SZ,002024.SZ,1.3915913196584717,1.3915913196584717,1.3709751519598277,1.3812832358091498,70895.51,9513034.0
2024-09-13,002024.SZ,002024.SZ,1.3812827996144437,1.3915908802085812,1.3606666384261683,1.370974719020306,97404.44,12988238.0
2024-09-18,002024.SZ,002024.SZ,1.3812822714769029,1.4328226547409664,1.3812822714769029,1.4018984247825284,176237.56,24047474.0
2024-09-19,002024.SZ,002024.SZ,1.4018985873214767,1.4431308987132845,1.3915905094735246,1.4225147430173803,180000.17,24839239.0
2024-09-20,002024.SZ,002024.SZ,1.4225145614197534,1.4740549440798894,1.4225145614197534,1.453438791015835,244726.15,34484233.0
2024-09-23,002024.SZ,002024.SZ,1.4534393765739093,1.474055537943752,1.4328232152040667,1.4328232152040665,159078.64,22348698.0
2024-09-24,002024.SZ,002024.SZ,1.4328235885453267,1.4740559220286453,1.4225155051744969,1.4637478386578158,229696.53,32287309.0
2024-09-25,002024.SZ,002024.SZ,1.4740559220286453,1.4946720887703047,1.4637478386578155,1.4637478386578158,299768.0,42870984.0
2024-09-26,002024.SZ,002024.SZ,1.4637485502019039,1.4843647269653109,1.4431323734384967,1.484364726965311,293517.92,41671679.0
2024-09-27,002024.SZ,002024.SZ,1.5049805805113425,1.5462129251828862,1.4946724943434566,1.5359048390150003,444020.43,65252968.0
2024-09-30,002024.SZ,002024.SZ,1.5668292983941832,1.608061648351925,1.5565212109047477,1.608061648351925,691884.34,107011373.0
2024-10-08,002024.SZ,002024.SZ,1.6905262658027085,1.6905262658027085,1.6183696568964954,1.6905262658027085,838270.63,136336421.0
2024-10-09,002024.SZ,002024.SZ,1.6802190404664545,1.6802190404664545,1.6080623945568524,1.6080623945568524,575187.39,91215442.0
2024-10-10,002024.SZ,002024.SZ,1.5977539263418636,1.6286781958839642,1.566829656799763,1.5771377466471297,386344.84,59831465.0
2024-10-11,002024.SZ,002024.SZ,1.5874458364944968,1.6286781958839642,1.5565215669523962,1.5771377466471297,332509.29,51357705.0
2024-10-14,002024.SZ,002024.SZ,1.5771379094484455,1.6080621821827286,1.5771379094484455,1.5977540912713009,222825.79,34360939.0
2024-10-15,002024.SZ,002024.SZ,1.5771386405719798,1.5874467362619926,1.546214353501941,1.5565224491919538,229141.79,34896768.0
2024-10-16,002024.SZ,002024.SZ,1.535905510337549,1.5565216916843618,1.535905510337549,1.5462136010109555,181963.25,27252686.0
2024-10-17,002024.SZ,002024.SZ,1.5565211693616463,1.5668292565759618,1.535904994933015,1.5359049949330152,175567.1,26352686.0
2024-10-18,002024.SZ,002024.SZ,1.5462133586225177,1.577137625794968,1.5255971805075508,1.5565214476800011,264968.85,39865051.0
2024-10-21,002024.SZ,002024.SZ,1.5565214476800011,1.5668295367374847,1.5462133586225177,1.5565214476800011,178384.05,26935901.0
2024-10-22,002024.SZ,002024.SZ,1.5668302285842928,1.5874464158025072,1.5565221349751857,1.5874464158025072,187859.01,28692875.0
2024-10-23,002024.SZ,002024.SZ,1.6492948960104847,1.6699110822106158,1.6286787098103537,1.669911082210616,395955.53,63961386.0
2024-10-24,002024.SZ,002024.SZ,1.690526718989385,1.690526718989385,1.6286781804897734,1.649294359989644,439543.4,70684112.0
2024-10-25,002024.SZ,002024.SZ,1.649294359989644,1.6699105394895146,1.6389862702397087,1.6596024497395794,268790.17,43243530.0
2024-10-28,002024.SZ,002024.SZ,1.669909837929466,1.7420664358646896,1.659601752510148,1.7420664358646896,471670.75,78995287.0
2024-10-29,002024.SZ,002024.SZ,1.7626817766027953,1.8142221794274385,1.7214494543430807,1.7729898571677238,564261.35,96808622.0
2024-10-30,002024.SZ,002024.SZ,1.7729902578433974,1.8657630038933428,1.7626821749489592,1.8245306723155894,700432.24,125198720.0
2024-10-31,002024.SZ,002024.SZ,1.8554541129782132,1.9173025834108204,1.8245298777619097,1.9173025834108204,917450.49,168831557.0
2024-11-01,002024.SZ,002024.SZ,1.9276101080275567,1.9791504852475446,1.8554535799195733,1.8657616553635707,997074.4,185132263.0
2024-11-04,002024.SZ,002024.SZ,1.8657608692280416,1.8760689403287492,1.8142205137245047,1.8348366559259195,504747.92,89845240.0
2024-11-05,002024.SZ,002024.SZ,1.8245289360713568,1.927609666922846,1.8245289360713568,1.9276096669228457,602471.99,111312260.0
2024-11-06,002024.SZ,002024.SZ,1.937916948170638,1.9791492236636303,1.906992741550894,1.9173008104241422,617280.8,115681373.0
2024-11-07,002024.SZ,002024.SZ,1.906992565520795,2.0100732447381353,1.886376429677327,2.0100732447381353,605101.36,116088267.0
2024-11-08,002024.SZ,002024.SZ,2.092537686036993,2.113153820874796,2.061613483780289,2.113153820874796,1011216.59,206578001.0
2024-11-11,002024.SZ,002024.SZ,2.1440770258859088,2.216233464257069,2.092536712763651,2.216233464257069,590195.2,124222548.0
2024-11-12,002024.SZ,002024.SZ,2.3296226169888534,2.3296226169888534,2.2883903582810867,2.3296226169888534,833995.04,188307269.0
2024-11-13,002024.SZ,002024.SZ,2.4017779749630335,2.4017779749630335,2.2162328953521553,2.2162328953521553,1560453.63,345236884.0
2024-11-14,002024.SZ,002024.SZ,2.1543840602499795,2.1853082333636156,2.102843771727253,2.102843771727253,949662.22,196412749.0
2024-11-15,002024.SZ,002024.SZ,2.051303154995969,2.1234595473827618,2.0409950989407126,2.061611211051225,712199.39,143767237.0
2024-11-18,002024.SZ,002024.SZ,2.071919267106481,2.113151491327506,2.020378986830201,2.030687042885457,564489.25,112983010.0
2024-11-19,002024.SZ,002024.SZ,2.0306861485414225,2.0513022515722996,1.9276056333870355,1.9894539424796676,681694.42,131018570.0
2024-11-20,002024.SZ,002024.SZ,1.9791450037608986,2.092533519601367,1.9688369568663107,2.092533519601367,355286.23,70847519.0
2024-11-21,002024.SZ,002024.SZ,2.154381110730065,2.1956132850981045,2.1028408927700157,2.1234569799540357,722652.03,150592878.0
2024-11-22,002024.SZ,002024.SZ,2.133764683842161,2.1853048935968027,2.061608390185663,2.0719164321365913,509990.27,104998636.0
2024-11-25,002024.SZ,002024.SZ,2.061607632241402,2.154379975692265,2.051299594080195,2.10283978488623,417906.59,84946669.0
2024-11-26,002024.SZ,002024.SZ,2.0925314968704862,2.102839533800883,2.061607386079297,2.0719154230096932,275757.5,55623881.0
2024-11-27,002024.SZ,002024.SZ,2.061606628135405,2.102838760698113,1.9997584292913426,2.102838760698113,370325.89,73645333.0
2024-11-28,002024.SZ,002024.SZ,2.1028388427601135,2.164687044017764,2.08222277567423,2.113146876303055,423473.27,86997151.0
2024-11-29,002024.SZ,002024.SZ,2.1131464718730313,2.185302692863818,2.102838440302919,2.1543785981534804,480278.85,99949362.0
2024-12-02,002024.SZ,002024.SZ,2.1543788244124196,2.25745915093933,2.144070791759729,2.25745915093933,657139.26,141216874.0
2024-12-03,002024.SZ,002024.SZ,2.2677663331793267,2.2883823907536844,2.1956101316690755,2.226534218030612,605065.67,130661245.0
2024-12-04,002024.SZ,002024.SZ,2.2059189736979725,2.319307332159083,2.1956109411105986,2.2368430714600933,640189.88,140586069.0
2024-12-05,002024.SZ,002024.SZ,2.22653503887272,2.257459136634841,2.1956109411105986,2.2368430714600933,393816.98,85169635.0
2024-12-06,002024.SZ,002024.SZ,2.2471503250350846,2.339922586160386,2.22653426700724,2.3193065281325413,588283.71,130856319.0
2024-12-09,002024.SZ,002024.SZ,2.391462731229998,2.4017707602439207,2.2986904701046966,2.3193065281325413,575482.14,130793873.0
2024-12-10,002024.SZ,002024.SZ,2.3914632747442552,2.3914632747442552,2.26776689846438,2.26776689846438,657003.78,148393118.0
2024-12-11,002024.SZ,002024.SZ,2.2368432038306256,2.329615502607011,2.2368432038306256,2.3089994362122592,458496.15,101612159.0
2024-12-12,002024.SZ,002024.SZ,2.2986917173658443,2.422388132650105,2.288383682758823,2.412080098043083,762007.59,174409650.0
2024-12-13,002024.SZ,002024.SZ,2.4017708995817575,2.4120789291936964,2.3296146922981853,2.339922721910124,646939.61,149195342.0
2024-12-16,002024.SZ,002024.SZ,2.3296156399380603,2.4533120455984885,2.3296156399380603,2.4326959779884167,1079875.53,255378791.0
2024-12-17,002024.SZ,002024.SZ,2.4120810733454445,2.4223891121204253,2.3090006855956395,2.3090006855956395,880868.43,200053455.0
2024-12-18,002024.SZ,002024.SZ,2.27807690062729,2.2883849409016217,2.226536699255632,2.2677688603529584,542209.62,118774180.0
2024-12-19,002024.SZ,002024.SZ,2.2471536082477166,2.267769696396778,2.216229476024124,2.2368455641731853,354182.65,76971229.0
2024-12-20,002024.SZ,002024.SZ,2.2471545214745254,2.2986947627927483,2.2471545214745254,2.25746256973817,376094.25,82805494.0
2024-12-23,002024.SZ,002024.SZ,2.2471552561211956,2.2471552561211956,2.144074739785361,2.144074739785361,637658.14,134846071.0
2024-12-24,002024.SZ,002024.SZ,2.1234578275815705,2.1749980661151036,2.1234578275815705,2.1646900184083973,281556.12,58723989.0
2024-12-25,002024.SZ,002024.SZ,2.1646905542227586,2.1749986044809617,2.0616100516407223,2.0822261521571295,534338.2,108360465.0
2024-12-26,002024.SZ,002024.SZ,2.0719171114210035,2.1337653834037202,2.0719171114210035,2.113149292742815,270471.17,55190119.0
2024-12-27,002024.SZ,002024.SZ,2.1028411453326896,2.1440733246529384,2.0822250556725654,2.1234572349928142,226435.11,46546074.0
2024-12-30,002024.SZ,002024.SZ,2.133764284065746,2.205920564203235,2.133764284065746,2.1646884041246697,400336.15,84183606.0
2024-12-31,002024.SZ,002024.SZ,2.1749955994854977,2.185303635502017,2.123455419402903,2.123455419402903,272971.33,56704132.0
2025-01-02,002024.SZ,002024.SZ,2.123455419402903,2.185303635502017,2.102839347369865,2.123455419402903,400778.67,83467320.0
2025-01-03,002024.SZ,002024.SZ,2.1131464701669116,2.1131464701669116,2.0306822176725934,2.051298280796173,386942.75,77516817.0
2025-01-06,002024.SZ,002024.SZ,2.030681963837316,2.051298024383888,1.9585257519243149,1.9791418124708868,418155.07,80695323.0
2025-01-07,002024.SZ,002024.SZ,1.9791424653836498,1.999758532731396,1.9688344317097766,1.999758532731396,184314.61,35529470.0
2025-01-08,002024.SZ,002024.SZ,2.0203740434453237,2.040990105113133,1.979141920109705,2.0203740434453237,271250.01,52894570.0
2025-01-09,002024.SZ,002024.SZ,2.0203741263324644,2.0306821575892626,1.9997580638188677,2.0100660950756657,178168.37,34848589.0
2025-01-10,002024.SZ,002024.SZ,2.010065726738947,2.020373756106839,1.9585255798994867,1.9688336092673786,232221.84,44752735.0
2025-01-13,002024.SZ,002024.SZ,1.9482167712445744,1.9688328217339348,1.927600720755214,1.9585247964892547,184905.01,34989044.0
2025-01-14,002024.SZ,002024.SZ,1.95852459765425,2.030680767041512,1.95852459765425,2.030680767041512,282478.52,54993840.0
2025-01-15,002024.SZ,002024.SZ,2.0203733230529397,2.030681350211373,1.999757268736073,2.010065295894506,162009.01,31661908.0
2025-01-16,002024.SZ,002024.SZ,2.0203740883458647,2.0616062125978214,2.010066057282876,2.0409901504718433,223423.0,44224009.0
2025-01-17,002024.SZ,002024.SZ,2.0306830892868817,2.0925313052042482,2.0306830892868817,2.0719152332317927,241422.02,48415000.0
2025-01-20,002024.SZ,002024.SZ,2.0822222534993524,2.1543784702047755,2.0616061915835173,2.1131463463731053,305084.28,62336892.0
2025-01-21,002024.SZ,002024.SZ,2.185302144838804,2.21622623179407,2.1337619999133604,2.1543780578835374,505614.25,106525528.0
2025-01-22,002024.SZ,002024.SZ,2.1337622942253605,2.1337622942253605,2.092530172597817,2.092530172597817,271411.28,55541861.0
2025-01-23,002024.SZ,002024.SZ,2.1131462334115887,2.1440703246322466,2.0822221421909317,2.092530172597817,254616.67,52147910.0
2025-01-24,002024.SZ,002024.SZ,2.0925297234693896,2.1234538080526812,2.0822216952749595,2.1131457798582507,215363.7,43914657.0
2025-01-27,002024.SZ,002024.SZ,2.1337617326664398,2.144069760360481,2.102837649584318,2.123453704972399,190318.76,39170064.0
2025-02-05,002024.SZ,002024.SZ,2.144070555235124,2.144070555235124,2.1131464606884633,2.1131464606884633,152050.14,31325010.0
2025-02-06,002024.SZ,002024.SZ,2.1131463581085375,2.133762420138865,2.1028383270933744,2.1234543891237014,190981.6,39191624.0
2025-02-07,002024.SZ,002024.SZ,2.113145582267363,2.154377691189653,2.113145582267363,2.133761636728508,319571.36,66003041.0
2025-02-10,002024.SZ,002024.SZ,2.1234527159654752,2.1337607388585114,2.040988532821185,2.0822206243933303,507828.16,102393305.0
2025-02-11,002024.SZ,002024.SZ,2.071913621839163,2.0822216498085124,2.0409895379311163,2.051297565900465,275638.31,54910453.0
2025-02-12,002024.SZ,002024.SZ,2.051297055627439,2.0822211318429282,2.040989030222276,2.0719131064377647,244408.53,48975496.0
2025-02-13,002024.SZ,002024.SZ,2.061605081032602,2.1028371826532544,2.051297055627439,2.0719131064377647,259822.57,52309236.0
2025-02-14,002024.SZ,002024.SZ,2.071913365426903,2.082221392120569,2.0512973120395706,2.0616053387332367,200206.66,40055742.0
2025-02-17,002024.SZ,002024.SZ,2.0616053387332363,2.0719133654269024,2.030681258652238,2.040989285345904,290231.18,57519114.0
2025-02-18,002024.SZ,002024.SZ,2.030681279373475,2.0512973329711754,2.020373252574625,2.020373252574625,192239.83,37919922.0
2025-02-19,002024.SZ,002024.SZ,2.02037308931214,2.0409891412438967,2.02037308931214,2.0409891412438967,115542.01,22768937.0
2025-02-20,002024.SZ,002024.SZ,2.0306821153119343,2.0512981773963195,2.0306821153119343,2.0512981773963195,150500.36,29809215.0
2025-02-21,002024.SZ,002024.SZ,2.0512981773963195,2.061606208438512,2.040990146354127,2.0512981773963195,160157.94,31882358.0
2025-02-24,002024.SZ,002024.SZ,2.051298921494678,2.13376319974572,2.0409908867132978,2.1028390954015794,378121.51,76945909.0
2025-02-25,002024.SZ,002024.SZ,2.092530725815229,2.092530725815229,2.061606626418945,2.061606626418945,212187.33,42794449.0
2025-02-26,002024.SZ,002024.SZ,2.0719146595510396,2.102838758947324,2.0719146595510396,2.0822226926831346,171478.71,34679402.0
2025-02-27,002024.SZ,002024.SZ,2.0822216669576705,2.1028377230661626,2.0822216669576705,2.0925296950119163,192122.82,38977575.0
2025-02-28,002024.SZ,002024.SZ,2.102838417002611,2.102838417002611,2.06160629117903,2.06160629117903,224860.0,45328745.0
2025-03-03,002024.SZ,002024.SZ,2.06160629117903,2.071914322634925,2.0409902282672396,2.051298259723135,155961.4,31144657.0
2025-03-04,002024.SZ,002024.SZ,2.0409902282672396,2.051298259723135,2.0306821968113447,2.051298259723135,112995.67,22407699.0
2025-03-05,002024.SZ,002024.SZ,2.051297498102494,2.113145663874428,2.040989470473838,2.082221580988461,251288.87,50639927.0
2025-03-06,002024.SZ,002024.SZ,2.082221580988461,2.0925296086171166,2.071913553359805,2.082221580988461,219275.94,44285511.0
2025-03-07,002024.SZ,002024.SZ,2.082221580988461,2.113145663874428,2.071913553359805,2.082221580988461,235133.68,47694263.0
2025-03-10,002024.SZ,002024.SZ,2.0822205552635444,2.1028366003651637,2.0719125327127346,2.092528577814354,123360.24,25011346.0
2025-03-11,002024.SZ,002024.SZ,2.0822205552635444,2.092528577814354,2.0719125327127346,2.092528577814354,151415.89,30600775.0
2025-03-12,002024.SZ,002024.SZ,2.0925288455786744,2.1853010604072862,2.082220821708829,2.17499303653744,576979.91,120199792.0
2025-03-13,002024.SZ,002024.SZ,2.1646857139035847,2.236841904367037,2.144069659485455,2.1956097955307783,494302.86,105191556.0
2025-03-14,002024.SZ,002024.SZ,2.205917080656889,2.2574571993638255,2.205917080656889,2.236841151881051,425906.98,92312189.0
2025-03-17,002024.SZ,002024.SZ,2.2574581167779386,2.2780741726389246,2.216226005055967,2.2574581167779386,391641.07,85426926.0
2025-03-18,002024.SZ,002024.SZ,2.2574575448885486,2.3502297727606805,2.236841494250297,2.3193056968033035,556805.53,124078006.0
2025-03-19,002024.SZ,002024.SZ,2.3089984515509583,2.319306480352525,2.278074365146258,2.288382393947825,393429.44,87555995.0
2025-03-20,002024.SZ,002024.SZ,2.298691409311805,2.40177174156794,2.298691409311805,2.4017717415679396,934913.4,215730023.0
2025-03-21,002024.SZ,002024.SZ,2.4017707658481693,2.4017707658481693,2.2986904754684194,2.3089985045063948,814813.86,185137682.0
2025-03-24,002024.SZ,002024.SZ,2.319306533544369,2.3811547077722195,2.2677663883544947,2.3089985045063948,540819.16,121961027.0
2025-03-25,002024.SZ,002024.SZ,2.308999147010327,2.3914634022606958,2.288383083197735,2.3708473384481032,528370.9,120241149.0
2025-03-26,002024.SZ,002024.SZ,2.3811553703543997,2.412079466073288,2.350231274635511,2.3708473384481032,424284.24,97888912.0
2025-03-27,002024.SZ,002024.SZ,2.3708484873168567,2.381156524218235,2.3296163397113463,2.339924376612724,415450.84,94714401.0
2025-03-28,002024.SZ,002024.SZ,2.3296156650713207,2.3296156650713207,2.236843359825118,2.278075495490097,558814.72,123153419.0
2025-03-31,002024.SZ,002024.SZ,2.164686565777573,2.164686565777573,2.164686565777573,2.164686565777573,103525.0,21740250.0
2025-04-01,002024.SZ,002024.SZ,2.0616063562018105,2.0616063562018105,2.0616063562018105,2.0616063562018105,112274.0,22454800.0
2025-04-02,002024.SZ,002024.SZ,1.968834070172729,2.0512983244208014,1.968834070172729,1.9997581655157564,947716.64,183762032.0
2025-04-03,002024.SZ,002024.SZ,1.9379103644623952,1.9688344660229653,1.927602330608872,1.9482183983159185,617861.61,116779387.0
2025-04-07,002024.SZ,002024.SZ,1.865754220775438,1.8863702895132883,1.855446186406513,1.855446186406513,404821.23,73070350.0
2025-04-08,002024.SZ,002024.SZ,1.8142144612521873,1.845138571387168,1.783290351117207,1.8142144612521875,463205.23,81812905.0
2025-04-09,002024.SZ,002024.SZ,1.8039070731360958,1.845139234807778,1.7214427497927314,1.8348311943898574,491730.91,84977096.0
2025-04-10,002024.SZ,002024.SZ,1.8657554796660647,1.9172956862866741,1.8348313556936988,1.8760635209901864,443988.03,81110025.0
2025-04-11,002024.SZ,002024.SZ,1.8554483508570763,1.9069885828253283,1.8451403044634258,1.8863724900380276,225891.03,41239766.0
2025-04-14,002024.SZ,002024.SZ,1.9069888623838642,1.9791451977173076,1.8966808144790865,1.96883714981253,398071.94,75164201.0
2025-04-15,002024.SZ,002024.SZ,1.9482214560168432,1.9585295060486783,1.9276053559531732,1.9482214560168432,245460.75,46260695.0
2025-04-16,002024.SZ,002024.SZ,1.9482214560168432,1.9894536561441838,1.9276053559531732,1.9482214560168432,255796.0,48354128.0
2025-04-17,002024.SZ,002024.SZ,1.9379134162930582,1.9585295164663885,1.917297316119728,1.937913416293058,173288.23,32691785.0
2025-04-18,002024.SZ,002024.SZ,1.9482206095702825,1.9791447462301284,1.927604518463719,1.9688367006768464,252629.26,47816242.0
2025-04-21,002024.SZ,002024.SZ,1.9688374800080406,1.9997616289086906,1.9585294303744907,1.9791455296415905,214965.41,41362000.0
2025-04-22,002024.SZ,002024.SZ,1.9791448629820434,1.9894529091434083,1.948220724497949,1.958528770659314,217682.01,41454872.0
2025-04-23,002024.SZ,002024.SZ,1.9688368168206787,1.9688368168206787,1.937912678336584,1.958528770659314,174346.19,33084072.999999996
2025-04-24,002024.SZ,002024.SZ,1.9585297132667434,1.9688377643892,1.9172975087769175,1.927605559899374,175762.2,33086076.0
2025-04-25,002024.SZ,002024.SZ,1.9276059758563637,1.9791462425904909,1.9276059758563637,1.9585301358968399,183089.53,34703662.0
2025-04-28,002024.SZ,002024.SZ,1.9585308425829715,2.040995299112781,1.9482227855167453,1.999763070847876,351052.35,68248129.0
2025-04-29,002024.SZ,002024.SZ,1.999762519892744,2.0306866825714978,1.9791464114402413,2.0203786283452465,297504.06,57987030.0
2025-04-30,002024.SZ,002024.SZ,1.9688388546047328,1.9894549682655156,1.9482227409439503,1.9585307977743418,307785.0,58731459.0
2025-05-06,002024.SZ,002024.SZ,1.9688385453630284,1.979146600574353,1.9482224349403787,1.9688385453630282,207027.93,39339628.0
2025-05-07,002024.SZ,002024.SZ,1.979146600574353,1.979146600574353,1.9482224349403787,1.9688385453630282,166950.01,31800078.0
2025-05-08,002024.SZ,002024.SZ,1.9585297067395075,1.9688377578276104,1.948221655651405,1.9585297067395075,120342.53,22879197.0
2025-05-09,002024.SZ,002024.SZ,1.9585300176172384,1.9688380703415398,1.948221964892937,1.9482219648929373,119054.0,22549815.0
2025-05-12,002024.SZ,002024.SZ,1.9585300073091858,1.9688380599792341,1.9482219546391375,1.9585300073091858,144126.0,27386752.0
2025-05-13,002024.SZ,002024.SZ,1.9791458017886367,2.010069954941584,1.9688377507376542,1.968837750737654,223747.05,43067564.0
2025-05-14,002024.SZ,002024.SZ,1.9688369632025537,1.9791450101303159,1.9482208693470298,1.9585289162747919,174547.51,33186125.999999996
2025-05-15,002024.SZ,002024.SZ,1.9585292271523977,1.9688372757163577,1.9482211785884378,1.9482211785884376,103093.04,19522893.0
2025-05-16,002024.SZ,002024.SZ,1.9482211785884378,1.9482211785884378,1.9379131300244776,1.9482211785884376,89654.51,16895327.0
2025-05-19,002024.SZ,002024.SZ,1.948221158188216,1.979145303556283,1.948221158188216,1.9688372551002606,178305.51,34007350.0
2025-05-20,002024.SZ,002024.SZ,1.9688372551002606,1.9894533520123052,1.9585292066442384,1.9688372551002606,159979.0,30615563.0
2025-05-21,002024.SZ,002024.SZ,1.9688364675653587,1.9688364675653587,1.948220378899753,1.9585284232325557,119871.51,22794862.0
2025-05-22,002024.SZ,002024.SZ,1.9585281156102903,2.0100683291789823,1.9482200728965517,1.9688361583240288,239378.52,46020406.0
2025-05-23,002024.SZ,002024.SZ,1.9688365645918073,1.9688365645918073,1.9379124300694228,1.9482204749102179,188081.0,35674401.0
2025-05-26,002024.SZ,002024.SZ,1.9482204749102177,1.9585285197510125,1.9379124300694228,1.9482204749102179,120154.15,22658319.0
2025-05-27,002024.SZ,002024.SZ,1.9379124507957588,1.9482204957468001,1.9172963608936764,1.927604405844718,195441.0,36569732.0
2025-05-28,002024.SZ,002024.SZ,1.9276044058447177,1.9379124507957588,1.9172963608936764,1.927604405844718,94784.0,17682880.0
2025-05-29,002024.SZ,002024.SZ,1.9276044058447177,1.9379124507957588,1.9069883159426353,1.927604405844718,104228.98,19472676.0
2025-05-30,002024.SZ,002024.SZ,1.9276036182214125,1.9276036182214125,1.9069875367431086,1.9172955774822604,114803.0,21310901.0
2025-06-03,002024.SZ,002024.SZ,1.906988196457716,1.9172962407628928,1.8966801521525392,1.9069881964577158,91032.35,16855269.0
2025-06-04,002024.SZ,002024.SZ,1.9069874275108625,1.9379115479569844,1.8966793873621552,1.91729546765957,127625.5,23769971.0
2025-06-05,002024.SZ,002024.SZ,1.9172948114728856,1.9379108847145294,1.9069867748520637,1.9276028480937075,134505.93,25092815.0
2025-06-06,002024.SZ,002024.SZ,1.927602060471038,1.937910092879974,1.917294028062102,1.9172940280621023,68749.0,12809362.0
2025-06-09,002024.SZ,002024.SZ,1.917294028062102,1.927602060471038,1.906985995653166,1.9172940280621023,119497.43,22240281.0
2025-06-10,002024.SZ,002024.SZ,1.9172946913421987,1.9276027273171565,1.9069866553672405,1.9069866553672403,125824.81,23360646.0
2025-06-11,002024.SZ,002024.SZ,1.9069858864210087,1.9276019500579926,1.9069858864210087,1.9172939182395006,136391.24,25351185.0
2025-06-12,002024.SZ,002024.SZ,1.9172939182395006,1.9276019500579926,1.9069858864210087,1.9172939182395006,83536.0,15529484.0
2025-06-13,002024.SZ,002024.SZ,1.9172933138751134,1.9172933138751134,1.8863692281674502,1.8966772567366712,141922.0,26192585.0
2025-06-16,002024.SZ,002024.SZ,1.9172938789720897,1.9791420686163506,1.9172938789720897,1.958526005401597,330118.49,62538340.0
2025-06-17,002024.SZ,002024.SZ,1.948218911439234,1.948218911439234,1.9172948017338496,1.927602838302311,192098.06,35965315.0
2025-06-18,002024.SZ,002024.SZ,1.927603202983929,1.9379112415025594,1.9069871259466677,1.9069871259466675,104332.02,19393497.0
2025-06-19,002024.SZ,002024.SZ,1.9069867612223534,1.9172947977695014,1.8863706881280577,1.886370688128058,146902.0,27038892.0
2025-06-20,002024.SZ,002024.SZ,1.927602978629161,1.9585270905857783,1.906986903991416,1.9276029786291609,215051.25,40397699.0
2025-06-23,002024.SZ,002024.SZ,1.8966780916854795,1.9379102241134245,1.886370058578493,1.917294157899452,172812.41,32025043.0
2025-06-24,002024.SZ,002024.SZ,1.917294749405097,1.9482188582664692,1.917294749405097,1.937910821979345,130135.44,24418213.0
2025-06-25,002024.SZ,002024.SZ,1.937910821979345,1.9482188582664692,1.917294749405097,1.937910821979345,159514.01,29896771.0
2025-06-26,002024.SZ,002024.SZ,1.9379105348814456,1.9688346391614686,1.927602500121438,1.9482185696414533,216630.0,40962065.0
2025-06-27,002024.SZ,002024.SZ,1.9482185492412591,1.9688346185453995,1.937910514589189,1.9688346185453995,198017.96,37610179.0
2025-06-30,002024.SZ,002024.SZ,1.968833831011552,2.071914136300115,1.968833831011552,2.0616061057712587,598624.2,118572767.0
2025-07-01,002024.SZ,002024.SZ,2.0512980752424026,2.0512980752424026,1.9997579225981208,2.0203739836558334,368381.96,72318267.0
2025-07-02,002024.SZ,002024.SZ,2.0203739836558334,2.040990044713546,2.0100659531269773,2.0203739836558334,205851.26,40434081.0
2025-07-03,002024.SZ,002024.SZ,2.020374066542972,2.0306820974947217,1.999758004639472,2.0100660355912217,152204.01,29663671.0
2025-07-04,002024.SZ,002024.SZ,2.0100668687792154,2.0100668687792154,1.989450798330198,1.989450798330198,161090.0,31240441.0
2025-07-07,002024.SZ,002024.SZ,1.9997594386099433,2.0203755152966436,1.989451400266593,2.0100674769532936,163515.5,31850863.0
2025-07-08,002024.SZ,002024.SZ,1.999759850931477,2.0100678914001957,1.9894518104627579,1.9997598509314767,159561.89,30958276.0
2025-07-09,002024.SZ,002024.SZ,1.999759850931477,2.020375931868915,1.999759850931477,1.9997598509314767,138170.79,26905958.0
2025-07-10,002024.SZ,002024.SZ,2.0100686129630283,2.0203766571320694,1.999760568793987,2.0100686129630283,155599.37,30352832.0
2025-07-11,002024.SZ,002024.SZ,2.020375836674544,2.051299956623644,2.010067796691511,2.0306838766575774,222462.09,43733122.0
2025-07-14,002024.SZ,002024.SZ,2.030684166755274,2.030684166755274,1.9997600423884425,2.0203761252996637,189656.0,37093216.0
2025-07-15,002024.SZ,002024.SZ,1.999760375681783,1.999760375681783,1.9688362461609306,1.9791442893345481,241982.12,46606371.0
2025-07-16,002024.SZ,002024.SZ,1.9688362461609306,1.9894523325081654,1.9688362461609306,1.9791442893345481,128134.52,24580804.0
2025-07-17,002024.SZ,002024.SZ,1.9791442893345481,1.9894523325081654,1.9688362461609306,1.9791442893345481,91324.42,17539976.0
2025-07-18,002024.SZ,002024.SZ,1.9791442893345481,1.9894523325081654,1.9688362461609306,1.9791442893345481,75185.61,14443100.0
2025-07-21,002024.SZ,002024.SZ,1.9791442893345481,1.9894523325081654,1.9688362461609306,1.9791442893345481,96698.98,18582469.0
2025-07-22,002024.SZ,002024.SZ,1.9791436330379963,1.9894516727934024,1.96883559328259,1.9894516727934026,110152.56,21170539.0
2025-07-23,002024.SZ,002024.SZ,1.9791436330379963,1.9997597125488087,1.9791436330379963,1.9894516727934026,157656.1,30404132.0
2025-07-24,002024.SZ,002024.SZ,1.9894522747300625,2.0203764033528095,1.9791442318558135,2.0100683604785603,208473.17,40444511.0
2025-07-25,002024.SZ,002024.SZ,2.010069193667518,2.010069193667518,1.9894530993734922,1.9894530993734922,126926.1,24584159.0
2025-07-28,002024.SZ,002024.SZ,1.9997618443538219,1.9997618443538219,1.979145742865638,1.9791457428656383,90643.0,17471216.0
2025-07-29,002024.SZ,002024.SZ,1.979145742865638,1.9997618443538219,1.979145742865638,1.9791457428656383,106072.01,20422941.0
2025-07-30,002024.SZ,002024.SZ,1.98945379360973,1.9997618443538219,1.979145742865638,1.9791457428656383,113890.25,21936373.0
2025-07-31,002024.SZ,002024.SZ,1.9791450762060196,1.989453123477926,1.9482209343903008,1.958528981662207,194960.69,37184115.0
2025-08-01,002024.SZ,002024.SZ,1.958529292539823,1.9688373414479274,1.9482212436317188,1.9482212436317186,92656.75,17561668.0
2025-08-04,002024.SZ,002024.SZ,1.9482212436317188,1.958529292539823,1.9379131947236143,1.9482212436317186,91334.51,17209566.0
2025-08-05,002024.SZ,002024.SZ,1.9482212333779223,1.9585292822317737,1.937913184524071,1.958529282231774,59078.0,11195297.0
2025-08-06,002024.SZ,002024.SZ,1.9585292822317737,1.9688373310856253,1.9482212333779223,1.958529282231774,82712.96,15721631.0
2025-08-07,002024.SZ,002024.SZ,1.9585292822317737,1.9688373310856253,1.9482212333779223,1.958529282231774,112750.51,21415711.0
2025-08-08,002024.SZ,002024.SZ,1.9585292822317737,1.9585292822317737,1.9482212333779223,1.958529282231774,67992.75,12879735.0
2025-08-11,002024.SZ,002024.SZ,1.9585292822317737,1.9688373310856253,1.9482212333779223,1.958529282231774,136151.41,25865878.0
2025-08-12,002024.SZ,002024.SZ,1.9894525010689315,2.0203766332098994,1.979144457021942,1.9894525010689315,260290.04,50397690.0
2025-08-13,002024.SZ,002024.SZ,1.9894518865260122,1.9894518865260122,1.9688358048003542,1.968835804800354,142650.11,27368542.0
2025-08-14,002024.SZ,002024.SZ,1.96883621106806,1.9791442540579451,1.9482201250882898,1.9482201250882896,168933.61,32079697.0
2025-08-15,002024.SZ,002024.SZ,1.9482201250882898,1.9585281680781748,1.9379120820984046,1.9482201250882896,136239.83,25771903.0
2025-08-18,002024.SZ,002024.SZ,1.9482201148344995,1.968836200705764,1.9482201148344995,1.9585281577701317,161752.01,30749948.0
2025-08-19,002024.SZ,002024.SZ,1.958528157770132,1.968836200705764,1.9482201148344995,1.9585281577701317,94237.3,17919895.0
2025-08-20,002024.SZ,002024.SZ,1.9585278501479075,1.9688358914644755,1.9482198088313396,1.9688358914644757,116615.95,22186358.0
2025-08-21,002024.SZ,002024.SZ,1.9688366707953495,1.9997608069858523,1.9585286253985152,1.9791447161921838,232892.0,44726327.0
2025-08-22,002024.SZ,002024.SZ,1.9791447161921838,1.989452761589018,1.9585286253985152,1.9791447161921838,188091.88,35997270.0
2025-08-25,002024.SZ,002024.SZ,1.9791440598954904,1.9997601438527353,1.968836017916868,1.989452101874113,238831.43,46039784.0
2025-08-26,002024.SZ,002024.SZ,1.999760748908368,2.0306848842007654,1.9894527038109022,2.010068794005834,280815.53,54819903.0
2025-08-27,002024.SZ,002024.SZ,2.0100696271949716,2.020377676565202,1.9791454790842795,1.9894535284545103,279278.5,54296789.0
2025-08-28,002024.SZ,002024.SZ,1.9894535284545103,1.9997615778247408,1.9585293803438182,1.9894535284545103,241291.51,46411828.0
2025-08-29,002024.SZ,002024.SZ,1.9894533684984474,2.0719177568299894,1.9791453199570048,2.051301659747104,562096.68,110587028.0
2025-09-01,002024.SZ,002024.SZ,1.9894531198167766,1.9894531198167766,1.9585289780579667,1.97914507256384,551368.16,105731586.0
2025-09-02,002024.SZ,002024.SZ,1.9791457357328694,1.9791457357328694,1.9482215836120433,1.9688376850259275,302530.88,57612607.0
2025-09-03,002024.SZ,002024.SZ,1.9585300384600208,1.9688380912940209,1.9482219856260206,1.9482219856260208,152749.06,28948375.0
2025-09-04,002024.SZ,002024.SZ,1.9482219959889038,1.958530048877734,1.9379139431000736,1.9379139431000736,193791.9,36614183.0
2025-09-05,002024.SZ,002024.SZ,1.9482217073634231,1.9585297587251345,1.937913656001712,1.9482217073634231,143077.49,27080817.0
2025-09-08,002024.SZ,002024.SZ,1.9482216971096247,1.9688377997245414,1.9482216971096247,1.958529748417083,163822.91,31091476.0
2025-09-09,002024.SZ,002024.SZ,1.9585297484170832,1.9688377997245414,1.9482216971096247,1.958529748417083,136036.26,25810590.0
2025-09-10,002024.SZ,002024.SZ,1.9585294407946094,1.9791455401713949,1.9482213911062167,1.9688374904830024,141251.04,26916245.0
2025-09-11,002024.SZ,002024.SZ,1.9585294407946094,1.9688374904830022,1.9482213911062167,1.9688374904830024,202572.88,38492824.0
2025-09-12,002024.SZ,002024.SZ,1.9585286573828333,1.968836702948006,1.9585286573828333,1.9585286573828333,129570.98,24657422.0
2025-09-15,002024.SZ,002024.SZ,1.958528968260398,1.9688370154617685,1.9482209210590273,1.9482209210590276,140344.27,26572003.0
2025-09-16,002024.SZ,002024.SZ,1.948220910805233,1.9585289579523508,1.9379128636581155,1.9585289579523506,188846.0,35743040.0
2025-09-17,002024.SZ,002024.SZ,1.9585289579523508,1.9585289579523508,1.948220910805233,1.9585289579523506,159681.08,30251554.0
2025-09-18,002024.SZ,002024.SZ,1.9585283459120515,2.020376609467169,1.9482203019861986,1.9791444337637571,599590.11,115664370.0
2025-09-19,002024.SZ,002024.SZ,1.96883572665091,1.9791437671045797,1.9482196457435708,1.9585276861972403,308074.09,58610345.0
2025-09-22,002024.SZ,002024.SZ,1.9585286288041477,1.9585286288041477,1.9172964471451133,1.9276044925598719,332265.0,62419979.0
2025-09-23,002024.SZ,002024.SZ,1.83483274354195,1.8554488417839945,1.83483274354195,1.8348327435419503,428154.0,76266871.0
2025-09-24,002024.SZ,002024.SZ,1.8039084724822942,1.8245245693106633,1.7832923756539252,1.8039084724822942,363156.95,63549709.0
2025-09-25,002024.SZ,002024.SZ,1.8039084724822942,1.8245245693106633,1.7936004240681096,1.8039084724822942,237419.52,41665076.0
2025-09-26,002024.SZ,002024.SZ,1.8039084724822942,1.814216520896479,1.7936004240681096,1.8039084724822942,152080.11,26576591.0
2025-09-29,002024.SZ,002024.SZ,1.803907690441049,1.803907690441049,1.7729835586049167,1.7832916025502943,258108.96,44627123.0
2025-09-30,002024.SZ,002024.SZ,1.783291602550294,1.7935996464956716,1.7729835586049167,1.7832916025502943,104306.57,18062618.0
2025-10-09,002024.SZ,002024.SZ,1.793600189700136,1.8142162838346203,1.7729840955656517,1.803908236767378,249185.08,43330864.0
2025-10-10,002024.SZ,002024.SZ,1.793600189700136,1.8142162838346203,1.793600189700136,1.803908236767378,169135.01,29581080.0
2025-10-13,002024.SZ,002024.SZ,1.7729838378644749,1.7832918834334544,1.7523677467265157,1.7729838378644749,199977.0,34401595.0
2025-10-14,002024.SZ,002024.SZ,1.7832918834334544,1.7935999290024338,1.7729838378644749,1.7729838378644749,165044.18,28492227.0
2025-10-15,002024.SZ,002024.SZ,1.7729839198521669,1.7936000119434712,1.7729839198521669,1.7832919658978188,155675.82,26910451.0
2025-10-16,002024.SZ,002024.SZ,1.7832925879764117,1.793600637617894,1.7729845383349296,1.7729845383349294,107249.1,18515740.0
2025-10-17,002024.SZ,002024.SZ,1.7729843714657962,1.783292420137109,1.7523682741231705,1.7523682741231708,176192.73,30175272.0
2025-10-20,002024.SZ,002024.SZ,1.7626757043115633,1.772983749366017,1.7523676592571098,1.7626757043115633,92377.01,15760048.0
2025-10-21,002024.SZ,002024.SZ,1.76267578629648,1.783291877364275,1.7523677407625822,1.7729838318303774,166119.19,28570702.0
2025-10-22,002024.SZ,002024.SZ,1.772983913818069,1.8039080518497794,1.7626758678074987,1.7832919598286392,277134.7,48163517.0
2025-10-23,002024.SZ,002024.SZ,1.7936000058392094,1.7936000058392094,1.772983913818069,1.7832919598286392,147510.21,25478874.0
2025-10-24,002024.SZ,002024.SZ,1.7832919598286392,1.7936000058392094,1.772983913818069,1.7832919598286392,166795.65,28843519.0
2025-10-27,002024.SZ,002024.SZ,1.7936006315136301,1.7936006315136301,1.7729845323008298,1.7729845323008298,118713.29,20472603.0
2025-10-28,002024.SZ,002024.SZ,1.7729845323008298,1.78329258190723,1.7729845323008298,1.7729845323008298,66537.5,11459387.0
2025-10-29,002024.SZ,002024.SZ,1.7729846142885535,1.7832926643716265,1.7626765642054805,1.7832926643716265,112855.2,19432087.0
2025-10-30,002024.SZ,002024.SZ,1.7832920494431215,1.7936000959716945,1.7729840029145485,1.7936000959716945,143085.51,24726897.0
2025-10-31,002024.SZ,002024.SZ,1.7626766367170468,1.772984687224164,1.7420605357028123,1.7626766367170466,294536.03,50330416.0
2025-11-03,002024.SZ,002024.SZ,1.7626767187020065,1.7729847696885679,1.7523686677154449,1.7729847696885679,127854.25,21875544.0
2025-11-04,002024.SZ,002024.SZ,1.7729846028194134,1.7729846028194134,1.7523685027866296,1.7523685027866294,155533.67,26521841.0
2025-11-05,002024.SZ,002024.SZ,1.7523685027866296,1.7626765528030215,1.7420604527702375,1.7523685027866294,134530.5,22898942.0
2025-11-06,002024.SZ,002024.SZ,1.752369124929293,1.7626771786053477,1.7420610712532383,1.7420610712532383,192280.13,32690744.0
2025-11-07,002024.SZ,002024.SZ,1.7420610712532383,1.752369124929293,1.7420610712532383,1.7420610712532383,99345.02,16823204.0
2025-11-10,002024.SZ,002024.SZ,1.7420607945729505,1.7626768986507368,1.7420607945729505,1.7523688466118437,230142.07,39132893.0
2025-11-11,002024.SZ,002024.SZ,1.7523688466118437,1.7626768986507368,1.7523688466118437,1.7523688466118437,137180.52,23367340.0
2025-11-12,002024.SZ,002024.SZ,1.7523688466118437,1.7626768986507368,1.7420607945729505,1.7523688466118437,150258.84,25496914.0
2025-11-13,002024.SZ,002024.SZ,1.7626766032300272,1.845141005720321,1.7523685529187405,1.845141005720321,801192.6,139774123.0
2025-11-14,002024.SZ,002024.SZ,1.8451414112458169,1.9379138844369472,1.81421725351544,1.8760655689761938,1101070.21,201205531.0
2025-11-17,002024.SZ,002024.SZ,1.8554495270765683,1.8657575800047717,1.8039092624355526,1.8142173153637557,557815.04,99057500.0
2025-11-18,002024.SZ,002024.SZ,1.8142166877426305,1.9069891320021968,1.8039086383804563,1.906989132002197,930939.39,170804142.0
2025-11-19,002024.SZ,002024.SZ,1.9172964398682233,1.9172964398682233,1.8245240314875026,1.8657562129900453,779333.83,141516355.0
2025-11-20,002024.SZ,002024.SZ,1.8657570668106855,1.8657570668106855,1.814216816346302,1.8245248664391784,451218.6,80304099.0
2025-11-21,002024.SZ,002024.SZ,1.8039093359088252,1.8142173892568756,1.752369069168573,1.7626771225166233,467106.66,80502415.0
2025-11-24,002024.SZ,002024.SZ,1.762677204501606,1.7936013659840904,1.7420610968466164,1.7729852583291008,311429.08,53426027.0
2025-11-25,002024.SZ,002024.SZ,1.7729852583291008,1.7936013659840904,1.762677204501606,1.7729852583291008,224703.27,38744267.0
2025-11-26,002024.SZ,002024.SZ,1.7729852583291008,1.7832933121565955,1.762677204501606,1.7729852583291008,232759.71,40032927.0
2025-11-27,002024.SZ,002024.SZ,1.7626770386025752,1.7729850914599001,1.75236898574525,1.7523689857452502,198073.45,33864164.0
2025-11-28,002024.SZ,002024.SZ,1.7626775510086914,1.8039097744240993,1.7523694951548392,1.7729856068625434,266324.01,46001233.0
2025-12-01,002024.SZ,002024.SZ,1.7729855239158485,1.7729855239158485,1.7523694131726408,1.7626774685442446,209044.01,35787510.0
2025-12-02,002024.SZ,002024.SZ,1.7626779465584737,1.8554504700615513,1.752369888391465,1.8245262955605253,515722.52,90326267.0
2025-12-03,002024.SZ,002024.SZ,1.7936018826037259,1.814217996196872,1.7729857690105797,1.783293825807153,332903.11,57828099.0
2025-12-04,002024.SZ,002024.SZ,1.7832932730903528,1.7832932730903528,1.762677165886996,1.7626771658869962,175776.08,30219702.0
2025-12-05,002024.SZ,002024.SZ,1.7626772478719808,1.793601410115349,1.7626772478719808,1.7729853019531034,181516.03,31351866.0
2025-12-08,002024.SZ,002024.SZ,1.7729853839408631,1.7936014930564546,1.7729853839408631,1.7832934384986587,154124.5,26653812.0
2025-12-09,002024.SZ,002024.SZ,1.7832940605777652,1.793602118731394,1.7626779442705078,1.7729860024241366,161331.03,27834018.0
2025-12-10,002024.SZ,002024.SZ,1.772986165457332,1.8245264609648126,1.7626781063558359,1.7936022836603243,335501.0,58433391.0
2025-12-11,002024.SZ,002024.SZ,1.8245266929855188,1.8245266929855188,1.7729863909237809,1.7832944513361284,283150.94,49398011.0
2025-12-12,002024.SZ,002024.SZ,1.7832938364070072,1.8142180069805391,1.7832938364070072,1.7936018932648512,226046.89,39435128.0
2025-12-15,002024.SZ,002024.SZ,1.772986233103665,1.7832942925984538,1.7523701141140875,1.772986233103665,236608.0,40609679.0
2025-12-16,002024.SZ,002024.SZ,1.7729861501569408,1.7729861501569408,1.75237003213186,1.7626780911444004,215514.75,36860180.0
2025-12-17,002024.SZ,002024.SZ,1.7626780911444004,1.7729861501569408,1.75237003213186,1.7626780911444004,161561.15,27562437.0
2025-12-18,002024.SZ,002024.SZ,1.7626780911444004,1.7729861501569408,1.75237003213186,1.7626780911444004,158364.26,27066881.0
2025-12-19,002024.SZ,002024.SZ,1.7523701942007646,1.8039104940301989,1.7523701942007646,1.7832943740984253,264543.43,45601858.0
2025-12-22,002024.SZ,002024.SZ,1.752369651068482,1.7729857646104643,1.742061594297491,1.762677707839473,335732.5,57265100.0
2025-12-23,002024.SZ,002024.SZ,1.7626776248899343,1.7626776248899343,1.7420615123181222,1.7523695686040281,171736.53,29199422.0
2025-12-24,002024.SZ,002024.SZ,1.7523695686040281,1.7626776248899343,1.7420615123181222,1.7523695686040281,120804.09,20556690.0
2025-12-25,002024.SZ,002024.SZ,1.7626770064065571,1.7832931117446456,1.752368953737513,1.7626770064065571,237108.55,40599048.0
2025-12-26,002024.SZ,002024.SZ,1.7729851415400224,1.7936012478369996,1.762677088391534,1.7729851415400226,228522.02,39339359.0
2025-12-29,002024.SZ,002024.SZ,1.7729849746708328,1.7729849746708328,1.7523688703141953,1.7523688703141953,155601.07,26547090.0
2025-12-30,002024.SZ,002024.SZ,1.7626763040093834,1.7729843525708417,1.752368255447925,1.7626763040093834,150425.65,25683705.0
2025-12-31,002024.SZ,002024.SZ,1.76267622105991,1.76267622105991,1.7420601249071626,1.7523681729835365,164678.0,28009956.0
