Date,Symbol,Name,Open,High,Low,Close,Volume,Amount
2017-01-03,002415.SZ,002415.SZ,23.95,24.39,23.78,24.24,133312.81,322501865.0
2017-01-04,002415.SZ,002415.SZ,24.20000801324503,24.31000804966887,24.010007950331122,24.160007999999998,206740.62,499729412.0
2017-01-05,002415.SZ,002415.SZ,24.16013526259358,24.350136326330865,23.780133135119016,24.300136046400002,188674.11,453524070.0
2017-01-06,002415.SZ,002415.SZ,24.320882917739866,24.440887274241874,24.02087202648485,24.100874930819522,163845.07,396836450.0
2017-01-09,002415.SZ,002415.SZ,23.909941560809052,24.50994009432998,23.84994170745696,24.25994070536293,167260.97,405631389.0
2017-01-10,002415.SZ,002415.SZ,24.300169964238062,24.810173531388735,24.2801698243498,24.580171922673724,230811.38,567698544.0
2017-01-11,002415.SZ,002415.SZ,24.770342620318207,24.96034524841108,24.56033971558398,24.570339853904656,238922.08,589969131.0
2017-01-12,002415.SZ,002415.SZ,24.490066632464263,24.60006693175259,24.08006551693505,24.3000661155117,106423.22,258507186.0
2017-01-13,002415.SZ,002415.SZ,24.439695888858395,24.639693400223848,24.219698626356394,24.3996963865853,138623.12,338180851.0
2017-01-16,002415.SZ,002415.SZ,24.360584158039785,24.5005875152699,23.93057384654729,24.160579361996763,168336.3,407963228.0
2017-01-17,002415.SZ,002415.SZ,24.3498355880739,24.489834642789724,24.109837208561057,24.46983477783032,179202.88,436474817.0
2017-01-18,002415.SZ,002415.SZ,24.390809935812012,25.060832184971257,24.390809935812012,25.000830192509238,308553.28,765507667.0
2017-01-19,002415.SZ,002415.SZ,25.010830524586243,25.160835505741296,24.850825211354184,24.990829860432235,161050.24,403326096.0
2017-01-20,002415.SZ,002415.SZ,24.980777816446977,25.190784355336245,24.860774079938825,25.120782175706488,93054.03,233512629.0
2017-01-23,002415.SZ,002415.SZ,25.17131049333838,25.491327154358174,25.061304766112823,25.231313617279593,115632.59,293157600.0
2017-01-24,002415.SZ,002415.SZ,25.300606462225414,25.78061796822811,25.250605263683465,25.700616050560992,198165.44,506415234.0
2017-01-25,002415.SZ,002415.SZ,25.600417179082214,26.340429238165058,25.550416364279318,26.060424675268845,185100.03,482533051.0
2017-01-26,002415.SZ,002415.SZ,26.110787218890238,26.330793851910375,25.880780284369184,26.13078782189207,112372.82,293696912.0
2017-02-03,002415.SZ,002415.SZ,26.282086964718335,26.502104435503647,26.06206949393302,26.392095700110993,179643.74,474334841.0
2017-02-06,002415.SZ,002415.SZ,26.391515074005586,26.671531149061348,25.871485220330598,26.001492683749348,186634.76,487920603.0
2017-02-07,002415.SZ,002415.SZ,26.10069064152386,26.15069196459191,25.700680056979433,25.850684026183597,118859.19,306966603.0
2017-02-08,002415.SZ,002415.SZ,25.92968130461516,26.639672578285687,25.699684131454283,26.579673315721976,136921.83,359745059.0
2017-02-09,002415.SZ,002415.SZ,26.55096344122919,26.800972513180497,26.370956909424244,26.39095763518035,108455.59,288264034.0
2017-02-10,002415.SZ,002415.SZ,26.4615134224147,26.481514566346984,26.20149855129498,26.21149912326112,125860.1,330744694.0
2017-02-13,002415.SZ,002415.SZ,26.321946692890307,27.302019176136223,26.30194521364039,27.142007342136893,196332.75,527997779.0
2017-02-14,002415.SZ,002415.SZ,27.10229662090737,27.30231357013916,26.892278824213992,27.082294925984186,109140.35,294971940.0
2017-02-15,002415.SZ,002415.SZ,27.282098527738384,27.332102374013562,26.972074680832264,27.11208545040277,121626.41,330380674.0
2017-02-16,002415.SZ,002415.SZ,27.311851298215313,27.951894682721274,27.02183163961105,27.911891971189654,226267.56,626504051.0
2017-02-17,002415.SZ,002415.SZ,27.901458452465597,29.40153686388848,27.801453225037406,28.17147256652172,349618.38,995204712.0
2017-02-20,002415.SZ,002415.SZ,28.560386382560488,28.960391794080945,28.26038232392015,28.65038760015259,276830.94,792630488.0
2017-02-21,002415.SZ,002415.SZ,28.800389629472765,28.980392064656968,28.21038164748009,28.65038760015259,164883.87,469642839.0
2017-02-22,002415.SZ,002415.SZ,28.65931720323714,28.959310056027483,28.40932315924519,28.779314344353278,144355.36,413960587.0
2017-02-23,002415.SZ,002415.SZ,28.938673446959537,29.348654653360832,28.598689031895052,28.888675738861817,205129.24,596155742.0
2017-02-24,002415.SZ,002415.SZ,28.758656238634863,28.87865063184196,28.17868333813388,28.23868053473743,144932.83,411390451.0
2017-02-27,002415.SZ,002415.SZ,28.178037639697198,28.53801257050951,27.818062708884884,27.928055048855313,131778.13,370422194.0
2017-02-28,002415.SZ,002415.SZ,27.868332130849844,28.12831657125246,27.778337516864323,27.978325547943257,102728.27,287064959.0
2017-03-01,002415.SZ,002415.SZ,28.00708315566855,28.477034211832926,27.8970946106088,28.037080031593934,135795.24,381682295.0
2017-03-02,002415.SZ,002415.SZ,28.106930727403174,28.596877225319492,28.106930727403174,28.496888144112077,131959.41,374710852.0
2017-03-03,002415.SZ,002415.SZ,28.49718344865243,28.977136011998155,28.157217049615873,28.947138976789045,110667.71,317299933.0
2017-03-06,002415.SZ,002415.SZ,28.997656144532474,29.187640788238035,28.797672309052942,28.877665843244753,138749.17,401427806.0
2017-03-07,002415.SZ,002415.SZ,29.008951678420793,29.748924937367065,28.87895637617347,28.99895203978638,199374.93,584465773.0
2017-03-08,002415.SZ,002415.SZ,29.477711501927054,29.497709949350345,28.877758079228403,28.91775497407498,116166.79,338324793.0
2017-03-09,002415.SZ,002415.SZ,28.898000170486952,29.1779807949761,28.798007090312257,28.93799740255683,93158.39,269908293.0
2017-03-10,002415.SZ,002415.SZ,28.93732779530977,29.69725761992744,28.86733425883183,29.55727054697155,190072.58,556981952.0
2017-03-13,002415.SZ,002415.SZ,29.548015536810222,30.43795576786813,29.508018223054812,30.17797322845795,205429.56,618551716.0
2017-03-14,002415.SZ,002415.SZ,30.198789789043822,30.348783778062256,29.798805818328013,29.97879860515013,113288.84,340738157.0
2017-03-15,002415.SZ,002415.SZ,30.09881389572634,30.10881350167176,29.868822958981585,29.94881980654498,74103.56,222060147.0
2017-03-16,002415.SZ,002415.SZ,30.199173376401607,30.479165712341754,30.119175566132995,30.3291698180881,137717.35,417961173.0
2017-03-17,002415.SZ,002415.SZ,30.349322224028235,30.669315077790642,30.139326913746658,30.159326467106805,120610.7,367309941.0
2017-03-20,002415.SZ,002415.SZ,30.160437705378218,30.600444091000448,29.95043465769488,30.180437995633774,75348.74,227585436.0
2017-03-21,002415.SZ,002415.SZ,30.201410842376504,30.681433266361296,29.931398228885058,30.681433266361292,143971.39,437238812.0
2017-03-22,002415.SZ,002415.SZ,30.402684422257654,31.69279833359688,30.362680890123105,31.552785971125953,197723.7,615629227.0
2017-03-23,002415.SZ,002415.SZ,31.503315924636663,31.78334539952232,31.353300134519348,31.543320135334614,118404.14,373509544.0
2017-03-24,002415.SZ,002415.SZ,31.51203016743336,33.432153871700955,31.422024368795817,32.62210168396306,292614.65,957215479.0
2017-03-27,002415.SZ,002415.SZ,32.77249108068152,33.26252832906522,32.312456112811105,32.45246675520645,172727.08,564652903.0
2017-03-28,002415.SZ,002415.SZ,32.37219638849946,32.95223574300456,32.232186889136166,32.462202495233015,126546.65,411678314.0
2017-03-29,002415.SZ,002415.SZ,32.5011571382273,33.17118099307691,32.39115322175945,32.5011571382273,144002.31,470725574.0
2017-03-30,002415.SZ,002415.SZ,32.37115250967439,32.651162478865274,31.031104799975175,31.721129366909842,250486.04,795827470.0
2017-03-31,002415.SZ,002415.SZ,31.701927642518775,32.22195926315315,31.68192642634053,31.90193980430123,172475.23,550817114.0
2017-04-05,002415.SZ,002415.SZ,32.051948925638065,33.03200851837209,31.761931291053514,31.90193980430123,386274.34,1240419196.0
2017-04-06,002415.SZ,002415.SZ,31.920587721234224,32.34059545440836,31.800585511755898,32.08059066720532,210225.8,673134705.0
2017-04-07,002415.SZ,002415.SZ,32.06175433891545,32.51177896313603,32.001751055686036,32.39177239667721,171825.52,554819922.0
2017-04-10,002415.SZ,002415.SZ,32.39120671499944,32.7612204996413,32.021192930357586,32.411207460115214,116265.1,377524508.0
2017-04-11,002415.SZ,002415.SZ,32.412772521845305,32.52278193182381,31.60270323018549,32.12274771372019,194550.58,622629599.0
2017-04-12,002415.SZ,002415.SZ,32.14208350307723,32.522108136903285,31.692054331441113,32.05207766875,135027.08,432557463.0
2017-04-13,002415.SZ,002415.SZ,32.06219218788587,32.46221953895119,31.862178512353204,32.38221406873813,139556.55,450804060.0
2017-04-14,002415.SZ,002415.SZ,33.052156498438976,33.572190428217745,32.49211995867723,32.612127788626175,276923.71,912139168.0
2017-04-17,002415.SZ,002415.SZ,32.80128802725932,33.3013076618212,32.581279388052096,32.951293917627886,182432.49,601220575.0
2017-04-18,002415.SZ,002415.SZ,33.28992094204468,34.339918448477455,33.08992141700987,34.21991873345656,366464.46,1242831947.0
2017-04-19,002415.SZ,002415.SZ,34.67838213277152,34.8983718694846,33.97841478868443,34.4183942621106,232475.13,798878028.0
2017-04-20,002415.SZ,002415.SZ,34.54750402068151,36.46736531502908,34.407514134635335,35.867408660545465,432075.91,1546161626.0
2017-04-21,002415.SZ,002415.SZ,35.99783560112927,37.09776946671933,35.30787708544096,36.297817564472005,288330.73,1048588661.0000001
2017-04-24,002415.SZ,002415.SZ,36.40920542172522,36.88919494664772,35.00923597403461,36.029213714494915,262617.55,949779601.0
2017-04-25,002415.SZ,002415.SZ,36.19965924110593,38.07964154423518,36.01966093548717,37.54964653324661,358843.98,1340474564.0
2017-04-26,002415.SZ,002415.SZ,37.54846312018432,38.14843856285039,37.06848276605148,37.598461073739834,288146.75,1078509090.0
2017-04-27,002415.SZ,002415.SZ,37.29985553016591,37.349855336506614,35.489862540632394,36.69985785407745,367964.08,1342239029.0
2017-04-28,002415.SZ,002415.SZ,36.21139448758567,36.57140835158818,35.24135713180114,36.57140835158818,274940.74,983913879.0
2017-05-02,002415.SZ,002415.SZ,35.56242169034784,36.28247072344825,35.00238355349197,35.792437353699356,160516.36,572979074.0
2017-05-03,002415.SZ,002415.SZ,35.682850239031985,36.50291574340436,35.51283665885722,35.992875002880076,180779.91,652422707.0
2017-05-04,002415.SZ,002415.SZ,36.302558665656534,37.482641839912034,35.60250932499649,37.252625627980876,227965.67,837061974.0
2017-05-05,002415.SZ,002415.SZ,37.25305352976173,37.783096975957,36.883023199399,37.0030330362734,174096.11,648857679.0
2017-05-08,002415.SZ,002415.SZ,37.40453673293778,37.40453673293778,35.53430989629089,35.60431838750227,245000.02,887603933.0
2017-05-09,002415.SZ,002415.SZ,35.75367010957593,36.56375326450618,35.26361980597615,36.483745051673566,228405.13,819592838.0
2017-05-10,002415.SZ,002415.SZ,36.1136319282703,39.053927632205905,36.1136319282703,38.453867284463946,402866.25,1528952389.0
2017-05-11,002415.SZ,002415.SZ,38.122247652965754,39.002299540022676,38.02224175670929,38.69228126162762,283203.72,1093561878.0
2017-05-12,002415.SZ,002415.SZ,38.69121299658713,39.37123431573107,38.17119669371235,38.90121958044041,180436.55,700717816.0
2017-05-15,002415.SZ,002415.SZ,38.94156990919646,40.16161909484668,38.94156990919646,40.16161909484668,277156.72,1102876154.0
2017-05-16,002415.SZ,002415.SZ,40.28199309009838,41.530811023326386,39.6423546364938,41.378516153420534,478877.56,1278627050.0
2017-05-17,002415.SZ,002415.SZ,41.19742729830715,41.212657400820376,39.29366448415247,39.491655816824554,669088.31,1762333282.0
2017-05-18,002415.SZ,002415.SZ,39.232826182201656,40.13140411106419,38.45608932843912,40.02479317035169,457291.07,1183527797.0
2017-05-19,002415.SZ,002415.SZ,40.03940869490065,41.19688114100657,39.33883326699444,40.4810758124937,392315.56,1042937863.0
2017-05-22,002415.SZ,002415.SZ,40.3587046520863,42.62792993252436,40.0997997543182,42.52132203344338,519290.05,1427233839.0
2017-05-23,002415.SZ,002415.SZ,42.47472694806547,43.86060007544946,42.154910072515314,42.84023194869421,635395.19,1792559610.0
2017-05-24,002415.SZ,002415.SZ,42.33808246300271,42.82542729710922,41.6832128421721,42.53606630185848,413059.85,1146592315.0
2017-05-25,002415.SZ,002415.SZ,42.261863648162326,42.68828965974739,40.83029060926962,41.59176562995723,478146.08,1309195014.0
2017-05-26,002415.SZ,002415.SZ,41.74284453000971,41.97128038114074,40.28085508277114,40.722497728291124,572660.53,1531758389.0
2017-05-31,002415.SZ,002415.SZ,40.73671218504534,41.22402986352065,39.4422746015953,40.355995248736505,571971.53,1509359473.0
2017-06-01,002415.SZ,002415.SZ,40.355345509993676,43.492402557185635,40.279203348654065,42.563468188842386,837975.73,2312995846.0
2017-06-02,002415.SZ,002415.SZ,42.64046742777698,43.18870200899126,41.894259247790885,42.427265090638095,463138.35,1295495520.0
2017-06-05,002415.SZ,002415.SZ,42.03273245191743,43.32721877742938,42.002273950140676,42.62667323656409,307236.36,859556959.0
2017-06-06,002415.SZ,002415.SZ,42.56542159656221,43.63146077787146,42.154235055200076,43.58577338438678,392907.83,1113507966.0
2017-06-07,002415.SZ,002415.SZ,43.64691146583459,45.352582814115635,43.64691146583459,45.00231101937935,611332.28,1791860409.0
2017-06-08,002415.SZ,002415.SZ,44.985354465247624,45.548813542842126,44.51326712996574,45.015811712685164,456848.4,1349627664.0
2017-06-09,002415.SZ,002415.SZ,45.535440099136714,48.10918236560966,45.535440099136714,47.54570033093807,784171.9,2424212290.0
2017-06-12,002415.SZ,002415.SZ,46.9344298864293,47.71108657825535,45.86843050549158,46.7516871354114,698624.83,2139908176.0
2017-06-13,002415.SZ,002415.SZ,46.14478266559595,47.51541977447503,45.70313293051269,46.78441331640618,553280.08,1697194606.0
2017-06-14,002415.SZ,002415.SZ,46.7246697802749,46.7246697802749,44.607743737426716,44.62297342118822,801898.39,2381101817.0
2017-06-15,002415.SZ,002415.SZ,44.59153534279436,45.00272777935701,43.70823307165977,44.40878314876651,685694.61,1989880369.0
2017-06-16,002415.SZ,002415.SZ,44.696748700971874,45.016555080092964,43.676414062823625,44.98609732970048,698396.62,2037154579.0
2017-06-19,002415.SZ,002415.SZ,45.07545411947165,45.2734206409423,44.13130609399623,44.52723913693753,456556.89,1333527164.0
2017-06-20,002415.SZ,002415.SZ,44.923621565499815,45.01499164326015,44.0556058267766,44.45154283040473,396797.05,1155609794.0
2017-06-21,002415.SZ,002415.SZ,44.601891790310624,47.46469672598096,44.464842617858324,47.43424135432489,1075489.35,3265261322.0
2017-06-22,002415.SZ,002415.SZ,47.402548107450116,48.17913980468107,47.02186590292514,47.52436641289811,964615.28,3012890077.0
2017-06-23,002415.SZ,002415.SZ,47.965953230782,48.83390857495806,47.356861761184774,48.270498965580614,747462.46,2358424600.0
2017-06-26,002415.SZ,002415.SZ,48.681149347164535,49.54909601991661,48.31569811653208,48.77251215482265,822391.74,2642792290.0
2017-06-27,002415.SZ,002415.SZ,48.941359266504094,48.941359266504094,47.55565183238714,48.24089177233508,682593.51,2164478611.0
2017-06-28,002415.SZ,002415.SZ,47.82844990032978,48.66594265566825,47.204137119077465,47.58481564423132,639546.82,2003788937.0
2017-06-29,002415.SZ,002415.SZ,47.81322275932363,49.48820827000058,47.81322275932363,49.48820827000058,711942.18,2288859438.0
2017-06-30,002415.SZ,002415.SZ,48.72458836282509,49.47068362213085,48.43528611942081,49.18138137872657,433872.64,1393901135.0
2017-07-03,002415.SZ,002415.SZ,49.151809577580046,49.151809577580046,47.05052403801807,47.56823206950435,604941.92,1892758324.0
2017-07-04,002415.SZ,002415.SZ,47.21657985937252,47.39929477659679,45.25239449921158,45.9984804112107,897115.5,2712893344.0
2017-07-05,002415.SZ,002415.SZ,45.75598988545268,47.141612208106984,45.40577765005653,46.82185321057137,564807.99,1722262218.0
2017-07-06,002415.SZ,002415.SZ,46.595681652534445,47.72250532648462,45.86476899916135,46.97636532616626,565152.25,1740376252.0
2017-07-07,002415.SZ,002415.SZ,46.627985607391935,46.627985607391935,45.72953650522469,45.88181601406659,418317.31,1264305012.0
2017-07-10,002415.SZ,002415.SZ,45.72937013118843,45.77505381763317,44.16089689658556,44.785240611330394,541222.19,1594761021.0
2017-07-11,002415.SZ,002415.SZ,45.08969246197824,46.85612418287978,44.96786958467469,46.612478428272674,686750.97,2075160181.0
2017-07-12,002415.SZ,002415.SZ,46.91713984651813,47.0846466749218,44.785234757744185,45.242071562481456,562587.45,1689216361.0
2017-07-13,002415.SZ,002415.SZ,45.46928295749189,46.291567378022556,45.08859572576473,45.83474269994997,495408.53,1488912324.0
2017-07-14,002415.SZ,002415.SZ,46.32217609709295,46.367858716518086,45.45420632801527,45.880577442649916,304299.41,916904233.0
2017-07-17,002415.SZ,002415.SZ,46.06406893940678,46.06406893940678,43.44488882119919,45.348362744315175,490712.04,1448037748.0
2017-07-18,002415.SZ,002415.SZ,44.463197888974804,45.30068963003426,42.970939877632496,43.96070284433913,681116.33,1962102931.0
2017-07-19,002415.SZ,002415.SZ,44.12812315469106,45.83355786598347,43.97585219832567,45.635605622708454,574521.67,1702949544.0
2017-07-20,002415.SZ,002415.SZ,45.68124122833116,46.13805364061447,45.14829341400063,45.68124122833116,399975.96,1200711565.0
2017-07-21,002415.SZ,002415.SZ,46.38320316407068,47.61663699738969,46.291837694935936,46.581161680529284,671325.74,2072629387.0
2017-07-24,002415.SZ,002415.SZ,47.020388697378756,47.020388697378756,45.34543961813275,46.38086268530301,462475.79,1403057113.0
2017-07-25,002415.SZ,002415.SZ,46.869533399755376,47.295896926458795,46.3822607978086,46.473624410673615,355430.16,1093876690.0
2017-07-26,002415.SZ,002415.SZ,47.14154446582182,47.14154446582182,45.22299323756163,45.28389962576037,422396.17,1267649829.0
2017-07-27,002415.SZ,002415.SZ,45.52888280388919,45.95524023482862,44.4782162776456,45.65069921272903,275822.81,821973588.0
2017-07-28,002415.SZ,002415.SZ,45.679737153306256,45.83200294381728,45.055447412211066,45.48179162564193,204547.55,611466797.0
2017-07-31,002415.SZ,002415.SZ,45.49918386275957,46.1387306238827,44.661682151765,45.681911508794755,318743.95,951702411.0
2017-08-01,002415.SZ,002415.SZ,45.80372993948487,46.00168488935631,44.87486440547271,45.2250923937068,284599.34,848048982.0
2017-08-02,002415.SZ,002415.SZ,45.22480229351926,45.788208921418324,44.87457655185227,45.10298464424379,273177.94,811075065.0
2017-08-03,002415.SZ,002415.SZ,45.22469510332909,45.300830953671394,43.51925205566146,43.68675092641453,499491.91,1444513723.0
2017-08-04,002415.SZ,002415.SZ,43.7015980129152,44.1431821043349,42.66615945372418,43.595008749469066,343181.17,977339464.0
2017-08-07,002415.SZ,002415.SZ,43.58070813996223,44.38775829070227,42.89547687989994,44.05275634133849,229336.59,662171807.0
2017-08-08,002415.SZ,002415.SZ,44.00660583469518,44.43296741371645,43.3975178646648,43.488881060169355,202845.57,584104694.0
2017-08-09,002415.SZ,002415.SZ,43.51902417869235,44.7067372248568,43.290617823660725,44.280378695464435,332926.08,965285116.0
2017-08-10,002415.SZ,002415.SZ,44.282237156702536,45.820237828238625,44.190870780175636,45.134990004286905,423746.64,1258722574.0
2017-08-11,002415.SZ,002415.SZ,44.84714828390718,45.74561407295659,44.37507303881342,44.51212714222774,263813.35,781035158.0
2017-08-14,002415.SZ,002415.SZ,44.4675411972959,45.929487757207,44.16296899731442,45.91425914720792,520605.52,1560876992.0
2017-08-15,002415.SZ,002415.SZ,46.04971072193375,46.93293930059518,45.699464906257674,46.5065530902069,446423.46,1360589406.0
2017-08-16,002415.SZ,002415.SZ,46.32422328867342,48.7302809085322,46.1110283096986,48.166837035527294,742237.68,2323111355.0
2017-08-17,002415.SZ,002415.SZ,48.36435629272277,48.54709315528973,47.35930354860447,47.89228606442478,376636.85,1185923160.0
2017-08-18,002415.SZ,002415.SZ,47.43644863820568,48.24355354280437,47.238479510662614,47.45167703263208,214951.25,672014766.0
2017-08-21,002415.SZ,002415.SZ,47.63585983829948,48.00135236902812,46.63075537879572,47.285596163017864,332497.55,1029031435.0
2017-08-22,002415.SZ,002415.SZ,47.39447691339043,48.15595629824567,47.37924732569331,47.66860949193831,275224.76,862695214.0
2017-08-23,002415.SZ,002415.SZ,48.06584892851141,48.06584892851141,46.98451962752146,47.25865945030764,143175.52,445884973.0
2017-08-24,002415.SZ,002415.SZ,47.196790892498086,47.562303309864966,46.35915826936566,46.45053637370738,294352.89,904417524.0
2017-08-25,002415.SZ,002415.SZ,46.494727962901564,47.51508393195312,46.494727962901564,47.28664602843411,216542.93,671632111.0
2017-08-28,002415.SZ,002415.SZ,47.52948902918289,48.96100840398045,47.48380224062552,48.747803390712726,510120.06,1623213742.0
2017-08-29,002415.SZ,002415.SZ,48.993256985578654,49.236928764182714,48.27747113592923,48.5820608591843,262308.09,838448717.0
2017-08-30,002415.SZ,002415.SZ,48.76678854349675,49.04093039039961,48.34034567053675,48.538337004411034,203460.13,649876224.0
2017-08-31,002415.SZ,002415.SZ,48.737019590718354,49.07208660040454,47.56428505681669,48.96547437004985,309665.87,985625422.0
2017-09-01,002415.SZ,002415.SZ,48.9820280896183,50.65740840362887,48.9820280896183,50.17002503955307,608953.01,1998840174.0
2017-09-04,002415.SZ,002415.SZ,50.21512697245013,52.49970963725678,49.83436319498236,52.347404126269666,597397.9,2029704767.0
2017-09-05,002415.SZ,002415.SZ,51.95003792723931,52.65062477703497,51.37129226871245,51.9652680761479,294313.42,1001540375.0
2017-09-06,002415.SZ,002415.SZ,52.05787782762383,52.05787782762383,50.73282359386044,51.35727443965697,296931.71,998666037.0
2017-09-07,002415.SZ,002415.SZ,51.12955647053212,51.29709448696818,49.98725181301353,50.535558048622455,267930.98,888043756.0
2017-09-08,002415.SZ,002415.SZ,50.33861013128037,50.9783141026915,50.018758145574814,50.308148037403654,223832.83,740952072.0
2017-09-11,002415.SZ,002415.SZ,50.598484692979014,51.29912596205699,49.22766481869603,49.654142112917405,351950.39,1157837089.0
2017-09-12,002415.SZ,002415.SZ,49.95904341806037,50.15705182185147,48.74053016396134,49.86765492400295,391180.89,1265666020.0
2017-09-13,002415.SZ,002415.SZ,49.86920904456488,50.3718614265046,49.19900586864525,50.34139764578098,210896.38,691805330.0
2017-09-14,002415.SZ,002415.SZ,50.43044219253205,50.43044219253205,49.40995302705345,49.42518420862776,191648.15,626050178.0
2017-09-15,002415.SZ,002415.SZ,50.09464142831668,50.12510335682279,49.470171893941185,49.63771250072486,179738.14,588098391.0
2017-09-18,002415.SZ,002415.SZ,50.00365703794318,50.43012746044163,48.922249895179256,48.952712068214865,397072.91,1297060859.0
2017-09-19,002415.SZ,002415.SZ,49.33130004796685,49.34653045860222,48.34132335666772,48.87438772890572,197797.66,635200244.0
2017-09-20,002415.SZ,002415.SZ,48.89166255916709,49.165821414639055,48.61750370369512,48.952586749271966,195084.0,626996314.0
2017-09-21,002415.SZ,002415.SZ,49.485565280110436,50.23188497808685,48.98294181004467,50.18619193535361,342927.05,1121282287.0
2017-09-22,002415.SZ,002415.SZ,50.18431588759284,50.35185078129952,49.27048919464729,49.91016787970918,268191.78,877532529.0
2017-09-25,002415.SZ,002415.SZ,50.045131987380884,50.07559159297272,47.97387880713627,48.552611313381085,284960.13,919611768.0
2017-09-26,002415.SZ,002415.SZ,48.296005827127466,48.58538586834961,47.36694358951953,47.94570367196382,236479.23,743562568.0
2017-09-27,002415.SZ,002415.SZ,47.626161283180984,48.23538624363102,47.59570003515849,47.59570003515849,364562.62,1146032243.0
2017-09-28,002415.SZ,002415.SZ,47.6556757610483,48.50857376124603,47.59475447531989,47.91459122539404,277389.15,874952524.0
2017-09-29,002415.SZ,002415.SZ,48.007641361553766,48.7539530451566,47.885794556067594,48.73872219447083,258151.31,820271368.0
2017-10-09,002415.SZ,002415.SZ,49.74581619065017,49.959056064094476,48.679616823428645,48.93855095546816,507439.41,1644904170.0
2017-10-10,002415.SZ,002415.SZ,49.1967731584578,49.80602112326844,48.755068383970105,49.364316348780726,339905.19,1097370389.0
2017-10-11,002415.SZ,002415.SZ,49.469192667171725,52.63717052270489,49.469192667171725,52.63717052270489,827590.46,2796783503.0
2017-10-12,002415.SZ,002415.SZ,52.69576718897068,53.244046847584244,52.17794751139119,53.000366999311545,441501.42,1529146397.0
2017-10-13,002415.SZ,002415.SZ,53.591825351988454,54.18576715043334,52.693298015879535,53.30246909120762,316763.43,1111319556.0
2017-10-16,002415.SZ,002415.SZ,54.533795621360106,56.16326117050435,53.62007662183997,55.493200570856246,507922.02,1846618526.0
2017-10-17,002415.SZ,002415.SZ,55.205550566512166,56.043152023383385,54.29180352265266,54.97711380554729,402017.06,1453487730.0
2017-10-18,002415.SZ,002415.SZ,55.35960128069077,56.06016294751657,54.24784037464112,56.06016294751657,322565.7,1165983871.0
2017-10-19,002415.SZ,002415.SZ,55.99780961929974,56.51560280044093,54.825160356127014,54.91653562338723,248743.61,907300060.0
2017-10-20,002415.SZ,002415.SZ,54.914116827660905,54.97503098942204,53.832890456400804,54.21360396740788,200560.98,714194985.0
2017-10-23,002415.SZ,002415.SZ,54.289260038826804,55.27910629479419,54.06083397975741,54.36540205851661,201875.83,724299550.0
2017-10-24,002415.SZ,002415.SZ,54.13802058874922,54.640567615311454,53.605016166637775,54.45782324201609,194028.76,689985240.0
2017-10-25,002415.SZ,002415.SZ,54.77981047033899,56.348428896373164,54.475224368196436,56.21136515040901,302000.76,1103282330.0
2017-10-26,002415.SZ,002415.SZ,54.91563259100992,56.225323218527066,54.67196921844858,55.09838012043091,388250.59,1411419642.0
2017-10-27,002415.SZ,002415.SZ,55.27974562166066,55.85843166398108,54.183287857264084,54.822888219828755,300531.29,1081919101.0
2017-10-30,002415.SZ,002415.SZ,55.27854388806019,57.07547727064727,55.27854388806019,56.039956338308954,437443.98,1619006362.0
2017-10-31,002415.SZ,002415.SZ,56.20792497933579,59.81704939551098,56.20792497933579,59.81704939551098,559299.17,2147717401.0
2017-11-01,002415.SZ,002415.SZ,60.07829436156434,60.12398127742863,58.32696258676587,58.8599766051828,478012.34,1848732752.0
2017-11-02,002415.SZ,002415.SZ,58.81288862389865,59.37634716327832,57.564142671759946,58.81288862389865,251327.31,966723169.0
2017-11-03,002415.SZ,002415.SZ,59.38893784110063,60.47012106846425,59.084379185505234,59.312798177201785,325278.87,1275775240.0
2017-11-06,002415.SZ,002415.SZ,58.81083649333982,62.435119011572574,58.81083649333982,60.7600304527255,523193.46,2089035910.0
2017-11-07,002415.SZ,002415.SZ,60.5490563574572,62.25466357879402,60.38154136250447,61.08205861412495,391315.34,1574033287.0
2017-11-08,002415.SZ,002415.SZ,61.05295155153397,62.43878806717118,59.514825308903646,60.45902161626088,468785.06,1882424532.0
2017-11-09,002415.SZ,002415.SZ,60.88530017172154,63.44376200985291,60.41320304682826,62.895520187396194,352801.72,1432419106.0
2017-11-10,002415.SZ,002415.SZ,62.881385332424394,65.3028288460731,62.13515431249492,64.76980668898061,432349.02,1813633692.0
2017-11-13,002415.SZ,002415.SZ,64.75771431669925,66.26547859641542,64.0571369746089,65.4887515432283,358778.32,1539431925.0
2017-11-14,002415.SZ,002415.SZ,65.53664156695874,66.49616013974943,63.51099124662281,63.51099124662281,488306.69,2069181174.0
2017-11-15,002415.SZ,002415.SZ,62.74950022947612,63.02364853144956,59.23126368748364,60.37354827903964,920012.08,3668420229.0
2017-11-16,002415.SZ,002415.SZ,59.88380161551102,62.44241775778107,59.27460729592291,61.985522018089995,623534.76,2495996251.0
2017-11-17,002415.SZ,002415.SZ,61.68174623744607,62.13864806142715,60.03689967111418,60.61564198149021,470760.81,1881846833.0
2017-11-20,002415.SZ,002415.SZ,61.07430763345124,63.40457423392955,59.8101760789434,63.282730228675774,524628.44,2132575475.0
2017-11-21,002415.SZ,002415.SZ,63.10187453191627,64.74681840095971,62.69063856465541,64.39650628070046,571199.3,2388644076.0
2017-11-22,002415.SZ,002415.SZ,64.72923186824057,65.07953124070399,61.53084629357456,63.44987763837417,558342.68,2314915366.0
2017-11-23,002415.SZ,002415.SZ,63.50760032968887,63.58374853152303,57.87263339396108,57.87263339396108,683763.01,2701059149.0
2017-11-24,002415.SZ,002415.SZ,58.174743972979805,58.799132586302356,55.87516639708452,57.108714633160794,629147.09,2361082716.0
2017-11-27,002415.SZ,002415.SZ,57.822536771198756,58.17279180036326,55.14232437411396,56.726086245118616,404355.09,1507450096.0
2017-11-28,002415.SZ,002415.SZ,57.183052989396316,58.218591632080454,56.65005515860302,58.12722057537304,330515.51,1247528253.0
2017-11-29,002415.SZ,002415.SZ,58.78030234850772,59.22191601900169,57.39454910661284,58.35391673561699,362562.25,1388841704.0
2017-11-30,002415.SZ,002415.SZ,58.09418583305394,58.09418583305394,55.73387159868347,56.358212783258885,415569.52,1546741500.0
2017-12-01,002415.SZ,002415.SZ,56.34077930943794,57.30009528146351,55.56419018922677,57.10214119199791,274364.28,1023039015.0
2017-12-04,002415.SZ,002415.SZ,57.008921463089735,59.232025772280736,56.58257269146406,58.45546193824826,322261.74,1234000558.0
2017-12-05,002415.SZ,002415.SZ,58.14918318278895,59.6718117028934,57.707620911958664,58.13395689758791,292385.16,1128247757.0
2017-12-06,002415.SZ,002415.SZ,58.53182631214599,58.912496358400844,56.64370288272193,57.709579012235515,296132.84,1124140659.0
2017-12-07,002415.SZ,002415.SZ,57.78519819196983,57.78519819196983,56.00367824771147,56.39957156865777,290324.14,1077696336.0
2017-12-08,002415.SZ,002415.SZ,56.09408668504186,58.25623660612653,56.07886027714689,58.164878158756764,326043.08,1230580513.0
2017-12-11,002415.SZ,002415.SZ,58.315542478660994,59.99040140102463,58.315542478660994,59.94472343041471,393501.96,1534063331.0
2017-12-12,002415.SZ,002415.SZ,60.0670199240851,60.7065167141514,59.001191940641256,59.153453081133236,262528.02,1029490788.0
2017-12-13,002415.SZ,002415.SZ,59.152612534730665,60.17274768011727,58.71106150165288,60.00526280550155,298692.0,1169047148.0
2017-12-14,002415.SZ,002415.SZ,60.28136718587823,60.38795207355217,58.72827310834361,59.26119754671333,293541.8,1141935557.0
2017-12-15,002415.SZ,002415.SZ,59.23213691729714,59.47576524394927,57.40492446740623,57.785593727800176,257764.29,985385890.0
2017-12-18,002415.SZ,002415.SZ,57.46769464538842,57.894058039683834,56.6149678567976,57.30019474048665,201218.76,758477803.0
2017-12-19,002415.SZ,002415.SZ,57.75530865641938,58.25779354586358,57.17668969281697,57.90757680473581,240948.89,914239582.0
2017-12-20,002415.SZ,002415.SZ,58.138778166941385,58.26059855073802,57.14898754859377,57.56013134390739,281225.68,1067354686.0
2017-12-21,002415.SZ,002415.SZ,57.684380441461,61.40005859027739,57.577783117519544,60.76047464662866,606539.92,2389555098.0
2017-12-22,002415.SZ,002415.SZ,60.90030126606689,61.341938859644266,60.306374847118,60.86984350099259,244284.68,975209405.0
2017-12-25,002415.SZ,002415.SZ,60.948949973930105,61.17739431416223,59.852417140815916,60.97940921929438,240811.77,958076279.0
2017-12-26,002415.SZ,002415.SZ,60.826684632522316,60.918061725109986,58.66409344128092,60.55255335475932,350502.34,1375803842.0
2017-12-27,002415.SZ,002415.SZ,60.096934063385746,60.55382915256505,57.6601602544294,57.82768845379515,331255.09,1282769293.0
2017-12-28,002415.SZ,002415.SZ,57.858600798964986,59.06176728043859,57.828140888041595,58.787628082128144,212947.51,819144925.0
2017-12-29,002415.SZ,002415.SZ,58.48518834627178,60.069162197316636,58.48518834627178,59.39901941418228,278138.92,1086131174.0
2018-01-02,002415.SZ,002415.SZ,59.838716367068905,60.38699679191352,58.7116954937772,59.59503617824908,242668.5,949143499.0
2018-01-03,002415.SZ,002415.SZ,59.623525732627925,61.67950937858062,59.623525732627925,60.369771648566314,461041.78,1840326239.0
2018-01-04,002415.SZ,002415.SZ,60.90308715497963,61.83209148517562,60.370051883555696,61.6797956933402,421046.35,1693894501.0
2018-01-05,002415.SZ,002415.SZ,61.6784002228494,61.6784002228494,60.429602983769485,60.581895329998744,339316.97,1353928112.0
2018-01-08,002415.SZ,002415.SZ,60.579472054185544,62.20893497771442,60.44241442510367,62.13279185044671,420681.81,1703500153.0
2018-01-09,002415.SZ,002415.SZ,62.28812383007282,62.89729863525691,61.35913225216709,62.28812383007282,338418.36,1382592141.0
2018-01-10,002415.SZ,002415.SZ,62.851368904068394,63.96310864964556,62.25742575232169,63.3843948094821,455704.07,1891878257.0
2018-01-11,002415.SZ,002415.SZ,63.672010199265934,64.79894843288125,63.16945666265369,63.80907025470563,319409.63,1340410252.0
2018-01-12,002415.SZ,002415.SZ,64.14680233510092,65.45654236378532,63.37009603902064,65.21286980030915,363777.41,1540282405.0
2018-01-15,002415.SZ,002415.SZ,65.33282228258564,65.80492426178382,63.96220363330063,64.86072030338748,392886.22,1676775194.0
2018-01-16,002415.SZ,002415.SZ,64.72365843845897,66.68821183576749,64.54090928522098,64.86072030338748,403520.17,1740740540.0
2018-01-17,002415.SZ,002415.SZ,64.95075846238697,65.28579168306048,61.52428234186246,62.98624548661959,454655.72,1879509568.0
2018-01-18,002415.SZ,002415.SZ,63.5785644158509,63.60902121317586,61.522730596416196,61.827298569665786,395608.33,1615405122.0
2018-01-19,002415.SZ,002415.SZ,61.81139529976572,62.20732934208991,60.68450610238147,61.36977656025026,303485.42,1223854081.0
2018-01-22,002415.SZ,002415.SZ,61.29260277384176,63.43974736790677,61.216462894619596,63.27223963361801,361192.25,1489855820.0
2018-01-23,002415.SZ,002415.SZ,63.66542112728061,65.84292775756072,63.66542112728061,64.25928657190245,420093.91,1785943424.0
2018-01-24,002415.SZ,002415.SZ,64.87078421211937,65.02306304829806,62.434322833260424,62.434322833260424,419925.81,1751999756.0
2018-01-25,002415.SZ,002415.SZ,63.12125915419859,63.958815065774196,62.207561796116096,62.877606525376585,361962.96,1499174523.0
2018-01-26,002415.SZ,002415.SZ,62.5873868814312,63.39447483878299,62.19145694008882,62.556930732097165,231618.61,953480260.0
2018-01-29,002415.SZ,002415.SZ,62.89372713694773,63.12215471734827,60.152596172141294,60.30488122574166,459419.45,1838687945.0
2018-01-30,002415.SZ,002415.SZ,60.12213916142122,61.11199200982355,58.827716205818184,60.30488122574166,277015.11,1092851631.0
2018-01-31,002415.SZ,002415.SZ,60.45862088785401,61.220064475862245,59.925610376248244,60.7631983230573,209623.25,835759199.0
2018-02-01,002415.SZ,002415.SZ,61.205683957418174,62.058512596785036,60.06350274398041,60.42900073228049,301168.74,1209515474.0
2018-02-02,002415.SZ,002415.SZ,60.7516410758021,61.48267110128179,60.462275024049724,61.2085348417269,243624.66,974978460.0
2018-02-05,002415.SZ,002415.SZ,60.45966827656791,61.05360456442337,59.25656656527096,59.37839964995927,365325.46,1437607720.0
2018-02-06,002415.SZ,002415.SZ,57.59912371485962,58.17785631696557,54.21810693413545,55.75631727131176,692115.9,2558966434.0
2018-02-07,002415.SZ,002415.SZ,57.26614932647623,58.22566193487197,55.286202674231035,55.43850626286528,465443.28,1733454529.0
2018-02-08,002415.SZ,002415.SZ,55.72701527099657,58.81872997447081,55.589944175768636,58.681658879242896,498384.93,1886271975.0
2018-02-09,002415.SZ,002415.SZ,56.577915125589186,57.58306785729549,55.587991980726926,56.89773644931392,450790.07,1674228284.0
2018-02-12,002415.SZ,002415.SZ,57.85965028344528,59.74819901604523,56.94583638057434,59.276061832895245,397619.38,1531775968.0
2018-02-13,002415.SZ,002415.SZ,60.021859580061864,60.9813564472387,59.48880576496363,59.732487509008536,250267.38,987912291.0
2018-02-14,002415.SZ,002415.SZ,60.13060113146021,60.80074967497193,58.89691858545001,60.084909185311695,188522.87,742405102.0
2018-02-22,002415.SZ,002415.SZ,61.227503074077475,61.68442473880939,60.43550552187547,61.59304040586301,248290.99,998337579.0
2018-02-23,002415.SZ,002415.SZ,62.144221464370524,62.90579280584566,61.595890098508434,62.41838714730157,263540.93,1078937421.0
2018-02-26,002415.SZ,002415.SZ,62.84532601220831,66.37904284081527,62.84532601220831,65.49561363366354,624764.97,2669265226.0
2018-02-27,002415.SZ,002415.SZ,66.25485479523357,67.62564489444529,63.97020462988068,64.80790969051007,521030.91,2246306808.0
2018-02-28,002415.SZ,002415.SZ,64.13966661042782,65.78466399677933,64.00258349489853,64.84031364535532,269404.03,1149234193.0
2018-03-01,002415.SZ,002415.SZ,64.26126870938184,67.47509371475742,64.0632605336952,67.45986231662768,530295.37,2317379835.0
2018-03-02,002415.SZ,002415.SZ,67.06675415446261,67.325699151198,65.07135447373706,65.193210942789,368528.28,1596061987.0
2018-03-05,002415.SZ,002415.SZ,65.43704636460626,66.18341863459362,64.20324730605572,65.10194044746908,234505.93,1001083029.0
2018-03-06,002415.SZ,002415.SZ,65.49647935338274,66.4103837164532,64.93290499615597,65.64879674722782,194411.85,837393938.0
2018-03-07,002415.SZ,002415.SZ,65.49666828553474,65.49666828553474,62.754947287535614,63.3642186204243,309861.1,1306295057.0
2018-03-08,002415.SZ,002415.SZ,63.47251532275745,65.1937522393573,62.64997732721416,64.67585794586708,262229.03,1104309460.0
2018-03-09,002415.SZ,002415.SZ,65.37587168866706,67.17325119921288,64.55334208214609,66.60966609844851,435254.21,1891232170.0
2018-03-12,002415.SZ,002415.SZ,67.17118785702587,67.9175343887706,66.1202100878343,66.94271442894075,294323.12,1293220017.0
2018-03-13,002415.SZ,002415.SZ,66.9421154920601,67.01827262003741,65.6626757420412,66.39378417062343,213974.72,932892903.0
2018-03-14,002415.SZ,002415.SZ,65.98134814753008,66.52966960027963,64.8694740905657,65.41779554331526,206143.34,886325282.0
2018-03-15,002415.SZ,002415.SZ,64.9634766200079,66.50188485884044,64.88731779630332,65.63367426860822,196989.3,849843983.0
2018-03-16,002415.SZ,002415.SZ,65.43473775115153,65.48043240041909,63.348015434599446,63.45463628289042,331141.21,1396988836.0
2018-03-19,002415.SZ,002415.SZ,63.53308412993927,65.4675606786092,63.53308412993927,64.73641993580482,226091.06,959282375.0
2018-03-20,002415.SZ,002415.SZ,64.03874976354642,65.27260769191162,63.8102575545899,64.89178734365075,165519.54,703081120.0
2018-03-21,002415.SZ,002415.SZ,65.69686411534937,67.4790419733359,65.30082459135237,66.35185255888288,401111.97,1754924234.0
2018-03-22,002415.SZ,002415.SZ,66.67086140673688,67.90466076107676,65.77216804987202,65.89402477622657,283783.41,1245667584.0
2018-03-23,002415.SZ,002415.SZ,62.63211193600219,65.22147454036026,61.73345079684263,65.1757799061657,527766.6,2198182572.0
2018-03-26,002415.SZ,002415.SZ,64.7316758801089,65.5693799209103,62.5384143914652,65.32568419994989,295129.62,1244839661.0
2018-03-27,002415.SZ,002415.SZ,65.61637533449287,67.47459209187637,65.61637533449287,67.06334739966856,355808.81,1556670842.0
2018-03-28,002415.SZ,002415.SZ,65.51137421142974,65.92262906000184,63.63787990126795,64.0186714277236,439962.95,1866515859.0
2018-03-29,002415.SZ,002415.SZ,64.40011781136882,64.40011781136882,61.23190009501008,63.21203616773429,302681.06,1240884756.0
2018-03-30,002415.SZ,002415.SZ,63.24372483593809,63.95963405252987,62.57351195232024,62.90861839412916,176236.65,732904243.0
2018-04-02,002415.SZ,002415.SZ,63.18152747468061,63.97358133887622,61.734505992015556,62.19146014443609,228243.39,939325418.0
2018-04-03,002415.SZ,002415.SZ,62.08264689755507,63.34684211161226,61.51908999490308,62.981291688270424,244114.58,1003835082.0
2018-04-04,002415.SZ,002415.SZ,62.99943520392953,63.59348210261262,61.87226929360777,62.60340393814081,175034.84,721588246.0
2018-04-09,002415.SZ,002415.SZ,62.601865392946955,63.24159248455371,61.687969547794445,61.9773698987594,153670.78,630311699.0
2018-04-10,002415.SZ,002415.SZ,62.664145203530985,64.03501857939821,62.03963622119146,64.03501857939821,234527.06,975920580.0
2018-04-11,002415.SZ,002415.SZ,64.73587850033692,65.42131721386991,63.66964050150784,63.91335204409735,203407.06,861487401.0
2018-04-12,002415.SZ,002415.SZ,64.44685822192321,64.73626741743645,62.60377860839148,62.877955740982976,134224.13,558186974.0
2018-04-13,002415.SZ,002415.SZ,63.563496503552436,63.974762836070035,62.77142801129634,63.27408686215117,109941.69,457309052.0
2018-04-16,002415.SZ,002415.SZ,63.2143064365268,63.80836859340018,61.56921123287743,62.071879211770295,232909.49,956396981.0
2018-04-17,002415.SZ,002415.SZ,61.46456657308593,61.99771646901109,55.87410909295643,57.869612989133444,1002660.69,3807700194.0
2018-04-18,002415.SZ,002415.SZ,58.631860207125406,59.04315151021513,55.600490973241804,57.915908679524755,880888.62,3324446135.0
2018-04-19,002415.SZ,002415.SZ,58.98499651350586,60.34079834452395,58.98499651350586,59.79238412074135,353505.13,1386238982.0
2018-04-20,002415.SZ,002415.SZ,59.94714546769202,60.373707112697204,57.79910289820165,58.39324233231601,349767.71,1351479482.0
2018-04-23,002415.SZ,002415.SZ,59.53774988202941,60.93935504813655,58.89788665402397,59.53774988202941,371270.82,1456436441.0
2018-04-24,002415.SZ,002415.SZ,59.418614364372324,60.637457735949184,59.068196895043975,60.45463123021266,363113.23,1427796054.0
2018-04-25,002415.SZ,002415.SZ,59.87425148478158,60.92547880092661,59.72189969983304,60.25513094715296,261410.84,1032403562.0
2018-04-26,002415.SZ,002415.SZ,60.45261555317091,60.483085621494084,57.55795906246968,57.89312981402456,338141.71,1297749159.0
2018-04-27,002415.SZ,002415.SZ,58.444019785287615,59.26674581980418,57.941242764194165,58.65731912756969,255045.86,981825507.0
2018-05-02,002415.SZ,002415.SZ,60.18065510322549,60.60725215205848,58.67232982342313,59.60170196552357,430682.14,1680924037.0
2018-05-03,002415.SZ,002415.SZ,59.22073941258881,60.11963923902122,58.80937847506891,59.87586979456497,229502.35,898763340.0
2018-05-04,002415.SZ,002415.SZ,59.41768126251479,60.19468170979383,59.143445810533954,59.768093228934745,191691.48,752644204.0
2018-05-07,002415.SZ,002415.SZ,59.72063167360916,60.42143500447293,58.83701008252004,59.857745368778154,243700.22,954768791.0
2018-05-08,002415.SZ,002415.SZ,60.17828804197559,60.78768842721079,59.4165375604316,60.49822324422407,310905.1,1230289447.0
2018-05-09,002415.SZ,002415.SZ,60.633298277747144,60.75517425418484,59.9782149043946,60.35907733076236,177939.8,704193372.0
2018-05-10,002415.SZ,002415.SZ,60.49328338900837,61.62058204697529,60.32571196687815,61.620582046975294,262784.38,1051919208.0000001
2018-05-11,002415.SZ,002415.SZ,61.98740175795207,62.23114676363584,60.86008110666467,60.90578329523037,219074.6,885911050.0
2018-05-14,002415.SZ,002415.SZ,62.12324138909844,63.98175915503027,62.0927738847389,63.494279085277654,471803.93,1960167111.0
2018-05-15,002415.SZ,002415.SZ,63.98439972058604,64.13674352944459,63.22268067629335,63.786352769069936,219720.71,918979153.0
2018-05-16,002415.SZ,002415.SZ,63.45281485488035,64.13837948116358,62.919597923326734,63.07194561805635,202515.86,846579859.0
2018-05-17,002415.SZ,002415.SZ,63.225939064455694,63.576347883367134,62.159477441681744,63.21070389841607,188569.6,777183905.0
2018-05-18,002415.SZ,002415.SZ,63.0729291117637,63.19480916801832,61.83889354218572,62.768228971127165,160868.91,659114554.0
2018-05-21,002415.SZ,002415.SZ,63.07184786155036,64.5648529558576,63.07184786155036,63.98593261316704,186951.37,785957274.0
2018-05-22,002415.SZ,002415.SZ,64.21543097921477,64.32335607329749,63.29035874422008,64.10750588513206,142062.54,587576675.0
2018-05-23,002415.SZ,002415.SZ,64.31072966931731,64.52658922706615,62.52217904796971,62.79971276507537,193898.23,795018683.0
2018-05-24,002415.SZ,002415.SZ,62.354648321143394,62.709286528706784,60.67397159834305,61.53743853849735,265507.31,1059808638.0
2018-05-25,002415.SZ,002415.SZ,61.35392305598327,61.35392305598327,59.36481622657341,59.519010554434644,351173.49,1364237843.0
2018-05-28,002415.SZ,002415.SZ,57.054498601627124,60.29272690063839,56.638154963182814,59.61424097132174,424493.87,1623463902.0
2018-05-29,002415.SZ,002415.SZ,59.137635207112666,60.49463961342971,58.75212259168168,59.661932364098796,251237.68,977289543.0
2018-05-30,002415.SZ,002415.SZ,59.61269477568331,59.61269477568331,58.03988182505742,58.56415280859938,271622.18,1036132456.0
2018-05-31,002415.SZ,002415.SZ,59.21145498492982,60.95387540505927,59.18061568545851,60.367928715104235,322752.6,1257835588.0
2018-06-01,002415.SZ,002415.SZ,60.43198016352032,60.43198016352032,59.05957744993183,59.69180791349507,148658.61,576839639.0
2018-06-04,002415.SZ,002415.SZ,60.13949647284629,60.5712672167539,59.584362659250786,60.324541077378115,212088.86,827780745.0
2018-06-05,002415.SZ,002415.SZ,60.52397816841503,61.988889741918065,59.98427390449285,61.7421677926965,267915.95,1062102747.0
2018-06-06,002415.SZ,002415.SZ,61.75734014085017,62.59002337870434,60.95549702291654,61.49519912152572,234317.83,936220942.0
2018-06-07,002415.SZ,002415.SZ,61.95502441400749,61.95502441400749,60.906507325865995,61.384507763106974,146316.9,581868813.0
2018-06-08,002415.SZ,002415.SZ,61.47643990568085,61.58437446282652,59.826583103597116,60.21206366483163,181315.52,711363838.0
2018-06-11,002415.SZ,002415.SZ,59.56200992464442,60.548799630877205,58.744824699170394,60.44086950675799,221965.29,860763991.0
2018-06-12,002415.SZ,002415.SZ,59.975403058060955,61.039234114874894,59.75955327841755,61.039234114874894,209943.48,821707716.0
2018-06-13,002415.SZ,002415.SZ,60.66868589943544,60.69952131793578,59.82071189067585,59.89780043692673,145846.05,568576778.0
2018-06-14,002415.SZ,002415.SZ,59.68171191697855,60.49884721318105,59.23460015113191,59.28085309242639,133115.21,515366614.0
2018-06-15,002415.SZ,002415.SZ,59.78862899304427,59.78862899304427,58.586072762652975,58.616907537791214,174987.8,670637629.0
2018-06-19,002415.SZ,002415.SZ,57.81538232132595,58.74042843846717,56.859501333613366,57.78454745075457,389595.02,1462138489.0
2018-06-20,002415.SZ,002415.SZ,57.69367200619414,58.711251469691945,57.50865755828544,58.310386832556446,167504.65,630917963.0
2018-06-21,002415.SZ,002415.SZ,58.2360399070581,58.54441184196441,56.74043602276245,57.03338936092346,230514.48,857503998.0
2018-06-22,002415.SZ,002415.SZ,57.12426000947568,57.47887754799604,55.890807701578765,57.43262308644991,139354.59,516179919.0
2018-06-25,002415.SZ,002415.SZ,57.910037014572595,58.079635099546046,56.846194481557276,56.938702527906436,109672.83,408265207.0
2018-06-26,002415.SZ,002415.SZ,56.93676205692429,58.00056833418607,56.39715017715382,57.8155585468362,210706.76,782648611.0
2018-06-27,002415.SZ,002415.SZ,57.956281773233535,58.71176403098517,56.260301194607386,56.81534938397594,211948.24,788948553.0
2018-06-28,002415.SZ,002415.SZ,56.30617699675109,57.09248998328842,55.04190905761265,55.08816276270307,267119.06,970428991.0
2018-06-29,002415.SZ,002415.SZ,55.166167482482535,57.43263663282489,55.166167482482535,57.24761874300103,215063.07,786493284.0
2018-07-02,002415.SZ,002415.SZ,57.09114558815597,58.10870313847146,55.61106187860615,56.1198406537639,159490.65,588114321.0
2018-07-03,002415.SZ,002415.SZ,56.11977733095356,56.9060709144367,53.4987987193431,54.65511281270066,439477.63,1555260563.0
2018-07-04,002415.SZ,002415.SZ,54.65424450552447,55.08592824209841,52.26456667806147,52.40332216481739,344175.16,1190895604.0
2018-07-05,002415.SZ,002415.SZ,52.44826393108917,53.31160983941985,50.70615522320761,51.53866734909791,345285.46,1160454575.0
2018-07-06,002415.SZ,002415.SZ,52.35680325523354,52.58806122014181,47.82414714303134,50.10589239679299,486225.71,1586890297.0
2018-07-09,002415.SZ,002415.SZ,50.87784436809219,54.100107844738034,50.8470093108994,53.868844915792145,379703.08,1300566745.0
2018-07-10,002415.SZ,002415.SZ,54.47197523476458,55.443312466519515,54.11736005491755,55.02702508148168,313046.59,1111757413.0
2018-07-11,002415.SZ,002415.SZ,53.163022125272676,54.53526950611643,52.59253725907921,54.273154837865384,246960.07,862039363.0
2018-07-12,002415.SZ,002415.SZ,54.25821331905687,56.70977794472611,54.134864155501184,56.1238694178366,362705.82,1318020315.0
2018-07-13,002415.SZ,002415.SZ,56.431444697859,57.14069236346051,56.13849457511055,56.72439482060744,211281.99,778126429.0
2018-07-16,002415.SZ,002415.SZ,56.727028563625815,57.82178774492982,56.03316711068666,56.588256273037985,158007.52,582411880.0
2018-07-17,002415.SZ,002415.SZ,56.21626418483691,56.5708922913238,54.53563533235549,55.614938265141724,188532.21,675009460.0
2018-07-18,002415.SZ,002415.SZ,55.92404423302424,56.987942510410136,55.353548055295555,55.35354805529556,130312.81,474257873.0
2018-07-19,002415.SZ,002415.SZ,55.82967889255487,57.14023473510311,55.82967889255487,56.69310391823371,257242.52,944416793.0
2018-07-20,002415.SZ,002415.SZ,56.43097176955808,57.21730498274044,56.045514312115735,56.939775613381954,222270.0,818130579.0
2018-07-23,002415.SZ,002415.SZ,56.122598394931416,57.016859578147354,55.382520174338914,56.64682046785111,300849.56,1097675538.0
2018-07-24,002415.SZ,002415.SZ,56.04550624441961,57.12478696989674,55.382519513055094,56.816421048331854,402456.4,1469561633.0
2018-07-25,002415.SZ,002415.SZ,56.939765516854344,57.016856994672985,55.12040664033422,55.44419084717255,328648.57,1185612997.0
2018-07-26,002415.SZ,002415.SZ,56.662253059132226,56.662253059132226,54.442017837223375,54.503691037831956,211727.01,757779330.0
2018-07-27,002415.SZ,002415.SZ,54.734982302109884,54.82749213135289,53.62486435119386,53.87155722917519,178401.62,624287809.0
2018-07-30,002415.SZ,002415.SZ,53.50152418264347,54.39578597013434,51.38921616736331,52.884791915408385,365673.33,1246322025.0
2018-07-31,002415.SZ,002415.SZ,52.49932043277218,53.856131063633846,52.49932043277218,53.316490471813864,266166.66,916864027.0
2018-08-01,002415.SZ,002415.SZ,54.210742417003964,54.210742417003964,50.67995174194881,51.157919038572004,318464.44,1079686417.0
2018-08-02,002415.SZ,002415.SZ,48.58306648896963,50.849556737740976,48.30553707075272,49.19979852945163,580301.71,1849896446.0
2018-08-03,002415.SZ,002415.SZ,48.583051022632105,49.38480242002242,44.558875739576884,46.30114319929045,768255.76,2330377548.0
2018-08-06,002415.SZ,002415.SZ,46.25488824944986,47.07205794185681,45.02142456279786,46.36281632203191,418081.19,1255360627.0
2018-08-07,002415.SZ,002415.SZ,46.11614318061481,46.56327395702331,44.990607088276164,46.517019049118986,439190.64,1303769948.0
2018-08-08,002415.SZ,002415.SZ,47.25708675964629,47.25708675964629,44.83641380001678,45.06768828660559,457921.22,1365345206.0
2018-08-09,002415.SZ,002415.SZ,45.48396723886446,49.56981514337262,45.021418419486174,49.56981514337262,656326.21,2050614696.0
2018-08-10,002415.SZ,002415.SZ,49.723979592053595,49.89358076275517,48.660117703107325,49.33852238591364,435221.19,1391318384.0
2018-08-13,002415.SZ,002415.SZ,48.8759737385457,49.723979592053595,48.27466049696738,49.6468881508256,348477.6,1110616340.0
2018-08-14,002415.SZ,002415.SZ,49.323112263224914,49.33853055402305,48.18215874416314,48.428851396933254,248648.11,783133070.0
2018-08-15,002415.SZ,002415.SZ,48.444256393055205,48.58302097215689,46.34736941996306,46.85617287666924,279491.86,854184753.0
2018-08-16,002415.SZ,002415.SZ,46.2548822017171,49.12268489822356,45.94651632037232,47.82754819657548,383815.38,1197631360.0
2018-08-17,002415.SZ,002415.SZ,48.62930742366255,49.10727461774422,46.91787650291857,47.24166073116743,244318.35,762695920.0
2018-08-20,002415.SZ,002415.SZ,48.49054447252148,49.30771422038909,47.704211318913025,48.737237226594715,296221.78,934171706.0
2018-08-21,002415.SZ,002415.SZ,48.95307340464615,50.880359759159774,48.52136126123509,50.880359759159774,543842.75,1755988022.0
2018-08-22,002415.SZ,002415.SZ,50.88037712447028,50.88037712447028,49.40022069903114,49.6931683248993,196084.88,633205194.0
2018-08-23,002415.SZ,002415.SZ,49.646901604217845,50.6490906117564,49.21518941635508,49.87817599057289,152992.58,495761335.0
2018-08-24,002415.SZ,002415.SZ,49.723989289830385,49.723989289830385,48.62929061089149,48.72180035840745,167623.59,532882665.00000006
2018-08-27,002415.SZ,002415.SZ,49.276839584150764,50.67990353976957,48.8605458830331,50.49488411705061,286682.96,929157988.0
2018-08-28,002415.SZ,002415.SZ,50.29442646340702,50.695301720319534,49.33849315846183,49.56976734514212,243981.86,787382160.0
2018-08-29,002415.SZ,002415.SZ,49.49268176145374,50.0477398746663,49.06096989562174,49.89355706544059,168423.14,541775106.0
2018-08-30,002415.SZ,002415.SZ,49.63145329654929,49.723962995144916,48.12046155282086,48.49050034720333,289488.3,916992104.0
2018-08-31,002415.SZ,002415.SZ,47.950860438728895,48.953048840181424,47.596239927445694,48.49050034720333,220948.49,690711790.0
2018-09-03,002415.SZ,002415.SZ,48.583016196532604,49.03014646301925,47.67333737850803,48.105049359943415,167401.78,524368919.0
2018-09-04,002415.SZ,002415.SZ,48.49048583257991,49.569765326468804,47.96626436411958,49.230563199818015,243622.82,773011690.0
2018-09-05,002415.SZ,002415.SZ,48.72173696209475,50.26356408114838,48.521299436617774,49.770179403051216,326489.04,1048824585.9999999
2018-09-06,002415.SZ,002415.SZ,49.215139690977736,50.04772664063714,48.120442034944084,48.25920652655398,267796.55,849541489.0
2018-09-07,002415.SZ,002415.SZ,48.33628638689612,49.21512795756696,46.10063677729486,46.563184972384775,423923.97,1302275665.0
2018-09-10,002415.SZ,002415.SZ,45.82309971669474,45.83851798712432,44.574219811899226,45.11385927693433,267931.01,784774525.0
2018-09-11,002415.SZ,002415.SZ,45.29888677510905,45.68434360607492,44.94426649062045,45.190958862438606,166455.39,488507355.0
2018-09-12,002415.SZ,002415.SZ,45.02137204301143,45.190973102077564,40.68883589777643,41.15138424068408,881565.58,2415001779.0
2018-09-13,002415.SZ,002415.SZ,41.937712986109354,43.09408374859399,41.074289483454166,42.323169906937565,610619.17,1665442607.0
2018-09-14,002415.SZ,002415.SZ,43.06323610334929,43.29451019627812,42.33857727883893,42.80112546469661,360941.16,1003247794.0
2018-09-17,002415.SZ,002415.SZ,42.55441662423908,43.01696463102429,41.78350327959707,42.693181026274644,266651.69,735578236.0
2018-09-18,002415.SZ,002415.SZ,43.016945337338555,43.24821923700167,40.719624600684995,42.52356101805726,482460.38,1312983121.0
2018-09-19,002415.SZ,002415.SZ,41.629307466034355,43.4486623849203,41.629307466034355,42.97069626216213,635722.27,1759520970.0
2018-09-20,002415.SZ,002415.SZ,42.86279002285465,43.26366503745688,42.246059231158895,42.44649673846001,429718.99,1193820970.0
2018-09-21,002415.SZ,002415.SZ,42.55444024843746,44.75925363812099,42.01480060760582,44.60507088359766,550540.48,1564769501.0
2018-09-25,002415.SZ,002415.SZ,44.019169474923515,44.23502529721736,43.55662128429385,44.096260840028464,273581.72,780157123.0
2018-09-26,002415.SZ,002415.SZ,44.1116785046125,46.254818424969415,43.7108034115961,44.712991144137106,831649.99,2425200912.0
2018-09-27,002415.SZ,002415.SZ,44.37378297075606,44.80549454934576,43.942071392166355,44.342946429428224,503510.38,1451293058.0
2018-09-28,002415.SZ,002415.SZ,44.69758500651764,44.71300328351196,43.356194908012284,44.31212808165978,358018.38,1023554415.0
2018-10-08,002415.SZ,002415.SZ,42.55443604934679,42.55443604934679,39.887074659297156,39.887074659297156,1054025.14,2766870117.0
2018-10-09,002415.SZ,002415.SZ,39.11615997465232,40.01041984005627,37.975207732585204,38.45317421237008,821517.72,2063728077.0
2018-10-10,002415.SZ,002415.SZ,38.51485455022465,39.00823939634442,37.6360127930738,38.530272826665886,493184.43,1226442760.0
2018-10-11,002415.SZ,002415.SZ,36.988440817252595,37.620590076738786,36.03250779071252,36.71091187406354,798059.92,1911978092.0
2018-10-12,002415.SZ,002415.SZ,37.06552134448051,38.54567527504212,36.7879924825002,37.99061755108152,754962.23,1853864283.0
2018-10-15,002415.SZ,002415.SZ,38.32981000468665,38.97737718899753,37.69766108666889,37.86726201589316,419183.64,1043932034.0
2018-10-16,002415.SZ,002415.SZ,38.006019396997694,38.60733167143295,37.17343317085657,37.420125386009495,246605.94,603103425.0
2018-10-17,002415.SZ,002415.SZ,38.23730608418917,38.54567145583586,37.05009940334943,38.23730608418917,261514.84,645956944.0
2018-10-18,002415.SZ,002415.SZ,37.95975968154578,38.237288387584705,37.0809187790892,37.3121927007883,334628.99,816631332.0
2018-10-19,002415.SZ,002415.SZ,37.31221011314489,37.620575485980794,34.36732080256197,37.003844740308985,817800.97,1919069954.0
2018-10-22,002415.SZ,002415.SZ,36.232919787414346,39.1932264253648,35.66244402905931,38.79235156814234,1275638.99,3107933981.0
2018-10-23,002415.SZ,002415.SZ,38.237274954879595,38.237274954879595,35.69326270989768,36.51043027949793,998331.17,2382363066.0
2018-10-24,002415.SZ,002415.SZ,36.23289682374353,37.35842936337471,36.23289682374353,36.88046349038065,519903.05,1242799229.0
2018-10-25,002415.SZ,002415.SZ,35.307802418211296,37.11173817494961,35.153619874900336,36.61835403635451,541847.38,1262683170.0
2018-10-26,002415.SZ,002415.SZ,37.60511459492353,37.91347961825213,36.94212979476703,37.55885984142424,476118.09,1156532549.0
2018-10-29,002415.SZ,002415.SZ,37.635944759230455,38.19100170774839,36.61834035361422,36.98837831929285,488200.95,1182315772.0
2018-10-30,002415.SZ,002415.SZ,37.31215295430244,37.373825934392194,35.631564246856584,36.3870582529561,365002.96,865763522.0
2018-10-31,002415.SZ,002415.SZ,36.77252410347957,37.38925406747922,36.309976630479824,37.312162821979264,350255.06,840140421.0
2018-11-01,002415.SZ,002415.SZ,38.761473974529316,40.30329871496405,38.25267181018585,39.25485789146843,901939.12,2297490229.0
2018-11-02,002415.SZ,002415.SZ,43.17108844743015,43.18650669330424,41.937628777503576,43.18650669330424,1582592.48,4411162374.0
2018-11-05,002415.SZ,002415.SZ,43.171073980604206,43.92656777526477,42.75478148150552,43.52569351687345,944304.66,2651254307.0
2018-11-06,002415.SZ,002415.SZ,43.756953001593345,43.756953001593345,41.76800059243001,42.55433061465738,501255.04,1378419700.0
2018-11-07,002415.SZ,002415.SZ,42.6314073419777,43.17104540959767,41.70631351177204,41.845077586302885,443757.8,1219809232.0
2018-11-08,002415.SZ,002415.SZ,42.33846935466875,42.41556052246677,41.475048275331005,41.53672120956942,298178.96,810551892.0
2018-11-09,002415.SZ,002415.SZ,41.629210167578115,41.64462839356611,40.41117031452676,40.62702547835864,403469.53,1071706013.0
2018-11-12,002415.SZ,002415.SZ,40.8120267811892,43.17101435108794,40.580753490022666,42.83181352404368,596318.71,1629597265.0
2018-11-13,002415.SZ,002415.SZ,41.6292010015344,43.91109794532221,41.47501877560279,43.4793877127137,562622.37,1568115911.0
2018-11-14,002415.SZ,002415.SZ,43.325191937808746,43.47937411552336,42.12257095163469,42.40009887152101,406868.69,1123580307.0
2018-11-15,002415.SZ,002415.SZ,42.060901854857725,43.016831442468124,41.937556101617666,42.955158565848095,289846.49,801023404.0
2018-11-16,002415.SZ,002415.SZ,43.15559002041375,45.43748617011765,42.73929815526506,44.404465615859806,605668.37,1737925561.0
2018-11-19,002415.SZ,002415.SZ,44.25026409258736,45.668739457227794,43.94189988288292,45.12910209024502,513039.27,1496226304.0
2018-11-20,002415.SZ,002415.SZ,43.479349662995105,43.479349662995105,40.98159978873794,41.19745471614288,1067215.93,2902839721.0
2018-11-21,002415.SZ,002415.SZ,40.51905473802158,41.582911198038126,39.54770753539777,40.889091767592554,481692.3,1272759644.0
2018-11-22,002415.SZ,002415.SZ,41.151204526415135,41.505823373963864,40.76574925734043,41.289968423282026,224849.74,600217985.0
2018-11-23,002415.SZ,002415.SZ,40.87369109118843,41.0895461176979,39.77899774246176,40.64241784849969,399567.77,1043277072.0
2018-11-26,002415.SZ,002415.SZ,40.118202443462565,41.05871372288271,40.118202443462565,40.76576758666988,192929.29,508655099.0
2018-11-27,002415.SZ,002415.SZ,40.087385272451364,40.1798946230801,39.162291766164024,39.65567496951727,377694.86,968759946.0
2018-11-28,002415.SZ,002415.SZ,39.856102349505434,41.42876093350913,39.439810371386805,41.19748761233211,447895.6,1186765636.0
2018-11-29,002415.SZ,002415.SZ,42.07632879063614,42.21509279177785,40.272396775793915,40.58076122277549,360224.82,963388283.0
2018-11-30,002415.SZ,002415.SZ,40.51909489517486,41.95298980584885,40.24156684794763,41.89131690646503,337677.22,902874031.0
2018-12-03,002415.SZ,002415.SZ,45.66878097886266,46.08507304045256,43.787757589456426,45.09830667223946,984262.81,2875558564.0
2018-12-04,002415.SZ,002415.SZ,45.052039879555466,45.237058523824686,43.81858225109399,44.419892844968956,388900.48,1122535653.0
2018-12-05,002415.SZ,002415.SZ,43.325184336653365,44.29653188583812,42.89347431479347,43.86482186397823,302611.68,856901327.0
2018-12-06,002415.SZ,002415.SZ,42.12257240488337,42.75471935532269,41.44417079953386,41.8604626937256,623794.07,1699252406.0
2018-12-07,002415.SZ,002415.SZ,41.78336387588029,42.61594751030742,41.78336387588029,42.107146400379726,234751.81,643036620.0
2018-12-10,002415.SZ,002415.SZ,41.36706407256655,42.01462899655007,40.36488026163967,41.28997301018756,317582.36,849381790.0
2018-12-11,002415.SZ,002415.SZ,40.719510635512826,41.4287486094748,40.67325598503704,41.4287486094748,292635.29,778619654.0
2018-12-12,002415.SZ,002415.SZ,41.87587334032411,42.43092909888511,41.613763676559195,42.29216515924486,422539.66,1153430548.0
2018-12-13,002415.SZ,002415.SZ,42.35381929250009,43.5410213622207,42.12254616203504,43.47934852743002,459441.89,1287060595.0
2018-12-14,002415.SZ,002415.SZ,43.47934977102955,43.71062290810949,42.84720319634436,43.124730960840296,294556.04,824818073.0
2018-12-17,002415.SZ,002415.SZ,42.47717029610719,43.09389872145901,42.13796966216368,42.770116298149304,188695.26,522068503.0
2018-12-18,002415.SZ,002415.SZ,42.137990870473175,42.98599288213656,41.706280755444546,41.9683904681405,260162.77,711530933.0
2018-12-19,002415.SZ,002415.SZ,41.98379347030316,42.35383057764332,41.49041066051627,41.860447767856435,177715.89,481817721.0
2018-12-20,002415.SZ,002415.SZ,41.690852922815004,42.12256293828794,41.27456112218039,41.5212525595935,245934.08,663510787.0
2018-12-21,002415.SZ,002415.SZ,41.289992635403614,41.52126593246525,39.94860751244614,40.16446258970367,304159.1,797694281.0
2018-12-24,002415.SZ,002415.SZ,40.1952878255821,41.01245324742938,39.979432808490365,40.38030641166073,143532.51,376872805.0
2018-12-25,002415.SZ,002415.SZ,39.70189600708369,40.4573883971214,39.008076465212326,40.27236985262237,200162.94,515715572.0
2018-12-26,002415.SZ,002415.SZ,40.380289856194544,40.611562993973436,39.778979697969426,39.94857999900728,149603.25,389320758.0
2018-12-27,002415.SZ,002415.SZ,41.012455587823474,41.04329202059627,39.77899827691149,39.77899827691149,230156.11,603161712.0
2018-12-28,002415.SZ,002415.SZ,40.10279638887558,40.42657905868195,39.3473034926607,39.71734082958228,163799.82,422866449.0
2019-01-02,002415.SZ,002415.SZ,39.79443938835218,40.27240437131961,39.34731085589878,39.54774778423996,190109.47,489761002.0
2019-01-03,002415.SZ,002415.SZ,39.36274890243525,39.67111356285386,38.31430905701199,39.038966008995715,250165.12,632671568.0
2019-01-04,002415.SZ,002415.SZ,38.77686598505109,40.4728720519917,38.4068282977186,39.94865199493733,308261.74,793272562.0
2019-01-07,002415.SZ,002415.SZ,40.549966282578886,41.89135299991134,40.426620377536814,41.87593476178108,511259.72,1371283311.0
2019-01-08,002415.SZ,002415.SZ,41.875945046018,42.75478483527538,41.166705917845384,41.93761801368519,298116.07,814788718.0
2019-01-09,002415.SZ,002415.SZ,42.739359300469864,43.9419819647688,42.06095677189098,43.3715071111911,481812.35,1355821320.0
2019-01-10,002415.SZ,002415.SZ,43.32525896935128,44.20409874203919,42.90896644544648,43.679878526751665,348536.81,988940993.0
2019-01-11,002415.SZ,002415.SZ,43.834070002565554,44.52789101913799,42.9860665378659,43.86490649219099,252082.47,716389178.0
2019-01-14,002415.SZ,002415.SZ,43.29444178646473,43.849498732445056,43.016913313474575,43.20193229546801,199129.96,558952473.0
2019-01-15,002415.SZ,002415.SZ,43.402361296765456,45.5146609406933,43.109414630819266,45.37589673050826,459859.97,1339728543.0
2019-01-16,002415.SZ,002415.SZ,45.48381221348823,45.76134055919765,44.85166431492788,44.990428487782594,299587.89,880162405.0
2019-01-17,002415.SZ,002415.SZ,45.2987799152608,45.900091153074,44.75914162491563,44.820814572383654,239281.8,703814408.0
2019-01-18,002415.SZ,002415.SZ,45.283366474187716,45.69965891368485,44.74372812669144,45.42213062068676,260384.44,762298135.0
2019-01-21,002415.SZ,002415.SZ,45.17544302928581,46.193046865440365,44.21951215289819,45.17544302928581,332637.72,977529603.0
2019-01-22,002415.SZ,002415.SZ,45.17543307805185,45.17543307805185,43.941974154419036,44.09615651987314,277975.46,797620671.0
2019-01-23,002415.SZ,002415.SZ,43.325227582491905,44.51243132763492,43.294391121579096,43.726101574358374,210026.23,596886986.0
2019-01-24,002415.SZ,002415.SZ,44.32739228766585,45.098303457886125,43.63357223446761,44.49699274511431,284329.2,821096785.0
2019-01-25,002415.SZ,002415.SZ,44.5432467464187,45.406667244099374,44.25030050613419,45.175393896506336,276717.4,806702690.0
2019-01-28,002415.SZ,002415.SZ,45.45291128585921,46.963896803503104,45.298729090181254,45.49916594456259,394286.23,1183031044.0
2019-01-29,002415.SZ,002415.SZ,45.42208406551418,45.45292051090828,44.065280468173626,44.820773380329165,320674.82,930710558.0
2019-01-30,002415.SZ,002415.SZ,44.57407544945036,45.175386048733856,44.01901951165022,44.03443773214467,216757.52,624922062.0
2019-01-31,002415.SZ,002415.SZ,44.2348919213206,46.56304412770589,44.11154610906178,46.300934276655894,416215.51,1240288654.0
2019-02-01,002415.SZ,002415.SZ,46.77889707371166,48.629084169573694,46.30093207394731,48.61366594377485,453919.52,1406706415.0
2019-02-11,002415.SZ,002415.SZ,48.72157449531039,50.88012526408997,48.33611900088547,50.01670495657813,413906.21,1336594530.0
2019-02-12,002415.SZ,002415.SZ,50.07837386539664,50.571756859144394,49.46164512321195,49.78542771285892,244219.16,789436182.0
2019-02-13,002415.SZ,002415.SZ,49.80083529551641,51.80520327954649,49.785417080254646,50.67967356543729,447268.38,1472950825.0
2019-02-14,002415.SZ,002415.SZ,50.695100365785926,51.388920170062185,50.23255382960174,50.803027890895564,247290.37,814711799.0
2019-02-15,002415.SZ,002415.SZ,50.55633608826084,50.55633608826084,49.029932528413994,49.230369359505,495348.81,1593390850.0
2019-02-18,002415.SZ,002415.SZ,49.9550368621399,51.91315096136575,49.47707200327375,51.543113651275824,447302.35,1471474298.0
2019-02-19,002415.SZ,002415.SZ,51.88233624169082,53.96379698244216,51.35811649957567,51.95942738023717,585413.13,1994269117.0
2019-02-20,002415.SZ,002415.SZ,52.43739923123296,53.1928924868432,51.35812315178977,52.37572631240763,318487.81,1077721055.0
2019-02-21,002415.SZ,002415.SZ,52.29862825737973,53.74794165838023,51.45062573551773,52.42197407874148,394670.17,1350552833.0
2019-02-22,002415.SZ,002415.SZ,52.3448859230048,54.117982206111,52.113612494773555,54.117982206111,419927.49,1451740456.0
2019-02-25,002415.SZ,002415.SZ,55.0122586347003,57.201647851664276,55.0122586347003,56.18404441279369,832148.1,3023760783.0
2019-02-26,002415.SZ,002415.SZ,55.50562843217034,55.58271958277057,53.62460435752457,54.51886170448731,662271.44,2348842990.0
2019-02-27,002415.SZ,002415.SZ,53.31626652269031,54.16426960503502,51.974879828799615,52.57619110537131,609021.57,2098280365.0000002
2019-02-28,002415.SZ,002415.SZ,52.545343968273386,53.424183348024435,52.175306334694,53.19290982703732,307038.31,1054329618.0
2019-03-01,002415.SZ,002415.SZ,54.27217296013865,54.395518807775325,52.4836581694068,53.48584318145481,351935.74,1215366228.0
2019-03-04,002415.SZ,002415.SZ,54.19509715184507,56.862451862305726,54.19509715184507,55.42855597749162,887259.91,3200362636.0
2019-03-05,002415.SZ,002415.SZ,54.888906159065314,55.62898129828866,54.503450357386484,55.166434336274065,489665.82,1745342902.0
2019-03-06,002415.SZ,002415.SZ,56.06068853467974,57.09371002308006,55.212685820321276,56.18403438404097,753092.16,2743046526.0
2019-03-07,002415.SZ,002415.SZ,55.96815933985942,55.98357756557289,53.840444191401964,54.19506338281153,604224.39,2138790680.0000002
2019-03-08,002415.SZ,002415.SZ,53.03870331541248,54.98140000661653,51.72815396023513,53.03870331541248,599655.22,2073729732.0
2019-03-11,002415.SZ,002415.SZ,52.576169517136144,54.85806778356903,52.39115073877671,54.73472193132941,493266.58,1721829418.0
2019-03-12,002415.SZ,002415.SZ,54.673043705966414,56.091520869234586,54.48802494554014,55.675228658275444,608455.58,2180482148.0
2019-03-13,002415.SZ,002415.SZ,55.459393943362,55.50564865057081,53.34709564749306,53.501278004855756,480311.24,1686281821.0
2019-03-14,002415.SZ,002415.SZ,53.470457128285304,54.11802321807423,52.73038159709797,53.39336592711996,271689.54,939206843.0
2019-03-15,002415.SZ,002415.SZ,53.6554983114055,55.8140528411747,53.19295091216925,55.2744142087324,474255.63,1688046984.0
2019-03-18,002415.SZ,002415.SZ,54.657682097493094,56.292016174315165,54.118043487221655,56.292016174315165,486956.88,1753497936.0
2019-03-19,002415.SZ,002415.SZ,56.12239392206207,56.12239392206207,55.21271775684183,55.78319264011554,277027.25,999606667.0
2019-03-20,002415.SZ,002415.SZ,55.767752775788004,55.767752775788004,53.963819384920654,54.39552994000002,357032.0,1264172539.0
2019-03-21,002415.SZ,002415.SZ,54.61139914235506,54.61139914235506,53.96383314461962,54.1796884771981,333055.83,1169590406.0
2019-03-22,002415.SZ,002415.SZ,54.426385980179916,54.50347717845213,52.730379618191314,53.34710920436899,443430.56,1534638751.0
2019-03-25,002415.SZ,002415.SZ,52.40660802523609,53.023337746039104,52.11366140785465,52.267843838055406,378688.18,1288693016.0
2019-03-26,002415.SZ,002415.SZ,52.88457511795552,53.27003120482109,51.805298074731944,52.29868186591987,355117.84,1211614684.0
2019-03-27,002415.SZ,002415.SZ,52.915431254375875,53.42423347797564,51.89782680717634,53.14670499237577,279367.18,954450841.0
2019-03-28,002415.SZ,002415.SZ,52.529981346567745,53.316312150405416,52.11368856806544,52.267871078621845,234674.69,801091776.0
2019-03-29,002415.SZ,002415.SZ,51.92865578474971,54.1797198419271,51.92865578474971,54.071792113158324,445592.26,1544020408.0
2019-04-01,002415.SZ,002415.SZ,54.61144990434782,56.97044251738148,54.58061339960228,56.81625999365379,806141.43,2939593843.0
2019-04-02,002415.SZ,002415.SZ,57.35587750830158,57.417550494869644,55.906562323952016,56.41536446313857,367736.09,1347483959.0
2019-04-03,002415.SZ,002415.SZ,56.63121328378152,56.66204977345415,55.33608071753114,56.21492067320104,371450.8,1348348360.0
2019-04-04,002415.SZ,002415.SZ,55.50567287616957,55.96822015013765,54.888943177545464,55.15105329946071,573969.98,2063447007.0
2019-04-08,002415.SZ,002415.SZ,54.88894853972545,56.12240805747208,53.96385390141546,54.76560258795079,485953.52,1727678993.0
2019-04-09,002415.SZ,002415.SZ,54.31844990405927,55.04310705577395,53.9638304468372,54.48805051403505,439862.33,1553094222.0
2019-04-10,002415.SZ,002415.SZ,54.118012757781536,54.48805045185184,53.532119742170224,54.04092157151688,393450.7,1374234724.0
2019-04-11,002415.SZ,002415.SZ,53.65548197558132,54.11802923399151,52.468277345661846,52.668714490972924,409198.46,1408650482.0
2019-04-12,002415.SZ,002415.SZ,53.00790733254054,53.45503627746308,52.6841243034587,53.192926206301586,237374.69,815969061.0
2019-04-15,002415.SZ,002415.SZ,53.9638405596639,54.580570166060056,52.4065983035136,52.45285302399331,461601.7,1604319727.0
2019-04-16,002415.SZ,002415.SZ,52.267844686279155,53.34712171519938,50.88020279195316,53.34712171519938,562030.71,1893883536.0
2019-04-17,002415.SZ,002415.SZ,53.27003142287274,53.88676116438213,52.88457533442937,53.331704397023685,358968.38,1243327121.0
2019-04-18,002415.SZ,002415.SZ,53.347140391793126,53.37797688912942,52.62248270439016,52.82291993707608,172735.87,593496240.0
2019-04-19,002415.SZ,002415.SZ,52.85377318405553,53.963887439963344,52.45289859164438,53.80970490442059,259926.45,895769540.0
2019-04-22,002415.SZ,002415.SZ,52.34496928396882,53.53217477288357,51.959512956399095,52.65333434602459,563518.28,1928806176.0
2019-04-23,002415.SZ,002415.SZ,53.03880316084356,53.05422141757636,51.04984804231192,51.08068455577753,559664.43,1876378340.0
2019-04-24,002415.SZ,002415.SZ,51.173189044743175,51.4969724041706,48.814195997486266,50.29434849772589,726433.8,2350972992.0
2019-04-25,002415.SZ,002415.SZ,50.58727957926297,51.358192099519954,49.49258380049806,49.86262181022141,479594.49,1567806887.0
2019-04-26,002415.SZ,002415.SZ,49.03001575123433,49.754673216739995,48.86041506781811,49.03001575123433,502626.97,1602785628.0
2019-04-29,002415.SZ,002415.SZ,49.03003014031171,50.340581260414375,48.27453596519369,49.38464985516302,401315.17,1286786602.0
2019-04-30,002415.SZ,002415.SZ,49.63131873117965,50.60266793281504,49.06084380323505,50.38681255467384,326554.74,1063404125.0
2019-05-06,002415.SZ,002415.SZ,47.64238597937279,48.0740969202862,46.53227213130974,46.57852687497903,656104.93,2014648844.0
2019-05-07,002415.SZ,002415.SZ,46.57854226931907,47.93534853204667,45.86930263198419,47.210690641726245,540095.94,1649899303.0
2019-05-08,002415.SZ,002415.SZ,46.30100398105083,47.334026713894794,45.684273991293246,46.0543119851478,322941.31,970009392.0
2019-05-09,002415.SZ,002415.SZ,45.62259448602854,46.22390614028846,44.45080767259894,44.75917262350147,354088.32,1034210509.0
2019-05-10,002415.SZ,002415.SZ,45.56090883663898,46.378075729478866,43.279008833991746,45.94636491816723,551015.14,1622274190.0
2019-05-13,002415.SZ,002415.SZ,44.712893656216735,44.712893656216735,41.62924581785696,42.06095651522733,1029612.25,2862068945.0
2019-05-14,002415.SZ,002415.SZ,42.24597128456342,43.880304480243616,42.07637066991737,43.201902021659386,847646.07,2374480938.0
2019-05-15,002415.SZ,002415.SZ,44.29657605798612,45.02123288872937,44.065302601365936,44.373667210192856,549116.12,1586540228.0
2019-05-16,002415.SZ,002415.SZ,44.71286615592409,44.86704845301349,43.57191715746258,44.142391656693334,415716.08,1193254847.0
2019-05-17,002415.SZ,002415.SZ,44.512443816552874,44.99040909480474,42.83185622528018,43.20189386005582,500021.1,1417874794.0
2019-05-20,002415.SZ,002415.SZ,43.32526031740194,43.402351527931124,41.12045169626725,41.61383544365403,749519.29,2033200193.0
2019-05-21,002415.SZ,002415.SZ,41.30547208314656,43.0477335036003,41.30547208314656,42.55434973851606,563499.04,1553602052.0
2019-05-22,002415.SZ,002415.SZ,38.46850658039883,41.61382735891641,38.29890595018465,40.195349360761426,1589444.63,4087223639.0
2019-05-23,002415.SZ,002415.SZ,39.00814420277077,39.31650897907726,37.77468509754482,37.86719453043676,1585531.34,3936405197.0
2019-05-24,002415.SZ,002415.SZ,38.07266123723181,39.795334576732955,37.94622649671797,38.989313105957194,1086821.73,2659557027.0
2019-05-27,002415.SZ,002415.SZ,38.799667459225375,39.921775968229454,37.946232818574394,39.747928171059804,1053757.05,2598694328.0
2019-05-28,002415.SZ,002415.SZ,39.479249247246656,40.26946640591853,39.19477107012478,40.11142297418415,899832.89,2259197109.0
2019-05-29,002415.SZ,002415.SZ,39.52667820117767,39.92178693969404,39.321221657149145,39.54248255071832,561005.5,1407504622.0
2019-05-30,002415.SZ,002415.SZ,39.35284738464852,40.206282629134876,38.736477485852824,39.811173719650455,713531.08,1783758995.0
2019-05-31,002415.SZ,002415.SZ,39.431885263129686,39.763776882578874,39.147406732173245,39.258037271989636,706878.82,1761879017.0
2019-06-03,002415.SZ,002415.SZ,39.352882052146924,40.301144270270946,39.25805583033453,39.98505686422961,918221.7,2314272557.0
2019-06-04,002415.SZ,002415.SZ,39.8586189947823,39.9060321022305,38.72070441602563,39.0051830607148,668247.4,1657647251.0
2019-06-05,002415.SZ,002415.SZ,39.47930799181453,39.51091672519468,38.12013245646783,38.59426345717017,620193.72,1521887150.0
2019-06-06,002415.SZ,002415.SZ,38.578460262483915,38.67328646550517,37.21928468584581,37.45635019339896,746487.65,1786770708.0
2019-06-10,002415.SZ,002415.SZ,37.86727966956279,40.0008701350849,37.74084467901333,39.44771705143102,1032731.52,2551224350.0
2019-06-11,002415.SZ,002415.SZ,39.74800503665779,41.29683386114783,39.11583000625369,41.17039885506701,1108078.44,2837198714.0
2019-06-12,002415.SZ,002415.SZ,41.05975644530458,41.05975644530458,40.22212477032338,40.490799081166415,633103.9,1627215160.0
2019-06-13,002415.SZ,002415.SZ,40.49078937220097,40.85428982323947,39.842810307306266,40.601419944256165,555982.74,1417617605.0
2019-06-14,002415.SZ,002415.SZ,40.380176732751735,41.07556920877563,39.7321973800931,40.1431111159254,656545.93,1681908132.0
2019-06-17,002415.SZ,002415.SZ,39.79542133035202,40.06409573965146,38.89457184034802,38.989398102453706,676715.72,1683960480.0
2019-06-18,002415.SZ,002415.SZ,38.989416636861215,39.795440247919146,38.989416636861215,39.46354817277764,443019.83,1104007126.0
2019-06-19,002415.SZ,002415.SZ,43.06693480307672,43.304000499240445,41.29684427172091,41.644540626094376,1494771.42,3984225368.0
2019-06-20,002415.SZ,002415.SZ,42.11867100968428,43.288195082748686,41.391669558860464,42.89308559860531,1047340.15,2812478455.0
2019-06-21,002415.SZ,002415.SZ,43.09854441788728,44.04680722136115,42.38734731528188,43.30400135863995,961333.61,2627742708.0
2019-06-24,002415.SZ,002415.SZ,42.45056293757465,42.845672421356994,41.976431557035845,42.41895417887206,674083.08,1806911953.0
2019-06-25,002415.SZ,002415.SZ,42.43475888215281,42.7192377126477,40.82271217601516,41.40747421647686,840908.48,2200956939.0
2019-06-26,002415.SZ,002415.SZ,41.059793092680806,42.10288252459648,40.83853169803202,41.770990432623314,474177.12,1250809200.0
2019-06-27,002415.SZ,002415.SZ,42.27672421786693,43.69911867753348,42.11868038901509,43.58848799733719,1033784.58,2824964159.0
2019-06-28,002415.SZ,002415.SZ,43.69911867753348,44.01520633523716,42.861486384618736,43.58848799733719,620823.92,1706130751.0
2019-07-01,002415.SZ,002415.SZ,46.30682313842419,47.41312949326709,45.168908030585776,47.160259469303,1252291.36,3653125090.0
2019-07-02,002415.SZ,002415.SZ,46.780973203197334,47.04964771145894,45.974949678412514,46.32264610086871,791323.97,2325595514.0
2019-07-03,002415.SZ,002415.SZ,45.911730512553866,45.92753489483013,44.42611857858483,44.83703251776775,796769.91,2268979004.0
2019-07-04,002415.SZ,002415.SZ,44.83701352308328,45.43757979515841,44.09420787077981,44.39449100681738,581364.65,1638236049.0
2019-07-05,002415.SZ,002415.SZ,44.23644762815724,44.91603578393101,44.09420824671622,44.48931763960794,444653.29,1252768359.0
2019-07-08,002415.SZ,002415.SZ,44.046788822556714,44.094201942925444,42.51376459730088,43.11433078863821,738478.61,2011755548.0
2019-07-09,002415.SZ,002415.SZ,42.8298390906026,43.25655704464181,41.88157697051545,42.150251237873476,734515.16,1963338897.0
2019-07-10,002415.SZ,002415.SZ,42.65599829247612,43.14593380454236,42.26088900855174,42.5453676929773,463062.91,1250822326.0
2019-07-11,002415.SZ,002415.SZ,43.06690167930458,43.46201086902297,42.545357548876304,42.687596857174924,440074.33,1196656344.0
2019-07-12,002415.SZ,002415.SZ,42.68759399234177,43.003681322903354,42.166049896915155,42.62437652622945,356679.3,963412290.0
2019-07-15,002415.SZ,002415.SZ,42.35569883191292,43.08269963275919,41.154567073993,42.90885161516551,614474.97,1640350667.0
2019-07-16,002415.SZ,002415.SZ,42.68760421547218,42.829843548289375,42.276690587333604,42.30829932795965,333210.82,894586045.0
2019-07-17,002415.SZ,002415.SZ,42.03961740611895,42.94046635053578,41.56548638274166,42.513748429496225,411046.14,1103914583.0
2019-07-18,002415.SZ,002415.SZ,42.03959780797861,42.055402168056794,41.26518416414742,41.36001032461655,602250.65,1586715526.0
2019-07-19,002415.SZ,002415.SZ,41.42324312656437,42.3557007169754,41.42324312656437,41.84996100692196,352367.68,935725292.0
2019-07-22,002415.SZ,002415.SZ,43.62004168061785,45.64300013537114,42.987867163507445,45.12145615875506,1840296.58,5178358365.0
2019-07-23,002415.SZ,002415.SZ,45.168851605877435,46.03809122740412,44.90017754104191,45.9274607301189,1054666.18,3043452797.0
2019-07-24,002415.SZ,002415.SZ,45.67458944105567,46.24354626454288,45.27948053585623,45.6587850848477,825030.7,2389201861.0
2019-07-25,002415.SZ,002415.SZ,45.59556276131844,48.47195528213645,45.5165409887685,47.808172392716905,1382308.49,4153467016.0
2019-07-26,002415.SZ,002415.SZ,47.68174607123298,49.84694302574373,47.223419708599316,48.67742058316128,1006564.31,3090908517.0
2019-07-29,002415.SZ,002415.SZ,48.677418059380564,49.15154875476414,48.01363508584355,48.77224419845728,574429.53,1766256193.0
2019-07-30,002415.SZ,002415.SZ,49.07252393944707,49.87854607178581,48.01363211853146,48.07684954067568,605939.75,1871177141.0
2019-07-31,002415.SZ,002415.SZ,48.04524559210558,49.05672444667623,47.36565823669093,48.7880503759309,635981.17,1947285507.0
2019-08-01,002415.SZ,002415.SZ,48.21909476064793,48.99350827859999,47.681746605334254,48.53518191083244,511753.61,1564912345.0
2019-08-02,002415.SZ,002415.SZ,46.464826717034946,47.270849221310044,45.91167401802263,46.81252269927127,862409.39,2544347745.0
2019-08-05,002415.SZ,002415.SZ,46.48065432827427,46.986394191757704,45.263717781767255,45.37434837690426,722341.93,2105343180.9999998
2019-08-06,002415.SZ,002415.SZ,44.33127368668704,45.97492875385832,43.651685533914296,45.35855810366909,818050.68,2315134425.0
2019-08-07,002415.SZ,002415.SZ,45.81687144210813,46.13295886150867,45.29532720009724,45.40595779688743,430774.56,1246205191.0
2019-08-08,002415.SZ,002415.SZ,45.48497242765256,46.03812532374979,44.852797689255716,45.67462484917161,454651.91,1307958722.0
2019-08-09,002415.SZ,002415.SZ,45.51656625704136,45.62719680002723,43.58843393643058,44.394456463899026,724034.21,2039653752.0
2019-08-12,002415.SZ,002415.SZ,44.48929279892586,47.27086137178944,44.48929279892586,47.08120896909419,632514.91,1839127622.0
2019-08-13,002415.SZ,002415.SZ,46.4964329763652,46.84412894015855,45.20047529313544,45.769432324797286,600458.11,1743865485.0
2019-08-14,002415.SZ,002415.SZ,47.25502862853216,47.74496370795841,46.053897466067795,46.14872361047288,689186.54,2051033524.0
2019-08-15,002415.SZ,002415.SZ,45.04240349270906,47.50788242073103,44.58407728173062,47.14438232236882,586393.36,1719967078.0
2019-08-16,002415.SZ,002415.SZ,46.90730800636332,48.329699421650616,46.71765581765835,47.428851525302,578665.91,1747736422.0
2019-08-19,002415.SZ,002415.SZ,47.9661889505303,49.9417321527762,47.934580259294364,49.43599309300125,737758.59,2295670489.0
2019-08-20,002415.SZ,002415.SZ,49.752095844276944,50.49490032479823,48.89866090920994,49.246356623496496,457079.4,1434550047.0
2019-08-21,002415.SZ,002415.SZ,49.151546633836126,50.49491687945544,48.97769871969715,49.941764425376896,479907.51,1520268989.0
2019-08-22,002415.SZ,002415.SZ,50.33686762263332,51.23771580300698,49.815323939259095,50.257845852425106,490527.64,1568071248.0
2019-08-23,002415.SZ,002415.SZ,50.257824911656,50.73195533535087,49.83110753033062,50.06817274217806,352490.79,1121966993.0
2019-08-26,002415.SZ,002415.SZ,48.37708887640632,49.0566755545133,47.96617600127187,48.44030624181162,652061.86,2000077816.0
2019-08-27,002415.SZ,002415.SZ,48.78800315304738,50.479067726217465,48.56674236777278,49.51500287609246,591294.81,1859925310.0
2019-08-28,002415.SZ,002415.SZ,49.59403063862484,49.62563932609368,48.44031354601183,49.072487295388825,368839.56,1143044982.0
2019-08-29,002415.SZ,002415.SZ,48.99347769665986,49.23054291132111,48.15584727152341,48.23486900974383,338739.53,1041885756.0
2019-08-30,002415.SZ,002415.SZ,49.025078654482904,49.862708947418945,48.535143954841075,48.86703520298554,518804.08,1614743543.0
2019-09-02,002415.SZ,002415.SZ,48.8670311074626,50.226204676428246,48.535139887133774,49.78368304932315,402234.34,1261100758.0
2019-09-03,002415.SZ,002415.SZ,49.78366435614086,52.675858190164284,49.62562097723248,52.61264083860093,723413.88,2357147295.0
2019-09-04,002415.SZ,002415.SZ,52.48618453471022,52.53359752886985,51.17442502962713,52.264923895298615,409805.13,1346124590.0
2019-09-05,002415.SZ,002415.SZ,52.47040061376196,53.655725928831885,51.948857475131184,52.24913988828224,435755.49,1459116019.0
2019-09-06,002415.SZ,002415.SZ,52.89712453248171,54.19308037701816,52.29655962891604,53.560906794317454,501356.09,1695252923.0
2019-09-09,002415.SZ,002415.SZ,54.05084512050869,55.59967050700279,54.05084512050869,54.85686649511276,574235.09,1992039759.0
2019-09-10,002415.SZ,002415.SZ,54.85686495516063,55.59966894619853,53.687343777781805,55.172951759857604,446605.95,1543538088.0
2019-09-11,002415.SZ,002415.SZ,54.92008397985546,55.07812738699174,52.94454139065203,53.7347584263334,453603.99,1544300506.0
2019-09-12,002415.SZ,002415.SZ,54.14567756264671,54.683025209211216,53.57672123099018,54.524981783751066,276572.69,948259466.0
2019-09-16,002415.SZ,002415.SZ,55.2993945685058,55.56806839178804,53.89280808191048,54.524981783751066,402828.75,1396083498.0
2019-09-17,002415.SZ,002415.SZ,54.19308817095035,54.19308817095035,52.6442626705849,53.10258858395835,357132.31,1203634558.0
2019-09-18,002415.SZ,002415.SZ,53.150006647394584,53.45028917082619,52.6758763472394,53.35546311079515,273291.96,918536060.0
2019-09-19,002415.SZ,002415.SZ,53.57670351327826,54.49335507781222,53.38705146544365,54.44594206585358,294021.76,1004460007.0
2019-09-20,002415.SZ,002415.SZ,54.49336069976547,54.88846917351667,54.05083920916414,54.382730327115134,322794.33,1111526104.0
2019-09-23,002415.SZ,002415.SZ,54.20886551108204,54.39851751870099,53.118366467273106,53.79795282790766,301434.13,1023749434.0
2019-09-24,002415.SZ,002415.SZ,54.035025382361944,54.509155467612274,53.32383025448647,53.87698202061185,307351.26,1049530682.0
2019-09-25,002415.SZ,002415.SZ,53.545098638000475,53.60831599176435,52.15431685519526,52.249142885841074,364871.79,1214562271.0
2019-09-26,002415.SZ,002415.SZ,52.628461433691406,53.43448291510831,51.90146166613892,52.470418005962614,352981.88,1176877164.0
2019-09-27,002415.SZ,002415.SZ,52.470428756153716,52.9445591364804,52.0279070678488,52.45462441014282,280396.03,928747318.0
2019-09-30,002415.SZ,002415.SZ,52.12274952303925,52.596880052357385,50.92161884876668,51.04805365658484,296074.44,962668515.0
2019-10-10,002415.SZ,002415.SZ,47.96618783020802,49.07249199762633,46.35414461482706,48.83542681889383,1694385.57,5121728444.0
2019-10-11,002415.SZ,002415.SZ,48.219044780771526,48.99345749603137,47.6975015235557,48.487718579943305,844110.27,2586919208.0
2019-10-14,002415.SZ,002415.SZ,49.49917620967054,49.62561088708987,48.61413346773518,48.946024495960934,761100.57,2361943453.0
2019-10-15,002415.SZ,002415.SZ,48.851195796325946,48.86700013013259,47.61845775940798,47.90293576792751,439828.55,1335902881.0
2019-10-16,002415.SZ,002415.SZ,48.298031310253656,49.43594304269419,47.91872739944015,48.47187893604318,464911.78,1430394407.0
2019-10-17,002415.SZ,002415.SZ,48.5192755949295,48.97760099957216,48.01353721739278,48.88277505378403,346787.91,1065918075.0
2019-10-18,002415.SZ,002415.SZ,49.072438133357764,49.13565544496274,47.80809190125837,48.10837413138198,344625.67,1054209301.0
2019-10-21,002415.SZ,002415.SZ,48.96179519874657,50.71607514292374,48.835360608175236,49.95746759949577,777528.34,2453963356.0
2019-10-22,002415.SZ,002415.SZ,50.3367613197346,50.573826129717645,49.37269775913685,50.09969650975154,413303.34,1305533519.0
2019-10-23,002415.SZ,002415.SZ,50.25773543307682,50.478995903536905,49.593954021696554,50.06808360125388,328896.3,1042401716.0
2019-10-24,002415.SZ,002415.SZ,50.226134368596384,50.38417758561525,49.78361336094355,50.30515597710581,253416.06,803812675.0
2019-10-25,002415.SZ,002415.SZ,50.00486064277448,51.142771504430534,49.48331816451545,50.98472832920053,351978.56,1121345483.0
2019-10-28,002415.SZ,002415.SZ,51.23759762826562,52.10683509574082,50.74766378296141,51.838161696703025,432578.35,1412306614.0
2019-10-29,002415.SZ,002415.SZ,51.88556572018067,52.391303796039885,51.28500175509787,51.427240588933266,377570.05,1235908136.0
2019-10-30,002415.SZ,002415.SZ,51.648517223610455,51.885582021148444,50.95312715083235,51.411452426072465,289346.33,939357967.0
2019-10-31,002415.SZ,002415.SZ,51.4272750435196,51.7433615526992,50.85831932699634,51.126992859798996,258343.3,835288875.0
2019-11-01,002415.SZ,002415.SZ,50.96897237856967,52.312340642811044,50.88995071596724,51.99625399240131,371046.16,1217269856.0
2019-11-04,002415.SZ,002415.SZ,52.154284616407445,52.3439365604671,51.648546098915006,51.917219686332864,296493.03,974932957.0
2019-11-05,002415.SZ,002415.SZ,52.09108630792112,53.33962872852966,52.09108630792112,52.62843367881593,438041.34,1460246759.0
2019-11-06,002415.SZ,002415.SZ,53.023536353597265,53.57668799961095,52.660036700502566,53.05514501908377,316178.45,1063924632.9999999
2019-11-07,002415.SZ,002415.SZ,53.18159371856667,53.62411515218327,52.40718120973761,53.22900672931131,298359.5,1002523519.0
2019-11-08,002415.SZ,002415.SZ,53.79798012363967,55.473240374258296,53.79798012363967,54.36693643517052,592083.47,2050853381.0
2019-11-11,002415.SZ,002415.SZ,54.129868772974355,54.92008583535354,53.56091248806134,54.05084706673644,417557.05,1435986603.0
2019-11-12,002415.SZ,002415.SZ,54.366920791222114,54.90426826415862,53.007747771441565,53.78216030596769,361704.39,1233965376.0
2019-11-13,002415.SZ,002415.SZ,53.70311455361141,54.08241848218312,53.26059330361109,54.066614151825966,284245.28,966996589.0
2019-11-14,002415.SZ,002415.SZ,52.960323183732015,53.260605529447005,51.61695479500709,52.73906250794203,964944.24,3202503097.0
2019-11-15,002415.SZ,002415.SZ,52.4704000761371,53.00774754679634,51.82242224387155,51.83822658124388,532563.94,1764862897.0
2019-11-18,002415.SZ,002415.SZ,51.42729640817614,52.84968629039367,51.42729640817614,52.31233900155594,341980.53,1131685617.0
2019-11-19,002415.SZ,002415.SZ,52.45456687848138,54.2720646763197,52.29652359171284,53.718913172629776,406624.14,1376545600.0
2019-11-20,002415.SZ,002415.SZ,53.734724295901366,54.05081090940667,52.89709477011232,53.24479004496815,264923.52,896083105.0
2019-11-21,002415.SZ,002415.SZ,53.10254848200618,53.33961343058656,51.996245388631046,52.88128786333115,329993.58,1099841376.0
2019-11-22,002415.SZ,002415.SZ,53.07094284154871,53.197377487984795,50.44742392799985,50.558054243631425,541258.96,1765097812.0
2019-11-25,002415.SZ,002415.SZ,50.09971526825387,50.81090996449091,48.88278212135938,50.11551959483692,509918.51,1604016866.0
2019-11-26,002415.SZ,002415.SZ,50.273543929528856,51.158585884905655,49.78360998994527,50.5738260215317,382820.98,1223151602.0
2019-11-27,002415.SZ,002415.SZ,50.25771431402976,50.54219194222238,49.641346119612415,50.24191000135239,281999.71,893916627.0
2019-11-28,002415.SZ,002415.SZ,50.14709704507238,50.47898769680466,49.84681502683841,50.17870567857069,171240.28,542914861.0
2019-11-29,002415.SZ,002415.SZ,49.910015212241674,50.06805832564333,49.08819102255308,49.64134191945887,257518.16,806365594.0
2019-12-02,002415.SZ,002415.SZ,50.0680688612,50.13128611986313,48.69309348527689,49.11980998125303,332871.33,1036578620.0
2019-12-03,002415.SZ,002415.SZ,48.851124478187536,49.07238482846079,48.2979736025044,49.040776206993186,299643.37,923147688.0
2019-12-04,002415.SZ,002415.SZ,49.11978314703955,49.11978314703955,47.90285158258587,48.23474200925505,451482.04,1379409842.0
2019-12-05,002415.SZ,002415.SZ,48.64565902910699,49.2778313361779,48.376985798601844,49.198809797794034,462239.01,1429202663.0
2019-12-06,002415.SZ,002415.SZ,49.11981255234892,49.51492043967476,48.693096034037005,49.4358988622096,358134.01,1112623079.0
2019-12-09,002415.SZ,002415.SZ,49.309458939770686,49.435893449872665,48.218961290141145,48.50343893787059,563313.28,1731641167.0
2019-12-10,002415.SZ,002415.SZ,48.519262253285326,48.519262253285326,47.61841601600934,48.34541473381101,457237.78,1389884561.0
2019-12-11,002415.SZ,002415.SZ,48.519275485811384,50.17872953337171,48.440253864498985,49.54655656287254,694006.46,2179805360.0
2019-12-12,002415.SZ,002415.SZ,49.57814243697532,49.57814243697532,48.85114385485837,49.1988388289143,387578.81,1204697741.0
2019-12-13,002415.SZ,002415.SZ,50.88990162559841,50.953118894698534,49.799403733621304,50.415772107347486,656292.6,2088719217.0
2019-12-16,002415.SZ,002415.SZ,50.731856873892035,51.221790694169485,50.289336003964,50.77926982424147,540446.3,1733859722.0
2019-12-17,002415.SZ,002415.SZ,50.779265903840106,52.31228451344872,50.289332121387865,51.790742099870535,689371.63,2235968699.0
2019-12-18,002415.SZ,002415.SZ,51.522059240296336,53.10249050533611,51.42723336439395,52.312274872816225,575878.84,1908605358.0
2019-12-19,002415.SZ,002415.SZ,52.170040543951934,52.5493440801697,50.84247816718975,51.4746507275527,413378.46,1347718080.0
2019-12-20,002415.SZ,002415.SZ,51.364026573253156,51.55367836367747,50.652832359161955,50.90570141306105,308083.24,992240971.0
2019-12-23,002415.SZ,002415.SZ,50.589615466130084,50.73185430998987,49.578139243127175,49.641356507064856,383207.46,1213529334.0
2019-12-24,002415.SZ,002415.SZ,49.43587950560382,50.46315961041975,49.43587950560382,50.25770358945657,239927.27,760734691.0
2019-12-25,002415.SZ,002415.SZ,50.178677992495345,51.39560971073855,50.036439220233156,50.90567616183544,302764.95,976919305.0
2019-12-26,002415.SZ,002415.SZ,51.0637223507648,51.50624300252011,50.795049097913356,51.1427438957211,186279.29,602109080.0
2019-12-27,002415.SZ,002415.SZ,51.14273590466736,51.47462634162596,50.510563643793844,50.5737808698812,302899.97,977075755.0
2019-12-30,002415.SZ,002415.SZ,50.41573780466282,51.601060793800656,49.95741291552952,51.49043064814779,388684.09,1256064184.0
2019-12-31,002415.SZ,002415.SZ,51.07951927143943,51.96456044693467,51.07951927143943,51.74330015306086,303717.16,992047005.0
2020-01-02,002415.SZ,002415.SZ,51.99616390826241,54.31939676373796,51.47462183866586,53.59239872733065,749842.34,2530294947.0
2020-01-03,002415.SZ,002415.SZ,53.57657555984337,54.20874754285037,53.24468526876469,54.0032916483731,479009.97,1630745424.0
2020-01-06,002415.SZ,002415.SZ,53.734634296512155,55.50471636745608,53.03924491149847,54.38261076891127,589125.38,2035676278.0
2020-01-07,002415.SZ,002415.SZ,54.445806919626904,55.25182612221064,54.003286573110344,54.36678542917751,314561.51,1084694852.0
2020-01-08,002415.SZ,002415.SZ,53.750435468128856,54.98317112426354,53.5765881320073,53.8610655911153,360490.3,1234135899.0
2020-01-09,002415.SZ,002415.SZ,54.461610254728626,54.967347784662266,53.94006842698457,54.76189191312672,378909.97,1305627478.0
2020-01-10,002415.SZ,002415.SZ,54.47743698721355,54.777718769272454,53.75043898854461,54.30358963970576,364427.65,1249566932.0
2020-01-13,002415.SZ,002415.SZ,54.919950025434666,56.10527268785412,54.524842471294846,55.67855652938311,508552.5,1785657225.0
2020-01-14,002415.SZ,002415.SZ,56.215900736252124,56.26331364100578,55.07799102216437,55.88401040297653,377194.51,1330874953.0
2020-01-15,002415.SZ,002415.SZ,55.82079709040482,58.47591994181705,55.34666800979549,58.00179086120772,599459.6,2161517159.0
2020-01-16,002415.SZ,002415.SZ,57.685716564065636,58.31788880038416,57.14837016319488,58.15984574130453,458343.12,1677054394.0
2020-01-17,002415.SZ,002415.SZ,57.35379784094204,57.76470959180026,56.26330127135676,56.373931358126285,480210.52,1732968996.0
2020-01-20,002415.SZ,002415.SZ,56.263321085011036,57.95438157829648,56.105278048255386,57.085144876140404,488033.21,1766903916.0
2020-01-21,002415.SZ,002415.SZ,56.373928332485995,56.990295925692315,55.125388848811646,55.29923611869035,492151.07,1734473855.0
2020-01-22,002415.SZ,002415.SZ,54.9989574903274,58.15981711620828,54.69867582586872,57.8595354517496,554185.87,1993790516.0
2020-01-23,002415.SZ,002415.SZ,56.911284172017005,58.19143246913819,55.50470147518015,56.89547987205255,570624.03,2057230929.0
2020-02-03,002415.SZ,002415.SZ,51.205906652481715,54.05067924428626,51.205906652481715,51.316536697718554,842329.07,2796702685.0
2020-02-04,002415.SZ,002415.SZ,51.86968704530638,54.19291800071772,51.838078460879004,54.01907078636721,642323.48,2177880568.0
2020-02-05,002415.SZ,002415.SZ,54.20870511911396,57.05347681632694,53.62394649246463,55.47304809565307,735558.87,2591506575.0
2020-02-06,002415.SZ,002415.SZ,55.4888517576333,56.46871755341036,54.382551665626934,56.10521895175113,500356.14,1761107367.0
2020-02-07,002415.SZ,002415.SZ,55.31498810010357,56.10520221581933,54.493165419759166,55.63107374638988,467803.7,1635388478.0
2020-02-10,002415.SZ,002415.SZ,55.346571385099125,55.55202696134306,54.52474908012335,55.362375660194814,452661.43,1574848744.0
2020-02-11,002415.SZ,002415.SZ,55.55203305394445,56.65833243197464,54.65118927469129,56.200008403933566,518129.94,1827309508.0
2020-02-12,002415.SZ,002415.SZ,55.94711492278352,57.069218075189625,55.362356941952164,56.895371107915444,443682.67,1579577351.0
2020-02-13,002415.SZ,002415.SZ,56.73733472155346,57.92265508481711,56.27901084775818,56.83216035061455,456287.6,1651770269.0
2020-02-14,002415.SZ,002415.SZ,56.484461193589496,58.096496739685215,55.86809466125877,56.484461193589496,537126.72,1933923573.0
2020-02-17,002415.SZ,002415.SZ,56.26322334252824,58.8551246425773,56.26322334252824,58.71288615659899,660871.67,2414717645.0
2020-02-18,002415.SZ,002415.SZ,58.602240152389996,58.602240152389996,57.306289857757854,58.20713335524605,510121.26,1870151058.0
2020-02-19,002415.SZ,002415.SZ,58.33354596662664,60.862228533589594,57.79620092114702,60.324883488109975,982808.7,3695422704.0
2020-02-20,002415.SZ,002415.SZ,60.07200796825948,61.84208555111796,59.89816106280016,61.30474057060734,690398.3,2663056805.0
2020-02-21,002415.SZ,002415.SZ,61.3047585263613,63.359313465373155,60.94126034484382,62.268818920820706,820724.44,3246530781.0
2020-02-24,002415.SZ,002415.SZ,61.636663638707695,62.569115729652246,60.86225427504188,61.71568500234706,612974.06,2395026124.0
2020-02-25,002415.SZ,002415.SZ,60.04041596760052,61.004476345074494,58.459989119282525,60.60936963299499,757623.16,2879413897.0
2020-02-26,002415.SZ,002415.SZ,59.692700222169805,60.277457942111624,58.08066542665449,58.317729367171445,683805.53,2546204276.0
2020-02-27,002415.SZ,002415.SZ,58.63381621450425,59.40822510790336,57.21143253275078,58.15968832058642,516604.5,1904767745.0
2020-02-28,002415.SZ,002415.SZ,56.57926459400754,58.00164834078428,55.125272319524676,55.31492348576157,658688.48,2346742292.0
2020-03-02,002415.SZ,002415.SZ,55.28332272256594,57.17983465129891,54.22443689569005,56.26318721907798,948810.87,3346843896.0
2020-03-03,002415.SZ,002415.SZ,57.21141637306105,58.396735773055404,56.10511826639964,56.65826731973035,795899.1,2886939646.0
2020-03-04,002415.SZ,002415.SZ,56.10512284576476,56.610859164374475,54.99882464880602,56.15253562563443,594338.6,2095559249.0
2020-03-05,002415.SZ,002415.SZ,57.44846242633062,57.68552623276665,55.85223279632804,57.17979011236979,599223.86,2152390761.0
2020-03-06,002415.SZ,002415.SZ,56.42118573953878,56.68985805258419,55.441322009608406,55.66258156152817,482672.85,1709746673.0
2020-03-09,002415.SZ,002415.SZ,54.80913732407185,54.82494157358859,52.78619338592848,52.91262738206244,824201.36,2795943335.0
2020-03-10,002415.SZ,002415.SZ,52.16982298375597,54.635285687623266,52.16982298375597,54.36661346989413,589911.16,1994628076.0
2020-03-11,002415.SZ,002415.SZ,54.919743987437094,54.919743987437094,53.41834091439924,53.51316637164374,401467.51,1369682038.0
2020-03-12,002415.SZ,002415.SZ,52.47007041581494,52.75454670120188,51.75887970234756,51.96433479734925,476428.99,1572588732.0
2020-03-13,002415.SZ,002415.SZ,49.78337269016428,51.36379722001076,47.697212310766915,50.63680193628138,713951.97,2246520554.0
2020-03-16,002415.SZ,002415.SZ,50.858078334411246,50.889686835551345,47.22310070330044,47.570794215841474,741182.73,2287783002.0
2020-03-17,002415.SZ,002415.SZ,47.523401115426225,48.3610267420034,44.10968158069657,45.863954119377084,923418.73,2682843163.0
2020-03-18,002415.SZ,002415.SZ,46.464524252988674,47.88690764848833,45.83235385498883,45.83235385498883,701732.65,2087429742.0
2020-03-19,002415.SZ,002415.SZ,45.83233175189018,46.30645932173732,43.87260446318867,45.87974450887489,779804.75,2230432956.0
2020-03-20,002415.SZ,002415.SZ,46.764766011063216,47.03343820511123,45.184341340192546,45.95874942891917,576836.1,1675295749.0
2020-03-23,002415.SZ,002415.SZ,44.28349934296697,44.53636729067842,42.94013837074992,42.95594261748188,681958.52,1882167393.0
2020-03-24,002415.SZ,002415.SZ,44.63121191246538,44.647016165975465,42.671484477215486,43.99904177206219,608331.26,1677744379.0
2020-03-25,002415.SZ,002415.SZ,45.31080637275583,46.22745331018862,45.15276379733638,45.59528300851083,627534.59,1811433940.0
2020-03-26,002415.SZ,002415.SZ,45.59527761500102,45.59527761500102,44.47317546225749,44.75765206436148,428422.26,1220961247.0
2020-03-27,002415.SZ,002415.SZ,45.67430532636308,45.73752235795667,44.71024559456095,44.88409243144331,447082.95,1278946202.0
2020-03-30,002415.SZ,002415.SZ,43.93585358536725,43.93585358536725,42.766338058274734,43.430117141219135,534867.92,1462659311.0
2020-03-31,002415.SZ,002415.SZ,44.06229451895205,44.72607370467515,43.983273187318346,44.09390305160553,396359.26,1109958358.0
2020-04-01,002415.SZ,002415.SZ,44.41000217006219,45.97462502231705,44.046503931659544,45.80077803873318,736791.83,2116047234.0000002
2020-04-02,002415.SZ,002415.SZ,45.65855534194309,48.12402250474791,45.532121128465924,48.12402250474791,794235.2,2357986090.0
2020-04-03,002415.SZ,002415.SZ,48.36106567969249,49.182887710850665,47.618264997684136,48.64554253663186,700597.39,2144867625.0
2020-04-07,002415.SZ,002415.SZ,49.70442762530228,50.099534363182265,48.21882629087354,49.1986910008159,743036.3,2299332696.0
2020-04-08,002415.SZ,002415.SZ,48.91419478533396,48.91419478533396,47.950134726560016,48.34524130802475,440122.82,1345505432.0
2020-04-09,002415.SZ,002415.SZ,48.47168580433296,48.56651140421101,47.25475727256457,47.55503833884508,489981.01,1474664218.0
2020-04-10,002415.SZ,002415.SZ,47.428614223757066,47.428614223757066,45.97462138517471,46.46455375469702,402788.27,1188959791.0
2020-04-13,002415.SZ,002415.SZ,45.8323952150043,46.40134908663884,45.53211400497496,46.085263602397426,275933.31,800761115.0
2020-04-14,002415.SZ,002415.SZ,46.68581854530859,47.77631329128906,46.60679718690421,47.76050901960818,538630.33,1611108375.0
2020-04-15,002415.SZ,002415.SZ,47.886954132263654,48.12401826163129,47.286391671198956,47.4602386994019,323625.81,974453991.0
2020-04-16,002415.SZ,002415.SZ,47.09674025817755,47.602477066319054,46.85967612936121,47.57086851581021,274524.3,821841805.0
2020-04-17,002415.SZ,002415.SZ,48.0291847156804,48.47170435109964,47.697294989115974,47.79212062527724,408854.56,1244494153.0
2020-04-20,002415.SZ,002415.SZ,47.88693062488463,48.993229352192195,47.792105019686836,48.78777387426365,436979.12,1341889394.0
2020-04-21,002415.SZ,002415.SZ,48.56649616939428,48.56649616939428,46.97026573883495,47.396980804430015,505535.5,1519701978.0
2020-04-22,002415.SZ,002415.SZ,46.938678085781106,47.85532567129468,46.654201248897586,47.381197609822145,248338.6,743307808.0
2020-04-23,002415.SZ,002415.SZ,47.77632567525526,47.77632567525526,47.112546092602024,47.25478457459914,226487.23,679114051.0
2020-04-24,002415.SZ,002415.SZ,47.238962184984636,47.47602623074401,46.65420420544485,46.98609386950797,267001.86,794572861.0
2020-04-27,002415.SZ,002415.SZ,48.40849304976357,49.59381364353839,48.12401610725762,49.11968540602846,811016.31,2518610457.0
2020-04-28,002415.SZ,002415.SZ,49.34094537753122,49.657030870020215,47.72890936583738,48.99325133579334,504012.97,1554738682.0
2020-04-29,002415.SZ,002415.SZ,48.835214856498936,49.261930326118836,48.48752077014199,49.261930326118836,269962.46,837026475.0
2020-04-30,002415.SZ,002415.SZ,49.62542406093025,50.96878745111467,49.46738130914385,50.66850622272051,510923.63,1627991776.0
2020-05-06,002415.SZ,002415.SZ,49.783476120060456,51.032014092595304,49.62543333872693,50.889775589395136,592047.4,1887194014.0
2020-05-07,002415.SZ,002415.SZ,50.88975786338085,51.61675440428628,49.86248014253621,49.90989296042134,377644.06,1204812993.0
2020-05-08,002415.SZ,002415.SZ,50.43143101110046,51.33227449829341,50.27338829404906,50.320801109164485,342266.89,1096892310.0
2020-05-11,002415.SZ,002415.SZ,50.510438992716836,50.98456701830554,50.22596217736361,50.605264597834584,384722.26,1231353537.0
2020-05-12,002415.SZ,002415.SZ,50.715880971465225,50.84231507796934,50.16273175550969,50.82651081465632,293003.79,938153850.0
2020-05-13,002415.SZ,002415.SZ,50.57366279954591,50.7633140350442,50.25757740704875,50.65268414767019,184934.33,590361171.0
2020-05-14,002415.SZ,002415.SZ,50.46303541834623,50.46303541834623,49.23030232638538,49.32512794884391,356143.89,1117866682.0
2020-05-15,002415.SZ,002415.SZ,49.30930046089638,49.6253857202611,48.4400659976434,48.80356404591283,410569.13,1270148473.0
2020-05-18,002415.SZ,002415.SZ,48.44005355551273,48.44005355551273,46.891236182449035,47.25473413735174,599298.52,1797113705.0
2020-05-19,002415.SZ,002415.SZ,47.69724552893139,48.04493916764461,47.11248804564098,47.96591788611888,444317.9,1335117769.0
2020-05-20,002415.SZ,002415.SZ,47.728837512068424,47.74464176290024,47.19149298378686,47.46016524792764,289565.74,868228317.0
2020-05-21,002415.SZ,002415.SZ,47.95009770385699,47.95009770385699,46.63834486621028,46.79638737677012,301194.66,898751223.0
2020-05-22,002415.SZ,002415.SZ,47.39693341322265,48.376796658177575,46.90700179074519,47.34952067556355,524123.48,1577161359.0
2020-05-25,002415.SZ,002415.SZ,44.85245546814127,45.136931929884234,43.303639176429556,44.2202855531569,852733.57,2391961088.0
2020-05-26,002415.SZ,002415.SZ,44.267701541206826,45.595258459972044,44.267701541206826,44.852458755424834,504573.03,1438104375.0
2020-05-27,002415.SZ,002415.SZ,44.86827041912833,45.294985213533565,44.552185386235564,44.757640657615866,276970.51,785352226.0
2020-05-28,002415.SZ,002415.SZ,44.7260336656603,45.089531465769916,44.03064656979845,44.89988043962577,280537.03,791177075.0
2020-05-29,002415.SZ,002415.SZ,44.96470045358879,45.1267354101783,44.251746644594945,44.511002575138164,397047.5,1091959268.0
2020-06-01,002415.SZ,002415.SZ,44.721642907659046,46.68226565832091,44.721642907659046,46.50402722644255,640902.27,1808425159.0
2020-06-02,002415.SZ,002415.SZ,46.342013500114824,46.94154304539603,45.71007695238599,46.37442050256246,470341.22,1342960980.0
2020-06-03,002415.SZ,002415.SZ,46.53647585005849,46.66610391649319,46.01796358431967,46.277219717189084,318408.93,910889443.0
2020-06-04,002415.SZ,002415.SZ,46.277214158752074,46.56887727319799,45.888330006157524,46.40684220961693,314401.27,895994878.0
2020-06-05,002415.SZ,002415.SZ,46.406837306008995,46.649889875698285,46.050360203798036,46.617482866406384,262112.57,750988247.0
2020-06-08,002415.SZ,002415.SZ,46.61748024744667,48.17301660606846,46.60127674371103,47.58969047158529,470574.64,1378683963.0
2020-06-09,002415.SZ,002415.SZ,47.86514051115368,47.946158013711496,47.08737248659872,47.39523899631839,277116.14,811527472.0
2020-06-10,002415.SZ,002415.SZ,47.55729105578431,47.55729105578431,46.79572625863887,47.44386651152861,326777.82,950354935.0
2020-06-11,002415.SZ,002415.SZ,47.15221075038647,47.3304493477247,46.228610745997464,46.55268092297606,454454.49,1309193179.0
2020-06-12,002415.SZ,002415.SZ,45.53187738625426,47.0712113192415,45.27262114490904,46.698530472307745,451690.78,1285973743.0
2020-06-15,002415.SZ,002415.SZ,46.00178140360337,46.487886878104284,45.839746245436395,45.872153277069785,330684.47,940704080.0
2020-06-16,002415.SZ,002415.SZ,46.50410281669197,46.92539434046688,45.88836905117479,46.34206761524008,354937.43,1015972500.0
2020-06-17,002415.SZ,002415.SZ,46.63375216063297,47.80040614102407,45.92079695039397,47.80040614102407,612444.17,1781522926.0
2020-06-18,002415.SZ,002415.SZ,47.80039897096316,48.950849251281255,47.346700268865874,48.61057522470829,619089.5,1848057499.0
2020-06-19,002415.SZ,002415.SZ,48.43233644888437,49.29112327785422,48.075858897236515,48.90223867605655,565106.25,1705915419.0
2020-06-22,002415.SZ,002415.SZ,48.90222928314838,49.37213142006399,48.075849663055415,48.254088404644094,507236.97,1517855355.0
2020-06-23,002415.SZ,002415.SZ,48.092038666057604,48.69156879767625,47.44389798322664,48.62675472939315,475301.64,1407464826.0
2020-06-24,002415.SZ,002415.SZ,48.64296891673953,49.420737906747355,48.302694983611104,49.04805693236861,406526.33,1227929034.0
2020-06-29,002415.SZ,002415.SZ,48.578135234555056,48.610542262730206,47.47629627659984,47.67073844565076,430521.81,1272691231.0
2020-06-30,002415.SZ,002415.SZ,48.092022871463485,49.19386167040537,47.99480180096861,49.17765815865623,507268.12,1526316815.0
2020-07-01,002415.SZ,002415.SZ,49.404525780618975,52.17532732489116,49.21008356698585,52.04569918246906,1134802.42,3591072819.0
2020-07-02,002415.SZ,002415.SZ,52.49940174377763,53.95771845888256,51.81885394339533,53.601241039634694,1002238.9,3297940062.0
2020-07-03,002415.SZ,002415.SZ,53.30958172118338,54.24938589742308,52.5642197883036,54.08735069462314,702006.75,2310649299.0
2020-07-06,002415.SZ,002415.SZ,54.47623743064458,58.413693021259284,54.460033909695554,57.2956500757761,1084251.88,3819919039.0
2020-07-07,002415.SZ,002415.SZ,58.33266249763912,59.92060719896374,56.712310761593585,57.360451456011795,1157907.93,4161313330.0
2020-07-08,002415.SZ,002415.SZ,57.344223350990724,57.87893919461398,56.48543729911095,57.441444413467686,777203.42,2731735713.0
2020-07-09,002415.SZ,002415.SZ,57.81410126469669,62.80478040974337,57.295589145730794,62.15664026103601,1307431.47,4882801164.0
2020-07-10,002415.SZ,002415.SZ,60.92519613310075,61.37889440217703,59.54789781626203,59.88817151806924,865508.46,3231395538.0
2020-07-13,002415.SZ,002415.SZ,59.79096774782808,61.573354320256556,59.14282717603591,60.9738242913488,900980.42,3366992555.0
2020-07-14,002415.SZ,002415.SZ,60.66592659753715,60.84416516392948,58.33262172840111,59.22381456036279,831015.15,3049701126.0
2020-07-15,002415.SZ,002415.SZ,59.32104078284551,60.163623170364765,58.33262682825563,58.38123735061251,740300.74,2696476814.0
2020-07-16,002415.SZ,002415.SZ,58.33261260978264,59.41824734446471,55.09191190923916,56.37198868595383,974378.94,3414969540.0
2020-07-17,002415.SZ,002415.SZ,56.37198614913406,57.45762083496102,55.9020845687015,56.890498237887236,609827.63,2130215660.0000002
2020-07-20,002415.SZ,002415.SZ,57.360374126493554,57.40898461304143,55.675210592833864,56.76084479240309,506927.55,1767051337.0
2020-07-21,002415.SZ,002415.SZ,57.11731975087614,57.52240712499583,55.56178423425653,56.20992403284803,659800.26,2293715894.0
2020-07-22,002415.SZ,002415.SZ,57.814074666540044,59.46683128537051,57.036306845913955,58.44601102079876,901254.97,3256950322.0
2020-07-23,002415.SZ,002415.SZ,57.360376366087415,58.154347677369415,55.82104423196925,57.360376366087415,776829.11,2721527872.0
2020-07-24,002415.SZ,002415.SZ,56.06409667419843,56.92288197007488,54.249305105553844,54.492357547783044,789559.57,2692092077.0
2020-07-27,002415.SZ,002415.SZ,56.550212153220116,59.9367434827396,56.550212153220116,59.9367434827396,1604992.95,5877425005.0
2020-07-28,002415.SZ,002415.SZ,61.686738177061265,61.686738177061265,58.25159541542823,59.49926519205909,1141028.74,4176469098.0
2020-07-29,002415.SZ,002415.SZ,59.14280163137328,61.68675227688715,58.640492905189014,61.24925757988794,1064418.72,3953389170.0
2020-07-30,002415.SZ,002415.SZ,61.24926152191578,61.49231414700275,60.082608921498334,60.42288259662009,576871.54,2160582506.0
2020-07-31,002415.SZ,002415.SZ,60.277054199190225,61.216857732403405,58.81873837179045,59.93678050613028,753059.63,2785918912.0
2020-08-03,002415.SZ,002415.SZ,60.455300127755685,63.193693513333464,60.455300127755685,62.43212848894201,1067539.05,4100537265.0
2020-08-04,002415.SZ,002415.SZ,62.448361612126206,63.647422006339326,61.589575113568166,63.080298846914204,764622.44,2965267274.0
2020-08-05,002415.SZ,002415.SZ,63.51779572809404,63.74464499855153,61.57337340988708,63.2099288610446,592915.71,2298965162.0
2020-08-06,002415.SZ,002415.SZ,63.2099320569597,63.2099320569597,61.33032372099269,62.17290676815031,492717.26,1886982964.0
2020-08-07,002415.SZ,002415.SZ,61.71922596132048,63.679852462060765,61.16830611813725,62.74004802368938,754535.26,2920881331.0
2020-08-10,002415.SZ,002415.SZ,61.73543573122139,62.351169735889734,60.568781827639256,61.50858636108042,524032.48,1985331185.0
2020-08-11,002415.SZ,002415.SZ,62.07568031821787,65.39740166127051,62.07568031821787,63.76084626786409,1099506.67,4377089044.0
2020-08-12,002415.SZ,002415.SZ,64.0038723274352,65.52700245370835,63.485359944023074,64.81404792651666,957054.32,3813485826.0
2020-08-13,002415.SZ,002415.SZ,64.99228655831459,65.20293221407577,63.485359944023074,64.23072149517802,554638.38,2188135500.0
2020-08-14,002415.SZ,002415.SZ,63.59875866694292,65.59178983026368,63.24228154830019,64.55476548512118,538823.85,2147291554.0
2020-08-17,002415.SZ,002415.SZ,64.00384118657172,65.62419159635834,63.533939567733604,64.8788304078565,826263.35,3291051363.0
2020-08-18,002415.SZ,002415.SZ,64.87881539622028,64.87881539622028,62.30245884077597,63.30707586239576,743389.23,2898720095.0
2020-08-19,002415.SZ,002415.SZ,63.16127216411564,63.66358089605191,61.540921415934115,61.800177535643165,668357.82,2561816890.0
2020-08-20,002415.SZ,002415.SZ,61.783994813460204,62.43213533077948,61.05483673147601,61.26548239960478,432421.66,1643668697.0
2020-08-21,002415.SZ,002415.SZ,62.20526645550761,62.383505041340015,60.568712167410126,61.00620687808965,376435.87,1420529771.0
2020-08-24,002415.SZ,002415.SZ,61.55710190327794,63.16124854408459,61.378863387632755,62.5455154900376,526929.81,2032691523.0
2020-08-25,002415.SZ,002415.SZ,62.44832474565907,62.95063353318254,61.8812019210358,62.189068597259876,351538.04,1349095660.0
2020-08-26,002415.SZ,002415.SZ,61.91361610178617,62.46453548086513,60.811777343628236,61.07103352201833,310978.82,1178325850.0
2020-08-27,002415.SZ,002415.SZ,61.05480299092932,61.411280078455974,59.661301648779656,59.93676121641389,412647.94,1534680277.0
2020-08-28,002415.SZ,002415.SZ,60.033964479968134,61.897366886228966,59.67748749790085,61.50848290579192,461777.24,1729649308.0
2020-08-31,002415.SZ,002415.SZ,61.654283159391106,62.221405343511655,60.633463227974126,60.633463227974126,394392.23,1494019774.0
2020-09-01,002415.SZ,002415.SZ,60.61723149595967,62.05934152085687,60.55241756225643,61.28157431641794,321539.27,1214196507.0
2020-09-02,002415.SZ,002415.SZ,61.24919014662755,62.577876282083494,59.95291099008517,62.2538064929479,529158.09,2011824553.0
2020-09-03,002415.SZ,002415.SZ,62.302416961318244,63.452864712749594,61.897329724898746,62.2538064929479,442049.72,1711355042.0
2020-09-04,002415.SZ,002415.SZ,60.92512177398089,61.54085438765409,60.19596473147314,61.33020901981853,412486.88,1552098412.0
2020-09-07,002415.SZ,002415.SZ,60.61727537305808,61.10338022769368,58.96451886729708,58.96451886729708,543977.94,2019889597.0
2020-09-08,002415.SZ,002415.SZ,59.22378707503177,59.871927015661406,58.30018765963456,58.81869961213826,423209.22,1540964535.0
2020-09-09,002415.SZ,002415.SZ,58.26775967974578,59.30478321130967,57.10110820673641,58.49460857727538,404686.66,1454115373.0
2020-09-10,002415.SZ,002415.SZ,59.142758169084686,59.402014095305326,57.862682033370255,58.17054844575727,287600.54,1040125618.0
2020-09-11,002415.SZ,002415.SZ,58.15431939331805,58.81866241229994,57.19831358551482,58.62422055308573,320155.79,1146500703.0
2020-09-14,002415.SZ,002415.SZ,58.656646974695214,59.14275178387777,58.138135178233824,59.14275178387777,294877.37,1067982002.0000001
2020-09-15,002415.SZ,002415.SZ,59.142758854610584,61.02236434149683,58.81868894307847,60.98995735034363,327232.09,1219489337.0
2020-09-16,002415.SZ,002415.SZ,60.925172245286916,61.071003774597436,59.67750249451907,60.71452670294948,299136.08,1112542820.0
2020-09-17,002415.SZ,002415.SZ,60.01775002493701,60.32561645325067,58.68906333432015,58.89970878527161,278000.19,1016701364.0
2020-09-18,002415.SZ,002415.SZ,59.450628143759026,59.450628143759026,58.33258689493936,59.36961066196051,252677.71,918577682.0
2020-09-21,002415.SZ,002415.SZ,59.758505385837914,59.758505385837914,58.6566674340383,58.75388842978532,196713.56,717817513.0
2020-09-22,002415.SZ,002415.SZ,58.46219638170986,59.077929048701264,58.21914401316062,58.41358590800001,186093.75,673004427.0
2020-09-23,002415.SZ,002415.SZ,58.88351104511281,59.7584999269059,58.77008656043593,59.30480198819837,270356.82,991402764.0
2020-09-24,002415.SZ,002415.SZ,58.98071696215317,59.87190911405384,58.818682025443955,59.6126532153191,306034.77,1122270824.0
2020-09-25,002415.SZ,002415.SZ,59.596421484794135,60.27696789652914,58.21912517533043,58.4459739792421,266482.99,970688523.0
2020-09-28,002415.SZ,002415.SZ,58.34877655974461,59.33718960338371,58.26775909715125,59.029323245528914,251782.3,913960891.0
2020-09-29,002415.SZ,002415.SZ,59.223769500845144,60.9413398338382,58.94831010781797,60.293200085538935,337800.9,1249830294.0
2020-09-30,002415.SZ,002415.SZ,60.4390287852819,61.800122194923645,60.27699385556266,61.75151171600786,434576.65,1646406372.0
2020-10-09,002415.SZ,002415.SZ,62.70754327884888,62.80476427618042,61.08719332332307,61.816350803309675,339390.58,1291934091.0
2020-10-12,002415.SZ,002415.SZ,61.84877061417738,62.675149262677,61.346462023912906,62.57792824520646,405110.16,1550350945.0
2020-10-13,002415.SZ,002415.SZ,62.57792862961144,64.00383689460519,62.383486593475936,63.30708626511961,338164.4,1319746970.0
2020-10-14,002415.SZ,002415.SZ,63.30706444852372,63.67974488935198,61.91356366977454,63.19363996653251,296683.03,1150475353.0
2020-10-15,002415.SZ,002415.SZ,63.031579395668494,64.2954516817513,62.820934014654696,63.84175393802927,369630.76,1456672210.0
2020-10-16,002415.SZ,002415.SZ,63.242241211771905,63.679735578340654,61.97836859723996,62.35104898357629,230402.68,889850769.0
2020-10-19,002415.SZ,002415.SZ,62.78853439634206,64.18203477262216,62.59409248337274,63.6311160192091,345317.2,1355529438.0
2020-10-20,002415.SZ,002415.SZ,63.76076644301919,64.40890638144886,62.9505915199821,63.647341953794,225185.99,883239530.0
2020-10-21,002415.SZ,002415.SZ,63.22606142949507,64.19827149760621,63.096433420413575,63.61494545673952,211275.37,830050291.0
2020-10-22,002415.SZ,002415.SZ,63.388067580962435,66.02923706350253,63.16121866835162,63.42047456847827,561602.06,2233263552.0
2020-10-23,002415.SZ,002415.SZ,63.420443303723246,65.8185591976811,63.06396661678357,63.43664678949323,459332.88,1829150385.0
2020-10-26,002415.SZ,002415.SZ,64.03619132681133,69.78843017322278,63.5176796561489,69.33473246139314,1338373.07,5669104803.0
2020-10-27,002415.SZ,002415.SZ,68.54078640088234,72.67267777965894,68.11949551520316,71.61945056546098,1077915.83,4718255511.0
2020-10-28,002415.SZ,002415.SZ,71.3601772033286,74.04995681635144,70.3231537380668,71.63563656128878,884571.26,3931322211.0
2020-10-29,002415.SZ,002415.SZ,70.97128393363829,73.82309808256989,70.97128393363829,72.73746428723797,582416.94,2606026780.0
2020-10-30,002415.SZ,002415.SZ,73.72589433743249,75.23281921070308,72.3972078900326,72.75368474177404,574297.93,2618665820.0
2020-11-02,002415.SZ,002415.SZ,72.67269340067179,74.3254503074429,72.59167590524183,73.92036283029313,467704.2,2124006373.9999998
2020-11-03,002415.SZ,002415.SZ,74.08239782115304,74.40646780287288,72.88333888878967,73.92036283029313,417210.05,1897097402.0
2020-11-04,002415.SZ,002415.SZ,74.47125247754856,76.96659035429845,74.0013511890697,75.47586902533098,442600.83,2065796473.0
2020-11-05,002415.SZ,002415.SZ,77.25822332798298,78.34385691921092,76.96656057213069,77.97117673117744,601988.91,2889935674.0
2020-11-06,002415.SZ,002415.SZ,77.77676796212066,80.41793737416766,77.08001774912665,79.57535572124469,537628.38,2622692376.0
2020-11-09,002415.SZ,002415.SZ,78.99205726600525,81.13091912428477,77.77679484652825,78.42493480358264,687834.72,3359309944.0
2020-11-10,002415.SZ,002415.SZ,77.80923056215076,80.01290722946699,77.0800728413476,79.02449343015603,479376.52,2336442159.0
2020-11-11,002415.SZ,002415.SZ,78.39259199970235,79.39720975579608,76.65881619483088,76.65881619483088,454882.0,2184005502.0
2020-11-12,002415.SZ,002415.SZ,77.79308854674687,79.15418403475495,76.86948803702711,77.7768850290325,426364.12,2049569779.0
2020-11-13,002415.SZ,002415.SZ,76.15655901878951,77.74450429194724,74.21213623533104,76.64266471465412,631453.08,2970437896.0
2020-11-16,002415.SZ,002415.SZ,79.33241187396192,79.33241187396192,76.12411580552963,78.10094469617984,470579.91,2255578075.0
2020-11-17,002415.SZ,002415.SZ,78.10098145742894,78.58708715114737,74.52000284703645,75.73526708133254,569459.56,2668247240.0
2020-11-18,002415.SZ,002415.SZ,75.75143247263661,76.72364337068115,72.57554353902447,74.29311612556981,623353.14,2862410077.0
2020-11-19,002415.SZ,002415.SZ,75.75142782675873,78.18195492280447,74.29311156913128,77.9389022131999,468789.26,2217180576.0
2020-11-20,002415.SZ,002415.SZ,77.9551301137172,78.10096178510018,76.2051500571216,77.17736119967472,353574.22,1684081211.0
2020-11-23,002415.SZ,002415.SZ,77.77687546963368,77.93891062686208,74.84403912379958,75.76763952000147,420869.43,1968911744.0
2020-11-24,002415.SZ,002415.SZ,75.76764365905309,75.91347530852518,73.85562869930794,74.74682211274849,358800.33,1653697562.0
2020-11-25,002415.SZ,002415.SZ,74.26075347621888,75.8000883180781,73.90427593389359,73.90427593389359,273718.59,1263159760.0
2020-11-26,002415.SZ,002415.SZ,74.73069220408172,75.02235579030753,72.59182590509239,74.58486041096882,265792.44,1211364439.0
2020-11-27,002415.SZ,002415.SZ,75.42742836103714,76.4968612873161,73.27235897929323,76.15658717440915,397770.13,1851851733.0
2020-11-30,002415.SZ,002415.SZ,75.67047135744642,76.01074542564906,73.93669396231864,74.00150807054771,353227.77,1626128183.0
2020-12-01,002415.SZ,002415.SZ,74.37421012491464,74.98994432638452,72.99690993741622,73.69366179697424,416642.22,1890821902.0
2020-12-02,002415.SZ,002415.SZ,73.72606859707831,74.01773216515467,72.59182138789248,72.64043198257188,305901.81,1375118456.0
2020-12-03,002415.SZ,002415.SZ,73.09410572507811,74.17974196617327,72.12189416588842,73.72604323855141,325368.9,1469920898.0
2020-12-04,002415.SZ,002415.SZ,73.14272587043018,74.53622928754517,73.14272587043018,74.32558342216731,307253.13,1403016057.0
2020-12-07,002415.SZ,002415.SZ,72.9158610311502,73.75844431417683,70.55014642880622,72.59179053767842,503950.29,2263334022.0
2020-12-08,002415.SZ,002415.SZ,72.83485393495023,73.23994211033927,70.77700600397388,71.74921762490759,502851.7,2234520121.0
2020-12-09,002415.SZ,002415.SZ,72.10566809919438,72.31631387116954,70.56633361168348,70.82558994642216,352552.41,1549925491.0
2020-12-10,002415.SZ,002415.SZ,71.27930948832565,74.35797936847611,70.2908944215405,72.91586558251089,434982.15,1952422222.0
2020-12-11,002415.SZ,002415.SZ,73.11029145036485,73.56399006752137,70.80939132049966,72.05706251768008,456453.62,2020677471.0
2020-12-14,002415.SZ,002415.SZ,72.07325509904676,75.02229566290164,71.97603398155704,74.29313728172873,510181.87,2331354749.0
2020-12-15,002415.SZ,002415.SZ,75.0223092346935,76.48062626085385,74.29315072161333,75.6866536577221,485531.83,2268365451.0
2020-12-16,002415.SZ,002415.SZ,75.10333990870612,75.6866668206184,73.93668608488156,74.53621652212473,367431.85,1691696731.0
2020-12-17,002415.SZ,002415.SZ,74.11494138122254,74.64965783631224,72.30014613970593,72.70523436325874,387467.36,1750203836.0
2020-12-18,002415.SZ,002415.SZ,72.42974095061676,74.34175648354132,72.17048460716936,74.34175648354132,568842.51,2577562464.0
2020-12-21,002415.SZ,002415.SZ,73.70983656663321,73.90427887017236,70.66357381118651,73.22373080778533,479045.87,2149480395.0
2020-12-22,002415.SZ,002415.SZ,72.88343121371943,74.08249166499004,72.39732562536648,72.62417489993119,326904.32,1478956161.0
2020-12-23,002415.SZ,002415.SZ,71.94364257807628,75.67045289180547,71.70058973152872,74.14732172010744,531273.21,2425960570.0
2020-12-24,002415.SZ,002415.SZ,74.61720362056488,76.96671383228734,74.61720362056488,76.35098012162904,599398.96,2812982475.0
2020-12-25,002415.SZ,002415.SZ,76.77227823709364,77.61486128232978,75.67043887024637,76.5616324757846,438999.4,2080711825.0
2020-12-28,002415.SZ,002415.SZ,75.070909025834,76.7074645647093,75.070909025834,76.15654487835523,423222.39,1983876317.0
2020-12-29,002415.SZ,002415.SZ,76.38338432830984,76.96671097994734,72.76999979177758,75.52459786895464,455530.09,2113307434.0
2020-12-30,002415.SZ,002415.SZ,75.03852421128916,77.22600008443189,74.50380788674313,76.07554981040867,461889.57,2175470227.0
2020-12-31,002415.SZ,002415.SZ,74.69826196645053,79.62413433907547,74.69826196645053,78.60331210395911,1189436.87,5785848628.0
2021-01-04,002415.SZ,002415.SZ,77.93893291868407,82.07083060979933,76.02691751652092,80.69353137942758,1577933.61,7675782065.0
2021-01-05,002415.SZ,002415.SZ,80.20742576870815,88.76288451737035,80.045390565135,88.76288451737035,1471561.04,7956690626.0
2021-01-06,002415.SZ,002415.SZ,89.9295294477421,94.49892175481655,88.79528313038318,89.79990129718679,1317526.92,7419141928.0
2021-01-07,002415.SZ,002415.SZ,90.7396744416319,96.32988652776817,90.22116201625116,94.45027898576292,936096.57,5423116475.0
2021-01-08,002415.SZ,002415.SZ,94.30443022883226,95.43867595323402,90.2859596623803,92.91092833885295,855449.54,4894349567.0
2021-01-11,002415.SZ,002415.SZ,93.99655238007426,99.34371016070253,93.72109273682979,95.60069971426275,1293370.78,7708604407.0
2021-01-12,002415.SZ,002415.SZ,95.66555123322988,99.73263344182416,95.61694068890404,99.24652799856588,841412.03,5112224389.0
2021-01-13,002415.SZ,002415.SZ,98.51732461205151,99.55434908165206,95.60069329129999,97.07521245901326,720995.46,4349146852.0
2021-01-14,002415.SZ,002415.SZ,95.79512036742896,96.7187201409309,92.03590725422809,92.7488614653524,624065.43,3629182990.0
2021-01-15,002415.SZ,002415.SZ,93.29980793729219,98.7927976717038,93.29980793729219,95.4386711967091,572560.14,3386754292.0
2021-01-18,002415.SZ,002415.SZ,94.32066832549134,99.00348453337091,92.4734674684039,96.86462038305913,459471.04,2736546475.0
2021-01-19,002415.SZ,002415.SZ,96.92946484365255,100.76969940867188,96.92946484365255,98.17713598924956,482539.33,2948151415.0
2021-01-20,002415.SZ,002415.SZ,96.75120970571041,98.16091582602473,95.92483025587099,97.86925249078729,462392.56,2771744366.0
2021-01-21,002415.SZ,002415.SZ,98.24196948264078,104.62615816417804,98.1933589089235,102.4062752977552,746408.58,4690048536.0
2021-01-22,002415.SZ,002415.SZ,103.70259082625915,109.98956039510111,102.89241433542901,108.14235799600837,686165.33,4524129348.0
2021-01-25,002415.SZ,002415.SZ,108.25578254470128,114.20247797860418,104.56137775197683,109.61687904728396,629224.02,4255124841.0
2021-01-26,002415.SZ,002415.SZ,108.1261558011917,109.17938525227477,104.83683920780912,105.48498040847562,484003.61,3175946151.0
2021-01-27,002415.SZ,002415.SZ,105.56602663534187,113.06826306391643,103.60539897258263,111.9340156557086,596290.95,3962059404.0
2021-01-28,002415.SZ,002415.SZ,109.37382479270045,109.37382479270045,100.73734351647684,103.62157178508436,846185.66,5470475334.0
2021-01-29,002415.SZ,002415.SZ,103.05448546322853,105.19335214265404,99.66794655413815,102.08227333621694,622609.6,3916791620.0
2021-02-01,002415.SZ,002415.SZ,103.03826250491653,104.51278395293468,99.32765358627745,103.15168723168715,502355.7,3157186160.0
2021-02-02,002415.SZ,002415.SZ,103.1516943665588,107.04054241053841,102.8924378302935,104.48038411491851,452638.16,2936284474.0
2021-02-03,002415.SZ,002415.SZ,104.48035899776441,107.73726845163391,95.79526712077902,97.05914243123584,733881.39,4634693197.0
2021-02-04,002415.SZ,002415.SZ,98.85771941818372,101.4988943510085,97.05912789951164,98.48503829269312,635135.54,3881094947.0
2021-02-05,002415.SZ,002415.SZ,98.54986945436607,99.3276388943216,94.07769517462174,96.63785291447537,565121.78,3363584285.0
2021-02-08,002415.SZ,002415.SZ,96.6054319154149,99.27901397949465,94.62860154076199,97.02672363460323,531110.27,3184120210.0
2021-02-09,002415.SZ,002415.SZ,98.58224575979408,103.13543626908108,97.56142368831692,101.27203090051167,556880.71,3462194271.0
2021-02-10,002415.SZ,002415.SZ,101.27203090051167,107.75344087814442,99.29520085733368,106.94326463094032,556859.91,3593450412.0
2021-02-18,002415.SZ,002415.SZ,106.95942279711467,108.88764144775193,98.92247783311392,99.34376930300105,700399.35,4421816430.0
2021-02-19,002415.SZ,002415.SZ,98.19332883293008,100.76968845082378,96.44334871511548,99.94330895074467,416275.54,2547252021.0
2021-02-22,002415.SZ,002415.SZ,99.48957280465287,99.48957280465287,93.65630794965693,95.01740308248932,668893.47,3944737225.0
2021-02-23,002415.SZ,002415.SZ,94.87156170735452,96.88079717306108,92.53825600524367,94.56369498277044,444845.95,2593228957.0
2021-02-24,002415.SZ,002415.SZ,95.5682684603009,95.63308247756798,89.45954733287915,90.83684519980449,698422.18,3965119327.0
2021-02-25,002415.SZ,002415.SZ,92.65163875646755,94.62846630601094,91.54980045016468,92.32756866637847,365980.18,2102497078.0000002
2021-02-26,002415.SZ,002415.SZ,89.11927705220303,91.69563433425763,88.06604923249519,90.02667332764365,476523.24,2651193801.0
2021-03-01,002415.SZ,002415.SZ,93.49420950781621,96.57287498554325,93.42939549775879,94.3529951410769,497895.24,2911832675.0
2021-03-02,002415.SZ,002415.SZ,94.46637628140203,98.16077315827333,94.46637628140203,96.26496423461569,467381.47,2775047815.0
2021-03-03,002415.SZ,002415.SZ,96.3298079951464,97.09137249906092,93.6562304814039,96.70248849706202,258308.91,1528435266.0
2021-03-04,002415.SZ,002415.SZ,95.30898117434253,95.37379517038084,92.97567731696319,93.89927676050918,272111.16,1574937495.0
2021-03-05,002415.SZ,002415.SZ,92.32753148695996,96.92932491312644,90.22107674963023,94.30435824045401,490157.3,2839053068.0
2021-03-08,002415.SZ,002415.SZ,95.60068511227976,97.41547777881796,90.51278424359234,90.90166838642195,461497.47,2660372097.0
2021-03-09,002415.SZ,002415.SZ,90.17254063115735,90.17254063115735,85.71657501146854,86.65637866943926,659482.43,3566533324.0
2021-03-10,002415.SZ,002415.SZ,88.244342073464,89.81608301748273,87.43416632912445,88.04989989482252,333476.46,1823436300.0
2021-03-11,002415.SZ,002415.SZ,88.8114615182011,92.84613656254191,87.54758740792565,91.74429759460948,366169.92,2058729534.0
2021-03-12,002415.SZ,002415.SZ,92.19795062118118,92.68405580899058,89.52437208822953,90.41556493254674,197074.49,1102585181.0
2021-03-15,002415.SZ,002415.SZ,87.51516227459406,89.42717655869,84.92260053344704,87.48275525282973,413000.79,2225417791.0
2021-03-16,002415.SZ,002415.SZ,87.41795400217049,88.14711209857414,82.28144030083814,86.36472564069855,503589.09,2633734086.0
2021-03-17,002415.SZ,002415.SZ,86.3646959376901,88.147081782558,84.87397323107332,86.68876609130245,245559.05,1318260064.0
2021-03-18,002415.SZ,002415.SZ,88.42254790762291,88.55217597858882,86.93182509151491,88.24430931004478,200553.77,1086393814.0
2021-03-19,002415.SZ,002415.SZ,86.70494212807415,90.69100375459372,86.00819151856057,86.68873862552732,234682.76,1275394504.0
2021-03-22,002415.SZ,002415.SZ,85.3600481967685,86.68873535548815,83.38322096062467,85.91096726257909,328725.56,1724350449.0
2021-03-23,002415.SZ,002415.SZ,86.04057619449023,86.6887161281587,83.61005144323343,84.74429632715326,260373.63,1361179627.0
2021-03-24,002415.SZ,002415.SZ,84.33919948478281,85.47344424250323,82.67023934127991,83.01051276859603,276951.3,1430148407.0
2021-03-25,002415.SZ,002415.SZ,82.76743024565303,83.65862223146175,80.48273806385251,81.64938939072937,360017.21,1816768355.0
2021-03-26,002415.SZ,002415.SZ,82.4595581480249,88.309017863379,81.95724997302219,86.5266340165952,362430.14,1910217265.0
2021-03-29,002415.SZ,002415.SZ,87.53125134734293,89.67011198744831,86.5266349860813,86.76968733154781,298325.27,1624508723.0
2021-03-30,002415.SZ,002415.SZ,87.30444356113205,91.51735286437895,86.33223372192123,89.55672968863712,365313.13,2020813833.0
2021-03-31,002415.SZ,002415.SZ,89.68639413537227,91.5660005887965,88.56835236566302,90.57758685035789,231247.63,1291534392.0
2021-04-01,002415.SZ,002415.SZ,90.61003650006576,91.74428230747,89.67023283107366,91.24197344990527,185646.15,1040904137.0
2021-04-02,002415.SZ,002415.SZ,91.9873186018553,93.57526244948289,89.92947300339914,91.54982386832525,314694.74,1785461317.0
2021-04-06,002415.SZ,002415.SZ,92.50581856640926,93.08914480014384,90.09149609900778,91.30675908595484,201120.05,1137675545.0
2021-04-07,002415.SZ,002415.SZ,90.73963302568556,92.65164672158394,89.52437008337728,90.43176641363414,187327.26,1046702070.0
2021-04-08,002415.SZ,002415.SZ,89.54053092866411,94.07751041835394,89.26507145964723,93.18631801859343,249359.56,1427733028.0
2021-04-09,002415.SZ,002415.SZ,93.17007210627807,93.17007210627807,89.45947271282803,89.94557743686079,210922.49,1181209401.0
2021-04-12,002415.SZ,002415.SZ,89.92940449791374,90.33449190556199,86.38083880691498,86.94796117762253,189946.41,1023306065.0
2021-04-13,002415.SZ,002415.SZ,86.94794468971284,88.89236387770494,86.23499098744908,87.49886345964394,160829.5,869567462.0
2021-04-14,002415.SZ,002415.SZ,88.7789036991407,90.10758960958596,86.85068878032381,88.58446185858774,227532.48,1248677101.0
2021-04-15,002415.SZ,002415.SZ,88.66550086070579,91.54972219718343,88.146989159766,91.32287332802227,219851.38,1219402181.0
2021-04-16,002415.SZ,002415.SZ,91.468717061633,93.33211873782216,90.1724376347188,92.40851964614579,254640.37,1451264362.0
2021-04-19,002415.SZ,002415.SZ,96.57283915666,101.3528706249846,96.57283915666,99.18160209361004,686762.18,4197673371.0000005
2021-04-20,002415.SZ,002415.SZ,99.19777953479178,101.75793130978313,97.54502332562015,101.10979161991192,397064.54,2456260504.0
2021-04-21,002415.SZ,002415.SZ,101.06120722347639,101.35287015918627,98.84132821279556,100.46167785562828,223319.11,1380250191.0
2021-04-22,002415.SZ,002415.SZ,101.53115383095134,104.56120901230913,99.68395441557816,101.88763091111109,374513.71,2370355301.0
2021-04-23,002415.SZ,002415.SZ,102.21168494823989,104.41536109804342,101.56354490418003,102.45473746476233,271315.51,1728203018.0
2021-04-26,002415.SZ,002415.SZ,102.50337189619212,104.65843804576431,101.01264944686402,103.70243125760823,340037.5,2171671585.0
2021-04-27,002415.SZ,002415.SZ,102.56818591572814,102.56818591572814,99.48951998776789,101.30431253477605,350652.07,2178051692.0
2021-04-28,002415.SZ,002415.SZ,101.27190165676367,104.36677097139436,101.27190165676367,103.50798524534501,230442.38,1467752278.0
2021-04-29,002415.SZ,002415.SZ,103.05430974601467,104.334386863929,101.75802912027862,103.05430974601467,170812.62,1086257703.0
2021-04-30,002415.SZ,002415.SZ,103.0543182818925,103.50801653847945,100.94786209059595,101.7256305304593,175819.83,1105756674.0
2021-05-06,002415.SZ,002415.SZ,100.60760910479026,103.5404448670655,99.97567211733868,100.29974236731384,218713.07,1366455844.0
2021-05-07,002415.SZ,002415.SZ,102.03353196510149,102.08214250915347,96.0868420760762,96.1192491054442,263114.08,1604124380.0
2021-05-10,002415.SZ,002415.SZ,96.26509179378762,100.46180257894012,96.18407421106266,98.19331026264148,243465.18,1481966450.0
2021-05-11,002415.SZ,002415.SZ,97.22110729810879,98.6470168718144,94.75817257989003,98.11230078167479,220180.13,1312835949.0
2021-05-12,002415.SZ,002415.SZ,98.20956899760534,101.53129175696998,97.61003854835417,99.65168278093927,257868.11,1590070849.0
2021-05-13,002415.SZ,002415.SZ,98.32297649644063,98.8414892268108,96.94567705639491,97.36696864982066,201160.06,1212917958.0
2021-05-14,002415.SZ,002415.SZ,97.85307215788013,98.92250464047991,95.40634026587153,98.33917783178912,269446.66,1618120564.0
2021-05-17,002415.SZ,002415.SZ,98.67949458828534,102.2118640168972,98.67949458828534,101.35307695397779,313759.63,1956787853.0
2021-05-18,002415.SZ,002415.SZ,100.94799696730843,102.08224412424448,100.2674486731468,101.11003227544215,161688.97,1007521843.0
2021-05-19,002415.SZ,002415.SZ,100.13781523310618,101.2720623312158,99.32763873445646,99.97577993337624,150867.99,932847858.0
2021-05-20,002415.SZ,002415.SZ,99.65171155651302,102.8924176233915,99.45726919250032,101.70955990898086,231837.32,1455404140.0
2021-05-21,002415.SZ,002415.SZ,102.37386970160006,104.02662923144545,101.46647231266532,103.70255873539733,232725.95,1480156108.0
2021-05-24,002415.SZ,002415.SZ,103.86459398342137,105.76040638530286,102.45488732561206,105.3229112156379,255527.11,1650248597.0
2021-05-25,002415.SZ,002415.SZ,105.32288702571802,106.7812039229972,104.4478968873505,105.82519617922529,335516.66,2187088945.0
2021-05-26,002415.SZ,002415.SZ,105.80894037051547,106.13301063198719,104.02655393242104,105.61449821363246,201202.55,1305369968.0
2021-05-27,002415.SZ,002415.SZ,104.998716459169,105.16075151543318,102.40615555894263,104.28576221160675,318285.03,2032651617.0
2021-05-28,002415.SZ,002415.SZ,104.35143421500146,106.64847836438828,103.20291214030804,105.0077325433977,252653.69,1615648096.0
2021-05-31,002415.SZ,002415.SZ,104.82730244598152,105.99223255611841,103.41626034074527,105.9594176234385,235383.44,1504354988.0
2021-06-01,002415.SZ,002415.SZ,105.04061416907695,108.17444067740149,102.54667893732129,104.15461086305848,325168.77,2072203882.0
2021-06-02,002415.SZ,002415.SZ,103.43263611659343,104.35145395011646,98.7729171037266,101.10277661016,473231.34,2899408494.0
2021-06-03,002415.SZ,002415.SZ,101.037122710038,101.82468066555633,98.83852341754937,99.10104273605546,302369.44,1839906053.0
2021-06-04,002415.SZ,002415.SZ,99.06827385425383,101.51298614380066,96.91889593525626,100.28242626651198,260837.01,1584923963.0
2021-06-07,002415.SZ,002415.SZ,99.92143344430455,100.10191550799706,97.13216518723858,99.08465296718477,312944.82,1875020688.0
2021-06-08,002415.SZ,002415.SZ,99.42921910050818,100.16755488590798,97.34547143949092,97.88691768211744,244100.79,1466414308.0
2021-06-09,002415.SZ,002415.SZ,97.88688416657666,98.70725698057748,96.9024367897757,98.42833022381721,159099.09,951397544.0
2021-06-10,002415.SZ,002415.SZ,97.95249537722192,101.20117110330062,97.37823451655143,101.10272638432855,304764.86,1864340020.0
2021-06-11,002415.SZ,002415.SZ,101.7262268979407,104.81082861678149,99.70810981593317,101.7262268979407,373478.43,2305317410.0
2021-06-15,002415.SZ,002415.SZ,100.74179613206601,101.03713038782776,97.62437898791413,99.62608894363271,308288.88,1861534714.0
2021-06-16,002415.SZ,002415.SZ,99.26510820757167,99.59325732561324,95.17965168795426,96.27895123339349,321403.38,1893730325.0
2021-06-17,002415.SZ,002415.SZ,95.98360488719233,98.36268569208856,95.24526946498315,97.03368193211205,207754.43,1226221242.0
2021-06-18,002415.SZ,002415.SZ,97.03365189132577,101.41444070684555,96.82035505761132,98.36265523985425,316260.26,1917138989.0
2021-06-21,002415.SZ,002415.SZ,98.37901631601923,99.51112974594007,95.50771413868378,97.98523773169894,285532.8,1701071460.0
2021-06-22,002415.SZ,002415.SZ,98.11651114081833,98.85484609087466,95.98354350732228,98.34621534750252,255198.48,1526353641.0
2021-06-23,002415.SZ,002415.SZ,98.44469291004916,99.51117708324135,96.13124262666301,98.28061842186574,286819.78,1710213409.0
2021-06-24,002415.SZ,002415.SZ,100.05264956442527,104.6795513645512,98.36268188565587,104.02325323687377,578099.72,3584291262.0
2021-06-25,002415.SZ,002415.SZ,103.85917706963433,104.59751245164595,101.62776347066588,104.20373358123976,435112.74,2741734290.0
2021-06-28,002415.SZ,002415.SZ,103.7771245851958,103.84275438730502,100.6433015344808,103.59664262939546,476152.49,2969587267.0
2021-06-29,002415.SZ,002415.SZ,103.56386330509358,104.59753304340487,102.31689663665455,102.49737865445493,390737.33,2451687617.0
2021-06-30,002415.SZ,002415.SZ,102.51382603536756,105.91017078397849,101.61141559491539,105.82813347121011,442454.63,2817703335.0
2021-07-01,002415.SZ,002415.SZ,106.46797384287653,106.97660493998382,104.15452272377564,106.87816021151144,384726.1,2476286845.0
2021-07-02,002415.SZ,002415.SZ,105.00765842361687,105.17173288990377,102.07072547708134,102.08713292371003,409529.91,2568224331.0
2021-07-05,002415.SZ,002415.SZ,101.8902023883145,102.72698182821854,98.60871438869086,100.3643104684895,339354.69,2073529161.0
2021-07-06,002415.SZ,002415.SZ,100.0854178841489,101.26675396409296,98.0180797442468,99.46193495306731,359483.04,2173893979.0
2021-07-07,002415.SZ,002415.SZ,99.24867354137992,102.08716263423142,98.69082019365187,101.34882732106196,260907.4,1604016597.0
2021-07-08,002415.SZ,002415.SZ,100.10188662182856,101.72622472632963,98.98617964095914,100.18392389983367,333809.88,2033880543.0
2021-07-09,002415.SZ,002415.SZ,100.08549269667006,100.75819846725423,97.29622486741859,99.03541539624598,372911.02,2239805551.0
2021-07-12,002415.SZ,002415.SZ,99.03544697367236,103.17012766243404,96.59073497912676,102.71071869701606,524351.21,3195063114.0
2021-07-13,002415.SZ,002415.SZ,102.62865745746541,103.85921689940143,101.52935768933588,102.75991713127192,255158.59,1599603653.0
2021-07-14,002415.SZ,002415.SZ,102.71073480399404,103.76081260390708,99.88865071672775,102.03802871342474,269654.02,1675177191.0
2021-07-15,002415.SZ,002415.SZ,101.41457300719475,104.67965956736813,100.134790335368,103.92491594039339,357183.45,2245214933.0
2021-07-16,002415.SZ,002415.SZ,104.51556973597675,104.597607074859,102.38259892503845,103.36704699162536,264326.47,1664213636.0
2021-07-19,002415.SZ,002415.SZ,102.30058741147941,104.67967083965334,100.46295055661402,103.99055701907884,307934.32,1925770885.0
2021-07-20,002415.SZ,002415.SZ,102.76001533513414,106.87829153649429,102.25138361305379,104.89298707289039,302140.8,1938045533.0
2021-07-21,002415.SZ,002415.SZ,106.43524077083865,113.27715466037768,105.41797779445633,110.71758975206092,819198.51,5486843915.0
2021-07-22,002415.SZ,002415.SZ,111.89893184288144,114.32723710868005,109.81518340533806,110.79963148606721,487050.52,3312348123.0
2021-07-23,002415.SZ,002415.SZ,111.24264096219514,112.63727584151471,108.33851891937678,110.58634219545654,432571.74,2910912416.0
2021-07-26,002415.SZ,002415.SZ,114.85224007315763,115.57416843933176,104.17098174635397,106.81258326803659,859927.85,5623993365.0
2021-07-27,002415.SZ,002415.SZ,106.36954935688625,106.45158664622521,99.42919467881084,99.60967671535654,907078.12,5637093982.0
2021-07-28,002415.SZ,002415.SZ,98.44476604035324,101.98877761780595,96.2953886484722,100.0855121410258,465785.23,2817447343.0
2021-07-29,002415.SZ,002415.SZ,102.4810405566742,104.43352916158042,101.64425972600012,103.18656164920334,421493.24,2650412985.0
2021-07-30,002415.SZ,002415.SZ,102.41546058573297,102.49749796204323,98.34640672074389,100.08559909852148,500367.63,3039012110.0
2021-08-02,002415.SZ,002415.SZ,98.21509879755638,101.54581464384839,97.6244299775243,100.4629218071229,370527.61,2255831144.0
2021-08-03,002415.SZ,002415.SZ,99.56052847199243,100.67623643772998,98.44482050625487,99.1667491899674,374013.35,2261999506.0
2021-08-04,002415.SZ,002415.SZ,99.05184886836933,101.67704280889262,97.65721458746634,101.10278163440314,414709.24,2513637623.0
2021-08-05,002415.SZ,002415.SZ,100.10188835152256,100.38081510155959,98.24784583657059,99.1666633661043,289641.31,1751710086.0
2021-08-06,002415.SZ,002415.SZ,98.46118179451184,99.06825790289328,96.0820997481522,97.01732510430737,439968.7,2608085603.0
2021-08-09,002415.SZ,002415.SZ,97.05017505322803,98.24792023985283,95.50787303209474,97.6572513806954,367180.74,2170425141.0
2021-08-10,002415.SZ,002415.SZ,97.08296089742012,98.24789079833559,95.98366085007736,98.11663109119019,343857.62,2031738202.0
2021-08-11,002415.SZ,002415.SZ,99.10107559030993,100.9058965033785,98.28070244800605,98.41196215077467,430322.97,2613660120.0
2021-08-12,002415.SZ,002415.SZ,98.42833628906693,99.03541220883615,95.52421634854937,96.14769972560964,413775.2,2432491456.0
2021-08-13,002415.SZ,002415.SZ,95.65552058418704,96.04929974268113,92.34121266686188,92.94828886954025,637712.2,3647207037.0
2021-08-16,002415.SZ,002415.SZ,92.37401098797415,93.6866079469507,91.68489758451148,93.07953185342404,309123.35,1755116453.0
2021-08-17,002415.SZ,002415.SZ,93.03028937386436,93.06310429075108,88.60027559415654,90.0933543125025,463641.61,2562185323.0
2021-08-18,002415.SZ,002415.SZ,89.43706226902889,91.0614007692369,87.48457457685967,90.22462032973581,315572.44,1715703984.0
2021-08-19,002415.SZ,002415.SZ,89.91286148592519,91.79971898061159,88.8463768150155,90.09334350715606,300690.29,1660933990.0
2021-08-20,002415.SZ,002415.SZ,89.42059833106785,89.63389517112361,85.56484776082914,87.89470555220743,503825.04,2680172246.0
2021-08-23,002415.SZ,002415.SZ,87.61574577663708,91.3238279012663,86.59848430881846,90.27375154738901,333525.16,1823985645.0
2021-08-24,002415.SZ,002415.SZ,90.38855881584693,91.52067182334257,89.42052015726371,90.24089190182576,251570.17,1387540904.0
2021-08-25,002415.SZ,002415.SZ,90.24088380266119,91.68473794350378,89.12517833019193,91.40581157538645,247073.99,1365698053.0
2021-08-26,002415.SZ,002415.SZ,90.979187048184,91.14326132599857,88.6001100198726,88.63292487543552,190020.43,1040037684.0
2021-08-27,002415.SZ,002415.SZ,87.77977410913809,89.65022163221131,84.7936210459861,86.46717935610425,548340.19,2885940034.0
2021-08-30,002415.SZ,002415.SZ,86.30313422482487,86.46720862449185,83.43183223065294,84.82646462782218,664477.29,3413023360.0
2021-08-31,002415.SZ,002415.SZ,85.15458841091753,86.05699734398121,83.56306720169614,84.33421665358692,311700.95,1610004063.0
2021-09-01,002415.SZ,002415.SZ,84.66236472007968,87.41881380398925,82.97239891268273,87.30396175882635,586325.67,3063380775.0
2021-09-02,002415.SZ,002415.SZ,86.92661124639127,86.92661124639127,83.67793834590327,84.35064334044877,603058.47,3114167880.0
2021-09-03,002415.SZ,002415.SZ,83.87478689904019,84.44904698148667,81.52852427647315,84.33419496499738,407990.78,2068540644.0
2021-09-06,002415.SZ,002415.SZ,83.677884572491,88.07507536963367,83.4317731472778,87.66488966094498,524125.42,2765137698.0
2021-09-07,002415.SZ,002415.SZ,87.66490730325555,87.86179648304949,86.00775670665648,86.82812828913126,341515.2,1801530685.0
2021-09-08,002415.SZ,002415.SZ,86.8445449710769,87.32036053959405,85.8108766670569,86.8773598378712,323337.54,1707528514.0
2021-09-09,002415.SZ,002415.SZ,86.86094212358765,87.69772112780053,84.6787537400521,85.25301384098252,297279.94,1554766723.0
2021-09-10,002415.SZ,002415.SZ,84.99047772443525,88.76418619482523,84.76077373058541,88.14070392580427,459627.47,2456623292.0
2021-09-13,002415.SZ,002415.SZ,88.30476806777932,92.20973551484946,87.25469278789491,90.88073398874575,486997.25,2692759150.0
2021-09-14,002415.SZ,002415.SZ,90.86436492409238,91.20892102077096,88.91188037624713,89.19080674022501,223385.12,1223325827.0
2021-09-15,002415.SZ,002415.SZ,88.60015995868484,91.68475812020944,87.77978810721554,89.68305080262432,232393.28,1276442026.0
2021-09-16,002415.SZ,002415.SZ,89.07595427533151,90.5690306870197,88.0586934234121,88.96110224366319,165667.14,898080531.0
2021-09-17,002415.SZ,002415.SZ,88.87908785858878,90.86438777198904,88.60016142447469,90.38857209026501,179148.74,982772566.0
2021-09-22,002415.SZ,002415.SZ,89.04313528388302,90.02758122400333,86.17183462519874,87.12346570064838,263577.92,1405946059.0
2021-09-23,002415.SZ,002415.SZ,87.107068021613,87.94384716440868,83.79276631877521,84.9905090133651,378820.58,1960075143.0
2021-09-24,002415.SZ,002415.SZ,85.00688178389406,87.46799590618399,84.66232580677347,86.10617942518354,264182.88,1382688474.0
2021-09-27,002415.SZ,002415.SZ,85.90930965165325,90.06038973986338,84.67875231325104,88.55090607142334,391648.94,2106781723.0000002
2021-09-28,002415.SZ,002415.SZ,88.32118878674129,90.73308080822576,87.15626134779299,89.58456079799507,284427.25,1552450053.0
2021-09-29,002415.SZ,002415.SZ,89.09233728852334,91.14326586330519,87.94381728664553,90.24085729040118,218962.21,1198832315.0
2021-09-30,002415.SZ,002415.SZ,90.56900586236628,91.84878529303015,89.6173750036675,90.24085729040118,227402.55,1257419497.0
2021-10-08,002415.SZ,002415.SZ,91.88159201623232,93.91611298230603,90.96277609606999,92.66914851922859,382576.51,2154280492.0
2021-10-11,002415.SZ,002415.SZ,93.85051979576583,95.90144898710687,92.86607378392213,93.7684826281122,315470.14,1820445965.0
2021-10-12,002415.SZ,002415.SZ,93.7520948337522,94.44120718639792,91.487868532202,92.42309243936404,196967.78,1113692947.0
2021-10-13,002415.SZ,002415.SZ,92.34101220496679,94.01456999546191,91.07764014743614,91.75034474949791,271491.48,1522997094.0
2021-10-14,002415.SZ,002415.SZ,91.89804857500988,94.12945985981641,91.75038165175063,92.35745678070535,207279.9,1172396283.0
2021-10-15,002415.SZ,002415.SZ,92.35749458282719,92.73486576339302,91.06130661479675,91.71760432012861,172149.4,963133407.0
2021-10-18,002415.SZ,002415.SZ,91.73400453961138,92.0129310424147,88.27203441658187,89.60103716523301,269762.62,1468248731.0
2021-10-19,002415.SZ,002415.SZ,89.60106527060886,91.56995884916097,89.25650889436223,90.96288332910738,166269.6,917616390.0
2021-10-20,002415.SZ,002415.SZ,90.3394364518876,92.50522025349477,89.10887747370168,89.37139672238133,196355.66,1083365708.0
2021-10-21,002415.SZ,002415.SZ,89.42063591362532,90.65119512344585,88.28852144059043,90.65119512344585,195672.46,1066511830.0000001
2021-10-22,002415.SZ,002415.SZ,91.06138932869558,91.06138932869558,88.92841984892434,90.96294458347536,176700.65,969232322.0
2021-10-25,002415.SZ,002415.SZ,91.2255009123644,91.38957555429312,86.72985572351766,88.97767831794103,422972.24,2283080218.0
2021-10-26,002415.SZ,002415.SZ,88.6003233201821,88.87925026396786,86.95957659203059,87.9440246289215,320819.65,1715923291.0
2021-10-27,002415.SZ,002415.SZ,87.77998320608741,87.77998320608741,86.15564332993738,86.63146006133486,211830.64,1118999233.0
2021-10-28,002415.SZ,002415.SZ,86.46736407070415,87.66510934151276,85.20398892204301,85.43369349452685,269739.15,1418360959.0
2021-10-29,002415.SZ,002415.SZ,85.4336991018282,86.92677892096904,84.7445853391478,85.74544104208837,278049.57,1455706382.0
2021-11-01,002415.SZ,002415.SZ,85.25324455037445,87.23854912901095,84.66257541954043,86.99243699116346,241884.11,1273935707.0
2021-11-02,002415.SZ,002415.SZ,86.99246679585279,87.00887427733069,84.17037998165311,84.28523235199845,337200.43,1747115818.0
2021-11-03,002415.SZ,002415.SZ,84.28523049921216,85.03997463060476,82.92340956648205,83.5961162922885,219836.68,1120427511.0
2021-11-04,002415.SZ,002415.SZ,83.66176551570125,84.23602748727401,82.85779875549937,83.21876342334511,204574.85,1041684162.0
2021-11-05,002415.SZ,002415.SZ,82.85778021389407,85.23686499231282,82.74292784528076,84.46571337448053,249183.23,1281268302.0
2021-11-08,002415.SZ,002415.SZ,84.94150963138587,85.15480683540518,82.23427588806373,83.76017127066348,262899.43,1335949226.0
2021-11-09,002415.SZ,002415.SZ,83.02184012324162,85.90955630144133,82.3655409918326,85.64703664887772,312159.47,1604587690.0
2021-11-10,002415.SZ,002415.SZ,85.66340660311826,86.45096521582649,84.58051351064444,85.40088706554884,293570.1,1531414342.0
2021-11-11,002415.SZ,002415.SZ,85.41728824875813,86.41814391206474,84.33439523600015,85.81106752612466,235486.82,1227543636.0
2021-11-12,002415.SZ,002415.SZ,85.97518094815301,86.54944265295937,85.81110617535118,86.33614544831701,192327.6,1011442515.0
2021-11-15,002415.SZ,002415.SZ,86.54943568275617,86.72991791830314,85.23683760605087,85.9751740241976,155371.43,812067424.0
2021-11-16,002415.SZ,002415.SZ,86.02439445344334,86.07361688017619,84.17034971317267,84.74461135838925,247639.43,1279313956.0
2021-11-17,002415.SZ,002415.SZ,84.59690496347463,84.59690496347463,83.69449422394959,83.92419877582869,229637.7,1174624689.0
2021-11-18,002415.SZ,002415.SZ,83.92418439264594,83.92418439264594,82.11936322291162,82.33266027024386,295856.84,1493009425.0
2021-11-19,002415.SZ,002415.SZ,82.3490873726341,83.16946082723297,82.00453052170258,82.84131144539343,279976.27,1406977097.0
2021-11-22,002415.SZ,002415.SZ,82.8084769727294,83.82573981646019,82.07014103776352,82.90692176405818,361973.25,1825229828.0
2021-11-23,002415.SZ,002415.SZ,82.93974999906092,83.10382467759517,78.7722531642911,79.5762190891089,837778.93,4102480060.0
2021-11-24,002415.SZ,002415.SZ,80.38015830147853,83.20224183441469,79.8387120422524,81.46305081993077,602589.53,2995937288.0
2021-11-25,002415.SZ,002415.SZ,81.47943403746915,81.70913844272984,79.42850184764158,79.95354048823745,347640.54,1697163586.0
2021-11-26,002415.SZ,002415.SZ,79.74022343861391,80.11759486640982,77.72210667257491,78.42762716801944,559655.16,2678974991.0
2021-11-29,002415.SZ,002415.SZ,77.44315782449661,78.21430791300324,77.1314162993556,78.05023342608693,359404.96,1704532365.0
2021-11-30,002415.SZ,002415.SZ,78.42759186284144,79.82222477253632,78.09944294291324,79.80581732653991,332681.5,1601347823.0
2021-12-01,002415.SZ,002415.SZ,79.7073620713996,79.7565844028558,78.77213777373188,79.11669409392525,215800.08,1042291663.0
2021-12-02,002415.SZ,002415.SZ,79.03467643770047,79.06749133346035,77.27907951454624,77.82052529458446,379971.75,1802294101.0
2021-12-03,002415.SZ,002415.SZ,77.93536282491199,79.62532963985218,77.45954692555989,79.412032857384,292401.57,1402424599.0
2021-12-06,002415.SZ,002415.SZ,80.23237124018985,82.67707948452284,80.199556364427,80.87226131756559,495320.98,2462301384.0
2021-12-07,002415.SZ,002415.SZ,81.21681975743698,82.77552639924637,81.21681975743698,82.52941482422384,400364.37,2007005382.0
2021-12-08,002415.SZ,002415.SZ,82.6606431412131,85.18738769138119,81.75823437329592,84.79360931992642,491146.9,2516184398.0
2021-12-09,002415.SZ,002415.SZ,84.00604465162553,91.1432769608945,84.00604465162553,89.04312584460386,887343.97,4791960245.0
2021-12-10,002415.SZ,002415.SZ,88.63296864104703,89.14159915342621,86.9594101809606,87.77978197512061,460783.78,2469067330.0
2021-12-13,002415.SZ,002415.SZ,88.14078185682881,90.73315779379436,87.53370647918499,87.66496602029716,383628.09,2077695456.0
2021-12-14,002415.SZ,002415.SZ,88.37049983813031,89.83076246078045,87.58294246861115,88.5673891805101,282713.58,1529454443.0
2021-12-15,002415.SZ,002415.SZ,87.7798547687931,88.41974529888337,85.28592244639,85.31873734536899,362139.74,1901903085.0
2021-12-16,002415.SZ,002415.SZ,85.58124998301699,86.30317770526636,83.84206047032531,85.69610212064757,265969.65,1380123025.0
2021-12-17,002415.SZ,002415.SZ,85.15462961505492,86.33596551722908,84.12096070065253,85.56481569219874,241938.86,1256697181.0
2021-12-20,002415.SZ,002415.SZ,85.15461709962854,85.89295192997216,83.92405904905588,84.28502274389052,196412.92,1015461079.0
2021-12-21,002415.SZ,002415.SZ,84.26864423124835,85.5648324894782,83.97331019772761,84.64601549630261,178396.47,921418574.0
2021-12-22,002415.SZ,002415.SZ,85.02337375149276,85.43355984639574,83.18574004632734,83.53029636604585,247836.19,1270665209.0
2021-12-23,002415.SZ,002415.SZ,83.54673329594436,84.23584617858963,82.75917571577835,83.16936195544815,215577.09,1094516067.0
2021-12-24,002415.SZ,002415.SZ,82.77557370061994,83.67798332470994,81.54501512231539,82.93964817772721,247925.95,1246575552.0
2021-12-27,002415.SZ,002415.SZ,83.3497998059906,83.48105933324413,81.80750036076165,83.08728075148355,176611.22,891066470.0
2021-12-28,002415.SZ,002415.SZ,83.10365728776091,87.12347881500699,82.84113833087953,86.12262529189675,327257.9,1707957746.0
2021-12-29,002415.SZ,002415.SZ,85.67959416779382,86.92655877077205,84.25214784596348,85.26940844312993,262271.85,1366394506.0
2021-12-30,002415.SZ,002415.SZ,85.3022478676122,87.04143584106225,84.31780184490461,84.31780184490461,205799.11,1071270761.0
2021-12-31,002415.SZ,002415.SZ,85.12177395492716,86.22107211510065,83.43180812660073,85.84370110489184,283782.08,1465376796.0
2022-01-04,002415.SZ,002415.SZ,86.95939077183723,86.95939077183723,84.84283201531517,85.99135227079225,239136.42,1253035114.0
2022-01-05,002415.SZ,002415.SZ,85.64677471987936,85.64677471987936,83.48099420972149,84.21932847454802,229580.73,1183390507.0
2022-01-06,002415.SZ,002415.SZ,83.77634744725546,84.12090351783759,81.84027047922254,81.98793736661487,252298.48,1266976502.0
2022-01-07,002415.SZ,002415.SZ,82.0043612915006,83.16928919300051,81.5449531049936,81.82387950394427,184301.71,923379305.0
2022-01-10,002415.SZ,002415.SZ,81.43007072452052,82.98877649095805,80.57688441025998,82.4965536173462,225874.45,1128294826.0
2022-01-11,002415.SZ,002415.SZ,82.36532766082051,82.82473586291273,81.34806664190201,81.5449558713701,201171.92,1006252644.0
2022-01-12,002415.SZ,002415.SZ,81.46294548834959,82.02079848867264,79.46123766366104,80.80664784091073,324065.56,1589520043.0
2022-01-13,002415.SZ,002415.SZ,80.88869849466853,81.54499625121758,78.75573078588417,78.95262011284888,271283.15,1316781676.0
2022-01-14,002415.SZ,002415.SZ,78.95264777078536,79.75661280419527,78.50964662992685,79.24798186469104,173157.35,834432759.0
2022-01-17,002415.SZ,002415.SZ,79.37926073979826,80.72467193877787,79.2480011106295,80.39652286585601,182089.51,888690357.0
2022-01-18,002415.SZ,002415.SZ,80.41292080880663,85.66330535457651,80.19962393663474,83.23500250215794,455415.09,2317507432.0
2022-01-19,002415.SZ,002415.SZ,83.25140616970849,85.07263322623935,81.5614387208555,82.29977401404369,316780.95,1601476265.0
2022-01-20,002415.SZ,002415.SZ,82.72635470231901,82.82479939256373,81.10201731328102,81.6270556612529,176454.41,879739289.0
2022-01-21,002415.SZ,002415.SZ,81.65988128318114,81.74191853582649,79.90428407657066,81.20047266836718,238910.09,1173101258.0
2022-01-24,002415.SZ,002415.SZ,80.39651174437506,81.84036746549855,79.59254662693131,80.38010429299867,246329.42,1207170532.0
2022-01-25,002415.SZ,002415.SZ,80.06837275650699,80.97078269536108,79.10033300391808,79.16596281765293,189761.78,926551737.0
2022-01-26,002415.SZ,002415.SZ,79.16597206413446,81.20049652754436,79.16597206413446,80.77390268844228,172124.79,845250367.0
2022-01-27,002415.SZ,002415.SZ,81.08562922585074,81.21688884418477,78.00102819500088,79.13314240313194,289647.49,1393826937.0
2022-01-28,002415.SZ,002415.SZ,79.13315582542009,79.74023166318509,77.11503885122838,77.86978178466593,226467.61,1078805697.0
2022-02-07,002415.SZ,002415.SZ,78.65734624156882,78.72297606738573,75.14615056036403,75.32663258136054,329601.73,1536926073.0
2022-02-08,002415.SZ,002415.SZ,75.14615231550768,76.29467429412898,74.22733473261064,75.86808041635535,265859.46,1218848196.0
2022-02-09,002415.SZ,002415.SZ,75.49067471492026,77.19704945309712,75.47426726551473,77.0821973072583,221891.86,1036416196.0
2022-02-10,002415.SZ,002415.SZ,77.09861581528475,77.64006172332995,75.80242712632806,77.09861581528475,190121.75,889104195.0
2022-02-11,002415.SZ,002415.SZ,76.13060045709084,77.01660313482421,75.14615303738707,75.47430217728832,266717.45,1234304067.0
2022-02-14,002415.SZ,002415.SZ,75.11332500316323,75.6219560811663,74.06324793889883,75.14613991142149,156696.76,714767043.0
2022-02-15,002415.SZ,002415.SZ,75.1297350586248,75.98292270288086,74.85080832877185,75.81884815590854,135413.47,623303433.0
2022-02-16,002415.SZ,002415.SZ,75.85165348282501,76.27824725106068,75.24457773572043,75.45787461983825,113139.79,520589532.0
2022-02-17,002415.SZ,002415.SZ,74.99843707951085,75.88443918020951,74.94921474058314,75.62192003926177,128949.65,593357588.0
2022-02-18,002415.SZ,002415.SZ,75.40865022217702,76.36028244865356,74.98205646548062,76.29465263993104,135236.9,623087901.0
2022-02-21,002415.SZ,002415.SZ,76.08133421557272,78.39478431787934,75.90085229269773,78.21430239500435,225386.39,1066463628.0
2022-02-22,002415.SZ,002415.SZ,77.93538731996252,78.0010171198109,76.29464232375278,76.83608817250199,159512.19,747155648.0
2022-02-23,002415.SZ,002415.SZ,78.42757819678855,80.80665745171204,77.93535490266645,80.23239694190292,547623.5,2663071065.0
2022-02-24,002415.SZ,002415.SZ,79.54331731432363,80.65902391031662,77.70568292092342,78.73935226721105,217887.4,1051041636.0
2022-02-25,002415.SZ,002415.SZ,78.73936829250513,80.65904032630864,78.72296083922475,79.1659620777948,222761.26,1085288825.0
2022-02-28,002415.SZ,002415.SZ,78.9855013948485,79.57616987225077,77.04942138558549,79.08394614108221,169369.85,811342547.0
2022-03-01,002415.SZ,002415.SZ,79.08393682142525,79.54334558304349,77.60726580193806,77.96822982892382,194553.34,925202421.0
2022-03-02,002415.SZ,002415.SZ,77.77134088692218,78.31278693107163,76.68844879862327,77.44319176925585,137215.3,648393758.0
2022-03-03,002415.SZ,002415.SZ,77.98461515604417,78.0830598627423,76.58998181115383,76.80327867566648,104009.14,488677967.0
2022-03-04,002415.SZ,002415.SZ,76.1798325329577,76.50798171466332,74.6539388380266,75.09694023332919,228737.45,1050890272.0000001
2022-03-07,002415.SZ,002415.SZ,74.53912207718885,74.53912207718885,71.47092576892685,72.0287796431563,332593.69,1466809184.0
2022-03-08,002415.SZ,002415.SZ,72.02875882749979,73.1608737156769,70.55208723422531,71.53653496307497,186375.26,813094411.0
2022-03-09,002415.SZ,002415.SZ,71.536542946692,71.86469222626397,66.12207983375428,70.56850257195464,381882.96,1614237241.0
2022-03-10,002415.SZ,002415.SZ,71.88110651894704,72.96399924440937,70.81462125902199,72.19284836415588,248170.16,1088182490.0
2022-03-11,002415.SZ,002415.SZ,71.04433205254482,74.55552998770523,69.63328989168596,74.29301051591754,313067.16,1387234883.0
2022-03-14,002415.SZ,002415.SZ,73.47264126928759,74.37505200394833,70.40444477144105,70.51929704676151,237220.38,1037828888.0
2022-03-15,002415.SZ,002415.SZ,69.53484506082937,70.47007067868385,67.31983701854244,67.66439382512041,316684.75,1322417230.0
2022-03-16,002415.SZ,002415.SZ,68.58319209585535,69.73171445152757,64.64540116212203,68.82930402921369,520231.09,2118740477.0
2022-03-17,002415.SZ,002415.SZ,70.5520773529281,72.68504713336546,69.40355516346182,71.9959338196857,437403.79,1905310302.0
2022-03-18,002415.SZ,002415.SZ,71.20834744088168,71.3724219741556,69.86293626803553,71.1591250808995,271453.79,1170326209.0
2022-03-21,002415.SZ,002415.SZ,71.5364738654535,71.55288131358778,69.33787581546021,69.5675800893401,242414.91,1033399734.0
2022-03-22,002415.SZ,002415.SZ,69.30508183160984,70.22389920437739,68.74722842671525,69.60041598714227,192364.89,812745447.0
2022-03-23,002415.SZ,002415.SZ,69.61683276549368,71.50369012303122,69.48557312323021,70.79816954586501,197639.04,851462573.0
2022-03-24,002415.SZ,002415.SZ,70.35520194726631,70.371609410407,68.55038100179073,68.86212280146378,172606.79,726476118.0
2022-03-25,002415.SZ,002415.SZ,68.59961418403884,68.82931870414804,66.77838548888737,67.36905425488244,216123.22,889287817.0
2022-03-28,002415.SZ,002415.SZ,66.1220786608652,66.4502279346164,65.15403830329919,65.62985475023841,207881.62,831313820.0
2022-03-29,002415.SZ,002415.SZ,65.69548460498865,66.18770851561544,63.98910838148245,65.62985475023841,333614.97,1326104316.0
2022-03-30,002415.SZ,002415.SZ,66.41741300724125,68.38630864974841,65.66266967761352,67.59875039274556,320434.13,1307734019.0
2022-03-31,002415.SZ,002415.SZ,67.25421858856883,67.82848003053027,66.67995714660739,67.27062605833916,167408.62,685921366.0
2022-04-01,002415.SZ,002415.SZ,66.4502557947805,68.33711490994094,66.3189960302476,67.61518620500999,170418.05,703549254.0
2022-04-06,002415.SZ,002415.SZ,66.90965202671438,67.71361792894807,66.58150267886388,67.17217150499476,139854.31,571696128.0
2022-04-07,002415.SZ,002415.SZ,66.77840806853754,67.43470691933398,65.958034505042,65.958034505042,110404.34,448742656.0
2022-04-08,002415.SZ,002415.SZ,66.40106993543934,66.59795969062226,63.98917043444858,64.64546961839164,272103.54,1079689747.0
2022-04-11,002415.SZ,002415.SZ,64.64544573971176,64.80952047509174,60.80609693182026,61.29832113796019,348573.4,1318639009.0
2022-04-12,002415.SZ,002415.SZ,61.36397500090349,62.85705567605917,59.706819526280164,62.8406481961124,401980.32,1494914991.0
2022-04-13,002415.SZ,002415.SZ,62.15156023617614,65.07209289774934,61.724965577744086,63.44775169833504,361638.15,1405496575.0
2022-04-14,002415.SZ,002415.SZ,64.38294988546293,65.59710337463832,62.88986924336886,64.94080419130027,370369.93,1455033911.0
2022-04-15,002415.SZ,002415.SZ,64.31732953499491,65.95807773741825,63.89073500236483,65.51507572276394,178209.43,706009036.0
2022-04-18,002415.SZ,002415.SZ,67.27065529943089,68.9114029896609,66.71280108475267,68.4848085902011,657584.38,2722416888.0
2022-04-19,002415.SZ,002415.SZ,68.27149241520046,68.61604933438315,67.46752627044081,68.12382516412215,311624.37,1292355484.0
2022-04-20,002415.SZ,002415.SZ,68.25511608886109,69.87945659193736,67.59881689569897,68.17307868971582,278748.04,1167886026.0
2022-04-21,002415.SZ,002415.SZ,67.64803021819968,68.38636671100079,66.13854227736185,66.95891615825198,295195.62,1207670732.0
2022-04-22,002415.SZ,002415.SZ,66.86047383258757,67.64803278816161,66.38465696359494,66.9425112237932,305597.98,1249420744.0
2022-04-25,002415.SZ,002415.SZ,66.4502693807877,66.71278896352662,64.80952198866949,64.80952198866949,365058.36,1464276469.0
2022-04-26,002415.SZ,002415.SZ,64.97358603872975,66.6963705170294,64.4485469596289,64.82591879773263,296571.34,1185073760.0
2022-04-27,002415.SZ,002415.SZ,64.00554549882895,68.86215700040633,63.9563230849616,68.09100584981803,523770.3,2154634601.0
2022-04-28,002415.SZ,002415.SZ,68.09098669037182,68.69806295724983,66.46664748980632,67.05731629001195,337458.23,1386885704.0
2022-04-29,002415.SZ,002415.SZ,67.43469605406084,70.76541218519816,66.74558237175657,69.71533419311545,535906.79,2255664893.0
2022-05-05,002415.SZ,002415.SZ,62.74212760578327,63.66094537406879,62.74212760578327,62.74212760578327,1178749.37,4509976622.0
2022-05-06,002415.SZ,002415.SZ,58.91919968523689,59.64112805787695,56.47448769606945,57.09797129062221,2452129.61,8571683817.0
2022-05-09,002415.SZ,002415.SZ,55.785382566085374,57.88553814504389,55.4572332568731,57.22923952661936,1270719.73,4421444533.0
2022-05-10,002415.SZ,002415.SZ,56.11353083284017,56.90108916031862,54.800933620376064,56.523717461735195,946390.32,3230542059.0
2022-05-11,002415.SZ,002415.SZ,56.441678781865626,59.23094779143457,55.45723089613541,58.13164765236916,1384699.19,4860344450.0
2022-05-12,002415.SZ,002415.SZ,57.03236696373844,57.14721925624309,55.55569463153578,56.04791874226999,1454921.58,4974746421.0
2022-05-13,002415.SZ,002415.SZ,56.06432201828919,56.11354442568014,51.06004393354286,52.63516097005317,2204445.47,7122373265.0
2022-05-16,002415.SZ,002415.SZ,52.635171284352936,54.39077082532107,52.635171284352936,53.58680468039174,1309396.03,4282223897.0
2022-05-17,002415.SZ,002415.SZ,52.99611911363249,54.308716491059926,51.45381719515526,52.81563697423622,1267678.79,4062190016.0
2022-05-18,002415.SZ,002415.SZ,52.815649297884846,55.62132684679393,51.69994126673973,54.63687858401881,1563886.29,5124739469.0
2022-05-19,002415.SZ,002415.SZ,53.357074712485066,54.636856947286354,53.0453328860591,54.27589272721419,785438.07,2584951592.0
2022-05-20,002415.SZ,002415.SZ,54.48921573844059,55.4572566082292,54.193881235793214,54.80095771345726,869990.58,2908166312.0
2022-05-23,002415.SZ,002415.SZ,54.81737532507667,55.76900889851411,54.5056332923989,54.99785755452171,773899.94,2599633334.0
2022-05-24,002415.SZ,002415.SZ,55.04706806755996,55.26036520165185,52.68439212069599,52.7664294799621,793076.78,2608384819.0
2022-05-25,002415.SZ,002415.SZ,52.7664487565596,53.45556282614154,52.19218703190799,53.17663570273932,565206.82,1818138638.0
2022-05-26,002415.SZ,002415.SZ,53.46351598920178,54.57733923897682,53.15974601199041,53.98667539439914,723331.7,2314221762.0
2022-05-27,002415.SZ,002415.SZ,56.70371373999084,57.19312079310385,54.30730679026503,54.8979704750566,1287771.68,4262351434.9999995
2022-05-30,002415.SZ,002415.SZ,54.84735334814163,55.961176523826964,54.560459499859036,55.67428267554438,798070.01,2614946522.0
2022-05-31,002415.SZ,002415.SZ,55.52239723158461,56.48433542070325,55.252379494288164,56.366202660636056,692182.47,2297518058.0
2022-06-01,002415.SZ,002415.SZ,56.43370675753889,56.93999001194266,55.724910201373646,56.45058286601903,623284.46,2084706975.0
2022-06-02,002415.SZ,002415.SZ,56.23118595601228,56.298690380929465,55.235495688483844,55.67427445044554,545258.53,1797334024.0
2022-06-06,002415.SZ,002415.SZ,55.522397712842285,59.21826552412268,55.3536366255692,58.83011502339459,1247861.37,4236360211.0
2022-06-07,002415.SZ,002415.SZ,59.03265279392353,59.066405025366606,57.71631576764394,58.88076775242974,601413.13,2083093875.0
2022-06-08,002415.SZ,002415.SZ,58.931384227452625,63.01540340930931,58.931384227452625,60.2308448762252,1282517.06,4641764641.0
2022-06-09,002415.SZ,002415.SZ,60.31524948029802,60.36587783744433,58.22261071825075,58.42512414683596,638298.08,2239467554.0
2022-06-10,002415.SZ,002415.SZ,57.71634710057409,58.9145519672819,57.648842601041245,58.577029469617734,488343.55,1688957509.0
2022-06-13,002415.SZ,002415.SZ,59.066423100903535,59.066423100903535,56.97378411104295,57.783837913569634,541373.96,1856448148.0
2022-06-14,002415.SZ,002415.SZ,56.78814359784494,58.08760483321911,56.02871820054836,57.800710794240395,405791.33,1368435265.0
2022-06-15,002415.SZ,002415.SZ,57.682573092403715,60.61901771442778,57.56444026278206,60.06210580335425,812877.88,2865810672.0
2022-06-16,002415.SZ,002415.SZ,60.06209911076851,60.38274532686982,58.8976470628216,59.21829327892293,429126.41,1512104913.0
2022-06-17,002415.SZ,002415.SZ,58.57700082976602,58.9989037455667,57.3787965488921,58.30698296365358,647331.91,2226327894.0
2022-06-20,002415.SZ,002415.SZ,59.91020315711554,60.838389403211686,59.23515861450015,59.437671977284765,694682.53,2462028795.0
2022-06-21,002415.SZ,002415.SZ,59.43769874717341,61.86786019509872,59.01579571801971,61.2265675907851,954209.25,3441640687.0
2022-06-22,002415.SZ,002415.SZ,61.26034156952295,61.51348347683504,59.1339495481015,59.16770180240978,591494.21,2094619951.0
2022-06-23,002415.SZ,002415.SZ,59.10020559325469,59.606489478976464,58.307027505623914,59.60648947897646,432067.63,1511855105.0
2022-06-24,002415.SZ,002415.SZ,59.65713846087147,60.41656455160391,58.96521691153745,60.230927062758205,572933.66,2022513049.0
2022-06-27,002415.SZ,002415.SZ,60.416587384619945,61.76667872282375,59.70778943206296,60.55159651844033,627908.99,2257486817.0
2022-06-28,002415.SZ,002415.SZ,60.46721521553019,62.239210079507494,59.825921836186026,61.81730654046528,626744.75,2274601883.0
2022-06-29,002415.SZ,002415.SZ,61.81730727475926,63.268655466304246,60.92287176136525,61.09163317898676,621688.34,2276808265.0
2022-06-30,002415.SZ,002415.SZ,61.09163317898676,61.68229814066204,60.905995619603104,61.09163317898676,630571.41,2288765109.0
2022-07-01,002415.SZ,002415.SZ,61.108492251332905,61.80041387030684,60.21405698778122,60.416570632358955,514823.06,1855825674.0
2022-07-04,002415.SZ,002415.SZ,60.585327236363014,60.68658405068563,59.57275909313689,60.06216702902953,487587.2,1730661658.0
2022-07-05,002415.SZ,002415.SZ,60.39966331337285,61.851010350240706,59.23521045821143,61.243469730156484,730898.92,2628098341.0
2022-07-06,002415.SZ,002415.SZ,60.585286423814,60.66966704557419,58.30700963628895,58.982054610370454,715283.79,2520820992.0
2022-07-07,002415.SZ,002415.SZ,58.81329682951086,58.81329682951086,57.041303668219996,57.32819779909566,734625.91,2509901734.0
2022-07-08,002415.SZ,002415.SZ,57.2944648928362,58.188899838144096,57.12570358240075,57.581359120576465,404955.62,1382719656.0
2022-07-11,002415.SZ,002415.SZ,57.41260206680279,57.44635433139232,55.387466191430555,55.53935138208347,598095.08,1976774093.0
2022-07-12,002415.SZ,002415.SZ,55.52248758432012,56.045647801679976,54.59430010190748,54.84744214256547,380953.77,1244995850.0
2022-07-13,002415.SZ,002415.SZ,54.9655499658379,55.6068428423199,54.594275142611494,55.37057704572127,322601.51,1054205081.9999999
2022-07-14,002415.SZ,002415.SZ,55.16809092130777,55.75875570633248,54.76306364014798,55.252471604882736,294335.06,963699455.0
2022-07-15,002415.SZ,002415.SZ,54.71242739174312,54.999321674796676,53.37921278225893,53.480469588042546,594084.44,1901444072.0
2022-07-18,002415.SZ,002415.SZ,53.36232323630577,54.10487295875911,52.82228707452152,53.85173100792274,424975.04,1348381329.0
2022-07-19,002415.SZ,002415.SZ,53.83482930335481,54.30736072043754,53.497306862581425,53.7842009372388,355734.86,1135432364.0
2022-07-20,002415.SZ,002415.SZ,54.15547027612437,54.29047923910629,53.41292097972378,53.851700109415034,427935.49,1363340843.0
2022-07-21,002415.SZ,002415.SZ,53.83484798564684,53.83484798564684,53.34544027668642,53.34544027668642,361862.92,1148025472.0
2022-07-22,002415.SZ,002415.SZ,53.32858562953008,53.56485151523053,52.75479704997185,53.04169133975096,296323.25,931714317.0
2022-07-25,002415.SZ,002415.SZ,53.07544904477159,54.74618655047345,52.31602290581619,54.54367291341869,526483.03,1669529075.0
2022-07-26,002415.SZ,002415.SZ,54.13866762318506,54.71245649450311,54.00365847699258,54.526818918488445,320954.69,1035210494.0
2022-07-27,002415.SZ,002415.SZ,54.54371862837739,55.91068682419997,54.17244331593175,55.15126004874298,396814.98,1297700343.0
2022-07-28,002415.SZ,002415.SZ,55.151260722757776,56.24821052293502,54.79686155654666,55.23564147661756,408102.2,1343670102.0
2022-07-29,002415.SZ,002415.SZ,55.11750150132629,55.455024474390136,53.666152717151746,53.902418798296445,374368.54,1202914378.0
2022-08-01,002415.SZ,002415.SZ,53.66616919345406,53.902435347135935,52.87298996323634,53.64929303961964,227828.92,722186174.0
2022-08-02,002415.SZ,002415.SZ,52.991135962199714,52.991135962199714,51.084130113878516,51.4891579046724,509838.22,1564370232.0
2022-08-03,002415.SZ,002415.SZ,51.50601318991446,52.90673373210414,51.50601318991446,52.09667847878963,352271.21,1089238856.0
2022-08-04,002415.SZ,002415.SZ,52.31607839383565,52.70422994320928,52.029183770385586,52.70422994320928,222820.92,692266695.0
2022-08-05,002415.SZ,002415.SZ,52.7548570751254,54.93188092755379,52.4679624589139,54.847500158079825,490825.66,1571746149.0
2022-08-08,002415.SZ,002415.SZ,54.847495942932255,55.64067511503004,54.56060134876922,54.898124400725735,349217.93,1136011772.0
2022-08-09,002415.SZ,002415.SZ,54.72934591635336,55.3031349268856,54.425575263718656,55.11749730583104,337622.71,1100028191.0
2022-08-10,002415.SZ,002415.SZ,55.1174751176345,55.69126389718122,54.27366808888933,55.336864945108246,391723.03,1278091680.0
2022-08-11,002415.SZ,002415.SZ,55.67436390331327,56.703808037324215,55.623735503279946,56.24815243702429,504344.23,1681041497.0
2022-08-12,002415.SZ,002415.SZ,56.26501509774891,56.80505123545974,55.45496089118263,56.38314800287314,518736.29,1727623253.0
2022-08-15,002415.SZ,002415.SZ,55.33683757429492,55.33683757429492,52.467895095603204,53.66610048376268,1623248.12,5154249210.0
2022-08-16,002415.SZ,002415.SZ,53.24418023211564,53.716711784096375,52.9572860755559,53.02479058298172,688534.62,2172028851.0
2022-08-17,002415.SZ,002415.SZ,53.07540957263968,53.51418879327199,52.50162136104357,53.41293205004915,479175.27,1506034291.0
2022-08-18,002415.SZ,002415.SZ,53.26107126853664,53.26107126853664,52.73791118953644,52.8222918474397,383052.48,1200166228.0
2022-08-19,002415.SZ,002415.SZ,52.822298840381144,52.97418404471451,52.16412962160323,52.26538642449214,462919.89,1439729791.0
2022-08-22,002415.SZ,002415.SZ,51.99537939056501,52.636672612519405,51.59035209248856,52.299149864122356,423628.6,1311805185.0
2022-08-23,002415.SZ,002415.SZ,52.07974125324743,52.51852066756513,51.64096183892973,52.01223672796778,351183.68,1082248595.0
2022-08-24,002415.SZ,002415.SZ,51.978506370914864,52.01225864777909,50.62841529634564,51.0165664802843,642142.7,1945695324.0
2022-08-25,002415.SZ,002415.SZ,51.03344159596739,51.13469842453082,49.46396075323426,49.683350548455024,680810.56,2012621631.0
2022-08-26,002415.SZ,002415.SZ,49.835234725661984,51.03344050470769,49.379579006869946,50.51028023498351,533704.14,1595574252.0
2022-08-29,002415.SZ,002415.SZ,49.919604146994935,50.54402110218047,49.58208146851627,50.54402110218047,361384.64,1068868192.0
2022-08-30,002415.SZ,002415.SZ,50.375237886361205,50.88152168421407,50.12209598743476,50.32460950657591,271347.2,810503572.0
2022-08-31,002415.SZ,002415.SZ,50.25711869597171,50.712774238211885,49.953348334478264,50.40900387671844,354560.05,1058705261.0
2022-09-01,002415.SZ,002415.SZ,50.27401146667317,50.67903874938555,50.037745551757624,50.12212623565603,315608.41,940276613.0
2022-09-02,002415.SZ,002415.SZ,50.17275498614934,50.274011807513915,49.58209019485595,49.78460383758512,262827.74,775640446.0
2022-09-05,002415.SZ,002415.SZ,49.76773383619813,49.76773383619813,47.4219505187239,47.911358548988304,720353.77,2061412934.0
2022-09-06,002415.SZ,002415.SZ,47.961969904270155,49.02516628145841,47.43880978216165,48.72139588797605,562060.42,1604830547.0
2022-09-07,002415.SZ,002415.SZ,48.434509974146124,48.957670186410425,47.91134976188183,48.18136793595372,435321.12,1247388937.0
2022-09-08,002415.SZ,002415.SZ,48.29951884137491,48.70454625304262,47.658225439567694,48.35014726783337,398821.14,1139941092.0
2022-09-09,002415.SZ,002415.SZ,48.28262720479222,49.10955790490925,48.09698970068432,48.90704426406427,443767.41,1283814255.0
2022-09-13,002415.SZ,002415.SZ,49.0757962205446,50.071488097096235,49.05892008704373,49.98710742959186,558433.91,1646972305.0
2022-09-14,002415.SZ,002415.SZ,49.27828785369493,49.64956262519537,48.95764146012637,49.362668483581395,352420.79,1029001886.0
2022-09-15,002415.SZ,002415.SZ,49.44704357007671,50.071460161234675,48.620113489894536,48.92388372343084,408220.38,1194927018.0
2022-09-16,002415.SZ,002415.SZ,50.96591113919885,51.809717615013405,49.83521046160736,50.290865958547215,1157651.24,3494499557.0
2022-09-19,002415.SZ,002415.SZ,49.801436031267926,50.611489887418664,48.60323136904494,50.037701739311885,532512.27,1575243148.0
2022-09-20,002415.SZ,002415.SZ,50.105228271626245,51.26968120215578,49.83521020077881,51.016539260736316,498627.54,1500135935.0
2022-09-21,002415.SZ,002415.SZ,50.96592120383581,51.77597558058552,50.307752022726675,51.033425735231624,456444.9,1386427680.0
2022-09-22,002415.SZ,002415.SZ,50.62838349008396,51.624075032055615,49.919586121222785,49.936462249052816,433541.09,1304324010.0
2022-09-23,002415.SZ,002415.SZ,49.76772168302464,49.86897849214575,48.434507029596716,49.025171749469855,487608.11,1416022813.0
2022-09-26,002415.SZ,002415.SZ,48.48513442684837,49.19393207597041,48.2826208128135,48.73827644439196,348584.91,1009048358.0
2022-09-27,002415.SZ,002415.SZ,48.77203626519575,49.73397608080688,48.51889420845598,49.70022380657491,330105.54,961942120.0
2022-09-28,002415.SZ,002415.SZ,49.44706688285542,51.40469819971932,49.345810090603834,50.79715744620983,741446.54,2234354696.0
2022-09-29,002415.SZ,002415.SZ,50.94904246704678,51.45532642663982,50.71277661923669,51.32031737074835,488331.83,1479249965.0
2022-09-30,002415.SZ,002415.SZ,50.99967906117803,51.79285739204347,50.69590863659126,51.33720175516333,415771.44,1268536888.0
2022-10-10,002415.SZ,002415.SZ,51.3371751868383,51.3371751868383,49.02514592957438,49.10952655940153,475813.56,1404705046.0
2022-10-11,002415.SZ,002415.SZ,49.109533766601665,50.105225344687405,48.28260347293723,49.44705633544429,322502.54,940438636.0
2022-10-12,002415.SZ,002415.SZ,49.278291191980465,49.56518535302967,48.096962293542575,49.56518535302967,382796.77,1107718946.0
2022-10-13,002415.SZ,002415.SZ,49.092639848012524,50.543986368098146,48.65386066752151,49.78456086340218,339929.53,997767010.0
2022-10-14,002415.SZ,002415.SZ,50.1727274180218,51.64095052107188,49.531434568413715,51.10091443719139,544782.95,1639917704.0
2022-10-17,002415.SZ,002415.SZ,50.712746322123024,52.92351829157331,50.375223884039016,52.80538543824391,612672.37,1881734305.0
2022-10-18,002415.SZ,002415.SZ,52.839147381990635,52.95728025700627,51.910960506867845,52.40036813193259,394319.68,1223186413.0
2022-10-19,002415.SZ,002415.SZ,52.26538313308263,52.26538313308263,50.88154024741496,50.898416380167006,349938.44,1068147595.9999999
2022-10-20,002415.SZ,002415.SZ,50.628378969125436,52.09660195923007,50.560874463833265,51.387804653662315,349590.07,1065601779.0000001
2022-10-21,002415.SZ,002415.SZ,51.421556650734054,51.60719403936486,50.645254843732495,50.932148989798286,229182.69,693359042.0
2022-10-24,002415.SZ,002415.SZ,50.86464579082575,51.354053464327386,49.700193050425284,49.95333495051234,365915.81,1090868893.0
2022-10-25,002415.SZ,002415.SZ,49.61579190053126,49.76767697777779,48.60322471888777,48.97449935215705,343959.46,1000868770.0
2022-10-26,002415.SZ,002415.SZ,49.10950549962866,50.088320385875555,48.9744965498015,49.54828458656692,318774.1,937051057.0
2022-10-27,002415.SZ,002415.SZ,49.61580992436334,50.88151936120934,49.34579191116953,50.408987838120176,364754.03,1086874375.0
2022-10-28,002415.SZ,002415.SZ,50.20648792286523,50.24024018365371,47.4388025382098,47.92821031964277,799358.61,2285355057.0
2022-10-31,002415.SZ,002415.SZ,45.582417929975634,48.468235577523146,45.228019271504884,47.961951779707796,784490.52,2179270087.0
2022-11-01,002415.SZ,002415.SZ,47.89443830868717,48.721368357004884,47.11813663067463,48.687616110134776,398901.1,1138524851.0
2022-11-02,002415.SZ,002415.SZ,48.231964563514886,49.953329289014725,48.21508843875509,49.44704554622066,515792.31,1504482836.0
2022-11-03,002415.SZ,002415.SZ,49.10950847399115,49.68329654550857,48.603224881475775,49.46390698875191,332389.61,967015061.0
2022-11-04,002415.SZ,002415.SZ,49.278278601335955,50.965890882203624,49.14326961886654,50.66212067164744,570378.36,1701830979.0
2022-11-07,002415.SZ,002415.SZ,50.307727860429544,50.88151610170918,50.088338238763804,50.34148010991658,357712.14,1068915872.9999999
2022-11-08,002415.SZ,002415.SZ,50.257102409506764,50.27397853523191,49.463924500424554,49.902703769278546,304936.19,900518613.0
2022-11-09,002415.SZ,002415.SZ,49.61580129128843,49.97019987194049,48.6876145324378,48.890128007096116,319411.29,932577837.0
2022-11-10,002415.SZ,002415.SZ,48.60325137313313,48.8563933073682,48.198224278357024,48.40073782574508,263089.37,755824651.0
2022-11-11,002415.SZ,002415.SZ,49.90269990999897,50.71275388215993,48.70449507617755,50.307726896079444,655618.27,1937025804.0
2022-11-14,002415.SZ,002415.SZ,50.32461693832037,51.640955007129556,50.32461693832037,51.624078878042255,629944.69,1908445852.0
2022-11-15,002415.SZ,002415.SZ,51.55659412126121,53.666111065666335,50.99968164793825,53.632358794555856,899182.41,2803483713.0
2022-11-16,002415.SZ,002415.SZ,53.514219305420056,53.83486584178176,52.9235546331748,53.02481143413113,497212.17,1571135812.0
2022-11-17,002415.SZ,002415.SZ,53.1598189529112,53.42983708092599,52.231631637860374,53.27795188391767,362665.83,1134422750.0
2022-11-18,002415.SZ,002415.SZ,53.41297092580864,55.62374476191636,53.34546638119466,54.74618568193467,888623.8,2891975558.0
2022-11-21,002415.SZ,002415.SZ,54.30742703711054,55.168110312092715,52.77169805625999,54.91496817239207,609378.46,1951696405.0
2022-11-22,002415.SZ,002415.SZ,54.509963824575024,54.881239119974616,53.396137938376285,53.818041683148536,348374.6,1117426268.0
2022-11-23,002415.SZ,002415.SZ,53.919272199151806,54.476184869753375,52.23165804581372,52.83919914101543,374303.7,1174692182.0
2022-11-24,002415.SZ,002415.SZ,52.991097951320434,53.126107118075396,52.45106128430061,52.65357503443305,196122.53,613223710.0
2022-11-25,002415.SZ,002415.SZ,52.653595482423356,53.12612774957331,52.07980630088412,52.147310910476975,232384.8,723559257.0
2022-11-28,002415.SZ,002415.SZ,50.12217790392137,52.29920179267754,49.8352832829225,51.25288023374047,404537.29,1226979243.0
2022-11-29,002415.SZ,002415.SZ,51.26977690230106,53.666191754219014,51.26977690230106,53.396173179355024,420179.77,1315940515.0
2022-11-30,002415.SZ,002415.SZ,53.311777553659525,54.47623233403386,52.7042359291164,53.17676830376106,371432.63,1176415267.0
2022-12-01,002415.SZ,002415.SZ,54.341200822036825,54.96561834701054,53.68303099841588,54.08805858218261,381121.24,1225279811.0
2022-12-02,002415.SZ,002415.SZ,53.699913870732566,54.44246453393565,53.699913870732566,53.919303839406204,237552.75,760972746.0
2022-12-05,002415.SZ,002415.SZ,54.84747231634141,56.568839139808134,54.03741734059238,56.41695383185518,788563.16,2595966478.0
2022-12-06,002415.SZ,002415.SZ,56.06254689308741,58.86398662344639,55.99504232127153,57.58139975894468,808710.91,2783069779.0
2022-12-07,002415.SZ,002415.SZ,57.56450406448979,58.0539120439299,56.65319265449787,57.04134381060553,354191.13,1199972504.0
2022-12-08,002415.SZ,002415.SZ,56.872558474269944,57.31133785715748,56.19751326982756,56.872558474269944,345998.84,1164531166.0
2022-12-09,002415.SZ,002415.SZ,56.788188017307654,59.235227322659696,56.61942668590406,58.290163866799595,640498.92,2199212426.0
2022-12-12,002415.SZ,002415.SZ,58.22264711069642,59.04957746096429,57.80074387076384,58.03700968512609,465356.99,1615073407.0
2022-12-13,002415.SZ,002415.SZ,57.9863818323146,59.04957800677206,57.9863818323146,58.42516120590021,310577.8,1080738766.0
2022-12-14,002415.SZ,002415.SZ,58.47576275545785,60.18025107819991,58.27324929136969,59.049550903707654,466704.63,1648362501.0
2022-12-15,002415.SZ,002415.SZ,59.06644878435871,59.42084747706487,58.08763334736077,58.91456363034178,286212.68,995850103.0
2022-12-16,002415.SZ,002415.SZ,58.2901290968613,59.91023691194488,57.91885438923798,57.95260663538556,284112.58,989076534.0
2022-12-19,002415.SZ,002415.SZ,59.015795175991634,59.015795175991634,57.41256367993239,57.71633385813309,301657.13,1040430483.0
2022-12-20,002415.SZ,002415.SZ,57.86820856728385,58.03696974712428,55.70806546532633,56.45061465662423,471980.06,1585403630.0
2022-12-21,002415.SZ,002415.SZ,56.484365382315126,57.2775429063572,56.062462443994875,56.80501161543852,208266.7,702163118.0
2022-12-22,002415.SZ,002415.SZ,57.32817068567391,58.62763172270568,57.04127669048508,57.378799037766065,288721.94,992102962.0
2022-12-23,002415.SZ,002415.SZ,57.37877584102374,58.94825412138115,56.70373141936464,58.441970805136826,306544.68,1060032355.9999999
2022-12-26,002415.SZ,002415.SZ,58.44195678040272,59.40389485042378,58.07068243758756,58.93136386865905,276617.01,965475547.0
2022-12-27,002415.SZ,002415.SZ,59.03262782895362,59.50515886932261,57.95255687953882,58.23945072547712,324946.22,1124880524.0
2022-12-28,002415.SZ,002415.SZ,58.290098286957026,58.30697440111074,56.61936298573851,57.37878812265602,378824.33,1283801075.0
2022-12-29,002415.SZ,002415.SZ,56.87250801906652,57.88507492741785,56.33247233461248,57.80069435172191,331507.49,1125561032.0
2022-12-30,002415.SZ,002415.SZ,58.05385072618765,58.7120193826764,57.530691024876084,58.526382069307786,297998.13,1028905815.0
2023-01-03,002415.SZ,002415.SZ,58.3913539057699,58.96514177652023,57.395663188879595,57.868194376556346,300607.73,1035688644.0
2023-01-04,002415.SZ,002415.SZ,57.6488234216807,58.17198311900861,56.281857760920715,57.2437965592333,345958.11,1168725298.0
2023-01-05,002415.SZ,002415.SZ,57.24380295853982,58.49263592402682,57.12567011045321,57.9694761682147,376571.31,1289628576.0
2023-01-06,002415.SZ,002415.SZ,57.96949085381534,57.96949085381534,56.821914324540394,56.9569233279845,271465.97,918474684.0
2023-01-09,002415.SZ,002415.SZ,56.53502874000215,57.041312579464844,55.70809846887972,55.80935523677227,454191.39,1509679045.0
2023-01-10,002415.SZ,002415.SZ,55.826203702806474,56.65313356418421,54.32422905663061,56.264982812925275,447534.35,1477216121.0
2023-01-11,002415.SZ,002415.SZ,56.18061933035102,56.18061933035102,55.184927969434625,55.505574339899226,350216.48,1153769993.0
2023-01-12,002415.SZ,002415.SZ,55.50557473078356,55.94435397766722,54.864281985338195,55.117423858540306,280308.51,918373569.0
2023-01-13,002415.SZ,002415.SZ,55.184921730620005,56.87253401596007,55.0836649934996,56.77127727883966,347173.27,1153396534.0
2023-01-16,002415.SZ,002415.SZ,56.737507882591686,59.117040485639116,56.43373776305372,58.50950024656318,584593.65,2021984249.0
2023-01-17,002415.SZ,002415.SZ,58.5601011144757,59.48828715519505,58.441968345656875,58.644481663632,285819.98,995956443.0
2023-01-18,002415.SZ,002415.SZ,58.56012651383696,60.18023376032927,58.39136534232735,59.33642790278119,380379.76,1342497924.0
2023-01-19,002415.SZ,002415.SZ,59.30264736309779,62.272842563981456,59.06638183575477,62.08720536392622,615355.11,2232133545.0
2023-01-20,002415.SZ,002415.SZ,61.8678083827471,64.12920672516067,61.78342784758242,61.98594113197766,469366.38,1746545502.0
2023-01-30,002415.SZ,002415.SZ,62.627219270797376,65.07425424634727,62.40782992816187,62.52596265111945,510443.24,1918690154.0
2023-01-31,002415.SZ,002415.SZ,62.5259409370822,63.58913507447388,60.18016339585293,60.50080924681234,494704.1,1788753230.0
2023-02-01,002415.SZ,002415.SZ,60.51770921741471,61.85092143943807,60.18018713588981,61.17587727638827,327068.7,1180240719.0
2023-02-02,002415.SZ,002415.SZ,61.158996970676874,62.88035946819592,60.73709439775554,61.41213851442968,353842.55,1295657132.0
2023-02-03,002415.SZ,002415.SZ,61.260264287857154,62.239078427993725,60.29832625358502,61.935308522434106,349942.74,1270726772.0
2023-02-06,002415.SZ,002415.SZ,61.766524631139525,63.36975409560899,61.14210894497772,61.63151583413157,498204.58,1838212363.0
2023-02-07,002415.SZ,002415.SZ,61.783408623652996,63.60602761610165,61.69902811474334,62.88035523947857,553709.0,2062122951.0
2023-02-08,002415.SZ,002415.SZ,62.91409700850755,62.93097310749051,61.86777887156347,62.27280524715473,320580.78,1183532336.0
2023-02-09,002415.SZ,002415.SZ,61.901517452176975,63.87602059882494,61.428986784603104,63.673507455578985,382055.08,1428022864.0
2023-02-10,002415.SZ,002415.SZ,63.67352260189287,63.69039870117777,61.4290013970024,61.93528437554914,403994.33,1490294049.0
2023-02-13,002415.SZ,002415.SZ,61.56399757570568,62.019652163025874,60.50080353862524,61.76651072562577,345027.64,1254114214.0
2023-02-14,002415.SZ,002415.SZ,61.766536333631876,61.83404074492546,60.65271354728768,61.05774001504921,239805.13,867367223.0
2023-02-15,002415.SZ,002415.SZ,60.78772236987487,61.37838596869374,60.19705877105598,61.05774001504921,256272.23,923623983.0
2023-02-16,002415.SZ,002415.SZ,61.040870311802884,65.00675489108784,61.040870311802884,63.099755072112515,1050072.77,3946666197.0
2023-02-17,002415.SZ,002415.SZ,62.424692012238786,63.184116489273315,61.61463923673528,61.61463923673528,454479.08,1676368000.0
2023-02-20,002415.SZ,002415.SZ,60.75398302949917,65.73243441663868,60.500841433542924,65.31053175671161,923025.94,3514053210.0
2023-02-21,002415.SZ,002415.SZ,65.31050648173802,67.13312526727489,64.5679580876304,65.4117630809345,611727.81,2379282776.0
2023-02-22,002415.SZ,002415.SZ,65.15861352560259,65.79990524121328,63.96041058327734,64.41606522331652,424492.67,1621875087.0
2023-02-23,002415.SZ,002415.SZ,64.43296684500864,64.71986062090312,63.234763428037546,63.69041824857585,286156.84,1080396425.0
2023-02-24,002415.SZ,002415.SZ,63.74103539713602,64.73672538613019,63.116619641326096,63.58915048356062,282331.23,1067144764.0
2023-02-27,002415.SZ,002415.SZ,63.31913721453087,63.87604860261176,62.62721700509702,62.81285413445732,262678.52,981883062.0
2023-02-28,002415.SZ,002415.SZ,63.94355054751287,65.59740854531077,63.6229046091643,64.77047954641182,422213.87,1618936828.0
2023-03-01,002415.SZ,002415.SZ,64.77048022974769,67.33564776359908,64.63547141217656,67.18376284383157,666088.03,2630519538.0
2023-03-02,002415.SZ,002415.SZ,66.82935928690348,68.06131464749538,66.15431525370244,66.49183727030295,420748.99,1668002118.0
2023-03-03,002415.SZ,002415.SZ,66.6606263854341,66.81251135694521,65.39491828950813,66.44123698214025,285898.47,1118914824.0
2023-03-06,002415.SZ,002415.SZ,66.60999629200813,67.97696099929283,66.33997857205068,67.33566891439384,347939.31,1391047756.0
2023-03-07,002415.SZ,002415.SZ,67.25131619668467,68.63515758391884,65.29368691718268,65.6818375501874,373175.6,1467586578.0
2023-03-08,002415.SZ,002415.SZ,65.47929160467942,65.98557478718983,64.33171639098916,65.81681372635303,324064.82,1249580788.0
2023-03-09,002415.SZ,002415.SZ,65.81680685612194,65.96869179502069,64.3148335714566,64.66923176222033,349158.37,1341408235.0
2023-03-10,002415.SZ,002415.SZ,64.31483207457603,65.41177882998078,63.45415077418156,63.80854895669694,404164.18,1535014721.0
2023-03-13,002415.SZ,002415.SZ,63.116613998966564,66.42432959891241,63.065985698967395,66.17118809891656,520131.22,2010794073.0
2023-03-14,002415.SZ,002415.SZ,66.15432176050427,66.66060483520201,65.10800340612894,65.64803868580653,390504.4,1521646293.0
2023-03-15,002415.SZ,002415.SZ,66.47495120814071,68.98948985500869,65.69865068628884,65.95179216080575,717822.24,2868927645.0
2023-03-16,002415.SZ,002415.SZ,65.32735864929636,66.1711633334774,63.87601459250496,64.14603209144289,415925.19,1596316536.0
2023-03-17,002415.SZ,002415.SZ,64.80421521138524,68.85447866209681,64.77046301596265,68.0950542650884,946184.89,3786373031.0
2023-03-20,002415.SZ,002415.SZ,68.0950766278607,72.06096089243252,68.07820052460721,69.63080202392894,1120275.19,4694980851.0
2023-03-21,002415.SZ,002415.SZ,69.20886480438134,70.47457191492232,68.31443177959903,69.19198870957413,453716.47,1863444849.0
2023-03-22,002415.SZ,002415.SZ,69.19195961013965,72.3646640995802,69.17508352242986,72.22965539790187,721256.38,3047723463.0
2023-03-23,002415.SZ,002415.SZ,71.80775512857906,75.94239672822698,71.47023336534251,75.60487496499042,1049297.27,4615118117.0
2023-03-24,002415.SZ,002415.SZ,75.60489666325049,75.95929461635947,73.14098708449278,75.2673748031467,673999.73,2989750204.0
2023-03-27,002415.SZ,002415.SZ,74.254832720115,78.20383973295749,72.6009750822579,73.59666488464126,1020358.51,4506447597.0
2023-03-28,002415.SZ,002415.SZ,73.51231488882263,73.51231488882263,71.01465129755867,71.63906719537466,673981.64,2882374234.0
2023-03-29,002415.SZ,002415.SZ,71.63906761382718,73.42793479099224,70.1877225455612,72.22973130440054,494972.03,2111598014.0
2023-03-30,002415.SZ,002415.SZ,71.87536142552437,72.06099865860274,68.7195284631921,70.20462632781906,705867.57,2924683333.0
2023-03-31,002415.SZ,002415.SZ,70.35652716939028,73.34359968293839,69.66460641766444,71.99351041127822,612881.52,2601304037.0
2023-04-03,002415.SZ,002415.SZ,72.39857121650552,73.66428050350736,69.25961218474094,71.60539339665102,914916.42,3836277017.0
2023-04-04,002415.SZ,002415.SZ,71.47037019471414,77.91704821463877,70.8797059782289,75.79065703529189,1111948.96,4904280241.0
2023-04-06,002415.SZ,002415.SZ,73.57989229954343,75.84129265920829,73.2086176136283,74.01867147380676,761111.71,3352414059.0
2023-04-07,002415.SZ,002415.SZ,74.086198327793,78.98027521049458,74.086198327793,76.92138769432357,784732.97,3572771702.0
2023-04-10,002415.SZ,002415.SZ,80.98852672267012,82.42299739810812,74.99750213701729,76.02694579821397,1023651.18,4775743348.0
2023-04-11,002415.SZ,002415.SZ,75.11566277408932,77.44456896659085,73.73181996405216,74.89627306030295,589568.57,2632625896.0
2023-04-12,002415.SZ,002415.SZ,74.77813884738251,78.77778202202245,74.77813884738251,78.25462194432693,654572.11,2992021442.0
2023-04-13,002415.SZ,002415.SZ,77.17453613983066,78.05209482762231,75.77381746508631,76.28010132342766,438487.96,1989915774.0
2023-04-14,002415.SZ,002415.SZ,76.07761031653992,76.22949551903524,72.73613586164309,75.20005136878925,682534.86,3004695553.0
2023-04-17,002415.SZ,002415.SZ,73.05681258707408,75.0988255977084,71.01479957643976,74.17063786560189,754625.3,3294715524.0
2023-04-18,002415.SZ,002415.SZ,74.00186022830086,74.8456670724092,71.63920106479753,73.47869998495369,546392.87,2365180596.0
2023-04-19,002415.SZ,002415.SZ,73.3774140575016,74.59249543103888,72.2467133349044,72.83737789148502,466694.7,2030526193.0
2023-04-20,002415.SZ,002415.SZ,72.83739196194436,73.49556116641976,68.46647339888978,70.23846741093894,1367786.85,5651599198.0
2023-04-21,002415.SZ,002415.SZ,69.86720193846207,70.96415076116739,66.99825886369432,67.03201113516216,891761.84,3619640017.0
2023-04-24,002415.SZ,002415.SZ,67.55515970793411,68.85462193564105,65.44564310451374,66.23882134739979,588257.67,2329736209.0
2023-04-25,002415.SZ,002415.SZ,66.15443185089438,66.61008737639798,62.37417860227185,63.20110900040803,1034495.36,3905401995.0
2023-04-26,002415.SZ,002415.SZ,63.23484813733995,63.791760330703234,61.479730921892035,62.61043143569022,716750.56,2655551156.0
2023-04-27,002415.SZ,002415.SZ,62.44164924124818,64.8718107252319,62.272888027082644,63.960500168738,481493.83,1823913801.0
2023-04-28,002415.SZ,002415.SZ,63.352946036304445,64.3823892191,62.82978638603128,63.70734450907013,435613.36,1641296439.0
2023-05-04,002415.SZ,002415.SZ,63.62293399015864,63.70731453921721,61.766561910870195,62.779128499572984,429395.19,1593912285.0
2023-05-05,002415.SZ,002415.SZ,62.72851060749227,63.217917873464096,60.180217601914826,60.85526210670356,605513.17,2195611958.0
2023-05-08,002415.SZ,002415.SZ,61.07467721123165,62.711660822585465,60.18024286688369,60.619021979205336,514451.01,1862099583.0
2023-05-09,002415.SZ,002415.SZ,60.66963886255797,61.42906410562197,59.43768235714301,60.66963886255797,397604.0,1431613007.0
2023-05-10,002415.SZ,002415.SZ,60.5852352276374,61.76656293402588,60.26458913590339,61.4290407322006,333926.04,1208723852.0
2023-05-11,002415.SZ,002415.SZ,61.462819387993,61.90159843908795,60.77089857665095,61.20967762774591,238827.54,869517332.0
2023-05-12,002415.SZ,002415.SZ,61.27719564899584,61.682222554965506,59.48832681429643,59.82584923593783,331061.6,1179969017.0
2023-05-15,002415.SZ,002415.SZ,59.87646481447233,60.07897822421689,58.39136647634563,59.67395140472779,414278.88,1448630038.0
2023-05-16,002415.SZ,002415.SZ,59.92707829078943,60.23084832999929,58.81325481368662,59.82582161105282,313996.02,1107451677.0
2023-05-17,002415.SZ,002415.SZ,59.488295436032985,59.55579988475473,58.678242051372116,59.06639263152211,265898.8,929146202.0
2023-05-18,002415.SZ,002415.SZ,59.083277058263285,60.197100618916075,58.22259521594069,59.96083501514124,393147.58,1381185530.0
2023-05-19,002415.SZ,002415.SZ,60.253518630640485,61.75124895088783,59.134524713214304,61.32086667495469,483079.7,1698930155.0
2023-05-22,002415.SZ,002415.SZ,61.4585725252258,62.64642728831839,60.85603750046868,61.76844768081517,314083.71,1127705595.0
2023-05-23,002415.SZ,002415.SZ,61.768475230755314,63.69658816995391,61.68239876025537,63.14569875875431,450153.52,1646861935.0
2023-05-24,002415.SZ,002415.SZ,62.6636522122376,62.76694394665338,61.630734868079834,61.97504064946576,255377.92,920795503.0
2023-05-25,002415.SZ,002415.SZ,61.88894295468951,62.5775542810282,59.547664445137976,60.16741463884279,442214.06,1557377120.0
2023-05-26,002415.SZ,002415.SZ,60.59779500793436,61.3036215975154,59.32386409015392,61.01096179207936,348414.4,1219071414.0
2023-05-29,002415.SZ,002415.SZ,61.01096523740425,61.40691676123617,58.01550588319761,58.531964392543586,577366.0,1980768901.0
2023-05-30,002415.SZ,002415.SZ,58.531984369323254,60.580603822249564,58.18767857891547,60.52895795368839,376373.69,1297536753.0
2023-05-31,002415.SZ,002415.SZ,60.54619908735847,61.0798732902894,59.56492716584029,60.01252488442752,257120.0,898775679.0
2023-06-01,002415.SZ,002415.SZ,60.06419292683377,62.66370371271852,59.289504282033676,61.80293855182953,507622.06,1811833583.0
2023-06-02,002415.SZ,002415.SZ,61.80296626074935,62.1128418575999,61.07992320143139,61.82018157168549,296012.61,1059791897.0000001
2023-06-05,002415.SZ,002415.SZ,61.837380495711464,62.973590716401034,61.30370599811484,61.97510294670413,341779.61,1232902733.0
2023-06-06,002415.SZ,002415.SZ,61.97507453404948,62.28494990671973,60.06417640258296,60.08139170106464,311116.6,1103335255.0
2023-06-07,002415.SZ,002415.SZ,60.012505962842624,60.597825871831915,59.392755470971615,59.77149188267056,244921.93,851616755.0
2023-06-08,002415.SZ,002415.SZ,59.651003627033596,60.253539017205654,59.0656835337236,59.478850658413,185684.26,641478095.0
2023-06-09,002415.SZ,002415.SZ,59.56495236026044,59.6338135768619,54.0388397279935,55.70872423057884,1186534.6,3851762503.0
2023-06-12,002415.SZ,002415.SZ,55.36444256022836,56.053055029882955,53.72898794479874,54.65861477883242,813857.84,2588196301.0
2023-06-13,002415.SZ,002415.SZ,54.830778509706214,58.11890368878121,54.520902838379776,57.80902801745477,781269.12,2577306356.0
2023-06-14,002415.SZ,002415.SZ,57.671289389686116,58.58370083376175,57.120399461187624,57.4474903562336,462296.83,1550844814.0
2023-06-15,002415.SZ,002415.SZ,57.4647232977157,58.30827375954556,56.63838815143338,57.56801519100098,369679.62,1235224262.0
2023-06-16,002415.SZ,002415.SZ,58.11888755845238,61.0454903087299,57.17204549218612,60.4946003792659,625822.02,2161041165.0
2023-06-19,002415.SZ,002415.SZ,60.494590137856385,62.97359440076227,59.840408457367325,62.23333618336677,704937.07,2535874657.0
2023-06-20,002415.SZ,002415.SZ,62.09562124277269,63.09410919178317,61.30371700735058,62.56043459834654,505903.14,1833538497.0
2023-06-21,002415.SZ,002415.SZ,62.267781173425384,62.267781173425384,60.529034726503625,60.529034726503625,395454.58,1409074097.0
2023-06-26,002415.SZ,002415.SZ,59.685463516661486,60.425721645076955,58.18773195451855,58.256593175766504,423553.54,1451251723.0
2023-06-27,002415.SZ,002415.SZ,58.56645616804234,59.392790646603785,58.204934833671715,58.70417858113592,347780.61,1187684147.0
2023-06-28,002415.SZ,002415.SZ,58.79026606675292,58.91077320071113,56.55227643610055,58.08443856785487,369919.26,1238253502.0
2023-06-29,002415.SZ,002415.SZ,58.06723572213819,58.60091028703185,57.137609060710545,57.447484614519766,259115.19,869085694.0
2023-06-30,002415.SZ,002415.SZ,57.46472479377297,57.87789237767067,56.7072508899605,56.999911261888045,342203.96,1135996348.0
2023-07-03,002415.SZ,002415.SZ,57.01714448535856,57.96398716250069,56.948283199748225,57.499173484630916,346353.57,1155896420.0
2023-07-04,002415.SZ,002415.SZ,57.3958958263681,60.44300847221906,57.068804638395385,59.54781153671483,582922.29,2005900061.0
2023-07-05,002415.SZ,002415.SZ,59.41010264394021,59.47896396256547,58.35996753490505,58.996934732188684,293647.7,1006405856.0
2023-07-06,002415.SZ,002415.SZ,58.669856283265396,59.410115620172796,57.98124294660735,58.325549614936385,278127.69,945843925.0
2023-07-07,002415.SZ,002415.SZ,57.757457973503804,57.826319324291894,56.569599672409396,57.32707453107829,231790.09,769467124.0
2023-07-10,002415.SZ,002415.SZ,57.68862356100314,58.65268292221358,57.06887111451071,58.618252230741774,263891.53,890734460.0
2023-07-11,002415.SZ,002415.SZ,58.532158815257844,59.169126425894476,58.325574725321644,58.87646563181819,208075.69,711369264.0
2023-07-12,002415.SZ,002415.SZ,58.89370570490069,59.702827063605845,58.101799694253096,59.03142848936114,299860.63,1026805636.0
2023-07-13,002415.SZ,002415.SZ,59.03141789484444,60.167630662724214,59.03141789484444,60.04712324794909,256819.06,890722422.0
2023-07-14,002415.SZ,002415.SZ,59.943833392517135,60.68409325348159,59.47901906121387,59.651172517252114,224810.94,784083374.0
2023-07-17,002415.SZ,002415.SZ,59.56512068782609,59.65119745182583,58.514984167029155,58.89372192862805,169352.49,579343572.0
2023-07-18,002415.SZ,002415.SZ,58.82488241056683,59.28969710915778,58.532221304046594,58.6527288184961,170716.54,583030477.0
2023-07-19,002415.SZ,002415.SZ,58.56663492557574,59.04866484265866,58.37726602957886,59.03144948847713,135276.12,461623539.0
2023-07-20,002415.SZ,002415.SZ,59.59953321424959,59.840548079934024,58.18787471524079,58.22230541033857,185099.39,630801661.0
2023-07-21,002415.SZ,002415.SZ,58.01574009225738,58.44612392083496,57.34434131967636,57.53371020425049,146682.62,492462326.0
2023-07-24,002415.SZ,002415.SZ,57.3960127065004,57.619812396117815,56.29422961915306,56.72461363764811,194826.38,643044270.0
2023-07-25,002415.SZ,002415.SZ,57.49927844693276,59.909427842911974,57.43041703561907,59.37575190523087,365991.52,1251282747.0
2023-07-26,002415.SZ,002415.SZ,59.22079494439821,59.54788654438181,58.46331966022567,58.72154987073904,174767.27,596645958.0
2023-07-27,002415.SZ,002415.SZ,58.72156077205876,60.701326086859915,58.704345421495276,59.72005110474108,301693.85,1050305825.9999999
2023-07-28,002415.SZ,002415.SZ,59.39294763901526,61.61372742030017,59.306870903306546,61.14891304747311,374944.36,1324971944.0
2023-07-31,002415.SZ,002415.SZ,61.56211012592617,63.69681416832406,61.56211012592617,62.52617001604135,452361.11,1651852697.0
2023-08-01,002415.SZ,002415.SZ,62.526143060314716,63.11146488411722,61.33828406495081,61.975251932030005,264395.77,953915181.0
2023-08-02,002415.SZ,002415.SZ,61.975279739209796,62.33680220435519,61.16615803150345,61.38995765278392,160861.55,575859418.0
2023-08-03,002415.SZ,002415.SZ,61.166129867181866,61.95803585476711,60.718530830720645,61.166129867181866,193944.18,689634680.0
2023-08-04,002415.SZ,002415.SZ,61.64815157015797,63.40411679220659,61.64815157015797,62.92208712340892,348024.35,1272450076.0
2023-08-07,002415.SZ,002415.SZ,62.90488476146765,64.81578848574868,62.40563964431314,62.97374615693723,384304.35,1419429978.0
2023-08-08,002415.SZ,002415.SZ,63.145920989724814,63.438582019393664,62.14743041791347,62.54338357570072,173045.06,629476261.0
2023-08-09,002415.SZ,002415.SZ,62.18185556237263,62.92211574763897,61.88919455889525,61.94084061833242,133692.01,484082430.0
2023-08-10,002415.SZ,002415.SZ,61.80314801181811,62.92214651342484,61.80314801181811,62.319608858713536,141067.91,510692317.0
2023-08-11,002415.SZ,002415.SZ,62.28516859673403,62.62947577526767,60.4431251915791,60.70135557547932,288138.31,1025916594.0
2023-08-14,002415.SZ,002415.SZ,60.25376989355005,60.270985256376775,59.32414030090671,60.18490844224314,187466.81,651486656.0
2023-08-15,002415.SZ,002415.SZ,60.18488286106437,60.770204948385924,59.255253663553646,59.94386788393196,204481.49,711752774.0
2023-08-16,002415.SZ,002415.SZ,59.926631321420984,59.926631321420984,58.05015823494155,58.08458893377604,228999.49,781453409.0
2023-08-17,002415.SZ,002415.SZ,58.03292287765505,59.702811195404244,57.67140066453408,59.22078157790963,181998.49,623515225.0
2023-08-18,002415.SZ,002415.SZ,59.27242061455872,60.08154166273887,58.27393081042152,58.36000751767472,168904.46,580431978.0
2023-08-21,002415.SZ,002415.SZ,58.56657389344865,61.0283669759775,58.53214322096572,59.16911066189976,316680.0,1101333591.0
2023-08-22,002415.SZ,002415.SZ,59.73721584118433,60.838997343730675,58.97974105818372,60.580767304071365,262268.97,913261255.0
2023-08-23,002415.SZ,002415.SZ,60.42585015883178,61.1144638358555,58.824823359751626,58.84203870167721,270956.14,942754951.0
2023-08-24,002415.SZ,002415.SZ,59.13472500857641,59.70283153704308,58.187880794465286,58.85927941901681,182755.46,626529475.0
2023-08-25,002415.SZ,002415.SZ,58.34281711537947,58.48053990585543,56.896727815381865,57.29268083800026,254662.52,851393166.0
2023-08-28,002415.SZ,002415.SZ,60.30539409148435,60.701347292770144,58.187905232434225,58.60107379029767,373131.31,1281621748.0
2023-08-29,002415.SZ,002415.SZ,58.44614073811085,61.08009052689757,58.084618218081296,60.873506229737835,294233.93,1026723440.0
2023-08-30,002415.SZ,002415.SZ,60.87349111868409,61.458813148671446,60.11601555046518,61.028429303092516,239541.06,845887614.0
2023-08-31,002415.SZ,002415.SZ,60.89073624474893,61.3555510252432,60.3226292908115,60.73579798458418,137783.85,487171251.0
2023-09-01,002415.SZ,002415.SZ,60.71857893311333,61.63099307642349,60.25376418086096,61.2006090465602,182718.25,647925392.0
2023-09-04,002415.SZ,002415.SZ,61.45886126082728,62.31962962582485,61.38999979162746,61.64823030112674,276550.91,994070621.0
2023-09-05,002415.SZ,002415.SZ,61.42443330960291,62.164694137044876,61.01126447568181,61.166202788402224,239584.01,855824916.0
2023-09-06,002415.SZ,002415.SZ,60.95963577361876,61.458881590460045,59.73734429100738,60.54646682175013,243388.51,857981421.0
2023-09-07,002415.SZ,002415.SZ,60.546466309841236,60.546466309841236,58.87657514349077,59.048728871980494,227248.52,786389006.0
2023-09-08,002415.SZ,002415.SZ,59.06597084014869,59.289770787954545,58.39457099673108,58.49786328033378,162795.07,554665272.0
2023-09-11,002415.SZ,002415.SZ,58.5323185218059,59.39308791183245,58.18801076579527,58.5323185218059,269222.89,918532534.0
2023-09-12,002415.SZ,002415.SZ,58.566731954573285,58.859393460519115,57.87811664646542,58.13634738700588,210378.31,710866019.0
2023-09-13,002415.SZ,002415.SZ,58.15353464669464,58.18796539544933,56.81073544526119,57.206689055940274,316078.99,1052486578.9999999
2023-09-14,002415.SZ,002415.SZ,57.18947751828152,57.5510004044597,56.87960075870022,57.22390826934611,191118.41,635655115.0
2023-09-15,002415.SZ,002415.SZ,57.499361485155156,57.585438373605996,55.43351616233522,56.03605438149103,335845.39,1098109404.0
2023-09-18,002415.SZ,002415.SZ,55.777841484697326,56.82797985832897,55.416318438037244,55.932779933265934,200908.52,654820000.0
2023-09-19,002415.SZ,002415.SZ,55.96723175101746,56.001662530316764,54.60721596869498,54.831016034140454,357424.04,1139201404.0
2023-09-20,002415.SZ,002415.SZ,54.831040700389465,55.175348648272596,54.50394814990048,55.10648705869597,168770.36,538803193.0
2023-09-21,002415.SZ,002415.SZ,55.22697387080664,55.48520473366889,54.658865972509695,54.95152761708692,135380.55,433460907.0
2023-09-22,002415.SZ,002415.SZ,54.93429898904576,57.310022354914864,54.81379128208138,57.1550838745321,302879.65,992854050.0
2023-09-25,002415.SZ,002415.SZ,57.15508802497693,57.39610345640756,56.63862638619701,56.89685720558697,178380.95,590719541.0
2023-09-26,002415.SZ,002415.SZ,56.98292504240667,58.68724817811612,56.93127888677911,57.65432506556494,341074.83,1148435320.0
2023-09-27,002415.SZ,002415.SZ,57.31003953153441,57.68877815264998,56.84522395107439,57.585485801436654,148174.27,494387038.0
2023-09-28,002415.SZ,002415.SZ,57.58546424947231,58.30851043735805,57.464956551491355,58.1880027393771,194514.18,655828498.0
2023-10-09,002415.SZ,002415.SZ,58.17078632770977,58.790540192106796,57.120647835259255,58.54952480039684,218527.43,738476479.0
2023-10-10,002415.SZ,002415.SZ,58.911025567626844,58.99710246062455,57.964179744652135,58.2051950450457,164097.24,557254079.0
2023-10-11,002415.SZ,002415.SZ,58.20522338133727,59.13485427828853,58.20522338133727,58.842192699618685,180790.69,618047197.0
2023-10-12,002415.SZ,002415.SZ,59.13486084123189,59.73739945242349,58.6700453411698,59.5652455635116,210843.44,727319830.0
2023-10-13,002415.SZ,002415.SZ,59.28981898390626,59.73741924336665,58.70449556768884,59.23817280012236,162492.08,559055880.0
2023-10-16,002415.SZ,002415.SZ,59.15211055824562,59.15211055824562,57.94703263651186,58.136402024212884,148580.72,502713703.0
2023-10-17,002415.SZ,002415.SZ,58.446276069961534,59.16932278422909,58.067537314868986,58.42906067200278,145755.33,496243214.0
2023-10-18,002415.SZ,002415.SZ,58.411841737084565,58.60121110316412,57.843733638845904,57.9986722110928,125514.99,423439088.0
2023-10-19,002415.SZ,002415.SZ,57.82652288683944,58.153615454523255,57.172337751471794,57.223983946369245,132760.04,444941714.0
2023-10-20,002415.SZ,002415.SZ,57.08627989932808,57.32729555632163,56.08778646321197,56.277155907992615,147114.71,482503595.0
2023-10-23,002415.SZ,002415.SZ,57.84373876799141,58.89387807300554,56.98296884584868,58.1880467368485,382143.51,1286515998.0
2023-10-24,002415.SZ,002415.SZ,58.05032320652253,58.5323543600761,56.84524532263862,58.30855418164051,285297.24,958465643.0
2023-10-25,002415.SZ,002415.SZ,59.9096141693253,61.44178533629943,59.77189091836134,60.71873826873861,447794.25,1580201713.0
2023-10-26,002415.SZ,002415.SZ,60.25394096624425,60.9425574344299,59.84077108533286,60.83926496420206,246673.52,866354490.0
2023-10-27,002415.SZ,002415.SZ,60.753183911875965,62.47472496916914,60.340014058125604,61.8033239568248,344520.48,1235553456.0
2023-10-30,002415.SZ,002415.SZ,61.682791787613176,63.69699403130582,61.269622096599306,62.93951626444706,364810.56,1331858046.0
2023-10-31,002415.SZ,002415.SZ,62.92228525523369,63.14608544902796,61.958222881966094,62.750131260007336,224205.71,813131574.0
2023-11-01,002415.SZ,002415.SZ,62.81897740083948,62.99113135370558,61.80326907892949,62.26808475166796,207964.63,751491006.0
2023-11-02,002415.SZ,002415.SZ,62.19923360930947,62.69848015640883,61.68277166403427,61.75163325673763,145799.07,525630241.00000006
2023-11-03,002415.SZ,002415.SZ,61.975415243640526,62.50909243046077,61.562245808682924,61.648322774299096,164707.67,592987816.0
2023-11-06,002415.SZ,002415.SZ,61.803250534910156,63.97238969017441,61.803250534910156,63.57643571738809,345641.79,1267792731.0
2023-11-07,002415.SZ,002415.SZ,63.507604566797276,64.23065129810806,63.077219607683716,63.455958371703645,253423.7,937293013.0
2023-11-08,002415.SZ,002415.SZ,63.12888551146677,64.60941023303376,62.991162281553564,64.07573271712008,255359.96,950399745.0
2023-11-09,002415.SZ,002415.SZ,63.97244616213316,64.98815507590223,63.40433778663521,63.81750751427008,244293.4,908363662.0
2023-11-10,002415.SZ,002415.SZ,63.52482288271908,64.55774683203158,63.00836090806283,64.00685405906492,175801.94,652796922.0
2023-11-13,002415.SZ,002415.SZ,64.1273765246101,64.69548482670731,63.54205281941903,64.11016112151626,184446.98,688325089.0
2023-11-14,002415.SZ,002415.SZ,63.97241405392749,64.43722976422245,62.750120889818554,62.818982476528916,234207.17,862896531.0
2023-11-15,002415.SZ,002415.SZ,63.6109057369097,63.937998350983115,62.33696608209743,63.0944437146885,191411.69,700813389.0
2023-11-16,002415.SZ,002415.SZ,62.83623408534473,63.33548087670774,61.9754637554085,61.9754637554085,171762.3,622176914.0
2023-11-17,002415.SZ,002415.SZ,61.88935899264206,62.45746715585685,61.32125082942725,61.47618941939493,198332.18,710774917.0
2023-11-20,002415.SZ,002415.SZ,61.45895753528609,62.078711728919224,61.06300346713158,61.61389608369437,179572.5,642473510.0
2023-11-21,002415.SZ,002415.SZ,61.68274158232077,62.595157240669366,61.49337229473899,61.75160314144142,175026.64,629365167.0
2023-11-22,002415.SZ,002415.SZ,61.76882501216937,61.92376353644738,60.78754769174193,61.200717089816635,125944.84,448657017.0
2023-11-23,002415.SZ,002415.SZ,61.20072810082431,61.88934388817536,60.615404681575924,61.7171899413376,128441.95,458138372.0
2023-11-24,002415.SZ,002415.SZ,62.49186769428314,62.577944647030094,61.21792879362834,61.64831355736307,150740.27,540096404.0
2023-11-27,002415.SZ,002415.SZ,61.648334526177194,61.66554992258216,60.42604138142473,60.73591851671409,174932.42,617485197.0
2023-11-28,002415.SZ,002415.SZ,60.56376455266444,61.097441841218334,60.44325677782969,60.73591851671409,123269.23,434855887.0
2023-11-29,002415.SZ,002415.SZ,60.735894929949616,61.011341165459584,60.04727934117468,60.288294797245904,124957.41,438948209.0
2023-11-30,002415.SZ,002415.SZ,59.96118281340967,60.391567415860216,59.685736667841326,59.89232127701759,130609.42,455240320.0
2023-12-01,002415.SZ,002415.SZ,59.97838860096399,61.11460376963896,59.39306563528293,61.11460376963896,202542.91,709156817.0
2023-12-04,002415.SZ,002415.SZ,61.28678304605407,61.95818319740129,60.04727507433612,60.08170585132828,198809.88,701561720.0
2023-12-05,002415.SZ,002415.SZ,59.30699038315027,60.04725180157566,58.15355980095257,58.18799056460026,224488.81,766527950.0
2023-12-06,002415.SZ,002415.SZ,58.136353762469795,58.6183845310067,57.41330760966442,57.843692224429525,170696.5,575107193.0
2023-12-07,002415.SZ,002415.SZ,57.843667052197176,57.87809780639491,56.81074442626508,56.9656828201549,247689.45,821678041.0
2023-12-08,002415.SZ,002415.SZ,56.98290215900506,57.705948047427476,56.20821013569532,56.20821013569531,428555.54,1413581351.0
2023-12-11,002415.SZ,002415.SZ,56.24266006217469,58.96269076000867,55.96721391555859,58.842183070864124,412223.6,1378790832.0
2023-12-12,002415.SZ,002415.SZ,58.549527426015246,58.79054282853339,57.68875813130758,58.56674281190941,248030.7,838023430.0
2023-12-13,002415.SZ,002415.SZ,58.49788877701606,58.56675032943163,57.49939626699048,57.671550148029375,178587.89,602268360.0
2023-12-14,002415.SZ,002415.SZ,57.84371184109313,58.11915808795547,57.24117317608174,57.361680909084015,137703.61,460738649.0
2023-12-15,002415.SZ,002415.SZ,57.36168779730748,57.80928800220843,57.000164554887476,57.34447240481129,113719.13,378807164.0
2023-12-18,002415.SZ,002415.SZ,57.10343237295374,58.033063168292756,56.621401590185364,57.05178621765713,126942.23,422959126.0
2023-12-19,002415.SZ,002415.SZ,56.845229711984565,57.361691520391446,56.46649105248618,57.361691520391446,131521.99,435108899.0
2023-12-20,002415.SZ,002415.SZ,57.34449025310005,57.53385962949876,56.32878177968879,56.46650496252421,156263.43,517117205.0
2023-12-21,002415.SZ,002415.SZ,56.24270342198102,56.94853471683905,56.139411037367644,56.604226768127816,178765.54,586256347.0
2023-12-22,002415.SZ,002415.SZ,56.44931387822329,56.60425252564752,55.77791307271835,56.29437523079908,194133.05,633053523.0
2023-12-25,002415.SZ,002415.SZ,56.10498073508313,57.034612204765395,55.967257554389455,56.70751965061792,163162.4,536725199.99999994
2023-12-26,002415.SZ,002415.SZ,56.70752829505689,56.86246689695596,56.311574090203734,56.46651269210279,163093.39,535699790.00000006
2023-12-27,002415.SZ,002415.SZ,56.397634654784845,56.93131190579167,56.29434228362224,56.707511768272674,167171.62,550386202.0
2023-12-28,002415.SZ,002415.SZ,56.70751250538656,58.58399060589875,56.44928157412342,58.27411348838297,294558.76,993731280.0
2023-12-29,002415.SZ,002415.SZ,58.20527319722833,59.82352095840533,57.99868837665253,59.771874753261386,332342.84,1141916800.0
2024-01-02,002415.SZ,002415.SZ,59.70299787148322,59.70299787148322,57.241196056136594,58.136396716262645,384245.75,1290363710.0
2024-01-03,002415.SZ,002415.SZ,57.63712535067004,58.01586392824316,56.50090961795075,56.91407897530323,304835.82,1008315315.0
2024-01-04,002415.SZ,002415.SZ,56.81078987930653,56.84522066105157,55.15811235554489,56.08774346266081,340313.11,1103184842.0
2024-01-05,002415.SZ,002415.SZ,55.70900774940832,56.70750047174011,55.33026913059282,55.82951549175871,234765.88,763550815.0
2024-01-08,002415.SZ,002415.SZ,55.81228493131054,55.81228493131054,53.88416157773041,54.53834628698081,303619.91,961036038.0
2024-01-09,002415.SZ,002415.SZ,54.50390431457348,54.538335081670496,52.36919675455861,53.62591975359962,413645.3,1276313395.0
2024-01-10,002415.SZ,002415.SZ,53.24719131582682,53.350483636517076,51.99046808076204,52.24869888248768,292049.78,889987096.0
2024-01-11,002415.SZ,002415.SZ,52.248701252811024,53.71200919564099,52.00768582693315,53.126686018509,324030.85,998882371.0
2024-01-12,002415.SZ,002415.SZ,52.90288034741859,53.24718806201291,52.265911075419076,52.38641877552709,290265.11,886807429.0
2024-01-15,002415.SZ,002415.SZ,52.506907538710806,52.73070747248236,51.9043692554797,52.506907538710806,288361.7,876401003.0
2024-01-16,002415.SZ,002415.SZ,52.45527337233039,52.85122719168175,51.95602725227867,52.79958104133158,227739.62,695748353.0
2024-01-17,002415.SZ,002415.SZ,53.075048351720895,53.780879354776545,52.93732522917346,53.33327920649736,359275.3,1113438307.0
2024-01-18,002415.SZ,002415.SZ,52.782372331730485,54.91708014945213,52.3519876910608,54.45226473752887,432607.59,1343406437.0
2024-01-19,002415.SZ,002415.SZ,54.22847675803301,54.95152311480679,54.05632286356306,54.53835376807891,276197.81,874132260.0
2024-01-22,002415.SZ,002415.SZ,54.48670026193593,54.71050029460739,52.74794616194998,53.17833084016433,314733.67,985293958.0
2024-01-23,002415.SZ,002415.SZ,53.17832765707622,53.52263537903851,51.835527541423275,52.9200968656045,330312.74,1009871427.0
2024-01-24,002415.SZ,002415.SZ,52.868462163825924,54.02189328234638,51.95604650290675,54.02189328234638,267173.78,821964670.0
2024-01-25,002415.SZ,002415.SZ,54.0219010334602,55.399132417359766,53.694808579784066,55.192547709774836,277307.73,884704560.0
2024-01-26,002415.SZ,002415.SZ,55.22697546298612,55.5024217246469,54.228482764465795,54.57279059154177,256807.26,818356193.0
2024-01-29,002415.SZ,002415.SZ,54.882675824752624,55.295845278891285,54.159629280009966,54.22849085569974,185241.39,586931528.0
2024-01-30,002415.SZ,002415.SZ,55.037629072120055,56.29435316416409,54.744967297260494,54.77939809430279,388195.76,1249025389.0
2024-01-31,002415.SZ,002415.SZ,54.486753833037035,55.34752403577064,53.126736912717945,54.951569742513186,308749.17,976900404.0
2024-02-01,002415.SZ,002415.SZ,54.65891514314993,55.4336084286434,53.64320616883628,54.88271542562582,256940.85,816353786.0
2024-02-02,002415.SZ,002415.SZ,54.865505809462995,55.433614278779686,51.3363471364351,53.50548856473517,335162.13,1041445949.0
2024-02-05,002415.SZ,002415.SZ,52.78246776227365,54.40071693698132,52.11106650893748,53.53994609937086,377249.41,1170458613.0
2024-02-06,002415.SZ,002415.SZ,53.02349402231288,56.466578049735794,52.885770661215965,56.03619254630793,417533.81,1340638404.0
2024-02-07,002415.SZ,002415.SZ,56.087819560057305,57.41340645573699,55.5369263047099,56.69035905809353,376515.64,1243565592.0
2024-02-08,002415.SZ,002415.SZ,57.67166243456487,58.51521809405553,56.845322196696486,57.92989375889874,414606.95,1397333087.0
2024-02-19,002415.SZ,002415.SZ,59.582594859372776,59.90968798342018,57.67168239783265,58.18814522527592,378764.86,1290757135.0
2024-02-20,002415.SZ,002415.SZ,57.55114928658558,58.61850533078788,57.31013340563667,58.37748944983897,262659.1,885972732.0
2024-02-21,002415.SZ,002415.SZ,57.86101022851125,59.358751344215044,57.688856077280924,58.497980588063434,321610.25,1096765760.0
2024-02-22,002415.SZ,002415.SZ,58.945588045273226,59.668635562183695,58.72178762337236,59.0833113818276,262064.72,900734022.0
2024-02-23,002415.SZ,002415.SZ,59.18659608167288,59.63419686646738,58.53241031928091,59.54811979246844,278106.89,954374008.0
2024-02-26,002415.SZ,002415.SZ,59.51369057697592,59.944075958643374,58.96279728844157,59.03165894950836,272813.92,941116695.0
2024-02-27,002415.SZ,002415.SZ,58.72180486261045,60.16790032096849,58.27420388740439,60.16790032096849,385886.86,1329490554.0
2024-02-28,002415.SZ,002415.SZ,60.340026208610766,61.33852022290448,59.393178436435704,59.393178436435704,423924.94,1487752586.0
2024-02-29,002415.SZ,002415.SZ,58.97998065484736,60.460505563287775,58.87668821937478,60.167843662782126,347575.2,1208384377.0
2024-03-01,002415.SZ,002415.SZ,60.13341394643771,61.75166213165533,59.78910582192332,61.42456941336666,470802.17,1670943780.0
2024-03-04,002415.SZ,002415.SZ,61.44180335745661,62.1476352256706,59.61696974695216,60.25393996948672,517398.82,1817574718.0
2024-03-05,002415.SZ,002415.SZ,59.87519248987143,63.352705107167,59.41037644696558,61.14913275561338,694960.78,2478546622.0
2024-03-06,002415.SZ,002415.SZ,60.253960616946955,60.253960616946955,59.1005276565654,59.25546641243755,522809.62,1806324420.0
2024-03-07,002415.SZ,002415.SZ,59.134949607896196,59.685842879352585,58.10202472391548,58.44633301857572,372158.65,1271517494.0
2024-03-08,002415.SZ,002415.SZ,58.51520062732864,58.82507812403118,57.43062938886977,58.41190812842779,335910.14,1134157902.0
2024-03-11,002415.SZ,002415.SZ,58.084840589134735,59.04890433335273,57.84382465308023,58.87675009331381,347381.79,1180884369.0
2024-03-12,002415.SZ,002415.SZ,58.89396757474881,59.272706916065516,58.27421228895782,59.13498351922308,403847.22,1379150861.0
2024-03-13,002415.SZ,002415.SZ,59.11777452613034,59.61702189399807,58.49801917291522,58.549665452349814,353513.53,1212384405.0
2024-03-14,002415.SZ,002415.SZ,58.32584612256936,58.73901622497244,57.37899797122894,57.620013864297405,328459.32,1106884355.0
2024-03-15,002415.SZ,002415.SZ,57.568383560016244,57.568383560016244,56.72482770043467,57.25850589731281,413389.04,1367763682.0
2024-03-18,002415.SZ,002415.SZ,57.465117448983904,57.70613351977054,56.91422357290018,57.68891808614291,403869.47,1342789700.0
2024-03-19,002415.SZ,002415.SZ,57.4995453825887,57.79220773932643,57.17245216035242,57.36182192059448,330921.39,1104319651.0
2024-03-20,002415.SZ,002415.SZ,57.15524806643709,57.637280279045584,57.00030914095578,57.620064842881,325440.15,1084146682.0
2024-03-21,002415.SZ,002415.SZ,57.671683681246165,57.87826881682077,57.25851341009693,57.43066768974245,300981.04,1006108466.0
2024-03-22,002415.SZ,002415.SZ,57.32736881646934,57.32736881646934,56.139504417569526,56.346089530421665,357876.66,1174244097.0
2024-03-25,002415.SZ,002415.SZ,56.29445683873888,57.58561410568244,55.96736366444651,56.20837968760931,297496.46,980130893.0
2024-03-26,002415.SZ,002415.SZ,55.605859912512436,56.03624582514798,55.123827690360635,55.691937095039556,274264.15,885220718.0
2024-03-27,002415.SZ,002415.SZ,55.691926540173206,56.46662103609523,55.141032676406425,55.864080872600326,299123.88,973593189.0
2024-03-28,002415.SZ,002415.SZ,55.623083433666466,56.673225213132156,55.399282726567215,56.03625396984968,280731.69,913308088.0
2024-03-29,002415.SZ,002415.SZ,55.81242879273828,56.27724544215343,55.089380671425815,55.364827574782936,295148.44,951453045.0
2024-04-01,002415.SZ,002415.SZ,55.450892578459076,56.81091136569852,55.450892578459076,56.5526799503999,394808.94,1294665670.0
2024-04-02,002415.SZ,002415.SZ,56.74206842795096,56.776499294715485,55.17546399016469,55.41648005751642,346442.46,1122457555.0
2024-04-03,002415.SZ,002415.SZ,55.416473030190595,55.51976561738574,54.36633172704004,54.710640351023834,343146.82,1091570268.0
2024-04-08,002415.SZ,002415.SZ,54.676206166526654,54.91722218867128,54.280251273003316,54.40075928407563,227591.41,721381304.0
2024-04-09,002415.SZ,002415.SZ,54.36633183873963,54.98608736318379,53.90151519540652,54.81393305083819,256286.7,810828362.0
2024-04-10,002415.SZ,002415.SZ,54.81391308014289,54.81391308014289,53.48832535804145,53.67769503262737,263663.65,826806666.0
2024-04-11,002415.SZ,002415.SZ,53.47109336456616,54.15971014968614,53.230077489774175,53.78097091787015,207556.98,648617906.0
2024-04-12,002415.SZ,002415.SZ,54.05643280687626,54.17694077810178,53.10958446153289,53.23009243275841,249326.7,775707174.0
2024-04-15,002415.SZ,002415.SZ,52.73083403284266,54.159713962560566,52.73083403284266,53.69489759988125,308070.06,961643584.0
2024-04-16,002415.SZ,002415.SZ,53.62604775978719,55.227082251491915,53.41946266408336,54.33188017010863,486558.25,1542460471.0
2024-04-17,002415.SZ,002415.SZ,54.43516614030655,55.33036811351842,53.53996416709467,55.27872184583312,397382.43,1263569084.0
2024-04-18,002415.SZ,002415.SZ,55.10656830969392,55.64024641578593,54.745044431373536,55.037706618585275,366001.63,1174964272.0
2024-04-19,002415.SZ,002415.SZ,54.848319915500575,55.41642869051988,54.073626131383335,55.26148993369644,334379.04,1064415313.0000001
2024-04-22,002415.SZ,002415.SZ,54.572847320818326,56.983004615744065,54.52120109306993,56.552619384507324,627859.07,2053586166.0
2024-04-23,002415.SZ,002415.SZ,56.638716410662916,56.759224317919646,55.605791491319515,56.12225395099122,346461.58,1125912658.0
2024-04-24,002415.SZ,002415.SZ,56.0017312293692,56.139454515515816,55.209822334026136,55.96730040783254,309599.85,1002023703.0
2024-04-25,002415.SZ,002415.SZ,55.74351285947467,56.24275988631987,55.22705041791066,56.191113642163465,318440.73,1030645134.0
2024-04-26,002415.SZ,002415.SZ,55.98455264674152,56.67316953046527,55.86404469208986,56.5870924199998,466843.93,1528425989.0
2024-04-29,002415.SZ,002415.SZ,56.569881335043995,57.51672962275775,56.053418632654676,57.25849827156309,489536.72,1622842754.0
2024-04-30,002415.SZ,002415.SZ,57.22406293115287,57.22406293115287,56.69038484725824,57.00026244435834,236632.79,783068878.0
2024-05-06,002415.SZ,002415.SZ,57.688905847283095,58.308661326394464,57.49953611755463,58.11929159666599,445451.39,1499389028.0
2024-05-07,002415.SZ,002415.SZ,57.96433590464364,58.27421355426751,57.757750804894386,57.89547420472722,225354.13,759423629.0
2024-05-08,002415.SZ,002415.SZ,57.91271736553324,57.91271736553324,56.34611294214931,56.363328375373314,422878.53,1396203859.0
2024-05-09,002415.SZ,002415.SZ,56.34613861756417,57.10361802458307,56.31170773542696,56.89703273175973,218766.76,722651635.0
2024-05-10,002415.SZ,002415.SZ,56.93147142330784,57.58565827365126,56.65602432842639,57.10362585760874,283422.37,940821086.0
2024-05-13,002415.SZ,002415.SZ,56.914234033110176,57.48234344723378,56.242831998236824,57.18968102177616,221327.23,732160710.0
2024-05-14,002415.SZ,002415.SZ,57.1896964406463,57.98160674656735,57.1380501163471,57.723375125071364,241352.27,807010164.0
2024-05-15,002415.SZ,002415.SZ,57.72335718754558,58.188173961796615,57.15524779679431,57.17246323287768,210766.41,707232817.0
2024-05-16,002415.SZ,002415.SZ,57.36185429995769,57.53400872462744,56.793744698547556,56.9658991232173,231437.72,766753285.0
2024-05-17,002415.SZ,002415.SZ,56.98309406597076,57.99880480611948,56.81093970323369,57.99880480611948,214622.03,716731579.0
2024-05-20,002415.SZ,002415.SZ,57.998824664033755,59.11782840495457,57.9127474531937,58.325918065226,298026.74,1011146519.0
2024-05-21,002415.SZ,002415.SZ,58.715010052029456,58.83880675997048,57.919174072408566,58.21982322026535,249133.23,823212410.0
2024-05-22,002415.SZ,002415.SZ,57.86609332292946,58.60887324944628,57.86609332292946,58.41433564964426,156925.7,517806009.0
2024-05-23,002415.SZ,002415.SZ,58.29051107032372,58.980234957381555,57.229397397927045,57.44162013240638,206129.99,673749611.0
2024-05-24,002415.SZ,002415.SZ,57.406249676659826,57.91912128498488,57.229397397927045,57.44162013240638,171170.07,557705553.0
2024-05-27,002415.SZ,002415.SZ,57.44163056992606,57.653853342967665,56.274405318197275,57.61848288079406,253465.29,816259578.0
2024-05-28,002415.SZ,002415.SZ,57.44163420078703,58.04293209574601,57.14098525330755,57.636171755038475,137925.12,449751729.0
2024-05-29,002415.SZ,002415.SZ,57.63615633251544,57.98986088196321,57.44161883031915,57.83069383471172,154514.78,505011005.0
2024-05-30,002415.SZ,002415.SZ,57.56542934689967,58.00756014065466,57.19403948014549,57.759966896151866,140112.23,457153960.0
2024-05-31,002415.SZ,002415.SZ,57.830703460578576,57.98987053432328,57.58311023475347,57.67153638683386,150473.84,491718849.0
2024-06-03,002415.SZ,002415.SZ,57.86605820579298,57.954484333858076,57.21170485811134,57.75994685211487,179986.1,585710448.0
2024-06-04,002415.SZ,002415.SZ,57.56538865031841,59.245484478822334,57.54770343107101,58.27279742021481,259617.48,858967389.0
2024-06-05,002415.SZ,002415.SZ,58.36122142089625,59.49307541208939,58.30816576505907,59.10400060261675,337711.08,1128144693.0
2024-06-06,002415.SZ,002415.SZ,58.891757815235366,59.386943766834946,58.272775375735904,58.573423989207065,212835.15,705690801.0
2024-06-07,002415.SZ,002415.SZ,58.573423989207065,59.422314191949205,57.989811974821855,58.573423989207065,243997.72,810105307.0
2024-06-11,002415.SZ,002415.SZ,58.21969499033887,59.29849249775402,58.18432458025968,59.24543688263524,209563.94,696760269.0
2024-06-12,002415.SZ,002415.SZ,59.08629789120789,59.59916907912919,58.09592594211851,58.148981582248304,285472.45,948089324.0
2024-06-13,002415.SZ,002415.SZ,57.989841085789266,58.02521152865953,56.451226820933016,57.44159922130025,343521.18,1111201246.0
2024-06-14,002415.SZ,002415.SZ,57.300135546424784,58.53810143785989,57.158653730260774,58.237452578511366,222064.27,728399142.0
2024-06-17,002415.SZ,002415.SZ,57.93681768157267,58.874134939546835,56.716536723078015,56.94644472975092,351691.69,1145805810.0
2024-06-18,002415.SZ,002415.SZ,56.99952676347856,57.63619538385873,56.7342481716535,57.406287270943665,166685.11,540384965.0
2024-06-19,002415.SZ,002415.SZ,57.565433778919456,57.63617471136668,56.999506319341755,56.999506319341755,133568.31,432066272.0
2024-06-20,002415.SZ,002415.SZ,56.80494886888589,56.99948636501221,55.372445488319336,55.97374320361888,302425.78,955747893.0
2024-06-21,002415.SZ,002415.SZ,55.74382886542539,56.41586741139181,55.58466184138071,56.32744128692255,136139.74,431623302.0
2024-06-24,002415.SZ,002415.SZ,56.2213176805222,56.2213176805222,55.30168618653442,55.566964502107815,209073.74,657643649.0
2024-06-25,002415.SZ,002415.SZ,55.566988835118785,55.90300818198933,54.3113375915499,54.68272739598577,210118.97,653158375.0
2024-06-26,002415.SZ,002415.SZ,54.824210144693865,55.071803351798934,54.20522712693119,54.89495106100959,217687.0,672897548.0
2024-06-27,002415.SZ,002415.SZ,54.912660894382746,54.93034613138577,53.939972859216546,54.311362836280004,180628.65,555156433.0
2024-06-28,002415.SZ,002415.SZ,54.24064685895861,54.965741909893495,54.13453538809009,54.66509274243269,181627.09,560939351.0
2024-07-01,002415.SZ,002415.SZ,54.700474151509894,54.75352989753464,53.78084122041435,54.48825116741092,160453.12,491852575.0
2024-07-02,002415.SZ,002415.SZ,54.4882693482517,54.771233421465595,53.10881949133394,53.26798678251676,306422.04,929680366.0
2024-07-03,002415.SZ,002415.SZ,53.32104113236189,53.586319943965684,52.80816876326123,53.356411640575736,185849.86,559389453.0
2024-07-04,002415.SZ,002415.SZ,53.338732536110214,53.993087013509445,52.34835819193841,52.61363703412728,239819.4,717446233.0
2024-07-05,002415.SZ,002415.SZ,52.45446577230853,52.80817086854797,51.9062228731374,52.75511510411205,156549.53,463627825.0
2024-07-08,002415.SZ,002415.SZ,52.75509628997963,52.967319272037884,51.28722066407675,51.87083386473693,214069.18,627815332.0
2024-07-09,002415.SZ,002415.SZ,51.64094712635097,52.047708011250315,51.039648426934555,52.01233749951994,290273.38,845499745.0
2024-07-10,002415.SZ,002415.SZ,51.88853965023369,52.56057935940508,51.49946402913446,52.03002169426978,208487.37,614645702.0
2024-07-11,002415.SZ,002415.SZ,52.7374562332394,53.58634888890523,52.348380432725904,53.23264361571113,289078.62,868321777.0
2024-07-12,002415.SZ,002415.SZ,53.32104756153275,53.32104756153275,52.61363731196018,53.108824486660986,173734.25,521112282.0
2024-07-15,002415.SZ,002415.SZ,53.02039820546441,53.30336230529344,52.61363731196018,53.108824486660986,135822.14,407068315.0
2024-07-16,002415.SZ,002415.SZ,53.02039781986152,53.58632601540374,52.737433722090415,53.497899734850265,186669.55,563135440.0
2024-07-17,002415.SZ,002415.SZ,53.48022860825462,53.90467486705029,53.020411827892644,53.550969651387234,188166.72,569135298.0
2024-07-18,002415.SZ,002415.SZ,53.321035755195595,53.321035755195595,52.38371738205286,53.09112747499078,212389.31,635014118.0
2024-07-19,002415.SZ,002415.SZ,53.09112141243959,53.72779042338157,52.80815740757649,53.58630842095002,210240.93,634847646.0
2024-07-22,002415.SZ,002415.SZ,53.62166656226412,54.01074197927263,53.23259114525561,53.71009279340242,188283.07,572049209.0
2024-07-23,002415.SZ,002415.SZ,53.49784305356394,53.58626924042934,52.312932149567644,52.312932149567644,227201.05,677818406.0
2024-07-24,002415.SZ,002415.SZ,52.25986182179402,52.41902891363705,51.234118341027845,51.85310147597295,215102.37,628996831.0
2024-07-25,002415.SZ,002415.SZ,51.64088531380127,51.870793364855864,51.14569874229907,51.81773766076634,183613.37,534964279.0
2024-07-26,002415.SZ,002415.SZ,51.81771591660569,52.27753182576328,51.481696598375144,52.259846598488,187788.03,551120913.0
2024-07-29,002415.SZ,002415.SZ,52.25984749611505,52.330588406431275,51.30484520684594,51.48169748263651,187007.45,545809975.0
2024-07-30,002415.SZ,002415.SZ,51.44633124439045,51.44633124439045,49.87234586083914,50.70355162518646,359027.73,1021902891.0
2024-07-31,002415.SZ,002415.SZ,50.402909389667705,51.6585608165682,50.102260456466176,51.41096757746106,449685.3,1298984791.0
2024-08-01,002415.SZ,002415.SZ,51.42864851863584,51.60550081753074,50.68586886327728,50.88040639206166,315118.66,908522134.0
2024-08-02,002415.SZ,002415.SZ,50.42057954199577,50.82733974173828,50.15530115085935,50.19067160301087,289399.3,824830396.0
2024-08-05,002415.SZ,002415.SZ,49.90769098128358,50.29676582238501,48.5812994775287,48.687410797829095,461210.49,1284586050.0
2024-08-06,002415.SZ,002415.SZ,48.98806916669768,49.34177363721535,48.70510559028354,49.041124837275326,257510.85,712425213.0
2024-08-07,002415.SZ,002415.SZ,48.98807043056138,49.1649226703829,48.3514023672039,48.66973639888264,265707.56,731549367.0
2024-08-08,002415.SZ,002415.SZ,48.49290328202523,48.82892267019389,47.502530348475474,48.7935522082814,364181.75,993045138.0
2024-08-09,002415.SZ,002415.SZ,48.7935302511829,49.05880859615127,47.99769521627778,48.10380655426513,218029.53,597075595.0
2024-08-12,002415.SZ,002415.SZ,47.92693171223257,48.15683950273405,47.820820424308806,47.97998735619445,163721.0,443982373.0
2024-08-13,002415.SZ,002415.SZ,48.050719029422474,48.19220071960848,47.75007043777721,48.01534860687597,180812.84,490007743.0
2024-08-14,002415.SZ,002415.SZ,47.97996665152738,48.386726413040506,47.82079978832658,48.1921891357951,164620.06,448447829.0
2024-08-15,002415.SZ,002415.SZ,48.033000837092565,48.705038404032734,47.94457484144254,48.545871611862694,195195.99,534989976.99999994
2024-08-16,002415.SZ,002415.SZ,48.54588668329342,49.023387208047126,48.4928310694319,48.70505352487799,222361.5,612659097.0
2024-08-19,002415.SZ,002415.SZ,47.44940307305968,48.01532960989826,46.90116174049731,47.23718062174522,610220.18,1632420399.0
2024-08-20,002415.SZ,002415.SZ,47.21947507593903,47.307901059227305,46.335215243056275,46.75965996284,332087.48,876669440.0
2024-08-21,002415.SZ,002415.SZ,46.75966306487548,47.18410781281686,46.68892227355192,46.9188298453535,177211.55,470852289.0
2024-08-22,002415.SZ,002415.SZ,46.93650958336857,47.02493556223701,46.29984253551579,46.37058331861055,169284.96,446284446.0
2024-08-23,002415.SZ,002415.SZ,46.29985111537362,47.04262947551331,46.19373992106795,46.95420348025858,172014.82,454244272.0
2024-08-26,002415.SZ,002415.SZ,47.18411169394205,47.20179689322764,46.21142573323485,46.65355571537448,200203.63,527743980.0
2024-08-27,002415.SZ,002415.SZ,46.529749993063255,46.582805580284536,45.98150892511002,46.229101665476,153665.39,400844450.0
2024-08-28,002415.SZ,002415.SZ,46.12297517538392,46.494364162609024,46.03454922604462,46.335197453798266,123991.04,324455858.0
2024-08-29,002415.SZ,002415.SZ,46.22908808108274,46.52973632032467,45.999180604015386,46.28214365271367,195709.96,512835145.0
2024-08-30,002415.SZ,002415.SZ,46.246753748287965,47.6615683945071,46.05221673443283,47.2548091837191,371371.44,987425519.0
2024-09-02,002415.SZ,002415.SZ,47.095634473792515,47.131004833892995,46.28211619148142,46.28211619148142,218000.58,574749064.0
2024-09-03,002415.SZ,002415.SZ,46.12296377480121,46.81268600916365,46.08759340380826,46.68888971068834,197814.26,521179362.0
2024-09-04,002415.SZ,002415.SZ,46.51203645370289,47.13101792742136,46.35286978903242,46.93648089282413,184830.73,490039918.0
2024-09-05,002415.SZ,002415.SZ,46.95415377182405,47.0425796734659,46.618135345585,46.830357509525456,187407.56,495888060.0
2024-09-06,002415.SZ,002415.SZ,46.794998315244236,46.91879460708351,46.21138722514482,46.24675759424175,140628.1,369666348.0
2024-09-09,002415.SZ,002415.SZ,46.17599552721262,46.19368070359226,44.76118141684226,44.79655176960152,330155.44,846010010.0
2024-09-10,002415.SZ,002415.SZ,44.90266208094912,45.75155053305056,44.26599574187304,45.71618018087967,280468.55,716034178.0
2024-09-11,002415.SZ,002415.SZ,45.41553977727505,45.71618782097197,45.132576912619136,45.50396567248003,162024.22,415753504.0
2024-09-12,002415.SZ,002415.SZ,45.521649158194876,45.89303790424076,44.6727605958043,44.69044577418743,199980.53,510785343.0
2024-09-13,002415.SZ,002415.SZ,44.69043663295989,44.90265873014846,44.26599243858275,44.35441831241132,171472.19,431545375.0
2024-09-18,002415.SZ,002415.SZ,44.3898054781301,44.51360174838783,43.70008340097987,44.442861022526266,201370.65,501801908.0
2024-09-19,002415.SZ,002415.SZ,44.602039989052585,44.973428902522095,43.912317721180635,44.51361405727413,273411.83,687930250.0
2024-09-20,002415.SZ,002415.SZ,44.56666641542018,44.8849997469589,44.08916641811211,44.81425900661696,242692.5,611454564.0
2024-09-23,002415.SZ,002415.SZ,44.79659025577749,45.203349661968915,44.67279391476271,44.83196063892457,176576.9,448645675.0
2024-09-24,002415.SZ,002415.SZ,45.09723239501919,46.28214006971186,44.81426936822692,46.28214006971186,409032.75,1057848635.0
2024-09-25,002415.SZ,002415.SZ,47.00724870456445,48.81113860970575,47.00724870456445,47.59086014446311,665836.77,1805529123.0
2024-09-26,002415.SZ,002415.SZ,47.590869773939055,49.90763080715571,47.57318457521221,49.90763080715571,619064.16,1712999961.0
2024-09-27,002415.SZ,002415.SZ,51.28709016175166,53.48005539625414,51.269404958247605,52.50736920353127,1054625.36,3120097177.0
2024-09-30,002415.SZ,002415.SZ,54.85952281241556,57.15860017076954,54.11674397356275,57.10554453942291,1426072.87,4514701468.0
2024-10-08,002415.SZ,002415.SZ,62.817880456784806,62.817880456784806,57.12324151897942,59.8290792751416,2274299.88,7700155093.0
2024-10-09,002415.SZ,002415.SZ,58.89174905595381,58.89174905595381,55.63767042943865,55.7084112691455,1189689.07,3814098800.0
2024-10-10,002415.SZ,002415.SZ,55.283965349744584,56.92868984671395,55.00100199542727,55.47850265583774,790534.85,2501204596.0
2024-10-11,002415.SZ,002415.SZ,55.142484063403394,55.19553969271392,51.72923857775976,52.401276549026385,891878.31,2692718942.0
2024-10-14,002415.SZ,002415.SZ,52.40126803941737,54.38201121201769,52.18904555663877,53.79839938437652,1096891.43,3326150655.0
2024-10-15,002415.SZ,002415.SZ,53.8337782837416,54.735723977720184,51.78229396018246,51.83534958924002,886973.19,2667339897.0
2024-10-16,002415.SZ,002415.SZ,51.03949345977782,51.28708629014403,49.66004769059463,50.01375173397494,875207.62,2491709058.0
2024-10-17,002415.SZ,002415.SZ,50.33206487334686,50.685768772667636,49.46549032001095,49.50086070994303,696249.15,1973198334.0
2024-10-18,002415.SZ,002415.SZ,49.3417035262042,52.43661324558977,49.0233699550674,51.05716777066363,999983.82,2854837627.0
2024-10-21,002415.SZ,002415.SZ,54.4704243375732,55.69070332435649,53.07329332371987,54.34662791862417,2188494.22,6743963244.0
2024-10-22,002415.SZ,002415.SZ,54.293595901095536,54.806467002441394,53.07331638410024,54.54118884657285,825398.61,2527713714.0
2024-10-23,002415.SZ,002415.SZ,54.558899906217036,55.089456469324496,54.13445465573107,54.647326000068276,712447.04,2202560818.0
2024-10-24,002415.SZ,002415.SZ,54.36436196780338,54.4704732793866,53.67463844251245,54.222880219025754,520312.88,1592052169.0
2024-10-25,002415.SZ,002415.SZ,54.22290288927035,55.00105283288676,53.710031335523176,54.735774443017526,637222.37,1960951042.0
2024-10-28,002415.SZ,002415.SZ,53.922279150068675,54.13450196076098,53.2325550153187,54.13450196076098,757095.47,2295201653.0
2024-10-29,002415.SZ,002415.SZ,54.152178205083935,54.61199421858235,53.5862508038551,54.01069635477672,577098.67,1762534692.0
2024-10-30,002415.SZ,002415.SZ,53.63932229816913,53.674692771164956,52.70200476377976,53.073394730235925,565877.21,1699960414.0
2024-10-31,002415.SZ,002415.SZ,53.038012490584435,53.58625470039041,51.9238428383981,53.25023528147707,564802.01,1690490290.0
2024-11-01,002415.SZ,002415.SZ,52.91420974896907,53.586248509149826,52.61356082994083,53.26791435959052,468641.32,1408295656.0
2024-11-04,002415.SZ,002415.SZ,53.285575388146036,54.824189745520314,53.09103794066193,54.824189745520314,652972.21,2006933905.0
2024-11-05,002415.SZ,002415.SZ,54.82416880693733,55.86759653584356,54.328982766100474,55.566947868192614,790511.19,2466094555.0
2024-11-06,002415.SZ,002415.SZ,55.56692364989406,55.92062781061903,54.8241449123716,55.26627511327782,762275.13,2387311872.0
2024-11-07,002415.SZ,002415.SZ,54.824144912371594,56.32738759545275,54.48812595968286,56.292017179380245,646359.18,2032670272.0
2024-11-08,002415.SZ,002415.SZ,56.61034451058158,57.22932672172509,55.60228776671931,55.88525106324205,714886.07,2278947032.0
2024-11-11,002415.SZ,002415.SZ,55.67301098137623,58.71486545685168,55.14245496821191,58.14893904280974,1080825.76,3512640391.0
2024-11-12,002415.SZ,002415.SZ,58.36114200040214,58.36114200040214,56.5926225458445,56.893270853119304,733160.37,2384609382.0
2024-11-13,002415.SZ,002415.SZ,56.71640678413537,57.61835151316278,56.2389066334738,57.33538846091889,597571.46,1931136200.0
2024-11-14,002415.SZ,002415.SZ,57.35305450377209,57.83055449501535,55.79675823601633,55.93823971490322,512331.16,1647396165.0
2024-11-15,002415.SZ,002415.SZ,55.93821591442924,57.08775244128284,55.53145683569644,55.53145683569644,498723.92,1587994394.0
2024-11-18,002415.SZ,002415.SZ,55.88516329310607,56.0797002539365,54.134330645632176,54.3288676064626,566350.48,1754034812.0
2024-11-19,002415.SZ,002415.SZ,54.32885306750542,55.07163035553772,53.83366820881722,54.98320448791483,386985.45,1194992641.0
2024-11-20,002415.SZ,002415.SZ,54.912483180917874,55.319242315591346,54.61183512485488,55.000909079759936,273774.23,850623955.0
2024-11-21,002415.SZ,002415.SZ,55.01861705778042,55.01861705778042,54.328894761009785,54.6295429416534,257343.3,795014851.0
2024-11-22,002415.SZ,002415.SZ,54.6118832958786,54.73567966345345,53.05558610350901,53.09095649424468,375540.28,1143837511.0
2024-11-25,002415.SZ,002415.SZ,53.073259676207094,53.17937082517651,51.95909261202814,52.33048163342112,327553.21,973550786.0
2024-11-26,002415.SZ,002415.SZ,52.34816682491603,52.82566699527844,52.242055675946595,52.33048163342112,181484.0,538592252.0
2024-11-27,002415.SZ,002415.SZ,52.18900336979367,53.09094819251799,52.08289221417904,53.09094819251799,280958.57,837838461.0
2024-11-28,002415.SZ,002415.SZ,53.05560173573478,53.32087974441345,52.61347172127033,52.701897724163224,252513.19,755396035.0
2024-11-29,002415.SZ,002415.SZ,52.89643633734766,53.51541837406018,52.418935909026565,53.19708475517945,282653.13,848316008.0
2024-12-02,002415.SZ,002415.SZ,53.055618872166924,53.58617506088859,52.89645201555042,53.46237861685354,451052.42,1358858325.0
2024-12-03,002415.SZ,002415.SZ,53.25016329702107,53.40933017502611,52.70192182833703,53.03794079301434,319600.56,956358653.0
2024-12-04,002415.SZ,002415.SZ,52.94952670659593,52.96721191925678,52.40128511410946,52.47202596475288,266564.59,793373602.0
2024-12-05,002415.SZ,002415.SZ,52.472015283199816,52.666552582867894,52.08294068386365,52.56044132850349,255384.9,756445571.0
2024-12-06,002415.SZ,002415.SZ,52.8787963535585,54.2051875664404,52.8787963535585,54.187502350268645,560277.08,1699146508.0
2024-12-09,002415.SZ,002415.SZ,54.205168567756175,56.18591208475086,53.86914957826601,55.30165158609252,707477.39,2216839037.0
2024-12-10,002415.SZ,002415.SZ,58.13130376490007,58.2904707055402,56.46889349599207,56.53963435849879,1080023.7,3500129892.0
2024-12-11,002415.SZ,002415.SZ,56.53966242196694,56.769570339228615,55.443178508872805,55.72614209934871,476080.72,1505249970.0
2024-12-12,002415.SZ,002415.SZ,55.743854189524576,55.973762217590505,55.354779065105305,55.849965587093465,379418.72,1194004058.0
2024-12-13,002415.SZ,002415.SZ,55.54928933044204,55.54928933044204,54.47049065194572,54.488175876183355,540360.52,1676811144.0
2024-12-16,002415.SZ,002415.SZ,54.665048492071925,54.965697416162904,53.374026641563596,53.76310171979898,399770.55,1216719192.0
2024-12-17,002415.SZ,002415.SZ,53.763076336564076,54.54122612564593,53.51548322185622,53.93992856135541,327589.7,1002591634.0
2024-12-18,002415.SZ,002415.SZ,54.488146729489145,55.26629617969931,54.452776299934136,54.82416581026172,407449.54,1264497593.0
2024-12-19,002415.SZ,002415.SZ,54.134424993719215,55.00100023863664,53.992943321079636,54.89488898415696,301415.06,930938608.0
2024-12-20,002415.SZ,002415.SZ,54.84181346609673,54.947924682090466,54.38199819679053,54.61190583144363,312761.52,966377288.0
2024-12-23,002415.SZ,002415.SZ,54.611924888723266,54.983314274300724,54.116739041286664,54.32896154733092,391766.31,1209473303.0
2024-12-24,002415.SZ,002415.SZ,54.293588868895775,54.96562677671923,53.88682908258157,54.36432970129824,413837.66,1274467041.0
2024-12-25,002415.SZ,002415.SZ,54.47045374391911,55.51388126693574,54.222860772355844,55.266288295372476,532227.72,1656411490.0
2024-12-26,002415.SZ,002415.SZ,55.39008478115412,55.72610381398999,54.664991078718835,55.70841860173547,503497.96,1578220424.0
2024-12-27,002415.SZ,002415.SZ,55.885285118426374,55.95602598566489,54.824172109848654,54.93028341070642,345617.72,1079996955.0
2024-12-30,002415.SZ,002415.SZ,54.73573670907778,55.195552267861636,54.64731064008088,54.85953320567343,288680.46,897020001.0
2024-12-31,002415.SZ,002415.SZ,54.91258469732544,54.94795512225126,53.69230503738488,54.29360226112371,511077.22,1566706226.0
2025-01-02,002415.SZ,002415.SZ,54.08135833480724,54.08135833480724,52.01218929452848,52.34820819850538,489231.5,1463495012.0
2025-01-03,002415.SZ,002415.SZ,52.45429323147201,52.66651559114081,50.75651435412159,50.98642191042946,429862.78,1253604684.0
2025-01-06,002415.SZ,002415.SZ,51.004102244388825,51.092528219153714,49.87224976739822,50.084472106833964,389215.7,1108551659.0
2025-01-07,002415.SZ,002415.SZ,50.10215899478486,50.34975173249294,49.87225145262736,50.24364055918948,293222.72,831108845.0
2025-01-08,002415.SZ,002415.SZ,50.15519629772718,50.172881486830754,48.68732560213079,49.677696191930764,390032.16,1088411640.0
2025-01-09,002415.SZ,002415.SZ,49.51852977165398,50.24362252902463,49.30630750120403,49.74843723130808,282786.15,797075235.0
2025-01-10,002415.SZ,002415.SZ,49.730764510569436,49.978357221504,49.164838314147595,49.164838314147595,211257.66,592830952.0
2025-01-13,002415.SZ,002415.SZ,48.79346194427032,49.69540705451236,48.65198035835,48.934943530190644,264245.77,732285442.0
2025-01-14,002415.SZ,002415.SZ,49.02338125865032,50.17291941947726,48.74041801906215,50.155234217003,493001.65,1387307111.0
2025-01-15,002415.SZ,002415.SZ,50.17291142037836,50.17291142037836,49.34170703660755,49.69541102970152,327650.94,918633364.0
2025-01-16,002415.SZ,002415.SZ,49.76617093512585,50.33209754135329,49.4301520126783,49.74848572868124,275256.93,776562239.0
2025-01-17,002415.SZ,002415.SZ,49.55392638695394,50.17290833682667,49.34170400414043,49.8722599611742,215102.13,605876404.0
2025-01-20,002415.SZ,002415.SZ,50.17291436893022,50.47356278072853,49.90763635851994,50.01374756268405,301355.04,854751256.0
2025-01-21,002415.SZ,002415.SZ,50.24367145355298,50.34978269210324,49.87228211862703,50.208301040702885,229566.51,650598905.0
2025-01-22,002415.SZ,002415.SZ,50.20831822372651,50.5443372607997,49.57165057453519,50.332114711069266,325267.26,921169919.0
2025-01-23,002415.SZ,002415.SZ,50.84497091955489,51.18098985780586,50.24367387215842,50.632748432238486,351262.15,1006360881.0
2025-01-24,002415.SZ,002415.SZ,50.402837020827,51.410893761243535,50.3144109909659,51.32246773138244,373732.78,1078910142.0
2025-01-27,002415.SZ,002415.SZ,51.51702611496729,51.729248673628334,51.16332185053223,51.34017398274976,268623.11,780936490.0
2025-02-05,002415.SZ,002415.SZ,52.25981973786622,53.40935891991743,51.78231884686034,53.05565455620937,704037.81,2104193842.9999998
2025-02-06,002415.SZ,002415.SZ,52.87878496283002,53.8514716427483,52.45433986613841,53.7099899438511,562969.11,1696165830.0
2025-02-07,002415.SZ,002415.SZ,53.709995874908934,54.859534805389366,53.67462544627877,54.611941804978194,812889.06,2499200984.0
2025-02-10,002415.SZ,002415.SZ,54.611931955481445,55.2662847671242,54.24054252184637,54.912580544614606,553156.92,1715151422.0
2025-02-11,002415.SZ,002415.SZ,55.001004398087666,55.84989449812246,54.62961497932245,55.213226923096364,589686.57,1847552661.0
2025-02-12,002415.SZ,002415.SZ,55.19551564166931,55.19551564166931,54.116718315766775,54.664959579750025,552004.48,1700023222.0
2025-02-13,002415.SZ,002415.SZ,54.64726527279415,54.64726527279415,53.586153325749606,53.92217210898038,452335.42,1384001654.0
2025-02-14,002415.SZ,002415.SZ,53.90451189666065,56.32738529883995,53.76303023813923,55.77914387206945,683746.0,2136041244.0
2025-02-17,002415.SZ,002415.SZ,56.38042792364774,56.415798330124304,55.53153816821013,55.84987182649923,452272.79,1429731248.0
2025-02-18,002415.SZ,002415.SZ,55.81449495180007,57.77755228375502,55.56690213515711,56.769495815994375,1053078.54,3400549816.0
2025-02-19,002415.SZ,002415.SZ,56.59264959498172,57.15857609093154,56.0797787080272,57.034779669942516,514034.68,1648753115.0
2025-02-20,002415.SZ,002415.SZ,56.92868220069547,57.954424222329635,56.557292848034834,56.75183012799994,394610.81,1272685902.0
2025-02-21,002415.SZ,002415.SZ,56.76949229056259,57.954400696627296,56.73412189038155,57.81291909590315,640662.87,2081999872.0
2025-02-24,002415.SZ,002415.SZ,56.87559949106324,57.98976701840684,55.97365434988034,56.32735832681482,1103666.37,3547916721.0
2025-02-25,002415.SZ,002415.SZ,55.6376287736249,55.6376287736249,54.558831775789194,55.00096169293498,743263.58,2315056405.0
2025-02-26,002415.SZ,002415.SZ,55.00096292653553,55.336981671102784,54.52346260530837,55.195500094442885,494811.04,1534882050.0
2025-02-27,002415.SZ,002415.SZ,55.12474058684895,55.531499981618765,54.01057354900118,54.73566638315608,483799.44,1497388767.0
2025-02-28,002415.SZ,002415.SZ,54.71799489880634,55.036328417933206,53.23243847621431,53.3031792582425,429247.66,1311411081.0
2025-03-03,002415.SZ,002415.SZ,53.39161419269186,54.5057816965473,53.39161419269186,53.97522574233042,353727.2,1080968524.0
2025-03-04,002415.SZ,002415.SZ,53.81608121515489,54.73571191616969,53.58617353990119,54.55885985828223,391544.21,1205393873.0
2025-03-05,002415.SZ,002415.SZ,54.470454194568084,55.33702960220894,54.39971334496475,55.107121840998104,369644.82,1145942745.0
2025-03-06,002415.SZ,002415.SZ,55.337054240362605,59.70530364827873,55.266313359262746,59.42234012387931,1792938.13,5881985951.0
2025-03-07,002415.SZ,002415.SZ,58.48505133251166,60.25357420316517,58.32588427415284,59.35162753913188,1029249.26,3451111466.0
2025-03-10,002415.SZ,002415.SZ,59.05098946747607,59.75839874531346,57.84839369515251,59.47543503417851,663768.85,2208007668.0
2025-03-11,002415.SZ,002415.SZ,58.64420994456853,59.19245195550992,58.007541802830154,58.59115426609034,513787.93,1698320830.0
2025-03-12,002415.SZ,002415.SZ,58.661917450966975,59.49312339615704,58.36126849206844,58.856455012607206,408675.84,1363500369.0
2025-03-13,002415.SZ,002415.SZ,58.53810726314931,59.56385053241295,57.97217994217626,58.64421863583174,391958.67,1299112201.0
2025-03-14,002415.SZ,002415.SZ,58.290525945545795,59.03330570577423,58.149044086454666,58.98025000861506,459028.36,1521541841.0
2025-03-17,002415.SZ,002415.SZ,58.85645338191032,59.333954656342875,58.60886012850084,58.98025000861506,342186.88,1142088881.0
2025-03-18,002415.SZ,002415.SZ,59.5108248138319,59.88221480524066,58.714989117956,59.01563815862022,337287.84,1131126681.0
2025-03-19,002415.SZ,002415.SZ,59.01561997542359,59.42238031687842,58.555803937257274,58.89182334976343,267415.57,892369833.0
2025-03-20,002415.SZ,002415.SZ,58.909529640903,59.03332631081784,56.23905861845438,56.398225765487744,717862.08,2318088758.0
2025-03-21,002415.SZ,002415.SZ,56.3275056666233,56.48667287258865,55.28407620529496,55.40787292104578,355062.59,1118983883.0
2025-03-24,002415.SZ,002415.SZ,55.42553256205088,56.04451585486255,54.75349355842678,55.54932922061322,272457.5,853325086.0
2025-03-25,002415.SZ,002415.SZ,55.54934536619291,55.708512544892606,55.124899556327065,55.24869625087126,170583.47,534154784.0
2025-03-26,002415.SZ,002415.SZ,55.54937102640663,55.56705627665382,54.66510851404741,54.824275766272066,228278.2,709255664.0
2025-03-27,002415.SZ,002415.SZ,54.82429516997326,55.407908634685874,54.50596055285729,54.965777222024805,228978.47,712614509.0
2025-03-28,002415.SZ,002415.SZ,54.94810594649882,55.12495855656159,54.73588281442351,54.77125333643606,143848.54,446367995.0
2025-03-31,002415.SZ,002415.SZ,54.647462810760075,54.983482808625595,53.303382819298015,54.293757549849005,352167.75,1074925785.0
2025-04-01,002415.SZ,002415.SZ,54.3291056023021,54.39984662522177,53.42715756007639,53.869288953324286,326591.76,995154265.0
2025-04-02,002415.SZ,002415.SZ,53.922338889149366,53.940024142966735,53.42715178226312,53.6393748280715,227389.57,689268728.0
2025-04-03,002415.SZ,002415.SZ,53.267966973434476,53.55093094142085,52.70203903746173,52.896576765452366,319971.0,958766000.0
2025-04-07,002415.SZ,002415.SZ,50.57980608572227,50.91582577650154,47.85627806572184,49.32415355702077,740912.33,2080174825.0
2025-04-08,002415.SZ,002415.SZ,49.43026361295407,50.68591610544772,48.68748326528178,49.67785706217817,574018.42,1607649749.0
2025-04-09,002415.SZ,002415.SZ,49.501005160758396,50.049247804553865,48.864336284092694,49.81933959909125,652885.1,1829621888.0
2025-04-10,002415.SZ,002415.SZ,50.26146192453655,51.23415031505362,49.96081278564945,50.98655690655836,492101.52,1412761969.0
2025-04-11,002415.SZ,002415.SZ,50.57981728419259,50.9688928017633,49.85472200144717,50.4029647762059,419222.74,1194632599.0
2025-04-14,002415.SZ,002415.SZ,50.9335453710994,51.37567684133464,50.68595174776767,50.756692783005306,305305.67,879383110.0
2025-04-15,002415.SZ,002415.SZ,50.756702195548044,50.84512850599325,50.066976974075445,50.54447905047955,239011.9,679860099.0
2025-04-16,002415.SZ,002415.SZ,50.42066649939538,50.42066649939538,49.536403670573996,50.15538765074896,307634.42,867674333.0
2025-04-17,002415.SZ,002415.SZ,49.872430546405134,50.13770943229027,49.78400425111009,49.89011580546415,273241.76,771904147.0
2025-04-18,002415.SZ,002415.SZ,49.8724430628558,50.20846306930767,49.5541083199014,50.17309254231274,208472.47,587956611.0
2025-04-21,002415.SZ,002415.SZ,50.544496184422215,51.941632363067896,50.31458769932862,51.07505422694589,428670.59,1240657672.0
2025-04-22,002415.SZ,002415.SZ,50.93358009148326,51.09274752926914,50.13774290255383,50.385336694665206,322236.55,920091094.0
2025-04-23,002415.SZ,002415.SZ,50.632930504555,50.739042129782845,50.19079873277229,50.36765144148538,307322.48,875683138.0
2025-04-24,002415.SZ,002415.SZ,50.43838511855646,50.59755253302596,49.83708599722725,50.102365021343076,326178.15,924434718.0
2025-04-25,002415.SZ,002415.SZ,50.084666689818285,50.10235195347994,49.748646680246765,49.83707299855506,333326.66,940056714.0
2025-04-28,002415.SZ,002415.SZ,49.83708997797123,49.94320159609324,49.5541256629792,49.62486674172721,263723.29,741662946.0
2025-04-29,002415.SZ,002415.SZ,49.62486508403798,49.87245885138528,49.37727131669068,49.76634723680787,178708.23,502173920.0
2025-04-30,002415.SZ,002415.SZ,49.78405424781408,50.067018676931326,49.695627863714954,49.89016590873305,231296.6,652806908.0
2025-05-06,002415.SZ,002415.SZ,50.13775870597926,50.9866519750752,50.04933232378176,50.9866519750752,388268.13,1110450580.0
2025-05-07,002415.SZ,002415.SZ,51.37573520017931,51.76481133594659,50.65063876534029,51.00434434331054,345007.82,996400272.0
2025-05-08,002415.SZ,002415.SZ,50.72138366925317,51.28731263627412,50.70369838903377,51.14583039451889,263582.18,762003276.0
2025-05-09,002415.SZ,002415.SZ,51.145835535879854,51.145835535879854,50.47379481998655,50.66833292195566,221948.01,636217185.0
2025-05-12,002415.SZ,002415.SZ,50.91591860091647,51.1988830669167,50.66832469316626,51.18119778779169,342352.31,987151433.0
2025-05-13,002415.SZ,002415.SZ,51.76478652962383,51.80015707047085,50.8097819267541,50.96894936056572,311526.87,901057999.0
2025-05-14,002415.SZ,002415.SZ,50.98665266349083,51.42878458044792,50.75674406667315,51.30498764369994,318259.35,919245156.0
2025-05-15,002415.SZ,002415.SZ,51.25191073610785,51.25191073610785,50.80977900097925,50.91589061741011,200995.59,578986285.0
2025-05-16,002415.SZ,002415.SZ,50.7567057980118,51.03967001151988,50.491426847847976,50.93355843145435,169304.51,486869069.0
2025-05-19,002415.SZ,002415.SZ,50.951226693340864,51.039652980555964,50.597521544480465,50.880485663568784,194151.84,557555180.0
2025-05-20,002415.SZ,002415.SZ,50.93487596385554,51.1161388676415,50.57235015628361,51.07988628688431,258778.48,726235946.0
2025-05-21,002415.SZ,002415.SZ,51.07989396321553,51.94995603214184,50.95300991149711,51.62368275629448,303614.29,861690465.0
2025-05-22,002415.SZ,002415.SZ,51.47867764844187,51.58743541812168,51.152404339402445,51.315540993922156,193578.35,548167946.0
2025-05-23,002415.SZ,002415.SZ,51.2792892774873,51.460552230041166,50.97114225814574,51.07990002967806,237553.23,671120233.0
2025-05-26,002415.SZ,002415.SZ,51.07989138371765,51.243028013403055,50.82612329309592,51.18864913684125,189369.21,532483963.0
2025-05-27,002415.SZ,002415.SZ,51.025532982708356,51.079911881091355,50.681133292949404,50.95302778486437,185944.99,521531861.0
2025-05-28,002415.SZ,002415.SZ,50.934924634325036,51.07993509591741,50.75366155733455,50.7717878650336,161161.89,452466042.0
2025-05-29,002415.SZ,002415.SZ,50.88052482285675,51.369934929809766,50.77176702131163,51.261177128264656,236107.39,666452365.0
2025-05-30,002415.SZ,002415.SZ,51.09804565745628,51.152424563796245,50.84427742786977,50.98928784477634,152288.72,428402303.0
2025-06-03,002415.SZ,002415.SZ,50.82617311296091,51.09806776228132,50.62678370345928,50.82617311296091,215928.39,605673851.0
2025-06-04,002415.SZ,002415.SZ,50.89866314623648,51.2793155415609,50.84428423261871,51.20681032340387,200057.57,564200164.0
2025-06-05,002415.SZ,002415.SZ,51.27933624774521,51.71436773234963,51.11619944101856,51.62373617305704,265594.62,753867583.0
2025-06-06,002415.SZ,002415.SZ,51.750627316570416,51.93189045953563,51.315595773453886,51.750627316570416,232926.26,663638201.0
2025-06-09,002415.SZ,002415.SZ,51.78686055921368,51.931871019302484,51.38808179396948,51.569344869080474,363015.5,1033706099.0
2025-06-10,002415.SZ,002415.SZ,51.56933460287601,51.58746090677861,50.69927201555157,50.98929287799305,393118.29,1106474618.0
2025-06-11,002415.SZ,002415.SZ,50.98931799185173,51.261212684307395,50.826181176378334,50.97119167902136,332890.79,936562782.0
2025-06-12,002415.SZ,002415.SZ,50.91681499622326,50.91681499622326,50.40927821448803,50.73555185988925,383731.74,1071476922.0
2025-06-13,002415.SZ,002415.SZ,50.59055259518948,50.64493154817607,50.19177360662117,50.31865783025654,376608.72,1045624846.0
2025-06-16,002415.SZ,002415.SZ,50.06488531827568,50.336780061133794,49.6842326782743,50.010506369704046,456677.5,1258522079.0
2025-06-17,002415.SZ,002415.SZ,49.86547838183994,50.13737302950537,49.73859421292941,50.06486779012792,205254.07,566029533.0
2025-06-18,002415.SZ,002415.SZ,50.06485931621901,50.13736454332432,49.75671210102142,50.119238236547986,185746.39,512527938.0
2025-06-19,002415.SZ,002415.SZ,49.99236783928758,50.06487308633514,49.48483110995472,49.756725786383036,305404.53,837238378.0
2025-06-20,002415.SZ,002415.SZ,49.53919387139704,49.73858323568002,49.37605711880188,49.412309730489696,208000.55,568151399.0
2025-06-23,002415.SZ,002415.SZ,49.031655979677375,49.575445140265295,48.97727706361858,49.5210662242065,198879.37,540488460.0
2025-06-24,002415.SZ,002415.SZ,49.62982729187944,50.10111126178042,49.50294314613687,50.046732342176455,281276.0,774094086.0
2025-06-25,002415.SZ,002415.SZ,50.11924989537674,50.427397182256094,49.90173416346191,50.40927087126319,320566.02,887219822.0
2025-06-26,002415.SZ,002415.SZ,50.391135592509514,50.71740913231713,49.91985159056518,50.010483129400626,314808.3,871626807.0
2025-06-27,002415.SZ,002415.SZ,50.010470608686326,50.463628189410194,49.95609169899946,50.1011021248311,282153.65,780884763.0
2025-06-30,002415.SZ,002415.SZ,48.99539027767177,50.35486281589796,48.99539027767177,50.26423131334954,442300.73,1215035054.0
2025-07-01,002415.SZ,002415.SZ,50.02860983248991,50.08298875622088,49.62983105846282,49.90172567711766,328065.4,901660675.0
2025-07-02,002415.SZ,002415.SZ,49.8473707076551,49.97425492400186,49.62985490820352,49.865497024276074,212871.8,584614298.0
2025-07-03,002415.SZ,002415.SZ,49.829240255080975,50.31865076322474,49.774861309731676,50.22801918764256,326892.25,905049835.0
2025-07-04,002415.SZ,002415.SZ,50.24613569375051,50.39114618637317,50.010493643238696,50.04674626639436,299226.0,828603656.0
2025-07-07,002415.SZ,002415.SZ,50.064891578166275,50.064891578166275,49.66611257211281,49.72049152748374,229586.75,629863850.0
2025-07-08,002415.SZ,002415.SZ,49.73863155017249,50.11928434264829,49.73863155017249,50.06490537229461,256149.82,706339654.0
2025-07-09,002415.SZ,002415.SZ,50.0830147601542,50.336783202659504,49.93800422157974,50.173646346763235,326502.56,903779821.0
2025-07-10,002415.SZ,002415.SZ,50.13740786176566,50.49993431051306,49.93801831495459,50.354923731014104,304834.56,844228428.0
2025-07-11,002415.SZ,002415.SZ,50.37306738611386,50.84435193164786,50.37306738611386,50.57245700153209,489184.13,1366329581.0
2025-07-14,002415.SZ,002415.SZ,50.572452993628424,50.60870564810415,50.246179103346954,50.318684412298396,286366.88,795812813.0
2025-07-15,002415.SZ,002415.SZ,50.31868844788212,50.663088693022516,50.08304617489131,50.626836035639315,462288.37,1284598501.0
2025-07-16,002415.SZ,002415.SZ,50.40930978034282,50.48181508027859,50.17366755555157,50.24617285548734,366517.62,1017030735.0
2025-07-17,002415.SZ,002415.SZ,50.24619738511503,50.7174820647734,50.119313048283935,50.644976729441346,448501.93,1248362421.0
2025-07-18,002415.SZ,002415.SZ,50.7355897418136,51.04373730366099,50.60870545164115,50.77184239614859,429855.75,1205792653.0
2025-07-21,002415.SZ,002415.SZ,50.898716575308875,51.279369370209686,50.77183231034194,51.00747451670911,445394.32,1251130075.0
2025-07-22,002415.SZ,002415.SZ,50.989372610576744,51.66004690371267,50.789982955860665,51.4787835812435,636593.03,1798929052.0
2025-07-23,002415.SZ,002415.SZ,51.49693395874018,52.20386124645256,51.11628080381813,51.24316518879215,657322.97,1873084918.0
2025-07-24,002415.SZ,002415.SZ,51.20690850236108,51.913835734783056,51.152529484482464,51.913835734783056,486126.25,1383918300.0
2025-07-25,002415.SZ,002415.SZ,52.05882959266772,52.24009292690403,51.82318725816052,51.95007159212594,386553.15,1108600549.0
2025-07-28,002415.SZ,002415.SZ,52.11323097664625,52.24011536511113,51.587567081577475,51.82320951729796,464195.83,1328452395.0
2025-07-29,002415.SZ,002415.SZ,51.6600888886435,51.82322601144974,51.18880386720324,51.768846970514325,443797.37,1261139263.0
2025-07-30,002415.SZ,002415.SZ,51.75071960632268,52.0044884590332,51.20692920765729,51.6419615265896,483651.82,1378418518.0
2025-07-31,002415.SZ,002415.SZ,51.5513305089598,51.605709549581064,50.75377124651457,50.93503471525212,542430.77,1530864325.0
2025-08-01,002415.SZ,002415.SZ,51.225053273731156,53.58147822970604,50.935031740688096,52.76579266802243,1305644.07,3793419997.0
2025-08-04,002415.SZ,002415.SZ,52.11326154719568,52.838315620895784,51.42446017718057,51.786987214030624,1141281.87,3266338733.0
2025-08-05,002415.SZ,002415.SZ,51.950107677930816,53.27333093699884,51.950107677930816,53.16457286091106,1076301.33,3133436709.0
2025-08-06,002415.SZ,002415.SZ,53.110179946740715,53.79898091533325,52.94704287523196,53.07392726418321,799404.45,2351431325.0
2025-08-07,002415.SZ,002415.SZ,53.12830045575256,53.98023840233065,52.74764733068576,52.838279027130234,656132.85,1923263400.0
2025-08-08,002415.SZ,002415.SZ,52.92891182741018,52.98329084641095,52.13135288206565,52.14947922173257,512567.2,1479854188.0
2025-08-11,002415.SZ,002415.SZ,52.20387519567792,52.512023070096845,52.00448539458332,52.294506923448196,493794.49,1424360683.0
2025-08-12,002415.SZ,002415.SZ,52.72954868102178,53.72649786543437,52.65704328579178,53.01957026194181,668915.99,1961048829.0
2025-08-13,002415.SZ,002415.SZ,53.110214150080395,53.744636503409,52.98332967941467,53.5089939150298,655169.99,1931536929.0
2025-08-14,002415.SZ,002415.SZ,53.47273373503198,53.7446289913118,52.74767971828579,52.91081687205368,573268.2,1685314835.0
2025-08-15,002415.SZ,002415.SZ,52.874586422893586,53.58151438672383,52.85646006484665,53.58151438672383,566378.91,1663746389.0
2025-08-18,002415.SZ,002415.SZ,53.67216891878725,55.285415468524526,53.65404255305987,54.41534991361004,1093845.47,3296400497.0
2025-08-19,002415.SZ,002415.SZ,54.415337886104695,54.687233311918014,54.01655792824517,54.125316098570494,577844.83,1729825288.0
2025-08-20,002415.SZ,002415.SZ,54.01658068712616,54.7235090920919,53.67217966932233,54.7235090920919,602425.15,1805583308.0
2025-08-21,002415.SZ,002415.SZ,54.88663018376553,55.73856929163772,54.46972381182808,54.97726200375193,700483.26,2130708778.0
2025-08-22,002415.SZ,002415.SZ,54.83226721164423,56.46364045099893,54.669129887708756,56.35488223504195,998029.67,3073840134.0
2025-08-25,002415.SZ,002415.SZ,57.06182079569142,57.18870540355985,55.84735383466494,56.5180296191124,1021058.91,3180160109.0
2025-08-26,002415.SZ,002415.SZ,56.20987097098877,57.04368395540201,55.97422817104589,56.699282940100886,672900.54,2102228950.0000002
2025-08-27,002415.SZ,002415.SZ,57.188683490011684,58.493781813714016,55.86545880070238,55.919837897523315,1177366.0,3726441579.0
2025-08-28,002415.SZ,002415.SZ,55.847336823355974,56.735528807888414,55.10415577507373,56.51801240351312,907167.6,2803129928.0
2025-08-29,002415.SZ,002415.SZ,56.517996483457004,57.243050960473774,56.28235377842656,56.49987012153159,865002.33,2709144478.0
2025-09-01,002415.SZ,002415.SZ,56.55422898212852,56.77174524744441,55.82917476440893,56.463597204913576,699326.77,2171963597.0
2025-09-02,002415.SZ,002415.SZ,56.33673514853245,56.53612513779689,54.85037341037941,55.539175191474726,753069.39,2310385500.0
2025-09-03,002415.SZ,002415.SZ,55.55732637840098,55.97423290587348,53.944079380789994,54.197848571425425,648236.77,1956421186.0
2025-09-04,002415.SZ,002415.SZ,54.360979785694106,54.50599073543921,52.43958470157154,53.11026034414263,749056.48,2197851399.0
2025-09-05,002415.SZ,002415.SZ,53.11028652273147,53.762836118232606,52.54836881549438,53.69033060762137,557236.37,1637903223.0
2025-09-08,002415.SZ,002415.SZ,53.70844175636781,55.611710870245176,53.70844175636781,54.97728783228605,749520.66,2269926293.0
2025-09-09,002415.SZ,002415.SZ,54.9772656446331,54.9772656446331,54.37909559310891,54.705370166667564,454186.83,1369352609.0
2025-09-10,002415.SZ,002415.SZ,54.92290353512479,55.64795836727165,54.288480556996284,54.74163982708807,495451.98,1499729561.0
2025-09-11,002415.SZ,002415.SZ,54.7054040868312,55.99237681385738,54.524140322461314,55.99237681385738,690172.08,2110916725.9999998
2025-09-12,002415.SZ,002415.SZ,56.155526108585484,56.753696657837686,55.72049298185661,55.73861936213698,704977.89,2187807278.0
2025-09-15,002415.SZ,002415.SZ,55.72050897248677,55.992404754720766,54.941074396749315,55.26734933543011,490989.76,1498757341.0
2025-09-16,002415.SZ,002415.SZ,55.12233266255614,56.11928376299698,54.94106882611235,55.956146310197575,521355.58,1599359738.0
2025-09-17,002415.SZ,002415.SZ,55.95616143200491,56.119298928891226,55.06796839340166,55.73864476948983,480061.94,1472246994.0
2025-09-18,002415.SZ,002415.SZ,55.73861953206981,58.1856808773802,55.448597446699694,56.04676799777557,1191372.59,3727138853.0
2025-09-19,002415.SZ,002415.SZ,56.04675222948916,56.30052148279215,55.575466473355036,55.66609834953467,574497.79,1770162061.0
2025-09-22,002415.SZ,002415.SZ,55.55732915472985,55.774845614715744,54.74164242978276,55.12229623475807,560416.71,1704414625.0
2025-09-23,002415.SZ,002415.SZ,55.122300129169226,55.57545945282237,54.16160236302454,54.90478365381571,585407.38,1768501191.0
2025-09-24,002415.SZ,002415.SZ,54.70541209860343,56.264280700485436,54.415390033137015,56.137396046843875,805146.66,2460617369.0
2025-09-25,002415.SZ,002415.SZ,56.191768816676955,57.09808766855884,55.974252292225295,56.626801865580255,764545.46,2388389970.0
2025-09-26,002415.SZ,002415.SZ,56.53616658748428,56.80806222673156,55.394204902645704,55.57546866214389,551668.26,1702939762.0
2025-09-29,002415.SZ,002415.SZ,55.57547738475108,56.735565627616076,54.75979033898663,56.59055459725795,659293.99,2025428182.0
2025-09-30,002415.SZ,002415.SZ,56.59054199365093,57.80500910241923,56.33677274704262,57.134333236383,785013.63,2470207367.0
2025-10-09,002415.SZ,002415.SZ,57.64189278229375,62.84416423780266,57.64189278229375,61.93784516889867,2910955.22,9883137909.0
2025-10-10,002415.SZ,002415.SZ,61.95620529237542,63.240081660186625,61.02080965297011,62.19463947496892,1920924.99,6529742130.0
2025-10-13,002415.SZ,002415.SZ,60.06709760843448,61.571067685958646,59.27843037265962,61.185904617324404,1541999.12,5075046931.0
2025-10-14,002415.SZ,002415.SZ,61.479384529387445,63.79036378079043,60.61735258640378,60.98417468980109,1399432.19,4740161991.0
2025-10-15,002415.SZ,002415.SZ,60.72739785255785,62.01127518559291,59.718637090887455,61.20426657625658,1023011.72,3391789504.0
2025-10-16,002415.SZ,002415.SZ,60.910808225373835,62.76325978537466,60.15882293864082,61.25928921190864,1001571.46,3341044489.0
2025-10-17,002415.SZ,002415.SZ,61.16756148674659,62.54314382902725,59.84700243815717,60.63566964773141,1161803.06,3857658497.0
2025-10-20,002415.SZ,002415.SZ,62.157956878093465,62.35970887740271,58.78319616237519,59.35176997861034,1279131.83,4186908902.0
2025-10-21,002415.SZ,002415.SZ,59.351798470374696,60.14046575536422,59.09502307526182,59.755302662694916,751994.61,2449246070.0
2025-10-22,002415.SZ,002415.SZ,59.26007147772128,61.62607247451052,58.61813322277846,61.387638265531756,1003214.56,3304836689.0
2025-10-23,002415.SZ,002415.SZ,61.204233468786555,61.80948959838499,60.08542668377128,61.31428003780446,704129.97,2343588102.0
2025-10-24,002415.SZ,002415.SZ,61.314271123382255,62.084596994510605,60.85574381913919,61.057495833006136,715805.95,2391640133.0
2025-10-27,002415.SZ,002415.SZ,61.68110381100426,62.87327501163324,61.22257642614696,62.17631338665014,947477.22,3206845211.0
2025-10-28,002415.SZ,002415.SZ,61.53435247156313,61.8828331562009,60.43388715165441,60.48891041764984,747508.81,2489095790.0
2025-10-29,002415.SZ,002415.SZ,60.7090082509746,61.332605314579766,60.54393844002028,61.167535503625466,505884.81,1680721443.0
2025-10-30,002415.SZ,002415.SZ,61.03915099650006,62.2680040964897,60.70901135769687,60.92910445023233,751045.52,2513012909.0
2025-10-31,002415.SZ,002415.SZ,60.70900042379523,61.75444242505092,60.15876779155539,60.287155405744684,733807.25,2432170771.0
2025-11-03,002415.SZ,002415.SZ,60.305507259682,60.80071671710639,58.8015377963931,59.79195671124189,590340.23,1917342461.0
2025-11-04,002415.SZ,002415.SZ,59.700228345088576,59.84695701690447,57.792755611482065,58.30630596283766,628533.68,2009488489.0
2025-11-05,002415.SZ,002415.SZ,57.70107147687344,58.012870019501165,56.96742784716112,57.774435839844664,582251.87,1825640598.0
2025-11-06,002415.SZ,002415.SZ,58.141268624749436,58.59979597983421,57.957857682715535,58.32467956678335,450628.32,1432288356.0
2025-11-07,002415.SZ,002415.SZ,57.866152949551974,58.08624608279908,57.499331060806796,57.53601324968131,396812.47,1249820794.0
2025-11-10,002415.SZ,002415.SZ,57.55434641931278,58.59978865828691,57.55434641931278,58.34301337152134,413663.32,1312089108.0
2025-11-11,002415.SZ,002415.SZ,58.34303086338947,58.65482951937113,57.99455001258646,58.17796098669331,365489.61,1161834960.0
2025-11-12,002415.SZ,002415.SZ,57.86619134664288,58.12296683914779,57.05918265591315,57.64609806735295,373168.78,1174338136.0
2025-11-13,002415.SZ,002415.SZ,57.59105468424662,58.59981519623184,57.517690283374975,58.1229465905661,377034.15,1197168605.0
2025-11-14,002415.SZ,002415.SZ,57.774475300126376,57.921204126285424,57.425994337998624,57.425994337998624,364409.23,1145330572.0
2025-11-17,002415.SZ,002415.SZ,57.2242349127962,57.37096372026491,55.86699344371065,55.86699344371065,631419.9,1941162273.0
2025-11-18,002415.SZ,002415.SZ,55.848647690237186,56.47224507002965,55.72025999439756,56.36219847359569,338439.07,1037641324.0
2025-11-19,002415.SZ,002415.SZ,56.36219061772056,56.67398926415767,55.53684125950467,55.79361661539406,284587.35,869432614.0
2025-11-20,002415.SZ,002415.SZ,56.17877347941178,56.28882004842141,55.408447496344436,55.44512968601431,228812.26,696969113.0
2025-11-21,002415.SZ,002415.SZ,54.94990263805512,55.66520510897773,54.656445214086865,54.6931273920829,410855.67,1231660319.0
2025-11-24,002415.SZ,002415.SZ,54.83983520394772,55.188315762099904,54.47301356378754,54.76647087591569,406304.16,1214858258.0
2025-11-25,002415.SZ,002415.SZ,55.206676062430596,55.79359089100129,54.949900824930914,55.00492409010941,454322.2,1371641367.0
2025-11-26,002415.SZ,002415.SZ,55.05994737370261,55.16999390409642,54.748148870920154,54.839854312914994,299288.75,896599313.0
2025-11-27,002415.SZ,002415.SZ,54.96822085407717,55.05992626090746,54.49135273855965,54.52803490129176,297374.24,888837157.0
2025-11-28,002415.SZ,002415.SZ,54.528010234712355,55.07824242678816,54.36294057708961,55.05990135371896,255311.09,761711725.0
2025-12-01,002415.SZ,002415.SZ,55.04154782520187,56.08698875357124,54.89481927385177,56.08698875357124,423579.06,1285247627.0
2025-12-02,002415.SZ,002415.SZ,55.95860501149203,56.270403203952,55.665147889176765,55.97694608163673,253690.0,773849370.0
2025-12-03,002415.SZ,002415.SZ,55.921910042706145,56.03195643832971,55.44504232833738,55.64679405364724,208615.67,633782017.0
2025-12-04,002415.SZ,002415.SZ,55.573452129135205,56.031978961883844,55.46340568927553,55.66515749568494,184381.96,559477072.0
2025-12-05,002415.SZ,002415.SZ,55.66514064989401,55.72016385317232,54.76642832968155,55.15159075262975,397510.51,1193536336.0
2025-12-08,002415.SZ,002415.SZ,55.29831573293379,56.233710128416256,55.279974666355706,55.81186559712024,424772.81,1293161198.0
2025-12-09,002415.SZ,002415.SZ,55.756865878843776,55.79354802744829,54.91317646094023,55.004881832451474,351849.85,1058664976.0
2025-12-10,002415.SZ,002415.SZ,55.004857391948974,55.22495018578138,54.56467180428416,55.023198458101675,247830.61,740775488.0
2025-12-11,002415.SZ,002415.SZ,55.07822165655978,55.20660911962869,53.83102915817615,53.922734488939646,425618.47,1263635595.0
2025-12-12,002415.SZ,002415.SZ,53.92272757343538,54.45461842364955,53.4275188508222,54.344572040846614,491281.13,1445998277.0
2025-12-15,002415.SZ,002415.SZ,53.95942307002864,54.234539095198734,53.18909819955236,53.225780336241705,434886.94,1271943119.0
2025-12-16,002415.SZ,002415.SZ,53.18912337584911,53.225805529901415,52.47382137182907,52.620549988038306,354465.43,1018006502.0
2025-12-17,002415.SZ,002415.SZ,52.620548268412485,53.53760208975115,52.54718396270538,53.31750917262987,269611.75,779553415.0
2025-12-18,002415.SZ,002415.SZ,53.115756599809146,53.555942427984355,53.00571014276534,53.225803056852946,217351.1,632012644.0
2025-12-19,002415.SZ,002415.SZ,53.354189054698324,53.83105702149866,53.354189054698324,53.53759981115999,251167.93,734364021.0
2025-12-22,002415.SZ,002415.SZ,53.64766411691243,53.88609817965426,53.33586572717311,53.46425329941871,339661.0,992189726.0
2025-12-23,002415.SZ,002415.SZ,53.48259722598692,53.79439563231126,53.09743448876274,53.445915060537004,302354.74,880879443.0
2025-12-24,002415.SZ,002415.SZ,53.37253762761313,54.014475365402284,53.225809001832744,53.79438242673171,314941.45,922046481.0
2025-12-25,002415.SZ,002415.SZ,53.81270033079455,54.41795565148856,53.739336049498306,54.34459137019231,361135.03,1066941016.0000001
2025-12-26,002415.SZ,002415.SZ,54.32622763660354,55.07821120618516,54.216181260567204,54.69304889005799,401721.4,1197977496.0
2025-12-29,002415.SZ,002415.SZ,54.69302679110986,54.821414177943446,54.16113618851355,54.28952357534714,305910.67,908336075.0
2025-12-30,002415.SZ,002415.SZ,54.12445697913294,54.913122397669945,54.0327516979077,54.748052891464525,270171.27,804085746.0
2025-12-31,002415.SZ,002415.SZ,54.74805335014459,54.87644074493555,54.344550109373,54.72971229374588,330213.76,983772805.0
