Date,Symbol,Name,Open,High,Low,Close,Volume,Amount
2017-01-03,002460.SZ,002460.SZ,26.46,26.95,26.46,26.54,63882.27,170192105.0
2017-01-04,002460.SZ,002460.SZ,26.63038433109303,28.830416082065792,26.530382887866995,28.270407999999996,282635.29,789518484.0
2017-01-05,002460.SZ,002460.SZ,28.05166634577336,28.45169010827993,27.911658028896056,28.151672286399997,148448.2,418047061.0
2017-01-06,002460.SZ,002460.SZ,27.941608804038026,28.15162089597961,27.311572528213258,27.391577134667198,131279.33,363401980.0
2017-01-09,002460.SZ,002460.SZ,27.310271977140484,28.420283031502475,27.210270981252016,27.7202760602832,184186.56,513837134.0
2017-01-10,002460.SZ,002460.SZ,27.58012088020849,27.74012158147148,27.180119127051007,27.260119477682505,106325.45,290990699.0
2017-01-11,002460.SZ,002460.SZ,27.289149515136494,27.59913985407722,27.03915730631333,27.399146087018686,85969.69,235116105.0
2017-01-12,002460.SZ,002460.SZ,27.39025623383097,27.870260724237646,27.230254737028744,27.640258572584447,126753.39,350218665.0
2017-01-13,002460.SZ,002460.SZ,27.74955535307065,27.74955535307065,27.029566889855847,27.109565607990824,85882.26,234865080.0
2017-01-16,002460.SZ,002460.SZ,26.910616581634514,27.080620476799055,24.400559070675666,25.580586107700142,135570.41,351740643.0
2017-01-17,002460.SZ,002460.SZ,25.580804152215585,25.92081484071259,25.100789062572762,25.810811382669442,80367.56,205716908.0
2017-01-18,002460.SZ,002460.SZ,26.020479066269022,26.4704873514274,25.67047262225695,25.7204735428301,78755.52,204831505.0
2017-01-19,002460.SZ,002460.SZ,25.600431238746104,26.00043797685151,25.25042534290387,25.54043022803029,67935.61,174512448.0
2017-01-20,002460.SZ,002460.SZ,25.51947620697512,26.05946512358039,25.51947620697512,25.849469433789455,85046.32,219790858.0
2017-01-23,002460.SZ,002460.SZ,25.928581784894018,26.258563735878013,25.84858616041305,25.898583425713653,68390.23,178078911.0
2017-01-24,002460.SZ,002460.SZ,25.847440213069778,26.09741545690991,25.787446154548142,25.937431300852225,51508.9,133629970.99999999
2017-01-25,002460.SZ,002460.SZ,25.848492923371914,26.05848068019621,25.728499919472316,25.828494089388645,58604.7,151607918.0
2017-01-26,002460.SZ,002460.SZ,25.95778686347654,26.1177732231898,25.83779709369159,26.1177732231898,61699.34,160667503.0
2017-02-03,002460.SZ,002460.SZ,26.19791211484102,26.357899364397305,25.797943990950323,25.88793681882573,43299.71,112368948.0
2017-02-06,002460.SZ,002460.SZ,25.797656358701225,26.157623656729616,25.697665442582228,26.097629107058218,64333.81,167193339.0
2017-02-07,002460.SZ,002460.SZ,25.997011741826185,26.13699565120525,25.52706576033933,25.727042773737992,92224.29,238031732.0
2017-02-08,002460.SZ,002460.SZ,25.888110608757284,26.18808871546363,25.788117906521837,26.118093823898814,105395.4,274598156.0
2017-02-09,002460.SZ,002460.SZ,26.128108681351645,27.687995766805475,25.978119538519547,26.8180587383793,187382.72,502802477.0
2017-02-10,002460.SZ,002460.SZ,26.819285564499197,27.07927863857711,26.39929675252717,26.79928609726243,120487.87,321613696.0
2017-02-13,002460.SZ,002460.SZ,26.719050899330373,27.189034204820093,26.649053385746797,27.01904024325998,101640.62,274275884.0
2017-02-14,002460.SZ,002460.SZ,27.01956944101789,27.149567369490587,26.809572787331224,27.059568803624874,77958.65,210199024.0
2017-02-15,002460.SZ,002460.SZ,27.060383257666953,27.060383257666953,26.33037291849116,26.38037362665389,104925.05,279670394.0
2017-02-16,002460.SZ,002460.SZ,26.3214022310778,26.88143206578158,26.281400100027533,26.59141661566712,97303.63,258896450.0
2017-02-17,002460.SZ,002460.SZ,26.592702969090407,26.592702969090407,26.112654175364817,26.152658241508615,89789.37,236207389.0
2017-02-20,002460.SZ,002460.SZ,26.16309149339501,26.453125764537386,25.983070221651467,26.333111583375022,70328.17,184335669.0
2017-02-21,002460.SZ,002460.SZ,26.4834219247612,26.943481369073517,26.38340900208461,26.883473615467558,148616.25,397836910.0
2017-02-22,002460.SZ,002460.SZ,26.904071877844448,28.384295906811353,26.744047658496672,27.46415664556166,288041.83,793511520.0
2017-02-23,002460.SZ,002460.SZ,27.30476186727293,29.285107233470747,27.204744424535665,28.89503920679542,467719.88,1330971654.0
2017-02-24,002460.SZ,002460.SZ,28.643652365696298,29.103711027994493,28.403621759279847,28.643652365696298,269919.16,773904178.0
2017-02-27,002460.SZ,002460.SZ,28.885008449274668,29.505115971385134,28.504942548626317,28.59495815667461,223726.77,648490675.0
2017-02-28,002460.SZ,002460.SZ,28.5936051269472,29.223684568359467,28.443586212325233,28.703618997669977,218918.71,630585234.0
2017-03-01,002460.SZ,002460.SZ,28.582973345298893,28.782994152473833,27.972909883415326,28.562971264581396,227086.74,643153139.0
2017-03-02,002460.SZ,002460.SZ,28.65419579036205,29.48431734380011,28.344150390885183,29.0542543703322,311530.59,903930772.0
2017-03-03,002460.SZ,002460.SZ,28.884561424215093,31.965047891894542,28.864558265334058,31.76501630308419,779936.87,2419262041.0
2017-03-06,002460.SZ,002460.SZ,32.07398763725414,33.924217669337715,32.07398763725414,32.86408586717091,819622.4,2707485402.0
2017-03-07,002460.SZ,002460.SZ,33.30316234370085,34.94331808675398,32.663101565924016,33.16314904856216,614921.1,2071957362.0
2017-03-08,002460.SZ,002460.SZ,33.10453104681884,34.50472269230362,32.69447492206972,34.16467614982874,604981.22,2049240316.0
2017-03-09,002460.SZ,002460.SZ,33.78486933477663,34.805016366199716,33.38481167539502,34.17492555267369,460257.9,1569832913.0
2017-03-10,002460.SZ,002460.SZ,34.35593503362591,37.596494844657876,34.35593503362591,37.48647583872777,942892.5,3435033921.0
2017-03-13,002460.SZ,002460.SZ,37.54761359611292,38.20774745262423,36.567414839474914,37.707646046176265,705728.44,2635050120.0
2017-03-14,002460.SZ,002460.SZ,37.41855580558273,37.788640425953375,36.10825620372993,36.70839342595259,678603.74,2491817230.0
2017-03-15,002460.SZ,002460.SZ,36.60975999844847,37.97012266505748,36.32968533179367,37.15990666509181,581675.65,2163890357.0
2017-03-16,002460.SZ,002460.SZ,37.39057865117255,37.670657892005295,36.35028432807946,37.36057016108332,483364.38,1791453123.0
2017-03-17,002460.SZ,002460.SZ,37.2103898938679,37.740537921925686,36.41016645529009,36.460180420201205,412227.88,1527253656.0
2017-03-20,002460.SZ,002460.SZ,36.669252783449906,37.369429459620534,36.09910891856812,37.189384028605225,383630.74,1412773494.0
2017-03-21,002460.SZ,002460.SZ,37.04894146772128,37.088951123733935,35.86865661534787,36.218741105458626,345067.9,1253744161.0
2017-03-22,002460.SZ,002460.SZ,35.980397196629454,36.570567737246954,35.790342276769586,36.240472350121905,257165.34,930786280.0
2017-03-23,002460.SZ,002460.SZ,36.10985129067034,37.250162384059934,35.78976396621011,36.39993042846243,484069.09,1773511740.0
2017-03-24,002460.SZ,002460.SZ,36.34105217895238,36.511103895727,35.14068711936684,35.42077229993679,353299.18,1256685436.0
2017-03-27,002460.SZ,002460.SZ,35.42194275989928,36.212209203850726,35.0118044788612,35.78206417739615,306850.67,1093379289.0
2017-03-28,002460.SZ,002460.SZ,35.64073253718974,38.821690422911416,35.32063614617372,38.11147655534463,722847.66,2729494426.0
2017-03-29,002460.SZ,002460.SZ,37.98251597686669,40.603379602344454,37.79245334753815,39.45300053009276,702519.4,2755430524.0
2017-03-30,002460.SZ,002460.SZ,39.45441852789071,39.98461228599877,38.444049290741376,39.63448433253118,453160.06,1773544181.0
2017-03-31,002460.SZ,002460.SZ,39.636003350754805,43.0173686037975,38.8156721355196,41.346694055696524,611836.84,2508753041.0
2017-04-05,002460.SZ,002460.SZ,41.048148774599724,45.01990482225171,41.048148774599724,44.819816356375036,575684.86,2522577945.0
2017-04-06,002460.SZ,002460.SZ,44.861143825727005,44.971195695058626,43.02027619327076,43.86067228634861,482489.07,2107133927.0000002
2017-04-07,002460.SZ,002460.SZ,44.22103939993143,44.81132024260019,42.850387273734455,43.04047771459389,362234.66,1580879557.0
2017-04-10,002460.SZ,002460.SZ,43.00257555827296,44.02311132070755,41.77192949180773,42.84249151710676,365735.9,1577810284.0
2017-04-11,002460.SZ,002460.SZ,43.0246917067376,44.195363550851155,39.07242351507216,42.11416916131594,476840.21,2015592096.0
2017-04-12,002460.SZ,002460.SZ,41.13247983087219,43.683874225635606,40.63220642013427,42.41317976236128,322090.81,1367233198.0
2017-04-13,002460.SZ,002460.SZ,42.07404966366476,44.90566822604696,41.83391240042388,44.77559387512481,393003.58,1714885393.0
2017-04-14,002460.SZ,002460.SZ,44.53350786086531,45.20386171992575,42.22228783932861,42.87263113543201,305345.88,1332433612.0
2017-04-17,002460.SZ,002460.SZ,42.02217730978372,44.1232861752729,41.702008339804415,42.90264197722681,265769.31,1141980732.0
2017-04-18,002460.SZ,002460.SZ,42.723207376783414,43.20346825596037,41.2924301742354,41.422500829012485,212239.3,891048805.0
2017-04-19,002460.SZ,002460.SZ,40.90322667648797,41.78372666365306,39.332334653932044,41.39350507843217,256088.36,1036464258.0
2017-04-20,002460.SZ,002460.SZ,41.40136776432145,41.57145554875679,39.610443445855154,39.82055188545175,215274.54,869591042.0
2017-04-21,002460.SZ,002460.SZ,39.81906233862311,41.51987655911707,39.618966547976775,40.11920602459264,225247.66,917486611.0
2017-04-24,002460.SZ,002460.SZ,39.21879622347268,39.418892122572025,36.78763104941557,36.91769338383015,275491.42,1052147571.0
2017-04-25,002460.SZ,002460.SZ,37.0892287388406,38.349882318849744,37.03920280312595,37.51945178598658,213368.81,802554899.0
2017-04-26,002460.SZ,002460.SZ,37.699545154559324,41.27139696458525,37.699545154559324,41.27139696458524,389755.89,1561201402.0
2017-04-27,002460.SZ,002460.SZ,41.62047935318335,43.19125225184916,40.63999690688239,42.620971645327174,428450.25,1797970415.0
2017-04-28,002460.SZ,002460.SZ,42.52215286026241,43.052429119460975,41.8317932020605,42.181975637380305,244511.14,1035999397.0
2017-05-02,002460.SZ,002460.SZ,42.14170954233678,44.78307025439207,42.02164769178881,44.012673380042614,316166.32,1383699863.0
2017-05-03,002460.SZ,002460.SZ,44.35444552718732,45.4750631448379,43.07373967844381,44.074291122774675,330044.66,1461639046.0
2017-05-04,002460.SZ,002460.SZ,43.62247761528757,43.802570412781876,42.17173007991676,42.38183834366013,293275.01,1257570311.0
2017-05-05,002460.SZ,002460.SZ,42.42271958102895,43.35321791146189,41.53224268416301,41.822398077523815,246554.63,1046594174.0
2017-05-08,002460.SZ,002460.SZ,41.86237993423475,43.42321436772916,41.622251559850994,42.3326313340696,286224.66,1217321569.0
2017-05-09,002460.SZ,002460.SZ,41.62071914916411,42.2910528469992,39.899862492035204,42.120968177399256,275539.38,1133816267.0
2017-05-10,002460.SZ,002460.SZ,42.52203212872436,42.97226541008733,39.740590968304275,39.85064799263744,318225.55,1304829956.0
2017-05-11,002460.SZ,002460.SZ,39.72249518938053,41.753645447175046,39.322268537598354,41.72362844829139,264244.38,1071218514.9999999
2017-05-12,002460.SZ,002460.SZ,41.68320108791139,42.223501822128206,40.52255506626048,41.22294490691189,203498.71,840342083.0
2017-05-15,002460.SZ,002460.SZ,40.97204432523947,41.64240500162312,39.651333738931385,40.92201740909144,238652.31,969536257.0
2017-05-16,002460.SZ,002460.SZ,41.032076624617105,45.01421915000058,40.4217482476111,45.014219150000585,574347.72,2481970343.0
2017-05-17,002460.SZ,002460.SZ,45.57452061085855,45.924709023894785,44.46392307237221,45.014219150000585,477859.71,2158379097.0
2017-05-18,002460.SZ,002460.SZ,44.57616213191306,45.37663193450634,43.57557487867147,44.275985955940584,376969.65,1670699722.0
2017-05-19,002460.SZ,002460.SZ,44.91614801238075,45.69660235521116,40.92382387405598,42.044476263761176,635210.05,2736996510.0
2017-05-22,002460.SZ,002460.SZ,40.684796842729504,42.47588848927368,39.93433944892608,41.485284729453156,326565.9,1345848219.0
2017-05-23,002460.SZ,002460.SZ,41.32684846616479,43.46823964576752,41.12671844937949,41.81716700728878,345707.62,1467353951.0
2017-05-24,002460.SZ,002460.SZ,41.02762231146713,43.30915838147066,40.127015968044674,43.008956266996506,316033.81,1345310706.0
2017-05-25,002460.SZ,002460.SZ,43.018790607555786,43.429065186506655,41.52779274746604,42.94874372822271,300921.3,1278506499.0
2017-05-26,002460.SZ,002460.SZ,42.99815398412501,44.21895332926423,41.92745291912585,42.527846039686125,275355.83,1184265951.0
2017-05-31,002460.SZ,002460.SZ,43.2301227416998,43.4702900902648,41.18870027889731,41.639014057456684,245342.19,1028606493.0
2017-06-01,002460.SZ,002460.SZ,41.46049115853134,42.13098425716074,38.62840836879821,39.29890146742761,362315.5,1448704104.0
2017-06-02,002460.SZ,002460.SZ,39.17840644733187,39.95897239953925,37.827426914665246,39.42858784227013,221075.68,858297795.0
2017-06-05,002460.SZ,002460.SZ,39.56904760116229,40.47971612207928,38.97861416452381,39.79921656798747,227938.53,909787440.0
2017-06-06,002460.SZ,002460.SZ,39.38705413179328,39.38705413179328,36.46504706713788,37.33564506242905,466042.07,1755842306.0
2017-06-07,002460.SZ,002460.SZ,37.53671138417868,38.8076157685537,37.53671138417868,38.37730955967082,327176.98,1251340435.0
2017-06-08,002460.SZ,002460.SZ,38.52708312899549,39.89804686631299,38.42701278320589,38.757244924311564,305600.31,1198148858.0
2017-06-09,002460.SZ,002460.SZ,39.12759629003062,39.82809034125878,38.447116354551824,39.54789272076752,209132.8,817537273.0
2017-06-12,002460.SZ,002460.SZ,39.02809118125524,39.508436918870686,38.52773103790581,38.67783908091064,150760.32,586191405.0
2017-06-13,002460.SZ,002460.SZ,38.40705920477496,42.52996394483939,38.33700985239523,42.01960437750132,533803.64,2182945034.0
2017-06-14,002460.SZ,002460.SZ,42.07843182362982,43.679513652828575,41.38796528478785,42.07843182362982,492243.76,2092694356.0
2017-06-15,002460.SZ,002460.SZ,42.116517971956924,42.88700309522627,41.64622185775355,42.776933791902074,306503.43,1296929912.0
2017-06-16,002460.SZ,002460.SZ,43.02908837958235,44.41002191362476,42.528750142610455,43.119149262237286,389997.22,1691377155.0
2017-06-19,002460.SZ,002460.SZ,43.00939676223104,43.47971822519634,42.2288632705014,42.6491505352789,229455.92,980820962.0
2017-06-20,002460.SZ,002460.SZ,43.28024786999537,45.92209421396734,43.28024786999537,44.581157054527026,498526.49,2224870715.0
2017-06-21,002460.SZ,002460.SZ,44.14289084481323,44.68329349854706,43.47239125592126,44.032808822756344,266165.21,1169935944.0
2017-06-22,002460.SZ,002460.SZ,43.91476560320495,45.6961758760788,42.67378316592203,42.95400500659882,404007.7,1794025906.0
2017-06-23,002460.SZ,002460.SZ,42.7235136977279,43.8343851009717,41.67268939736214,43.71429089521562,346049.39,1476907824.0
2017-06-26,002460.SZ,002460.SZ,44.08438597423729,47.33692296439101,43.5239488313185,46.96663413781966,618607.77,2809634310.0
2017-06-27,002460.SZ,002460.SZ,46.63570784496399,46.73578447124074,45.54487261854745,46.13532471358025,377733.18,1740077110.0
2017-06-28,002460.SZ,002460.SZ,46.10615113785413,46.71662980497136,45.485664623734976,46.71662980497136,314200.07,1449731336.0
2017-06-29,002460.SZ,002460.SZ,46.63441581387798,47.53508049697862,46.04398007717866,46.25413516990214,329364.76,1536386777.0
2017-06-30,002460.SZ,002460.SZ,45.53137055396077,46.95234959102944,44.98099134946234,46.28188765100408,315116.97,1440230144.0
2017-07-03,002460.SZ,002460.SZ,46.310544761567606,46.93095396105274,45.32989796238142,46.73082196121882,255191.32,1178741569.0
2017-07-04,002460.SZ,002460.SZ,46.32877872337368,48.36004051189309,46.11864819352685,46.11864819352685,382925.25,1811867294.0
2017-07-05,002460.SZ,002460.SZ,45.70716757619901,49.49942162860256,45.53706647094608,48.728963681280476,485626.22,2323457159.0
2017-07-06,002460.SZ,002460.SZ,48.5292206197985,51.020720812443834,48.33910614726734,49.08955801252195,539340.01,2672524693.0
2017-07-07,002460.SZ,002460.SZ,49.61180906466274,51.30631103150348,48.73949148409975,50.93532539379278,398131.16,1991633764.0
2017-07-10,002460.SZ,002460.SZ,50.63476840198126,51.36671653927723,49.50175279219435,50.31391442398851,323053.68,1626373436.0
2017-07-11,002460.SZ,002460.SZ,49.90261340300474,50.73482495865059,48.66933603740908,48.859842297135245,253334.63,1256684267.0
2017-07-12,002460.SZ,002460.SZ,49.17870735616608,51.825634724571344,49.17870735616608,51.82563472457135,389692.92,1966983820.0
2017-07-13,002460.SZ,002460.SZ,51.824224427459185,52.455860360701585,50.66121223291764,51.322926067743005,293623.4,1505492244.0
2017-07-14,002460.SZ,002460.SZ,51.28234514945689,53.10705420462818,50.41009411758929,51.73350947628495,304826.34,1585886531.0
2017-07-17,002460.SZ,002460.SZ,52.336226698544934,54.441707082969145,49.69936316948031,52.25601792199543,449299.52,2366927768.0
2017-07-18,002460.SZ,002460.SZ,51.53453183344872,53.12869342129276,51.113432546093684,53.12869342129275,264594.22,1376844211.0
2017-07-19,002460.SZ,002460.SZ,52.92572666608537,55.62264283831059,52.38433828950484,54.86068882682689,323752.84,1740411025.0
2017-07-20,002460.SZ,002460.SZ,54.24103254079939,60.15641316909359,54.24103254079939,58.37177291174381,402073.85,2302902733.0
2017-07-21,002460.SZ,002460.SZ,57.84905689255942,64.05504757132792,57.76885022789035,63.864556742738905,467482.28,2857611166.0
2017-07-24,002460.SZ,002460.SZ,63.87767193471836,64.05814565859608,59.7668815575037,61.36106611842353,517071.79,3191398098.0
2017-07-25,002460.SZ,002460.SZ,60.6364709306801,62.350894959970155,59.65393552208111,62.140351658127514,407385.47,2474770998.0
2017-07-26,002460.SZ,002460.SZ,62.68032725970697,62.78058370126119,59.75283916632334,62.15899376362495,360437.94,2219574300.0
2017-07-27,002460.SZ,002460.SZ,61.123508384596676,61.40421335995647,57.99565294487318,60.331519346974375,378854.22,2273237835.0
2017-07-28,002460.SZ,002460.SZ,59.74997876598346,66.16608386837093,59.74997876598346,65.66482565724691,468712.81,2973326370.0
2017-07-31,002460.SZ,002460.SZ,65.57586943671639,68.37294443638676,64.16229389924857,67.28018036841517,400536.8,2651780031.0
2017-08-01,002460.SZ,002460.SZ,66.75670602686485,70.4258687248424,66.19530408400489,67.95971019013618,331596.31,2256045736.0
2017-08-02,002460.SZ,002460.SZ,69.27238223630872,70.81622404012805,67.96913915516254,68.93153404585512,405675.56,2805392762.0
2017-08-03,002460.SZ,002460.SZ,67.95209989203974,69.83687339155338,67.67138894530368,68.15260771113695,210331.74,1436588785.0
2017-08-04,002460.SZ,002460.SZ,67.8728645317674,68.4443199643096,63.04055718991926,63.70224242759971,402571.7,2645756947.0
2017-08-07,002460.SZ,002460.SZ,63.31358155794299,65.27865867359728,62.95264902649628,64.53674180340127,252755.75,1616756978.0
2017-08-08,002460.SZ,002460.SZ,64.16348749076877,66.13851984009399,62.54937475857912,62.820064471430804,246099.69,1580923780.0
2017-08-09,002460.SZ,002460.SZ,62.46810378119483,64.81404123662728,61.91670822543079,64.35287404453372,220444.95,1402294523.0
2017-08-10,002460.SZ,002460.SZ,64.56319758025204,65.67601045779986,63.27995390163832,64.0118038120977,228481.2,1469593013.0
2017-08-11,002460.SZ,002460.SZ,64.06245663076639,64.9547193287536,59.170049927196125,62.25788038764622,336233.65,2092457524.0
2017-08-14,002460.SZ,002460.SZ,62.45838885910402,68.48366842641084,62.45838885910402,68.48366842641084,432133.14,2859899743.0
2017-08-15,002460.SZ,002460.SZ,68.46583961812651,70.63140139254666,67.99462941721099,69.68898099071568,355774.43,2457772286.0
2017-08-16,002460.SZ,002460.SZ,69.17461964666751,70.10697321581826,67.16955820763367,68.55305060056702,265310.51,1810684264.0
2017-08-17,002460.SZ,002460.SZ,69.20581638232971,70.32866897320629,66.56911788768207,68.46393163478628,275776.96,1881316732.0
2017-08-18,002460.SZ,002460.SZ,67.04795426819125,67.90008885443473,65.32363487014567,66.11561877971312,214768.58,1425371751.0
2017-08-21,002460.SZ,002460.SZ,66.17316720620673,67.43628174460727,65.56165937412392,66.66437841558472,173156.06,1151400533.0
2017-08-22,002460.SZ,002460.SZ,66.66437841558474,71.93738037747912,65.94259867935585,70.66424112051982,418627.24,2917871697.0
2017-08-24,002460.SZ,002460.SZ,72.37593980406362,73.4585715906064,68.66692349831521,70.3109199149172,346377.72,2446172681.0
2017-08-25,002460.SZ,002460.SZ,70.18018833100187,74.3603252448753,69.51858392736723,73.60850205892683,313492.14,2263479302.0
2017-08-28,002460.SZ,002460.SZ,73.77541404313799,76.94294540694663,73.77541404313799,74.47708238322217,352290.59,2646057510.0
2017-08-29,002460.SZ,002460.SZ,73.678369310421,74.93140280209484,72.27497179974633,73.07691323441757,267472.09,1960052034.0
2017-08-30,002460.SZ,002460.SZ,73.12551622929226,75.15037630856806,71.68205161832336,74.34845152469646,233106.38,1709401967.0
2017-08-31,002460.SZ,002460.SZ,74.98055456141829,78.3887615869373,74.34903384786624,76.53429599952254,321426.38,2460517014.0
2017-09-01,002460.SZ,002460.SZ,76.38206718533496,81.04317758444003,76.15151763871255,80.39162451789848,324792.87,2565763070.0
2017-09-04,002460.SZ,002460.SZ,80.48571602282618,82.98178568152386,78.69135269388286,80.33535038073595,272610.17,2188741321.0
2017-09-05,002460.SZ,002460.SZ,80.22872263264128,88.36888541880955,79.02574291054745,88.36888541880955,395816.82,3326859712.0
2017-09-06,002460.SZ,002460.SZ,88.12177476872185,95.74094983404933,86.66811636810016,90.72833465949176,546742.21,4951638439.0
2017-09-07,002460.SZ,002460.SZ,89.93986561322286,92.24575894630071,88.73679083074748,89.54886630891836,311520.42,2800265751.0
2017-09-08,002460.SZ,002460.SZ,90.54384312737842,95.2159094431085,90.33329936636912,93.30096380726205,391102.67,3635020116.0
2017-09-11,002460.SZ,002460.SZ,96.56157684768502,100.2612157072838,94.77692720809537,100.2612157072838,402501.5,3924709691.0
2017-09-12,002460.SZ,002460.SZ,101.1435144055079,103.76033213546802,90.23509413655543,92.54110209782296,676223.83,6560321114.0
2017-09-13,002460.SZ,002460.SZ,92.22932219878085,96.03920832070028,89.14130923680406,95.31733516075764,467312.47,4312492831.0
2017-09-14,002460.SZ,002460.SZ,94.24007442785684,94.24007442785684,89.52807070646399,90.1797307955928,413132.94,3784644935.0
2017-09-15,002460.SZ,002460.SZ,89.12914446773482,91.96643894291692,87.95612873064539,89.9813353878425,315774.03,2821367888.0
2017-09-18,002460.SZ,002460.SZ,90.73094620101122,92.01421262241779,88.40502581221183,90.08931299030793,277415.29,2493440861.0
2017-09-19,002460.SZ,002460.SZ,89.7182291508856,90.97141706505039,85.99876742164452,87.60284795177544,366543.94,3217107643.0
2017-09-20,002460.SZ,002460.SZ,87.74428082255073,89.027560980833,86.62141068405374,88.63656155760638,316444.45,2775823278.0
2017-09-21,002460.SZ,002460.SZ,88.92814995403124,89.30912737209812,85.71991906504702,87.86542347205521,336913.14,2935758727.0
2017-09-22,002460.SZ,002460.SZ,86.86833276070499,87.50994537428664,82.70787596951138,83.56001772192451,315682.29,2694482804.0
2017-09-25,002460.SZ,002460.SZ,83.51022557967704,86.70827623512926,83.17939275325095,85.26464208345178,317241.73,2687276222.0
2017-09-26,002460.SZ,002460.SZ,84.32985103955977,87.50775912081755,84.32985103955977,86.13434143270298,279741.64,2408810315.0
2017-09-27,002460.SZ,002460.SZ,86.81227265001382,93.60889168658534,86.2108019388128,92.82697976202401,498547.64,4521944705.0
2017-09-28,002460.SZ,002460.SZ,91.72604873687484,93.19968033953283,90.92407235447594,91.67592521297492,274988.95,2524067913.0
2017-09-29,002460.SZ,002460.SZ,92.42584058196793,93.98966174582769,85.20820444107672,87.51383820830586,433038.7,3830381516.0
2017-10-09,002460.SZ,002460.SZ,88.54795640425061,89.00909146533921,85.71097331103167,87.91640186406406,254270.32,2205046814.0
2017-10-10,002460.SZ,002460.SZ,87.86708201558368,87.86708201558368,83.7068037455931,84.4085374296879,270202.89,2299033256.0
2017-10-11,002460.SZ,002460.SZ,84.25684361917207,88.59749957242626,80.19687673448858,86.87326672263477,430447.46,3625003586.0
2017-10-12,002460.SZ,002460.SZ,85.7071826055524,87.51154434461667,83.71236046069804,85.13580138818206,232696.85,1983437433.0
2017-10-13,002460.SZ,002460.SZ,85.58523854045688,88.84305097025877,85.58523854045688,87.17906062149844,277627.93,2423138835.0
2017-10-16,002460.SZ,002460.SZ,86.20504936016329,91.01649397561427,86.01459634413503,89.93391893713779,317784.29,2824462421.0
2017-10-17,002460.SZ,002460.SZ,89.452762114546,90.81600456721053,86.98689708987341,87.04704013925566,251488.13,2230070716.0
2017-10-18,002460.SZ,002460.SZ,87.02649434244869,88.00882519312366,84.07950179042382,85.46278400872121,207105.29,1765992212.0
2017-10-19,002460.SZ,002460.SZ,86.20062187066148,89.2978302611306,85.42882560507533,87.28314130810699,242327.78,2117055810.0
2017-10-20,002460.SZ,002460.SZ,86.8021392429188,92.90635434672221,86.41122891607424,91.67348331590478,408336.86,3702571752.0
2017-10-23,002460.SZ,002460.SZ,90.92261684356737,91.31353097176702,89.50931191853782,90.91259340438278,213324.03,1925518038.0
2017-10-24,002460.SZ,002460.SZ,91.18187950750489,92.89586229257507,89.95903798833201,92.29446482412939,248778.37,2274165954.0
2017-10-25,002460.SZ,002460.SZ,89.0164111321516,90.07887477138233,87.06187896564225,88.10429612111392,352036.07,3099623172.0
2017-10-26,002460.SZ,002460.SZ,87.38879127548178,88.51134485076037,84.10131294788022,87.25849487835123,359857.2,3092179504.0
2017-10-27,002460.SZ,002460.SZ,87.43466692912774,88.46696526632401,85.17964628962136,85.60058347566256,261527.37,2266274726.0
2017-10-30,002460.SZ,002460.SZ,84.08500806160839,86.06937416365825,82.20086246976304,84.61617676569244,237750.33,1996401030.0
2017-10-31,002460.SZ,002460.SZ,84.17809947304488,88.44763993923337,83.9876739592947,87.80620662975905,310692.65,2692087358.0
2017-11-01,002460.SZ,002460.SZ,87.81961392339451,88.99227939121432,86.58681176491727,87.49888490655489,245097.0,2143022813.0
2017-11-02,002460.SZ,002460.SZ,86.99376388152076,88.87796061075187,85.39019219706877,86.49264773012952,261953.36,2281114456.0
2017-11-03,002460.SZ,002460.SZ,85.59183737854323,88.73889088403065,85.1708939160258,87.30567861879274,281939.38,2458074530.0
2017-11-06,002460.SZ,002460.SZ,87.79053679609608,88.57232260156422,85.69575175323912,86.19689650033408,204404.47,1768459228.0
2017-11-07,002460.SZ,002460.SZ,86.1960883728619,86.64711441667339,83.77057053725345,85.52456070763147,215252.96,1836247550.0
2017-11-08,002460.SZ,002460.SZ,85.41318620426351,88.68057633599197,84.17037523391282,87.68833209353456,337433.98,2930462998.0
2017-11-09,002460.SZ,002460.SZ,88.58798171461366,88.89867607292943,85.68148610456298,86.09240444943222,238194.18,2065514807.0
2017-11-10,002460.SZ,002460.SZ,85.18882838019304,86.72222729103653,84.7378287005332,85.369228252057,192073.05,1640533677.0
2017-11-13,002460.SZ,002460.SZ,85.38869842692151,86.4510460834067,82.08138968503371,82.26178834368213,374161.93,3118298797.0
2017-11-14,002460.SZ,002460.SZ,81.78133598515676,83.15438047412324,77.05084694287808,77.30140250655809,426215.9,3398544432.0
2017-11-15,002460.SZ,002460.SZ,75.96873362094203,76.4999134206663,70.53666849923351,72.23043050212787,454289.08,3332454363.0
2017-11-16,002460.SZ,002460.SZ,72.23254962591594,73.05439908745682,70.39842216906251,71.50090315405637,250890.45,1797775666.0
2017-11-17,002460.SZ,002460.SZ,71.93205256232638,72.94433308466093,69.03552710732954,69.05557226618765,282672.13,2008842957.0
2017-11-20,002460.SZ,002460.SZ,68.67721698442145,73.72878110586753,67.86535846490334,73.1574732587992,319661.93,2281291378.0
2017-11-21,002460.SZ,002460.SZ,72.66955598140416,73.97259629555347,70.96558018597813,73.04042130158511,241694.75,1747589625.0
2017-11-22,002460.SZ,002460.SZ,73.16933379779395,74.07142147475305,72.06678219262172,73.25954256548987,211735.77,1547677490.0
2017-11-23,002460.SZ,002460.SZ,72.86591445137616,76.31376514893783,72.76568623342378,73.07639370907614,288177.29,2144778892.0
2017-11-24,002460.SZ,002460.SZ,72.32549628115265,75.93375274750728,72.16512932709246,75.23214732349389,238312.38,1777705493.0
2017-11-27,002460.SZ,002460.SZ,75.36978708772736,76.73285770527137,67.95307931579674,69.02549516930564,303435.84,2201644103.0
2017-11-28,002460.SZ,002460.SZ,69.15796442649565,71.67371066867688,68.05544615302978,71.39306965361283,211878.97,1479814769.0
2017-11-29,002460.SZ,002460.SZ,70.86142462782789,72.62544311927027,69.63863908262351,72.0641645083568,189606.13,1351271932.0
2017-11-30,002460.SZ,002460.SZ,71.85633793779868,75.0437162979912,71.37522422305265,73.57030554658145,209128.39,1538836402.0
2017-12-01,002460.SZ,002460.SZ,73.03803512062456,73.86994906532222,71.78515267379073,73.15831183552059,138119.26,1006320744.0
2017-12-04,002460.SZ,002460.SZ,72.96732413351035,74.31040400080298,70.97275030073993,71.99509467733581,180589.18,1304664619.0
2017-12-05,002460.SZ,002460.SZ,72.42837080137234,72.43839410206446,67.78758258091352,68.5393301328237,221609.99,1530941485.0
2017-12-06,002460.SZ,002460.SZ,69.96324450766598,70.46441388093007,67.13664924245656,70.1637122569716,207758.24,1429313009.0
2017-12-07,002460.SZ,002460.SZ,69.66151873576747,70.07247158010796,68.04777707872307,68.17807920009932,136677.43,938378257.0
2017-12-08,002460.SZ,002460.SZ,68.16679968770512,70.36184881748125,67.4150705336722,69.28938189106094,176362.61,1216789669.0
2017-12-11,002460.SZ,002460.SZ,69.33708784739196,70.98081181486408,68.55531669213082,70.43958563045254,193010.5,1347998469.0
2017-12-12,002460.SZ,002460.SZ,70.55286527393788,75.83505876724165,70.54284213637942,73.7502461550838,354218.94,2601904508.0
2017-12-13,002460.SZ,002460.SZ,73.17153177279036,73.75289462797143,72.1792055199813,73.7428711304683,179510.79,1308189433.0
2017-12-14,002460.SZ,002460.SZ,73.70994091726136,74.85257530189119,73.05843885584962,73.89035687272923,170632.74,1257954410.0
2017-12-15,002460.SZ,002460.SZ,73.16940406866593,73.54026269202767,70.96429874056913,70.96429874056915,186386.26,1336888164.0
2017-12-18,002460.SZ,002460.SZ,69.91339464247636,71.80782211020798,68.61034929430119,69.50243418651343,166698.49,1162761286.0
2017-12-19,002460.SZ,002460.SZ,69.96413253841133,70.33500258195306,67.85919445344481,68.91166349592807,161882.95,1113509481.0
2017-12-20,002460.SZ,002460.SZ,69.63147090164449,70.46340009191893,68.33847252157942,69.40093630674916,161729.85,1121584022.0
2017-12-21,002460.SZ,002460.SZ,69.16132147573815,71.15597408061812,68.45968488105675,70.86529606282156,181358.49,1271968659.0
2017-12-22,002460.SZ,002460.SZ,71.06679039046534,72.77078959587847,70.58566120305457,70.7660846483336,186424.04,1333838009.0
2017-12-25,002460.SZ,002460.SZ,70.31581075495667,71.36829259804583,68.0404452465639,68.2609652517826,212932.01,1469265754.0
2017-12-26,002460.SZ,002460.SZ,68.36390191503769,69.74721840540062,67.46173898654013,69.02548806260256,134337.14,922080730.0
2017-12-27,002460.SZ,002460.SZ,68.96721528876076,72.85664545330135,68.96721528876076,71.8141177803317,309470.38,2199199544.0
2017-12-28,002460.SZ,002460.SZ,71.57563615412481,72.6582928354477,70.20226610466891,71.55558695632251,231849.1,1652135131.0
2017-12-29,002460.SZ,002460.SZ,71.78732932360077,72.67953324900232,70.75477871330459,71.9276760084954,134876.24,963033004.0
2018-01-02,002460.SZ,002460.SZ,71.93474130932864,72.16530137762776,70.35089388362158,71.27313415681809,212382.21,1506695450.0
2018-01-03,002460.SZ,002460.SZ,71.59672402731373,75.4763000842404,71.25588271998683,74.05278638893398,396444.2,2920802365.0
2018-01-04,002460.SZ,002460.SZ,73.56067442164414,75.48540179817121,73.52057593463317,74.11202861804513,278195.63,2065974363.0
2018-01-05,002460.SZ,002460.SZ,73.95849611925989,74.54992350758143,71.6930284961977,72.07394783104888,243451.92,1764978177.0
2018-01-08,002460.SZ,002460.SZ,71.99202141742082,72.85408126730918,69.73663227527103,72.46314714933655,257980.55,1829667338.0
2018-01-09,002460.SZ,002460.SZ,72.03899841161198,73.82318398518467,71.76836352123858,72.07909246944507,186364.26,1349421758.0
2018-01-10,002460.SZ,002460.SZ,71.6658266265474,71.96652240260285,69.70128088965184,70.03204624331283,230884.48,1619912175.0
2018-01-11,002460.SZ,002460.SZ,69.96085080797249,71.07340875062076,69.56995207136634,70.59230261325935,143014.79,1006672814.0
2018-01-12,002460.SZ,002460.SZ,70.91626363524492,70.91626363524492,69.66332611518759,69.96403112000134,124571.6,871042050.0
2018-01-15,002460.SZ,002460.SZ,69.27240960892969,69.28243310909016,62.967628008001206,62.967628008001206,453747.92,2940018918.0
2018-01-16,002460.SZ,002460.SZ,61.095822939838285,62.789866266636096,59.92302371359364,61.01563153975317,296200.62,1807269697.0
2018-01-17,002460.SZ,002460.SZ,60.64517949111895,60.64517949111895,55.23222132166371,59.64277983010872,365282.24,2111410333.0
2018-01-18,002460.SZ,002460.SZ,58.65313001684017,60.52770450208187,58.65313001684017,59.314744541043126,167412.49,997205473.0
2018-01-19,002460.SZ,002460.SZ,58.91493498908215,60.60910276399365,58.143036062051465,59.516414672482675,157049.23,935192594.0
2018-01-22,002460.SZ,002460.SZ,59.51574213699688,60.5482705924644,57.951912631628595,60.14728866801099,176880.94,1047765926.0
2018-01-23,002460.SZ,002460.SZ,60.506183961885625,61.468508955315215,59.94482771571836,61.00739489596354,181136.2,1099170698.0
2018-01-24,002460.SZ,002460.SZ,61.04842615048116,61.04842615048116,59.95576959048077,60.647451266077354,128196.32,772226053.0
2018-01-25,002460.SZ,002460.SZ,60.62954952936636,61.28115679117338,59.42658227679957,59.44663173100901,157500.67,951020101.0
2018-01-26,002460.SZ,002460.SZ,58.44329773819323,59.18511661171404,57.02983204675494,57.14010241984587,222511.67,1286248924.0
2018-01-29,002460.SZ,002460.SZ,56.80839994139994,58.13162365628697,55.98639733063679,57.500085065090886,175005.09,997679778.0
2018-01-30,002460.SZ,002460.SZ,57.141289951520186,60.43944510837109,56.96084377272591,59.587338152953684,261516.47,1552103804.0
2018-01-31,002460.SZ,002460.SZ,59.02475488761538,59.13502531964048,57.501018008723136,58.22278810925104,156813.04,914066949.0
2018-02-01,002460.SZ,002460.SZ,58.32207043714204,60.03624610657334,57.90104483412382,58.25189950330567,170207.19,1003140490.0
2018-02-02,002460.SZ,002460.SZ,57.638708574117686,59.12227881219932,55.13267776654735,58.92179634759369,159617.25,920238345.0
2018-02-05,002460.SZ,002460.SZ,57.58939344937402,58.8424263790819,57.01801043342723,57.048083223740214,125286.58,719276371.0
2018-02-06,002460.SZ,002460.SZ,55.184695556580024,57.65071464957161,53.610854102922794,53.63090303863818,179538.62,993757913.0
2018-02-07,002460.SZ,002460.SZ,55.63436978028578,55.63436978028578,50.301489649995325,52.7674454997161,222039.47,1175454525.0
2018-02-08,002460.SZ,002460.SZ,52.76608046934748,54.67063124616663,52.224787090672564,53.938882789809796,163858.9,880930276.0
2018-02-09,002460.SZ,002460.SZ,52.523144467457804,55.89104075392075,52.12220443335507,54.11688110301617,262200.54,1430944053.0
2018-02-12,002460.SZ,002460.SZ,55.19848975547079,59.52856921331777,55.19848975547079,59.52856921331778,281494.28,1637270659.0
2018-02-13,002460.SZ,002460.SZ,62.00196742027783,63.6457311863505,61.340452733931514,62.49309196014101,455096.69,2840984876.0
2018-02-14,002460.SZ,002460.SZ,62.56118853030765,66.84084689340304,61.63910757151427,66.53014570076613,390675.41,2511319384.0
2018-02-22,002460.SZ,002460.SZ,67.45420583818726,71.76405851432702,67.29383922698207,68.3863367658175,435738.88,3012525212.0
2018-02-23,002460.SZ,002460.SZ,67.30144103254297,73.71587472737951,66.92058403191204,73.66576196413861,481243.03,3366337761.0
2018-02-26,002460.SZ,002460.SZ,74.86481841838847,74.86481841838847,71.83815507670798,72.98067037787213,468889.08,3430734423.0
2018-02-27,002460.SZ,002460.SZ,70.50202543405616,73.25796814825169,70.34167967613935,71.1634516854631,341401.97,2442598800.0
2018-02-28,002460.SZ,002460.SZ,70.33213711445175,74.45104682577117,70.33213711445175,72.53690630299255,429008.12,3133712250.0
2018-03-01,002460.SZ,002460.SZ,71.50382621125199,75.11158758981553,71.03281292016176,72.90684452513781,417133.07,3043584702.0
2018-03-02,002460.SZ,002460.SZ,72.17382413925634,74.3584802989839,71.1516455691086,71.25185915441719,325314.03,2357631467.0
2018-03-05,002460.SZ,002460.SZ,71.94600703378832,73.09850610174843,70.88370354505987,72.52726743328125,288264.23,2069007609.0
2018-03-06,002460.SZ,002460.SZ,72.53993201138789,74.15348949326597,70.65577793317003,72.1791365496015,294144.15,2122580163.0000002
2018-03-07,002460.SZ,002460.SZ,72.32732511331393,75.16349429816468,71.53560297337326,74.3517285597445,458991.68,3378827450.0
2018-03-08,002460.SZ,002460.SZ,73.86281246339628,74.6445355803766,70.83614090790842,71.40740010877863,394208.3,2832570305.0
2018-03-09,002460.SZ,002460.SZ,71.54472325474184,72.45669549401646,70.86324949352564,72.03578522973586,239891.64,1714438735.0
2018-03-12,002460.SZ,002460.SZ,72.52522601638061,79.14940376915492,72.18449675224396,78.36773075142966,546804.9,4134047664.0
2018-03-13,002460.SZ,002460.SZ,77.72641687281752,79.47015030962389,77.17523676348218,79.41002157042368,370773.34,2905505660.0
2018-03-14,002460.SZ,002460.SZ,78.91540540872413,84.1764324359724,78.6648803121885,79.15590950139833,457612.72,3732599068.0
2018-03-15,002460.SZ,002460.SZ,80.13932120311664,81.80283593610616,77.7643031807159,81.71264537829349,302940.18,2417737175.0
2018-03-16,002460.SZ,002460.SZ,81.66837574256957,82.42994587219354,78.96279765048445,79.16321084249074,247844.63,1990960096.0
2018-03-19,002460.SZ,002460.SZ,78.15925356591215,79.69237738585889,77.78849813233025,78.68031525635155,190201.88,1493892790.0
2018-03-20,002460.SZ,002460.SZ,77.69055754440176,80.66670814296842,77.46008123542184,79.51432659806886,191200.55,1518262129.0
2018-03-21,002460.SZ,002460.SZ,79.58539292198657,80.34697562937401,75.15618822902283,75.7373960846606,252939.95,1964165941.0
2018-03-22,002460.SZ,002460.SZ,75.80556470426892,77.15834080936823,74.9638373499849,76.45690134746488,190785.96,1449605706.0
2018-03-23,002460.SZ,002460.SZ,72.64908712570386,74.65319987399913,68.81121121271839,68.81121121271839,399050.77,2835211782.0
2018-03-26,002460.SZ,002460.SZ,67.23899374098785,74.30359740527943,67.23899374098785,73.77249954115538,320434.03,2270151017.0
2018-03-27,002460.SZ,002460.SZ,75.14617508355714,80.36702549274948,74.11402999306422,80.00627575238302,388498.1,2992514961.0
2018-03-28,002460.SZ,002460.SZ,78.52238497001709,80.59667461891877,77.22971171055661,79.41422931181539,338648.93,2677609814.0
2018-03-29,002460.SZ,002460.SZ,80.75850264168932,81.67040532693485,77.06078735756185,78.41361002248652,269452.12,2112419102.0
2018-03-30,002460.SZ,002460.SZ,76.48098307519257,78.31484312534461,76.16030809374523,77.54321895123691,303982.61,2343030359.0
2018-04-02,002460.SZ,002460.SZ,79.16578928550629,79.16578928550629,73.60414206354983,74.01500248895563,409168.62,3080257854.0
2018-04-03,002460.SZ,002460.SZ,71.20178900944408,73.85745038699548,69.47811445495789,72.0536049229983,319096.75,2278453427.0
2018-04-04,002460.SZ,002460.SZ,72.48274473648651,72.9537372710662,69.69687400003646,69.82714853087765,271365.11,1914730216.0
2018-04-09,002460.SZ,002460.SZ,69.66861726744312,71.02150324717627,69.25774078470936,69.86904481999618,175586.21,1229269798.0
2018-04-10,002460.SZ,002460.SZ,70.43769154498086,72.53208299936996,69.55584251155388,72.02101140045205,270012.28,1922974824.0
2018-04-11,002460.SZ,002460.SZ,72.54866730169947,72.72903691653794,70.95540237062622,71.46644961266857,196472.68,1407766311.0
2018-04-12,002460.SZ,002460.SZ,71.54750302503416,71.75793685746072,68.52126410156632,69.0222970359153,227972.17,1587781248.0
2018-04-13,002460.SZ,002460.SZ,69.14218149984282,70.74547846215802,67.28836938716589,70.1542627073043,270978.4,1870039534.0
2018-04-16,002460.SZ,002460.SZ,69.14000630790197,69.8013454986732,68.4085250817459,68.98970194636304,158863.45,1094141080.0
2018-04-17,002460.SZ,002460.SZ,69.00010798361097,69.40092185513936,62.6271674263097,63.629202105130645,349591.09,2298690601.0
2018-04-18,002460.SZ,002460.SZ,64.1297325028597,66.41435422327407,61.00340804334529,65.98348258302047,319186.75,2027360624.0
2018-04-19,002460.SZ,002460.SZ,65.13434327881293,66.46709214897942,63.941883763400824,64.16233846372911,235315.57,1531992823.0
2018-04-20,002460.SZ,002460.SZ,64.03235389563726,65.55550221991533,63.69164966520664,63.91210534372057,188206.46,1215863229.0
2018-04-23,002460.SZ,002460.SZ,63.73419022715577,65.8486421356353,63.69410583078649,65.8486421356353,199722.4,1298715488.0
2018-04-24,002460.SZ,002460.SZ,65.73552790374585,67.44906071952948,63.731395955460926,66.96806905194109,288483.11,1900781292.0
2018-04-25,002460.SZ,002460.SZ,66.11540197034492,67.23770039724376,65.1534318901459,65.23359606349581,205959.14,1354501567.0
2018-04-26,002460.SZ,002460.SZ,65.3833008331027,65.6137707057711,61.926252743076574,61.926252743076574,254200.56,1597986735.0
2018-04-27,002460.SZ,002460.SZ,62.327989132304985,63.490376067891376,61.97726893622288,62.508359518861496,136930.35,857042904.0
2018-05-02,002460.SZ,002460.SZ,63.12838532199003,63.59934311724932,62.63738676948566,63.15844645785765,107832.61,679138839.0
2018-05-03,002460.SZ,002460.SZ,62.77493758880108,63.12563556415751,60.33007170345911,62.68475810942372,169205.18,1041154933.0
2018-05-04,002460.SZ,002460.SZ,62.44661503528325,64.79136919418188,62.42657440144651,63.86950003769182,195143.68,1247038097.0
2018-05-07,002460.SZ,002460.SZ,64.26123297125633,70.14324509571095,63.74016886483105,70.10316324137054,407255.91,2735522345.0
2018-05-08,002460.SZ,002460.SZ,69.64512723614317,70.1161086721286,67.98166088776911,68.6029555480052,322486.2,2221210008.0
2018-05-09,002460.SZ,002460.SZ,68.74615115877342,69.63804728896741,68.06470243008587,69.09689682795084,262702.82,1811444933.0
2018-05-10,002460.SZ,002460.SZ,69.09428520617159,71.63960042623941,68.75357372002078,70.1264405906873,320673.98,2255426809.0
2018-05-11,002460.SZ,002460.SZ,70.46477587039362,73.15029349457814,70.46477587039362,71.55701997873733,412674.74,2969447427.0
2018-05-14,002460.SZ,002460.SZ,71.16493114651051,74.08086960942725,70.64386997787935,70.98456381890742,363395.57,2616941306.0
2018-05-15,002460.SZ,002460.SZ,71.94784637756929,72.30858766859889,69.94372809407155,71.6873110007146,234444.01,1666186558.0
2018-05-16,002460.SZ,002460.SZ,71.49383558292975,73.29746423113261,71.05294858003572,71.54393637871317,257854.89,1860816126.0
2018-05-17,002460.SZ,002460.SZ,71.44329915461716,71.44329915461716,68.74789277697452,69.01843542454459,250097.01,1744242609.0
2018-05-18,002460.SZ,002460.SZ,69.52913322804947,70.41089770766733,68.4369476794319,69.83975480609668,174894.08,1216597580.0
2018-05-21,002460.SZ,002460.SZ,71.12137916876387,72.12337098573714,69.06729594396863,69.58833168879472,224136.38,1577623074.0
2018-05-22,002460.SZ,002460.SZ,68.90921621446333,70.45233375074767,67.90719184025272,70.31205033835819,223612.21,1538816977.0
2018-05-23,002460.SZ,002460.SZ,70.13897452214071,70.13897452214071,68.1149641145018,68.38550015908719,172184.04,1186244074.0
2018-05-24,002460.SZ,002460.SZ,68.3854024236289,70.6198265614266,68.3854024236289,70.10881476309618,236944.64,1650716708.0
2018-05-25,002460.SZ,002460.SZ,69.63527544251151,70.07613186257922,68.31270618230843,69.13430223788913,175662.29,1211182049.0
2018-05-28,002460.SZ,002460.SZ,69.47254854674928,70.63476597268279,68.63094282452157,69.16195595878429,206307.84,1437897659.0
2018-05-29,002460.SZ,002460.SZ,69.07207853051747,69.0871960788936,65.76133543614598,66.3055671776865,289903.81,1290523032.0
2018-05-30,002460.SZ,002460.SZ,64.74650644191924,64.98837991917134,61.37539485271822,62.53941096199391,316518.05,1332596483.0
2018-05-31,002460.SZ,002460.SZ,63.73617424424744,63.87223343974038,62.405817666094265,63.07099595517085,205666.26,858070030.0
2018-06-01,002460.SZ,002460.SZ,62.81504140948478,64.85596333253663,62.10449822145932,63.903533101779104,217824.3,919870774.0
2018-06-04,002460.SZ,002460.SZ,64.21993687692745,64.46181987834714,61.30222317230245,61.80110686273056,243308.88,1001108537.0
2018-06-05,002460.SZ,002460.SZ,61.802820160742606,64.17636291153433,61.228332106410846,64.13100859145551,283046.91,1181327607.0
2018-06-06,002460.SZ,002460.SZ,63.571180388895016,65.77840805519196,63.525826395751935,64.17590029746952,338399.48,1450299795.0
2018-06-07,002460.SZ,002460.SZ,65.0098252771452,65.94717624625751,64.25389707624817,64.37484558839168,245895.48,1058522588.9999999
2018-06-08,002460.SZ,002460.SZ,64.52893297267556,64.55917146047908,62.72974294836713,63.274035728830185,181860.33,761091899.0
2018-06-11,002460.SZ,002460.SZ,63.29088364836275,64.18294340355946,62.48954183437249,63.38160158956919,178486.78,748282911.0
2018-06-12,002460.SZ,002460.SZ,63.42671590458685,63.80470586826139,61.53676608621418,62.71609477287872,215856.85,889676490.0
2018-06-13,002460.SZ,002460.SZ,62.292489651948536,62.292489651948536,60.17575456668814,60.25135224830459,259513.24,1049289172.0
2018-06-14,002460.SZ,002460.SZ,59.646335906692336,60.1150396869477,58.33094142662078,59.510260615650445,236500.69,929608191.0
2018-06-15,002460.SZ,002460.SZ,59.809741329407224,60.777340784685805,59.14451670390319,59.6887913974974,209380.02,830325955.0
2018-06-19,002460.SZ,002460.SZ,58.128373850477736,58.47608583970035,53.7139433786079,53.7139433786079,393441.95,1444352331.0
2018-06-20,002460.SZ,002460.SZ,52.91529207664382,55.4098701316856,52.65827494370012,54.65393738773354,256858.58,921284705.0
2018-06-21,002460.SZ,002460.SZ,54.458242273580325,55.108354549472594,51.20768089411897,51.49493980672254,276430.12,967881136.0
2018-06-22,002460.SZ,002460.SZ,51.10257471555503,56.15235576732882,50.407095888065236,55.5475915695116,398427.34,1427888751.0
2018-06-25,002460.SZ,002460.SZ,56.45368873399487,58.509848795008075,55.501202823378456,56.78630286151171,422996.72,1604327076.0
2018-06-26,002460.SZ,002460.SZ,55.1829117126891,58.13103987268208,55.061962865099645,57.45070260499139,276042.19,1044092033.0
2018-06-27,002460.SZ,002460.SZ,57.617007270426896,57.97985381319527,56.51334903617312,56.87619557894148,194926.68,736034117.0
2018-06-28,002460.SZ,002460.SZ,56.54622933894696,58.75364898693794,56.39503621237223,57.12076321993092,282596.84,1078988092.0
2018-06-29,002460.SZ,002460.SZ,57.22798679879011,58.66435634856159,55.48922365959306,58.33172340019346,351923.15,1337910947.0
2018-07-02,002460.SZ,002460.SZ,57.74325130580271,58.54461090758525,56.01957216234591,56.82093176412845,251893.85,953409806.0
2018-07-03,002460.SZ,002460.SZ,56.84900364374324,57.15139196099719,52.46437304356092,55.820883365079794,320750.1,1165404003.0
2018-07-04,002460.SZ,002460.SZ,55.3965129762959,55.925682723613136,53.718288920518376,53.83924200561946,190985.34,689579614.0
2018-07-05,002460.SZ,002460.SZ,53.84086034723476,56.1390380424832,53.704784036331894,54.022295428438575,274868.56,999644621.0
2018-07-06,002460.SZ,002460.SZ,54.41573094735749,58.66436123249431,53.94702084472673,57.258230924602046,505653.25,1897518446.0
2018-07-09,002460.SZ,002460.SZ,57.301495982704566,58.69245577964621,56.409467417274605,58.586621882052825,395362.64,1504831518.0
2018-07-10,002460.SZ,002460.SZ,58.511401407792356,59.781416322070015,57.75544014929375,58.94985893772155,386362.51,1500820558.0
2018-07-11,002460.SZ,002460.SZ,57.13734677428066,61.09870820716277,56.215045066624896,59.344822992604286,465551.64,1817200188.0
2018-07-12,002460.SZ,002460.SZ,59.208411723869304,61.06812434951689,58.66410558953343,60.31214360738373,434545.72,1724096438.0
2018-07-13,002460.SZ,002460.SZ,59.875292944139005,61.478015432037665,59.60313252166564,60.81273439932502,385478.17,1548049244.0
2018-07-16,002460.SZ,002460.SZ,60.49779107069801,60.81532509031427,58.87987963741516,59.061327648624456,309174.73,1215327633.0
2018-07-17,002460.SZ,002460.SZ,59.19777359146782,61.07274777418609,58.36613181687505,60.67960802619678,334600.49,1322999996.0
2018-07-18,002460.SZ,002460.SZ,60.785528328873205,60.785528328873205,58.80470638581788,58.8349479422004,258796.78,1023529013.0
2018-07-19,002460.SZ,002460.SZ,58.51713583921869,59.19756765130262,56.59680605844846,56.79337524860605,257611.58,981541126.0
2018-07-20,002460.SZ,002460.SZ,56.490943700644536,58.19958305775718,56.490943700644536,57.50403075309186,213967.4,812435942.0
2018-07-23,002460.SZ,002460.SZ,57.29234270050244,58.51711962284097,56.91432513187944,58.42639540637145,217535.85,832426792.0
2018-07-24,002460.SZ,002460.SZ,58.365937491797446,59.60583564576827,58.09376472629166,58.98588656878286,262600.01,1026554749.0
2018-07-25,002460.SZ,002460.SZ,58.849773151127025,59.69653247704252,57.06553028580509,57.33770292627793,316085.82,1214446310.0
2018-07-26,002460.SZ,002460.SZ,56.70263612032824,57.6854818130806,55.674428318679624,56.128049407642244,221856.36,824867406.0
2018-07-27,002460.SZ,002460.SZ,56.128064085639366,56.26415044791597,54.933528238989176,55.50811510193484,115390.0,424112513.0
2018-07-30,002460.SZ,002460.SZ,55.886114037592264,57.776201768842,55.05447543584237,57.0504080800421,233625.32,874534489.0
2018-07-31,002460.SZ,002460.SZ,57.307437430642146,57.352799518318115,55.190540005763545,55.719764361983195,160210.33,593466333.0
2018-08-01,002460.SZ,002460.SZ,56.09776931155031,57.77616618313578,55.64414853544612,56.21873485184476,238536.54,893441330.0
2018-08-02,002460.SZ,002460.SZ,55.43246043510952,55.82559845237981,51.92445966562087,54.64618440056896,246991.29,887514139.0
2018-08-03,002460.SZ,002460.SZ,54.32867020209822,55.55344679168074,53.194617804336644,53.194617804336644,141583.55,509340832.0
2018-08-06,002460.SZ,002460.SZ,53.17947681567632,53.51213205876556,47.947717083454535,49.14225182000228,333489.57,1108082777.0
2018-08-07,002460.SZ,002460.SZ,49.565612168317664,49.8377845353188,46.57171613130519,49.172474304871585,318009.96,1017524603.0
2018-08-08,002460.SZ,002460.SZ,49.036382535145684,49.52024446580392,46.69267630851984,47.25214166584343,266916.2,848144999.0
2018-08-09,002460.SZ,002460.SZ,47.49407263117256,48.85493431114885,47.49407263117256,48.114020729828425,249058.1,796046345.0
2018-08-10,002460.SZ,002460.SZ,47.932577711991144,48.900301678416206,47.8418535901388,48.44668106915446,209105.67,668984446.0
2018-08-13,002460.SZ,002460.SZ,47.63015001039443,48.99101143926284,46.90435724833128,48.90028734400496,212430.26,672924882.0
2018-08-14,002460.SZ,002460.SZ,48.96076368531856,49.111970491017495,47.7359885591571,48.20472965682383,170993.68,546567670.0
2018-08-15,002460.SZ,002460.SZ,49.111971613220575,49.70167816892119,47.47893807435733,47.64526556442674,251949.48,810891724.0
2018-08-16,002460.SZ,002460.SZ,46.08783337574992,47.17652235312984,44.98402371812861,46.13319541647409,215202.26,658542451.0
2018-08-17,002460.SZ,002460.SZ,46.87413038729617,47.116061382843505,45.4981478501207,45.528389224564116,191093.99,586624105.0
2018-08-20,002460.SZ,002460.SZ,45.52838343406025,46.87412442563493,45.48302137816447,46.72291757264901,189565.05,579131162.0
2018-08-21,002460.SZ,002460.SZ,47.161412154068316,47.63015334572466,46.39025729037563,47.161412154068316,222850.48,694634014.0
2018-08-22,002460.SZ,002460.SZ,46.72291680799753,47.05557187912243,45.75519296472509,45.906399815236405,167911.11,514106847.0
2018-08-23,002460.SZ,002460.SZ,45.81568903635804,47.11606832913915,45.81568903635804,46.76829247176746,175258.84,539640326.0
2018-08-24,002460.SZ,002460.SZ,47.025354322852586,47.32776817701884,46.28444038014526,46.46588869264502,137924.58,426750060.0
2018-08-27,002460.SZ,002460.SZ,46.42053483605836,47.41850073155668,46.284448577581315,47.29753516846598,193145.19,599838903.0
2018-08-28,002460.SZ,002460.SZ,47.32778679227143,48.08382172505532,46.783441640667036,47.5545972721066,243157.66,761773377.0
2018-08-29,002460.SZ,002460.SZ,47.29753726401649,47.327778656129034,46.26932993219005,46.61710594148428,181755.43,560696767.0
2018-08-30,002460.SZ,002460.SZ,46.42051710919717,47.16143090019087,46.02737917928215,46.087861937730615,122356.4,376799126.0
2018-08-31,002460.SZ,002460.SZ,46.11811266979234,46.34492305997165,45.210871109075114,45.33183665050408,145775.53,440831502.0
2018-09-03,002460.SZ,002460.SZ,45.51326976637649,45.815683518976996,44.757235384875216,45.55863182926656,117510.06,352297720.0
2018-09-04,002460.SZ,002460.SZ,45.55862254090913,45.845915547307165,44.031433401635375,45.24108816541657,188643.96,562384263.0
2018-09-05,002460.SZ,002460.SZ,45.059655091645446,45.33182750495069,43.09396543999648,43.19981026739297,203486.64,594267378.0
2018-09-06,002460.SZ,002460.SZ,42.36815299053349,43.66853170473259,41.62723953709447,41.854049777943146,250372.7,702075071.0
2018-09-07,002460.SZ,002460.SZ,42.156446131111224,42.534463044051606,40.97703336273724,41.264326216571924,204476.3,565039147.0
2018-09-10,002460.SZ,002460.SZ,41.43064137193392,42.61005379055102,41.022383227028,41.657451452437215,245408.74,680643314.0
2018-09-11,002460.SZ,002460.SZ,41.56672643917661,41.89938121606344,40.90141688540296,41.64232979755998,152768.57,417438643.0
2018-09-12,002460.SZ,002460.SZ,41.67258905866691,43.774363325413894,41.38529617328423,43.396346370963,338473.92,957577905.0
2018-09-13,002460.SZ,002460.SZ,44.22796353918493,44.39429092343485,42.92758580777642,43.51729198829888,261553.62,754764916.0
2018-09-14,002460.SZ,002460.SZ,43.81969689243232,45.014229692467566,43.10902547975312,43.22999082659213,336705.96,984233072.0
2018-09-17,002460.SZ,002460.SZ,42.71589980677182,42.71589980677182,41.415521971946205,42.05059021686104,168638.07,467594124.0
2018-09-18,002460.SZ,002460.SZ,41.884278164848084,43.62315613920099,41.61210596016676,43.62315613920099,234459.26,663159657.0
2018-09-19,002460.SZ,002460.SZ,43.245146503878175,44.00118053366626,42.806646766601084,43.35099126804851,229473.09,659116102.0
2018-09-20,002460.SZ,002460.SZ,43.88021281273649,44.89329836010153,43.88021281273649,44.01629893103925,333367.02,978945224.0
2018-09-21,002460.SZ,002460.SZ,44.076795773575974,48.416432269979516,43.36612359472244,48.416432269979516,604744.54,1873794384.0
2018-09-25,002460.SZ,002460.SZ,48.386203833244835,49.535376174284394,48.083790059287054,49.44465204209707,631898.75,2049456714.0
2018-09-26,002460.SZ,002460.SZ,49.429523679408,49.716816720065324,48.7339721072903,49.67145466101417,481866.56,1572001498.0
2018-09-27,002460.SZ,002460.SZ,49.89825124795539,51.909301980069955,49.41438941767219,49.53535487524299,663921.06,2225454893.0
2018-09-28,002460.SZ,002460.SZ,49.06660176631955,49.4446187290801,47.75110273591282,49.12708448036123,436260.83,1401799902.0
2018-10-08,002460.SZ,002460.SZ,48.08374439553079,50.0191907108226,47.902296303472184,48.11398574420723,425431.83,1373056280.0
2018-10-09,002460.SZ,002460.SZ,48.86999537626737,49.217770714650456,47.478894022735005,48.5373407047705,287874.64,919740316.0
2018-10-10,002460.SZ,002460.SZ,48.234927367046076,48.310530701477184,43.683606634293454,43.683606634293454,671263.53,1988667608.0
2018-10-11,002460.SZ,002460.SZ,39.31371704463191,41.097954972042125,39.31371704463191,39.31371704463191,510070.04,1339641523.0
2018-10-12,002460.SZ,002460.SZ,37.84699491307034,38.6635101848665,35.805706733579925,37.99820144488444,512082.63,1268269916.0
2018-10-15,002460.SZ,002460.SZ,38.10406424890337,38.95082123221234,37.04561801976717,37.22706594476195,320041.57,807470485.0
2018-10-16,002460.SZ,002460.SZ,37.227057475604454,37.680677184892886,35.80571571983401,36.28957674307501,308406.74,747159053.0
2018-10-17,002460.SZ,002460.SZ,37.015381175277376,37.287553095683826,32.81183707122218,34.71704051406734,467343.19,1076855999.0
2018-10-18,002460.SZ,002460.SZ,34.308765350653914,35.276487246838066,33.08399232579583,34.339006659909664,285011.7,647115734.0
2018-10-19,002460.SZ,002460.SZ,33.80977988150379,35.866188675727635,33.567849435124515,35.69986149384189,340888.63,792174953.0
2018-10-22,002460.SZ,002460.SZ,35.98714170646954,38.36108340727446,35.77545263760795,37.80161943956884,473465.24,1163027300.0
2018-10-23,002460.SZ,002460.SZ,37.80161943956884,37.80161943956884,35.56376356874637,35.82081458093543,376612.79,911041476.0
2018-10-24,002460.SZ,002460.SZ,35.15549695132257,36.743164555575845,34.79260149892182,36.10809751387453,261023.36,624490426.0
2018-10-25,002460.SZ,002460.SZ,34.70188099549385,35.790567458097584,34.021451956366526,35.6091197143303,235314.51,543795436.0
2018-10-26,002460.SZ,002460.SZ,36.183695918167125,36.92460736822571,35.42766382627061,35.518387677298186,226068.02,539850921.0
2018-10-29,002460.SZ,002460.SZ,35.12523680908823,35.44277015949324,34.127274850672464,34.233119300807466,194560.1,445263386.0
2018-10-30,002460.SZ,002460.SZ,33.43171471151157,35.35203482384172,33.43171471151157,35.261311039007225,245160.06,565466938.0
2018-10-31,002460.SZ,002460.SZ,35.41252220878321,36.365122080326046,35.30667777861178,35.68469360065259,293946.69,696844406.0
2018-11-01,002460.SZ,002460.SZ,35.83589570993486,36.68265105160421,35.47300056350514,35.95686075874477,318896.41,761809789.0
2018-11-02,002460.SZ,002460.SZ,36.59193035158425,39.101955326114414,36.289517704050496,38.361044339656715,586059.75,1453396791.0
2018-11-05,002460.SZ,002460.SZ,37.80159979765027,39.13221611052756,37.52942827910719,38.22497771538396,430239.7,1088439021.0
2018-11-06,002460.SZ,002460.SZ,37.80159930229761,37.937685059785885,36.59194812462409,36.92460219848431,316836.39,776012588.0
2018-11-07,002460.SZ,002460.SZ,38.40642424175037,39.01124982036062,37.52942715276553,37.55966843169604,514929.41,1303724609.0
2018-11-08,002460.SZ,002460.SZ,37.8620907992525,37.92257337241424,36.546594832984546,36.8187664122124,269663.05,660367068.0
2018-11-09,002460.SZ,002460.SZ,36.591941440353224,37.37821456221206,36.380252522929695,36.47097634468264,168732.01,410597588.0
2018-11-12,002460.SZ,002460.SZ,36.30466394908648,37.01533417216314,35.07989186250755,36.96997224303059,276457.1,660162274.0
2018-11-13,002460.SZ,002460.SZ,36.2895461548591,37.55968027027917,35.9568919817729,37.55968027027917,339494.99,829669320.0
2018-11-14,002460.SZ,002460.SZ,37.48406187189692,38.25521441544946,37.01532209052185,37.04556336673959,337404.4,840005725.0
2018-11-15,002460.SZ,002460.SZ,36.758288219382614,37.650406279828346,36.682684993921114,37.650406279828346,250298.3,617741814.0
2018-11-16,002460.SZ,002460.SZ,37.81673845592637,38.66349469484355,37.49920486633243,38.270357869632,418009.44,1058619431.0000001
2018-11-19,002460.SZ,002460.SZ,38.028439023466994,38.3913346642476,37.42361295549933,38.22500749555649,267142.37,668127738.0
2018-11-20,002460.SZ,002460.SZ,37.650429807025944,39.994131260876955,37.574826534321076,38.618151697648294,436470.93,1118785339.0
2018-11-21,002460.SZ,002460.SZ,37.83189603194614,38.79961839247554,37.45387948486434,38.79961839247554,284039.32,717154508.0
2018-11-22,002460.SZ,002460.SZ,38.965941978277684,39.495165094009046,38.20990895580431,38.27039159760218,273480.4,702028714.0
2018-11-23,002460.SZ,002460.SZ,37.99822867196105,38.3611246083427,35.760370397607595,35.835973717687104,328573.85,799276193.0
2018-11-26,002460.SZ,002460.SZ,35.805740652516626,36.19887800765405,35.12531061477877,35.38236196236862,154016.69,363120542.0
2018-11-27,002460.SZ,002460.SZ,35.76036201035635,37.03049748979396,35.66963804753939,36.39542975007516,224359.33,538342751.0
2018-11-28,002460.SZ,002460.SZ,36.41053670304331,37.272414025332964,35.89643444062493,37.272414025332964,262784.27,639553012.0
2018-11-29,002460.SZ,002460.SZ,37.49924239142753,37.77141431201047,35.730124907638405,35.92669351694831,297099.04,727690583.0
2018-11-30,002460.SZ,002460.SZ,35.926699765068925,38.497212795397935,35.6998897918046,38.25528215724932,545124.94,1356685371.0
2018-12-03,002460.SZ,002460.SZ,39.31373249684355,39.9790418160209,38.25528585269776,39.132284500704266,612673.14,1581966938.0
2018-12-04,002460.SZ,002460.SZ,38.724032983564065,39.10204970538722,38.16456823526579,38.70891231469114,313554.23,800870435.0
2018-12-05,002460.SZ,002460.SZ,37.650474600274855,40.190747585353634,37.514388547502776,40.00929951499087,606951.56,1574551132.0
2018-12-06,002460.SZ,002460.SZ,39.5708092098899,40.19075692773686,39.13230960458352,39.419602449439424,413074.32,1080679972.0
2018-12-07,002460.SZ,002460.SZ,39.54056688889441,39.69177364563971,38.406516213304705,38.87525715921512,261006.5,670415424.0
2018-12-10,002460.SZ,002460.SZ,38.482108075793356,38.82988351223471,38.073849954753506,38.45186673349411,217928.67,554193915.0
2018-12-11,002460.SZ,002460.SZ,38.75429351531492,38.86013824984758,38.013380373586315,38.55772472261142,189518.71,481674366.0
2018-12-12,002460.SZ,002460.SZ,38.708932239614704,39.480086749075774,38.49724276642931,38.8450183295196,276348.65,714111821.0
2018-12-13,002460.SZ,002460.SZ,38.93575757867438,39.223050547216054,38.104120038158996,38.5274991496941,278210.96,712019544.0
2018-12-14,002460.SZ,002460.SZ,38.25534269134044,39.011377131880764,36.44086003404366,36.98520483123269,299185.84,751484655.0
2018-12-17,002460.SZ,002460.SZ,36.66765794360712,37.57489896489225,36.66765794360712,36.95495093368074,231447.06,567660774.0
2018-12-18,002460.SZ,002460.SZ,36.62229737282969,37.77146937957414,35.98722863226039,37.40857295639168,261902.85,639684593.0
2018-12-19,002460.SZ,002460.SZ,37.136415413866665,37.34810507827796,36.51646711094788,36.63743263346862,144310.08,351595667.0
2018-12-20,002460.SZ,002460.SZ,36.51646148025658,37.06080624766414,36.440858040338874,36.57694423219076,130651.25,317327207.0
2018-12-21,002460.SZ,002460.SZ,36.455960294813664,36.47108097515162,34.49027185087929,34.8682888593282,267758.71,624241056.0
2018-12-24,002460.SZ,002460.SZ,34.76244569281312,35.15558339964789,34.565876839395735,34.91365250313419,119276.61,274912696.0
2018-12-25,002460.SZ,002460.SZ,34.32392906076495,34.58098051188081,33.310843929896556,34.3088083871699,180000.61,403907715.0
2018-12-26,002460.SZ,002460.SZ,34.30880292272349,34.85314708544629,34.03663084136208,34.08199285492231,114089.57,259390512.0
2018-12-27,002460.SZ,002460.SZ,34.79266671071705,34.89851141605169,33.159634114125375,33.25035814726935,150546.57,340616109.0
2018-12-28,002460.SZ,002460.SZ,33.50741726846745,33.794710106058105,32.91771091762348,33.38645186316612,153970.16,339167027.0
2019-01-02,002460.SZ,002460.SZ,33.44692383841727,33.794699267116904,33.03866572646552,33.18987243459579,115557.0,254866993.0
2019-01-03,002460.SZ,002460.SZ,32.8118640986188,33.70398390590844,32.8118640986188,33.235242990213884,123319.46,271453618.0
2019-01-04,002460.SZ,002460.SZ,32.87233336351785,34.202952193319874,32.73624734683356,34.18783152479939,195346.73,435620024.0
2019-01-07,002460.SZ,002460.SZ,34.61119345299581,34.61119345299581,34.06684965032747,34.535590147069655,196474.77,446184186.0
2019-01-08,002460.SZ,002460.SZ,34.399492378168,34.868232713870505,34.081958602369525,34.50533697010082,171144.44,390717743.0
2019-01-09,002460.SZ,002460.SZ,34.3238869662974,34.74726530773191,33.64345748899194,34.08195648547768,252423.19,571719131.0
2019-01-10,002460.SZ,002460.SZ,34.20293865923753,34.47511058490786,33.7795601081948,33.84004275834376,144083.62,324953308.0
2019-01-11,002460.SZ,002460.SZ,33.87028526072757,34.14245719585842,33.68883730397368,33.93076791297888,103264.29,231222822.0
2019-01-14,002460.SZ,002460.SZ,33.93077563903451,34.444878300232006,33.73420697445899,33.73420697445899,118655.61,267358971.00000003
2019-01-15,002460.SZ,002460.SZ,33.73420862401713,34.384397315560264,33.3561919428874,34.32391464657951,172550.68,386088714.0
2019-01-16,002460.SZ,002460.SZ,34.30878511164248,34.429750418338436,33.840044548195614,33.93076852821759,125949.54,283819329.0
2019-01-17,002460.SZ,002460.SZ,33.991240082381516,34.066843374379694,33.295689795998264,33.34105177119717,124636.0,276814725.0
2019-01-18,002460.SZ,002460.SZ,33.35617094181034,33.991238566269104,33.35617094181034,33.90051461991786,147194.19,328733603.0
2019-01-21,002460.SZ,002460.SZ,34.06683471907114,34.762384828737034,34.06683471907114,34.505333701251814,216910.98,493879363.0
2019-01-22,002460.SZ,002460.SZ,34.33900647057718,34.717022834189876,33.94586945241998,34.006352070598005,153206.58,347429824.0
2019-01-23,002460.SZ,002460.SZ,33.82489299558822,34.52044287390608,33.719048448887676,34.41459832720554,162396.88,367948701.0
2019-01-24,002460.SZ,002460.SZ,34.29364718773056,34.39949177781615,33.94587210602077,34.23316456482451,130314.27,294743913.0
2019-01-25,002460.SZ,002460.SZ,34.263390841873914,35.11014719101113,34.02146045640614,34.45995928006648,262361.11,600425860.0
2019-01-28,002460.SZ,002460.SZ,34.50531114592121,34.8379653287478,33.76439955689836,33.79464084624624,170853.93,387969929.0
2019-01-29,002460.SZ,002460.SZ,33.567815810022886,33.61317772327967,31.072910580899563,32.040631397044365,249627.6,534299359.00000006
2019-01-30,002460.SZ,002460.SZ,31.798715237178993,32.448902947687166,31.34509590426631,31.36021654869673,154857.31,326373093.0
2019-01-31,002460.SZ,002460.SZ,31.466054682329,31.828950075109343,29.046752063793374,29.394526815207872,305911.8,612078490.0
2019-02-01,002460.SZ,002460.SZ,29.63644406164408,30.61928531879044,29.63644406164408,30.573923414614452,184825.15,368474410.0
2019-02-11,002460.SZ,002460.SZ,30.997306518572895,33.189798930862196,30.92170333194223,33.053713194927,286417.31,607701338.0
2019-02-12,002460.SZ,002460.SZ,33.0688203115721,33.79461060647629,32.63032200840081,33.43171545902419,324849.32,715141061.0
2019-02-13,002460.SZ,002460.SZ,33.265389792571106,35.714932131842254,33.08394221188435,35.07986559943862,516394.72,1185469010.0
2019-02-14,002460.SZ,002460.SZ,35.215968176544884,35.45789840017078,34.550660061573666,35.306692010404596,357113.83,830379899.0
2019-02-15,002460.SZ,002460.SZ,35.1403715619712,36.63731510097084,34.89844129304196,35.125250920163126,383074.79,902976499.0
2019-02-18,002460.SZ,002460.SZ,35.11012711567415,36.516346677154644,35.095006475228125,36.42562283447848,392976.96,935138595.0
2019-02-19,002460.SZ,002460.SZ,36.5919569210289,36.728042711231076,35.23109901900717,35.98713118679702,388399.83,926985085.0
2019-02-20,002460.SZ,002460.SZ,36.09298394011062,38.16451255334696,36.07786329329867,37.045584689263094,533675.13,1318446165.0
2019-02-21,002460.SZ,002460.SZ,37.090957288016924,37.86211049702176,36.56173449752341,36.833906218348645,434803.79,1065973706.0
2019-02-22,002460.SZ,002460.SZ,36.62222903607127,37.25729659161008,35.89643754402692,37.12121068685177,384631.49,930377565.0
2019-02-25,002460.SZ,002460.SZ,37.54459956409223,40.73505889072271,37.15146239588184,40.52336964630173,783978.05,2013524727.0
2019-02-26,002460.SZ,002460.SZ,40.52338425458207,44.40939535660729,39.43469631938434,41.94472683664576,969484.1,2665905135.0
2019-02-27,002460.SZ,002460.SZ,41.566720491649924,42.94270141734659,39.76736081958505,40.765325007452965,646305.87,1773391991.0
2019-02-28,002460.SZ,002460.SZ,40.52338128922002,41.491103827470056,40.23608866067704,40.7048292651419,283636.59,764420559.0
2019-03-01,002460.SZ,002460.SZ,41.05260930322039,41.33990196501089,39.918559322468454,40.765316641429905,317610.83,850400718.0
2019-03-04,002460.SZ,002460.SZ,40.79553862077716,42.59489706995154,40.598970050699286,41.052589827802066,580456.56,1593662386.0
2019-03-05,002460.SZ,002460.SZ,40.67457253309569,41.581812069149876,40.28143540080555,41.56669141021563,473788.08,1279436432.0
2019-03-06,002460.SZ,002460.SZ,41.52132228162353,43.63821416779516,41.32475374933616,42.92754332029469,791064.4,2230149197.0
2019-03-07,002460.SZ,002460.SZ,42.715847286866094,43.81965502206653,41.823728706361635,42.746088594679804,670194.28,1901076731.0
2019-03-08,002460.SZ,002460.SZ,41.58177676366318,41.88418968558073,39.011266927364,39.22295597270629,684855.27,1843988333.0
2019-03-11,002460.SZ,002460.SZ,39.31368190068491,40.79550529540304,39.22295801937564,40.56869559212985,381027.49,1009866057.0
2019-03-12,002460.SZ,002460.SZ,41.09793438252376,41.521312661666755,40.08485064314588,40.75015936751344,425658.67,1152221725.0
2019-03-13,002460.SZ,002460.SZ,40.49309091917641,44.81759577462243,40.49309091917641,44.81759577462243,1189260.66,3377293393.0
2019-03-14,002460.SZ,002460.SZ,45.05951457815006,48.3860559228457,44.07667281721725,46.76814717792555,1380291.2,4282488486.9999995
2019-03-15,002460.SZ,002460.SZ,46.5715738579038,48.31044755714371,45.07463041247117,46.919348597751785,907995.22,2793072360.0
2019-03-18,002460.SZ,002460.SZ,46.70768002501062,49.066501029834726,46.269181248472805,47.56955693061943,779154.61,2457219852.0
2019-03-19,002460.SZ,002460.SZ,47.599815282277355,47.61493593516245,45.89118150626169,46.16335325819338,581493.28,1788137997.0
2019-03-20,002460.SZ,002460.SZ,45.37707809811302,45.90630093497871,44.152305247080974,45.36195744563114,546268.74,1624135877.0
2019-03-21,002460.SZ,002460.SZ,45.28633910787084,46.31454313436006,44.92344356910994,45.422424934906175,468731.62,1416218818.0
2019-03-22,002460.SZ,002460.SZ,45.51314494220847,45.66435140381049,44.152286787790274,44.72687134187795,370427.99,1097916793.0
2019-03-25,002460.SZ,002460.SZ,43.41139744316209,44.651291065711476,43.260190903826796,43.471880058896204,361361.61,1049148070.0000001
2019-03-26,002460.SZ,002460.SZ,43.50211759838824,44.59080458729472,43.29042846165642,43.63820347200155,352062.2,1020816219.0
2019-03-27,002460.SZ,002460.SZ,43.7289065131598,44.454697492631325,40.341881942292645,41.74810196501874,662225.4,1844195028.0
2019-03-28,002460.SZ,002460.SZ,40.96182354248706,41.32471898915361,39.91849913332072,40.38723908526502,377802.44,1016278985.0
2019-03-29,002460.SZ,002460.SZ,40.58378930055358,41.85392279580191,40.0092051003222,41.71783706416816,376911.73,1024631014.0
2019-04-01,002460.SZ,002460.SZ,42.005146253327084,44.22788077429148,42.005146253327084,43.81962341329802,532329.47,1521355282.0
2019-04-02,002460.SZ,002460.SZ,44.12203701508934,46.39013350318509,42.95774748453352,44.968793037311755,635686.44,1857907436.0
2019-04-03,002460.SZ,002460.SZ,44.22787881921674,45.346806351737094,43.98594854191504,44.605894877500646,385325.89,1139621863.0
2019-04-04,002460.SZ,002460.SZ,44.832699943920936,45.90626544004855,44.242994953090275,44.51516648731981,542336.53,1614278740.0
2019-04-08,002460.SZ,002460.SZ,47.50903212933599,47.53927339740049,44.95364497788539,45.46774653498196,681652.65,2075019068.0
2019-04-09,002460.SZ,002460.SZ,45.52825042505911,45.755060041922576,44.001065671511796,44.42444362299026,394373.27,1162384101.0
2019-04-10,002460.SZ,002460.SZ,44.152274013567514,44.75709968498625,43.21479422286848,44.25811850606579,339554.75,985030656.0
2019-04-11,002460.SZ,002460.SZ,44.197657141943914,46.586719690157096,44.04645065155067,45.135137382382,639757.45,1928138396.0
2019-04-12,002460.SZ,002460.SZ,44.60591998368132,44.6512819362071,42.9577690419114,43.124096201172584,418374.15,1203038110.0
2019-04-15,002460.SZ,002460.SZ,43.75917412772379,43.98598394524827,42.03541951453771,42.231988023058925,277578.32,792368306.0
2019-04-16,002460.SZ,002460.SZ,41.73300803800688,43.47188337292383,41.73300803800688,43.41140075257889,268080.52,762062230.0
2019-04-17,002460.SZ,002460.SZ,43.74407629924427,45.1654185640659,43.487025038585045,44.40938544447993,408813.8,1203556666.0
2019-04-18,002460.SZ,002460.SZ,44.59082626984547,45.059566729108006,43.109001592176824,43.350932151796194,301410.26,874325226.0
2019-04-19,002460.SZ,002460.SZ,43.09388756319035,43.24509418621909,42.4285784218639,43.139249550098974,210502.66,596246445.0
2019-04-22,002460.SZ,002460.SZ,43.22995404326387,43.396281253643686,41.97493963767069,42.11102553707236,245138.92,688877824.0
2019-04-23,002460.SZ,002460.SZ,42.12615470213332,42.7309810438725,41.203794530981085,42.29248194611159,210893.12,583430354.0
2019-04-24,002460.SZ,002460.SZ,42.3378571475676,42.54954643330544,41.460858678082275,42.11104719856277,148561.72,412698280.0
2019-04-25,002460.SZ,002460.SZ,42.03542854707516,42.56465156835128,40.82577592701544,40.82577592701544,212451.31,584800093.0
2019-04-26,002460.SZ,002460.SZ,40.81065839891616,41.234036848404735,39.14738591878249,39.43467843807831,241681.1,639107818.0
2019-04-29,002460.SZ,002460.SZ,39.41953805316707,39.41953805316707,36.304683876353714,36.74318276532259,338915.92,836812713.0
2019-04-30,002460.SZ,002460.SZ,36.28957147263797,37.499223855059235,35.98715837703265,37.25729337857498,167771.63,410948805.0
2019-05-06,002460.SZ,002460.SZ,35.83596556276842,37.48411756544427,34.50534743216774,35.35210442436817,288297.04,686030936.0
2019-05-07,002460.SZ,002460.SZ,35.8510872071986,36.531516951746866,35.47307068244957,36.36518968085729,204903.26,489419315.0
2019-05-08,002460.SZ,002460.SZ,35.77547718207558,36.365182849911996,35.5184259935315,35.820839156524535,146075.22,347833082.0
2019-05-09,002460.SZ,002460.SZ,35.35210731441505,35.98717511048239,35.04969407819251,35.1555387108704,140394.21,329745181.0
2019-05-10,002460.SZ,002460.SZ,35.57891389350318,36.244222950585254,33.9307619111862,36.15349898825588,214108.56,506091299.0
2019-05-13,002460.SZ,002460.SZ,35.699891801086714,36.78857973402964,35.30675449196844,36.2593564332935,194160.41,463753908.0
2019-05-14,002460.SZ,002460.SZ,35.80572325282798,36.13837777629175,35.397465428576986,35.578913350466316,127233.94,301209061.0
2019-05-15,002460.SZ,002460.SZ,36.017426063751856,36.27447738326645,35.71501274667585,36.12327072472846,148243.52,353205764.0
2019-05-16,002460.SZ,002460.SZ,36.214007197311936,37.680712290480734,36.123283170930364,37.30269551389084,300375.57,738880276.0
2019-05-17,002460.SZ,002460.SZ,37.60510577480132,37.60510577480132,35.30676396628914,35.62429803193884,230765.04,554091754.0
2019-05-20,002460.SZ,002460.SZ,35.59403986877396,36.71296890458079,34.03661161623203,36.213987037261525,198887.9,464985190.0
2019-05-21,002460.SZ,002460.SZ,36.27445937247888,37.52947401521158,35.89644291382446,36.95488899805686,234374.97,571533981.0
2019-05-22,002460.SZ,002460.SZ,37.04561047430334,37.136334418322036,36.13837103411632,36.22909497813502,148396.49,358553847.0
2019-05-23,002460.SZ,002460.SZ,36.16862572153497,36.213987710316154,35.03457600200524,35.1706619683488,130159.97,305998434.0
2019-05-24,002460.SZ,002460.SZ,35.00433173893618,35.669640851900844,34.928728430644746,34.95896975396132,104599.14,243927043.0
2019-05-27,002460.SZ,002460.SZ,35.24627395554861,36.077910621166446,34.91361928930147,35.926703954690474,150932.0,355696584.0
2019-05-28,002460.SZ,002460.SZ,35.94181962073638,37.1665934487884,35.92669895619253,36.51640487340276,209515.09,505971065.0
2019-05-29,002460.SZ,002460.SZ,36.51639626531725,37.12122270449434,36.15350040181099,36.56175824825553,181730.56,441615509.0
2019-05-30,002460.SZ,002460.SZ,36.33496448243004,38.3762546218924,35.8813444514384,37.96799659399993,369996.26,910159749.0
2019-05-31,002460.SZ,002460.SZ,37.62020602284628,37.84701594661746,36.98513823628698,37.01537955945647,262899.22,650830521.0
2019-06-03,002460.SZ,002460.SZ,36.667617526865065,37.18172020559225,36.19887684920205,36.33496285239454,160574.7,388115192.0
2019-06-04,002460.SZ,002460.SZ,36.35010099898415,36.59203178766292,35.3823778442691,35.563825935778176,142022.45,336224186.0
2019-06-05,002460.SZ,002460.SZ,36.06279522926654,36.38032927531039,35.6091751634896,35.68477850778576,104895.39,249616293.0
2019-06-06,002460.SZ,002460.SZ,35.71502294442134,35.9871950075033,34.64145536226473,34.85314474466181,125574.87,292372214.0
2019-06-10,002460.SZ,002460.SZ,35.291653564910355,36.01744592614244,35.12532614879467,35.82087716164209,136182.9,320813537.0
2019-06-11,002460.SZ,002460.SZ,35.669658895446375,37.015398463778176,35.53357287168248,36.87931244001429,221012.54,533279785.99999994
2019-06-12,002460.SZ,002460.SZ,36.833952253301916,37.635347766202166,36.54665952226221,36.697866222809424,213597.27,523841247.0
2019-06-13,002460.SZ,002460.SZ,36.59201012088087,37.07587141173549,36.19887282206149,36.84906143164739,149655.61,362563321.0
2019-06-14,002460.SZ,002460.SZ,36.97001987512822,37.25731246311491,35.715004885502196,35.83597018570711,165211.41,398572306.0
2019-06-17,002460.SZ,002460.SZ,35.77550012299535,36.22912015836723,35.53356943746368,35.66965544807525,86678.16,205521124.0
2019-06-18,002460.SZ,002460.SZ,35.382361453667485,35.39748212095538,34.73217276028813,34.83801743130337,172986.73,399397876.0
2019-06-19,002460.SZ,002460.SZ,35.563827105182696,35.95696464971278,35.064844837125285,35.11020686149414,146194.79,342780684.0
2019-06-20,002460.SZ,002460.SZ,35.12534346850101,35.88137755090524,34.9287746070759,35.66968800783206,172935.73,405725660.0
2019-06-21,002460.SZ,002460.SZ,35.68480622691492,36.410598895936914,35.68480622691492,36.153547325658295,192117.35,458988603.0
2019-06-24,002460.SZ,002460.SZ,36.274517095009955,36.54668937834059,35.9418620820503,36.274517095009955,134159.58,321331443.0
2019-06-25,002460.SZ,002460.SZ,36.27451774359647,36.33500047430693,35.18582859080824,35.51848360971576,143771.58,338457297.0
2019-06-26,002460.SZ,002460.SZ,35.473137957949426,36.56182761394787,35.20096554394981,36.01748278594865,173524.22,413877066.0
2019-06-27,002460.SZ,002460.SZ,35.95699338256137,36.3803726149885,35.89651063507178,36.00235544317856,142007.48,338852592.0
2019-06-28,002460.SZ,002460.SZ,36.002343765077775,36.002343765077775,35.23118898472542,35.42775785030543,108578.5,254818893.0
2019-07-01,002460.SZ,002460.SZ,36.138447104501694,36.93984363025006,35.7604298753751,36.84911949525968,292063.54,703842962.0
2019-07-02,002460.SZ,002460.SZ,36.98520594645906,38.55775763020057,36.62230940405717,38.225102466332174,535184.81,1338710677.0
2019-07-03,002460.SZ,002460.SZ,38.02855172754949,38.02855172754949,37.227154812416245,37.36324108102378,285568.14,709628814.0
2019-07-04,002460.SZ,002460.SZ,37.36322753305182,37.8470896459849,37.045693021439476,37.19689993173107,161047.41,398590796.0
2019-07-05,002460.SZ,002460.SZ,37.423710601673825,37.69588304241327,37.12129677863,37.16665885208657,128012.12,316905231.0
2019-07-08,002460.SZ,002460.SZ,36.985229160660495,36.985229160660495,35.53364207994774,35.65460767000713,199848.87,475625119.0
2019-07-09,002460.SZ,002460.SZ,35.60925490457945,36.24432441880125,35.59413420185988,36.123358797044716,135420.91,322025868.0
2019-07-10,002460.SZ,002460.SZ,36.09312337635522,36.108244081582015,35.2614845888816,35.473174462056704,114618.3,269558269.0
2019-07-11,002460.SZ,002460.SZ,35.71511978959139,36.21410325828593,35.42782627731271,35.68487836724626,102256.59,242374673.0
2019-07-12,002460.SZ,002460.SZ,35.71513181488424,36.13851187026813,35.66976966609311,35.92682184257619,84327.08,200363978.0
2019-07-15,002460.SZ,002460.SZ,35.291734760331956,35.291734760331956,33.59821535452339,34.656664983153746,265895.82,605161523.0
2019-07-16,002460.SZ,002460.SZ,34.47519919976176,34.85321673484687,34.02157815765963,34.278630081517505,135788.81,308632075.0
2019-07-17,002460.SZ,002460.SZ,34.2786262576668,34.535678152850004,33.945970863900286,34.293746957383455,91640.32,207912325.0
2019-07-18,002460.SZ,002460.SZ,34.21813221482761,34.550787499284624,34.03668387785107,34.05180457259911,87687.51,198827994.0
2019-07-19,002460.SZ,002460.SZ,34.06694062230243,34.56592377389408,34.06694062230243,34.21814763793626,79702.84,181108205.0
2019-07-22,002460.SZ,002460.SZ,34.42983201525153,34.49031481194059,33.03872769140298,33.08408978891978,150858.85,333659996.0
2019-07-23,002460.SZ,002460.SZ,33.08407463039136,33.37136778303188,33.038712553658655,33.26552293732222,58355.07,128338388.0
2019-07-24,002460.SZ,002460.SZ,33.341129387438656,33.900595050629235,33.341129387438656,33.73426742103203,83478.89,186091758.0
2019-07-25,002460.SZ,002460.SZ,33.87034309794687,33.87034309794687,33.31087760927544,33.68889483135074,89898.03,199687936.0
2019-07-26,002460.SZ,002460.SZ,33.64292932020885,34.378628913543714,33.45900442187513,34.24068523979343,117728.35,261483299.0
2019-07-29,002460.SZ,002460.SZ,34.10273422320059,34.37862151129839,33.9494635075907,34.026098865395646,77456.69,172320243.0
2019-07-30,002460.SZ,002460.SZ,33.99543953212943,34.40927040109584,33.99543953212943,34.13338315511823,90212.69,201578537.0
2019-07-31,002460.SZ,002460.SZ,34.13336779432392,34.14869485664737,33.47430411441555,33.88813479714871,122688.78,270164104.0
2019-08-01,002460.SZ,002460.SZ,33.52029566535509,36.37113013895182,33.39767912885631,35.54346851758503,413536.39,952631953.0
2019-08-02,002460.SZ,002460.SZ,34.823113754343055,35.94199020859792,34.63918885775322,35.02236572564872,300154.47,689872690.0
2019-08-05,002460.SZ,002460.SZ,34.66985736094152,35.022380225354276,33.6429429298261,33.68892417301037,225507.1,503097136.0
2019-08-06,002460.SZ,002460.SZ,32.2021816174544,33.06049773862405,31.405173790654,32.018256734346615,233502.91,489933462.0
2019-08-07,002460.SZ,002460.SZ,33.765538653985466,34.179369586195,32.830587288623185,33.2290911492694,232699.48,506129101.0
2019-08-08,002460.SZ,002460.SZ,33.642910961940366,33.7195462944277,32.5546892406202,32.646651639605004,150312.39,322528109.0
2019-08-09,002460.SZ,002460.SZ,32.86124639032306,33.18311494172081,32.06423854876672,32.156200992023216,122862.64,261188258.0
2019-08-12,002460.SZ,002460.SZ,32.186851622417684,32.53937428304417,31.65040409537739,32.53937428304417,121507.03,253224853.0
2019-08-13,002460.SZ,002460.SZ,32.03358739930531,32.40143720676146,31.91097079681994,31.956952022751956,94480.79,197726461.0
2019-08-14,002460.SZ,002460.SZ,32.3707703208535,32.60067636006411,32.01824772739723,32.14086428164289,125785.9,264820365.99999997
2019-08-15,002460.SZ,002460.SZ,31.3745189201511,31.773022824364062,30.853398430026463,31.573770872257587,158927.05,324481373.0
2019-08-16,002460.SZ,002460.SZ,31.466489287186768,32.1562077567062,31.32854559328288,31.635087135291517,125450.54,260173636.0
2019-08-19,002460.SZ,002460.SZ,32.06425254026074,32.55471911831444,31.604440123335394,32.55471911831444,224860.53,470380580.0
2019-08-20,002460.SZ,002460.SZ,32.47809930988536,33.02987447513117,32.29417425480342,32.43211804611487,186210.75,396509284.0
2019-08-21,002460.SZ,002460.SZ,32.21752540673048,32.41677746681016,31.742385878848157,31.819021286571115,151438.03,315721414.0
2019-08-22,002460.SZ,002460.SZ,31.926301935510082,33.56629920248059,31.727049931111797,33.56629920248059,381891.66,818784922.0
2019-08-23,002460.SZ,002460.SZ,33.1064957441208,33.22911239502495,32.508739570963066,32.64668330323023,214988.64,461238897.0
2019-08-26,002460.SZ,002460.SZ,31.88032538515565,33.59695829051019,31.727054590034708,32.999202189538515,236455.85,505710017.0
2019-08-27,002460.SZ,002460.SZ,33.0451972095216,33.535663958456986,32.7999638350539,33.4437014430316,219573.12,476545176.0
2019-08-28,002460.SZ,002460.SZ,33.42836997307827,33.76556581874894,32.69266994616045,32.7233241139487,189998.75,410572674.0
2019-08-29,002460.SZ,002460.SZ,32.646703385488,32.66203047627931,32.064273935418264,32.186890661748734,145349.7,306097431.0
2019-08-30,002460.SZ,002460.SZ,32.432119447917,32.432119447917,31.84969008165006,31.956979701751866,148106.57,309878232.0
2019-09-02,002460.SZ,002460.SZ,32.29418406532282,32.93792195366812,32.15624023210597,32.64670719465477,189237.6,402572703.0
2019-09-03,002460.SZ,002460.SZ,32.43212469197336,32.70801233113003,32.156237052816685,32.55474142048743,160191.75,339049910.0
2019-09-04,002460.SZ,002460.SZ,32.38612939957328,33.79622116708901,32.26351272413713,33.566314900646226,425054.77,920390085.0
2019-09-05,002460.SZ,002460.SZ,33.41303469526324,34.22536994244165,33.32107221445059,33.91882833973282,388431.7,856745317.0
2019-09-06,002460.SZ,002460.SZ,34.02611371688873,34.14873034289554,33.535647212861505,33.78088046487512,190751.0,420228663.0
2019-09-09,002460.SZ,002460.SZ,34.02612311785636,34.899766819531045,33.857525210515625,34.838458489588966,297856.6,670056087.0
2019-09-10,002460.SZ,002460.SZ,34.761806739256784,36.110589364060395,34.50124645946518,34.99171286848467,355826.44,821516850.0
2019-09-11,002460.SZ,002460.SZ,35.374890749015925,35.69675933901998,34.148724691857666,34.21003299471558,265469.27,603759554.0
2019-09-12,002460.SZ,002460.SZ,34.562540969769636,34.71581166143158,34.0720747564514,34.43992441644007,162551.39,365162600.0
2019-09-16,002460.SZ,002460.SZ,34.853742872143265,35.374863038217526,34.66981810764647,34.99168644551586,209816.06,478934195.0
2019-09-17,002460.SZ,002460.SZ,34.91504209507672,34.91504209507672,34.010745570226184,34.42457618329338,178277.73,400230527.0
2019-09-18,002460.SZ,002460.SZ,34.51654089128875,34.62383031679453,33.76551491274827,34.22532673634448,135228.99,301327771.0
2019-09-19,002460.SZ,002460.SZ,34.25599555383684,35.681412818493136,34.25599555383684,35.512815077512286,346307.4,793195557.0
2019-09-20,002460.SZ,002460.SZ,35.37486617349476,35.512809759093315,34.86907302630008,35.2062684577632,232985.22,534338748.99999994
2019-09-23,002460.SZ,002460.SZ,35.022356387183,35.52814971793882,34.57787133894304,34.884412751522326,196587.09,449787406.0
2019-09-24,002460.SZ,002460.SZ,34.86908994064205,35.43619162319315,34.63918385312133,35.12965017316553,183718.52,420265454.0
2019-09-25,002460.SZ,002460.SZ,35.14496980116434,38.30234606764487,34.80777427755963,37.336740704595,736404.56,1767026302.0
2019-09-26,002460.SZ,002460.SZ,36.784968750506735,37.52066812551687,35.45151363330086,35.52814898486442,446556.67,1063033743.0
2019-09-27,002460.SZ,002460.SZ,35.85003002065316,35.972646626110716,35.007040858132456,35.175638690636596,236807.55,547214986.0
2019-09-30,002460.SZ,002460.SZ,35.16032821323981,35.78873861286615,34.31733865276544,34.577899062366605,182047.75,417154350.0
2019-10-08,002460.SZ,002460.SZ,34.22537615525915,35.00705738406265,33.71958241897453,34.577899062366605,165023.4,370497528.0
2019-10-09,002460.SZ,002460.SZ,34.24068862881015,34.8384446075584,33.82685756659982,34.48592185086071,141682.43,316424076.0
2019-10-10,002460.SZ,002460.SZ,35.23694470581901,35.40554252737796,34.51657219552171,34.731151241142186,148176.41,337354771.0
2019-10-11,002460.SZ,002460.SZ,34.56256507998709,34.63920047927753,33.94948188566359,34.164061003676814,125425.68,280262332.0
2019-10-14,002460.SZ,002460.SZ,34.43993942471981,35.068349534383145,34.271341590419894,35.068349534383145,181607.46,412638145.0
2019-10-15,002460.SZ,002460.SZ,34.6238473309745,34.86908042406684,34.041418734880196,34.45524957947352,144397.93,324238398.0
2019-10-16,002460.SZ,002460.SZ,34.424612084258854,34.685172371628575,33.73489367651546,33.73489367651546,116632.62,260379926.0
2019-10-17,002460.SZ,002460.SZ,33.71956434570611,34.393955632620234,33.71956434570611,33.91881631683982,98383.86,218540186.0
2019-10-18,002460.SZ,002460.SZ,33.918807711932054,34.593198827759,33.73488286216108,34.25600326984553,157609.97,351324868.0
2019-10-21,002460.SZ,002460.SZ,34.07207281560919,34.31730590829913,33.750204381453635,34.0107645424367,85271.84,189103423.0
2019-10-22,002460.SZ,002460.SZ,34.05675620858979,34.30198937660844,33.84217718657347,33.98012084358397,79044.4,175400580.0
2019-10-23,002460.SZ,002460.SZ,33.796213433671255,33.96481132381655,32.784626092799456,32.83060733556636,173453.17,375388931.0
2019-10-24,002460.SZ,002460.SZ,32.799952313395124,33.38238137316569,32.600700266631506,32.723316910793734,111583.4,239837867.0
2019-10-25,002460.SZ,002460.SZ,32.72331713930852,33.152475396873214,32.263504720489195,32.92256918746356,100293.48,215106639.0
2019-10-28,002460.SZ,002460.SZ,32.95323701372456,33.48968505813403,32.4780973172476,33.41304962321839,126965.43,274539576.0
2019-10-29,002460.SZ,002460.SZ,33.30574515111026,34.24069703984368,33.12182018939221,33.65826799440319,166580.78,365964081.0
2019-10-30,002460.SZ,002460.SZ,33.459006550835,34.14872496347246,33.30573579247112,33.38237117165306,99085.2,217959314.0
2019-10-31,002460.SZ,002460.SZ,33.3976845576489,33.65824474006287,33.04516195791236,33.42833869675643,76847.39,166959700.0
2019-11-01,002460.SZ,002460.SZ,33.397694570931236,34.17937535253633,33.336386274334764,33.995450462746895,113679.18,251565103.0
2019-11-04,002460.SZ,002460.SZ,34.36331553172367,35.436211199529495,34.05677391235057,34.792473798846,253210.06,575652060.0
2019-11-05,002460.SZ,002460.SZ,35.23696685313302,36.447806514462954,34.63921056462837,35.74276063571388,407007.34,945128558.0
2019-11-06,002460.SZ,002460.SZ,36.01864002714055,37.78125432634104,35.83471505678919,36.14125667404145,546232.76,1308900093.0
2019-11-07,002460.SZ,002460.SZ,36.20257355390019,36.49378815911784,35.52818183655403,35.92668603316767,309081.76,726332706.0
2019-11-08,002460.SZ,002460.SZ,36.47847738193473,37.5053925015102,36.12595428118494,36.75436502599978,431396.3,1038287005.0
2019-11-11,002460.SZ,002460.SZ,36.50912439066565,37.3980955135282,35.558844914502224,35.88071376933177,290601.26,688892656.0
2019-11-12,002460.SZ,002460.SZ,35.957361294102995,36.294557350569434,35.43624011592759,35.850071639772764,163977.09,383604001.0
2019-11-13,002460.SZ,002460.SZ,35.681478193629,35.727459479960984,34.94577761231706,35.328954998417025,159687.82,368131301.0
2019-11-14,002460.SZ,002460.SZ,35.482225485985616,35.86540286704378,34.869141676292564,34.94577715250419,174521.0,401456804.0
2019-11-15,002460.SZ,002460.SZ,35.09903328738736,35.52819177299734,34.639220624233815,34.8537998670388,162371.53,371028122.0
2019-11-18,002460.SZ,002460.SZ,34.85379028595169,36.14126538886283,34.60855693301623,36.018648712395105,198719.62,461208752.0
2019-11-19,002460.SZ,002460.SZ,35.788751584561375,39.31398193336185,35.72744323066919,39.00744016390094,662215.54,1644994331.0
2019-11-20,002460.SZ,002460.SZ,39.022786471625,39.60521612045522,38.47101101483847,38.90016970345021,510751.0,1301128786.0
2019-11-21,002460.SZ,002460.SZ,39.298689141047745,39.31401624289683,38.16448360421563,38.37906303010279,259947.15,654892522.0
2019-11-22,002460.SZ,002460.SZ,39.57456333745721,40.58615171091661,38.97680657132211,39.49792785461938,602440.55,1562582769.0
2019-11-25,002460.SZ,002460.SZ,39.49794501960672,40.37158990362595,39.084113232439705,39.360001090551044,354897.54,921146104.0
2019-11-26,002460.SZ,002460.SZ,39.08411346700302,40.984674278731795,38.33308540430375,40.86205745216865,541503.07,1416809799.0
2019-11-27,002460.SZ,002460.SZ,40.54019067934205,42.946546042917355,40.019069135637835,41.9962655808685,631802.81,1718784010.0
2019-11-28,002460.SZ,002460.SZ,42.026935071837975,43.084505648043965,41.567121777835375,42.14955195023867,345935.16,955317762.0
2019-11-29,002460.SZ,002460.SZ,41.84301352387745,42.86992997299825,41.18394774309843,42.53273352701829,350225.89,961406995.0
2019-12-02,002460.SZ,002460.SZ,42.42546420612465,42.86995064470038,41.04602353468274,41.321911668971126,325085.53,885780314.0
2019-12-03,002460.SZ,002460.SZ,41.0919926452155,42.79330229967985,40.78545036513183,42.79330229967985,366784.9,998985562.0
2019-12-04,002460.SZ,002460.SZ,42.45612115496639,44.632572131141565,42.37948555721374,44.05014158822144,463363.65,1327915491.0
2019-12-05,002460.SZ,002460.SZ,44.050135107141834,44.98508926216468,43.80490123041453,44.58658421248281,395229.51,1145880999.0
2019-12-06,002460.SZ,002460.SZ,44.157411303712266,45.18432784565906,43.92750461521671,44.310682429375966,234337.01,678510799.0
2019-12-09,002460.SZ,002460.SZ,44.326016929610596,44.75517615299548,42.99255791409326,43.406390022357265,346024.76,988231006.0
2019-12-10,002460.SZ,002460.SZ,43.253120332710985,44.72452343403638,43.19181187015576,43.544335529848304,268092.6,765060635.0
2019-12-11,002460.SZ,002460.SZ,43.55967009171784,43.712941274306566,42.30284639449023,42.41013622230234,320323.49,893009350.0
2019-12-12,002460.SZ,002460.SZ,44.17273613849217,44.61722237999677,42.47142673135385,42.578716513786,387835.36,1097924622.0
2019-12-13,002460.SZ,002460.SZ,43.08450139819485,44.58655801044071,42.48674417495416,44.0501092203529,454354.51,1299775237.0
2019-12-16,002460.SZ,002460.SZ,44.75513589177641,45.797378782406824,43.712893001146,44.785790094442014,433826.1,1265482170.0
2019-12-17,002460.SZ,002460.SZ,45.82805157864897,49.2613236701598,45.82805157864897,49.2613236701598,720827.76,2277236985.0
2019-12-18,002460.SZ,002460.SZ,50.38021224695316,50.39553935746334,47.75927634971283,48.908809637976134,718827.35,2283548515.0
2019-12-19,002460.SZ,002460.SZ,48.90881146398898,48.90881146398898,47.36077324466498,47.62133413306605,363356.09,1135780830.0
2019-12-20,002460.SZ,002460.SZ,48.127129896096676,49.53722414782945,47.40675565879841,47.72862499886785,484022.95,1531972304.0
2019-12-23,002460.SZ,002460.SZ,47.48339151006366,50.64077648458694,46.456475037767255,49.491243120076035,603757.24,1945210792.0
2019-12-24,002460.SZ,002460.SZ,50.34954363313724,53.20038537309569,49.20001067347657,52.571974021814526,726756.62,2426053501.0
2019-12-25,002460.SZ,002460.SZ,51.83628700699322,53.18507271267489,51.11591282327687,52.48002563925038,498658.75,1697256672.0
2019-12-26,002460.SZ,002460.SZ,52.725279512531756,55.45350618498253,52.26546602841084,54.012757268070324,536801.06,1892751038.0
2019-12-27,002460.SZ,002460.SZ,54.25801658847347,55.407550838229255,52.34212617221381,52.38810754220404,635272.67,2238965938.0
2019-12-30,002460.SZ,002460.SZ,52.357454273902135,53.41502580343939,51.621752340311005,52.495398386450475,408711.53,1399737121.0
2019-12-31,002460.SZ,002460.SZ,52.495382560964316,54.77912329135371,52.081550348074956,53.384355462726624,417102.1,1459113890.0
2020-01-02,002460.SZ,002460.SZ,53.721559716187016,54.840439561916455,52.618006991631965,54.34997168433643,441532.6,1554001262.0
2020-01-03,002460.SZ,002460.SZ,54.07409792097145,56.725690591132455,53.445685785268545,55.760081699686545,536578.28,1929748138.0
2020-01-06,002460.SZ,002460.SZ,55.8060517747419,61.339142873528466,55.8060517747419,61.308488629213855,961274.7,3768945057.0
2020-01-07,002460.SZ,002460.SZ,60.0823188566296,61.645685316674545,59.79110353564082,61.27783438489926,578103.92,2290997377.0
2020-01-08,002460.SZ,002460.SZ,61.35449990334922,65.23226369938904,59.39262731088639,62.32010906995201,850346.08,3460242147.0
2020-01-09,002460.SZ,002460.SZ,63.60760914572928,63.9141518404075,61.30853893564268,62.67265392696073,451567.88,1844550545.0
2020-01-10,002460.SZ,002460.SZ,61.615105373425635,63.576979375365546,60.80276691949739,62.96389374975932,460877.21,1870824838.0
2020-01-13,002460.SZ,002460.SZ,64.06742427043201,64.97172523501467,62.55003790613231,63.730227300587636,403599.81,1675087961.0
2020-01-14,002460.SZ,002460.SZ,65.06371646256092,68.92615616775888,64.3739950866327,66.53512206454108,607636.43,2655547808.0
2020-01-15,002460.SZ,002460.SZ,65.78411779484787,66.36654940626543,62.243546683335786,64.52729168599943,509521.96,2138113100.9999998
2020-01-16,002460.SZ,002460.SZ,64.03685008315479,65.8761085824316,62.96394929190996,64.05217723731542,383866.48,1619492493.0
2020-01-17,002460.SZ,002460.SZ,63.59233349132825,64.83383240981404,63.10186478279065,64.12878364129125,367475.32,1531088588.0
2020-01-20,002460.SZ,002460.SZ,63.69959765831583,66.3511930372592,62.22819213011604,65.2323117501906,407137.23,1713395473.0
2020-01-21,002460.SZ,002460.SZ,64.40466360624497,65.4009280361369,63.255127725600424,63.3011091608262,292550.39,1223791378.0
2020-01-22,002460.SZ,002460.SZ,63.14785405762381,68.11385034759228,63.071218312408234,66.90300557318638,605510.11,2616971756.0
2020-01-23,002460.SZ,002460.SZ,66.65774851839916,69.43196155170112,62.61138254717419,66.47382279243438,590398.51,2553695275.0
2020-02-03,002460.SZ,002460.SZ,59.821853819418266,62.82597458513848,59.821853819418266,59.821853819418266,585891.22,2316283749.0
2020-02-04,002460.SZ,002460.SZ,62.81063966934273,65.79943291861599,61.35456090687627,65.79943291861599,688620.99,2907631982.0
2020-02-05,002460.SZ,002460.SZ,69.12544652788579,72.3748023291966,68.23647182752717,70.04507552825677,904905.66,4185944582.0
2020-02-06,002460.SZ,002460.SZ,66.44321722160508,72.83464088513665,66.13667412023666,71.9303387360998,745215.9,3401195967.0
2020-02-07,002460.SZ,002460.SZ,70.65817897974762,72.75799904921082,69.01817352403546,71.9456598982506,472808.09,2196549826.0
2020-02-10,002460.SZ,002460.SZ,71.42455064159341,79.1341105069843,71.42455064159341,79.1341105069843,680223.22,3463806258.0
2020-02-11,002460.SZ,002460.SZ,83.07319979332335,83.6556318213946,78.32178061695245,81.43319381954372,757975.13,4048353525.0
2020-02-12,002460.SZ,002460.SZ,79.77789443300188,89.57195294264419,79.76256726788507,89.57195294264419,495623.09,2807601551.0
2020-02-13,002460.SZ,002460.SZ,94.04747168752168,98.4923489348133,89.5412857885433,91.18129222116468,981343.95,6016421933.0
2020-02-14,002460.SZ,002460.SZ,93.28114492573681,95.58022013751146,88.05458061096911,88.56037715755953,772017.8,4627389426.0
2020-02-17,002460.SZ,002460.SZ,88.54507866665207,95.04380003668157,88.45311562839693,95.02847286363905,634668.93,3775872118.0
2020-02-18,002460.SZ,002460.SZ,94.72189794416043,96.56115809841599,88.13121572474475,92.30020540772398,742147.36,4485783300.0
2020-02-19,002460.SZ,002460.SZ,94.26207531033188,96.04002664951862,88.82093112575174,89.40336346100257,679910.04,4064512324.0
2020-02-20,002460.SZ,002460.SZ,91.34994333404963,91.94770303036304,87.36487869196021,90.23105979992452,580228.07,3410752191.0
2020-02-21,002460.SZ,002460.SZ,89.49535838219062,90.85947670656378,87.97796833597775,88.40712915712886,609376.01,3554686757.0
2020-02-24,002460.SZ,002460.SZ,86.59848794174347,87.15026591800944,79.70126323841876,84.28408587462785,938421.13,5100233049.0
2020-02-25,002460.SZ,002460.SZ,82.70537385718859,92.71401157563636,82.41415775205765,92.71401157563636,825476.82,4783799250.0
2020-02-26,002460.SZ,002460.SZ,93.77158148663446,96.8829955176555,88.74427211631472,90.5375501538983,973549.82,5884130667.0
2020-02-27,002460.SZ,002460.SZ,92.72931801849425,92.72931801849425,85.83209601711864,86.64443549728067,558831.6,3220979317.0
2020-02-28,002460.SZ,002460.SZ,81.8623826167492,84.45267332302717,78.16853610661316,79.67059817297553,673313.53,3572284513.0
2020-03-02,002460.SZ,002460.SZ,81.50982744427168,83.82422833635235,78.3984143244546,81.69375334298007,545613.0,2909711505.0
2020-03-03,002460.SZ,002460.SZ,84.36071970636125,88.51438159597316,83.01192912966071,83.91623190267585,537487.97,3001753957.0
2020-03-04,002460.SZ,002460.SZ,83.76292716990025,85.58685916133999,81.57114334825418,84.42199503235327,372264.25,2036186273.0
2020-03-05,002460.SZ,002460.SZ,85.06574203055095,85.64817413814752,81.08068024173235,82.84330372524826,407498.97,2198524468.0
2020-03-06,002460.SZ,002460.SZ,80.08439817184012,86.59844012840128,79.88514512375707,83.07319389308583,433652.16,2379090906.0
2020-03-09,002460.SZ,002460.SZ,80.31432699486719,82.56741975598273,76.09935754380068,76.86571562581277,512193.49,2619917132.0
2020-03-10,002460.SZ,002460.SZ,76.63582380379674,80.43696066446506,74.3520762544436,80.17639886353216,471325.64,2391200898.0
2020-03-11,002460.SZ,002460.SZ,80.46760152231812,81.81639179545412,78.16852719310903,78.27581732847213,360455.11,1877693008.0
2020-03-12,002460.SZ,002460.SZ,75.70089265324765,76.78912172358186,73.32518130251808,76.22201643340769,375260.75,1835383616.0
2020-03-13,002460.SZ,002460.SZ,71.66983613180778,75.10312169500817,70.53562572253625,73.57040492572229,390207.04,1851558221.0
2020-03-16,002460.SZ,002460.SZ,73.57040492572229,73.58573209341515,66.21336443315006,66.21336443315006,516926.83,2320776840.0
2020-03-17,002460.SZ,002460.SZ,65.90684142188536,68.02199121635516,61.002146246303184,63.56178404106013,626852.26,2611674732.0
2020-03-18,002460.SZ,002460.SZ,64.40476572185436,67.5774897828786,62.65746841288449,62.91803029229227,501248.94,2121715842.9999998
2020-03-19,002460.SZ,002460.SZ,63.60772949795498,64.06754440998839,59.16285201496535,62.24361192558919,512284.5,2053376177.0
2020-03-20,002460.SZ,002460.SZ,64.3740795522065,65.24772777470073,59.80658533635947,61.87575217910896,412241.45,1679353671.0
2020-03-23,002460.SZ,002460.SZ,59.56133548888136,59.56133548888136,55.68356454737673,55.76020033673454,492445.97,1837330540.0
2020-03-24,002460.SZ,002460.SZ,57.44617533500446,61.00207519565575,56.40392882412391,59.94450153020343,622966.86,2402392621.0
2020-03-25,002460.SZ,002460.SZ,62.22823247086387,65.23235403842283,61.7530907943622,64.91048387047007,646323.0,2694654350.0
2020-03-26,002460.SZ,002460.SZ,63.69966414884758,64.19013317020541,62.335547183196134,62.58078169387504,425985.96,1755430716.0
2020-03-27,002460.SZ,002460.SZ,63.929586005746266,64.2054748928485,60.57293787933572,60.940789728805356,350372.74,1412293501.0
2020-03-30,002460.SZ,002460.SZ,58.70301644378269,60.297040911185675,55.177770025487646,59.46937436080335,499060.56,1895747022.0
2020-03-31,002460.SZ,002460.SZ,60.11310724493429,62.657415200737226,59.16282355059826,61.69180435004093,503256.07,1999261241.0
2020-04-01,002460.SZ,002460.SZ,62.67273257388843,67.27087876419573,61.07870856124857,63.822269121465254,710363.95,2983888057.0
2020-04-02,002460.SZ,002460.SZ,63.178515790017244,66.06002014919319,62.304868191756455,65.93740294241975,433887.12,1816568927.0
2020-04-03,002460.SZ,002460.SZ,65.89141831515451,66.74973872121373,63.009914094812785,63.62300009914081,398584.02,1681433573.0
2020-04-07,002460.SZ,002460.SZ,65.55420041348098,66.36653911395199,64.40466451658806,66.33588482336818,418950.1,1788132725.0
2020-04-08,002460.SZ,002460.SZ,65.29364616098873,66.79570656563119,64.41999878277832,65.44691763085021,325794.47,1392506372.0
2020-04-09,002460.SZ,002460.SZ,65.90674845791999,66.10600141837418,63.65365728970738,63.99085460739906,241822.39,1018684016.0
2020-04-10,002460.SZ,002460.SZ,65.14041843603565,65.14041843603565,60.52694409503642,60.77217861150149,324276.24,1317622977.0
2020-04-13,002460.SZ,002460.SZ,59.56134096411687,60.28171745030151,58.258532425272314,58.68769288512699,299542.04,1153677845.0
2020-04-14,002460.SZ,002460.SZ,60.08245801764635,64.5579880536547,59.821896337467784,64.5579880536547,534392.93,2195731802.0
2020-04-15,002460.SZ,002460.SZ,66.07535321957016,68.9415306846733,64.80319958532652,66.70376646058209,804093.54,3519408950.0
2020-04-16,002460.SZ,002460.SZ,66.90304686172014,68.08323806638279,65.29369521899835,67.01033697123492,463448.57,2024361901.0
2020-04-17,002460.SZ,002460.SZ,68.66570156058573,70.79617756882712,67.25560233210942,68.22121376030515,621749.44,2794960288.0
2020-04-20,002460.SZ,002460.SZ,67.57747798523398,68.12925598647428,65.46232898047955,67.62345948533734,371605.55,1622851392.0
2020-04-21,002460.SZ,002460.SZ,66.12143110957061,67.4242409483081,64.4201147319252,65.29376368260797,374274.3,1600017584.0
2020-04-22,002460.SZ,002460.SZ,62.8720984766884,65.6003367821127,62.304992761515926,65.20183006334287,324725.63,1356729468.0
2020-04-23,002460.SZ,002460.SZ,65.98351877979371,66.02950032598173,62.93340954932242,63.30126191882649,276437.22,1159960933.0
2020-04-24,002460.SZ,002460.SZ,63.01004084187829,67.66950384745626,62.99471366093889,64.83397537366703,415050.87,1778799826.0
2020-04-27,002460.SZ,002460.SZ,64.81866990232272,65.60035639204096,62.979407573573916,64.06763778475029,235848.64,989470621.0
2020-04-28,002460.SZ,002460.SZ,65.30911546482012,66.6425801551368,62.56555018244444,65.66164061283489,357262.07,1516766323.0
2020-04-29,002460.SZ,002460.SZ,65.64633266097746,67.39363173250477,65.14053556132482,65.72296858516727,289641.98,1252072596.0
2020-04-30,002460.SZ,002460.SZ,68.32861078210841,71.80788279815566,68.32861078210841,70.98021456526337,548224.78,2502318431.0
2020-05-06,002460.SZ,002460.SZ,70.52039048126446,76.40603054751213,70.1678651647965,75.02658365698534,460041.86,2232960804.0
2020-05-07,002460.SZ,002460.SZ,74.88863436168701,78.49052324318446,74.82732561476791,77.24902111807256,452446.42,2277929014.0
2020-05-08,002460.SZ,002460.SZ,77.24904975187573,80.80495839124778,74.10697530760301,76.08418312863316,552862.7,2768574254.0
2020-05-11,002460.SZ,002460.SZ,76.02288894939487,76.62064956815018,73.38661134873037,74.75073173512072,350947.58,1711357357.0
2020-05-12,002460.SZ,002460.SZ,74.67407090233468,76.05351802491475,73.47855006276528,75.56304793688628,283031.23,1386353312.0
2020-05-13,002460.SZ,002460.SZ,74.49014358391692,80.43709331859999,73.76976565213829,77.18772903057727,374784.5,1907272472.0
2020-05-14,002460.SZ,002460.SZ,76.60527288221279,76.98845251847837,74.91928248264429,75.17984463530487,257079.53,1269029361.0
2020-05-15,002460.SZ,002460.SZ,76.02287184470589,79.82401543694118,74.87333245189281,78.62849446841557,438871.34,2232574955.0
2020-05-18,002460.SZ,002460.SZ,78.16866728952581,79.39484246269485,75.86958883983388,76.57463956440608,294064.31,1486020561.0
2020-05-19,002460.SZ,002460.SZ,77.40227995883028,78.62845469085136,75.91554309625474,76.513303278115,284072.02,1428981785.0
2020-05-20,002460.SZ,002460.SZ,78.78170794873041,82.582848721354,78.12263918573521,79.011615656752,557206.46,2930671572.0
2020-05-21,002460.SZ,002460.SZ,79.70130800151433,79.91588844613379,75.10315561681159,75.21044583912132,406980.26,2033972078.0
2020-05-22,002460.SZ,002460.SZ,74.91922692654414,75.0265171451378,70.96481601266353,72.57416929156844,298570.13,1419065663.0
2020-05-25,002460.SZ,002460.SZ,72.00706141467361,73.00332769648584,70.90350491789701,72.49753096879655,165538.57,777608019.0
2020-05-26,002460.SZ,002460.SZ,73.6010595349041,74.82723295489416,73.04928149590855,74.71994278064503,224567.91,1086431166.0
2020-05-27,002460.SZ,002460.SZ,74.79656887619689,77.01900791042816,73.0339448145652,73.53974128442474,266825.47,1306171967.0
2020-05-28,002460.SZ,002460.SZ,72.92664675002237,75.56291897385672,71.70047362265757,74.38272733876809,264658.08,1279655602.0
2020-05-29,002460.SZ,002460.SZ,75.57827307128741,77.67809530019967,74.0302289463229,75.86948929281539,367053.21,1820400402.0
2020-06-01,002460.SZ,002460.SZ,77.24893455268477,80.25305978528918,75.28705684975944,78.904268864528,360678.6,1843521662.0
2020-06-02,002460.SZ,002460.SZ,80.16109816207056,81.05007401166907,77.21828155650316,77.55547929255776,285521.23,1459114604.0
2020-06-03,002460.SZ,002460.SZ,78.16856327018985,78.16856327018985,75.82350637208415,76.60519200478605,232245.06,1162716057.0
2020-06-04,002460.SZ,002460.SZ,77.0956826123996,79.27214124678544,76.80446631624939,77.50951629640255,260835.98,1329085727.0
2020-06-05,002460.SZ,002460.SZ,76.31402264378302,77.00374568434745,75.34841038699284,76.92710979095139,176777.34,878794653.0
2020-06-08,002460.SZ,002460.SZ,76.63590549000482,78.61311185164695,76.4059977735348,76.72786857659283,208688.96,1050679139.9999999
2020-06-09,002460.SZ,002460.SZ,78.16865841818877,80.34511910355795,77.4329533977823,79.76268596240281,342356.28,1763446886.0
2020-06-10,002460.SZ,002460.SZ,79.47144325070575,79.65536944530719,77.80078031640933,79.0269549470856,209966.73,1079654209.0
2020-06-11,002460.SZ,002460.SZ,81.23409835852989,82.41429186298402,78.39856851016611,79.13427355190375,425259.52,2240977966.0
2020-06-12,002460.SZ,002460.SZ,76.63593872185037,77.77015061493375,76.02285121207557,77.03444560320398,269739.22,1353724082.0
2020-06-15,002460.SZ,002460.SZ,76.39067408704975,78.70507853872401,75.3330985429072,76.42132845064808,293354.31,1474244924.0
2020-06-16,002460.SZ,002460.SZ,77.95407643696348,80.59035271442272,77.18771705398113,79.9312836450579,371828.12,1913424210.0
2020-06-17,002460.SZ,002460.SZ,81.69393630512708,82.03113454128334,78.7511153350362,79.70140127329472,296275.3,1554237713.0
2020-06-18,002460.SZ,002460.SZ,79.13426008195421,83.76307018165402,78.91967948130588,83.01203807938484,433751.85,2319069215.0
2020-06-19,002460.SZ,002460.SZ,83.04271756179725,85.34179612109396,82.30701242282231,83.53318765444722,409587.24,2244234341.0
2020-06-22,002460.SZ,002460.SZ,83.74772840422868,87.47223389511953,83.54847502405757,85.21913798087692,349225.18,1949996539.0
2020-06-23,002460.SZ,002460.SZ,85.21911409195415,85.98547303163,83.70172339139597,85.29574998592173,243152.57,1343074738.0
2020-06-24,002460.SZ,002460.SZ,85.28037995383414,85.28037995383414,82.46018047297406,82.81270540808157,239250.33,1301277201.0
2020-06-29,002460.SZ,002460.SZ,82.01572958627366,83.36452125205429,80.92749994683703,81.9850752302332,207281.5,1108146790.0
2020-06-30,002460.SZ,002460.SZ,82.18436082297809,83.6864248589072,81.89314432621633,82.10772490277763,205839.9,1108836207.0
2020-07-01,002460.SZ,002460.SZ,83.50248031316133,84.91258093518975,82.7821028214729,83.82435110732,299385.09,1640811276.0
2020-07-02,002460.SZ,002460.SZ,83.68639089465881,87.91669197285036,83.4564832273658,85.83219578939365,325622.75,1824629710.0
2020-07-03,002460.SZ,002460.SZ,87.36495036302856,89.09692218601491,86.26139309528503,87.34962317875434,283036.2,1622150295.0
2020-07-06,002460.SZ,002460.SZ,87.2116494152364,91.99372931287326,86.23070994905447,90.43035703864582,425664.35,2476998995.0
2020-07-07,002460.SZ,002460.SZ,96.30066665657826,99.47339274251041,94.61467694907807,99.47339274251041,488352.17,3129621562.0
2020-07-08,002460.SZ,002460.SZ,99.13616946808158,99.62663907583953,95.50362893562404,98.96757054041474,433550.38,2767451548.0
2020-07-09,002460.SZ,002460.SZ,97.25096793065954,101.92575835128225,97.25096793065954,99.1362112806156,326011.8,2108979488.0
2020-07-10,002460.SZ,002460.SZ,99.1208598861736,100.20908952154058,97.49617902210457,98.38515534395366,290554.72,1876850949.0
2020-07-13,002460.SZ,002460.SZ,101.15934636613265,107.19825280071693,100.39298768154073,107.09096258487408,441317.12,2999492755.0
2020-07-14,002460.SZ,002460.SZ,104.22481297248636,104.22481297248636,98.09394162116364,98.95226361034882,466237.34,3063120186.0
2020-07-15,002460.SZ,002460.SZ,101.15940912011024,101.3126809521104,91.73319145209997,97.83341036570661,442624.86,2784354849.0
2020-07-16,002460.SZ,002460.SZ,97.87940232344555,98.84501496772633,90.43039049613667,90.9515147803517,333848.43,2061703689.0
2020-07-17,002460.SZ,002460.SZ,91.97843911090759,94.98256743381009,89.95525064854468,92.80610711823786,264824.41,1601625744.0
2020-07-20,002460.SZ,002460.SZ,94.76797794523415,96.13209731077285,90.89020042297241,94.72199639358676,255162.08,1568639554.0
2020-07-21,002460.SZ,002460.SZ,96.56128328242728,98.78372551670537,94.12426041863267,95.39641700790911,244338.86,1532466033.0
2020-07-22,002460.SZ,002460.SZ,94.71874126149869,96.41289760926534,94.37990999194537,94.78034694687203,189344.86,1172565173.0
2020-07-23,002460.SZ,002460.SZ,92.56254001507466,94.71873895053398,89.97510129252349,94.68793610859883,265443.45,1596530423.0
2020-07-24,002460.SZ,002460.SZ,92.4084776387284,92.4084776387284,85.21601779584736,85.21601779584736,512070.75,2912100157.0
2020-07-27,002460.SZ,002460.SZ,85.21605059295636,85.26225484955837,81.02686466104166,83.67590870622301,258138.9,1398263770.0
2020-07-28,002460.SZ,002460.SZ,85.3700925422551,88.83541291425715,84.52301422909903,85.63191674813969,275023.61,1549324638.0
2020-07-29,002460.SZ,002460.SZ,84.84645603875875,88.21936834089854,84.16879329312334,87.78812841185784,228562.06,1285511369.0
2020-07-30,002460.SZ,002460.SZ,88.4041742568673,88.69680131451197,84.58462108339985,85.12367092642954,238736.66,1327663043.0
2020-07-31,002460.SZ,002460.SZ,85.78591787471626,88.20394105359067,84.8156283188622,86.18635483427508,205252.48,1150548643.0
2020-08-03,002460.SZ,002460.SZ,86.55599094509894,88.23474592962131,85.93993407004484,88.23474592962131,230027.45,1303641303.0
2020-08-04,002460.SZ,002460.SZ,89.79024763088644,92.96293905660902,89.3436066049352,90.51411412122121,373733.43,2212257418.0
2020-08-05,002460.SZ,002460.SZ,89.97502824576608,90.7142958520305,85.26219725583036,89.55919021724233,358475.8,2049658178.0
2020-08-06,002460.SZ,002460.SZ,89.18958980182364,90.09827324135182,86.86397625320072,88.2501035338369,196502.17,1122168695.0
2020-08-07,002460.SZ,002460.SZ,87.4800729121877,88.94320793448661,84.67701423788873,86.37117057949798,170201.28,957607369.0
2020-08-10,002460.SZ,002460.SZ,85.55491324295927,85.57031466748546,81.62754998878202,83.78374942244797,227259.73,1230816237.0
2020-08-11,002460.SZ,002460.SZ,83.93773884323258,86.63298733819876,83.1214635847571,83.32168204438317,214076.63,1183911667.0
2020-08-12,002460.SZ,002460.SZ,84.86183461252978,89.8210924610297,82.18198720371305,89.02021852276263,337282.16,1883520532.0
2020-08-13,002460.SZ,002460.SZ,87.78811453106343,88.54278428755853,85.67811949759752,85.89373942802469,217625.08,1225014231.0
2020-08-14,002460.SZ,002460.SZ,85.92453721714763,86.63300266113201,82.72104129652267,84.2457821433586,176139.6,962301796.0
2020-08-17,002460.SZ,002460.SZ,84.2457451774412,85.30844287712007,82.85961774307744,85.2930414611827,178509.5,977548808.0
2020-08-18,002460.SZ,002460.SZ,87.01800104925803,87.3260293715563,85.10822545100883,85.50866226999658,161557.55,902443197.0
2020-08-19,002460.SZ,002460.SZ,85.63188244485745,86.3557490770352,83.16765561191191,83.491085383736,167739.41,917149036.0
2020-08-20,002460.SZ,002460.SZ,82.39757074083533,82.39757074083533,79.84093583560569,80.30297828835803,210682.73,1102853988.0
2020-08-21,002460.SZ,002460.SZ,80.39537911185812,82.30515440110531,78.82443492231606,79.77932256693965,156696.76,819468857.0
2020-08-24,002460.SZ,002460.SZ,81.01145296756131,82.93663008180944,79.74853678061454,82.16655923611019,187621.83,993411794.0
2020-08-25,002460.SZ,002460.SZ,83.15227642289041,83.16767784471351,80.67264750937211,80.93447168036471,123601.78,656430503.0
2020-08-26,002460.SZ,002460.SZ,80.93446526873686,80.96526810994284,75.31294674864381,75.82119362854263,281690.71,1418351956.0
2020-08-27,002460.SZ,002460.SZ,76.82230727885303,78.8552953624153,76.19084885895869,78.67047826390964,171826.96,868559594.0
2020-08-28,002460.SZ,002460.SZ,78.5164887615891,79.44057454536615,77.6232058372713,79.16334881023303,131118.01,669026378.0
2020-08-31,002460.SZ,002460.SZ,79.68701161987148,80.2106603239835,77.76183256063608,77.79263542558384,148790.11,761054506.0
2020-09-01,002460.SZ,002460.SZ,78.48568498853675,82.85969098083353,76.23707627418699,80.8113008506382,322522.96,1679168000.0
2020-09-02,002460.SZ,002460.SZ,81.67376970200571,81.92019254100855,79.77939412717133,81.28873401606377,178904.61,939617306.0
2020-09-03,002460.SZ,002460.SZ,80.82670318120601,80.99611890814833,78.6088973012339,79.33276449816924,142104.69,733935915.0
2020-09-04,002460.SZ,002460.SZ,77.02258708984257,78.39331499446085,76.3757267303598,77.93127188054459,127767.73,640785094.0
2020-09-07,002460.SZ,002460.SZ,78.23928308071135,79.45599634121848,74.69695333493112,75.55943362086022,166045.56,830828928.0
2020-09-08,002460.SZ,002460.SZ,75.55944336754435,77.93126445979911,73.5418552955614,77.13038980527152,149859.79,740236566.0
2020-09-09,002460.SZ,002460.SZ,75.46704606183616,75.89828632504666,73.24923899389648,74.00390945451484,160519.28,776565265.0
2020-09-10,002460.SZ,002460.SZ,74.78938167362605,75.69806650038551,71.94011569141418,72.15573581979778,150324.94,721473951.0
2020-09-11,002460.SZ,002460.SZ,72.1711150722206,72.98739102160765,71.40104342185546,72.64855949544699,128037.7,601143295.0
2020-09-14,002460.SZ,002460.SZ,73.6342631307915,78.31629952312795,73.6342631307915,75.7134569234409,284269.54,1409291473.0
2020-09-15,002460.SZ,002460.SZ,77.00717261712414,80.54950255751184,75.91367076596097,80.54950255751184,346546.07,1789815471.0
2020-09-16,002460.SZ,002460.SZ,79.31741760860076,84.21507562792796,78.70135999610679,81.95106390201256,323361.33,1709184166.0
2020-09-17,002460.SZ,002460.SZ,81.1655805972851,84.27667116287364,80.68813600553636,82.62871724941832,266433.21,1433655006.0
2020-09-18,002460.SZ,002460.SZ,82.67495675344753,86.37130355315458,82.28992062847806,85.94006309318875,298750.71,1644577017.0
2020-09-21,002460.SZ,002460.SZ,86.54072414888635,88.40429909496488,84.09189426106417,85.06218534869183,280651.75,1566833333.0
2020-09-22,002460.SZ,002460.SZ,84.10730038732778,84.93897850871868,82.41314125116114,83.0291991188581,199698.57,1083640579.0
2020-09-23,002460.SZ,002460.SZ,83.49126695571171,84.39995257651728,80.39557526449273,82.45936972530538,198832.46,1063285756.0
2020-09-24,002460.SZ,002460.SZ,80.54955980751905,81.7354711087005,77.76189817746915,77.82350395934871,250139.47,1285712491.0
2020-09-25,002460.SZ,002460.SZ,79.44068617828516,80.95002841276984,78.37798603359698,79.93353262219853,168757.63,874222169.0
2020-09-28,002460.SZ,002460.SZ,80.76522150362104,81.31967382515619,79.28668197952729,79.31748488627925,98425.21,513009113.0
2020-09-29,002460.SZ,002460.SZ,81.62766858905492,85.17000137688183,81.33504109788662,84.2921189033769,242829.37,1320110917.0
2020-09-30,002460.SZ,002460.SZ,84.29208637803632,85.32398292240475,82.70573795908187,83.46040856615728,154815.9,844264065.0
2020-10-09,002460.SZ,002460.SZ,89.02029764456826,89.91358090812967,86.7408851789288,87.26453398860272,303776.29,1744508815.0
2020-10-12,002460.SZ,002460.SZ,89.42075264526206,91.05330513930231,87.27995267666209,88.51206776650379,278801.98,1609712161.0
2020-10-13,002460.SZ,002460.SZ,87.8190235761942,91.56157403726316,86.41749233357167,91.56157403726316,299942.2,1745596060.0
2020-10-14,002460.SZ,002460.SZ,90.86849600038595,91.43834928038837,89.18973904037881,90.02141680038235,184072.09,1077523906.0
2020-10-15,002460.SZ,002460.SZ,91.33052465284887,93.42512015922111,90.26782546211588,90.40643840003759,305705.65,1825427456.0
2020-10-16,002460.SZ,002460.SZ,90.59127119049667,91.33054031955886,87.84981483689101,87.98842779859018,173421.95,1001038567.0
2020-10-19,002460.SZ,002460.SZ,88.26564815540897,89.79039063794002,87.55718195140464,88.40426110836633,157351.28,908466981.0
2020-10-20,002460.SZ,002460.SZ,88.71225495001443,90.94546275691582,86.43284284365988,90.71444125965016,198930.54,1152100596.0
2020-10-21,002460.SZ,002460.SZ,90.25237372659059,90.94543802995177,88.97405512261328,90.0675565790276,150351.36,877628001.0
2020-10-22,002460.SZ,002460.SZ,89.52850324316557,90.63740608739539,87.0180704152564,89.65171467030223,156062.94,901747284.0
2020-10-23,002460.SZ,002460.SZ,90.09832229131885,94.41072062321103,89.32825116062382,89.69788530335744,303446.84,1817329181.0
2020-10-26,002460.SZ,002460.SZ,87.00264015908608,91.05321448407096,85.63191348637255,89.95971343055793,202544.95,1166349833.0
2020-10-27,002460.SZ,002460.SZ,90.56033890731284,97.21375156172766,90.45252898004223,95.81222250720973,393215.04,2424164667.0
2020-10-28,002460.SZ,002460.SZ,96.72088886812438,99.41613656747496,95.92001526603163,97.9221992712635,388701.65,2469582683.0
2020-10-29,002460.SZ,002460.SZ,95.48880023565316,98.21485146818713,94.87274345993927,97.79901314458026,230563.62,1446353721.0
2020-10-30,002460.SZ,002460.SZ,97.02891425638332,97.02891425638332,92.3006798632548,93.67140579481324,306130.03,1879392797.0
2020-11-02,002460.SZ,002460.SZ,94.21049966659447,99.77041308487804,92.90137877863296,98.93873628546719,299449.65,1886149161.0
2020-11-03,002460.SZ,002460.SZ,100.20165864568605,102.2654493402022,96.5053171032691,101.1103426081969,370604.34,2399645794.0
2020-11-04,002460.SZ,002460.SZ,100.12467034018648,106.57786782865566,100.12467034018648,105.34575374971166,385721.16,2611932791.0
2020-11-05,002460.SZ,002460.SZ,105.51521386300621,113.73957880284641,105.00696659144306,111.19834244503063,450346.2,3192827529.0
2020-11-06,002460.SZ,002460.SZ,110.89029194238078,118.54480237229235,108.58007752691452,115.66473506767773,522904.99,3874736871.0
2020-11-09,002460.SZ,002460.SZ,115.61847408879693,121.13218312353644,112.96942952462042,117.7900745745463,389513.47,2938702187.0
2020-11-10,002460.SZ,002460.SZ,117.01999832453295,117.01999832453295,110.13556304537182,111.86052222046364,368858.84,2701231503.0
2020-11-11,002460.SZ,002460.SZ,109.81207999257452,115.18717338912552,109.35003758026356,110.5205450247847,306010.27,2232863143.0
2020-11-12,002460.SZ,002460.SZ,112.43030763476058,114.69431519946055,110.58213819418917,112.39950481075107,222057.44,1625060712.0
2020-11-13,002460.SZ,002460.SZ,115.51053812540047,116.74265053207141,111.66018685455379,113.9857990221452,298089.02,2217301442.0
2020-11-16,002460.SZ,002460.SZ,113.8318341358428,121.71735694433306,112.58431978528085,120.77787082847777,334060.32,2558558522.0
2020-11-17,002460.SZ,002460.SZ,121.90221933377673,126.59965166438973,115.97267360497014,118.80653442081537,397028.77,3140159887.0
2020-11-18,002460.SZ,002460.SZ,119.06838825138601,120.90115738887339,107.62513220808243,109.04206296983739,454760.24,3312638726.0
2020-11-19,002460.SZ,002460.SZ,110.2742058391299,112.1223768867131,106.48545519158439,111.81434837878255,318825.09,2266250471.0
2020-11-20,002460.SZ,002460.SZ,111.66031667095662,117.03541329415162,110.89024552150174,116.26534214469675,308886.49,2292393735.0
2020-11-23,002460.SZ,002460.SZ,116.80440970703084,125.22898936285176,116.12674699248583,125.21358793752118,370353.74,2929003934.0
2020-11-24,002460.SZ,002460.SZ,126.90771544451943,130.81967657594026,123.99684672861964,128.1706320302537,347210.14,2872019269.0
2020-11-25,002460.SZ,002460.SZ,127.36979589044908,127.52381015392,121.5172538785542,122.39513518033843,284016.12,2286142101.0
2020-11-26,002460.SZ,002460.SZ,123.22677019007794,124.95172935284369,118.09809696506908,122.82633324157875,234535.91,1844953685.0
2020-11-27,002460.SZ,002460.SZ,121.85603898024947,123.96603358847672,115.68006936054773,118.97597334712172,237433.45,1835126532.0
2020-11-30,002460.SZ,002460.SZ,118.91439883833348,122.9033677930192,115.89571962938214,120.43913986734464,282880.56,2207820758.0
2020-12-01,002460.SZ,002460.SZ,118.59102494793358,121.47109269666912,117.28190324396289,120.624013947041,173715.78,1349418083.0
2020-12-02,002460.SZ,002460.SZ,119.74607456362153,121.22461130421415,115.20265437117544,116.2037469559517,254915.62,1931992800.0
2020-12-03,002460.SZ,002460.SZ,115.78792359841052,117.08164341515251,112.43041264543717,115.14106369003952,173492.61,1291479467.0
2020-12-04,002460.SZ,002460.SZ,115.68009072082181,120.947377503743,115.68009072082181,120.16190491330738,268703.4,2072028865.0
2020-12-07,002460.SZ,002460.SZ,120.1619445155392,125.36762732074972,119.82311309034799,122.9033987739045,273904.3,2185746685.0
2020-12-08,002460.SZ,002460.SZ,124.56669972651592,129.0639148996295,123.25757887132876,126.66129309481539,251594.75,2066567519.0
2020-12-09,002460.SZ,002460.SZ,128.03206624096063,131.9132259537866,121.97930526024399,123.21141945479191,356190.41,2952037560.0
2020-12-10,002460.SZ,002460.SZ,121.88689669565291,124.05849796354362,119.34566116939781,121.67127671160702,203630.8,1610697411.0
2020-12-11,002460.SZ,002460.SZ,123.22687881605314,124.39738785117625,118.22141254743457,121.20929087393304,213234.29,1675863788.0
2020-12-14,002460.SZ,002460.SZ,121.67136787235269,126.80004704975693,118.20604410383632,126.36880675856376,246305.7,1970513482.0
2020-12-15,002460.SZ,002460.SZ,126.38418942910161,128.69440493170524,124.2587911667063,128.60199631160108,213149.32,1754535087.0
2020-12-16,002460.SZ,002460.SZ,128.15530532760386,129.71084983404396,127.04640231311193,128.06289674306288,184620.47,1536330815.0
2020-12-17,002460.SZ,002460.SZ,127.83187927166085,132.26749146807512,126.49195475399405,128.29392220878734,260761.69,2189019060.0
2020-12-18,002460.SZ,002460.SZ,128.70972586733328,138.7822591588537,127.75483739015553,137.68875783821463,407664.38,3552414242.0
2020-12-21,002460.SZ,002460.SZ,139.38287516053137,144.9119858989436,135.9021536371855,144.00330196143298,400536.29,3660060693.0
2020-12-22,002460.SZ,002460.SZ,144.01873615108826,151.4730264192015,140.90764806398315,142.15516358405995,390767.67,3688323162.0
2020-12-23,002460.SZ,002460.SZ,143.24868962487793,151.41144690916835,143.24868962487793,148.6699925759538,347017.08,3328469255.0
2020-12-24,002460.SZ,002460.SZ,151.64251113194405,155.2772493634227,145.78996652193607,152.44338565752412,309192.39,3046840426.0
2020-12-25,002460.SZ,002460.SZ,152.44335709539087,167.69077309098967,150.78000262314373,167.69077309098967,354914.9,3685720012.0
2020-12-28,002460.SZ,002460.SZ,168.06038543099837,169.40030969167438,158.8041270325352,164.8106840631519,368201.55,3918567599.0
2020-12-29,002460.SZ,002460.SZ,163.23967581796032,164.4563881860723,148.3310989529933,148.3310989529933,432933.16,4295166173.0
2020-12-30,002460.SZ,002460.SZ,149.8558517423585,158.29583188159927,149.825048895135,155.5543784787072,409467.79,4107199198.0
2020-12-31,002460.SZ,002460.SZ,153.98340283879983,160.74462646814902,153.41355027778408,155.86237614809505,326831.05,3313952730.0
2021-01-04,002460.SZ,002460.SZ,161.69951454336467,171.44861376290459,158.72704037374191,171.44861376290459,374293.86,4026159131.0
2021-01-05,002460.SZ,002460.SZ,174.03609453945816,184.5090630604167,166.5047980589453,182.50687790199817,379549.93,4313308772.0
2021-01-06,002460.SZ,002460.SZ,185.12507943798312,191.5782748027514,176.85451640485525,186.1261717976727,343217.08,4094818329.0
2021-01-07,002460.SZ,002460.SZ,186.35722675927377,197.13822334865324,182.5222722581945,194.05793860883054,385689.87,4782280531.0
2021-01-08,002460.SZ,002460.SZ,197.1382361011865,197.1382361011865,175.11419878675707,190.46941920807603,480101.61,5751112502.0
2021-01-11,002460.SZ,002460.SZ,200.002906702534,209.45938173066855,188.08220365403858,194.4429922315949,531641.33,6898170348.0
2021-01-12,002460.SZ,002460.SZ,187.89731161700098,212.47797631706112,181.13608868258592,212.4009692221361,471087.04,6126113719.0
2021-01-13,002460.SZ,002460.SZ,211.92341801158915,220.44039840115374,191.99399192823185,194.24259796236646,581416.04,7764009893.0
2021-01-14,002460.SZ,002460.SZ,188.66724333385326,197.83108086721182,181.78281412812,187.71235606146968,389890.3,4774345547.0
2021-01-15,002460.SZ,002460.SZ,186.35709145025334,204.82338505759662,182.0138931205863,202.06653221713415,411941.48,5180802804.0
2021-01-18,002460.SZ,002460.SZ,195.44394787076578,213.32498991000602,190.90053064287957,209.07419955442438,350484.94,4596798426.0
2021-01-19,002460.SZ,002460.SZ,206.533069382155,211.8157571374182,188.18997574799047,193.42645923717262,465653.41,6054602517.0
2021-01-20,002460.SZ,002460.SZ,198.67839127542325,202.82137478341463,191.2703055232156,195.56730328800964,370384.75,4754604435.0
2021-01-21,002460.SZ,002460.SZ,192.44086934846496,202.65201751797534,187.89744746308702,196.8302769326436,408457.44,5147666249.0
2021-01-22,002460.SZ,002460.SZ,194.0735041055666,215.41989539913976,192.76438198438788,214.9270494241078,504770.74,6734319612.0
2021-01-25,002460.SZ,002460.SZ,212.2164704582128,229.94353029545812,211.01515797575829,215.62018915850058,532532.8,7589424033.0
2021-01-26,002460.SZ,002460.SZ,215.65108621340494,221.78086283909664,205.0856923309313,211.61590662563805,355276.74,4918622754.0
2021-01-27,002460.SZ,002460.SZ,211.46193628215477,213.7721540856743,197.07698009223975,210.99989272145083,365641.2,4878720461.0
2021-01-28,002460.SZ,002460.SZ,203.28385327293338,210.21450968423878,197.41589751136146,199.20246671960908,296477.45,3909134844.0
2021-01-29,002460.SZ,002460.SZ,203.2992732966823,203.4532878976646,179.28839700353623,184.5094919768374,485327.95,5942499202.0
2021-02-01,002460.SZ,002460.SZ,188.7757716272469,193.65803642335015,180.35116959737795,185.572266650624,356135.06,4313433135.0
2021-02-02,002460.SZ,002460.SZ,189.3917768765909,201.34331130419392,184.86374708056604,201.34331130419392,383187.95,4824356453.0
2021-02-03,002460.SZ,002460.SZ,200.61952871329785,209.3059569486963,196.21470872158872,201.17398157938712,355623.54,4677761650.0
2021-02-04,002460.SZ,002460.SZ,200.0650597761694,203.3147693691464,187.31264488050593,190.9627926223806,364145.01,4592447622.0
2021-02-05,002460.SZ,002460.SZ,191.2400091944411,194.0584775589883,172.03438050269042,172.43481863098674,522934.36,6168734961.0
2021-02-08,002460.SZ,002460.SZ,177.50184778822634,188.77571786032888,174.03651887262106,185.83403864752617,370951.04,4375683106.0
2021-02-09,002460.SZ,002460.SZ,192.795456296546,202.52917800763538,188.66786544437517,201.14304675130936,357745.3,4580220542.0
2021-02-10,002460.SZ,002460.SZ,201.77448275275984,207.61163479942013,194.1353602853628,206.3641168158331,319677.53,4192863406.0
2021-02-18,002460.SZ,002460.SZ,219.23965668487097,223.30563978039652,200.69630953709543,210.999880335984,526549.04,7197090094.0
2021-02-19,002460.SZ,002460.SZ,203.28367492802897,204.68520643938973,190.43886964808533,199.67973675595846,360077.84,4639100263.0
2021-02-22,002460.SZ,002460.SZ,203.29906524115802,212.53993184302882,199.91074748713874,202.513591579999,418027.47,5611681694.0
2021-02-23,002460.SZ,002460.SZ,192.65669809483532,197.44654805146604,184.83276311744496,187.78984090417518,362557.35,4482170055.0
2021-02-24,002460.SZ,002460.SZ,186.35758532605797,189.94612395258454,169.01554887340166,169.0309503267344,493487.95,5645955094.0
2021-02-25,002460.SZ,002460.SZ,173.2662889160437,174.8218351543122,161.99242905057312,166.027608401329,375079.54,4089261961.0
2021-02-26,002460.SZ,002460.SZ,155.57004632745165,157.86486237564392,150.2411446316494,152.50515777986595,485915.63,4846403329.0
2021-03-01,002460.SZ,002460.SZ,157.11012460594452,164.11778137446768,153.78341282132692,160.80647103329738,358503.76,3707083235.0
2021-03-02,002460.SZ,002460.SZ,163.40937692023869,166.02762329879107,154.39952908816144,157.8032493802795,296923.18,3067466836.0
2021-03-03,002460.SZ,002460.SZ,157.80326512402507,168.33785748639414,155.15421558261065,166.10464711717847,328791.54,3479746924.0
2021-03-04,002460.SZ,002460.SZ,160.51392013902932,160.5755259421915,149.50188282379173,149.96392634750802,438574.93,4342541148.0
2021-03-05,002460.SZ,002460.SZ,143.24886304431288,154.322503784971,143.24886304431288,151.70425771277087,431046.43,4213243853.0
2021-03-08,002460.SZ,002460.SZ,152.79779949773925,153.2444415888021,136.58007115673337,138.73627435496778,419543.75,3929985465.0
2021-03-09,002460.SZ,002460.SZ,140.16865029132939,147.93098407298302,133.0223747463149,140.8463143516325,463256.71,4246449246.0000005
2021-03-10,002460.SZ,002460.SZ,146.3138295258163,151.39630991987096,146.02120186676467,147.90017946699095,430095.08,4150917180.0
2021-03-11,002460.SZ,002460.SZ,148.3622011401234,156.32475257679357,145.774756959542,152.1663601437163,346538.23,3410396359.0
2021-03-12,002460.SZ,002460.SZ,154.01458801518243,157.32590165750884,150.93429625487877,152.6438581818473,298448.21,2975927098.0
2021-03-15,002460.SZ,002460.SZ,150.91887635043454,161.5612830815449,148.16201556191248,152.47442349926544,364528.66,3655564202.0
2021-03-16,002460.SZ,002460.SZ,152.474497722962,153.29077533703446,141.15442137686333,148.70113894092913,315513.13,2988581479.0
2021-03-17,002460.SZ,002460.SZ,147.85401068450992,158.94306148584818,145.8518209564905,157.49532429789568,398643.33,4012877549.0
2021-03-18,002460.SZ,002460.SZ,157.2334267591075,161.66904502795094,155.4930626466793,157.09481368820613,273816.98,2807498613.0
2021-03-19,002460.SZ,002460.SZ,151.85824143506724,152.82853243003777,145.26642324701362,149.03977711634337,333753.25,3220396737.0
2021-03-22,002460.SZ,002460.SZ,148.17734027967276,152.32033004531377,144.77362006329113,149.1630330120186,216487.15,2089781735.0
2021-03-23,002460.SZ,002460.SZ,148.50073466359734,148.50073466359734,140.59979327359264,144.3577459035364,286246.29,2670503656.0
2021-03-24,002460.SZ,002460.SZ,143.3874024320325,144.77353199367406,137.51945395441658,139.18280942838643,237676.04,2158361689.0
2021-03-25,002460.SZ,002460.SZ,136.91880817675892,144.38850693555847,135.24005113612148,143.2179974393342,270783.07,2476791238.0
2021-03-26,002460.SZ,002460.SZ,143.23339014842836,155.24651319313523,143.21798870862742,153.8603836110537,399192.33,3874539258.0
2021-03-29,002460.SZ,002460.SZ,153.25977819458956,154.78452123963672,149.65584008811445,150.27189788409308,245814.05,2429849123.0
2021-03-30,002460.SZ,002460.SZ,148.48531559039262,154.1684481962276,147.11458712990668,154.1684481962276,233353.68,2301160782.0
2021-03-31,002460.SZ,002460.SZ,152.1662053474056,155.2002885916808,142.27848228738185,145.17395259156328,356738.06,3395651251.0
2021-04-01,002460.SZ,002460.SZ,147.73053031001749,148.43899615595794,143.55674239154223,146.62162724680636,272690.84,2582012064.0
2021-04-02,002460.SZ,002460.SZ,146.5908059119254,149.4708732270683,142.61723710279776,146.66781305938912,272974.94,2585620306.0
2021-04-06,002460.SZ,002460.SZ,152.47420547840676,154.76901927803127,149.20910128028328,149.50172854332266,285918.04,2816245212.0
2021-04-07,002460.SZ,002460.SZ,153.99898861520327,154.47643322437133,148.7008935973385,151.7811813984227,274142.91,2691531957.0
2021-04-08,002460.SZ,002460.SZ,148.9319276627479,149.70199967755013,145.08156758873685,148.87032190156373,265502.0,2543043585.0
2021-04-09,002460.SZ,002460.SZ,149.3939318127814,155.30808334021523,147.17612498999372,150.3334194252123,286428.76,2813883903.0
2021-04-12,002460.SZ,002460.SZ,148.02316556403085,149.17827298441398,135.548005423893,136.9495357606245,446903.63,4087218806.0
2021-04-13,002460.SZ,002460.SZ,136.74929885466716,139.96819776902973,133.9462385560356,137.2883489120963,232803.08,2076319947.0
2021-04-14,002460.SZ,002460.SZ,138.2894132241383,150.7953719654235,137.67335614328678,150.00989918733788,461203.5,4324337025.0
2021-04-15,002460.SZ,002460.SZ,150.93396016633187,151.73483424068382,146.77557554950434,150.93396016633187,361714.13,3507415712.0
2021-04-16,002460.SZ,002460.SZ,150.62585571439018,151.01089113288302,142.46310484234246,146.59068452858548,294686.64,2788292455.0
2021-04-19,002460.SZ,002460.SZ,146.00542899117144,161.25283138581912,144.9427312485142,161.25283138581912,542286.41,5491536842.0
2021-04-20,002460.SZ,002460.SZ,155.55425284303706,159.86664797135887,154.86118934027104,155.41564014248385,406426.81,4143203010.0
2021-04-21,002460.SZ,002460.SZ,152.4739413574727,154.30670893540596,149.36285689745156,152.93598360401052,300435.01,2962748386.0
2021-04-22,002460.SZ,002460.SZ,154.63021495539704,155.23087017285326,149.97898737406933,152.3354039963976,240086.74,2375263301.0
2021-04-23,002460.SZ,002460.SZ,151.5345495001478,160.54437889923167,151.08790838463761,155.93935498414436,338065.92,3438228565.0
2021-04-26,002460.SZ,002460.SZ,158.35743618696526,160.17480415721053,150.1484774739082,150.8415415303577,375205.77,3777234418.0
2021-04-27,002460.SZ,002460.SZ,150.57971467827994,152.32007550047956,145.23542082603865,148.60833250800073,271283.91,2610661987.0
2021-04-28,002460.SZ,002460.SZ,147.838211238126,156.64782232555262,145.88223115402954,152.67425648541965,351508.69,3481376736.0
2021-04-29,002460.SZ,002460.SZ,155.55437161372734,162.99325888990856,151.0879589634322,158.7578675835942,524775.17,5365357825.0
2021-04-30,002460.SZ,002460.SZ,157.24857093473818,170.95584107498473,156.17047103606714,168.63022557927997,591101.0,6334401637.0
2021-05-06,002460.SZ,002460.SZ,166.32005572079697,170.18581495645955,160.1902860961209,167.2749444562993,516010.54,5553093567.0
2021-05-07,002460.SZ,002460.SZ,169.87776711270396,172.18798153400095,163.27055386779466,163.9020124762825,416168.29,4545613407.0
2021-05-10,002460.SZ,002460.SZ,164.27164017149795,172.18797460316398,163.30135015360892,171.4179031603949,425974.07,4665559337.0
2021-05-11,002460.SZ,002460.SZ,166.3355141878998,167.35200899682587,157.1254551615698,161.68428036523818,386235.98,4071155121.0
2021-05-12,002460.SZ,002460.SZ,159.48181697463266,163.686407610468,157.3718209412648,161.34539011359266,257450.57,2692131764.0
2021-05-13,002460.SZ,002460.SZ,156.3399956401784,159.38948033496266,154.1375900272786,155.86255106675256,264488.13,2685401941.0
2021-05-14,002460.SZ,002460.SZ,156.58648388380757,160.15961895423575,153.67561091695012,158.21903697633078,278052.25,2845406514.0
2021-05-17,002460.SZ,002460.SZ,156.63275789742707,168.59968541820396,156.32472887501325,165.7966213142382,367325.25,3938022522.0
2021-05-18,002460.SZ,002460.SZ,166.3510487249173,171.72615436374667,165.4115603467838,166.64367625253266,328227.0,3585256853.0
2021-05-19,002460.SZ,002460.SZ,165.6887649940615,179.67327871544165,164.10241597060096,176.22335462558576,438930.59,4976432938.0
2021-05-20,002460.SZ,002460.SZ,174.02089304972307,181.01314771337246,173.06600364631723,175.57643869075523,414161.8,4768418598.0
2021-05-21,002460.SZ,002460.SZ,177.51704486665406,180.0120788132442,173.48186650858852,178.65675173114585,320049.54,3686148517.0
2021-05-24,002460.SZ,002460.SZ,176.28497717598916,183.75467959870056,176.28497717598916,181.61387828579976,322508.28,3775415867.0
2021-05-25,002460.SZ,002460.SZ,180.52033566252572,181.22880212788502,175.02201983354172,178.85697961342132,342362.27,3953630017.0
2021-05-26,002460.SZ,002460.SZ,178.65680432714692,182.01432013260538,176.36198847846202,176.87023628387544,250620.47,2905888784.0
2021-05-27,002460.SZ,002460.SZ,178.0407737366102,178.9956636995574,175.49953431908938,178.42581001199213,203038.15,2335782671.0
2021-05-28,002460.SZ,002460.SZ,178.96488293099017,187.89772562461962,178.65685387258915,183.06166940772368,387963.32,4653997584.0
2021-05-31,002460.SZ,002460.SZ,187.34331209418613,199.75688571700047,187.34331209418613,198.83279835053787,468463.58,5929453559.0
2021-06-01,002460.SZ,002460.SZ,199.74153630774543,205.16285027029664,192.5336529711717,197.41591582949195,342350.28,4398293210.0
2021-06-02,002460.SZ,002460.SZ,198.97144291709702,206.34874155919698,196.84604163816218,200.54239168848366,338330.09,4415539596.0
2021-06-03,002460.SZ,002460.SZ,198.41708896186188,200.94292941748128,191.60964090464358,195.59862064857916,280444.44,3569666207.0
2021-06-04,002460.SZ,002460.SZ,192.5182647053291,202.49841154765335,190.97811858768645,198.60184187001747,311226.03,4000010646.0
2021-06-07,002460.SZ,002460.SZ,196.50727115617389,198.8020891985181,192.33347458251424,195.59858481725905,233484.52,2960063845.0
2021-06-08,002460.SZ,002460.SZ,195.69108035300977,199.7570684856396,180.56683661724276,184.12457623329385,433682.66,5294921034.0
2021-06-09,002460.SZ,002460.SZ,185.89566790173083,187.09698207706927,181.38303901231848,183.27741905804447,239322.61,2855381644.0
2021-06-10,002460.SZ,002460.SZ,184.2939872152444,191.8407074003915,183.07727110376155,190.4237721819557,292532.86,3594438526.0
2021-06-11,002460.SZ,002460.SZ,189.5921384105893,192.90345520655006,185.14111257787928,191.60973143510492,292760.83,3611424930.0
2021-06-15,002460.SZ,002460.SZ,196.26092525591463,198.32472216278842,183.3082894448635,187.68230676987957,300173.27,3672230914.0
2021-06-16,002460.SZ,002460.SZ,185.5877593458371,186.28082566704563,168.90796321541873,170.55592091251452,432568.96,4926135915.0
2021-06-17,002460.SZ,002460.SZ,170.55590659887835,178.42605905255604,170.3710889287333,176.177444065791,260717.9,2968266435.0
2021-06-18,002460.SZ,002460.SZ,177.51736339820306,187.7131376971455,175.57677795761884,185.04868308427987,343733.13,4067461315.0
2021-06-21,002460.SZ,002460.SZ,185.04874711872154,191.20933795080546,181.8760428401983,183.8166289523047,293168.81,3546336196.0
2021-06-22,002460.SZ,002460.SZ,186.2500526823547,186.86611173364832,178.65712487516038,181.3523832245701,221538.16,2612025563.0
2021-06-23,002460.SZ,002460.SZ,183.27751905142864,193.88913338978446,180.70547319583295,189.7923417874584,410818.3,5034724283.0
2021-06-24,002460.SZ,002460.SZ,191.33244498481974,192.21032869762135,181.9837535169146,183.61630919335272,274775.26,3307381618.0
2021-06-25,002460.SZ,002460.SZ,184.81755221685825,194.82850296193809,181.3214201874227,192.44127624580366,358788.38,4405403266.0
2021-06-28,002460.SZ,002460.SZ,191.7636689340586,196.59972965571103,186.0035201764216,188.45235347178064,328974.13,4081235827.0
2021-06-29,002460.SZ,002460.SZ,190.7779952756164,191.05522171583283,182.0453624087984,184.01675042811536,270190.73,3244909098.0
2021-06-30,002460.SZ,002460.SZ,183.1234546458168,188.6679831296262,182.35338124528772,186.4963761401342,219765.46,2657024438.0
2021-07-01,002460.SZ,002460.SZ,187.26652539997482,191.7483544065866,182.23024332038014,184.6636762518051,280922.94,3401428184.0
2021-07-02,002460.SZ,002460.SZ,182.50741853136307,190.97822698640525,179.42712454771137,186.20377131174513,358593.38,4328025430.0
2021-07-05,002460.SZ,002460.SZ,190.97822698640528,204.82414844291966,190.48537994902102,204.82414844291966,654932.73,8574476960.000001
2021-07-06,002460.SZ,002460.SZ,209.44457158349508,218.59304393591773,200.37310657410623,209.44457158349508,664877.33,9037274518.0
2021-07-07,002460.SZ,002460.SZ,208.68999129751174,220.87255831716723,202.06735688733238,219.1937975015636,484647.11,6764034828.0
2021-07-08,002460.SZ,002460.SZ,219.27078728912406,231.49955775393857,219.23998434084993,221.18057008211775,520068.97,7598671657.0
2021-07-09,002460.SZ,002460.SZ,221.18062086136277,239.95502214469965,218.82419477740004,233.65581777645946,516151.44,7737101123.0
2021-07-12,002460.SZ,002460.SZ,239.95493303867903,257.01976396338097,238.72281528238284,257.01976396338097,503572.43,8138196209.0
2021-07-13,002460.SZ,002460.SZ,257.0196704245441,262.9184320360374,249.5037548464534,261.3628839348342,388429.59,6458873600.0
2021-07-14,002460.SZ,002460.SZ,254.8210588563698,257.08908353861045,243.46550670583167,246.42782465814597,416878.48,6749159707.0
2021-07-15,002460.SZ,002460.SZ,251.48847022511612,261.51715155311155,247.87814494703778,258.8788369268235,466657.03,7724994266.0
2021-07-16,002460.SZ,002460.SZ,254.74391575948852,273.6595502286989,250.22329512369842,254.57419962640424,382882.58,6474092061.0
2021-07-19,002460.SZ,002460.SZ,259.20293034000514,273.55166398382687,247.63137094982633,257.0583346663587,519008.35,8800094666.0
2021-07-20,002460.SZ,002460.SZ,251.18001289041206,265.6676070000003,249.42113565027034,260.74583647714763,308420.87,5162110777.0
2021-07-21,002460.SZ,002460.SZ,268.92307276903455,286.82042012486244,265.713893243162,286.82042012486244,362369.26,6534119897.0
2021-07-22,002460.SZ,002460.SZ,298.23762976431544,308.85260592975,297.00333021019514,308.5748885300729,482072.95,9467725464.0
2021-07-23,002460.SZ,002460.SZ,303.89997896884233,309.3926119846776,287.17522001051236,291.69584212747793,489666.04,9432422837.0
2021-07-26,002460.SZ,002460.SZ,293.115346313426,302.77374229153975,282.71637045200646,302.71202730126424,410591.6,7824567912.0
2021-07-27,002460.SZ,002460.SZ,294.75078689054936,302.86630792826026,272.4408184104544,272.9191095742738,464429.32,8665676787.0
2021-07-28,002460.SZ,002460.SZ,263.64640990737826,285.4317991155488,263.33783498941557,274.63167698685237,377571.96,6718309124.0
2021-07-29,002460.SZ,002460.SZ,288.20910013544056,299.6880921322697,280.8032988471637,294.6737475099989,379331.17,7131172869.0
2021-07-30,002460.SZ,002460.SZ,303.82309749226533,313.2037822005376,288.5023410526036,300.336198242151,391783.13,7632731566.0
2021-08-02,002460.SZ,002460.SZ,313.9753057097618,318.7273643907744,276.190267690931,290.69330392519026,564705.8,10817717737.0
2021-08-03,002460.SZ,002460.SZ,281.91435393487603,287.3298496786995,263.32269475736257,270.3119243070834,463285.43,8228843493.0
2021-08-04,002460.SZ,002460.SZ,271.54625391512985,295.61512642124364,266.31590277437823,293.1465241129243,510360.25,9321418606.0
2021-08-05,002460.SZ,002460.SZ,283.781141096954,290.2457905896753,274.8478903659619,284.75315283452306,336426.93,6173606162.0
2021-08-06,002460.SZ,002460.SZ,300.860727277548,306.26079161329886,286.8205600045958,294.72008269003703,426688.08,8195399415.0
2021-08-09,002460.SZ,002460.SZ,286.97481094284973,288.502257517223,272.4100678498363,279.58443812340755,346362.92,6260140745.0
2021-08-10,002460.SZ,002460.SZ,279.87750232242394,291.4182063873177,263.18359617507764,273.0888528724864,407861.51,7282415002.0
2021-08-11,002460.SZ,002460.SZ,276.63748825780226,281.1581120201857,269.8179807391213,276.2826270068301,268342.0,4809441327.0
2021-08-12,002460.SZ,002460.SZ,271.5460865587925,279.81589919490125,263.60027777596423,277.50158595718426,279220.0,4927682307.0
2021-08-13,002460.SZ,002460.SZ,272.3176271266544,289.28926394474615,269.2318749779104,271.9781943902925,333119.22,6019809511.0
2021-08-16,002460.SZ,002460.SZ,265.3745810905232,268.1208994297158,250.5629765645405,252.84643226229613,395373.8,6547494120.0
2021-08-17,002460.SZ,002460.SZ,251.33432019417396,258.4161159565512,246.1039743043136,248.55714538539854,302891.6,4959774575.0
2021-08-18,002460.SZ,002460.SZ,254.26581323126175,265.0659387932692,250.28519552412183,257.79899716511846,354980.58,5944628397.0
2021-08-19,002460.SZ,002460.SZ,256.1634721657345,280.8031797516333,251.488562085254,274.10710392678664,425944.55,7406138556.0
2021-08-20,002460.SZ,002460.SZ,271.2372480177573,284.55225057972115,269.18522560670147,278.10303728783134,348808.05,6238402202.0
2021-08-23,002460.SZ,002460.SZ,282.3458614072355,290.9550958698168,271.5457464900188,285.43160852644024,395844.43,7254627091.0
2021-08-24,002460.SZ,002460.SZ,285.7402727185852,306.53821481494873,285.7402727185852,295.6146665922296,385481.56,7415050832.0
2021-08-25,002460.SZ,002460.SZ,293.14593698322244,297.8208432414286,279.49150781321447,289.70532940705095,306076.92,5696180635.0
2021-08-26,002460.SZ,002460.SZ,287.4525996634254,297.60470156769964,285.4468652446478,290.2143416708192,234556.55,4422953749.0
2021-08-27,002460.SZ,002460.SZ,286.449828739661,308.88320431800133,283.9040880447324,302.9431426965013,384602.33,7445586936.0
2021-08-30,002460.SZ,002460.SZ,305.5041830555108,333.2450305447189,305.4887543305446,333.2450305447189,521666.94,11034014175.0
2021-08-31,002460.SZ,002460.SZ,325.7159169014471,345.60354974148146,319.57528240157615,339.43205778181215,411711.44,8916512335.0
2021-09-01,002460.SZ,002460.SZ,343.4435275555972,346.2206989374484,305.48885200363094,305.48885200363094,494485.32,10123344408.0
2021-09-02,002460.SZ,002460.SZ,297.77439785856706,308.23507359681105,293.19206645110626,298.7464075510588,323610.79,6278485692.0
2021-09-03,002460.SZ,002460.SZ,291.60281486406706,297.75887428897516,270.0026063556177,278.22611430919164,426271.9,7747677544.0
2021-09-06,002460.SZ,002460.SZ,278.2260825131885,292.3433600321574,269.87914575060677,290.3993414885617,344388.26,6296351344.0
2021-09-07,002460.SZ,002460.SZ,290.0599873930026,296.23147648647074,282.3456260261674,289.8902714429322,280155.55,5253697944.0
2021-09-08,002460.SZ,002460.SZ,283.1632470444099,297.00280638614345,282.85467270011264,286.44956381117606,261304.16,4896481835.0
2021-09-09,002460.SZ,002460.SZ,290.05988935308443,296.66338045112275,277.88663123076617,288.2393006858683,274721.51,5115218898.0
2021-09-10,002460.SZ,002460.SZ,288.5168826779602,297.69696530862257,283.87284087656633,294.6883667994139,274081.68,5182874034.0
2021-09-13,002460.SZ,002460.SZ,294.6883559080804,299.88783108823867,284.81398167869963,292.2197623507352,253567.64,4802354435.0
2021-09-14,002460.SZ,002460.SZ,290.80023499884106,290.8310924091763,271.6377831806874,280.49385994688726,316943.87,5801955258.0
2021-09-15,002460.SZ,002460.SZ,287.74537543021813,307.38611875046837,283.7030543383834,302.68036328096616,491249.14,9480666203.0
2021-09-16,002460.SZ,002460.SZ,300.8444123023317,300.8444123023317,272.4093001492368,272.4093001492368,531441.78,9678071660.0
2021-09-17,002460.SZ,002460.SZ,270.78922856260976,271.5452351832905,252.13592235030305,264.7720330102528,453997.64,7676334959.0
2021-09-22,002460.SZ,002460.SZ,260.55987527751495,269.69366531566567,259.5415811178563,262.07188781761425,207139.41,3553656026.0
2021-09-23,002460.SZ,002460.SZ,267.68780486770424,272.9181314296726,262.21061923496444,265.9906487561511,222558.13,3857126477.0
2021-09-24,002460.SZ,002460.SZ,265.37351245237267,267.99639019172747,255.51457789091535,259.20203541859655,246318.95,4178892350.0
2021-09-27,002460.SZ,002460.SZ,259.20200997545203,264.29347802854124,242.23044979848788,251.4876644404683,364523.99,5952337289.0
2021-09-28,002460.SZ,002460.SZ,252.08931866889114,254.7584815386946,244.29783167900257,246.38070443867574,210609.8,3392395236.0
2021-09-29,002460.SZ,002460.SZ,245.6400076964551,248.4017413424362,232.35591457248998,236.01251163448737,340448.54,5278384132.0
2021-09-30,002460.SZ,002460.SZ,242.72394661688733,252.84515873109265,237.60162585177122,251.39486309277666,303053.3,4862168607.0
2021-10-08,002460.SZ,002460.SZ,259.1708785418135,259.3560226388788,240.90332763137735,242.07590691279051,263373.78,4208114466.0
2021-10-11,002460.SZ,002460.SZ,244.85310850607576,247.8617005765663,235.31818594421347,243.7731010961561,203090.86,3188870605.0
2021-10-12,002460.SZ,002460.SZ,243.094236118348,246.21082888909606,232.9575952748754,236.08961672270635,217429.19,3353952119.0
2021-10-13,002460.SZ,002460.SZ,236.5988372969354,250.42293630039507,236.05883342961275,250.40750761847158,276355.21,4374733188.0
2021-10-14,002460.SZ,002460.SZ,247.7691886465586,256.8875391347656,245.57831594042423,252.84522470513744,258481.29,4219887957.9999995
2021-10-15,002460.SZ,002460.SZ,242.23023925282163,253.26174377930366,236.10505422203371,251.48744584847086,408442.77,6464174622.0
2021-10-18,002460.SZ,002460.SZ,249.960085158518,266.23734519445634,249.91379911102246,265.6356265770141,355566.67,5951825612.0
2021-10-19,002460.SZ,002460.SZ,263.52182596393806,268.4590030311781,260.34351822690223,266.43784616927667,230790.58,3955693241.0
2021-10-20,002460.SZ,002460.SZ,262.7812964957255,273.8436608444476,261.6395740943232,264.1390204325282,263680.74,4593111652.0
2021-10-21,002460.SZ,002460.SZ,266.592208006633,267.59507238075366,260.5750217619089,265.37334207500936,189510.4,3240014480.0
2021-10-22,002460.SZ,002460.SZ,265.4504158786449,268.5515802838531,258.8469414237736,258.87779878103936,199328.35,3389565026.0
2021-10-25,002460.SZ,002460.SZ,253.5703107801976,264.6018150216239,251.50286802725896,263.5218076133724,275098.84,4603997834.0
2021-10-26,002460.SZ,002460.SZ,269.98638018779315,277.5618595107377,264.72520208367075,266.1446401645483,319212.15,5609073407.0
2021-10-27,002460.SZ,002460.SZ,264.38576741410304,269.78580351324734,262.4417544184111,266.6692112503126,220403.35,3797875011.0
2021-10-28,002460.SZ,002460.SZ,266.14472093514803,273.9516327492457,252.24348072862233,255.05150039298155,338275.2,5752168329.0
2021-10-29,002460.SZ,002460.SZ,259.77269854958905,260.5595612701467,251.50292564333614,258.27611651245,220002.53,3663683506.0
2021-11-01,002460.SZ,002460.SZ,258.98575370767446,263.0589241460652,249.37368862010857,250.09883638754934,260362.08,4281751371.0000005
2021-11-02,002460.SZ,002460.SZ,261.8555050475474,267.2709706539397,254.8508857162025,261.3617873854262,414660.67,7019627898.0
2021-11-03,002460.SZ,002460.SZ,258.0909014340775,259.20176614613234,241.73650428438106,247.33711387432427,403846.19,6489854363.0
2021-11-04,002460.SZ,002460.SZ,248.40179605870506,252.3052528539133,244.86862765513715,247.6457905924394,257831.3,4135073891.0
2021-11-05,002460.SZ,002460.SZ,248.40180408893548,261.8401874033121,246.21093103423806,250.56181977666537,357538.47,5909809899.0
2021-11-08,002460.SZ,002460.SZ,250.71599105039988,272.3315666480374,250.71599105039988,270.4646968069852,462777.92,7926907695.0
2021-11-09,002460.SZ,002460.SZ,273.1801747092121,274.63047045204877,264.1852553680017,267.6875653001711,283459.02,4932197427.0
2021-11-10,002460.SZ,002460.SZ,262.59623298147807,263.83052784860604,244.54467054973134,251.17900546054426,477227.6,7789126425.0
2021-11-11,002460.SZ,002460.SZ,246.93605777474892,249.25036009691152,244.52918335969983,247.63034847139767,244640.56,3903748314.0
2021-11-12,002460.SZ,002460.SZ,248.3864365309778,249.62073151342872,244.02011803055743,245.79441706783072,179182.16,2857147306.0
2021-11-15,002460.SZ,002460.SZ,243.77336885176533,243.77336885176533,233.12756983228948,235.59616090926937,271873.49,4151026380.0
2021-11-16,002460.SZ,002460.SZ,233.82177754831028,236.64522758403055,231.5229029290626,233.2354873769585,201475.44,3043881290.0
2021-11-17,002460.SZ,002460.SZ,237.60187508701668,249.26596713674297,237.60187508701668,248.66424810243169,408554.01,6498248808.0
2021-11-18,002460.SZ,002460.SZ,247.63046458927076,259.2019816261526,240.50241009455158,250.74705984453763,459864.62,7442908258.0
2021-11-19,002460.SZ,002460.SZ,248.09327430765597,249.92928796702233,241.58236872570131,244.85325020289176,296464.78,4707561545.0
2021-11-22,002460.SZ,002460.SZ,245.3160596326217,258.78529988792224,245.3160596326217,256.73328504948586,372587.67,6137109183.0
2021-11-23,002460.SZ,002460.SZ,257.3194941765626,257.6434964177011,249.94458602112448,251.4874538360697,241434.5,3939379087.0
2021-11-24,002460.SZ,002460.SZ,248.24738975689505,253.33885269162315,247.01309571211246,248.18567505465595,179395.52,2894726185.0
2021-11-25,002460.SZ,002460.SZ,249.0496056953657,252.72162936997216,245.31586733715247,248.771889619135,163066.82,2632142704.0
2021-11-26,002460.SZ,002460.SZ,249.1730306961764,259.83424210243385,249.1730306961764,253.5702018261089,382223.72,6335830730.0
2021-11-29,002460.SZ,002460.SZ,245.6552310094881,258.584453694198,245.63980234279992,252.64441701924179,289112.15,4732888435.0
2021-11-30,002460.SZ,002460.SZ,256.11590907044985,265.3731106031167,254.95875887886646,258.44563812283764,432720.2,7308106729.0
2021-12-01,002460.SZ,002460.SZ,258.02900472595957,261.20730985472943,248.40151734560803,252.30496976103902,313972.05,5130439975.0
2021-12-02,002460.SZ,002460.SZ,254.92793531158534,256.1159429989903,246.85874023999065,248.58675142167058,255802.67,4143248244.0
2021-12-03,002460.SZ,002460.SZ,248.4015372441416,248.4015372441416,240.87234779226947,247.47581722956716,210031.48,3344523969.0
2021-12-06,002460.SZ,002460.SZ,243.77304903647953,246.179922178865,240.02388125699443,242.07589489761799,203328.46,3205780672.0
2021-12-07,002460.SZ,002460.SZ,244.93022053368094,245.2387940398651,231.43012963812373,234.5158646999654,324023.29,4937756534.0
2021-12-08,002460.SZ,002460.SZ,235.30264299134666,242.19925838818173,234.63921019030886,241.59754026631026,247187.79,3819650384.0
2021-12-09,002460.SZ,002460.SZ,239.29862146773542,243.75750616175063,239.17519213364506,241.24263347965902,173172.09,2710405467.0
2021-12-10,002460.SZ,002460.SZ,238.68141827409397,249.94434234261942,236.05854554580725,248.35519004253982,378729.57,6051100629.0
2021-12-13,002460.SZ,002460.SZ,246.8585839774771,249.20374052526316,245.34657515061508,247.3677298069307,195357.38,3130538484.0
2021-12-14,002460.SZ,002460.SZ,245.53175514998918,247.32148014668385,239.51457628179165,241.08829998578176,193236.46,3025222329.0
2021-12-15,002460.SZ,002460.SZ,239.9157975531979,242.15295450787403,233.2197553578225,234.71633621715756,265398.33,4058832678.0
2021-12-16,002460.SZ,002460.SZ,235.19467286226038,235.59581832896325,231.8157937388784,235.59581832896328,157477.96,2383874610.0
2021-12-17,002460.SZ,002460.SZ,234.36163289576746,235.25649627351297,231.55361333111773,232.35590463530335,140511.51,2118076234.0000002
2021-12-20,002460.SZ,002460.SZ,230.67406846055638,230.82835517613432,210.7402248078884,212.56080805170794,489421.03,6892440110.0
2021-12-21,002460.SZ,002460.SZ,212.91562073777348,215.6927810082662,209.05845369542251,213.14705076031456,221604.25,3047971143.0
2021-12-22,002460.SZ,002460.SZ,215.84712506801168,217.94542449683578,214.35054385774743,214.45854456364276,175958.71,2460713083.0
2021-12-23,002460.SZ,002460.SZ,217.09686163033876,218.76315834386844,212.14425750956988,213.67169616363879,158358.66,2208632244.0
2021-12-24,002460.SZ,002460.SZ,213.93389438755952,215.2144737351845,200.57266890511136,203.21097093455552,318998.07,4241756643.0
2021-12-27,002460.SZ,002460.SZ,203.21093686490175,209.98412047159005,202.11550170299998,205.21666321767958,209635.13,2799904664.0
2021-12-28,002460.SZ,002460.SZ,205.20116305896684,217.54409016025807,205.20116305896684,216.587513309908,375723.97,5185111534.0
2021-12-29,002460.SZ,002460.SZ,217.5440515402107,224.7646626126092,216.40233098602803,216.402330986028,317933.51,4535704485.0
2021-12-30,002460.SZ,002460.SZ,214.70516421716277,219.53433325998915,212.1131501622272,212.91544022685014,244374.49,3394299778.0
2021-12-31,002460.SZ,002460.SZ,216.00118636546858,221.01549962038126,213.67145928395536,220.39835337362277,244341.48,3458497173.0
2022-01-04,002460.SZ,002460.SZ,224.0240079788493,225.242871383142,206.58963270225846,208.65707189434977,329968.79,4534088885.0
2022-01-05,002460.SZ,002460.SZ,208.27130438088943,209.21245184123714,200.71126740432555,202.40841856232967,211289.14,2788805818.0
2022-01-06,002460.SZ,002460.SZ,199.1067804897989,207.43825367573388,197.7644875876205,205.0468122982896,220641.86,2899690051.0
2022-01-07,002460.SZ,002460.SZ,203.65817831370057,205.03132815233081,193.87641429469406,197.23985996684456,273937.78,3515546055.0
2022-01-10,002460.SZ,002460.SZ,198.25811571083452,204.3370026828243,196.7152509971315,199.1221199505082,207738.01,2698438367.0
2022-01-11,002460.SZ,002460.SZ,199.02961233943782,201.72962646032167,193.89187118369887,196.17531169736063,188190.48,2397260294.0
2022-01-12,002460.SZ,002460.SZ,199.9399082137382,204.42964610170776,198.72104466339596,202.82506623796607,272565.45,3562446003.0
2022-01-13,002460.SZ,002460.SZ,205.00040043258593,205.1701155228816,194.09234871994664,196.20607302635625,239162.71,3056199560.0
2022-01-14,002460.SZ,002460.SZ,193.6295477440867,199.6467209409149,193.39811800574714,198.45871495077188,173938.8,2221135276.0
2022-01-17,002460.SZ,002460.SZ,197.57920803688523,199.80093269386722,193.8763336085819,196.6997753601632,160107.67,2040978512.0
2022-01-18,002460.SZ,002460.SZ,195.92836639382344,200.97353339994834,194.10778625094045,199.6929558418188,185199.59,2387677634.0
2022-01-19,002460.SZ,002460.SZ,198.7210073277699,199.33815331325982,186.82551845745076,189.89581973526333,288731.92,3586732628.0
2022-01-20,002460.SZ,002460.SZ,188.59984737758526,192.31815261465974,186.70212312795806,187.45812709732175,216731.02,2656788751.0
2022-01-21,002460.SZ,002460.SZ,186.62501639623662,192.7810499231958,183.940430346886,189.1707445464829,204528.67,2519273131.0
2022-01-24,002460.SZ,002460.SZ,191.3153547769087,208.08630563517482,189.20162867977672,208.08630563517482,484452.31,6335261063.0
2022-01-25,002460.SZ,002460.SZ,211.29553277919823,217.92985764922784,208.4412302188367,212.93097100297297,574848.77,7963547924.0
2022-01-26,002460.SZ,002460.SZ,215.84690474291222,219.9509273777667,211.77373942110168,214.0880378994031,303051.14,4233847876.0
2022-01-27,002460.SZ,002460.SZ,218.74751908687645,219.08694957212904,209.55203866821523,210.138327688197,253800.91,3515021509.0
2022-01-28,002460.SZ,002460.SZ,211.85087081527098,213.22402116867266,204.42968744463917,206.66684251478802,245991.15,3322715038.0
2022-02-07,002460.SZ,002460.SZ,212.9154327893727,215.81601984476416,204.89253242339635,206.57425576934136,240513.19,3270189488.0
2022-02-08,002460.SZ,002460.SZ,204.70740570610954,205.20112269304016,188.24502992314157,194.80220865581393,331668.9,4175091559.0
2022-02-09,002460.SZ,002460.SZ,194.41641368560124,201.31302005949726,189.24781606758074,200.57244487840777,236138.63,3012035533.0
2022-02-10,002460.SZ,002460.SZ,200.2176775702315,202.88683517365678,194.8176477367121,202.26968890696884,235306.4,3041080723.0
2022-02-11,002460.SZ,002460.SZ,202.26968267205626,213.47088706716787,198.28908937461992,205.21655600465448,345631.74,4653474530.0
2022-02-14,002460.SZ,002460.SZ,203.81262203701803,214.61268527894936,201.2514641825029,210.6012332176606,270461.15,3684929803.0
2022-02-15,002460.SZ,002460.SZ,211.06401085591816,214.45831512406886,205.97255445369206,213.88745486078898,250353.73,3426096176.0
2022-02-16,002460.SZ,002460.SZ,217.5440171528214,221.6788963440949,213.82571161141504,215.73886467006398,276023.53,3892191585.0
2022-02-17,002460.SZ,002460.SZ,218.67023433579922,234.08345412705467,214.51992790552123,230.11829147805304,475842.14,7006396071.0
2022-02-18,002460.SZ,002460.SZ,226.9091552297493,230.07202847528538,223.28342248486655,225.11943183227527,269475.21,3945736235.0
2022-02-21,002460.SZ,002460.SZ,225.5051300908636,228.03542848542446,222.18797061018927,224.71826900475014,194994.84,2836382164.0
2022-02-22,002460.SZ,002460.SZ,231.42977213347902,235.00921927581012,228.5446143075483,232.52520638824416,351490.45,5281941947.0
2022-02-23,002460.SZ,002460.SZ,230.3651371353388,236.39773834221828,229.88684906011306,234.33029956543606,252293.24,3817228766.0
2022-02-24,002460.SZ,002460.SZ,230.96696677135793,235.68813523041175,222.21891933252294,226.7858012406273,308576.8,4562436570.0
2022-02-25,002460.SZ,002460.SZ,231.4298891620455,234.66990761031414,228.0664414395571,231.01331536155382,200345.83,3007444467.0
2022-02-28,002460.SZ,002460.SZ,229.88697859604162,236.19729901522155,228.35954162416186,233.60528475991046,206182.12,3120985397.0
2022-03-01,002460.SZ,002460.SZ,234.51552615194126,234.9629570899943,221.15431262249515,225.2583343301541,342384.6,5030503803.0
2022-03-02,002460.SZ,002460.SZ,225.42805258582678,228.00463767800616,220.79945661185184,226.4154863936081,197457.6,2876327002.0
2022-03-03,002460.SZ,002460.SZ,227.71144451177145,227.72687316171462,221.13883963596587,221.58627048431882,154867.42,2244284490.0
2022-03-04,002460.SZ,002460.SZ,223.3297796397097,224.9189310941408,216.92688785729314,218.23832352357124,202349.06,2895797762.0
2022-03-07,002460.SZ,002460.SZ,216.00120506935403,218.8555067077705,209.18173845216444,210.87889077770936,221839.42,3070995326.0
2022-03-08,002460.SZ,002460.SZ,211.3727096176432,212.83843278652463,191.0068719026586,191.3154452013705,416237.02,5339839244.0
2022-03-09,002460.SZ,002460.SZ,194.18527055289655,194.8178461204056,182.02747671882042,191.9018270409127,301298.28,3708933666.0
2022-03-10,002460.SZ,002460.SZ,201.46761911698619,202.11562340576802,194.4012866345555,197.93445287577083,282414.78,3628861741.0
2022-03-11,002460.SZ,002460.SZ,192.85835433340554,197.56409817914064,190.31262405620458,196.63837807834028,190058.87,2390529962.0
2022-03-14,002460.SZ,002460.SZ,193.6298535382092,197.93445346945703,190.82183494506546,192.08698617933902,194827.41,2442253064.0
2022-03-15,002460.SZ,002460.SZ,191.91724630232278,200.51101639560952,188.53836721717053,193.62982885233146,361124.36,4579878555.0
2022-03-16,002460.SZ,002460.SZ,197.48701890440333,201.9304768297524,189.54125212817146,199.4927464401512,374134.15,4778555831.0
2022-03-17,002460.SZ,002460.SZ,202.11567944377282,203.843691359628,195.95963699353885,197.116787830049,339764.11,4407330654.0
2022-03-18,002460.SZ,002460.SZ,195.37342230305615,197.02429146411018,190.94539006733183,195.95971228548657,198559.89,2501516527.0
2022-03-21,002460.SZ,002460.SZ,194.9568506016695,204.32206176938186,193.01283642188076,200.54203419757042,250664.16,3249556543.0
2022-03-22,002460.SZ,002460.SZ,200.4186438507066,206.43583177232134,198.25862767371666,200.58835940747005,195338.59,2557478936.0
2022-03-23,002460.SZ,002460.SZ,202.39343642406268,202.42429378592024,196.71568184226246,199.7705606661658,176526.37,2277814545.0
2022-03-24,002460.SZ,002460.SZ,199.77053990358166,202.4242727475279,194.43221685703864,200.1099708487376,175550.3,2259905450.0
2022-03-25,002460.SZ,002460.SZ,200.55732863904078,203.95163683971688,196.00586991540686,198.0270261621731,199600.82,2590143482.0
2022-03-28,002460.SZ,002460.SZ,195.17272888927133,197.42531532546369,187.9212520056383,190.4978406004611,185271.0,2293386382.0
2022-03-29,002460.SZ,002460.SZ,191.716655714047,194.7561037404165,188.27606226287747,191.80922773515468,158360.58,1967385990.0
2022-03-30,002460.SZ,002460.SZ,192.8430100331504,201.99221436546964,192.08700495341407,200.0482013032905,244581.01,3148259718.0
2022-03-31,002460.SZ,002460.SZ,201.88422196259623,203.01051529108457,190.74471808357487,193.86131058158364,252472.68,3196562700.0
2022-04-01,002460.SZ,002460.SZ,192.08704821704893,201.93054514576195,192.08704821704893,198.30480568142409,214933.77,2759568851.0
2022-04-06,002460.SZ,002460.SZ,201.34427368282695,201.34427368282695,193.64536237495489,195.65109077179528,194624.75,2465488507.0
2022-04-07,002460.SZ,002460.SZ,192.85848374174267,200.66539516360842,190.77561211733186,196.94708359706763,237037.45,3014029265.0
2022-04-08,002460.SZ,002460.SZ,196.96244435491354,197.81102139075253,189.2635363388473,190.82183235011522,220130.96,2737574701.0
2022-04-11,002460.SZ,002460.SZ,187.95215253373834,187.95215253373834,172.7857622907023,172.80119096846738,389927.43,4451315587.0
2022-04-12,002460.SZ,002460.SZ,173.31036164617615,176.2726681926077,172.86292992822555,175.97952327395043,180446.1,2042437270.0
2022-04-13,002460.SZ,002460.SZ,174.39032660914594,184.68125360625294,174.29775455220044,179.74407723582678,262455.52,3066615926.0
2022-04-14,002460.SZ,002460.SZ,181.59559352305263,185.1596191903275,180.20701209424422,180.82415939593685,137309.88,1620310078.0
2022-04-15,002460.SZ,002460.SZ,178.20119994375378,179.8983542289324,174.0354576074063,176.65833241177324,179244.14,2057758494.0
2022-04-18,002460.SZ,002460.SZ,175.85600163295504,177.89258631584238,167.21594540252383,177.86172897216227,200948.43,2254994333.0
2022-04-19,002460.SZ,002460.SZ,177.86176861125452,179.35835011327498,175.2388938138991,176.11832830477712,117387.1,1344400007.0
2022-04-20,002460.SZ,002460.SZ,178.2011760327046,178.89546632893592,168.3576824994695,168.9439720829537,164396.4,1832860109.0
2022-04-21,002460.SZ,002460.SZ,166.62967349790455,170.59484258021578,159.9182005375723,160.51991880298138,229752.84,2439177550.0
2022-04-22,002460.SZ,002460.SZ,158.31355711912502,160.76671525010065,155.2278236210425,156.4775456877659,194512.67,1989524029.0
2022-04-25,002460.SZ,002460.SZ,152.8518913784362,154.13247147174502,142.09810432980694,142.2678197638599,307542.91,2944769349.0
2022-04-26,002460.SZ,002460.SZ,143.50206443472882,146.23293911540262,141.1260491758375,142.31405680528314,240787.93,2243640353.0
2022-04-27,002460.SZ,002460.SZ,141.94381583171628,156.53934298136883,138.70379394860103,156.53934298136883,340855.01,3287920722.0
2022-04-28,002460.SZ,002460.SZ,160.45818305566954,168.7125222801679,157.69645086653827,163.3124872734867,470776.05,4979705117.0
2022-04-29,002460.SZ,002460.SZ,163.32789469326735,172.18395095190473,160.67416354956416,170.7490846939722,383669.92,4138055547.0
2022-05-05,002460.SZ,002460.SZ,168.17242150819496,170.4867208867481,164.31525587727305,167.3701310569632,290944.66,3156169006.0
2022-05-06,002460.SZ,002460.SZ,159.68670523020202,164.3770200504901,159.68670523020202,160.59699659335004,181535.1,1903888117.0
2022-05-09,002460.SZ,002460.SZ,157.55762796217917,161.19879523588406,157.40334121329337,158.96163737703995,127576.02,1315272898.0
2022-05-10,002460.SZ,002460.SZ,156.13825316063762,164.85545800606846,155.38224778466218,164.85545800606846,235595.2,2472700792.0
2022-05-11,002460.SZ,002460.SZ,163.54400077124222,177.877243857703,162.3868498223891,170.93433816458423,358230.69,3969762924.0
2022-05-12,002460.SZ,002460.SZ,168.94399354051444,171.56686832607494,167.06169516499455,168.820564138841,174759.76,1913450544.0
2022-05-13,002460.SZ,002460.SZ,171.30456265643903,172.5542852156727,166.66053191163238,167.95654049157844,144534.42,1578048783.0
2022-05-16,002460.SZ,002460.SZ,169.6999470911062,172.3073924096258,165.64220674335087,165.93535148330278,157435.91,1717750905.0
2022-05-17,002460.SZ,002460.SZ,166.93826270904572,182.53665306014048,166.55254583587325,180.83949881818157,446804.59,5127394999.0
2022-05-18,002460.SZ,002460.SZ,180.330440938312,183.95618132336534,178.80300137184273,181.3024479351561,304721.63,3583245812.0
2022-05-19,002460.SZ,002460.SZ,178.95729859001017,187.70536206966668,177.30642946774694,185.96192084708963,318521.14,3774921035.0
2022-05-20,002460.SZ,002460.SZ,187.5202694401852,190.62143565356985,182.73737627526356,187.48941206492762,261564.39,3163188516.0
2022-05-23,002460.SZ,002460.SZ,188.22990810808167,196.2682509051563,187.28875856754127,192.54993878597207,317847.89,3932404675.0
2022-05-24,002460.SZ,002460.SZ,190.54428666565738,194.38602977332934,184.1413814862041,184.68138553748332,316406.2,3883770122.0
2022-05-25,002460.SZ,002460.SZ,184.26490281407294,186.96492441605426,180.0220117252452,183.5860402398605,202952.14,2412237958.0
2022-05-26,002460.SZ,002460.SZ,186.65635247457246,191.74782183451697,182.15117352577306,186.99578376523542,271901.51,3307682680.0
2022-05-27,002460.SZ,002460.SZ,191.30048388687518,191.47019961578522,183.1387001965649,184.21870938053792,195112.77,2365441105.0
2022-05-30,002460.SZ,002460.SZ,185.8849693528141,187.93698636177194,182.2129389157316,183.95638193838002,167141.94,2000159068.0
2022-05-31,002460.SZ,002460.SZ,183.95639017777088,184.3112502779209,179.15806447574232,183.60153007762088,181602.63,2144875892.0
2022-06-01,002460.SZ,002460.SZ,182.22829326440544,182.78372621314125,175.90252912602546,180.5928518042389,234964.03,2731446099.0
2022-06-02,002460.SZ,002460.SZ,178.21684063971287,180.97857680753458,176.9362590646894,180.02199779968572,220803.87,2567627609.0
2022-06-06,002460.SZ,002460.SZ,180.74718584644177,197.9501830482158,180.74718584644177,195.69759328009113,431821.92,5367176836.0
2022-06-07,002460.SZ,002460.SZ,195.77466937678142,198.505547813198,193.73808206826732,196.14495797832942,271095.61,3443289071.0
2022-06-08,002460.SZ,002460.SZ,200.57290903405288,206.43580945197138,198.11974806971332,201.79177517356752,410232.26,5379758060.0
2022-06-09,002460.SZ,002460.SZ,200.3260560874671,203.64322352884153,196.22202567162714,197.71860819168907,227067.2,2937003402.0
2022-06-10,002460.SZ,002460.SZ,195.51227304001907,203.04147042350465,194.6328380997349,202.85632622555008,254755.42,3298211121.0
2022-06-13,002460.SZ,002460.SZ,199.61638482258735,214.98335957009834,199.61638482258735,211.3730462258036,398082.88,5388199515.0
2022-06-14,002460.SZ,002460.SZ,208.19483035151717,208.53426167415932,200.57305428855219,208.08682947613102,292404.19,3891709654.0
2022-06-15,002460.SZ,002460.SZ,208.28731180353327,212.6536310065259,204.63071232964901,208.98160284287837,298884.07,4052071901.0
2022-06-16,002460.SZ,002460.SZ,207.9787673210257,210.43192933912974,203.365588431635,203.61244750263916,223433.5,2982037621.0
2022-06-17,002460.SZ,002460.SZ,200.57305972619125,219.0720673117069,200.4187727571711,216.31033056624622,381586.56,5289982074.0
2022-06-20,002460.SZ,002460.SZ,216.77316113823568,221.67948606648898,215.16857688497046,218.30060191778625,287872.53,4080291746.0
2022-06-21,002460.SZ,002460.SZ,216.973816053066,217.2206752621145,207.8863114199681,210.83319322798457,278301.66,3819439384.0
2022-06-22,002460.SZ,002460.SZ,211.37316875410943,214.2429066656616,208.87371960533818,209.2131509712207,195790.03,2681028558.0
2022-06-23,002460.SZ,002460.SZ,209.52172615791187,212.76175285107547,203.67424941167852,212.3760353876036,232975.26,3161915023.0
2022-06-24,002460.SZ,002460.SZ,212.3914371696358,213.27087287490014,207.8245429808945,210.61713706252345,190432.43,2593917118.0
2022-06-27,002460.SZ,002460.SZ,211.68172332726743,231.67731468529504,211.68172332726743,230.18073107285008,551321.79,8103325631.0
2022-06-28,002460.SZ,002460.SZ,230.0417999682735,232.35610379089195,226.33891385208398,231.43038226184456,342794.62,5098759693.0
2022-06-29,002460.SZ,002460.SZ,230.61258102854723,230.6588670888326,220.67650675395134,220.8616509950929,284923.5,4167274549.0
2022-06-30,002460.SZ,002460.SZ,222.45090842992914,229.93382496401955,222.17319194000413,229.42467806582368,248347.04,3660224920.0
2022-07-01,002460.SZ,002460.SZ,227.17201712064445,244.02014552975498,226.80172858418047,242.1841315364545,407118.0,6267573437.0
2022-07-04,002460.SZ,002460.SZ,225.06623312437213,241.83799568892871,225.06623312437213,238.76497596742286,1082888.43,11718851058.0
2022-07-05,002460.SZ,002460.SZ,238.8297992781908,245.27880980599988,230.02192248349857,237.72610955698858,801357.54,8757530864.0
2022-07-06,002460.SZ,002460.SZ,234.32851657266667,252.89647623459388,231.8181630519399,246.72879732591176,775736.95,8726864915.0
2022-07-07,002460.SZ,002460.SZ,244.60798310936306,246.2743384751439,238.37538122176716,244.47813723670478,530617.97,5942623842.0
2022-07-08,002460.SZ,002460.SZ,247.7892237783053,249.95332180257,233.72258662058493,234.76135367223196,616226.39,6832672608.0
2022-07-11,002460.SZ,002460.SZ,231.55856987863584,231.55856987863584,214.52711244924456,218.9851559441043,653774.59,6629647012.0
2022-07-12,002460.SZ,002460.SZ,220.9543753822116,225.02287906211913,213.16362365472912,217.4485371048445,515151.33,5215241850.0
2022-07-13,002460.SZ,002460.SZ,213.55325736646876,221.3656535875161,208.87880422589745,218.46576136142093,511104.14,5065513911.0
2022-07-14,002460.SZ,002460.SZ,216.4099073836258,219.9373888739789,211.43247951380243,217.2971880038987,411808.64,4110127135.0
2022-07-15,002460.SZ,002460.SZ,214.24582450353392,226.77595908813456,213.51003076281472,216.45320572569156,443840.14,4537560262.0
2022-07-18,002460.SZ,002460.SZ,217.92489320254631,220.30540345600014,210.74008043757655,216.95104809886067,382808.81,3803442999.0
2022-07-19,002460.SZ,002460.SZ,216.99430303442054,219.54794098775272,212.14671912301034,212.51461611628702,346036.7,3438358795.0
2022-07-20,002460.SZ,002460.SZ,214.46230782358037,218.57409778185286,212.2116438464207,213.0340018380752,313905.66,3113462951.0
2022-07-21,002460.SZ,002460.SZ,212.10345873506705,212.25494574773364,201.21803482488048,201.2613168284995,556285.56,5240626729.0
2022-07-22,002460.SZ,002460.SZ,203.42551086452545,204.0314591947602,199.09730850570577,201.6942299209976,295023.11,2744469682.0
2022-07-25,002460.SZ,002460.SZ,201.2614193622023,203.2091105173204,198.0152674370055,198.03690844984015,249871.73,2313659944.0
2022-07-26,002460.SZ,002460.SZ,198.05848959531284,207.7536604146638,198.05848959531284,202.97099802386793,399205.78,3761096320.0
2022-07-27,002460.SZ,002460.SZ,202.99274085459376,203.10094594033714,197.53920453312708,200.82863913972602,209172.27,1932582442.0
2022-07-28,002460.SZ,002460.SZ,202.38683516045162,202.79801457320275,196.24078499090842,196.54375929504081,302977.15,2775949229.0
2022-07-29,002460.SZ,002460.SZ,196.9333883845593,198.36169647613963,192.84323339503385,192.84323339503382,252267.33,2274499127.0
2022-08-01,002460.SZ,002460.SZ,193.03795737284824,199.70339356913044,191.7827778293925,199.53026535624,352719.52,3204408670.0
2022-08-02,002460.SZ,002460.SZ,195.7430870325099,196.43559988878852,189.31570208517374,190.6358047174549,388069.04,3444471621.0
2022-08-03,002460.SZ,002460.SZ,193.90352668772934,196.21911567830827,187.34629805085635,188.36342592522283,313486.28,2779039771.0
2022-08-04,002460.SZ,002460.SZ,190.44101571570167,195.80798979496234,188.29855428890002,192.73496431409535,292560.19,2600801171.0
2022-08-05,002460.SZ,002460.SZ,192.17236385417368,197.322929461977,189.07769628309862,196.82518572676912,344328.73,3088528146.0
2022-08-08,002460.SZ,002460.SZ,195.63496554696732,200.61240382968882,194.33650338625733,197.34460739190206,299783.93,2735972356.0
2022-08-09,002460.SZ,002460.SZ,199.03254187098403,201.26156783735473,197.0848492790096,199.9414650805721,277206.48,2554563324.0
2022-08-10,002460.SZ,002460.SZ,200.00633903833028,202.01895422233423,193.99013450980226,195.85126252941885,259295.37,2368627289.0
2022-08-11,002460.SZ,002460.SZ,196.95491059575548,198.01532050886303,193.14609131602214,197.99367949022817,249697.14,2260945797.0
2022-08-12,002460.SZ,002460.SZ,197.01976822904345,204.46427616739922,196.93320418324862,198.44807498465823,271302.33,2513916379.0
2022-08-15,002460.SZ,002460.SZ,197.62578208767283,205.5463949045901,197.49593597592013,202.94947266953525,342847.15,3214756030.0
2022-08-16,002460.SZ,002460.SZ,202.9710433588126,203.96652987064812,199.0973023671048,199.984583823306,245022.29,2272987929.0
2022-08-17,002460.SZ,002460.SZ,199.31361710877428,199.98448813270176,194.79064794745685,197.19279903313264,240528.12,2182892154.0
2022-08-18,002460.SZ,002460.SZ,196.26232503058475,199.53011762950618,195.3101205646739,195.7862227976293,188939.87,1718353586.0
2022-08-19,002460.SZ,002460.SZ,194.76903106921858,197.77713054906542,192.30195667567514,192.79969975507427,195267.66,1754472625.0
2022-08-22,002460.SZ,002460.SZ,192.60490649696973,203.598534867808,189.5318843933102,203.0142278480981,502176.02,4617678624.0
2022-08-23,002460.SZ,002460.SZ,202.77623037105843,204.2261778027405,199.09725927574573,201.0882318685032,288703.38,2677510665.0
2022-08-24,002460.SZ,002460.SZ,202.34350575386898,203.85837691994072,194.1199194237652,194.57438077358674,318986.97,2922710572.0
2022-08-25,002460.SZ,002460.SZ,195.41838921299416,196.06761974194097,181.84947115800554,186.19931570194927,454957.9,3941136629.0
2022-08-26,002460.SZ,002460.SZ,186.61048084035474,199.87642363928057,185.87468629685804,194.57437472290727,525538.43,4735269630.0
2022-08-29,002460.SZ,002460.SZ,192.28036310631637,195.78620653042705,189.85657012174605,194.3146179326522,223204.59,1992518972.0
2022-08-30,002460.SZ,002460.SZ,195.72136787860083,197.51757238257295,192.10731785253643,195.9810600960426,226470.25,2042741305.0
2022-08-31,002460.SZ,002460.SZ,192.17225669327465,195.8079480361204,182.93154119687506,185.46354052492836,456756.29,3958303915.0
2022-09-01,002460.SZ,002460.SZ,185.48522104732177,186.11281075801745,181.52491356258724,181.89281097920193,234175.27,1982315113.0
2022-09-02,002460.SZ,002460.SZ,183.51593233409594,183.9054708697108,177.88926459743735,179.3175725613584,226856.93,1891450251.0
2022-09-05,002460.SZ,002460.SZ,177.23996975846507,179.0578156021416,173.49607296136926,175.50868800258257,294645.78,2389994594.0
2022-09-06,002460.SZ,002460.SZ,176.5907002191954,182.1957236697802,174.92434189604862,180.85398060438925,300836.73,2488831084.0
2022-09-07,002460.SZ,002460.SZ,178.9496404014292,184.38153781837912,178.60338399238063,182.15251218512876,238696.53,2001334886.0
2022-09-08,002460.SZ,002460.SZ,182.4770408704342,182.8449381302536,178.6465811652555,178.7331452263895,174791.78,1455783496.0
2022-09-09,002460.SZ,002460.SZ,180.5726732208801,182.82333933005694,178.86303261871694,181.91441647827398,222471.35,1864516764.0
2022-09-13,002460.SZ,002460.SZ,183.68890134288102,185.20377211267387,180.65915980329535,182.8232609029994,203418.49,1719469065.0
2022-09-14,002460.SZ,002460.SZ,179.62045466580327,183.92701737405565,178.8846600322325,180.5293774484495,221526.29,1850237624.0
2022-09-15,002460.SZ,002460.SZ,182.2173444947502,186.71867557015494,174.53478424586226,175.46534788164303,360193.15,2983694620.0
2022-09-16,002460.SZ,002460.SZ,172.69532817701221,172.69532817701221,165.42394593798014,168.86486789037926,280934.61,2200301533.0
2022-09-19,002460.SZ,002460.SZ,168.8864944918068,178.60331099960038,168.79993042492222,175.68177374224598,315990.54,2548799341.0
2022-09-20,002460.SZ,002460.SZ,178.1705269363573,185.67996126733215,177.0235528166407,181.5681672532537,384836.74,3243400636.0
2022-09-21,002460.SZ,002460.SZ,179.75023796437634,182.26059524873315,178.90623853256673,179.7935199865204,213829.53,1781185581.0
2022-09-22,002460.SZ,002460.SZ,179.2525842158975,180.8107377911172,176.39596932799478,177.6944306406778,165437.54,1364359903.0
2022-09-23,002460.SZ,002460.SZ,177.45633427312285,178.38689797723802,171.00731139344106,173.6907974239127,207650.63,1671069230.0
2022-09-26,002460.SZ,002460.SZ,171.0722892512782,175.1840836798352,170.44469957534056,171.5700327873667,180029.39,1434467947.0
2022-09-27,002460.SZ,002460.SZ,173.149884328322,173.9506024535748,165.2725492582671,170.8775761350369,261169.26,2029675990.0
2022-09-28,002460.SZ,002460.SZ,169.25444236074853,169.90367305641692,162.3076739170968,162.35095596347466,238624.45,1821634907.0
2022-09-29,002460.SZ,002460.SZ,165.5538573314356,169.4492422098223,164.90462651837115,166.11652403609148,288412.61,2228665381.0
2022-09-30,002460.SZ,002460.SZ,165.1210414667924,166.09488771397534,161.87488730951603,161.96145142037673,193265.69,1459401007.0
2022-10-10,002460.SZ,002460.SZ,161.8749144641684,162.19952993435055,156.24824631434436,156.35645147107175,168737.45,1236233515.0
2022-10-11,002460.SZ,002460.SZ,159.55933272222904,162.30774385144687,157.1355370807141,160.38169195774302,190117.96,1412665027.0
2022-10-12,002460.SZ,002460.SZ,160.05714301395503,163.49806861417392,155.490883255174,163.49806861417392,230237.72,1696960856.0
2022-10-13,002460.SZ,002460.SZ,161.91825373053825,162.76225425118662,158.02286671216123,158.91014931079158,207470.35,1538325567.0
2022-10-14,002460.SZ,002460.SZ,161.46375283038807,168.97319154264443,160.61975251402498,167.2851909099182,374420.02,2851733886.0
2022-10-17,002460.SZ,002460.SZ,170.53141918075428,173.82085772332718,168.06434027382457,171.39706090248401,452452.86,3572736476.0
2022-10-18,002460.SZ,002460.SZ,174.38352484245152,175.20588447809473,170.61798335292727,171.39706090248401,276188.61,2197707910.0
2022-10-19,002460.SZ,002460.SZ,171.44035692326943,176.093181555749,170.29338154875123,170.40158677276239,292743.6,2340067985.0
2022-10-20,002460.SZ,002460.SZ,168.80015070537803,172.04630744971223,166.15994321998622,169.7739977286783,232084.44,1807381108.0
2022-10-21,002460.SZ,002460.SZ,170.5314375011995,170.5314375011995,166.22486947293316,167.2852806959736,183650.69,1427754845.0
2022-10-24,002460.SZ,002460.SZ,170.89936696531643,174.4268580144929,166.15997715077873,168.04274844696496,300571.77,2370227366.0
2022-10-25,002460.SZ,002460.SZ,168.8001132062445,173.12832123717385,162.02646763784008,173.08503915686458,323899.06,2526056932.0
2022-10-26,002460.SZ,002460.SZ,174.23204122971646,178.06250592946304,173.34475844615932,174.3618874907248,362677.19,2937605099.0
2022-10-27,002460.SZ,002460.SZ,175.53047041268667,177.82442058698635,173.90739245917274,174.21036701049533,275574.73,2241821613.0
2022-10-28,002460.SZ,002460.SZ,171.52693407949158,171.5918572188101,165.29431270491503,165.8569799123421,295868.6,2303244017.0
2022-10-31,002460.SZ,002460.SZ,166.63601237184986,175.27078755839116,166.18155051992665,171.00750256653993,359846.12,2851522753.0
2022-11-01,002460.SZ,002460.SZ,171.05080638803872,185.59358749795294,171.05080638803872,185.59358749795294,576225.89,4816423966.0
2022-11-02,002460.SZ,002460.SZ,183.75414251403677,187.7360954315474,182.9750647693064,186.37270937826932,380156.53,3255259963.0
2022-11-03,002460.SZ,002460.SZ,182.6503785698836,187.19499699401578,181.54668552402293,183.29960977333107,331985.47,2819400633.0
2022-11-04,002460.SZ,002460.SZ,184.98762881229015,196.9334841122883,182.21757540939205,194.46640530033216,636584.33,5608355536.0
2022-11-07,002460.SZ,002460.SZ,196.2409563130286,198.38341933409055,191.73961986473677,193.40597999222945,439542.03,3954491304.0
2022-11-08,002460.SZ,002460.SZ,193.9037508449664,195.95964998896994,190.15985029851785,195.48354702930598,306009.57,2729249152.0
2022-11-09,002460.SZ,002460.SZ,198.64321824053624,200.02824558201075,192.84341624811182,193.01654466579615,277612.9,2514758848.0
2022-11-10,002460.SZ,002460.SZ,188.515117127923,190.28968257442622,183.14813870435222,185.355524991466,360869.58,3107054334.0
2022-11-11,002460.SZ,002460.SZ,191.97763814902922,194.12010079999914,188.0606104740237,190.44112453065688,383762.94,3386927434.0
2022-11-14,002460.SZ,002460.SZ,190.48444256182896,192.3455720847007,181.76310305348798,183.42946320768715,405063.1,3475069373.0
2022-11-15,002460.SZ,002460.SZ,180.1616734142891,186.0696778397667,179.96690403762503,185.65849804458696,294406.0,2493680352.0
2022-11-16,002460.SZ,002460.SZ,183.94884824997382,184.5547973971502,180.14002503915083,180.7459741863272,262349.19,2206156002.0
2022-11-17,002460.SZ,002460.SZ,179.62058382678683,182.19586689611066,176.11473628703507,179.18776314286686,262577.65,2164946729.0
2022-11-18,002460.SZ,002460.SZ,177.49976424416548,179.1661238938608,173.755865290954,173.755865290954,287777.23,2339134915.0
2022-11-21,002460.SZ,002460.SZ,173.12830498726748,178.1273847937748,171.50522712801182,177.023691849481,201828.04,1643627540.0
2022-11-22,002460.SZ,002460.SZ,178.10572598949238,178.58182878071582,172.86859528603466,173.56110843690513,176422.71,1427388784.0
2022-11-23,002460.SZ,002460.SZ,172.47902104945516,175.53040649085705,171.3104053484927,174.10209841190297,195665.91,1570785000.0
2022-11-24,002460.SZ,002460.SZ,175.79002881945584,177.1317722377503,172.69536254822816,174.0587469893984,195623.59,1579383663.0
2022-11-25,002460.SZ,002460.SZ,172.60885505953388,172.67377814945098,169.31941850373533,169.4059826236248,200668.92,1579474706.0
2022-11-28,002460.SZ,002460.SZ,164.70993477091727,167.02552576033892,163.3898314965741,166.78747435021143,197209.79,1509232914.0
2022-11-29,002460.SZ,002460.SZ,166.78739775104464,170.163398016928,165.66206432908353,168.92985945823986,187441.97,1456314588.0
2022-11-30,002460.SZ,002460.SZ,168.47534334787605,178.17052046025225,168.38877926651557,175.29226475501557,354882.91,2854700554.0
2022-12-01,002460.SZ,002460.SZ,180.70256213828364,180.7458441890952,175.61692116792477,175.66020321873634,238364.46,1955186111.0
2022-12-02,002460.SZ,002460.SZ,175.18415338891933,176.37441014449567,173.17153742039932,174.42671727173436,167904.36,1353618489.0
2022-12-05,002460.SZ,002460.SZ,174.88115741415245,176.00649093544138,171.18054141145225,172.28423390348567,220910.91,1765277639.0
2022-12-06,002460.SZ,002460.SZ,169.88205704447512,176.69898035262923,168.38882622459374,174.62144182062033,247943.26,1981266068.0
2022-12-07,002460.SZ,002460.SZ,173.47443705032168,179.46900030667638,172.86848841791038,176.1362828284142,266272.36,2177506388.0
2022-12-08,002460.SZ,002460.SZ,175.6817602587858,178.5383742467335,173.8855560087883,173.99376108408939,213387.48,1732290812.0
2022-12-09,002460.SZ,002460.SZ,173.8856042684396,176.8071421124022,172.2625276884604,174.66468102682964,184236.71,1483245364.0
2022-12-12,002460.SZ,002460.SZ,173.45278115141252,173.45278115141252,169.882012730953,169.882012730953,206566.54,1635019631.0
2022-12-13,002460.SZ,002460.SZ,170.22834217349305,172.67377856627272,168.73511110179575,168.80003419186954,140010.85,1101904229.0
2022-12-14,002460.SZ,002460.SZ,168.06422180453987,169.8820681387636,166.7008370538721,167.54483713761883,133499.91,1035415964.0
2022-12-15,002460.SZ,002460.SZ,166.65751421811635,170.271564974437,165.18592468859654,169.27607793976182,203649.11,1575994198.0
2022-12-16,002460.SZ,002460.SZ,166.80898994728216,167.60970772466274,160.90099121147415,164.25534946806846,302353.54,2285688164.0
2022-12-19,002460.SZ,002460.SZ,163.43294761634627,172.04607170947472,163.30310152449007,166.76566397398895,312708.46,2441925595.0
2022-12-20,002460.SZ,002460.SZ,166.76574769169173,167.566465660105,161.0957988342789,161.65846551478552,186666.87,1403091568.0
2022-12-21,002460.SZ,002460.SZ,161.29049345451423,163.17326186059807,157.7630078201273,160.92259617976222,146971.68,1088479112.0
2022-12-22,002460.SZ,002460.SZ,162.09119021861972,162.30760035242292,155.7936553249457,156.2481166059325,201140.17,1470629852.0
2022-12-23,002460.SZ,002460.SZ,154.7332546879004,157.50330456203343,153.65120395581718,155.9451515078336,131636.52,949696618.0
2022-12-26,002460.SZ,002460.SZ,155.85859746768628,159.47264714515137,155.33921308290087,158.90998072830055,127291.67,929325295.0
2022-12-27,002460.SZ,002460.SZ,159.10480026404917,160.64131288901484,157.4384415017625,159.34285151580443,133144.19,979084587.0
2022-12-28,002460.SZ,002460.SZ,155.8153560568236,157.09217633562255,152.4826387189415,156.0750483169183,209286.21,1498236182.0
2022-12-29,002460.SZ,002460.SZ,154.949651984094,157.65477858996158,154.25713957299192,154.2787805858389,134184.33,965215392.0
2022-12-30,002460.SZ,002460.SZ,155.7937215933885,155.9884907966585,150.42674799217167,150.42674799217167,230644.18,1624735941.0
2023-01-03,002460.SZ,002460.SZ,149.97228844249474,153.9542366493373,148.3708527506124,153.45649312348198,209709.52,1466906847.0
2023-01-04,002460.SZ,002460.SZ,152.13638414610455,152.59084560656945,147.15894910291763,148.04623100192052,253055.7,1747711603.0
2023-01-05,002460.SZ,002460.SZ,149.30144696477407,154.19231912219385,148.37088279322964,151.552113798277,304436.19,2132396509.0
2023-01-06,002460.SZ,002460.SZ,151.31409514655508,157.26537892305717,150.5566590295457,154.86322438054177,303641.65,2170777324.0
2023-01-09,002460.SZ,002460.SZ,155.49073935725406,157.07053392553235,154.9280727986892,156.42130328103443,228140.77,1646769970.0
2023-01-10,002460.SZ,002460.SZ,155.59900663639368,159.7108023611384,153.5431087740213,158.8018790956685,304000.57,2205569359.0
2023-01-11,002460.SZ,002460.SZ,157.89288391725367,159.0182169714885,155.9451920926165,155.9451920926165,159836.52,1160967652.0
2023-01-12,002460.SZ,002460.SZ,157.54666839600688,161.39877100239275,157.54666839600688,158.26082224999976,224533.42,1653217060.0
2023-01-13,002460.SZ,002460.SZ,158.82341717799218,161.00915980436872,157.1570589380814,159.14803241953328,176982.06,1298730759.0
2023-01-16,002460.SZ,002460.SZ,159.01811503964,162.30754801269734,157.43832157231643,160.85760058378392,209655.95,1554917238.0
2023-01-17,002460.SZ,002460.SZ,161.22548436854777,162.69707268224727,160.35984418401864,161.83143249771814,171840.62,1281993260.0
2023-01-18,002460.SZ,002460.SZ,162.30756411744818,169.01627676763601,161.5934108353314,164.21197286975956,262624.49,2002507549.0
2023-01-19,002460.SZ,002460.SZ,165.29400183385226,167.6961534708721,162.48067108779298,163.99554148951722,214090.11,1620004923.0
2023-01-20,002460.SZ,002460.SZ,164.08217748198973,170.96402032547073,163.17325484228473,169.23273910698495,370413.36,2875010984.0
2023-01-30,002460.SZ,002460.SZ,177.6510747536461,179.36071477137517,170.9640017729083,171.50502709497445,451901.0,3647390941.0
2023-01-31,002460.SZ,002460.SZ,172.58702300516106,172.84671507739455,170.57440944535165,170.5960504513711,200583.63,1589787320.0
2023-02-01,002460.SZ,002460.SZ,172.067619041273,175.22720555618002,171.41838893547015,174.16679638336876,265526.29,2126965125.0
2023-02-02,002460.SZ,002460.SZ,173.58256154872998,173.90717673676528,171.74307548319675,172.17589573391047,196114.13,1564219718.0
2023-02-03,002460.SZ,002460.SZ,172.500559529733,173.08486703284467,167.71789441167118,169.88199627504758,217908.85,1708618736.0
2023-02-06,002460.SZ,002460.SZ,168.15076380470254,168.30225097930133,165.5754818365224,167.02543050768264,195088.49,1503822740.0
2023-02-07,002460.SZ,002460.SZ,167.11204443154506,168.3239421896604,166.2247621443535,167.09040340015014,122897.73,950019661.0
2023-02-08,002460.SZ,002460.SZ,169.18960858101397,180.59443382048624,168.8217109926439,177.13186828288553,711845.27,5770899181.0
2023-02-09,002460.SZ,002460.SZ,176.4826404879566,177.00202532814188,173.88571628703016,176.63412773301064,311040.34,2521517298.0
2023-02-10,002460.SZ,002460.SZ,176.309563195425,176.309563195425,169.9903791457056,170.61796934242432,334551.26,2660648390.0
2023-02-13,002460.SZ,002460.SZ,169.1680979001037,171.39712618252798,168.80020002824725,170.14194520795897,176430.46,1385998042.0
2023-02-14,002460.SZ,002460.SZ,170.16353334572202,170.8993288606342,167.45840277619192,168.2807624693291,213467.15,1659697302.0
2023-02-15,002460.SZ,002460.SZ,168.7784874768261,169.70905228789206,165.64053636974316,165.94351095939254,203462.46,1569725367.0
2023-02-16,002460.SZ,002460.SZ,165.92187866046308,167.8912135969574,160.85787453804903,162.6324400852198,247550.44,1885391125.0
2023-02-17,002460.SZ,002460.SZ,162.6973293517778,163.4547657081641,159.88399431377152,160.12204574006435,181133.44,1351175211.0
2023-02-20,002460.SZ,002460.SZ,155.51254890553034,159.01839818505943,152.67757201899758,158.95347505025333,285355.79,2059065502.0
2023-02-21,002460.SZ,002460.SZ,157.93640609942972,161.20420512943983,156.4215323769085,159.92738299188622,219480.05,1614887279.0
2023-02-22,002460.SZ,002460.SZ,158.282608602447,159.49450716434706,157.24383840653266,157.5684540927559,152504.75,1112985791.0
2023-02-23,002460.SZ,002460.SZ,157.11397246330196,158.9967432076969,156.91920307595078,158.52064026083843,121264.16,886300599.0
2023-02-24,002460.SZ,002460.SZ,159.04002039185636,160.8795089934767,157.24381387498005,157.97960931562818,154275.1,1131215764.0
2023-02-27,002460.SZ,002460.SZ,158.62882536120367,160.59816002803444,157.3087219032182,157.82810687029448,150980.24,1107531263.0
2023-02-28,002460.SZ,002460.SZ,157.61173497771773,157.74158125121303,154.75511696082103,156.68117001766805,169614.91,1221750767.0
2023-03-01,002460.SZ,002460.SZ,156.05355204891154,156.9841168440999,154.733448502249,156.35652663339147,159076.52,1146690700.0
2023-03-02,002460.SZ,002460.SZ,156.37820157056166,156.57297098851555,154.73348204117295,154.75512308761228,132065.52,947230141.0
2023-03-03,002460.SZ,002460.SZ,153.4349811610493,155.16626444636438,152.78574992905612,153.49990428424863,159814.14,1133837501.0
2023-03-06,002460.SZ,002460.SZ,153.4998927143356,155.2960989874626,151.35742981024433,154.75507300158097,190084.66,1346654751.0
2023-03-07,002460.SZ,002460.SZ,154.32231369584468,154.9066219933889,152.00672155372501,152.09328574595378,117469.88,832321432.0
2023-03-08,002460.SZ,002460.SZ,151.83365753116044,152.48288924808386,150.55683515454436,152.13663233239137,104955.69,734970489.0
2023-03-09,002460.SZ,002460.SZ,152.1365709869751,155.07975358359369,151.53062162884777,152.95893083014798,131734.99,935625579.0
2023-03-10,002460.SZ,002460.SZ,150.62174492243324,151.48738713463115,148.9986657745622,149.58297426779578,159566.42,1105376705.0
2023-03-13,002460.SZ,002460.SZ,148.67405277266684,149.15015599843082,144.3242005736412,145.64430497235045,230057.14,1553428248.0
2023-03-14,002460.SZ,002460.SZ,145.29801326608944,147.02929730858082,142.2682661917295,146.31514264105311,260567.28,1737221551.0
2023-03-15,002460.SZ,002460.SZ,146.42335926618412,148.37105396526135,145.1681782378899,145.1681782378899,146448.62,994054532.0
2023-03-16,002460.SZ,002460.SZ,142.93911326763467,144.8218843280865,139.93100778024615,140.6668033670894,204460.13,1340678139.0
2023-03-17,002460.SZ,002460.SZ,142.31145810926785,145.60089570546748,141.74879115202316,142.57115055107306,217937.04,1445812492.0
2023-03-20,002460.SZ,002460.SZ,142.24658994419454,146.1419780759388,140.2556137879697,144.99500268159187,223868.99,1487503866.0
2023-03-21,002460.SZ,002460.SZ,144.99496661846024,148.21948154773645,144.17260710629586,147.91650699062325,204037.38,1380935166.0
2023-03-22,002460.SZ,002460.SZ,149.0634498898874,150.08057854041365,146.07698704366146,147.22396190489317,195942.16,1340327390.0
2023-03-23,002460.SZ,002460.SZ,145.64416721894221,147.70006556750084,145.3844747959664,147.24560382729317,130551.8,885026513.0
2023-03-24,002460.SZ,002460.SZ,146.79108566573444,148.65221398170866,145.7739574000276,146.1634958847664,163678.05,1111065786.0
2023-03-27,002460.SZ,002460.SZ,145.7739271434312,147.3104397365404,143.91279921374962,146.59628599608118,147728.64,995860398.0
2023-03-28,002460.SZ,002460.SZ,146.59626599260307,147.05072740179185,143.11206185548923,143.3717540893114,161032.22,1071179590.0000001
2023-03-29,002460.SZ,002460.SZ,143.43666646267474,147.37533171557254,143.43666646267474,145.2545119640122,232269.89,1564993923.0
2023-03-30,002460.SZ,002460.SZ,144.99475862597072,145.01639963472087,141.92173538345014,144.5619384509678,204814.8,1355199006.0
2023-03-31,002460.SZ,002460.SZ,144.97313506546698,146.89918507603969,143.26349516844178,143.84780247502002,198227.85,1328542049.0
2023-04-03,002460.SZ,002460.SZ,142.9388810648286,149.75579969244723,141.53221531627239,147.89467270204975,354382.08,2402604456.0
2023-04-04,002460.SZ,002460.SZ,146.63946312043507,147.0073602386534,141.79187756273473,142.48438978526335,335992.25,2228292780.0
2023-04-06,002460.SZ,002460.SZ,141.72689208144075,141.72689208144075,138.0912045154487,139.0650493991966,252893.1,1624420784.0
2023-04-07,002460.SZ,002460.SZ,138.97853057374894,139.88745276062178,138.41586445806576,138.91360756040086,149798.27,962139038.0
2023-04-10,002460.SZ,002460.SZ,139.58449235077563,141.46725992201866,138.71885208813515,141.16428583009449,197034.27,1277424697.0
2023-04-11,002460.SZ,002460.SZ,140.66655203022822,144.90818959913972,139.0651174378841,144.86490758313042,303736.07,2007309207.0
2023-04-12,002460.SZ,002460.SZ,144.69174296214678,144.69174296214678,141.9649766424892,142.70077072874602,158279.73,1046034219.0
2023-04-13,002460.SZ,002460.SZ,141.85676823516468,143.8044584168832,139.88743705142707,141.07769216247726,140314.48,918827500.0
2023-04-14,002460.SZ,002460.SZ,141.66203252748318,153.2616123372496,141.66203252748318,149.27966702941936,603844.93,4148587116.0
2023-04-17,002460.SZ,002460.SZ,149.27965867027507,152.0929894367488,148.45730044622888,149.95052985304957,279275.7,1935760807.0
2023-04-18,002460.SZ,002460.SZ,150.1019694936843,155.12268127605668,150.1019694936843,151.72504442333053,357336.89,2529827107.0
2023-04-19,002460.SZ,002460.SZ,152.61225787990517,153.62938438591135,149.7556472672921,151.2272345525776,230753.18,1614315757.0
2023-04-20,002460.SZ,002460.SZ,150.40492952410304,150.62133949464132,146.18493509860664,147.35354893951333,233052.47,1586829060.0
2023-04-21,002460.SZ,002460.SZ,146.94236565941407,149.8422591790549,144.23724110751027,144.4752920680778,200763.18,1360581008.0
2023-04-24,002460.SZ,002460.SZ,144.475354433352,150.556477051053,141.16428055253974,146.79094204934492,288006.21,1956007437.0
2023-04-25,002460.SZ,002460.SZ,146.72604754046444,147.37527783931606,132.22657086611179,134.32574883239866,522666.24,3293715538.0
2023-04-26,002460.SZ,002460.SZ,133.35185046935092,141.96496901638136,127.68190810924544,138.19943477722737,353499.81,2236173848.0
2023-04-27,002460.SZ,002460.SZ,138.19945581855418,142.59257976643494,137.5285846738039,142.13811866837833,297124.36,1936813313.0
2023-04-28,002460.SZ,002460.SZ,140.66659874695887,144.30228929918798,138.63234331892593,140.64495773176702,238541.44,1551392228.0
2023-05-04,002460.SZ,002460.SZ,142.52767102846286,144.56192567114059,139.2815200029133,140.0822372558822,217337.48,1423537778.0
2023-05-05,002460.SZ,002460.SZ,139.19496017775936,140.08224148486264,136.3383471890367,138.35096088563677,139627.18,891354460.0
2023-05-08,002460.SZ,002460.SZ,139.9091207483077,140.66655605011601,136.70625147208966,138.50245518780653,145867.27,932262719.0
2023-05-09,002460.SZ,002460.SZ,138.97859274664012,140.34197663686717,135.9488507683577,136.05705583901064,158732.67,1007818280.0
2023-05-10,002460.SZ,002460.SZ,136.0353950852552,142.3762113054238,135.58093385445812,140.1904691953998,237629.86,1530878759.0
2023-05-11,002460.SZ,002460.SZ,140.0822467579774,143.30675699541575,139.04347835933953,142.31127061338782,200290.94,1312790329.0
2023-05-12,002460.SZ,002460.SZ,144.25894706892433,146.05515058028357,139.47628470735333,139.80089979976765,175146.92,1143948099.0
2023-05-15,002460.SZ,002460.SZ,141.96496037445272,152.56905040242253,141.87839637422442,151.9198204007101,597133.16,4102788488.0
2023-05-16,002460.SZ,002460.SZ,151.94152562616776,152.02808966298656,148.63045121784936,149.49609158603718,266962.25,1844338870.0
2023-05-17,002460.SZ,002460.SZ,148.89015051006555,149.9505600122448,146.31487029048736,147.15886969018106,185292.66,1259910313.0
2023-05-18,002460.SZ,002460.SZ,147.20220371026076,147.63502406812688,145.01646090303697,147.02907556711432,153966.49,1039674068.0
2023-05-19,002460.SZ,002460.SZ,146.7043931750205,146.7043931750205,144.28060027996187,145.0163945516761,144653.37,969483812.0
2023-05-22,002460.SZ,002460.SZ,144.2805681193437,145.4275412872341,143.1768769577888,144.75667018903405,113568.0,757719264.0
2023-05-23,002460.SZ,002460.SZ,144.75672833443437,145.96862499861862,141.96503780443854,141.96503780443854,154680.48,1028866749.0
2023-05-24,002460.SZ,002460.SZ,141.96509803605647,142.59268764627686,138.7405859007863,138.7405859007863,187836.46,1217289017.0
2023-05-25,002460.SZ,002460.SZ,137.8533534645779,138.24289198300215,135.51612235403246,136.77130202451056,173771.31,1097907420.0
2023-05-26,002460.SZ,002460.SZ,136.29514270270698,136.31678372250735,131.36099018822347,133.2004768712546,217860.62,1338962671.0
2023-05-29,002460.SZ,002460.SZ,135.86231156790794,136.33841396588403,131.577389986123,132.78928699915306,181039.21,1116991315.0
2023-05-30,002460.SZ,002460.SZ,132.7892868280604,134.39072216464393,130.34385178706125,134.369081146582,191957.48,1172512791.0
2023-05-31,002460.SZ,002460.SZ,134.04439993442372,134.32573303083115,131.07958191843792,134.17424597891946,145873.42,895118006.0
2023-06-01,002460.SZ,002460.SZ,133.50338764790166,137.16071825456328,132.8325163531886,134.39066903768347,181554.59,1137092855.0
2023-06-02,002460.SZ,002460.SZ,135.45102280401136,139.7575819249569,135.42938180340357,138.93522390186178,268328.84,1713308990.0
2023-06-05,002460.SZ,002460.SZ,139.1516188435807,140.19038676029797,137.03080101361635,139.93069478111863,198741.18,1275979397.0
2023-06-06,002460.SZ,002460.SZ,139.60607870284076,139.77920668759083,136.55469797162073,136.79274895065205,126681.14,807550860.0
2023-06-07,002460.SZ,002460.SZ,137.3338374777318,138.7188619968895,134.28245533396247,134.82348053675847,116672.39,730675618.0
2023-06-08,002460.SZ,002460.SZ,134.823450244141,138.43749778680095,134.823450244141,136.77114053659247,139777.96,885336160.0
2023-06-09,002460.SZ,002460.SZ,136.64127057119524,140.0389074859367,136.51142457445354,138.30762752938054,171859.77,1099250397.0
2023-06-12,002460.SZ,002460.SZ,137.8098207373576,138.04787162116898,135.4725938781185,136.53300236055105,118082.07,746407046.0
2023-06-13,002460.SZ,002460.SZ,137.39863580825477,138.48068523185106,136.12181748841115,136.79268813104085,99238.53,628908914.0
2023-06-14,002460.SZ,002460.SZ,137.85311022866586,138.4157759847012,136.03526701685925,136.03526701685925,134880.89,852920390.0
2023-06-15,002460.SZ,002460.SZ,136.33825313496024,141.25075844633102,134.17415387884978,140.66645164718122,269224.11,1725918261.0
2023-06-16,002460.SZ,002460.SZ,141.0126751412256,141.9648785952179,139.93062576168887,141.33728995508662,176438.51,1150125802.0
2023-06-19,002460.SZ,002460.SZ,140.3201296596149,141.29397386607428,137.9612625817466,138.3940822290619,156987.88,1009831373.0
2023-06-20,002460.SZ,002460.SZ,137.91799096140807,139.47614180861055,136.94414668190652,137.05235160185114,123560.94,787476824.0
2023-06-21,002460.SZ,002460.SZ,136.46799728350703,138.26419832609048,134.23897671259027,134.52030940600693,125473.69,788419125.0
2023-06-26,002460.SZ,002460.SZ,133.54643368503173,135.2344294438119,131.4472594721897,132.39946220791185,126858.84,779763848.0
2023-06-27,002460.SZ,002460.SZ,132.87558334917978,133.95763207352164,130.71148590049606,132.91886529815346,127623.45,780465254.0
2023-06-28,002460.SZ,002460.SZ,132.8971659539796,132.9837298139073,130.49501884098632,131.3606574402632,105041.03,638236346.0
2023-06-29,002460.SZ,002460.SZ,131.2741584043355,131.2741584043355,129.28318864284543,129.28318864284543,154479.28,927147029.0
2023-06-30,002460.SZ,002460.SZ,129.3697743618092,133.4166374942378,129.3697743618092,131.9234099213096,165829.13,1010286161.0
2023-07-03,002460.SZ,002460.SZ,132.05328126570555,134.36886649930608,132.00999929872236,132.8539976548945,129583.93,796789221.0
2023-07-04,002460.SZ,002460.SZ,134.0659109540242,134.7584225198884,132.3129910529304,133.89278306255812,115855.48,715430498.0
2023-07-05,002460.SZ,002460.SZ,133.9794070925926,134.60699598060506,133.0921262509198,134.1525350616995,105903.8,655183814.0
2023-07-06,002460.SZ,002460.SZ,133.78470365765534,133.95783171156364,131.5123979501086,131.79373103770962,106511.87,651173302.0
2023-07-07,002460.SZ,002460.SZ,131.5123979501086,132.35639721291167,130.9713727816451,131.79373103770962,64135.53,390235915.0
2023-07-10,002460.SZ,002460.SZ,133.07059539155054,135.90556823206006,132.4862880122089,134.52054333287984,139851.24,870799876.0
2023-07-11,002460.SZ,002460.SZ,133.80635632086842,135.01825280380044,132.7675879069267,134.6503556571961,97767.65,604957161.0
2023-07-12,002460.SZ,002460.SZ,134.84827102241817,135.8160289615776,133.83652408602424,133.90250758187602,96088.49,588239350.0
2023-07-13,002460.SZ,002460.SZ,134.782259142069,136.25589023908574,133.59455646686146,134.51832521424507,122109.38,747684040.0
2023-07-14,002460.SZ,002460.SZ,134.49632922536756,135.00220258140737,133.39660453832448,134.56231270659015,142760.39,870892681.0
2023-07-17,002460.SZ,002460.SZ,134.38636092849865,134.38636092849865,132.89073530769048,133.19865822962157,72616.89,439974359.0
2023-07-18,002460.SZ,002460.SZ,133.19862773355604,133.6825065000914,130.75723941149118,132.18688122170934,118664.35,710896829.0
2023-07-19,002460.SZ,002460.SZ,131.81295483354978,132.8466956773971,130.99915885009554,131.46104305692094,60662.08,363232875.0
2023-07-20,002460.SZ,002460.SZ,131.74698080634306,134.10039098101396,131.65900285588808,131.8129642691843,112631.44,679964694.0
2023-07-21,002460.SZ,002460.SZ,130.86724685002855,130.86724685002855,127.48009457861603,128.53583035152383,162451.33,952274980.0
2023-07-24,002460.SZ,002460.SZ,127.56813586068984,127.56813586068984,121.8275697469588,121.98153129023893,277131.35,1558367959.0
2023-07-25,002460.SZ,002460.SZ,123.82901126137564,128.05195445181687,123.54308281618952,127.83200949398139,271974.86,1563686750.0
2023-07-26,002460.SZ,002460.SZ,128.2279537590314,130.9772666612405,127.89803621076632,128.84379984912624,173352.47,1019712216.0
2023-07-27,002460.SZ,002460.SZ,128.71184717307432,129.56963289415256,127.41417133862261,127.50214936129728,89566.3,521624185.0
2023-07-28,002460.SZ,002460.SZ,126.82027835678639,130.60333209895902,126.2044323987583,129.9215026454279,154479.27,907729167.0
2023-07-31,002460.SZ,002460.SZ,130.66930384448844,133.17667644813628,130.18542492097748,131.59307269846397,204082.09,1222017013.0
2023-08-01,002460.SZ,002460.SZ,131.30708759267955,132.01091117776596,129.76747350030308,130.40531362428763,95400.78,567074669.0
2023-08-02,002460.SZ,002460.SZ,130.20741271044625,130.2514017012268,128.5358310607851,128.8657484916393,95471.32,560638513.0
2023-08-03,002460.SZ,002460.SZ,128.07393049483264,130.09742381537612,127.91996904653043,128.4478368692809,89936.34,526728611.99999994
2023-08-04,002460.SZ,002460.SZ,128.88773026062157,130.1854053605152,128.09592850475428,128.1619119844099,132958.21,779691773.0
2023-08-07,002460.SZ,002460.SZ,127.56806938579483,128.2279042274455,126.71028409164897,127.76601983829005,72195.95,418581063.0
2023-08-08,002460.SZ,002460.SZ,127.12814366633161,127.98592871875151,126.27035861391172,126.90819878109576,76514.77,441567847.0
2023-08-09,002460.SZ,002460.SZ,126.79823432576768,126.90820677531302,125.63252636058715,125.69850983031436,75237.89,431004020.0
2023-08-10,002460.SZ,002460.SZ,126.02838682177911,127.58999510526014,125.10461854141006,126.380298547634,98957.76,568960319.0
2023-08-11,002460.SZ,002460.SZ,126.38025182522058,126.5782020978323,123.38900326131004,123.38900326131004,100557.75,569882874.0
2023-08-14,002460.SZ,002460.SZ,122.17931056946428,122.90512825601556,117.4065094185059,117.91238235155679,251886.84,1358977306.0
2023-08-15,002460.SZ,002460.SZ,117.91235637730308,118.30825684639308,115.25102544619813,116.02083191387311,135943.11,718455255.0
2023-08-16,002460.SZ,002460.SZ,115.99877906222655,116.92254635851275,113.62337744320483,113.62337744320483,158027.19,825645128.0
2023-08-17,002460.SZ,002460.SZ,112.78762268516735,113.86535152907788,111.467954713032,113.38147327262824,136993.82,702072024.0
2023-08-18,002460.SZ,002460.SZ,113.38146102742913,113.75536691248564,109.97231913426685,109.97231913426685,171881.11,870646710.0
2023-08-21,002460.SZ,002460.SZ,109.64240217686407,110.56616965759191,107.94882846219635,107.94882846219635,141072.62,699569048.0
2023-08-22,002460.SZ,002460.SZ,109.37847038800872,109.77437074332425,106.23326200966864,108.30074164298311,163389.86,801271671.0
2023-08-23,002460.SZ,002460.SZ,108.30074583732883,108.32274030236485,104.47370892106254,104.49570338609854,156786.18,754878923.0
2023-08-24,002460.SZ,002460.SZ,105.99129756282498,106.95905375555466,104.86958015761559,105.3754527129061,129805.99,624828363.0
2023-08-25,002460.SZ,002460.SZ,104.69362660551434,104.78160444299797,102.67013634339095,103.2199978276636,126183.97,594346166.0
2023-08-28,002460.SZ,002460.SZ,109.95024750190505,109.95024750190505,102.95601291386629,103.35191298488735,196902.62,947699598.0
2023-08-29,002460.SZ,002460.SZ,103.15394480510147,106.12319481548286,102.0542225790343,105.66131148053465,175539.99,836062685.0
2023-08-30,002460.SZ,002460.SZ,106.89301773166535,107.94875124012624,105.57335084608923,106.18919539269142,159857.18,775367377.0
2023-08-31,002460.SZ,002460.SZ,105.28741058448433,105.6173272669091,102.89001602553118,104.27566609171511,167329.09,792153644.0
2023-09-01,002460.SZ,002460.SZ,104.25362921152919,105.13340667322986,103.61579055179621,104.45157914041184,99005.39,470521716.0
2023-09-04,002460.SZ,002460.SZ,105.11136641119806,109.20232982456547,104.6714778721263,107.86066978039658,263992.13,1288702339.0
2023-09-05,002460.SZ,002460.SZ,107.39879971355603,108.74045991886567,107.00289998084172,108.41054347493706,172424.47,847096695.0
2023-09-06,002460.SZ,002460.SZ,107.88271581709513,108.08066575437421,106.56304956856798,107.55279925496335,114951.23,560261548.0
2023-09-07,002460.SZ,002460.SZ,107.28890698442608,107.66281256432259,104.73755126277919,104.80353460040799,151784.22,729112869.0
2023-09-08,002460.SZ,002460.SZ,104.07775603716594,104.78157856319919,102.29620526814429,102.60412762328383,107476.23,503248285.0
2023-09-11,002460.SZ,002460.SZ,101.83431598147008,104.49564475765969,100.73459334668098,103.153983143217,160896.57,750942444.0
2023-09-12,002460.SZ,002460.SZ,103.54988480784478,108.34467556572713,103.39592363672011,105.15547987814485,254557.32,1225146518.0
2023-09-13,002460.SZ,002460.SZ,104.60562862204624,105.83731810960607,103.00003339719144,103.50590586529638,119053.68,564501338.0
2023-09-14,002460.SZ,002460.SZ,103.37394646565441,104.20973582005759,101.61438993006881,101.7243622135429,112609.06,524282756.0
2023-09-15,002460.SZ,002460.SZ,102.23025718570722,102.47219626252367,100.0747999558881,100.0747999558881,152129.59,697477930.0
2023-09-18,002460.SZ,002460.SZ,100.09675618010152,105.7713250868179,99.4589170394241,103.63786313351754,282831.76,1330034962.0
2023-09-19,002460.SZ,002460.SZ,103.37392754096933,103.37392754096933,100.53664314675974,101.28445453748164,162783.8,751485267.0
2023-09-20,002460.SZ,002460.SZ,100.91053537996366,100.95452427943181,99.19496830070534,99.74482954405737,114296.7,520381234.0
2023-09-21,002460.SZ,002460.SZ,99.15096162472528,100.05273390214626,98.22719490151356,98.75506160049169,132620.87,596467893.0
2023-09-22,002460.SZ,002460.SZ,99.30490314560475,100.69055295693877,98.09520886586871,100.29465301084335,190085.62,860075761.0
2023-09-25,002460.SZ,002460.SZ,99.634867719938,99.78882888418514,98.07326162543126,98.71110073445514,163974.82,736028880.0
2023-09-26,002460.SZ,002460.SZ,99.08505267528811,99.17303052450038,96.35773934970861,96.48970612352696,179233.52,792045042.0
2023-09-27,002460.SZ,002460.SZ,95.98383676028823,100.0528124249659,95.87386444502667,98.13929413941477,225419.8,1005920496.0
2023-09-28,002460.SZ,002460.SZ,98.16131113994679,100.3167690139586,97.43549369257545,98.09532773564031,217134.33,972530520.0
2023-10-09,002460.SZ,002460.SZ,96.13780436076124,97.61143348274042,94.7301586323035,96.8856161540044,181479.4,793838649.0
2023-10-10,002460.SZ,002460.SZ,97.2155469535327,100.73466177538002,96.48972952152667,98.16130906190416,278881.67,1253229367.0
2023-10-11,002460.SZ,002460.SZ,98.82116552811426,99.12908814493902,97.47950269766358,97.74343636922764,183946.17,821273006.0
2023-10-12,002460.SZ,002460.SZ,98.31525088381576,106.49719122582458,98.31525088381576,106.01331303355525,639275.47,2995294841.0
2023-10-13,002460.SZ,002460.SZ,105.13348555109275,105.9032914076384,102.9780291527649,103.92379063366387,322708.24,1530480536.0
2023-10-16,002460.SZ,002460.SZ,103.94582013365084,104.64964286836874,98.97507206970563,99.48094466028411,307694.86,1410417528.0
2023-10-17,002460.SZ,002460.SZ,99.89881963187169,101.08652026157691,98.99704693153996,99.76685289523778,218380.36,993771649.0
2023-10-18,002460.SZ,002460.SZ,99.76690260918484,99.76690260918484,97.10557209425728,97.1055720942573,194613.7,865621620.0
2023-10-19,002460.SZ,002460.SZ,96.00585636939662,96.90762959073577,94.0263541762132,94.1143320514658,240055.19,1040877548.0
2023-10-20,002460.SZ,002460.SZ,93.2565249927009,102.4941996382043,92.83863018730908,99.876858488645,571757.79,2576466205.0
2023-10-23,002460.SZ,002460.SZ,99.76686199521913,99.76686199521913,94.77412000383582,96.0278041162096,298214.12,1307447140.0
2023-10-24,002460.SZ,002460.SZ,96.18172487070623,100.64659798956134,96.18172487070623,98.3151864102577,340459.38,1524873041.0
2023-10-25,002460.SZ,002460.SZ,98.7550558119743,99.19494470200537,96.22569469429567,96.53361691731742,283550.72,1256550312.0
2023-10-26,002460.SZ,002460.SZ,95.12598323037092,96.20371113286531,93.38842191818611,95.8517999810304,274958.11,1179907766.0
2023-10-27,002460.SZ,002460.SZ,95.01603960867254,100.82257536253587,94.13626146414778,100.20673066136854,473771.42,2130533560.0
2023-10-30,002460.SZ,002460.SZ,99.19495186974241,101.08647423355568,99.04099074710645,100.58060197346609,262928.25,1198282213.0
2023-10-31,002460.SZ,002460.SZ,95.89577014294458,97.39139224609141,94.57610358134443,97.39139224609143,523009.68,2280594521.0
2023-11-01,002460.SZ,002460.SZ,96.40163128211658,96.40163128211658,94.57609274768454,95.23592595290094,220812.57,956792984.0
2023-11-02,002460.SZ,002460.SZ,94.90605187210316,95.60987427300867,93.67436267051852,93.7623404706317,178319.18,764962201.0
2023-11-03,002460.SZ,002460.SZ,94.02629310858094,95.1480102895254,93.91632083593933,94.70812119895896,163883.46,704501665.0
2023-11-06,002460.SZ,002460.SZ,94.84008708198036,99.30496131148918,94.84008708198036,98.84307777050552,463108.66,2055598370.0
2023-11-07,002460.SZ,002460.SZ,98.13929757856597,98.2052809700352,96.00583458772758,97.76539169357369,235147.69,1039223635.0
2023-11-08,002460.SZ,002460.SZ,97.4135203475704,98.71119424698487,96.44576354122742,97.30354798321325,248751.0,1103015367.0
2023-11-09,002460.SZ,002460.SZ,96.7976336100504,99.12904673494596,96.7976336100504,98.09530695315266,291374.58,1300184633.0
2023-11-10,002460.SZ,002460.SZ,98.13934274861441,99.76693382064433,97.3475416865458,98.55723775359506,344267.98,1544155699.0
2023-11-13,002460.SZ,002460.SZ,98.53524655672581,99.19508079706104,96.81967753185425,97.21557807605538,235764.73,1044803448.0
2023-11-14,002460.SZ,002460.SZ,97.10557680218828,97.72142190988053,95.45599169229834,96.07183679999059,234084.42,1025404483.0
2023-11-15,002460.SZ,002460.SZ,97.87539185985483,100.51472826955879,97.83140291969309,99.28303794503027,556808.33,2514886464.0
2023-11-16,002460.SZ,002460.SZ,98.97515287920052,99.37105349071733,97.34756147629811,97.36955595471572,269024.66,1199056950.0
2023-11-17,002460.SZ,002460.SZ,96.55571224937917,97.23754074134517,96.40175097699975,96.88562926162078,188991.37,831220416.0
2023-11-20,002460.SZ,002460.SZ,97.34752026920033,97.58945942938135,95.49998486418163,96.77566407240883,189414.01,829358966.0
2023-11-21,002460.SZ,002460.SZ,97.23759266143574,97.69947672519737,95.4780343232962,95.61000119865668,225894.22,991665238.0
2023-11-22,002460.SZ,002460.SZ,94.95014385726704,95.08211070071006,93.19058594469317,93.21258041860035,286476.89,1221595230.0
2023-11-23,002460.SZ,002460.SZ,92.81666146965298,93.12458404324899,91.16707625396009,93.10258957370641,210616.6,882722026.0
2023-11-24,002460.SZ,002460.SZ,93.10256269322643,93.10256269322643,91.93685614403176,92.02483399680119,133435.6,559756079.0
2023-11-27,002460.SZ,002460.SZ,91.29900025955155,91.51894485184148,88.85761528513328,88.85761528513328,252642.58,1028532879.0
2023-11-28,002460.SZ,002460.SZ,87.97786312585545,88.87963622289547,87.0980844945969,88.59370816773644,200411.04,802945703.0
2023-11-29,002460.SZ,002460.SZ,88.3737374610333,88.85761556559844,86.72415301365214,86.85611976944263,186847.57,742247082.0
2023-11-30,002460.SZ,002460.SZ,86.41624848714464,86.6141986618416,84.67868584258255,85.77840903534337,220372.01,857804338.0
2023-12-01,002460.SZ,002460.SZ,84.89863267037224,86.06433928475818,83.09508658773738,85.294533029975,291021.81,1117850162.0
2023-12-04,002460.SZ,002460.SZ,84.54672349824739,86.63619767419264,84.26079545311805,85.62445228373494,218131.14,850183308.0
2023-12-05,002460.SZ,002460.SZ,84.92065157059218,89.73744066511684,84.48076215556709,87.20807652872261,448916.46,1795215059.0
2023-12-06,002460.SZ,002460.SZ,86.65818026452622,95.19203151900241,86.4382356445655,93.1025576293755,801920.23,3380978413.0
2023-12-07,002460.SZ,002460.SZ,92.37678057295993,94.0483604118992,90.96913439280054,92.97063130521467,401769.43,1685131628.0
2023-12-08,002460.SZ,002460.SZ,94.02635583500947,94.48823968823409,91.95887573009932,92.70668768293916,262869.11,1109435803.0
2023-12-11,002460.SZ,002460.SZ,92.42074632305099,92.42074632305099,89.05559301809458,91.21105069055031,276854.92,1136721515.0
2023-12-12,002460.SZ,002460.SZ,89.95733611810537,91.91484294316929,89.45146356780796,89.67140815489381,167216.46,684785383.0
2023-12-13,002460.SZ,002460.SZ,89.69338781881434,89.69338781881434,87.27399775994489,87.47194785567058,183522.39,733310560.0
2023-12-14,002460.SZ,002460.SZ,88.92361543728398,89.51746594849018,86.74616356286124,86.81214695299526,172114.19,688570806.0
2023-12-15,002460.SZ,002460.SZ,87.64790040412493,90.96906300413066,87.62590594982026,88.13177839882775,339776.01,1378462266.0
2023-12-18,002460.SZ,002460.SZ,87.16398995141272,89.4294179011971,85.71235650786156,85.99828430734891,192034.11,760061545.0
2023-12-19,002460.SZ,002460.SZ,85.8003117075136,87.49388361253247,85.14047849776601,86.06424499141265,163734.44,641928303.0
2023-12-20,002460.SZ,002460.SZ,86.61407043389886,86.68005372777942,84.89850479300397,84.89850479300397,125007.99,485537879.0
2023-12-21,002460.SZ,002460.SZ,84.01871936739805,87.11993387807948,83.86475836332166,85.91024027462218,203576.84,790700788.0
2023-12-22,002460.SZ,002460.SZ,85.77824620418068,89.93519198176789,84.04068685799342,87.69176092719701,359261.61,1423360674.0
2023-12-25,002460.SZ,002460.SZ,87.95568733847783,88.5275422699108,86.61402769165434,87.80172639539973,163875.02,653096039.0
2023-12-26,002460.SZ,002460.SZ,88.81346991369941,89.25335832337596,86.83397207015483,87.75773773047563,152493.03,609034998.0
2023-12-27,002460.SZ,002460.SZ,87.40583704168847,87.64777569479833,85.36035570175967,86.1741493531292,163661.19,640634264.0
2023-12-28,002460.SZ,002460.SZ,85.73425364892061,94.04814484422384,85.71225922776902,93.19036241931161,644394.68,2675877073.0
2023-12-29,002460.SZ,002460.SZ,93.1683965799514,95.4118282256443,92.5525525987808,94.1361514075052,373094.73,1602801311.0
2024-01-02,002460.SZ,002460.SZ,93.6962502577558,93.89420008224403,91.65076873804425,91.65076873804423,212641.01,893959700.0
2024-01-03,002460.SZ,002460.SZ,91.32086810887176,92.79449483413534,91.14491267898953,91.8487343985184,154898.48,646527220.0
2024-01-04,002460.SZ,002460.SZ,91.40886593735064,91.54083253880012,89.1654337127092,89.56133351705769,160878.04,657625932.0
2024-01-05,002460.SZ,002460.SZ,91.32088594069452,96.02769460912144,88.74753727618074,92.33262986007601,502631.29,2137063705.0
2024-01-08,002460.SZ,002460.SZ,91.6067776744692,96.29159007414795,91.40882785476447,93.8502089644562,478112.83,2059516387.0
2024-01-09,002460.SZ,002460.SZ,93.85023134278701,95.67576900424736,91.16691092473685,95.19189155181208,427302.59,1827148984.0
2024-01-10,002460.SZ,002460.SZ,95.0159550867209,97.61129830436744,93.21241149479702,94.29013876314177,471256.58,2051871609.0
2024-01-11,002460.SZ,002460.SZ,93.47630388620726,100.33856431267705,93.0804042462186,97.91917762385758,623301.73,2745690902.0
2024-01-12,002460.SZ,002460.SZ,97.17139579887417,98.05117303562268,95.32386360170229,95.63178563456425,419114.18,1840519999.0
2024-01-15,002460.SZ,002460.SZ,94.66403129928071,95.587797403967,93.03644340054771,93.25638771118732,260736.54,1114330781.0
2024-01-16,002460.SZ,002460.SZ,92.90448729703864,94.35611991105486,92.28864315775903,93.56432030340964,248511.68,1055338676.9999999
2024-01-17,002460.SZ,002460.SZ,93.56427831445696,93.56427831445696,90.17713706847051,90.37508688154765,252813.62,1051045165.0
2024-01-18,002460.SZ,002460.SZ,89.75925420664144,92.92645161064937,89.36335453114044,92.81647947856577,290034.87,1203246948.0
2024-01-19,002460.SZ,002460.SZ,92.83844975624652,95.41179697763502,91.29884030755254,91.32083472824817,285222.11,1205688789.0
2024-01-22,002460.SZ,002460.SZ,90.3970357262448,91.21082899190685,87.27382913910932,87.8016950411604,340427.12,1376812795.0
2024-01-23,002460.SZ,002460.SZ,87.80173667862674,89.95719013416415,86.72400995085802,88.30760840798756,207627.72,836625584.0
2024-01-24,002460.SZ,002460.SZ,88.70351889388549,89.29736838809202,84.76651669155336,87.93371399398815,270136.49,1065696929.0
2024-01-25,002460.SZ,002460.SZ,87.22990276749866,89.80325088242486,86.37212006252327,89.3193734591054,248509.04,998643018.0
2024-01-26,002460.SZ,002460.SZ,88.15363111335336,89.91318462858996,87.55978180196101,87.55978180196102,207620.09,833545459.0
2024-01-29,002460.SZ,002460.SZ,87.97771654048269,87.99971096961781,83.18293098902639,83.18293098902639,287034.03,1103515525.0
2024-01-30,002460.SZ,002460.SZ,82.25918949175818,83.88677773303897,81.29143432126692,81.29143432126692,173253.5,650988705.0
2024-01-31,002460.SZ,002460.SZ,79.17995918766223,80.25768640993876,74.58312266815628,74.8470558654485,389098.72,1357445429.0
2024-02-01,002460.SZ,002460.SZ,74.36315203947741,77.81627681622925,74.07722451019222,76.18868934183665,248988.14,861417418.0
2024-02-02,002460.SZ,002460.SZ,76.4966251378166,77.20044687571485,70.40416821913482,72.93352758970667,273987.8,917497980.0
2024-02-05,002460.SZ,002460.SZ,72.2957267280074,73.19749879854233,67.74287749384325,69.54642163491312,285346.46,915892473.0
2024-02-06,002460.SZ,002460.SZ,69.50240874349228,75.08899476274766,68.90855904853206,75.00101703016097,292212.66,968791347.0
2024-02-07,002460.SZ,002460.SZ,75.39692461114358,76.91454065495013,73.81332526108454,74.56113606527909,292246.77,1001711486.0
2024-02-08,002460.SZ,002460.SZ,74.91307839790342,77.31047286219334,74.60515617313224,76.69462841265097,269943.96,936160217.0
2024-02-19,002460.SZ,002460.SZ,76.95854927904459,78.27821574281786,76.10076607759197,77.37644365923946,213058.14,746452761.0
2024-02-20,002460.SZ,002460.SZ,76.78262707210727,78.0363107567564,75.61692118988967,77.94833295432488,194074.81,678547257.0
2024-02-21,002460.SZ,002460.SZ,77.0025821434075,81.40147286853788,76.60668197814576,79.50994985673182,314330.59,1138097882.0
2024-02-22,002460.SZ,002460.SZ,78.47619096619887,79.81785230278467,78.25624648479136,79.37796333996965,169959.92,610183166.0
2024-02-23,002460.SZ,002460.SZ,79.55393244534297,80.85160510618765,78.91609334085999,80.36772716485574,212422.34,771006293.0
2024-02-26,002460.SZ,002460.SZ,80.38971151059802,82.03929519412603,80.12577812123355,80.82960049287216,251614.65,927917076.0
2024-02-27,002460.SZ,002460.SZ,80.2137328739183,82.32519938225288,80.05977177435224,82.30320493945773,214848.53,794787554.0
2024-02-28,002460.SZ,002460.SZ,83.5788628377427,87.25193391508562,82.25919658240991,82.32517989517656,524084.84,2030356404.0
2024-02-29,002460.SZ,002460.SZ,82.34714906318311,88.79151729916406,82.34714906318311,88.08769551229923,524995.13,2053564548.0
2024-03-01,002460.SZ,002460.SZ,87.9337724857227,89.3414166675852,87.22995039479146,88.32967241187153,314729.83,1262946915.0
2024-03-04,002460.SZ,002460.SZ,88.92352727832339,90.94701590300946,87.33992748509083,88.02175517384374,361729.06,1460944392.0
2024-03-05,002460.SZ,002460.SZ,86.8780786578956,87.03203980994756,84.67863362858178,85.0965281841514,289937.91,1127935469.0
2024-03-06,002460.SZ,002460.SZ,84.17278618032884,85.80037598365894,83.46896356267257,84.65666422996752,215002.53,826610872.0
2024-03-07,002460.SZ,002460.SZ,85.31652492948629,85.99835330608184,83.13907301713282,83.20505640841625,221647.33,852042443.0
2024-03-08,002460.SZ,002460.SZ,83.18309388730337,84.67871799738708,82.2593260546046,83.05112705406069,191186.17,722822801.0
2024-03-11,002460.SZ,002460.SZ,84.12886417281221,89.4735214261438,84.12886417281221,89.03363194027288,500517.22,1986250248.0
2024-03-12,002460.SZ,002460.SZ,91.0131120024652,91.49699031663975,88.15383105507021,89.18757108989763,368944.76,1502584004.0
2024-03-13,002460.SZ,002460.SZ,89.29752142093857,89.93536085965955,87.82389237285904,88.32976503115499,214535.41,862852668.0
2024-03-14,002460.SZ,002460.SZ,87.99987487527578,89.47350437206246,86.06436150636196,86.68020666919817,262196.54,1045179983.0
2024-03-15,002460.SZ,002460.SZ,86.4382357742136,87.8238868820445,84.76665666000488,87.07607517305641,259784.11,1017448135.0
2024-03-18,002460.SZ,002460.SZ,87.95587631917394,88.74767715625578,86.98811974051836,87.99986525456737,246361.47,983331540.0
2024-03-19,002460.SZ,002460.SZ,87.66993165950866,88.50572127392445,86.87813097216738,86.8781309721674,182222.82,725699537.0
2024-03-20,002460.SZ,002460.SZ,86.87808927768674,87.647895132046,86.24025014121766,87.076039354522,141652.11,558952735.0
2024-03-21,002460.SZ,002460.SZ,87.36200106513206,87.64792906458995,85.91036660634589,86.24028352879729,133523.21,526201018.00000006
2024-03-22,002460.SZ,002460.SZ,85.77840232534977,86.21829156804388,82.63319424008695,82.65518870222165,270099.09,1026138612.0
2024-03-25,002460.SZ,002460.SZ,82.47921605395975,82.54519942680291,80.45572595343593,80.47772041105033,173807.96,643323667.0
2024-03-26,002460.SZ,002460.SZ,80.69765459842938,82.45721098106071,79.53194849493612,81.66541060887661,207261.66,764381997.0
2024-03-27,002460.SZ,002460.SZ,81.37951544420338,81.37951544420338,78.60821302637376,78.65220195364088,161605.44,587211641.0
2024-03-28,002460.SZ,002460.SZ,78.65220860832203,80.30179352040932,78.65220860832203,79.02611452172849,144162.48,520250412.0
2024-03-29,002460.SZ,002460.SZ,78.67422523068781,81.04962817307369,78.5202639288665,79.97189906032453,143642.83,522604066.0
2024-04-01,002460.SZ,002460.SZ,80.14783423194761,86.72417957644606,80.14783423194761,86.59221278023539,518210.6,2006937224.0
2024-04-02,002460.SZ,002460.SZ,86.59221168745127,87.75791837260111,85.51448286533162,87.14207333138988,374193.22,1475812329.0
2024-04-03,002460.SZ,002460.SZ,87.01012900373098,88.63771989004951,85.84442201758394,87.73594656114331,379781.38,1511687025.0
2024-04-08,002460.SZ,002460.SZ,85.77841873232887,89.03359975088904,85.29454047281317,86.02035786208671,342904.82,1358101117.0
2024-04-09,002460.SZ,002460.SZ,86.02033796015108,91.4089809671153,85.80039334762192,91.16704189333323,629583.79,2568245031.0
2024-04-10,002460.SZ,002460.SZ,91.71690149449103,91.93684610239147,88.41773237598414,88.83562713099502,352763.79,1433972016.0
2024-04-11,002460.SZ,002460.SZ,87.75786985922709,88.87958699276608,86.24025256090964,87.38396414804743,278242.55,1106242771.0
2024-04-12,002460.SZ,002460.SZ,86.68014015079001,87.66989054581299,84.74462826718953,84.89858943974866,266036.44,1040066353.0
2024-04-15,002460.SZ,002460.SZ,84.3487159257169,87.29597223185668,83.38096012370085,85.27248282764133,248516.82,961119640.0
2024-04-16,002460.SZ,002460.SZ,84.54670664618989,84.67867340994566,80.49972589101327,80.60969819414306,268768.54,1003731750.0
2024-04-17,002460.SZ,002460.SZ,81.37949078167428,83.29300853789202,80.93960164231387,82.65516928581944,234694.24,876342756.0
2024-04-18,002460.SZ,002460.SZ,82.25926261722395,84.37073032076768,80.85161748152815,83.1170463717886,246876.29,933085503.0
2024-04-19,002460.SZ,002460.SZ,82.25927980472844,82.50121886297764,80.301772878894,81.15955681268662,206965.81,763957496.0
2024-04-22,002460.SZ,002460.SZ,80.43375068652963,82.98510837852784,79.40001093201313,80.05984481787472,172188.72,630072134.0
2024-04-23,002460.SZ,002460.SZ,80.08187331999733,80.2798235698957,78.08037634880267,78.65223262628685,191251.45,685794381.0
2024-04-24,002460.SZ,002460.SZ,74.34132356055905,75.61700307727872,72.58176560646298,73.37356668580622,443112.33,1480101949.0
2024-04-25,002460.SZ,002460.SZ,72.99966542571038,76.36482023442797,72.86769857046656,74.84720139912396,296546.59,1008182784.0
2024-04-26,002460.SZ,002460.SZ,74.25333760489886,75.83693959173318,74.12137077266267,75.4410390950246,213818.62,730548697.0
2024-04-29,002460.SZ,002460.SZ,75.55102219217851,80.93966860763229,75.50703324184826,80.47778462916483,376203.91,1353137779.0
2024-04-30,002460.SZ,002460.SZ,80.25781732064489,81.33554630083441,77.55249763567932,77.55249763567933,275179.96,983700000.0
2024-05-06,002460.SZ,002460.SZ,80.16980593958158,81.00559541165401,79.39999984688326,79.99385026125051,250736.72,913720425.0
2024-05-07,002460.SZ,002460.SZ,80.05984212784199,80.67568706728693,79.61995288538132,80.49973137030265,156069.4,568725246.0
2024-05-08,002460.SZ,002460.SZ,80.78568012108006,80.78568012108006,78.6962056828817,78.80617802173424,135711.66,489311140.0
2024-05-09,002460.SZ,002460.SZ,79.57594627244637,82.96309268647532,79.57594627244637,81.90735873924552,323248.78,1201166145.0
2024-05-10,002460.SZ,002460.SZ,82.03934043551949,82.08332935800503,80.03784446242774,80.60970045473967,175789.3,644241426.0
2024-05-13,002460.SZ,002460.SZ,79.18006770653984,79.2460510962953,77.64045527891268,78.25630024996354,152956.4,546079123.0
2024-05-14,002460.SZ,002460.SZ,78.7181588044162,79.29001466608561,77.6624249059496,77.99234174922042,123490.2,439269904.0
2024-05-15,002460.SZ,002460.SZ,77.75043449836834,78.69619650216744,76.80467249456923,76.87065589018312,113258.5,398075663.0
2024-05-16,002460.SZ,002460.SZ,76.8706497716794,77.42051135802903,75.90289337970403,75.99087123351997,149676.51,519352640.0
2024-05-17,002460.SZ,002460.SZ,76.16685900227355,77.33256605601899,74.56126249428453,77.33256605601899,161633.44,559871030.0
2024-05-20,002460.SZ,002460.SZ,77.64051987039352,78.96018876337472,77.37658609179728,77.94844261208914,174173.97,618334235.0
2024-05-21,002460.SZ,002460.SZ,77.86045324699285,77.88244772531121,76.07890050320573,76.65075693948307,129727.63,452087776.0
2024-05-22,002460.SZ,002460.SZ,76.62872671691392,78.38828416161917,76.34279863214931,78.03637267267811,198218.81,698372753.0
2024-05-23,002460.SZ,002460.SZ,77.26659976903836,77.28859424662704,75.13313544293624,75.33108574123438,200078.82,689342210.0
2024-05-24,002460.SZ,002460.SZ,75.02313919407561,75.50701754713033,74.3413106056803,74.3413106056803,127400.59,433149235.0
2024-05-27,002460.SZ,002460.SZ,74.47330862453683,74.82522030143956,73.02167295731314,74.5612865437625,118756.74,398049590.0
2024-05-28,002460.SZ,002460.SZ,74.53932740011423,75.11118414617589,73.41760839822406,73.7695202419543,100935.1,339927941.0
2024-05-29,002460.SZ,002460.SZ,73.6155392054733,75.85897661179487,73.26362745546207,74.82523584613689,151649.25,517664688.0
2024-05-30,002460.SZ,002460.SZ,75.50703534920687,76.65074808971337,74.86919555161673,75.06714583362746,155437.48,533213562.99999994
2024-05-31,002460.SZ,002460.SZ,75.22109709881167,75.39705288149894,73.96741214716481,73.96741214716481,118785.73,402317046.0
2024-06-03,002460.SZ,002460.SZ,73.4615056461084,73.76942812486455,72.60372159814486,73.37352779503523,132707.34,440904658.0
2024-06-04,002460.SZ,002460.SZ,73.37349836679849,73.83538189968301,72.3837479391888,73.70341517600171,107433.13,358139965.0
2024-06-05,002460.SZ,002460.SZ,73.24150668247414,74.07729564761951,72.58167328893835,72.66965107474311,117354.88,390841993.0
2024-06-06,002460.SZ,002460.SZ,73.02158678679041,75.41898225659767,72.58169770976154,72.69166997901876,181751.61,608914472.0
2024-06-07,002460.SZ,002460.SZ,72.66969941780256,73.0216107951285,70.16233085435537,70.91014253117297,192311.47,623190158.0
2024-06-11,002460.SZ,002460.SZ,70.22832918915492,70.71220743599532,69.32655609277053,70.2503236549204,112453.54,358212059.0
2024-06-12,002460.SZ,002460.SZ,70.20632552892093,70.53624247219592,69.4365193279459,70.53624247219592,114956.72,366369046.0
2024-06-13,002460.SZ,002460.SZ,70.5582296520811,71.06410224622009,69.52449000318839,69.67845122749155,103864.0,330668759.0
2024-06-14,002460.SZ,002460.SZ,69.59044091683076,69.83237987071354,68.13880719353403,69.39249086365393,165633.04,517687092.0
2024-06-17,002460.SZ,002460.SZ,68.73268959185042,70.49224644540178,68.62271728850345,69.6344624792955,131721.4,416963517.0
2024-06-18,002460.SZ,002460.SZ,69.63444424534204,70.49222798683552,68.88663277839902,70.05233888863374,124896.47,396567607.0
2024-06-19,002460.SZ,002460.SZ,70.14028979212547,70.16228423859525,68.18278405631513,68.20477850278492,128336.89,402366111.0
2024-06-20,002460.SZ,002460.SZ,68.11679068631935,68.27075178893614,65.65341304445052,65.71939637414343,181017.65,547964218.0
2024-06-21,002460.SZ,002460.SZ,65.34551335827837,65.71941902205847,63.629946195051936,64.33376862099098,171284.3,502490875.0
2024-06-24,002460.SZ,002460.SZ,63.387990590125085,64.00383505109785,62.61818501390913,62.8161350192218,151300.87,434358352.0
2024-06-25,002460.SZ,002460.SZ,62.46421517548255,62.904104014746515,61.36449307732264,61.73839859069702,130741.54,368780717.0
2024-06-26,002460.SZ,002460.SZ,62.02434223251945,66.42323175255629,61.07858098571153,66.42323175255629,303380.23,888406431.0
2024-06-27,002460.SZ,002460.SZ,65.89537041880017,66.00534266582754,64.22379226398414,64.31177006160603,169260.36,501634638.0
2024-06-28,002460.SZ,002460.SZ,64.33375391222029,64.8176317194233,62.794142707483395,63.014087165302946,143381.2,415970738.0
2024-07-01,002460.SZ,002460.SZ,62.13432646783531,63.497982482350636,61.73842633458892,63.41000467496254,113324.73,321771911.0
2024-07-02,002460.SZ,002460.SZ,63.629920179425746,64.42172008487314,62.70615362307045,62.706153623070456,112705.58,325555715.0
2024-07-03,002460.SZ,002460.SZ,62.90407952212358,65.54341153004485,62.68413518813014,64.81759522786649,200142.57,585041249.0
2024-07-04,002460.SZ,002460.SZ,64.77361254593127,65.32347343341796,63.67389077095791,63.80585738395472,130892.92,383626172.0
2024-07-05,002460.SZ,002460.SZ,63.563924156127946,63.93782959234047,62.46420228491466,63.58591859355222,106255.5,306125817.0
2024-07-08,002460.SZ,002460.SZ,62.46421140229008,62.574183605463126,60.50670618580987,60.72665059215596,171860.4,479371100.0
2024-07-09,002460.SZ,002460.SZ,60.154803022274514,60.96859743244787,59.42898638617394,59.89086970005612,179184.63,490271169.0
2024-07-10,002460.SZ,002460.SZ,58.90110367202118,64.22375755127028,58.549192671740244,61.18852517384724,320498.77,905483543.0
2024-07-11,002460.SZ,002460.SZ,61.782366308926925,65.30147581744538,61.69438857121396,64.20175409603335,368242.08,1074035494.0
2024-07-12,002460.SZ,002460.SZ,63.82782666836837,64.619626034344,63.27796599755196,63.49791026587853,181516.2,525866868.99999994
2024-07-15,002460.SZ,002460.SZ,63.12400688709932,63.673867574269174,62.61813505490305,62.86007375725778,104931.01,300242870.0
2024-07-16,002460.SZ,002460.SZ,62.83809861757034,64.55366448812354,62.70613201214317,63.34397060504115,181358.53,525296525.99999994
2024-07-17,002460.SZ,002460.SZ,63.563914947419754,64.09178136912843,62.99205965723536,63.14602069690039,150921.58,435928198.0
2024-07-18,002460.SZ,002460.SZ,62.706112536561776,63.38793978617013,61.91431314991981,63.16799551210291,148878.35,423826030.0
2024-07-19,002460.SZ,002460.SZ,63.168008792234744,64.26773039377086,61.56241525399201,63.6078974328492,210505.6,601272139.0
2024-07-22,002460.SZ,002460.SZ,63.23400376765833,64.66364211370974,63.168020459379036,63.82785354217199,186975.5,542851553.0
2024-07-23,002460.SZ,002460.SZ,64.00380192447666,64.20175182733587,61.40845875365596,61.40845875365596,158162.93,450325901.0
2024-07-24,002460.SZ,002460.SZ,61.657512528469894,61.74808544441329,60.11777295743209,60.36684847627644,120447.77,323098573.0
2024-07-25,002460.SZ,002460.SZ,59.66491375608353,63.061398410130025,59.55169760094864,61.793377472619326,201089.44,550212259.0
2024-07-26,002460.SZ,002460.SZ,61.81602937996635,64.85022276345188,61.81602937996635,63.401055774324455,204512.53,575210627.0
2024-07-29,002460.SZ,002460.SZ,63.287867888366854,63.287867888366854,60.79711101261718,60.79711101261718,183765.3,498431699.0
2024-07-30,002460.SZ,002460.SZ,60.570673118687466,60.61595960326219,59.57437045804364,60.38952718038859,119130.89,315690589.0
2024-07-31,002460.SZ,002460.SZ,60.59330733552173,63.69543106682459,60.00458312374162,63.6954310668246,268360.36,740211064.0
2024-08-01,002460.SZ,002460.SZ,63.62750255321895,63.87657818598956,62.04247579922417,62.268908192652,163118.72,451391975.0
2024-08-02,002460.SZ,002460.SZ,61.58959969906745,62.83497763415889,61.521669993517015,61.63488616943441,113716.11,311632305.0
2024-08-05,002460.SZ,002460.SZ,61.36318543800347,64.37473660525603,61.13675301941305,61.13675301941304,224713.19,622178913.0
2024-08-06,002460.SZ,002460.SZ,62.01986392172322,63.899253737533016,61.88400441696588,63.12938321057478,236741.92,659906384.0
2024-08-07,002460.SZ,002460.SZ,62.65390331029387,62.8576926596949,61.7028863464224,61.816102651645195,157694.75,432486991.0
2024-08-08,002460.SZ,002460.SZ,61.81608409096993,62.38216544711434,61.09149995510508,61.8387273452157,119515.46,325840696.0
2024-08-09,002460.SZ,002460.SZ,62.0877915321925,62.45008353238033,60.91034253158198,60.910342531581975,122342.56,332127360.0
2024-08-12,002460.SZ,002460.SZ,61.182056705189076,61.36320269099275,60.14046728681798,60.276326776170734,84069.17,224359535.0
2024-08-13,002460.SZ,002460.SZ,60.25365402227551,61.86132385902168,59.41585424819652,61.499032064825364,134546.05,360635444.0
2024-08-14,002460.SZ,002460.SZ,61.09143789741278,62.38210207834404,60.18570864763646,60.208351878880876,108072.56,290122417.0
2024-08-15,002460.SZ,002460.SZ,59.71021049974882,60.75179930634284,58.80448110271053,60.16307519826796,144730.87,382196978.0
2024-08-16,002460.SZ,002460.SZ,60.117789641020046,61.00087581653786,59.59699522981723,59.6649249356263,116974.66,310432490.0
2024-08-19,002460.SZ,002460.SZ,59.50644437382741,60.81975250688752,59.008293013011496,60.09516870933711,106534.73,282857123.0
2024-08-20,002460.SZ,002460.SZ,60.45746302910072,62.40478206299685,60.25367382787904,61.06883063276579,290413.39,789178603.0
2024-08-21,002460.SZ,002460.SZ,60.2536951145784,63.08410168704074,59.55175428460774,62.0425120683746,303271.79,826462871.0
2024-08-22,002460.SZ,002460.SZ,62.20099652820925,62.3594992496135,60.004601674464695,60.0046016744647,179640.51,482710194.0
2024-08-23,002460.SZ,002460.SZ,59.57438817254922,59.959323405895226,57.536495760717436,57.78557149994132,200062.18,515133752.0
2024-08-26,002460.SZ,002460.SZ,57.80821983100254,61.023561474560054,57.80821983100254,59.755539417945826,245000.24,650347060.0
2024-08-27,002460.SZ,002460.SZ,59.75551516233708,59.93666109689513,58.19313147677389,58.963001698645606,142168.3,369827938.0
2024-08-28,002460.SZ,002460.SZ,58.60071993854683,58.84979564153138,57.64970361806037,58.80450915007964,110290.66,283991656.0
2024-08-29,002460.SZ,002460.SZ,58.35167256010046,60.36692240792698,57.378012521262924,59.75555447656387,192043.6,500302986.0
2024-08-30,002460.SZ,002460.SZ,59.5517908781779,63.03885391819287,59.348001479735466,61.88404732701908,382957.56,1048624287.0
2024-09-02,002460.SZ,002460.SZ,61.56707308729656,62.45016093224123,59.09895577706658,59.098955777066585,222977.72,595120348.0
2024-09-03,002460.SZ,002460.SZ,59.098950667006505,61.74821397276886,58.238506174536674,60.23111447288785,251319.45,667867648.0
2024-09-04,002460.SZ,002460.SZ,59.959425196061375,61.068946281638034,59.57448930922865,59.66506245907165,178096.47,473534638.0
2024-09-05,002460.SZ,002460.SZ,59.665078213329714,61.95205085072869,59.506575159252556,60.4575934837155,200814.57,540869372.0
2024-09-06,002460.SZ,002460.SZ,60.276418170400355,60.63871069133439,59.30275702039013,59.370686868065256,111649.6,294285055.0
2024-09-09,002460.SZ,002460.SZ,58.89518930087951,59.800920778017215,57.76302495445737,58.19324740609778,173038.53,446400561.0
2024-09-10,002460.SZ,002460.SZ,58.578189069952366,58.62347564828244,56.381790020943704,57.310164876710246,193840.02,488714490.0
2024-09-11,002460.SZ,002460.SZ,58.84988232804826,63.038888957786206,58.125297397499,63.038888957786206,741376.51,2010100895.0
2024-09-12,002460.SZ,002460.SZ,62.857758335053965,63.80877629257279,61.13686869763894,61.272728405855915,502731.55,1385271565.0
2024-09-13,002460.SZ,002460.SZ,60.955740101465125,61.81618516976218,57.7856793235286,57.92153907115444,427549.55,1110969563.0
2024-09-18,002460.SZ,002460.SZ,57.740378055831634,58.17060048056136,56.58557049471499,57.51394520071072,214723.22,541252986.0
2024-09-19,002460.SZ,002460.SZ,57.80829489652218,59.05367531928312,56.76670399748574,58.329090346040395,233518.59,597642485.0
2024-09-20,002460.SZ,002460.SZ,58.238538792513836,58.238538792513836,57.174304218933685,57.717743150123546,154799.38,393392401.0
2024-09-23,002460.SZ,002460.SZ,57.64982498046176,58.532913422817614,57.19695911258697,57.92154450118663,134212.34,343211922.0
2024-09-24,002460.SZ,002460.SZ,58.646153339711006,62.38229824359221,58.238573895651236,62.29172503380116,551894.79,1480459987.0
2024-09-25,002460.SZ,002460.SZ,62.94838080478633,64.1937624394134,62.15586521911456,62.29172503380116,465520.26,1299862301.0
2024-09-26,002460.SZ,002460.SZ,61.95205002572663,64.62395861601746,61.70297380120799,64.60131532287942,355618.7,993883083.0
2024-09-27,002460.SZ,002460.SZ,66.25428690527349,71.05466586081619,66.18635701439315,70.96409267297577,753939.18,2317919818.0
2024-09-30,002460.SZ,002460.SZ,75.67387315018459,78.0514185364112,73.31897105335061,78.0514185364112,970729.93,3264747136.0
2024-10-08,002460.SZ,002460.SZ,85.86335086346497,85.86335086346497,79.84023606133373,85.86335086346499,1029146.64,3839451286.0
2024-10-09,002460.SZ,002460.SZ,83.78019225855338,85.61429917015955,77.28156653471424,77.28156653471426,820356.7,2929618239.0
2024-10-10,002460.SZ,002460.SZ,76.98719150855618,79.04773104599106,75.53802084486571,75.94560009402865,491287.59,1679187972.0
2024-10-11,002460.SZ,002460.SZ,75.01725566676383,75.4021917809609,70.53388210140939,71.55283063898995,406955.83,1299508733.0
2024-10-14,002460.SZ,002460.SZ,71.57544527380297,72.6623232785934,69.78662522425206,72.36796048562933,339180.66,1070425108.0
2024-10-15,002460.SZ,002460.SZ,72.00566137536768,72.30002414199654,69.78661898078087,69.85454885000293,279839.31,878065901.0
2024-10-16,002460.SZ,002460.SZ,68.15632642080747,69.71871396998877,68.08839652736481,68.58654907927767,240819.13,731226102.0
2024-10-17,002460.SZ,002460.SZ,69.96776794312822,70.12627097730359,67.68079559288358,67.83929862705895,234246.19,711899020.0
2024-10-18,002460.SZ,002460.SZ,67.47701661342575,71.7565992107202,67.18265378927322,70.10363873663292,478303.78,1461652756.0
2024-10-21,002460.SZ,002460.SZ,70.51122980578258,72.9567059840178,70.05836384685013,71.59810810722045,467736.24,1478908612.0
2024-10-22,002460.SZ,002460.SZ,71.71134412045558,73.56809505758136,70.78296865189267,73.52280844935876,346577.68,1101780654.0
2024-10-23,002460.SZ,002460.SZ,73.5907089253973,76.21733115165763,72.00567827161952,75.06252310390524,551238.96,1809411757.0
2024-10-24,002460.SZ,002460.SZ,74.45113690446279,74.72285638221629,72.05094818430675,72.39059753149863,316291.66,1020389935.0
2024-10-25,002460.SZ,002460.SZ,72.50380741458297,78.0966994918478,72.50380741458297,76.76074551387765,658724.93,2221223129.0
2024-10-28,002460.SZ,002460.SZ,76.76070988936353,77.6664409795035,75.47004308591406,77.57586787048952,412190.77,1393015934.0
2024-10-29,002460.SZ,002460.SZ,78.0740304236879,79.47791380137603,75.28890694859696,75.42476663030871,361974.5,1227659096.0
2024-10-30,002460.SZ,002460.SZ,74.58699515873927,75.24365055024,73.16046792892733,73.65862029489341,280325.15,916502219.0
2024-10-31,002460.SZ,002460.SZ,74.49640494472341,77.12302590933982,74.3152586713016,76.94187963591799,467439.49,1570768186.0
2024-11-01,002460.SZ,002460.SZ,76.28521902886297,80.33836661157787,75.515347420973,77.25888018001795,611702.6,2106097194.9999998
2024-11-04,002460.SZ,002460.SZ,77.32680404002805,78.52689792410462,75.87763406680351,78.36839495828319,361413.85,1238863182.0
2024-11-05,002460.SZ,002460.SZ,78.23250976692758,81.9686498860428,77.80228757139311,81.67428733120342,568086.97,2016535708.0
2024-11-06,002460.SZ,002460.SZ,81.7422561973479,85.7727607965523,80.74595168967937,81.62903977602191,713964.65,2634390190.0
2024-11-07,002460.SZ,002460.SZ,80.31571806266692,81.83281789638518,79.86285244066147,81.81017461528491,425855.61,1522444078.0
2024-11-08,002460.SZ,002460.SZ,83.44050072829597,85.79540224138763,81.28938876922184,81.51582160701912,498729.88,1840182903.0
2024-11-11,002460.SZ,002460.SZ,81.51582160701912,89.66740376772104,81.31203205300157,89.66740376772104,1003022.03,3841686837.0
2024-11-12,002460.SZ,002460.SZ,91.70526170763075,98.63410370331842,91.45618568817794,94.9885365095089,1523302.81,6444745402.0
2024-11-13,002460.SZ,002460.SZ,97.84159899451059,101.30602034284667,93.24501380684902,100.71729514639739,1366016.15,5906011902.0
2024-11-14,002460.SZ,002460.SZ,99.35873903724877,102.57408565148972,93.76584739135076,94.21871311166639,1074430.94,4616452130.0
2024-11-15,002460.SZ,002460.SZ,92.83743241049005,93.17708155345525,87.83326837080266,88.15027423757019,764482.9,3054909539.0
2024-11-18,002460.SZ,002460.SZ,88.01440043479487,89.55414296877122,84.79905573149134,85.6595000887134,527233.92,2025770801.0
2024-11-19,002460.SZ,002460.SZ,87.06340690309155,94.21868299707774,86.02181607928343,94.21868299707772,560949.64,2213480056.0
2024-11-20,002460.SZ,002460.SZ,97.3660802665842,101.10222055588336,96.41506273839896,98.18123814788584,1309764.51,5687074585.0
2024-11-21,002460.SZ,002460.SZ,96.86790432230119,98.72465237148975,95.35080530650076,96.89054759119372,732057.36,3124473523.0
2024-11-22,002460.SZ,002460.SZ,95.37340964129562,99.35862333950742,92.83736456061541,93.01851063780686,739076.14,3141842059.0
2024-11-25,002460.SZ,002460.SZ,93.01851368973828,97.36601968497435,93.01851368973828,96.61879209204317,754829.22,3196683970.0
2024-11-26,002460.SZ,002460.SZ,95.89425404252594,95.89425404252594,90.68630163879962,90.68630163879962,598999.67,2435800167.0
2024-11-27,002460.SZ,002460.SZ,89.53149654246268,93.2676363830055,88.39933295441939,93.15442002420119,475294.04,1913731345.0
2024-11-28,002460.SZ,002460.SZ,92.15812407069707,94.73945727562568,91.72790186987562,92.81477900879294,403528.43,1661781589.0
2024-11-29,002460.SZ,002460.SZ,92.42984643275769,97.34343699520464,92.04491076657521,95.21496919396033,522863.93,2193655230.0
2024-12-02,002460.SZ,002460.SZ,94.87535570854598,96.68681834737265,94.28663035092733,95.26029151929666,367593.17,1546941138.0
2024-12-03,002460.SZ,002460.SZ,95.80374382202375,96.46039912120567,92.99597633586659,93.76584806594192,305183.99,1271959823.0
2024-12-04,002460.SZ,002460.SZ,93.3130168837665,94.39989502266987,90.30145870722174,90.77696789299196,355207.45,1441733826.0
2024-12-05,002460.SZ,002460.SZ,89.89384802006148,90.77693619960365,89.19190613375874,90.27878389319523,280098.61,1112964940.0
2024-12-06,002460.SZ,002460.SZ,90.12025981604617,92.7468804539008,88.10500777493358,91.22978060272614,365865.33,1460544354.0
2024-12-09,002460.SZ,002460.SZ,90.57314773712818,91.00337018887953,88.6484683477142,89.50891325121692,234304.16,929016125.0
2024-12-10,002460.SZ,002460.SZ,92.79222759297247,93.31302340425563,87.8107024415684,88.19563847599507,403899.51,1605940423.0
2024-12-11,002460.SZ,002460.SZ,87.58428120615021,88.69380286569039,87.40313481275591,87.94657399293885,198892.33,773240424.0
2024-12-12,002460.SZ,002460.SZ,87.44838803856202,90.57316213212017,87.06345209950052,89.71271709186503,304971.97,1199017906.0
2024-12-13,002460.SZ,002460.SZ,88.7616702776481,88.89752997705264,86.4520553877705,86.54262852070688,275737.45,1064262027.9999999
2024-12-16,002460.SZ,002460.SZ,86.54266872774353,86.9728913090693,83.84811677101892,84.41419911486862,268465.11,1007351423.0
2024-12-17,002460.SZ,002460.SZ,84.41421701122668,85.2746623562982,83.50848506904615,83.73491805459126,230571.64,859207928.0
2024-12-18,002460.SZ,002460.SZ,84.11989596061068,84.43690229801271,82.73865406193039,83.05566039933242,203618.84,750687643.0
2024-12-19,002460.SZ,002460.SZ,81.92347044175322,82.87448916993279,81.31210125935208,82.48955301805057,223632.47,810040602.0
2024-12-20,002460.SZ,002460.SZ,82.87445371930897,85.20671293599992,82.3083713851607,84.00661838760554,271027.2,1002597868.0
2024-12-23,002460.SZ,002460.SZ,84.05186283324531,84.79909113968311,82.44418981030339,82.6479793484228,183831.69,678193770.0
2024-12-24,002460.SZ,002460.SZ,83.07820170667486,85.02552395981579,82.87441216855547,84.30093893539126,246647.05,916106007.0
2024-12-25,002460.SZ,002460.SZ,83.91597400140903,84.25562311366514,81.40257057071383,81.9007226020228,189831.98,690419764.0
2024-12-26,002460.SZ,002460.SZ,81.5837235814348,82.53474117522337,81.47050720122186,81.56108030539221,150938.48,546142866.0
2024-12-27,002460.SZ,002460.SZ,81.56105916664727,82.96494191743353,81.01762068247194,81.42519954560343,189270.8,684861430.0
2024-12-30,002460.SZ,002460.SZ,80.92707607528372,82.6479652139859,80.61007018131227,82.37624587629608,197886.51,713236424.0
2024-12-31,002460.SZ,002460.SZ,82.19510425278037,82.48946688509061,79.02504513559325,79.27412120908652,227054.31,804392383.0
2025-01-02,002460.SZ,002460.SZ,79.29680291495764,79.8175985937252,76.4211050365454,77.14569032874375,234614.98,807135725.0
2025-01-03,002460.SZ,002460.SZ,77.10043253524255,78.11938098284487,74.65495626099697,74.83610265168183,232316.96,781066881.0
2025-01-06,002460.SZ,002460.SZ,76.21736256910154,78.32318987716052,75.8097830901224,76.64758535246844,290233.6,987188585.0
2025-01-07,002460.SZ,002460.SZ,76.10415436934291,79.22893071655187,75.78714807324924,78.68549135181988,244759.65,842488559.0
2025-01-08,002460.SZ,002460.SZ,77.91557937610101,78.48166176040863,75.58331995275363,76.96456097046422,200629.44,680720362.0
2025-01-09,002460.SZ,002460.SZ,76.89664192152267,77.57594087842658,76.42113265168993,77.28157799710156,145863.79,496737778.0
2025-01-10,002460.SZ,002460.SZ,77.10041087941929,77.84763953111411,75.03987126413965,75.03987126413965,142911.48,481605783.0
2025-01-13,002460.SZ,002460.SZ,74.94929678469798,78.57222351749304,74.56436081933849,77.75706500261415,280026.0,957019586.0
2025-01-14,002460.SZ,002460.SZ,77.75709788274449,79.5006321101677,77.21365864302817,79.25155579196439,294838.87,1023452693.0
2025-01-15,002460.SZ,002460.SZ,78.79871235671366,80.49696046784973,77.48540048410177,78.95721551375304,294689.47,1029484253.0
2025-01-16,002460.SZ,002460.SZ,79.2515935065049,80.97248525121758,78.45907757143985,79.38745338108748,234811.46,826682070.0
2025-01-17,002460.SZ,002460.SZ,79.56861434347844,82.39902891175812,79.56861434347844,80.47434700532794,283752.42,1014486559.0
2025-01-20,002460.SZ,002460.SZ,80.49700956129011,81.31216915178419,79.95356983429407,80.33850630758293,214994.32,765117606.0
2025-01-21,002460.SZ,002460.SZ,81.017819161258,81.017819161258,78.11947347857465,78.41383671197218,203075.69,708173861.0
2025-01-22,002460.SZ,002460.SZ,77.91571749031384,77.91571749031384,75.90046062991341,76.51183068868657,181563.33,616535711.0
2025-01-23,002460.SZ,002460.SZ,77.44020474802275,78.41386814105344,76.05896133000246,76.0816046647241,180078.0,613793610.0
2025-01-24,002460.SZ,002460.SZ,75.96838799111588,76.4438980202704,75.26644461474491,76.0816046647241,185839.43,622769729.0
2025-01-27,002460.SZ,002460.SZ,75.92311601054345,77.75722647784261,74.88152241183036,74.90416575093282,210620.28,708984630.0
2025-02-05,002460.SZ,002460.SZ,74.60983073954381,75.62878138697307,73.99846035108624,74.72304747814707,184917.28,611883326.0
2025-02-06,002460.SZ,002460.SZ,74.60982858692319,79.09321130625878,73.50030458062297,78.48184093544029,357320.68,1211790459.0
2025-02-07,002460.SZ,002460.SZ,78.07428003996777,80.4291887186675,77.89313321852933,79.4781679061157,322354.78,1131127929.0
2025-02-10,002460.SZ,002460.SZ,79.4781506282531,81.47076523089875,79.02528367310636,81.2443317533254,337646.87,1199820821.0
2025-02-11,002460.SZ,002460.SZ,81.01785938716087,81.01785938716087,77.9610089072093,78.11951226542901,294477.48,1022099900.0
2025-02-12,002460.SZ,002460.SZ,77.8025001788553,84.68607411784599,77.5534234902734,82.01416054942197,465117.12,1661018336.0
2025-02-13,002460.SZ,002460.SZ,81.65190338252083,83.91623791891907,80.7688129133255,80.9046729855094,328049.31,1187322648.0
2025-02-14,002460.SZ,002460.SZ,82.15009350433884,83.62191160736586,81.24435928709146,81.53872290769684,272150.89,987352374.0
2025-02-17,002460.SZ,002460.SZ,81.56136944174102,81.74251629225016,79.65932751139502,80.1801247066088,265212.45,941454447.0
2025-02-18,002460.SZ,002460.SZ,81.06323331393911,82.35390490580909,79.70463163828651,80.1122121409823,349840.01,1253274102.0
2025-02-19,002460.SZ,002460.SZ,79.93106426547446,80.9500155096519,78.9800431042422,80.81415534376157,244624.63,866912954.0
2025-02-20,002460.SZ,002460.SZ,80.42922607490087,81.60668096113251,79.52349154703035,80.08957562694941,203556.33,720987591.0
2025-02-21,002460.SZ,002460.SZ,80.08958188918933,81.58404397702833,79.93107833441853,81.08588994774867,326973.66,1169141816.0
2025-02-24,002460.SZ,002460.SZ,81.08587357068299,81.74253102210712,79.65934186586506,80.383929398471,287565.98,1025186228.0
2025-02-25,002460.SZ,002460.SZ,79.59138711560661,82.5576664078241,79.29702352172245,80.36126113038063,342144.71,1227770317.0
2025-02-26,002460.SZ,002460.SZ,80.06687225221302,81.71983652665068,80.04422890598785,81.31225629459755,278249.03,994747161.0
2025-02-27,002460.SZ,002460.SZ,81.31222080727505,84.50493123162087,80.83671074407464,83.53126776887711,567579.02,2079244064.0
2025-02-28,002460.SZ,002460.SZ,83.78033468122536,84.95778803350206,81.71979131474117,82.3764479919724,567352.89,2098106375.0
2025-03-03,002460.SZ,002460.SZ,83.44072086221331,88.03731959627825,83.37279083166062,87.40330597778653,796636.84,3046955678.0
2025-03-04,002460.SZ,002460.SZ,86.04467608270657,86.04467608270657,83.78034250158271,85.16158598606826,478986.26,1790800773.0
2025-03-05,002460.SZ,002460.SZ,85.13897828231046,86.02206874853655,82.9199304441013,83.64451749331245,327542.08,1212512689.0
2025-03-06,002460.SZ,002460.SZ,84.346484589321,85.2522186520251,83.35017712034646,84.91256837851107,366201.49,1363270753.0
2025-03-07,002460.SZ,002460.SZ,85.1390307274985,86.63349243707692,83.19170183319933,83.57663894021195,381611.41,1431099892.0
2025-03-10,002460.SZ,002460.SZ,83.57662871286034,84.34650283267537,82.33124410727721,82.89732801890591,258366.5,947303709.0
2025-03-11,002460.SZ,002460.SZ,81.65192645191605,82.62559057765993,81.17641606492487,82.62559057765993,211505.23,764476748.0
2025-03-12,002460.SZ,002460.SZ,82.69355254533342,83.1917064763294,81.7878181253407,81.96896500933926,182688.25,663300680.0
2025-03-13,002460.SZ,002460.SZ,81.85578357940727,82.76151839079766,81.28969932228827,81.74256672798347,206132.77,745340489.0
2025-03-14,002460.SZ,002460.SZ,82.19547262432575,83.32764166873794,81.94639543455506,83.16913800252023,263327.09,962668692.0
2025-03-17,002460.SZ,002460.SZ,83.5088056873474,84.8674088167511,82.67100042421511,84.12017709557905,274923.63,1021003223.0
2025-03-18,002460.SZ,002460.SZ,84.52776799365658,84.7994886515521,83.1238779278632,83.59938907918033,225130.16,833839288.0
2025-03-19,002460.SZ,002460.SZ,83.10120514272914,83.30499556406008,82.01432289563077,82.44454711844054,193242.78,703890935.0
2025-03-20,002460.SZ,002460.SZ,81.53883587978709,81.99170361585922,80.95010782289332,81.04068137010773,203782.03,732279346.0
2025-03-21,002460.SZ,002460.SZ,80.90485406310945,81.31243519189087,78.45936729042101,78.68580125085514,244751.09,859942216.0
2025-03-24,002460.SZ,002460.SZ,78.7310999204768,78.98017731453065,77.50835634966697,78.79903011885511,162337.21,560909003.0
2025-03-25,002460.SZ,002460.SZ,78.8217078475248,79.52365353648581,78.23297920517041,79.02549853141672,125708.62,438199430.0
2025-03-26,002460.SZ,002460.SZ,79.02550895933678,79.38780355628504,78.61792753776999,78.9349353100997,105393.0,367929589.0
2025-03-27,002460.SZ,002460.SZ,78.34619489253491,79.11607079610316,77.44045853539578,78.255621256821,123459.62,426738036.0
2025-03-28,002460.SZ,002460.SZ,78.25558286727096,78.663164028038,76.71583181548438,76.80640540676593,136603.7,466863100.0
2025-03-31,002460.SZ,002460.SZ,76.53470779919881,77.37251377214864,75.42518097015719,76.60263801322178,148014.95,499287663.0
2025-04-01,002460.SZ,002460.SZ,76.60262843789202,77.44043430611609,76.35355101760919,76.98756626923821,115611.94,393154745.0
2025-04-02,002460.SZ,002460.SZ,76.9875435858068,77.32719451339123,76.44410210167169,76.85168321477302,98966.93,335800880.0
2025-04-03,002460.SZ,002460.SZ,76.24033475656304,77.12342743714099,75.87804032350542,76.30826496276134,94610.22,319647740.0
2025-04-07,002460.SZ,002460.SZ,69.19823671400555,72.20980918879702,68.67743846648521,68.67743846648521,259121.36,796296824.0
2025-04-08,002460.SZ,002460.SZ,66.88858526057804,69.24349821491118,65.41676466411982,66.79801168541138,286896.5,848563336.0
2025-04-09,002460.SZ,002460.SZ,65.0997375623433,67.99809109555372,63.401483538977814,67.72637045181523,253478.38,738166272.0
2025-04-10,002460.SZ,002460.SZ,70.44360374552798,70.98704524018973,69.42465094303722,69.7869452728117,217642.25,673776070.0
2025-04-11,002460.SZ,002460.SZ,68.94913475504181,70.35302518355171,68.76798760297604,69.74165354532965,170529.44,524628762.0
2025-04-14,002460.SZ,002460.SZ,70.76060536851247,71.28140342402473,70.307737494154,70.64738839992285,146967.54,459695836.0
2025-04-15,002460.SZ,002460.SZ,70.80590126281548,71.30405598868114,70.30774653694981,70.4209635201011,100079.24,312308876.0
2025-04-16,002460.SZ,002460.SZ,70.37570288539013,70.53420672071758,68.51894367155423,69.44732327847218,131617.73,403075759.0
2025-04-17,002460.SZ,002460.SZ,68.83596416414882,69.71905712546521,68.70010370856168,68.92653780120692,82925.14,253733363.0
2025-04-18,002460.SZ,002460.SZ,68.9265482289583,69.583207196974,67.93023807058965,69.44734672083283,90180.76,274255116.0
2025-04-21,002460.SZ,002460.SZ,69.13032978994617,69.96813594855344,68.76803523487276,69.94549253886136,91498.55,280957066.0
2025-04-22,002460.SZ,002460.SZ,69.53790598970245,69.8549137018014,68.7453867094551,68.76803011746217,126277.22,385149950.0
2025-04-23,002460.SZ,002460.SZ,68.9491647461388,69.46996303486169,67.83963795712049,68.70008730370613,142748.17,432112250.0
2025-04-24,002460.SZ,002460.SZ,70.149243144765,71.80221110782756,69.37936765511941,69.58315822590795,347301.7,1083399468.0
2025-04-25,002460.SZ,002460.SZ,69.08503333310048,69.5379014637665,68.38308773056816,68.63216520243446,182269.16,554574538.0
2025-04-28,002460.SZ,002460.SZ,68.56426410604817,68.56426410604817,67.54531037924097,67.86231820535876,124604.28,374005947.0
2025-04-29,002460.SZ,002460.SZ,67.70381382119977,68.56426362896084,67.50002307725636,68.33782946902372,95077.3,286555961.0
2025-04-30,002460.SZ,002460.SZ,67.61323613880865,68.42839906613521,67.31887174838516,67.81702687064029,150300.07,450449338.0
2025-05-06,002460.SZ,002460.SZ,67.83970230596596,69.56060263148444,67.83970230596596,69.56060263148444,171635.45,522825611.0
2025-05-07,002460.SZ,002460.SZ,70.2399200726612,70.73807553416944,68.83602740841071,69.33418286991896,147408.71,452866069.0
2025-05-08,002460.SZ,002460.SZ,69.03981680819882,70.8739346046777,68.79073908275107,70.14934485792061,159052.93,491504016.0
2025-05-09,002460.SZ,002460.SZ,70.19466403363025,70.33052467369534,69.13042235312038,69.44743051327225,101022.39,310193451.0
2025-05-12,002460.SZ,002460.SZ,70.53433700850486,71.50800522403156,69.968250836687,71.50800522403156,231186.16,723048033.0
2025-05-13,002460.SZ,002460.SZ,71.5759468435554,72.9119104195661,71.21365163650167,71.84766824884572,214401.79,681341363.0
2025-05-14,002460.SZ,002460.SZ,71.77976024636222,73.11572423832921,71.48539529897965,72.79871583345569,210685.42,674187863.0
2025-05-15,002460.SZ,002460.SZ,72.4590662942417,72.4590662942417,70.60230272045175,70.62494617866871,163641.83,515754474.0
2025-05-16,002460.SZ,002460.SZ,70.19471532916332,70.89666248245494,70.01356767670097,70.14942841604773,109922.26,341625943.0
2025-05-19,002460.SZ,002460.SZ,69.69656627936686,69.9456443264991,68.99461905563054,69.9456443264991,99453.65,305171868.0
2025-05-20,002460.SZ,002460.SZ,70.03624116888676,70.53439742679672,69.4701545121709,70.30796276411039,97581.79,301666096.0
2025-05-21,002460.SZ,002460.SZ,70.30796711236687,72.25530533190425,69.99095856500033,71.39485356048075,246485.54,779413225.0
2025-05-22,002460.SZ,002460.SZ,70.89670135848235,72.79875275232217,70.71555360668808,71.1004925792509,165398.17,522223020.0
2025-05-23,002460.SZ,002460.SZ,70.8060981959273,73.36480913169315,70.67023743827603,71.16839354966407,276787.9,881642643.0
2025-05-26,002460.SZ,002460.SZ,70.19472896284174,71.10046740107194,69.08519937600973,69.26634706365576,170500.76,524137613.0
2025-05-27,002460.SZ,002460.SZ,69.22103832376837,71.32687952890755,69.08517760085617,69.9003419383294,147221.32,454285144.0
2025-05-28,002460.SZ,002460.SZ,69.51538017453773,69.74181463764698,68.15677339588227,68.29263407374782,136327.69,413116715.0
2025-05-29,002460.SZ,002460.SZ,67.97563524423977,69.40217255949196,67.90770489589443,69.28895531224973,124222.56,377601842.0
2025-05-30,002460.SZ,002460.SZ,69.17577244658705,69.17577244658705,68.22474709707586,68.3379644005891,95094.33,287702199.0
2025-06-03,002460.SZ,002460.SZ,67.83978966716153,68.99460584640893,67.72657239468629,68.22472839357732,107837.76,325067039.0
2025-06-04,002460.SZ,002460.SZ,68.56440878315509,70.69289439267177,68.36061760777582,70.69289439267177,261567.34,809128662.0
2025-06-05,002460.SZ,002460.SZ,70.4211999209699,71.10050410027185,70.01361741338873,70.73820853797747,121113.59,377343993.0
2025-06-06,002460.SZ,002460.SZ,70.80610435874326,71.32690397506916,70.44380897347305,70.62495666610816,102329.14,320172244.0
2025-06-09,002460.SZ,002460.SZ,70.87402360033272,71.68918808902664,70.42115443994722,71.14574509656404,132881.16,417489179.0
2025-06-10,002460.SZ,002460.SZ,71.16840669509715,71.91564100019998,69.9683031141744,70.53438970894928,148558.84,465690582.0
2025-06-11,002460.SZ,002460.SZ,70.53439026207343,73.13838861845815,70.35324255032492,72.18736313177851,288376.65,921292842.0
2025-06-12,002460.SZ,002460.SZ,71.84768585663019,72.45905916836325,71.39481673682792,72.23262460846212,157366.68,500241942.0
2025-06-13,002460.SZ,002460.SZ,71.71182671834316,72.64020843462104,70.89666228453818,71.14574030597859,168440.1,532436694.0
2025-06-16,002460.SZ,002460.SZ,70.64760227086083,70.87403689352385,70.03622878967069,70.53438495952932,120408.75,374571464.0
2025-06-17,002460.SZ,002460.SZ,70.647579226232,71.87032578976293,70.28528394814876,70.80608341039341,146376.94,460063497.0
2025-06-18,002460.SZ,002460.SZ,70.94196831096646,71.32690717508596,69.69657786822687,70.51174252165642,121261.18,376175719.0
2025-06-19,002460.SZ,002460.SZ,70.30796970343286,72.68553389630257,70.0136046128871,70.46647398295751,230776.75,725707097.0
2025-06-20,002460.SZ,002460.SZ,70.19471749293369,71.62125530004815,69.2889792027023,69.2889792027023,186962.8,581024954.0
2025-06-23,002460.SZ,002460.SZ,68.83608603483245,71.3947958117851,68.5643646425897,71.37215236243154,245552.22,767209986.0
2025-06-24,002460.SZ,002460.SZ,71.55333111686222,74.65548502920718,71.37218344314864,74.04411163042388,412980.19,1332858021.0
2025-06-25,002460.SZ,002460.SZ,74.27055500798079,75.06307617422449,73.72711192255655,74.6554938601563,338843.78,1114137830.0
2025-06-26,002460.SZ,002460.SZ,74.65547770337031,79.16152564482337,74.40639967645583,75.85558092395831,564030.01,1910741001.0
2025-06-27,002460.SZ,002460.SZ,76.96511144344579,79.09359643187884,76.78396378485574,77.32740676062588,445294.78,1530537770.0
2025-06-30,002460.SZ,002460.SZ,77.32743641386595,77.6444449379638,75.87825458941867,76.4669847056004,274456.65,926111413.0
2025-07-01,002460.SZ,002460.SZ,75.99143652771627,76.1725841714057,74.51961192273964,75.99143652771627,245533.55,816046171.0
2025-07-02,002460.SZ,002460.SZ,75.96875936701586,78.91240727095389,75.2441691137388,78.18781701767684,478830.54,1634996442.0
2025-07-03,002460.SZ,002460.SZ,78.5501437030307,80.67862842718317,77.6444055225403,79.52381224705789,480249.63,1678012599.0
2025-07-04,002460.SZ,002460.SZ,78.82188977035565,79.2294720788493,77.5764993832917,77.73500361437257,288278.08,993009150.0
2025-07-07,002460.SZ,002460.SZ,77.44060862363997,78.32370328338324,76.80659194484993,77.53118243489568,165654.51,566269773.0
2025-07-08,002460.SZ,002460.SZ,77.57644523221202,80.1125111592429,77.57644523221202,79.27470366549161,297747.09,1039300989.0
2025-07-09,002460.SZ,002460.SZ,79.2747332815842,79.68231545783914,78.00669984434666,78.18784747823773,195285.43,679352656.0
2025-07-10,002460.SZ,002460.SZ,77.78026278642123,78.77657474059954,77.41796753035638,78.41427948453472,172218.39,594562532.0
2025-07-11,002460.SZ,002460.SZ,78.82188314240022,79.88612574731054,77.89350129556357,78.05200551331616,297106.32,1035570771.0
2025-07-14,002460.SZ,002460.SZ,79.70498775429284,82.17312515918428,79.70498775429284,80.13521354046658,425607.56,1521925738.0
2025-07-15,002460.SZ,002460.SZ,78.84457489534438,79.93146162566504,77.01045353792827,78.07469679470057,340741.52,1177088962.0
2025-07-16,002460.SZ,002460.SZ,77.89356533735231,78.02942620712678,76.5349566396078,76.89725229233969,202377.02,688673629.0
2025-07-17,002460.SZ,002460.SZ,77.2839287177617,80.01320224516941,76.73807401228017,79.51283543181134,347064.98,1198638246.0
2025-07-18,002460.SZ,002460.SZ,79.8994764696148,82.56051795750119,79.8994764696148,81.76447990556937,474086.03,1703487864.0
2025-07-21,002460.SZ,002460.SZ,82.1056574525425,82.67425618836344,81.37785107069172,82.2876090480052,287050.34,1036092206.0
2025-07-22,002460.SZ,002460.SZ,82.26488549703808,84.2436095883409,81.58256684486469,83.6522667564573,417305.1,1525369136.0
2025-07-23,002460.SZ,002460.SZ,84.4937596023547,86.29053134087044,82.78796364806759,82.96991521652488,583833.08,2162478734.0
2025-07-24,002460.SZ,002460.SZ,81.9691922418425,90.93030815285414,81.92370434381706,89.61115911011639,972291.51,3736610430.0
2025-07-25,002460.SZ,002460.SZ,90.27069562757508,91.7263077515773,88.72410774582272,89.67935320219918,769552.59,3047384078.0
2025-07-28,002460.SZ,002460.SZ,87.10925304730294,88.86053568036884,85.7673611596291,87.06376518670385,551668.78,2115790436.0000002
2025-07-29,002460.SZ,002460.SZ,86.33593586271148,87.79154700475931,85.97203307719951,86.69983864822342,325971.42,1242996747.0
2025-07-30,002460.SZ,002460.SZ,87.33667216968955,87.83703852066172,84.17526658854715,84.9713039650938,375602.7,1415386731.0
2025-07-31,002460.SZ,002460.SZ,84.01602158606474,84.24346073491711,81.42321528914775,81.87809358685249,435508.28,1584238614.0
2025-08-01,002460.SZ,002460.SZ,82.10553273570484,83.1972406501962,81.44595920403297,82.28748405478673,269188.16,973056471.0
2025-08-04,002460.SZ,002460.SZ,81.90081163831533,82.24197025385955,80.42245763762372,81.67337256128586,266853.2,951863649.0
2025-08-05,002460.SZ,002460.SZ,82.0828018149424,82.28749708131383,81.26402074945668,81.65066736371382,187347.51,672771654.0
2025-08-06,002460.SZ,002460.SZ,81.53695910530635,81.85537400836752,81.03659282906737,81.80988616507305,214470.61,767708382.0
2025-08-07,002460.SZ,002460.SZ,82.17375136301061,83.06076390194153,79.96759197131061,82.9243004344137,507087.54,1824818673.0
2025-08-08,002460.SZ,002460.SZ,82.85605988186649,84.81203604158114,81.87807180200915,83.76581623522213,477618.65,1750987820.0
2025-08-11,002460.SZ,002460.SZ,88.70128117199562,92.13561282762929,86.60884069306648,92.1356128276293,1018953.33,4032601387.0
2025-08-12,002460.SZ,002460.SZ,90.97570837250346,93.34107679018855,87.92802214202459,89.72479238238155,1026183.03,4057321984.0
2025-08-13,002460.SZ,002460.SZ,89.5201189989063,90.20243697908087,87.99627550984971,88.54212989398938,545793.1,2128731637.0
2025-08-14,002460.SZ,002460.SZ,88.42841041718478,89.04249660063743,85.90383388521268,86.24499287601972,435645.55,1672179753.0
2025-08-15,002460.SZ,002460.SZ,85.85835452586174,88.54213885276286,85.7673787859668,88.15549195820931,378661.02,1459944083.0
2025-08-18,002460.SZ,002460.SZ,90.47538399674903,91.68081269253277,88.92879623612083,89.47465073987196,487513.88,1928637464.0
2025-08-19,002460.SZ,002460.SZ,88.72406261965499,89.99772258035755,88.17820835078247,88.58759905243687,300058.36,1172447966.0
2025-08-20,002460.SZ,002460.SZ,86.72256359499065,88.54207712438986,86.3359169699933,87.7687838743952,375148.44,1438095568.0
2025-08-21,002460.SZ,002460.SZ,87.26838665145925,88.3600943812664,86.4950936761792,86.81350843070628,281918.37,1082350086.0
2025-08-22,002460.SZ,002460.SZ,86.42687778422997,87.90523227264443,86.3131582081981,87.10919524042126,304998.62,1168334832.0
2025-08-25,002460.SZ,002460.SZ,87.76874530784346,90.29331922055935,87.76874530784346,89.29258721912241,540093.28,2114830487.0000002
2025-08-26,002460.SZ,002460.SZ,88.76944902833722,90.02036363160613,87.60951003257878,88.95140024335815,431529.08,1687569003.0
2025-08-27,002460.SZ,002460.SZ,89.58823109027834,91.3167676637389,86.4268286730281,86.90445062095799,596781.56,2337538906.0
2025-08-28,002460.SZ,002460.SZ,86.42684512992098,87.7232478068698,84.60733260087001,87.31385748783332,482206.88,1828697882.0
2025-08-29,002460.SZ,002460.SZ,87.3138466829622,92.11281038447432,87.3138466829622,90.79366396415344,735723.29,2923473956.0
2025-09-01,002460.SZ,002460.SZ,91.83992183749962,92.97711750165885,90.3843113873758,92.49949532271197,663042.12,2678826848.0
2025-09-02,002460.SZ,002460.SZ,92.59045911776684,93.65942290517413,89.83844596295235,90.74820237776706,516671.7,2079170158.0
2025-09-03,002460.SZ,002460.SZ,91.06660392818878,94.34172654698479,90.11135983103995,91.04386002111382,619594.2,2509646416.0
2025-09-04,002460.SZ,002460.SZ,90.9983490927041,94.95578791853028,89.4517638044502,92.22651976278809,868273.1,3538655996.0
2025-09-05,002460.SZ,002460.SZ,92.22649423045185,101.46051560099772,91.02106779538062,101.46051560099771,1346411.64,5798096192.0
2025-09-08,002460.SZ,002460.SZ,105.7136574947428,111.05847451523863,102.8024380112387,110.64908427537087,1739187.18,8134827669.0
2025-09-09,002460.SZ,002460.SZ,108.03356280520339,116.06216231472692,107.60142855398257,111.217709919462,1577105.35,7808075256.0
2025-09-10,002460.SZ,002460.SZ,105.64548659938991,110.26250140663988,105.64548659938991,107.01012151778892,1182046.34,5604421078.0
2025-09-11,002460.SZ,002460.SZ,105.94117891082195,109.1480716172251,104.55379979670427,107.46502154436102,860168.64,4045608614.0
2025-09-12,002460.SZ,002460.SZ,108.05631241525737,108.69314187171436,105.2588115886784,105.91838495429458,799464.36,3753508760.0
2025-09-15,002460.SZ,002460.SZ,106.89640606606953,114.03799574793035,106.89640606606953,110.67189615265836,1053068.11,5159122068.0
2025-09-16,002460.SZ,002460.SZ,110.7174145182682,112.35497693513659,107.85168028874853,109.853145464921,699692.8,3374888431.0
2025-09-17,002460.SZ,002460.SZ,108.94333687580375,116.33510816695954,107.35126305924713,113.60583876714817,951091.76,4694753749.0
2025-09-18,002460.SZ,002460.SZ,112.90073506781609,113.969698514268,107.35122270751248,109.21622276302435,983379.3,4799032348.0
2025-09-19,002460.SZ,002460.SZ,110.87649234098963,120.13325795797071,110.53533390301735,120.13325795797071,1524282.49,7897773261.0
2025-09-22,002460.SZ,002460.SZ,120.54265079081428,121.33868716396117,115.99387151568922,119.49643155753552,1277233.41,6637676826.0
2025-09-23,002460.SZ,002460.SZ,119.40547125161714,124.81851928169046,117.35852031587514,120.86108080592257,1208487.27,6416766604.0
2025-09-24,002460.SZ,002460.SZ,119.63286110175238,129.9358432460668,117.85883768617506,124.90944356859774,1213877.23,6570541667.0
2025-09-25,002460.SZ,002460.SZ,126.22862334154674,133.91606022252742,125.56905035471704,126.75173295179098,1271509.17,7250522988.0
2025-09-26,002460.SZ,002460.SZ,126.25131694654665,128.2982667799441,123.2718677446015,123.38558717979025,929072.62,5129179934.0
2025-09-29,002460.SZ,002460.SZ,125.09137710388583,134.14344402885794,125.09137710388583,133.0517374650422,1189542.27,6771784541.0
2025-09-30,002460.SZ,002460.SZ,133.074511953673,138.73774105578627,130.80012275603718,138.46481435206996,1124083.34,6688861711.0
2025-10-09,002460.SZ,002460.SZ,143.74141669363476,152.3158651261506,142.6042219413117,152.3158651261506,1292159.08,8465988299.000001
2025-10-10,002460.SZ,002460.SZ,152.38417020259828,157.61526858268746,142.78624187043462,145.40179106047924,1561771.17,10259701408.0
2025-10-13,002460.SZ,002460.SZ,134.643914661857,159.2073315258444,134.643914661857,158.6387339132521,1373611.87,8869140133.0
2025-10-14,002460.SZ,002460.SZ,158.6387998969637,165.43923017211665,153.88532187854568,155.8412984794258,1291348.71,8961909137.0
2025-10-15,002460.SZ,002460.SZ,155.88672383957487,161.3680049083431,142.83172245586957,150.51916229505494,1266978.8,8466700969.000001
2025-10-16,002460.SZ,002460.SZ,147.85806101285172,152.5433033707424,145.10604972496444,147.7443415381456,827269.23,5394963290.0
2025-10-17,002460.SZ,002460.SZ,147.835372992676,150.79208045252952,138.16921398930873,138.64683596359276,1000318.73,6265262246.0
2025-10-20,002460.SZ,002460.SZ,141.01222089109936,143.05917248467983,136.46343957203163,138.03276912711002,814318.16,4987979904.0
2025-10-21,002460.SZ,002460.SZ,139.4883157577564,141.01215680712372,136.80453599916922,140.07965706049595,648707.74,3980839584.0
2025-10-22,002460.SZ,002460.SZ,137.6233839893016,140.55734805055096,134.43923694608523,138.23746949049334,605160.76,3662497039.0
2025-10-23,002460.SZ,002460.SZ,137.62333208023222,146.5389404384294,136.53162493433052,145.92485516885966,1019630.65,6335143908.0
2025-10-24,002460.SZ,002460.SZ,146.65265336421464,151.15594513935645,145.3107633908138,146.2432632028381,948207.58,6149954403.0
2025-10-27,002460.SZ,002460.SZ,147.83532409586354,150.7920305777808,146.6981292951261,149.0407505846452,784589.46,5135176975.0
2025-10-28,002460.SZ,002460.SZ,148.1765062928894,150.5418718576569,145.10607983862383,147.10754300881177,713765.26,4637925856.0
2025-10-29,002460.SZ,002460.SZ,149.1317313232268,158.4339851147778,147.8580731023788,156.25057102189544,1107316.29,7450933590.0
2025-10-30,002460.SZ,002460.SZ,157.31958351730646,170.57927951131973,155.11342483562674,164.59763277645612,1462921.07,10433551984.0
2025-10-31,002460.SZ,002460.SZ,163.7560910109656,170.57926146975583,156.93292055217537,156.97840835523397,1337082.3,9601818244.0
2025-11-03,002460.SZ,002460.SZ,160.321759908872,161.02682084761153,151.2469433102566,155.3863333376952,907978.67,6170603121.0
2025-11-04,002460.SZ,002460.SZ,154.88601471354505,156.93296644984744,148.8588790455437,150.4509526182233,694753.58,4644141253.0
2025-11-05,002460.SZ,002460.SZ,145.56099035080237,155.04519862834684,144.42379511368674,151.92928367864997,873801.27,5742780449.0
2025-11-06,002460.SZ,002460.SZ,151.9293426971663,159.66227331348915,151.61092790708244,159.25288286909557,960360.1,6653351727.0
2025-11-07,002460.SZ,002460.SZ,159.6623450349047,162.50533550917294,155.79587798989988,159.18472263522762,928243.83,6509656718.0
2025-11-10,002460.SZ,002460.SZ,162.2097112964953,167.53179099971737,156.13708189153678,157.7519009467879,1187506.03,8492645437.000001
2025-11-11,002460.SZ,002460.SZ,159.20757792115785,161.4819718914601,153.33964147777803,154.06744754827474,771369.19,5322897070.0
2025-11-12,002460.SZ,002460.SZ,152.1342543154399,156.88773901448715,147.8356485349618,154.38590496235702,682031.96,4579611810.0
2025-11-13,002460.SZ,002460.SZ,154.3176066899392,166.59933220395058,154.3176066899392,164.62060976002653,1277147.7,9117635654.0
2025-11-14,002460.SZ,002460.SZ,162.16422030862873,164.09745435157873,156.6601892687005,156.68293319861758,782209.48,5473242041.0
2025-11-17,002460.SZ,002460.SZ,161.48192363233397,169.26034868617316,161.459179699428,168.3960792357466,1300038.16,9519767195.0
2025-11-18,002460.SZ,002460.SZ,168.48698306156783,170.53393614951887,157.84282700422258,159.02551101059427,1203886.02,8631108360.0
2025-11-19,002460.SZ,002460.SZ,161.43643516118783,170.14736143150836,160.34472638579518,165.1664401437794,1231023.89,8971710588.0
2025-11-20,002460.SZ,002460.SZ,164.93898739272697,173.2860100586303,161.50465381629266,162.09599602150652,1080134.46,7968296135.0
2025-11-21,002460.SZ,002460.SZ,152.38435332029997,153.0666713202416,145.87958838752297,145.87958838752297,963723.88,6264958112.0
2025-11-24,002460.SZ,002460.SZ,141.01238867422066,143.2867820399339,131.30072900262513,133.39317089908133,1203578.08,7144700412.0
2025-11-25,002460.SZ,002460.SZ,134.23467429236405,140.05712034774277,131.96028130198175,138.5105331142828,961063.76,5734423214.0
2025-11-26,002460.SZ,002460.SZ,140.10265244082927,142.33155827511519,136.96398912316135,139.03368739785543,698171.01,4280895524.0
2025-11-27,002460.SZ,002460.SZ,137.14591308768382,143.2640309352107,137.14591308768382,139.3520745419965,536734.53,3321707157.0
2025-11-28,002460.SZ,002460.SZ,138.76071359542394,144.65139132386432,138.7379696659705,142.26327873125334,608574.3,3813442488.0
2025-12-01,002460.SZ,002460.SZ,143.96907344026118,145.56114850200183,141.0805943996746,142.26327873125334,521221.5,3277772651.0
2025-12-02,002460.SZ,002460.SZ,140.8531819146719,142.01312253757652,138.0556780594314,139.8069609606795,397714.61,2445825263.0
2025-12-03,002460.SZ,002460.SZ,140.33001930034212,140.94410528431445,135.37184357789891,136.1451370391974,460775.83,2778147797.0
2025-12-04,002460.SZ,002460.SZ,135.44010596489247,138.03291403877958,134.50760481551202,136.0541920876552,343888.95,2055901747.0
2025-12-05,002460.SZ,002460.SZ,134.87155561319514,136.4636313118332,133.64338293138866,135.7358252781701,356949.59,2121296490.0000002
2025-12-08,002460.SZ,002460.SZ,135.78125314333946,143.9690674032393,135.78125314333946,143.26400561974796,695399.84,4322978564.0
2025-12-09,002460.SZ,002460.SZ,142.30876242154235,144.87882637449655,139.8979059700986,142.14955492003193,468475.31,2926335624.0
2025-12-10,002460.SZ,002460.SZ,142.60443349577605,146.3799256744521,139.10186846254646,144.03730100936997,586004.19,3694492330.0
2025-12-11,002460.SZ,002460.SZ,144.76506359290292,147.76726129820742,142.9455498321123,143.26396474025066,557735.87,3565872064.0
2025-12-12,002460.SZ,002460.SZ,145.56104933509403,146.2661106678109,137.3504963960364,139.42019256626975,672201.83,4136118850.0
2025-12-15,002460.SZ,002460.SZ,137.82805333831368,139.92049243189865,134.64390689155397,136.91829721066804,434653.28,2613562080.0
2025-12-16,002460.SZ,002460.SZ,136.91833280942532,138.28296735569864,133.46125862553285,136.4634546273342,431907.27,2579764755.0
2025-12-17,002460.SZ,002460.SZ,139.8749965811931,143.62774039190805,138.53310637008897,143.26383796177814,755242.16,4713645718.0
2025-12-18,002460.SZ,002460.SZ,141.48978051230108,146.2432548937624,140.9439269948127,142.12660961603754,603467.12,3813165330.0
2025-12-19,002460.SZ,002460.SZ,142.49046658075454,147.0392444444658,140.2843093168546,145.97028164649367,746634.74,4732501624.0
2025-12-22,002460.SZ,002460.SZ,147.49405204288786,150.10959806986276,146.0156999406847,148.44929493969607,729736.57,4753717915.0
2025-12-23,002460.SZ,002460.SZ,148.44931507296388,153.2255302047737,147.49407204660193,150.92839816518898,694992.22,4595663457.0
2025-12-24,002460.SZ,002460.SZ,151.951901957177,154.34000998075186,149.9731838805007,151.9064141852994,614448.57,4099846270.0
2025-12-25,002460.SZ,002460.SZ,148.69948403933074,151.61070061275294,146.49332772978423,150.4052750003203,583274.68,3807207805.0
2025-12-26,002460.SZ,002460.SZ,154.08978035246437,158.7067877932836,152.9980741595613,155.95477843200712,786199.86,5377061638.0
2025-12-29,002460.SZ,002460.SZ,156.65980920594095,156.65980920594095,148.40378267548851,148.56298979866526,684784.66,4560923638.0
2025-12-30,002460.SZ,002460.SZ,141.58059412245711,149.10881527177975,140.4434005953691,145.90192952539155,870274.0,5520756853.0
2025-12-31,002460.SZ,002460.SZ,145.90199877602913,146.42510804677715,141.4214541526655,143.03626972758335,515254.5,3252292937.0
