Date,Symbol,Name,Open,High,Low,Close,Volume,Amount
2017-01-03,600703.SH,600703.SH,13.38,14.09,13.27,13.95,511898.47,710354568.0
2017-01-04,600703.SH,600703.SH,13.989306530172414,14.269292650862067,13.719319913793102,13.91931,440360.63,614600080.0
2017-01-05,600703.SH,600703.SH,13.899358008076112,14.249341842811841,13.799362626723047,14.189344614000001,305876.47,429051562.0
2017-01-06,600703.SH,600703.SH,14.249317007357648,14.32931317301299,13.739341451304849,13.769340013425602,257469.59,360396593.0
2017-01-09,600703.SH,600703.SH,13.599994105791303,14.039993915096316,13.599994105791303,13.78999402344574,171796.83,238616740.0
2017-01-10,600703.SH,600703.SH,13.8003117168158,14.250321881494576,13.8003117168158,13.900313975633306,142522.19,199169386.0
2017-01-11,600703.SH,600703.SH,13.989984386263673,13.989984386263673,13.45998497777763,13.499984933135066,264894.86,361182514.0
2017-01-12,600703.SH,600703.SH,13.609884736950296,13.79988312784086,13.449886091989821,13.599884821640266,127518.8,174021987.0
2017-01-13,600703.SH,600703.SH,13.589964032297669,13.819963423572759,13.529964191095472,13.739963635303162,155782.06,212923888.0
2017-01-16,600703.SH,600703.SH,13.63025169171936,14.04025926278355,13.430247998517315,14.020258893463346,447491.76,611739920.0
2017-01-17,600703.SH,600703.SH,13.900811098072932,14.050819850929834,13.770803512263615,13.990816349787073,190328.1,264839702.99999997
2017-01-18,600703.SH,600703.SH,14.011232726458992,14.271255603609552,13.851218648212495,13.97122920689737,283192.61,397700698.0
2017-01-19,600703.SH,600703.SH,13.911345061916705,14.5614079152773,13.841338293093257,14.471399212504295,368595.01,528740959.99999994
2017-01-20,600703.SH,600703.SH,14.471687030318952,14.701713845590088,14.351673039742705,14.381676537386769,209570.04,303690938.0
2017-01-23,600703.SH,600703.SH,14.351342540642701,14.551361252010544,14.25133318495878,14.331340669505916,173870.37,249296668.0
2017-01-24,600703.SH,600703.SH,14.330902346612996,14.55091619980594,14.170892271563584,14.19089353094476,156812.79,225014430.0
2017-01-25,600703.SH,600703.SH,14.210983365081136,14.641013122082184,14.080974368778493,14.601010353989063,228502.81,330257528.0
2017-01-26,600703.SH,600703.SH,14.551521973762712,14.931561722905656,14.491515697582248,14.691536618183797,218202.55,322207721.0
2017-02-03,600703.SH,600703.SH,14.63180392324934,14.801824884763516,14.35176939840246,14.44178049567467,160810.76,232935886.0
2017-02-06,600703.SH,600703.SH,14.361196951889577,14.761230293167838,14.361196951889577,14.521210288400882,114783.52,167222500.0
2017-02-07,600703.SH,600703.SH,14.501135352072357,14.58114161608379,14.171109513025193,14.251115777036626,175606.28,251370551.0
2017-02-08,600703.SH,600703.SH,14.280918808272233,14.360923955657512,14.040903366116396,14.330922025388034,127226.39,180689406.0
2017-02-09,600703.SH,600703.SH,14.33129095985125,14.75132879677641,14.33129095985125,14.451301770401294,157288.2,228799185.0
2017-02-10,600703.SH,600703.SH,14.451988979100229,14.531999990749227,14.251961449977735,14.51199723783698,191263.96,274576002.0
2017-02-13,600703.SH,600703.SH,14.441360818386022,14.611376839101093,14.401357048806007,14.471363645571035,162083.23,235071089.0
2017-02-14,600703.SH,600703.SH,14.482007871723564,14.602024511544476,14.351989845250905,14.522013418330534,112799.11,163280119.0
2017-02-15,600703.SH,600703.SH,14.481793622898106,14.791832022283355,14.25176513303163,14.331775042550404,250048.06,363519759.0
2017-02-16,600703.SH,600703.SH,14.302078571741518,14.60212217814169,14.222066943368139,14.432097467848257,117975.25,170088119.0
2017-02-17,600703.SH,600703.SH,14.49177528271462,14.751807137338899,14.411765481291765,14.541781408603903,210602.77,307378361.0
2017-02-20,600703.SH,600703.SH,14.701712434783401,15.28178000023744,14.701712434783401,15.27177883531582,378286.43,569521972.0
2017-02-21,600703.SH,600703.SH,15.292320875082538,15.352329982506015,15.092290517004285,15.30232239298645,174134.77,264963471.00000003
2017-02-22,600703.SH,600703.SH,15.352551313606678,15.382556299887344,15.132514747548473,15.262536354764684,141224.58,214966524.0
2017-02-23,600703.SH,600703.SH,15.22197268647915,15.391994720427997,14.95193769138392,15.141962317562044,169390.58,256061254.0
2017-02-24,600703.SH,600703.SH,15.101360241473246,15.301378257916602,14.91134312585206,15.13136294393975,134527.66,202866504.0
2017-02-27,600703.SH,600703.SH,15.181656229588114,15.301669322312131,14.861621315657402,14.931628953079747,163560.86,246256526.0
2017-02-28,600703.SH,600703.SH,14.841204121550309,15.231235766254125,14.841204121550309,15.021218726798224,154730.31,231915689.0
2017-03-01,600703.SH,600703.SH,15.020893504200625,15.050895288829523,14.710875063035367,14.780879227169455,282887.13,419004364.0
2017-03-02,600703.SH,600703.SH,14.790347947983465,14.890350300572942,14.740346771688728,14.850349359537152,109274.74,161933539.0
2017-03-03,600703.SH,600703.SH,14.84963963618279,15.249629929413302,14.709643033552112,15.169631870767201,163655.07,245622385.0
2017-03-06,600703.SH,600703.SH,15.179971172489646,15.35997083066146,15.079971362394193,15.199971134508736,139265.32,211641956.0
2017-03-07,600703.SH,600703.SH,15.18989157277278,15.34989043068217,15.099892215198746,15.269891001727474,118382.6,180324490.0
2017-03-08,600703.SH,600703.SH,15.270490136357958,15.300491099297759,15.070483716759295,15.190487568518492,101297.75,153604425.0
2017-03-09,600703.SH,600703.SH,15.0998667545478,15.449863666077055,14.919868342904186,15.41986393080312,186570.4,283551879.0
2017-03-10,600703.SH,600703.SH,15.349581710302134,15.819568902734838,15.31958252780643,15.629574080262044,244243.1,382789403.0
2017-03-13,600703.SH,600703.SH,15.598972390284631,15.838956580904394,15.418984247319807,15.688966461767041,138220.76,216638708.0
2017-03-14,600703.SH,600703.SH,15.708984070782721,16.17895367697418,15.468999591025378,15.768980190722054,262594.77,415878295.0
2017-03-15,600703.SH,600703.SH,15.689558864872723,15.769556615617773,15.449565612637576,15.72955774024525,129642.99,202095282.0
2017-03-16,600703.SH,600703.SH,15.74023459110144,16.080239658507697,15.460230417943347,15.690233845894637,224125.15,351174862.0
2017-03-17,600703.SH,600703.SH,15.680964287884706,15.680964287884706,15.350943993560602,15.410947683437712,300101.94,463718952.0
2017-03-20,600703.SH,600703.SH,15.401464023324825,15.74149634591771,15.341458319337844,15.731495395253214,148115.1,230529902.0
2017-03-21,600703.SH,600703.SH,15.731824452286293,16.151873166206205,15.521800095326336,15.92184648953578,192878.03,305918481.0
2017-03-22,600703.SH,600703.SH,15.85110025398847,16.25112802065064,15.761094006489483,16.151121078985096,223998.9,359626781.0
2017-03-23,600703.SH,600703.SH,16.280438256120483,16.32043933291685,15.910428295754107,16.120433948935023,150246.18,241717108.0
2017-03-24,600703.SH,600703.SH,16.10975304127781,16.749743230378854,16.019754420935477,16.189751814915443,371784.51,610522603.0
2017-03-27,600703.SH,600703.SH,16.29956232941711,16.679552126053828,15.899573069799512,15.969571190232593,233515.45,378016887.0
2017-03-28,600703.SH,600703.SH,15.969721941376614,16.139718981453886,15.709726468317259,15.889723334281427,161095.94,256294809.0
2017-03-29,600703.SH,600703.SH,15.999660911721339,16.219656249257508,15.759665998045518,16.129658156629073,170340.09,273970153.0
2017-03-30,600703.SH,600703.SH,16.30030409657722,16.30030409657722,15.800294768461354,16.01029868627002,183373.57,293784369.0
2017-03-31,600703.SH,600703.SH,16.201100594816335,16.201100594816335,15.791072740256169,15.991086327846496,134890.17,214832589.0
2017-04-05,600703.SH,600703.SH,16.011874740072695,16.221899330667025,15.901861859285187,16.011874740072695,271398.02,436034974.0
2017-04-06,600703.SH,600703.SH,16.111843692159148,16.661906636335907,16.03183453664253,16.581897480819286,261765.97,429178581.0
2017-04-07,600703.SH,600703.SH,16.552311355859572,16.73233649447315,16.322279234297778,16.502304372911354,195042.73,322322352.0
2017-04-10,600703.SH,600703.SH,16.651766518892853,16.651766518892853,16.251724080000532,16.391738933612846,138712.51,227428761.0
2017-04-11,600703.SH,600703.SH,16.40129739179994,16.501305302725548,15.591233313302503,16.121275241208235,298670.26,478680305.0
2017-04-12,600703.SH,600703.SH,15.931099186973032,15.981102637026307,15.371060546376366,15.831092286866486,264895.04,415489514.0
2017-04-13,600703.SH,600703.SH,16.17158239654013,16.46161077594623,16.001565760336554,16.011566738936764,426956.6,692561009.0
2017-04-14,600703.SH,600703.SH,16.010933842397083,16.130940841840406,15.500904094762946,15.660913427354048,203909.12,320539641.0
2017-04-17,600703.SH,600703.SH,15.510437062578518,15.700442416665553,15.330431990285538,15.590439316930956,150784.14,233393899.0
2017-04-18,600703.SH,600703.SH,15.801062517280675,16.031077984304382,15.571047050256968,15.871067224635713,192536.87,304956053.0
2017-04-19,600703.SH,600703.SH,15.771790351650047,16.131831222074524,15.67177899875436,16.121830086784957,169888.32,270850590.0
2017-04-20,600703.SH,600703.SH,16.161075001933792,16.40109096730904,16.10107101058998,16.341086975965233,240263.98,391253367.0
2017-04-21,600703.SH,600703.SH,16.28061577949523,16.450622209625088,15.7905972455915,16.030606323421896,208300.95,333848502.0
2017-04-24,600703.SH,600703.SH,15.999846488410162,16.27984380195734,15.489851381592088,16.25984399384683,224734.62,357022910.0
2017-04-25,600703.SH,600703.SH,16.26023516424094,16.840243552633293,16.1802340072213,16.710241672476386,421291.35,697984287.0
2017-04-26,600703.SH,600703.SH,16.799597491103942,17.56957904277954,16.799597491103942,17.099590303445087,485458.51,836006433.0
2017-04-27,600703.SH,600703.SH,17.098921883053997,17.258911795410057,16.90893386213117,17.13891936114301,185594.32,317503463.0
2017-04-28,600703.SH,600703.SH,17.018926926875963,17.36890486015485,16.97892944878695,17.13891936114301,182755.65,314862856.0
2017-05-02,600703.SH,600703.SH,17.139769818877177,17.419766058625463,16.989771833297738,17.169769415993066,139204.45,238908650.0
2017-05-03,600703.SH,600703.SH,17.109770221761288,17.269768073046023,16.829773982013002,17.169769415993066,220154.1,374603690.0
2017-05-04,600703.SH,600703.SH,17.119787207236676,17.229785839993454,16.739791930440532,16.999788698774736,240892.17,406718634.0
2017-05-05,600703.SH,600703.SH,16.99948993271676,17.159485132083507,16.74949743370622,17.069487832439712,274442.61,465600492.0
2017-05-08,600703.SH,600703.SH,16.999074912096635,17.399053145322437,16.29911300395148,16.629095046362767,307988.72,519698043.0
2017-05-09,600703.SH,600703.SH,16.37887186778341,16.858838808963878,16.31887600013585,16.738847073668758,174616.63,289498816.0
2017-05-10,600703.SH,600703.SH,16.878837431513062,17.108821590828704,16.64885327219742,16.738847073668758,177847.54,299761461.0
2017-05-11,600703.SH,600703.SH,16.658677017121434,16.80866510551088,16.478691311054096,16.698673840691953,208568.21,347289039.0
2017-05-12,600703.SH,600703.SH,16.70849101402272,17.44842418879093,16.70849101402272,17.438425091834606,362480.11,624906746.0
2017-05-15,600703.SH,600703.SH,17.577695369508547,17.78766783979278,17.34772552110201,17.647686192936625,273653.65,482084649.0
2017-05-16,600703.SH,600703.SH,17.648299509385033,17.86827831346802,17.418321668752824,17.83828120382034,222372.8,393357870.0
2017-05-17,600703.SH,600703.SH,17.65876890241923,18.318722893109868,17.60877238797297,17.71876471975474,320359.99,575329818.0
2017-05-18,600703.SH,600703.SH,17.68826027819296,18.2282071719309,17.508277980280315,17.73825536094647,193420.12,346139356.0
2017-05-19,600703.SH,600703.SH,17.77794382393734,17.86793341584703,17.47797851757169,17.567968109481384,151830.9,267208381.99999997
2017-05-22,600703.SH,600703.SH,17.647246713088997,18.14716871629265,17.567259192576415,18.13717027622858,213124.01,382472309.0
2017-05-23,600703.SH,600703.SH,18.157042136593628,19.16687762987334,18.157042136593628,18.58697209907905,386492.18,721669797.0
2017-05-24,600703.SH,600703.SH,18.49628566262789,18.656253538629,18.03637801912471,18.596265585128585,232059.38,425634183.0
2017-05-25,600703.SH,600703.SH,18.476486968994582,18.996388117472783,18.26652688980146,18.726439444224486,211748.66,396143053.0
2017-05-26,600703.SH,600703.SH,18.77744334260229,18.898718541801014,17.837560548812185,18.262023746007717,316389.23,572476501.0
2017-05-31,600703.SH,600703.SH,18.190541827881507,18.524035094726,17.958107126747464,18.382553102731368,146698.78,264623933.00000003
2017-06-01,600703.SH,600703.SH,18.382108394460268,19.392669603611466,18.321474721911194,19.38256399151995,391202.4,733683865.0
2017-06-02,600703.SH,600703.SH,19.25214293824122,19.484583509149118,18.99949014377611,19.171294044012384,177332.18,336494115.0
2017-06-05,600703.SH,600703.SH,19.170610650880846,19.281773917701976,18.806803595829866,19.221139408526813,153714.47,289674245.0
2017-06-06,600703.SH,600703.SH,19.292753263782235,19.30285947293037,18.888504897856993,19.282647054634104,201607.99,381216758.0
2017-06-07,600703.SH,600703.SH,19.36266358920544,20.059962017000416,19.36266358920544,19.635519495733906,381335.99,744625140.0
2017-06-08,600703.SH,600703.SH,19.594967922112662,20.211416113576753,19.52422796571514,20.191204697463174,252652.77,499895450.0
2017-06-09,600703.SH,600703.SH,20.110061542490623,20.58502279500171,19.806894785568655,20.49407276792512,332472.73,666430764.0
2017-06-12,600703.SH,600703.SH,20.392311541551514,20.503468839349864,20.109365692610265,20.44283758600531,219707.38,442196119.0
2017-06-13,600703.SH,600703.SH,20.321125423496657,20.47270020288624,20.017975864717492,20.04829082059541,263064.4,524464927.99999994
2017-06-14,600703.SH,600703.SH,19.947026769108287,20.128914551197425,19.48220243710273,19.573146328147295,330607.97,644859355.0
2017-06-15,600703.SH,600703.SH,19.511854300520987,19.71394497168123,19.077359357526475,19.158195625990572,364559.48,694035220.0
2017-06-16,600703.SH,600703.SH,19.157795454802564,19.440716484725804,19.127482487310786,19.34977758225048,216861.97,413520836.0
2017-06-19,600703.SH,600703.SH,19.451252708939005,19.73418002106903,19.198639037394344,19.340102693459354,230879.81,445384341.0
2017-06-20,600703.SH,600703.SH,19.511161786867532,19.541474311652934,18.894807116231117,18.99584886551578,316638.72,598332702.0
2017-06-21,600703.SH,600703.SH,19.12659014960039,20.19759836716914,19.116486298491253,20.17739066495086,422507.14,817266524.0
2017-06-22,600703.SH,600703.SH,20.166310909827676,20.20672435854476,19.398455384202972,19.45907555727861,351810.41,690949328.0
2017-06-23,600703.SH,600703.SH,19.398325272611984,20.00452293738111,19.10532973464024,19.883283404427285,282109.2,544654505.0
2017-06-26,600703.SH,600703.SH,19.953721831643808,20.479085646957973,19.852690328698774,20.39826044460195,392020.58,784904562.0
2017-06-27,600703.SH,600703.SH,20.408775432003964,20.570429098792115,19.97433120251081,20.226915056867295,219699.55,439485604.0
2017-06-28,600703.SH,600703.SH,20.206421728542203,20.206421728542203,19.701261185328647,19.943738246071153,176222.41,346594884.0
2017-06-29,600703.SH,600703.SH,19.954538194370986,20.510234194720557,19.934331067085548,20.197023721796253,190907.59,382944827.0
2017-06-30,600703.SH,600703.SH,20.106239638011225,20.106239638011225,19.742508669685396,19.90416687783021,323621.78,636339798.0
2017-07-03,600703.SH,600703.SH,19.823466288103177,19.823466288103177,18.38874038957583,18.701955198409266,793910.92,1482601353.0
2017-07-04,600703.SH,600703.SH,18.87357969062238,19.065548648931706,18.701817991082454,19.004926872623496,277265.96,519107793.0
2017-07-05,600703.SH,600703.SH,19.024227119184303,19.145464891584844,18.872679903683633,19.11515544848471,265443.67,500296972.0
2017-07-06,600703.SH,600703.SH,19.084600897056806,19.660472919890175,19.013879771445687,19.508927650723496,371178.57,712553194.0
2017-07-07,600703.SH,600703.SH,19.346517350580207,19.649595951372586,19.215183290236844,19.417235690765096,198376.21,381818560.0
2017-07-10,600703.SH,600703.SH,19.447315481395403,19.497827989139285,18.43706532651772,19.124035431834542,421609.36,788333295.0
2017-07-11,600703.SH,600703.SH,19.113233152406522,19.466807761462665,18.76976067503769,19.31527578615289,326403.8,616730711.0
2017-07-12,600703.SH,600703.SH,19.27430943378784,19.72889220345265,19.173291040528994,19.547059095586725,302788.65,584393938.0
2017-07-13,600703.SH,600703.SH,18.284891238936385,19.19408472595532,17.658557947878897,18.56775143489783,1131974.65,2062202978.0
2017-07-14,600703.SH,600703.SH,18.33558485066936,18.871004132810118,18.13353983854077,18.84069738099083,393075.24,723298407.0
2017-07-17,600703.SH,600703.SH,18.678778505587065,19.446537924962197,18.2948987958995,19.012147727157846,338090.75,632268811.0
2017-07-18,600703.SH,600703.SH,18.921894008025816,19.21486513788847,18.467283634101012,18.679435141932586,238047.07,441853580.0
2017-07-19,600703.SH,600703.SH,18.679753675458162,19.29601380212282,18.679753675458162,19.194987551849923,316082.15,594319533.0
2017-07-20,600703.SH,600703.SH,19.64920343435885,20.265450945667787,19.558281670395232,19.740125198322463,453088.69,891069678.0
2017-07-21,600703.SH,600703.SH,19.76033003475882,20.12401709061328,19.669408270795206,19.740125198322463,254079.31,500933098.0
2017-07-24,600703.SH,600703.SH,19.749535258004137,20.153617820827748,19.60810636101587,19.941474475345352,220194.85,435454892.0
2017-07-25,600703.SH,600703.SH,19.901723186713692,20.34622867920882,19.729982428249667,19.89162078915699,164654.98,326106818.0
2017-07-26,600703.SH,600703.SH,19.901753277953137,20.002777406267622,18.94202405896555,19.376427810717825,304302.05,580905790.0
2017-07-27,600703.SH,600703.SH,19.356343260690117,19.356343260690117,18.800707102371767,19.184601175391716,199015.14,375014394.0
2017-07-28,600703.SH,600703.SH,19.11406513247222,19.659603989318676,18.972629132549063,19.598988560780178,209486.0,403501423.0
2017-07-31,600703.SH,600703.SH,19.659174382988006,19.85111904551461,19.194466252660437,19.416717967164924,223561.13,431052790.0
2017-08-01,600703.SH,600703.SH,19.427728353519324,19.862149736359328,19.195363427814204,19.84194409064584,180002.59,348288938.0
2017-08-02,600703.SH,600703.SH,19.86202979833905,19.92264636944283,19.33668618210628,19.40740551506069,128871.84,250074227.0
2017-08-03,600703.SH,600703.SH,19.407036537303156,19.407036537303156,18.689754083295593,19.023138885862487,323892.29,606636238.0
2017-08-04,600703.SH,600703.SH,18.891089377923784,19.16384842241787,18.820374070091983,19.00221343308804,136055.28,255954837.0
2017-08-07,600703.SH,600703.SH,18.93089960020924,19.223853756242363,18.799575323366806,19.011714539804586,119190.62,225264855.0
2017-08-08,600703.SH,600703.SH,19.08234362058904,19.08234362058904,18.587354294274128,18.819696222952558,199462.29,370124481.0
2017-08-09,600703.SH,600703.SH,18.89046065672513,19.547080946932155,18.65811809249803,19.203618025900788,187439.18,356098712.0
2017-08-10,600703.SH,600703.SH,19.102078895588836,19.900103344426235,19.102078895588836,19.718274988994928,322626.49,628465027.0
2017-08-11,600703.SH,600703.SH,19.768365413032967,20.59667709615443,19.748162689054396,19.899683118893684,436331.04,873953861.0
2017-08-14,600703.SH,600703.SH,20.00088722161263,20.58677179679118,19.98068430522716,20.152409094503632,344881.72,694013880.0
2017-08-15,600703.SH,600703.SH,20.192239562131697,20.596286376781656,20.1518348806667,20.384161799090425,310189.1,624940965.0
2017-08-16,600703.SH,600703.SH,20.41477985022497,20.525894436247963,20.051132114149713,20.192550678178975,210757.78,422296849.0
2017-08-17,600703.SH,600703.SH,20.18250008734368,20.283513601294345,19.929966302467008,20.09158792478808,156927.86,311973313.0
2017-08-18,600703.SH,600703.SH,20.081933603014797,20.45569192460008,19.627362671357016,20.37487931452759,263635.55,521925304.0
2017-08-21,600703.SH,600703.SH,20.213144504450767,20.374768848314442,19.980809510146738,20.12223081102745,189508.65,377064582.0
2017-08-22,600703.SH,600703.SH,19.991314480902226,20.21355243874955,19.930704128762045,20.021619656972316,106616.61,211983569.0
2017-08-23,600703.SH,600703.SH,20.06132034350157,20.556287461745065,20.041117603981426,20.54618609198499,190857.01,384733832.0
2017-08-24,600703.SH,600703.SH,20.606267658447134,20.72748099761447,20.293133198931518,20.3941443149043,129141.15,261579071.0
2017-08-25,600703.SH,600703.SH,20.262447736330838,20.474567079532704,20.242245894121137,20.353356026274493,188867.59,380433212.0
2017-08-28,600703.SH,600703.SH,20.394056607798113,20.404157675954522,19.79809358656974,20.12132776757496,389099.33,773739164.0
2017-08-29,600703.SH,600703.SH,20.03131291396296,20.091922030192805,19.74847037155703,19.899993162131636,255616.36,503180773.0
2017-08-30,600703.SH,600703.SH,19.899690423898946,20.09161637214975,19.828980864017073,19.919893155293767,192050.68,379378072.0
2017-08-31,600703.SH,600703.SH,19.929413483434296,20.030424195463866,19.282944926445044,19.81830170020177,279468.01,542023181.0
2017-09-01,600703.SH,600703.SH,19.84945132308574,19.859552825031336,19.39488373553416,19.566609268609206,248366.6,481385844.0
2017-09-04,600703.SH,600703.SH,19.567334904671533,20.436096289184572,19.436010509338168,20.1027343625691,402195.02,801434954.0
2017-09-05,600703.SH,600703.SH,20.1729933688843,20.284111509624275,19.900248841613458,20.19319666720066,253185.97,505203926.0
2017-09-06,600703.SH,600703.SH,20.193402825410637,20.314623852876835,19.698416963257,19.789332733856646,301332.81,594317102.0
2017-09-07,600703.SH,600703.SH,20.375591006293252,21.2746626967048,20.244265927918526,21.123133760118584,672074.72,1383939435.0
2017-09-08,600703.SH,600703.SH,21.062885052805676,21.477071281661804,20.830536680520527,20.99217033080585,403229.66,846318881.0
2017-09-11,600703.SH,600703.SH,20.93131680156764,21.992025423268704,20.93131680156764,21.416212171488127,517180.48,1105459291.0
2017-09-12,600703.SH,600703.SH,21.43621719937731,22.254470542049116,21.42611530625791,21.76957967231768,464077.54,1002098062.0
2017-09-13,600703.SH,600703.SH,21.81962015409839,22.425720713934457,21.718603394125715,22.324703953961784,443454.91,973310471.0
2017-09-14,600703.SH,600703.SH,22.34604014079183,22.669310160911785,21.436843209204454,21.71970447680942,420983.7,913425054.0
2017-09-15,600703.SH,600703.SH,21.769455637948138,21.860372158013814,21.496706077751107,21.708844624571014,216033.82,463363747.0
2017-09-18,600703.SH,600703.SH,22.022264811375067,22.7091978421886,21.74951199031675,21.800021771994214,517138.01,1139446897.0
2017-09-19,600703.SH,600703.SH,21.901426649932343,22.174184269650137,21.436728483005734,22.164082135586515,376758.24,809947148.0
2017-09-20,600703.SH,600703.SH,21.972211635523877,22.21466362598483,21.49740982087118,21.547920652217208,362658.36,782862384.0
2017-09-21,600703.SH,600703.SH,21.56823855409967,22.0228384299472,21.335887506444262,21.679362968195733,240611.29,514864358.0
2017-09-22,600703.SH,600703.SH,21.4985583093335,21.710715134754555,21.175271718215704,21.39753124960919,213854.38,454261150.0
2017-09-25,600703.SH,600703.SH,21.529600228050143,21.994340542686608,21.29723007073191,21.51949717773196,238827.86,510860582.0
2017-09-26,600703.SH,600703.SH,21.518933218495576,21.993764139279282,21.357288649718146,21.973558568182103,191594.42,412030768.0
2017-09-27,600703.SH,600703.SH,22.023401030300178,22.68006207019445,21.962786165079166,22.366885266552565,317608.13,705885185.0
2017-09-28,600703.SH,600703.SH,22.225121955697546,23.59903858568612,22.184712643050823,23.366685037967464,399402.23,911962514.0
2017-09-29,600703.SH,600703.SH,23.234603689524672,23.46694972641992,22.931543641400438,23.37603171198265,246608.1,565568391.0
2017-10-09,600703.SH,600703.SH,23.74997365789391,23.88130060708686,23.315584518255697,23.4368093944338,311956.05,728452357.0
2017-10-10,600703.SH,600703.SH,23.43622268843197,23.708971831788723,21.213822261080665,22.59777161811307,1328188.27,2923112019.0
2017-10-11,600703.SH,600703.SH,22.303790142197787,23.13210118914535,22.041154932190025,22.778553791057977,491634.69,1110391961.0
2017-10-12,600703.SH,600703.SH,23.031012805778627,23.566382840298918,22.94010091312424,23.31384980514784,287415.15,662608276.0
2017-10-13,600703.SH,600703.SH,23.253205177162805,23.546143035606644,22.798646431301673,23.04107776242761,301043.87,689680235.0
2017-10-16,600703.SH,600703.SH,23.112417753154205,24.112474290550303,23.112417753154205,23.98115373513465,390205.34,914642461.0
2017-10-17,600703.SH,600703.SH,23.970326740874352,24.202656077174442,23.626883374169875,23.899617812435196,205663.1,487765729.0
2017-10-18,600703.SH,600703.SH,23.94966151703807,24.92946631128214,23.75774099033047,24.889061989870015,351800.0,855565950.0
2017-10-19,600703.SH,600703.SH,24.898853991187792,25.110974045473775,24.424109107785835,24.737238711731806,179327.8,438953079.0
2017-10-20,600703.SH,600703.SH,24.484304249292833,24.80752938789736,24.161079110688313,24.635816033013707,163075.03,395743110.0
2017-10-23,600703.SH,600703.SH,24.575455264637718,25.22191195881643,24.45424463447921,24.726968552335858,176461.78,433832995.0
2017-10-24,600703.SH,600703.SH,24.84789920301062,24.84789920301062,24.120643616581038,24.38326368945839,188554.31,454562186.0
2017-10-25,600703.SH,600703.SH,24.413669811273348,25.80758227877675,24.262157586544717,25.65607005404812,307676.38,766169967.0
2017-10-26,600703.SH,600703.SH,25.80788878212923,26.474550488438634,25.34324577470146,25.514961668750853,347977.82,891574955.0
2017-10-27,600703.SH,600703.SH,25.4535746787757,26.039410921382444,25.150555932599797,25.928304047784614,220924.39,559794484.0
2017-10-30,600703.SH,600703.SH,25.937134281474997,26.69464404436854,25.603829985801838,26.169437275429015,354714.31,922361717.0
2017-10-31,600703.SH,600703.SH,26.270112103637384,26.361012145518483,25.3611116848264,26.088312019875186,278068.89,709870064.0
2017-11-01,600703.SH,600703.SH,25.89577823102639,26.198770956038402,25.53218696101198,25.754381626020784,313030.72,801417516.0
2017-11-02,600703.SH,600703.SH,25.856173224186428,26.411676945799805,25.46227058522421,26.31067626914283,306327.78,788074999.0
2017-11-03,600703.SH,600703.SH,26.16877093646413,27.350456077168992,26.05767233349188,26.986860649259803,414370.97,1101377694.0
2017-11-06,600703.SH,600703.SH,27.269914104510356,29.209107996386653,27.098214645333808,29.148508187265517,592395.81,1650766607.0
2017-11-07,600703.SH,600703.SH,28.975633772457478,29.672503319442335,28.15756952164916,28.743343923462522,441996.73,1255145410.0
2017-11-08,600703.SH,600703.SH,29.015021942191282,29.015021942191282,27.954605198741895,28.257581411156007,414435.87,1166415320.0
2017-11-09,600703.SH,600703.SH,28.044238602983764,29.771125459703327,27.78167101073401,29.54895288164584,473176.42,1335533439.0
2017-11-10,600703.SH,600703.SH,29.368505152134627,30.23703728524453,29.08572724833141,29.974457803141537,529978.73,1560677096.0
2017-11-13,600703.SH,600703.SH,29.620896792081247,30.348037797546592,29.368417276294668,29.70169023713295,407449.81,1205014835.0
2017-11-14,600703.SH,600703.SH,29.791439099072857,30.165094436925635,27.06476501203907,27.488914314466545,882628.66,2476792683.0
2017-11-15,600703.SH,600703.SH,27.26602300702734,27.952722845722842,26.437943789776877,27.387205331503015,704087.14,1902486304.0
2017-11-16,600703.SH,600703.SH,27.21621967347175,28.054418646717817,26.256835306503355,27.751455162412007,635276.42,1711760808.0
2017-11-17,600703.SH,600703.SH,27.469634904506414,27.813005340812744,26.106252289760693,26.16684707263828,462287.88,1240401556.0
2017-11-20,600703.SH,600703.SH,25.81252800053429,27.246557333897307,25.499465258743772,27.00418617896271,628765.79,1658845493.0
2017-11-21,600703.SH,600703.SH,26.963390711585255,27.882367698384602,26.508951542288877,27.347139343435533,656301.8,1768206556.0
2017-11-22,600703.SH,600703.SH,27.74207854498593,28.348021287140703,26.287815963814484,27.196730077046638,824281.9,2250379175.0
2017-11-23,600703.SH,600703.SH,26.96397013536262,26.96397013536262,25.277459643750053,25.42894262203861,680793.47,1759196011.0
2017-11-24,600703.SH,600703.SH,25.015465565005773,25.732501517817806,24.84378090024796,25.156852935982794,397284.4,990773296.0
2017-11-27,600703.SH,600703.SH,25.29708213639868,25.367772585482427,24.32761312039298,24.771953086062258,386747.31,949423136.0
2017-11-28,600703.SH,600703.SH,24.661476609571952,25.6814639713929,24.64127884003094,25.661266201851895,375566.79,939001102.0
2017-11-29,600703.SH,600703.SH,25.650829801721954,25.650829801721954,24.792435891034412,25.32766974122782,362957.36,907927122.0
2017-11-30,600703.SH,600703.SH,25.1460038289162,25.52975810421693,24.338100091440985,24.570372415965107,284667.46,701737232.0
2017-12-01,600703.SH,600703.SH,24.571117296425307,25.813306950128684,24.540819987798397,25.550730275362117,480597.84,1204308484.0
2017-12-04,600703.SH,600703.SH,25.25829395216623,26.47020729653246,25.24819467429651,26.22782462765921,354582.04,915040030.0
2017-12-05,600703.SH,600703.SH,26.066420190665273,26.480493506363562,25.248372908432078,25.89473125488794,305922.58,781810480.0
2017-12-06,600703.SH,600703.SH,26.653188718627344,26.946080902348523,25.59271701894721,26.643088988154197,570833.89,1493891821.0
2017-12-07,600703.SH,600703.SH,26.40089185096874,26.774584658346647,26.027199043590837,26.06759826601007,311592.74,814277450.0
2017-12-08,600703.SH,600703.SH,25.93667569238481,26.734571868279826,25.684176902544614,26.48207307843963,389885.74,1017914913.0
2017-12-11,600703.SH,600703.SH,26.735481365090944,28.01821885408473,26.179965129699937,27.967717378140094,653568.23,1755618705.0
2017-12-12,600703.SH,600703.SH,27.77458277809686,28.2391757991123,27.552386115872086,27.825082019511584,535424.9,1480328406.0
2017-12-13,600703.SH,600703.SH,27.683370348641933,28.471149585122806,27.683370348641933,28.067160233081328,414082.1,1151012448.0
2017-12-14,600703.SH,600703.SH,28.076566965809388,28.147263357449916,26.9252257305208,27.783681914727207,476713.0,1295903476.0
2017-12-15,600703.SH,600703.SH,27.277443355177812,27.651106962782986,26.762393517667974,27.105760076007865,326732.17,880778293.0
2017-12-18,600703.SH,600703.SH,27.601569690775527,27.601569690775527,26.258353895359082,26.308850729773233,257607.72,684381708.0
2017-12-19,600703.SH,600703.SH,26.35959135581265,27.026155734925155,26.309094054364735,26.7534703071064,300773.8,795281272.0
2017-12-20,600703.SH,600703.SH,26.663648553397774,27.057543361572968,26.390952147738023,26.592949485263762,226212.15,598657812.0
2017-12-21,600703.SH,600703.SH,26.592574134851944,28.0368347126278,26.511776340291057,27.83484022622558,539507.39,1464889592.0
2017-12-22,600703.SH,600703.SH,27.74529477912129,28.129103006863055,27.310985468781936,27.523090015691857,330807.52,906211045.0
2017-12-25,600703.SH,600703.SH,27.542978873047087,27.623779691156503,26.4420677263063,26.785471203271314,351570.3,934789351.0
2017-12-26,600703.SH,600703.SH,26.68419823698939,27.088198210297328,26.421598254339226,26.95689821897225,296206.52,787809639.0
2017-12-27,600703.SH,600703.SH,26.845557896605442,26.95665689467266,24.926575202717167,25.1588731077668,659643.47,1679537615.0
2017-12-28,600703.SH,600703.SH,24.9168731536494,25.219875259287615,24.5431705566956,25.048174066092628,458515.48,1128051869.0
2017-12-29,600703.SH,600703.SH,25.119111994584024,25.836223756391608,25.048410834969193,25.644320608865634,343729.01,868391418.0
2018-01-02,600703.SH,600703.SH,25.86540868289211,26.016904633787615,24.956432977519096,25.572516511160806,328661.23,824204333.0
2018-01-03,600703.SH,600703.SH,25.502905170542448,26.54322169829131,25.28070164034366,26.260417205311033,424256.02,1097526603.0
2018-01-04,600703.SH,600703.SH,26.140420314643784,26.6555522451101,25.978810297242585,26.291929705957408,284513.78,744036528.0
2018-01-05,600703.SH,600703.SH,26.413838264741464,26.6663606190889,25.9188944502205,26.373434688045876,250946.42,651934896.0
2018-01-08,600703.SH,600703.SH,25.96979063828042,26.040497964016694,25.050595403708844,25.313222613586433,428978.95,1076693537.0
2018-01-09,600703.SH,600703.SH,25.574884509287816,26.009213116673035,25.211260558918795,25.95870979023289,327376.77,830311388.0
2018-01-10,600703.SH,600703.SH,25.927513002033177,25.927513002033177,25.149788615139308,25.46289843323944,238486.31,600964177.0
2018-01-11,600703.SH,600703.SH,25.270072113805053,26.02756828028602,24.845874260575712,25.65387017148874,239709.3,608164713.0
2018-01-12,600703.SH,600703.SH,25.65364360178028,25.704142900208982,24.946653423778464,25.15875047717901,298628.44,745221123.0
2018-01-15,600703.SH,600703.SH,25.14741545482579,25.228210363917604,23.33962936389655,23.380026818442452,726466.56,1727807213.0
2018-01-16,600703.SH,600703.SH,23.531052557208618,23.8542258112132,21.97578127231157,22.500937810069015,1048247.21,2358566936.0
2018-01-17,600703.SH,600703.SH,22.521965235137543,23.259231361668952,21.411016277350488,22.82495131453401,792029.54,1757255485.0
2018-01-18,600703.SH,600703.SH,22.855711847559967,23.300100411984467,22.63351756534772,22.987008468867206,489375.3,1116252703.0
2018-01-19,600703.SH,600703.SH,22.926482395713318,23.259774871069503,22.55279083243517,23.037579887498712,408399.45,927253814.0
2018-01-22,600703.SH,600703.SH,23.088747564933055,24.401755956639658,23.088747564933055,24.37145576298489,727751.64,1723761730.0
2018-01-23,600703.SH,600703.SH,24.421252248002226,25.097937070424123,24.249556099029505,24.390952927595276,507922.66,1240555724.0
2018-01-24,600703.SH,600703.SH,24.310764954253884,25.068266978171224,23.714863362105575,24.947066654344447,476706.1,1158326321.0
2018-01-25,600703.SH,600703.SH,24.845509524810257,25.33029995456265,24.54251550621501,24.784910721091208,343552.62,849776443.0
2018-01-26,600703.SH,600703.SH,24.84642987675007,25.240336691869274,24.664626731310435,25.139334944402812,259730.99,645080436.0
2018-01-29,600703.SH,600703.SH,25.098726102512032,25.098726102512032,22.62420381071507,22.896906267362084,788421.83,1826370273.0
2018-01-30,600703.SH,600703.SH,22.775079141737965,23.532565144234795,22.633681754605224,23.148772236303067,385225.84,888165787.0
2018-01-31,600703.SH,600703.SH,23.08842392542656,23.63381976618467,23.08842392542656,23.452021152598636,307831.16,712801960.0
2018-02-01,600703.SH,600703.SH,23.653027669380748,23.82471915972211,22.299694745513527,23.168251696652195,448077.28,1028441203.0
2018-02-02,600703.SH,600703.SH,22.956142529061626,23.945892624903266,22.63295882429701,23.56211197549528,317145.68,739445083.0
2018-02-05,600703.SH,600703.SH,23.369652456059526,23.824118471842876,22.521315893263935,22.723300789167645,390123.23,891336294.0
2018-02-06,600703.SH,600703.SH,22.82483875082019,22.925833612549486,21.087727129076352,21.128125073768075,616160.03,1325118316.0
2018-02-07,600703.SH,600703.SH,21.915963413677453,22.148252426817812,20.20914414321133,21.45138538739673,534430.26,1128034591.0
2018-02-08,600703.SH,600703.SH,21.219653873303205,22.674023296318747,21.219653873303205,22.603324782699936,564284.07,1240505357.0
2018-02-09,600703.SH,600703.SH,21.926448088956178,23.451502746456125,21.421463103029044,22.734424066439598,639620.05,1447623514.0
2018-02-12,600703.SH,600703.SH,23.250380729906222,24.240188423881378,23.078679395237064,24.209888188351524,510866.0,1198974815.0
2018-02-13,600703.SH,600703.SH,24.442498997746558,24.63440291549746,23.66478312054553,23.96778930646801,333262.33,796809112.0
2018-02-14,600703.SH,600703.SH,24.05853023454467,24.321133839119884,23.83632718451949,24.159531620919754,193427.01,460805018.0
2018-02-22,600703.SH,600703.SH,24.342095722567343,24.93802254731069,24.059282992180666,24.534004361044012,303525.85,737919079.0
2018-02-23,600703.SH,600703.SH,24.25116146748367,24.826886666836675,23.99865041513586,24.362266330516704,232780.15,563349755.0
2018-02-26,600703.SH,600703.SH,24.545031819767736,25.94904804320301,24.433922622229694,25.37330038323315,695113.09,1750002794.0
2018-02-27,600703.SH,600703.SH,25.60468593998925,26.36222102697118,25.25116956606435,25.705690618253506,517085.76,1326404891.0
2018-02-28,600703.SH,600703.SH,25.353039421881796,26.383322298786954,25.161123984026915,25.898483297890408,401822.86,1034966391.0
2018-03-01,600703.SH,600703.SH,25.53408436918751,26.443130094356366,25.281571667751717,26.27142145738003,345953.89,893017622.0
2018-03-02,600703.SH,600703.SH,26.008317690293516,26.361828804530518,25.301295461819517,25.543703083010605,301332.57,768521554.0
2018-03-05,600703.SH,600703.SH,25.654829706615168,25.96793983295575,25.180114353776226,25.765933299832795,265854.35,673251287.0
2018-03-06,600703.SH,600703.SH,25.695720399881175,27.230999291697973,25.695720399881175,26.675470745316893,476303.01,1255810526.0
2018-03-07,600703.SH,600703.SH,26.64583019340027,27.0094578988447,26.211497100786087,26.26200094876448,233330.2,613766137.0
2018-03-08,600703.SH,600703.SH,26.26179838801671,26.51431568020918,25.655756886754787,26.19109354620282,217246.23,559637831.0
2018-03-09,600703.SH,600703.SH,26.35212640213415,27.32177152846795,26.069313240286792,27.16016400741232,410823.17,1097023016.0
2018-03-12,600703.SH,600703.SH,27.392552535236394,28.21069293175341,27.018834082506398,27.412753532681258,501231.23,1374376239.0
2018-03-13,600703.SH,600703.SH,27.37356899768022,27.737203124586674,26.787714015442045,26.979632026864895,273355.69,734632026.0
2018-03-14,600703.SH,600703.SH,26.74860582823241,27.1829676298238,26.42535983635045,26.52637420881356,253510.2,668326562.0
2018-03-15,600703.SH,600703.SH,26.363930310391638,26.889188692054613,26.20231234680303,26.666963992120273,257607.28,676017232.0
2018-03-16,600703.SH,600703.SH,26.536982427757422,26.72891340077889,25.708648754717412,25.73895364519449,244523.08,631818442.0
2018-03-19,600703.SH,600703.SH,25.5575387421856,26.4667001994175,25.537335154247113,26.163646380340197,238427.84,617200193.0
2018-03-20,600703.SH,600703.SH,26.03128529031422,26.930309112913353,25.85956163880652,26.859599374057243,277470.65,726164173.0
2018-03-21,600703.SH,600703.SH,27.263891563352978,27.395210789112,26.415367335371634,26.77902057593507,302199.47,807185614.0
2018-03-22,600703.SH,600703.SH,26.76979541703678,26.880915322541462,25.456560170163275,25.951548840138678,368794.75,948727151.0
2018-03-23,600703.SH,600703.SH,24.395184885821365,25.445743572415747,24.021428430013753,25.173002374934516,632168.39,1548907195.0
2018-03-26,600703.SH,600703.SH,24.64684666815176,25.63676100154474,24.384216334802602,25.454940001533785,346603.55,860482075.0
2018-03-27,600703.SH,600703.SH,25.939184213921454,26.060395355108003,25.312926651124283,25.69676193154836,390976.23,994241737.0
2018-03-28,600703.SH,600703.SH,25.2511081495712,25.90763696146005,24.624880667461834,24.897592635477203,384286.39,954989437.0
2018-03-29,600703.SH,600703.SH,24.817709815827264,25.060129447727896,22.41371513281266,23.413696114402764,944676.63,2165867724.0
2018-03-30,600703.SH,600703.SH,23.21234635651881,23.90932281369888,23.04062751924256,23.565885139146378,632179.32,1472876502.0
2018-04-02,600703.SH,600703.SH,23.74825515587326,24.808896070959047,23.738153813824823,24.33413299468255,641462.1,1546932686.0
2018-04-03,600703.SH,600703.SH,24.12312669283745,24.22414481131667,23.022029201413964,23.436203487178762,452373.34,1053713524.0
2018-04-04,600703.SH,600703.SH,23.53764455663023,23.56795053674606,22.264793391765245,22.487037245948024,651624.49,1463916624.0
2018-04-09,600703.SH,600703.SH,22.477908543412457,22.7809814675933,22.144528326813532,22.397089096964233,416765.77,927902970.0
2018-04-10,600703.SH,600703.SH,22.406187661278214,22.638533160020053,21.820272925320534,22.345575792041213,487623.83,1069355335.0
2018-04-11,600703.SH,600703.SH,22.577972716622174,23.487152826016356,22.577972716622174,23.062868774965736,577614.53,1321496562.0
2018-04-12,600703.SH,600703.SH,22.930535051567198,23.061855296355905,22.32444161408084,22.43555874428667,447364.72,1004060029.0
2018-04-13,600703.SH,600703.SH,22.608276553742687,22.870928560175802,22.42644054928899,22.66888855522725,272054.08,610322186.0
2018-04-16,600703.SH,600703.SH,22.4263967903806,22.86078195343752,22.0223175689323,22.779966109147864,337746.84,752878787.0
2018-04-17,600703.SH,600703.SH,23.041980142919737,23.708692413604833,21.90048792189829,22.27425086152478,612969.02,1378320664.0
2018-04-18,600703.SH,600703.SH,22.52759861805438,23.30545740441769,21.16382022637844,23.174130596330382,944832.57,2098748423.0
2018-04-19,600703.SH,600703.SH,23.153682008224788,23.68908564977623,22.598074455671398,23.34561916274323,857436.13,1965888280.0
2018-04-20,600703.SH,600703.SH,23.233285788626812,23.233285788626812,21.465535782970424,22.00091149896922,1068116.07,2363914524.0
2018-04-23,600703.SH,600703.SH,22.03031510577044,22.414153700002117,21.2626379173071,21.989911043219738,531035.09,1146872492.0
2018-04-24,600703.SH,600703.SH,21.807495919130012,22.484245445105795,21.565078178481972,22.181223269295746,580929.56,1274816348.0
2018-04-25,600703.SH,600703.SH,22.0186599255267,22.0186599255267,20.857125112941574,21.129833286331127,1129135.62,2382045839.0
2018-04-26,600703.SH,600703.SH,20.30222436678682,20.312324975924525,19.019447006298297,19.443672590081906,1494827.39,2879993063.0
2018-04-27,600703.SH,600703.SH,19.533650480703336,19.7255529414755,18.685239601500086,19.675052293903878,811711.87,1549487462.0
2018-05-02,600703.SH,600703.SH,19.684499855210053,20.25008835797648,19.219909299366204,20.229888768591966,610368.53,1201617425.0
2018-05-03,600703.SH,600703.SH,20.703857235335033,21.30982378856435,20.522067269366236,21.087636052380265,853013.08,1769953494.0
2018-05-04,600703.SH,600703.SH,21.128587733458186,21.482077489993095,20.906394172207666,20.95689270885551,545170.75,1143981195.0
2018-05-07,600703.SH,600703.SH,21.006410766495964,21.15789930567742,20.84482299136907,21.097303890004838,387189.44,806242580.0
2018-05-08,600703.SH,600703.SH,21.107464796967886,21.602328804169527,21.036769938796223,21.430641291466916,503401.97,1066569174.0000001
2018-05-09,600703.SH,600703.SH,21.461805270078088,21.56280200076081,21.098217039620295,21.269911481780916,292034.3,616320763.0
2018-05-10,600703.SH,600703.SH,21.300139023769283,21.451633611420558,20.724459590694437,21.067847322703997,530009.96,1100866492.0
2018-05-11,600703.SH,600703.SH,21.086974362051976,21.177866492922888,20.77390146682994,20.895090974657826,293160.23,607287700.0
2018-05-14,600703.SH,600703.SH,21.00686572988544,21.996612288312736,21.00686572988544,21.88551828685661,827171.4,1774627357.0
2018-05-15,600703.SH,600703.SH,21.895958788483593,21.996954908356674,21.603070040851662,21.916158012458208,393406.19,847827559.0
2018-05-16,600703.SH,600703.SH,21.774317037184865,22.602468241753122,21.643024773045997,22.168193829601478,609138.27,1341236814.0
2018-05-17,600703.SH,600703.SH,22.237907619711038,22.37929304508613,21.520881533880207,21.61177216447848,419815.63,906359387.0
2018-05-18,600703.SH,600703.SH,21.520881533880207,21.631970082389213,21.01593358611202,21.61177216447848,404401.76,853179317.0
2018-05-21,600703.SH,600703.SH,21.935254603656162,22.621993698061605,21.935254603656162,22.450308924460245,681294.89,1507229552.0
2018-05-22,600703.SH,600703.SH,22.50079025001657,22.662375817341644,22.228114605155508,22.409898368396217,393108.68,872663890.0
2018-05-23,600703.SH,600703.SH,22.420777562251107,22.471274809012936,21.622921063414243,21.885506746575746,467984.66,1021015259.0
2018-05-24,600703.SH,600703.SH,21.88493443543688,22.127314881422333,21.43047109921414,21.511264581209296,320345.29,687078816.0
2018-05-25,600703.SH,600703.SH,21.410049493644248,21.561535692891734,20.753609296905157,21.30905869414593,499070.98,1046059279.0
2018-05-28,600703.SH,600703.SH,21.298593442970635,21.318791255623996,20.93503281521011,21.147109848070418,292139.54,610608896.0
2018-05-29,600703.SH,600703.SH,21.147840933868025,21.35992529853432,20.91555805828113,21.208436466629824,295261.36,617617150.0
2018-05-30,600703.SH,600703.SH,20.50238254466687,20.94676916139856,20.007497448761114,20.84577220305045,603303.25,1218771251.0
2018-05-31,600703.SH,600703.SH,21.00642737320164,21.23870998357839,20.652953835671802,20.945831909625092,331476.3,688047963.0
2018-06-01,600703.SH,600703.SH,20.79404878180744,20.864742488205035,20.248697332454547,20.824346084549266,371510.24,753360765.0
2018-06-04,600703.SH,600703.SH,20.76435879827883,20.804756383489494,20.350283549869577,20.44117811659356,395301.77,802756685.0
2018-06-05,600703.SH,600703.SH,20.35029109050266,21.814704097015262,20.29979409027809,21.804604696970348,728163.58,1528971548.0
2018-06-06,600703.SH,600703.SH,21.713025357243072,21.97560147784229,21.581737296943462,21.713025357243072,421013.71,907682620.0
2018-06-07,600703.SH,600703.SH,21.924750966512104,22.167124998385106,21.783366114586183,21.823761786565015,463042.93,1007097362.0
2018-06-08,600703.SH,600703.SH,21.713017371540083,21.945296162026327,21.49083765890107,21.692819215845628,407418.86,875320804.0
2018-06-11,600703.SH,600703.SH,21.611617716889015,21.793397678993685,20.58153126496253,20.92489341560469,530014.08,1105457947.0
2018-06-12,600703.SH,600703.SH,20.843377309081294,21.09584069703044,20.580815385614184,20.903968522189086,348370.12,719826116.0
2018-06-13,600703.SH,600703.SH,20.803216908393328,20.863808802301268,20.480060140884305,20.671934471592785,296496.09,605483287.0
2018-06-14,600703.SH,600703.SH,20.732397483639218,20.77328978636829,19.77142836950604,19.842989899281914,574261.06,1129673567.0
2018-06-15,600703.SH,600703.SH,19.678700118808113,20.118276277306165,19.504914195680975,19.93426765281861,283965.76,550114313.0
2018-06-19,600703.SH,600703.SH,19.321702720469176,20.08843695540843,19.219471489143945,19.822635753962825,850405.75,1639951013.0
2018-06-20,600703.SH,600703.SH,19.607305411441732,19.862875085730597,19.331290163209758,19.64819655932795,289857.54,556199206.0
2018-06-21,600703.SH,600703.SH,19.6474554806099,19.892793114082657,18.717216953692365,18.80921856624465,367455.92,692347246.0
2018-06-22,600703.SH,600703.SH,18.707398809338233,19.044745345244333,18.2576034281301,18.922073877642116,350965.92,642780631.0
2018-06-25,600703.SH,600703.SH,19.116164499801165,19.146832143383737,18.298360670932666,18.390363601680374,288291.84,527292937.99999994
2018-06-26,600703.SH,600703.SH,18.064088320651877,18.86148440950917,17.910742918948547,18.657023873904738,361885.83,655615162.0
2018-06-27,600703.SH,600703.SH,18.656405067142753,18.91197225984334,18.216829495697745,18.492842063814376,271067.14,492267620.0
2018-06-28,600703.SH,600703.SH,18.400377853495304,18.707050817720226,18.31859839636866,18.400377853495304,205695.59,373208227.0
2018-06-29,600703.SH,600703.SH,18.421206085575466,19.78081785548753,18.41098344068891,19.647923471962287,439391.89,827491438.0
2018-07-02,600703.SH,600703.SH,19.47364670614196,19.63720489370011,18.97274975674513,19.105640784136128,320537.19,604405675.0
2018-07-03,600703.SH,600703.SH,19.10609068465301,19.443437390160526,18.318948371802136,19.361656370643555,414957.36,769803094.0
2018-07-04,600703.SH,600703.SH,19.34183003452002,19.372498898211116,18.605777305933632,18.65689207875213,294826.74,544798424.0
2018-07-05,600703.SH,600703.SH,18.656111771609062,19.034345270540317,18.502773866636936,18.942342527557038,344342.78,632842198.0
2018-07-06,600703.SH,600703.SH,18.717313308249633,19.984897606569106,18.584421406006463,19.33066054937196,451707.23,855923219.0
2018-07-09,600703.SH,600703.SH,19.47347891222816,20.005038441590816,19.432589717661802,19.974371545666045,409561.16,795608191.0
2018-07-10,600703.SH,600703.SH,19.852640555179534,20.067318954591876,19.75041274593556,19.934422802574712,221376.5,430757207.0
2018-07-11,600703.SH,600703.SH,19.36270815363358,19.689850002058222,19.199137229421257,19.505832712319357,284128.4,539857298.0
2018-07-12,600703.SH,600703.SH,19.45546709651584,20.620954878440592,19.45546709651584,20.25290610520119,558342.71,1104409340.0
2018-07-13,600703.SH,600703.SH,20.22212532798429,20.610619141160935,20.119890113990436,20.477713362968927,330963.75,660299539.0
2018-07-16,600703.SH,600703.SH,20.51848402837129,20.886528584934002,20.32423829018541,20.39580250951705,246246.34,494233675.0
2018-07-17,600703.SH,600703.SH,20.396570844543096,20.91798694132089,20.29433239419451,20.89753925125117,325897.23,659931312.0
2018-07-18,600703.SH,600703.SH,20.937857299794942,21.500153272201544,20.764056726505626,21.06054005741093,511908.4,1062358996.0
2018-07-19,600703.SH,600703.SH,20.968753347096232,21.33680557551918,20.590477445661538,20.92785865504924,324130.0,664588160.0
2018-07-20,600703.SH,600703.SH,20.927851063571104,20.989193079390073,20.47800961423201,20.856285378448973,305571.71,618587210.0
2018-07-23,600703.SH,600703.SH,20.846068320384415,21.30613358493434,20.590476506745567,20.63137119692778,364695.62,744650072.0
2018-07-24,600703.SH,600703.SH,20.713163230012825,21.408373052145535,20.713163230012825,21.234570596612357,456956.63,944663001.0
2018-07-25,600703.SH,600703.SH,21.25500915021384,21.316351167963376,20.87673337409171,20.978970070340935,284572.81,584971667.0
2018-07-26,600703.SH,600703.SH,20.866505192789013,21.0607548736626,20.416663826555443,20.42688749396984,277013.16,557825117.0
2018-07-27,600703.SH,600703.SH,20.518900687234897,20.518900687234897,20.222414329521985,20.24286166453667,177455.4,353122744.0
2018-07-30,600703.SH,600703.SH,20.130397938695182,20.242858262375044,19.251162680834444,19.46585966240509,384241.1,737213658.0
2018-07-31,600703.SH,600703.SH,19.486313087957754,19.66011546072548,19.281839708231022,19.35340539113538,184161.1,349835438.0
2018-08-01,600703.SH,600703.SH,19.42496506642223,19.966819355117167,19.363623071475637,19.404517734773364,309331.31,594582166.0
2018-08-02,600703.SH,600703.SH,19.31250661367946,19.31250661367946,18.688862937959794,18.780875939295484,404120.2,744843301.0
2018-08-03,600703.SH,600703.SH,18.678629762978627,18.780866379086888,18.07543372793991,18.09588105116156,375265.93,670879638.0
2018-08-06,600703.SH,600703.SH,18.11632632270389,18.371917834028718,17.85051115092607,18.054984359985934,280850.66,495806387.0
2018-08-07,600703.SH,600703.SH,18.126548686978943,18.607060693909574,17.860733534208805,18.586613374465717,293688.04,524351828.0
2018-08-08,600703.SH,600703.SH,18.423029849959192,18.58660836139057,17.850505059949363,17.891399687807205,230328.03,410339015.0
2018-08-09,600703.SH,600703.SH,17.789165522103545,19.42495085746939,17.697152596989216,18.913767940167567,484276.43,887549237.0
2018-08-10,600703.SH,600703.SH,18.923997209400603,19.22048338934259,18.7195239818544,18.96489185490984,243164.78,451879373.0
2018-08-13,600703.SH,600703.SH,18.73997609144952,18.88310738729256,18.198121900043727,18.81154173937104,380655.71,690010595.0
2018-08-14,600703.SH,600703.SH,18.811540910212173,18.811540910212173,18.42304169576214,18.555949321758206,195009.18,353941835.0
2018-08-15,600703.SH,600703.SH,18.54573311057823,18.67864078998149,17.789181704744276,17.809629040037088,376788.9,666286148.0
2018-08-16,600703.SH,600703.SH,17.5847113291213,18.147013144878088,17.21665923153504,17.390461610950776,392191.01,676237761.0
2018-08-17,600703.SH,600703.SH,17.605152946199524,17.778955269129487,17.093969643464348,17.175758971901978,263941.97,448332185.0
2018-08-20,600703.SH,600703.SH,17.053069341865374,17.339331896764794,16.71568847359106,17.318884571414838,276477.8,460141540.0
2018-08-21,600703.SH,600703.SH,17.17576079233504,17.29844479799458,16.357867421271468,16.439656758377822,870296.77,1414666512.0
2018-08-22,600703.SH,600703.SH,16.419208835448394,16.419208835448394,15.877354496545056,15.969367497490905,507405.56,799641011.0
2018-08-23,600703.SH,600703.SH,16.23518012938723,16.449877095833788,15.734220541011934,16.327193115007184,919457.93,1438844946.0
2018-08-24,600703.SH,600703.SH,16.153395217128594,16.235184560000132,15.95914552780869,15.959145527808692,488997.31,770648508.0
2018-08-27,600703.SH,600703.SH,16.020492678795353,16.899728396967912,15.989821665370728,16.685031302995544,680557.47,1100090389.0
2018-08-28,600703.SH,600703.SH,16.71570689102899,16.97129873951567,16.572575455876446,16.736154238907922,446513.24,730768020.0
2018-08-29,600703.SH,600703.SH,16.664588521331652,16.8997330219394,16.603246477694846,16.736154238907922,315352.86,516516388.0
2018-08-30,600703.SH,600703.SH,16.74636989002231,17.032632623185087,16.644133199607037,16.858830249479116,467603.55,769844829.0
2018-08-31,600703.SH,600703.SH,16.766824349107644,16.807719042642056,16.480561494366786,16.633916595120816,331637.96,539563553.0
2018-09-03,600703.SH,600703.SH,16.42944957483907,16.49079163921308,15.918265705055651,16.204528672134366,358723.11,565792455.0
2018-09-04,600703.SH,600703.SH,16.132960670570853,16.94063107169576,16.11251331864364,16.787275932241663,439399.71,713860480.0
2018-09-05,600703.SH,600703.SH,16.664597258814652,17.022426034310673,16.501018390016473,16.54191310721602,386071.88,633084054.0
2018-09-06,600703.SH,600703.SH,16.44989820347164,16.715713836343156,16.255648317911692,16.347661421597984,286320.6,461939265.0
2018-09-07,600703.SH,600703.SH,16.357885844252692,16.777056669011667,15.96938605545169,16.398780558863322,329520.72,531343785.99999994
2018-09-10,600703.SH,600703.SH,16.337445852712566,16.337445852712566,15.580893291322873,15.601340657846917,401802.37,623356685.0
2018-09-11,600703.SH,600703.SH,15.61156069874785,15.908047444172663,15.47865284735052,15.775139592775332,276248.27,423481969.0
2018-09-12,600703.SH,600703.SH,15.713794626825475,15.897820848870277,15.396860577748319,15.447978972760763,314787.75,481216588.0
2018-09-13,600703.SH,600703.SH,15.713794410722208,15.816031199341094,15.36618932941801,15.611557622103327,278861.42,425316902.0
2018-09-14,600703.SH,600703.SH,15.683120034882196,15.734238418307497,15.468422824495933,15.509317531236173,245647.46,374888681.0
2018-09-17,600703.SH,600703.SH,15.386627654040975,15.468417036919599,14.824325646750442,15.110588486825622,268395.51,398176615.0
2018-09-18,600703.SH,600703.SH,15.304833537293636,15.642214637314137,15.13103115243459,15.60131995852377,335735.39,505868147.0
2018-09-19,600703.SH,600703.SH,15.499088879594632,16.255640711448198,15.488865206191207,16.020496223169385,471086.28,732447597.0
2018-09-20,600703.SH,600703.SH,15.94892395907542,16.07160798952985,15.764897913393781,15.856910936234602,229507.74,356981363.0
2018-09-21,600703.SH,600703.SH,15.856910469854865,16.388541252854512,15.744450111912633,16.337422908335316,418460.16,660834984.0
2018-09-25,600703.SH,600703.SH,16.2556300148626,16.42943234835484,16.132946014750427,16.3271956815947,205266.48,326600337.0
2018-09-26,600703.SH,600703.SH,16.327201231630315,16.715700697379816,16.173846179360776,16.54189830480767,354356.23,571197934.0
2018-09-27,600703.SH,600703.SH,16.46010059938061,16.48054792931773,16.11249599044959,16.214732640135185,245335.87,391067271.0
2018-09-28,600703.SH,600703.SH,16.286300644283315,16.74636563423482,16.214734979179745,16.725918301348088,361673.73,587128327.0
2018-10-08,600703.SH,600703.SH,16.35786799980281,16.460104674801578,16.17384198480503,16.224960322304412,331892.53,528720024.0
2018-10-09,600703.SH,600703.SH,16.245402875558213,16.357863184954777,15.6626539995942,15.90802194736852,270086.05,421691867.0
2018-10-10,600703.SH,600703.SH,15.938691307176645,15.948914970619349,15.468402788812229,15.56041575979657,203033.48,311246781.0
2018-10-11,600703.SH,600703.SH,14.998113175848593,15.192362767083168,14.272233124393072,14.568719342593214,456239.09,657229345.0
2018-10-12,600703.SH,600703.SH,14.507372832858445,14.83452993691163,14.262005004818556,14.722069682393348,280253.92,398364363.0
2018-10-15,600703.SH,600703.SH,14.773183065743494,14.977656187760706,14.681170160835748,14.752735753541774,225513.25,327029224.0
2018-10-16,600703.SH,600703.SH,14.691393888552039,14.91631432386738,14.599380983195763,14.681170232401342,229846.07,331392393.0
2018-10-17,600703.SH,600703.SH,14.987875049841376,15.008322355502823,13.208959457295402,13.474774430894225,683533.18,913543709.0
2018-10-18,600703.SH,600703.SH,13.239628810368078,13.56678566128065,13.035155778547722,13.32141802309622,314160.54,408972345.0
2018-10-19,600703.SH,600703.SH,13.086272892187367,13.791704790281843,13.03515463870226,13.679244632614607,340009.99,450025215.0
2018-10-22,600703.SH,600703.SH,13.904158524671203,14.681155618696947,13.904158524671203,14.650484680774877,462578.01,650171355.0
2018-10-23,600703.SH,600703.SH,14.517572063897115,14.742492194464536,14.108626371956353,14.190415510344504,343188.61,485491650.0
2018-10-24,600703.SH,600703.SH,14.149519651047047,14.466452533404317,13.86325769278887,13.904152258254324,373794.64,516404357.0
2018-10-25,600703.SH,600703.SH,13.392967803660838,13.893926141355022,13.239613210489148,13.771242466817672,315344.75,416196158.0
2018-10-26,600703.SH,600703.SH,13.914366937611511,14.026826920207931,13.403185198536878,13.495197911570312,258308.55,344574657.0
2018-10-29,600703.SH,600703.SH,13.495199909379032,13.934816270063349,13.219161729414461,13.81213263452354,384857.47,516115604.0
2018-10-30,600703.SH,600703.SH,13.699678254129955,14.27220212146673,13.689454613641798,14.108623873656223,417175.13,572215606.0
2018-10-31,600703.SH,600703.SH,13.996169601952944,14.466457258410093,13.70990755019642,14.37444445605978,443666.29,612014280.0
2018-11-01,600703.SH,600703.SH,14.343766716800458,14.875395989269187,14.261977597959115,14.394884916076299,351518.73,500016767.0
2018-11-02,600703.SH,600703.SH,14.875393467347747,15.539929945270497,14.783380724250751,15.437693564051614,638984.67,948100626.0
2018-11-05,600703.SH,600703.SH,15.345681335910351,15.48881227441984,14.926512158846844,15.23322131279575,404873.24,602820073.0
2018-11-06,600703.SH,600703.SH,15.212766904877993,15.212766904877993,14.773150656954769,15.049188766115863,271635.61,397365634.0
2018-11-07,600703.SH,600703.SH,15.028737564866889,15.35589375675515,14.926501254901808,14.998066671877366,233388.77,345555135.0
2018-11-08,600703.SH,600703.SH,15.20253333023285,15.243427838182367,14.742470115800787,14.8344827586872,260890.19,379361438.0
2018-11-09,600703.SH,600703.SH,14.762915048879446,15.243425441744636,14.701573296598784,14.957163931101544,277563.45,408211654.0
2018-11-12,600703.SH,600703.SH,14.946942295314157,15.325216484730452,14.875376908127292,15.28432197776653,182538.78,270850186.0
2018-11-13,600703.SH,600703.SH,15.04917600947012,15.478568259740328,14.998057884437953,15.366108384669559,262666.47,392330743.0
2018-11-14,600703.SH,600703.SH,15.366114632999151,15.386561891326496,15.069629387252661,15.11052390390735,231903.81,344623777.0
2018-11-15,600703.SH,600703.SH,15.11052641734103,15.570589806231657,15.069631893884086,15.488800759317767,260115.49,390373303.0
2018-11-16,600703.SH,600703.SH,15.488804306371378,16.224905897169226,15.407015240727173,16.071551399086342,450446.99,701023133.0
2018-11-19,600703.SH,600703.SH,16.071557604318546,16.092004878624294,15.764848489732312,15.887532135566804,206833.91,321356501.0
2018-11-20,600703.SH,600703.SH,15.764849144839955,15.836414607883977,15.100312702288337,15.253667265954094,300746.06,455084411.0
2018-11-21,600703.SH,600703.SH,14.936732926632304,15.212771112134751,14.926509290132215,15.130982020134027,166573.37,245876746.0
2018-11-22,600703.SH,600703.SH,15.130989038597718,15.202554527293788,14.875398007540324,14.987858061205579,145674.7,214369085.0
2018-11-23,600703.SH,600703.SH,14.977636073408231,14.977636073408231,14.251757465072405,14.261981107443331,267875.54,380747304.0
2018-11-26,600703.SH,600703.SH,14.261981055844267,14.466453902523039,14.047284566831559,14.129073705503068,161516.64,224731534.0
2018-11-27,600703.SH,600703.SH,14.272199631854463,14.43577785113073,14.077950496463892,14.169963244806793,130045.34,181223896.0
2018-11-28,600703.SH,600703.SH,14.159739113074883,14.701591945560782,13.965489984447863,14.6811446688632,233130.72,330125671.0
2018-11-29,600703.SH,600703.SH,14.824279541956491,14.906068670463837,14.313097488785576,14.323321129848996,183454.22,262632976.00000003
2018-11-30,600703.SH,600703.SH,14.323318700806455,14.650475159354496,14.190411389521314,14.589133323376737,137891.69,194479648.0
2018-12-03,600703.SH,600703.SH,15.212769257725352,15.417241962802306,15.008296552648398,15.284334704502285,356505.93,532221024.0
2018-12-04,600703.SH,600703.SH,15.274112097115937,15.284335733057782,15.049192106395356,15.192323009581182,159335.07,236293286.0
2018-12-05,600703.SH,600703.SH,14.834497367354755,15.182101027237637,14.762931907967102,15.018522834351574,152292.35,223546995.0
2018-12-06,600703.SH,600703.SH,14.906066382317025,14.967408219281293,14.364213489132661,14.486897163061196,259782.49,370379771.0
2018-12-07,600703.SH,600703.SH,14.486903204362191,14.701599723269464,14.476679560604701,14.538021423149639,138529.5,197469057.0
2018-12-10,600703.SH,600703.SH,14.42555722309849,14.824279215799299,14.37443901890608,14.681148244060546,176197.78,252880794.0
2018-12-11,600703.SH,600703.SH,14.691371884899029,14.793608293283853,14.578911835675724,14.681148244060546,99586.47,143082198.0
2018-12-12,600703.SH,600703.SH,14.844727603915505,14.977634944721911,14.762938471111562,14.814056679114026,109211.26,158515463.0
2018-12-13,600703.SH,600703.SH,14.80382708587083,15.182101673009793,14.650472523517195,15.07986529810737,215125.84,315557317.0
2018-12-14,600703.SH,600703.SH,15.01852716711055,15.059421727129912,14.466450606849168,14.548239726887893,204751.19,294891254.0
2018-12-17,600703.SH,600703.SH,14.497126407389302,14.599362841856081,14.261982608115709,14.364219042582489,149690.86,210588512.0
2018-12-18,600703.SH,600703.SH,14.098398489714908,14.210858521177464,13.801912952222716,14.108622128938778,228705.69,314115639.0
2018-12-19,600703.SH,600703.SH,14.108620041864498,14.200632781267961,13.822358185942608,13.822358185942608,142852.14,195580425.0
2018-12-20,600703.SH,600703.SH,13.873473266514223,13.996156891568143,13.607658745564061,13.873473266514223,195233.35,263898842.0
2018-12-21,600703.SH,600703.SH,13.761015484314056,13.985935499659456,13.709897299008283,13.893922766109066,130806.48,177328827.0
2018-12-24,600703.SH,600703.SH,13.863249144740466,14.077945481052817,13.699670983740578,14.067721845990325,118763.56,162375743.0
2018-12-25,600703.SH,600703.SH,13.863243906376212,13.945032955971353,13.280496928010841,13.85302027517682,222115.53,296115915.0
2018-12-26,600703.SH,600703.SH,13.78145629556085,13.934810779561898,13.597430914759594,13.709890869693693,177223.25,238455703.0
2018-12-27,600703.SH,600703.SH,13.92458976100865,14.006378834494752,12.350150096401213,12.472833706630363,671023.34,853084465.0
2018-12-28,600703.SH,600703.SH,12.370594958467322,12.370594958467322,11.317560842168039,11.56292801489797,898806.77,1027825068.0
2019-01-02,600703.SH,600703.SH,11.562929417409455,11.654942118343747,11.164207713360852,11.37890401554087,424849.5,473319069.0
2019-01-03,600703.SH,600703.SH,11.358457142481688,11.470917114189428,11.010853593566857,11.2051026356075,332049.01,364977990.0
2019-01-04,600703.SH,600703.SH,10.990410812666967,11.470921797034732,10.908621708944795,11.419803607208374,334857.16,369844281.0
2019-01-07,600703.SH,600703.SH,11.501591319852723,11.777629511529188,11.409578589293902,11.665169507512852,426928.29,485482830.0
2019-01-08,600703.SH,600703.SH,11.675389591307551,11.726507759395588,11.501587819808227,11.624271423219513,314243.93,356338849.0
2019-01-09,600703.SH,600703.SH,11.706057274239061,12.339922384285195,11.562926442938323,12.012766198454932,490719.58,574516780.0
2019-01-10,600703.SH,600703.SH,11.951420053650061,12.033209070270422,11.818512901641979,11.910525545339882,225931.19,263300284.99999997
2019-01-11,600703.SH,600703.SH,11.951416919356753,12.125218534095044,11.726497182636608,11.890075172978532,237217.37,276138758.0
2019-01-14,600703.SH,600703.SH,11.910516456006954,11.910516456006954,11.562913400638513,11.593584258465139,152285.0,173822099.0
2019-01-15,600703.SH,600703.SH,11.614035021274058,11.91052007023264,11.583364154140412,11.859401958343229,223097.34,257197243.0
2019-01-16,600703.SH,600703.SH,11.552693287006766,11.552693287006766,10.673461762508905,10.673461762508905,828390.58,874302628.0
2019-01-17,600703.SH,600703.SH,9.824905871100695,10.428099883998655,9.814682243763441,10.284969101277106,1644789.45,1613946675.0
2019-01-18,600703.SH,600703.SH,10.070271449376952,10.172507707746261,9.661326415899715,9.753339048432093,1263454.92,1217633893.0
2019-01-21,600703.SH,600703.SH,9.732893882377901,10.458771472345163,9.436408669574375,10.305417051929544,1413994.4,1389256824.0
2019-01-22,600703.SH,600703.SH,10.49966308799641,11.021067973573642,10.49966308799641,10.673464716522155,1444019.61,1524320353.0
2019-01-23,600703.SH,600703.SH,10.520106818062997,10.724579253788226,10.346305247696552,10.509883196276736,600830.25,618306773.0
2019-01-24,600703.SH,600703.SH,10.479207346653217,10.693903302048064,10.295182242029062,10.489430963576782,568393.11,582969114.0
2019-01-25,600703.SH,600703.SH,10.479210917950754,10.68368332610589,10.3974219546887,10.499658158766268,610094.28,627767790.0
2019-01-28,600703.SH,600703.SH,10.581443641289138,10.612114492423311,9.88623768224792,10.10093364018712,698338.91,697589495.0
2019-01-29,600703.SH,600703.SH,10.100935550332844,10.131606407267052,9.763556124056544,9.9475812656618,508646.1,494912833.0
2019-01-30,600703.SH,600703.SH,9.957799931270259,10.244061120259548,9.876011020130463,9.968023545162735,419908.19,414533435.0
2019-01-31,600703.SH,600703.SH,9.968025069325353,10.23383907117403,9.824894452945296,10.029366762059665,380642.0,374784181.0
2019-02-01,600703.SH,600703.SH,10.080488090486993,10.765470546939962,10.029369996721845,10.714352453174817,747469.5,766137279.0
2019-02-11,600703.SH,600703.SH,10.734804492314469,11.266432905267186,10.734804492314469,11.153973048681033,883020.77,960858154.0
2019-02-12,600703.SH,600703.SH,11.16419623269734,12.125216787526597,11.11307811807876,11.951415197823433,1082345.19,1232740039.0
2019-02-13,600703.SH,600703.SH,11.818503840000814,12.46259185204238,11.757162124568282,12.196777751834748,1329465.15,1588067256.0
2019-02-14,600703.SH,600703.SH,12.247901318961008,12.329690309404821,11.971863476213139,12.176335952322672,678998.06,805476723.0
2019-02-15,600703.SH,600703.SH,12.166108641202554,12.891985711391948,12.08431967554741,12.278568468978376,909528.82,1112167586.0
2019-02-18,600703.SH,600703.SH,12.43192608831141,13.372499443677077,12.166111879186332,13.13735610483566,1207992.42,1495335373.0
2019-02-19,600703.SH,600703.SH,13.208925124436446,14.31307676022525,13.208925124436446,13.853013578646584,1440461.27,1939111776.0
2019-02-20,600703.SH,600703.SH,13.730331600536182,13.98592228557967,13.290715622261384,13.699660718330966,893512.44,1188679193.0
2019-02-21,600703.SH,600703.SH,13.59742444431357,14.313078362435336,13.35205738667182,13.699660718330966,1013264.97,1371645095.0
2019-02-22,600703.SH,600703.SH,13.566752386649558,14.251735363217396,13.495187001037992,14.159722724573955,973859.67,1330923766.0
2019-02-25,600703.SH,600703.SH,14.824258302201859,15.580806656934918,14.517549509742508,15.58080665693492,1397197.82,2063468632.0
2019-02-26,600703.SH,600703.SH,15.642146601232906,15.948855358119825,15.028729087459066,15.1616362154434,1129897.6,1707248516.0
2019-02-27,600703.SH,600703.SH,15.161637147815158,15.39678054255538,14.292628949862165,14.630008603185091,1142150.62,1655597304.0
2019-02-28,600703.SH,600703.SH,14.814029331836087,14.885594690927084,14.27217732728998,14.722016727290523,839059.92,1192859979.0
2019-03-01,600703.SH,600703.SH,14.814036089483112,14.895825108610692,14.037040407771093,14.34374922949952,1257498.11,1753193172.0
2019-03-04,600703.SH,600703.SH,14.486874628920768,14.957161314122148,14.333520275050752,14.497098252512101,1272194.03,1820013734.0
2019-03-05,600703.SH,600703.SH,14.476650735996389,15.591025686719274,14.108600293555803,15.386553218696728,1637559.34,2359296820.0
2019-03-06,600703.SH,600703.SH,15.550127197813987,15.621692543234563,14.875368226705687,15.120735125290523,1376331.25,2030596421.0
2019-03-07,600703.SH,600703.SH,15.14118106783597,15.591020343315227,14.722012652048477,14.895814190301827,1358390.24,2005546147.0
2019-03-08,600703.SH,600703.SH,14.333513358556987,16.388460708820865,14.118817366738373,15.856832538603342,2841739.6,4397602157.0
2019-03-11,600703.SH,600703.SH,16.337340627717165,16.490694888928527,15.335426121136264,16.13286827943535,1855566.3,2888569421.0
2019-03-12,600703.SH,600703.SH,16.20443177632971,17.36992403027393,16.15331369501637,16.521363880472435,2223875.37,3632936944.0
2019-03-13,600703.SH,600703.SH,16.65426879508712,16.72583409991561,15.46832945792929,15.59101283763527,1431211.85,2222276604.0
2019-03-14,600703.SH,600703.SH,15.335424800964647,15.447884582838388,14.722007808926062,15.090058004149212,912235.47,1340065551.0
2019-03-15,600703.SH,600703.SH,15.120735451887368,15.437667702738286,14.865144927007595,15.182077177858513,670592.34,997081963.0
2019-03-18,600703.SH,600703.SH,15.182076588263286,15.897730030134284,14.670895558355431,15.79549382415271,1077967.49,1619916493.0
2019-03-19,600703.SH,600703.SH,15.693261652427594,16.194219190518115,15.60124904339056,15.907957740180676,965371.33,1498019813.0
2019-03-20,600703.SH,600703.SH,15.907961925416043,16.194223451066204,15.672818529346268,16.010198184576815,751994.03,1170804345.0
2019-03-21,600703.SH,600703.SH,16.03063853247605,16.286229070302518,15.86706058826711,15.999967667936874,783572.29,1234676501.0
2019-03-22,600703.SH,600703.SH,16.020419561376972,16.204444802030952,15.417225717011151,15.672816329030567,723288.85,1112978062.0
2019-03-25,600703.SH,600703.SH,15.335429923948935,15.580796802732118,15.028721325469956,15.038944945419255,711669.91,1063758564.0
2019-03-26,600703.SH,600703.SH,15.06961218727866,15.151401127236753,14.261946405192488,14.435747902603435,886546.08,1266899252.0
2019-03-27,600703.SH,600703.SH,14.609546256841686,14.701558794498494,14.190378029738463,14.445968412118479,679594.55,956241452.0
2019-03-28,600703.SH,600703.SH,14.466409457421626,14.752670563292867,14.200595573398333,14.466409457421626,640953.29,910200405.0
2019-03-29,600703.SH,600703.SH,14.394842561901811,15.100271636313192,14.261935634838796,14.998035538572411,808613.12,1164985685.0
2019-04-01,600703.SH,600703.SH,15.151392804587339,15.713691457928974,15.110498357071583,15.642126174776404,987522.4,1494272951.0
2019-04-02,600703.SH,600703.SH,15.723913403697711,15.856820344041058,15.386534247441517,15.437652301419728,831271.3,1265235697.0
2019-04-03,600703.SH,600703.SH,15.447871753561975,15.63189669834299,15.2229523766074,15.570555050082652,705030.26,1062204335.0
2019-04-04,600703.SH,600703.SH,15.631902674633283,15.734138794153449,15.314970704120771,15.37631237583287,744308.5,1129092699.0
2019-04-08,600703.SH,600703.SH,15.458107789150507,15.509225870463837,14.619771255611923,14.74245465076391,939281.16,1373937755.0
2019-04-09,600703.SH,600703.SH,14.72200033779981,14.95714339875078,14.537975333577313,14.752671171836893,519689.17,749571905.0
2019-04-10,600703.SH,600703.SH,14.660658803004358,14.773118528829356,14.38462129416118,14.619764357249814,590977.02,842847995.0
2019-04-11,600703.SH,600703.SH,14.619764777962457,14.640212001428138,14.21082030864882,14.210820308648822,644016.79,904564602.0
2019-04-12,600703.SH,600703.SH,14.19037774440628,14.36417920092999,14.15970689913739,14.323284740571468,340357.27,474971193.0
2019-04-15,600703.SH,600703.SH,14.445970036577686,14.517535351691658,12.943098419184253,13.188465213860733,1712381.99,2271220796.0
2019-04-16,600703.SH,600703.SH,13.076006120661091,13.607634203752864,12.47281271869158,13.607634203752866,1029081.2,1320169552.0
2019-04-17,600703.SH,600703.SH,13.658754551533452,13.853003306383107,13.505400271388991,13.699649026238642,752422.18,1008486852.0
2019-04-18,600703.SH,600703.SH,13.699643020345647,13.720090248734222,13.464499893877028,13.525841579042753,539866.22,717363171.0
2019-04-19,600703.SH,600703.SH,13.525839717310946,13.628075845181776,13.249802172059702,13.44405081501428,434224.18,569424647.0
2019-04-22,600703.SH,600703.SH,13.525834740048227,13.740530529572801,13.40315143174847,13.474716694923329,649916.17,863693797.0
2019-04-23,600703.SH,600703.SH,13.914329017675781,14.374391329061094,13.720080486201983,13.801869341559371,1066953.59,1466081319.0
2019-04-24,600703.SH,600703.SH,13.801863081116192,15.018471752710878,13.45426060351771,14.65042207054778,1398333.21,1959349149.0
2019-04-25,600703.SH,600703.SH,14.721990940917943,14.97758106141999,14.384611981855238,14.415282796315486,1094208.26,1572737940.0
2019-04-26,600703.SH,600703.SH,13.965439746061058,15.008247106308662,13.88365093349262,14.476619824613806,1253615.67,1790076962.0
2019-04-29,600703.SH,600703.SH,14.711755353797216,14.7628733362635,13.086203511369309,13.83252605537709,1041460.57,1425437830.0
2019-04-30,600703.SH,600703.SH,13.607601577004784,13.863191388744168,13.229328655630495,13.3520117652654,653645.96,862937088.0
2019-05-06,600703.SH,600703.SH,12.789718141528938,13.03508443681007,12.012724873138692,12.01272487313869,987045.61,1188398277.0
2019-05-07,600703.SH,600703.SH,12.043392038752884,12.21719311231723,11.542436003185065,11.900261742876365,585827.12,681331845.0
2019-05-08,600703.SH,600703.SH,11.429972841507723,12.370543057445747,11.327736948470983,11.930928717387758,499229.61,583875423.0
2019-05-09,600703.SH,600703.SH,11.838912243127318,12.217184914108069,11.613993357679302,11.695782043296763,400596.85,467149175.0
2019-05-10,600703.SH,600703.SH,11.84913512723593,12.452326647949407,11.378850212781357,12.431879477755732,801434.92,949429243.0
2019-05-13,600703.SH,600703.SH,12.176285847170979,12.401204645355499,11.849131231629862,11.941143467250802,534143.77,631667075.0
2019-05-14,600703.SH,600703.SH,11.828682125380663,12.145613107132435,11.757117064985101,11.951365086058768,369019.32,432853061.0
2019-05-15,600703.SH,600703.SH,11.450412580591662,11.665107816477757,10.755208959627168,11.23571734470557,1994285.81,2160976080.0
2019-05-16,600703.SH,600703.SH,10.86766354344809,10.939228590300521,10.428049684211713,10.683639137256117,1307230.19,1367393494.0
2019-05-17,600703.SH,600703.SH,10.693862876268506,10.867663706953557,10.070224601457435,10.192907540764532,1306853.9,1337903745.0
2019-05-20,600703.SH,600703.SH,10.039552780970991,10.100894243991181,9.17054872151831,9.170548721518308,1701456.11,1567056339.0
2019-05-21,600703.SH,600703.SH,9.712394355720335,10.090666556943125,9.712394355720335,10.090666556943125,955271.88,922481391.0
2019-05-22,600703.SH,600703.SH,10.192902902614271,10.673410862918052,10.111114313626393,10.325809359719573,1580304.21,1612017931.0
2019-05-23,600703.SH,600703.SH,10.591617948666098,10.591617948666098,10.111110184585687,10.264463726313478,1030536.91,1042693801.0
2019-05-24,600703.SH,600703.SH,10.12132960491602,10.33602447532333,9.824846212448783,9.875964038736239,762112.93,746569278.0
2019-05-27,600703.SH,600703.SH,9.947528284332463,10.8676490917219,9.896410461699716,10.8676490917219,1537683.11,1584025609.0
2019-05-28,600703.SH,600703.SH,11.051674586320594,11.440170085192177,10.888097534164137,11.102792415119485,1853937.75,2023707752.0
2019-05-29,600703.SH,600703.SH,11.256145718489398,11.654864776637524,11.153910062553981,11.317487112050648,1368764.22,1529385455.0
2019-05-30,600703.SH,600703.SH,11.164138720380322,11.51174010911011,10.939220174731632,11.184585860893838,1076017.38,1175454637.0
2019-05-31,600703.SH,600703.SH,11.205029447572263,11.327712251742762,10.898322437146014,10.959663839231263,821697.18,892114785.0
2019-06-03,600703.SH,600703.SH,10.990334377152042,11.194805714401381,10.755192339315299,11.021005077739442,746428.28,803188590.0
2019-06-04,600703.SH,600703.SH,11.072127460484142,11.123245315795703,10.407595341433847,10.601843191617778,802613.72,839816781.0
2019-06-05,600703.SH,600703.SH,10.826764691926853,11.072130463981853,10.73475252740623,10.816541118091228,730204.47,777510692.0
2019-06-06,600703.SH,600703.SH,10.898334055386327,10.929004789125687,10.43827304929591,10.509838094687751,511136.16,530658863.99999994
2019-06-10,600703.SH,600703.SH,10.530287414841396,10.59162889492785,10.152014954308257,10.34626297458203,612888.96,620639570.0
2019-06-11,600703.SH,600703.SH,10.438271668394128,11.378840711971266,10.264470866863567,11.378840711971268,1329759.11,1430910433.0
2019-06-12,600703.SH,600703.SH,11.256162508661268,11.573093514808862,11.205044604443916,11.348174736252505,1218280.56,1358278568.0
2019-06-13,600703.SH,600703.SH,11.337948986948431,11.470855512494266,11.072135935856764,11.22548961917888,682875.3,750827548.0
2019-06-14,600703.SH,600703.SH,11.245938526557321,11.317503589908142,10.806324565973718,10.908560370760602,652696.17,702325343.0
2019-06-17,600703.SH,600703.SH,10.929002284984062,11.215262400961194,10.826766529277943,11.031238040690178,575609.92,621981644.0
2019-06-18,600703.SH,600703.SH,10.959677541420167,11.031242599992872,10.806323844478653,10.908559642439661,372811.48,397722277.0
2019-06-19,600703.SH,600703.SH,11.603763805830187,11.603763805830187,11.102808363992583,11.102808363992583,976197.87,1083109384.0
2019-06-20,600703.SH,600703.SH,11.102811732708226,11.542425825255606,11.031246647874932,11.389072072041404,845482.84,935210206.0
2019-06-21,600703.SH,600703.SH,11.42997033869641,11.900255343687498,11.409523164566362,11.767348711842189,927053.37,1060255374.0000001
2019-06-24,600703.SH,600703.SH,11.767348763910105,11.84913746079219,11.460641150602283,11.55265343459463,574166.19,650837767.0
2019-06-25,600703.SH,600703.SH,11.54242984748437,11.70600724124854,11.358405279499676,11.55265343459463,536730.74,604317201.0
2019-06-26,600703.SH,600703.SH,11.45041426625136,11.736674622907646,11.399296345419883,11.716227454575055,548972.87,622675812.0
2019-06-27,600703.SH,600703.SH,11.757117088391523,11.992259430159352,11.70599918800721,11.808234988775835,639408.39,740978874.0
2019-06-28,600703.SH,600703.SH,11.849124739605227,11.89001904414226,11.409510965832125,11.532193879443223,524428.22,592956628.0
2019-07-01,600703.SH,600703.SH,12.217170093889223,12.687454465704207,11.96158076138108,12.687454465704207,1780181.87,2161191591.0
2019-07-02,600703.SH,600703.SH,12.575000944105733,12.697683880145789,12.298964338015606,12.401200118048989,1093638.9,1333571214.0
2019-07-03,600703.SH,600703.SH,12.390981366112106,12.595453005816928,12.247851218318733,12.442099276038313,671288.92,815202775.0
2019-07-04,600703.SH,600703.SH,12.472776079595665,12.534117601298595,12.053609014625646,12.125174123279065,727601.15,868830112.0
2019-07-05,600703.SH,600703.SH,12.053605159918195,12.20695891513344,12.01271082519413,12.084275910961246,441453.03,523273118.0
2019-07-08,600703.SH,600703.SH,12.00248955294617,12.01271313859604,11.450415927853244,11.573098955651673,672541.0,770036120.0
2019-07-09,600703.SH,600703.SH,11.593545217653672,11.665110311589807,11.123260314644794,11.470862199477445,525146.91,585245864.0
2019-07-10,600703.SH,600703.SH,11.501528254470403,11.634434803188729,11.327727383069517,11.40951602843464,384123.89,430937173.0
2019-07-11,600703.SH,600703.SH,11.470859491258699,11.62421322777285,11.276611425007436,11.378847249350207,375441.49,420930345.0
2019-07-12,600703.SH,600703.SH,11.378851398316174,11.429969329126218,11.16415608891398,11.327733467506127,346305.08,383909667.0
2019-07-15,600703.SH,600703.SH,11.307289606676521,11.389078319925538,10.969911164524328,11.031252699461088,972096.26,1055730208.0000001
2019-07-16,600703.SH,600703.SH,10.949460730966022,11.1846032116497,10.857448455915886,10.969907903199385,533997.65,573740325.0
2019-07-17,600703.SH,600703.SH,10.969910462844561,11.256170940905742,10.88812175482708,11.041475582359858,731933.84,795601081.0
2019-07-18,600703.SH,600703.SH,10.939235892385067,10.949459477331223,10.458727399915817,10.581410419269668,739882.95,770144752.0
2019-07-19,600703.SH,600703.SH,10.612082256973556,10.765436046814214,10.52006998306916,10.520069983069162,413242.17,429557644.0
2019-07-22,600703.SH,600703.SH,10.601853417810961,10.642747741505508,10.192910180865507,10.21335734271278,623719.89,628473057.0
2019-07-23,600703.SH,600703.SH,10.2338038613472,11.102808185237821,10.2338038613472,10.898336579616497,1090974.07,1143229361.0
2019-07-24,600703.SH,600703.SH,10.949458787331048,11.14370688906708,10.836999360010186,10.96990595593484,755419.3,814440151.0
2019-07-25,600703.SH,600703.SH,10.990355688954361,11.757124690509317,10.990355688954361,11.654888823635323,1341467.14,1510279614.0
2019-07-26,600703.SH,600703.SH,11.61399042666969,11.900250754087606,11.511754595449005,11.726449841012444,1163845.51,1336092039.0
2019-07-29,600703.SH,600703.SH,11.757122116111855,12.125171156268399,11.613991933828753,12.053606065126848,1012549.14,1176924247.0
2019-07-30,600703.SH,600703.SH,11.920698731958343,12.074052489230535,11.706003471777274,11.767344974686152,865226.04,1002980818.0
2019-07-31,600703.SH,600703.SH,11.76734329950953,12.002485693852467,11.665107475882168,11.706001805333113,822278.27,953229122.0
2019-08-01,600703.SH,600703.SH,11.634437027879738,11.992262419774105,11.573095532126416,11.930920924020784,844166.64,979284526.0
2019-08-02,600703.SH,600703.SH,11.552650081008386,11.818463268713002,11.45041423958353,11.644662338290752,813400.89,923710226.0
2019-08-05,600703.SH,600703.SH,11.593543561063171,12.01271047993759,11.542425644127267,11.624214311224714,754819.76,867101007.0
2019-08-06,600703.SH,600703.SH,11.327725150851677,11.409513780099703,10.458720965091395,10.847216954019519,1353474.75,1439343464.0
2019-08-07,600703.SH,600703.SH,10.89833034445699,11.051683960936218,10.663188132522178,10.71430600468192,630360.08,668670362.0
2019-08-08,600703.SH,600703.SH,10.806318418550298,11.04146063579406,10.632517649283168,10.867659866526932,614659.62,651668207.0
2019-08-09,600703.SH,600703.SH,10.939228746349677,11.143700311702009,10.509838459109783,10.612074241785951,779513.79,824262991.0
2019-08-12,600703.SH,600703.SH,10.683642899390254,11.266387057538813,10.54051275528359,11.256163475816908,821996.88,876786715.0
2019-08-13,600703.SH,600703.SH,11.061912491994274,11.337949125343485,10.949453122852004,11.266384072252949,747344.0,814762207.0
2019-08-14,600703.SH,600703.SH,11.573093147930262,11.76734117779835,11.317503634945938,11.378845118062177,900927.77,1015788190.0
2019-08-15,600703.SH,600703.SH,11.031241812908872,11.552644345307717,10.888111705975858,11.511750029041142,775782.26,848693258.0
2019-08-16,600703.SH,600703.SH,11.460628989203162,12.084267141158016,11.409511107895385,11.849124887142251,1367194.99,1585060851.0
2019-08-19,600703.SH,600703.SH,12.0638226705834,12.575001597303036,11.869574678429938,12.462542233424717,1431298.16,1717904972.0
2019-08-20,600703.SH,600703.SH,12.452318122561529,12.55455390353494,12.155834357738636,12.196728670128001,917977.14,1104074185.0
2019-08-21,600703.SH,600703.SH,12.16606312829743,12.493217767041564,11.930920731700086,12.360311195051759,1095271.14,1309543351.0
2019-08-22,600703.SH,600703.SH,12.227399348289634,12.656789626406828,11.859350538474894,11.920692006777351,1754572.51,2092091713.0
2019-08-23,600703.SH,600703.SH,11.675320052227054,11.675320052227054,10.9903406796358,11.26637714321735,1794383.38,1970032375.0
2019-08-26,600703.SH,600703.SH,10.933175642581054,11.089363866046497,10.829050160270759,10.974825835505172,809125.66,851669223.0
2019-08-27,600703.SH,600703.SH,11.058127314013637,11.474629284409632,11.058127314013637,11.380916341070533,865297.31,937712423.0
2019-08-28,600703.SH,600703.SH,11.34967620035863,11.34967620035863,11.172662901820926,11.235138183657762,430712.73,465510517.0
2019-08-29,600703.SH,600703.SH,11.224723498641977,11.516274758346965,11.193485863673587,11.37049912849447,569039.61,621856235.0
2019-08-30,600703.SH,600703.SH,11.495443973764504,11.58915683224628,11.131005079668709,11.266368097475718,689450.51,754204898.0
2019-09-02,600703.SH,600703.SH,11.255957113012814,11.505858103495985,11.162244241581625,11.453795397145324,596500.25,652203276.0
2019-09-03,600703.SH,600703.SH,11.432973291941082,12.141026282698817,11.380910572032423,11.995250666954576,1115349.75,1266320543.0
2019-09-04,600703.SH,600703.SH,11.89111997864061,12.161846002672709,11.734931887852861,12.078545687585908,938886.92,1078772377.0
2019-09-05,600703.SH,600703.SH,12.088953250385181,12.536692259658706,11.984827899391338,12.141015925882103,1197437.74,1412498660.0
2019-09-06,600703.SH,600703.SH,12.203492811872955,12.463806225095501,12.016067154352722,12.28679310410417,899772.07,1057472615.9999999
2019-09-09,600703.SH,600703.SH,12.33885578674868,13.515472414514587,12.318030713690876,13.515472414514589,1879166.43,2345965448.0
2019-09-10,600703.SH,600703.SH,13.879914934297826,14.171466035693427,13.55712621489555,13.984040327653396,2583741.6,3447398879.0
2019-09-11,600703.SH,600703.SH,13.95279743134457,14.140223068482033,13.661246440241845,13.817434471189733,1461078.71,1951642557.0
2019-09-12,600703.SH,600703.SH,13.97362734233626,14.140227966387958,13.734138945261941,14.098577810375032,1270885.3,1702892240.0
2019-09-16,600703.SH,600703.SH,14.16104799567116,14.723324901381634,13.973622360434335,14.369298701489853,1874466.59,2584289866.0
2019-09-17,600703.SH,600703.SH,14.733744304547264,14.921170027149278,13.754965530958966,14.296417618475898,1894260.79,2616204359.0
2019-09-18,600703.SH,600703.SH,14.369310423575865,14.68168673713186,13.78620797160467,14.473435861427863,1763887.43,2410724990.0
2019-09-19,600703.SH,600703.SH,14.785812174983862,15.920779447570652,14.785812174983862,15.92077944757065,2486730.08,3732442143.0
2019-09-20,600703.SH,600703.SH,16.3268668458273,16.3268668458273,15.577163776376048,15.972840396364209,2285578.09,3502185441.0
2019-09-23,600703.SH,600703.SH,15.7541712373843,16.86831289131696,15.681283465631696,16.222735484365327,2214483.37,3456705374.0
2019-09-24,600703.SH,600703.SH,16.233142293840768,17.05573257043693,16.087366801785752,16.816244262060835,1965479.19,3152087978.0
2019-09-25,600703.SH,600703.SH,16.514284923634584,16.660060452594788,15.514681296478896,15.629219212090485,1890673.04,2904703448.0
2019-09-26,600703.SH,600703.SH,15.618801594567058,15.795814679305485,14.535898017343744,14.567135620532877,2055974.1,2978597555.0
2019-09-27,600703.SH,600703.SH,14.785799638550346,15.566739760304767,14.73373696376672,15.285601316473176,1686237.76,2452194239.0
2019-09-30,600703.SH,600703.SH,15.139824794818162,15.577151233182926,14.660848219466281,14.660848219466283,1024121.85,1471957222.0
2019-10-08,600703.SH,600703.SH,15.181472836303355,15.389723492494072,14.254757416254657,14.483833138064448,1253088.87,1782606268.0
2019-10-09,600703.SH,600703.SH,14.421362200896588,14.754563349220552,14.067335980802376,14.629612918599065,1011676.13,1406312550.0
2019-10-10,600703.SH,600703.SH,14.629612817285954,15.077351857245596,14.358886886147564,15.035701713993536,1270273.01,1794876459.0
2019-10-11,600703.SH,600703.SH,14.962810328085157,15.014872994501598,14.265170598104847,14.400533530787595,1314015.13,1835135108.0
2019-10-14,600703.SH,600703.SH,14.535897188754157,15.04611134509295,14.327646512697507,15.025286277487284,1521176.25,2139690046.0
2019-10-15,600703.SH,600703.SH,14.785798983556374,14.785798983556374,13.952796223919396,14.088159172360404,1268995.18,1746386113.0
2019-10-16,600703.SH,600703.SH,14.098565321594679,14.244340738509248,13.734126779308259,13.817427017545153,775945.86,1043520946.0
2019-10-17,600703.SH,600703.SH,13.859073504413026,14.108974153628587,13.640410436349407,13.786185815058486,740429.3,983636513.0
2019-10-18,600703.SH,600703.SH,13.817420079167245,13.931957849228166,13.213493655209673,13.35926899892357,1003056.72,1299717525.0
2019-10-21,600703.SH,600703.SH,13.317619396258905,13.473807270335438,13.05730627279802,13.432157170581696,620665.48,793850049.0
2019-10-22,600703.SH,600703.SH,13.452975740811167,13.682051179122194,13.411325661118255,13.619576059582823,701120.43,912528510.0
2019-10-23,600703.SH,600703.SH,13.619579627114302,13.85906764808038,13.473804310004516,13.515454400607313,661481.78,867718155.0
2019-10-24,600703.SH,600703.SH,13.463389767845051,13.77576540050967,13.317614472601562,13.744527837243208,586665.15,764761804.0
2019-10-25,600703.SH,600703.SH,13.744523973707624,15.087738816592688,13.650811310250527,14.817013344383296,1700706.62,2355280194.0
2019-10-28,600703.SH,600703.SH,14.577520433040878,16.07692253472508,14.56710791844585,15.806197155254322,1861391.88,2765964192.0
2019-10-29,600703.SH,600703.SH,15.566713758392696,15.983214460958386,15.337638371981567,15.774964109675542,1538591.56,2314700338.0
2019-10-30,600703.SH,600703.SH,15.587532207236984,15.785369957362235,15.2543317859734,15.525057128250062,1008985.59,1502641320.0
2019-10-31,600703.SH,600703.SH,15.577119181667246,16.368470156136972,15.545881643201334,15.827019489394527,1493170.07,2301113855.0
2019-11-01,600703.SH,600703.SH,15.795774585019938,16.149799855877337,15.472986838061718,16.07691230011258,1048808.22,1600349855.0
2019-11-04,600703.SH,600703.SH,16.04567494313849,16.722487967995075,15.91031233816717,16.01443741891434,1257691.24,1964717272.0
2019-11-05,600703.SH,600703.SH,15.9936086131956,16.607946444041,15.743708478614417,16.347633803852272,1181081.88,1833383361.0
2019-11-06,600703.SH,600703.SH,16.347628520195574,16.76412860988209,15.910303426024738,16.108140968625833,1126740.75,1774059235.0
2019-11-07,600703.SH,600703.SH,16.09772439113802,16.49339937617246,15.785349402952933,16.49339937617246,1042408.66,1612760643.0
2019-11-08,600703.SH,600703.SH,16.63916869871657,16.826593627738408,15.608331589096457,15.639569077266762,1407864.16,2191722479.0
2019-11-11,600703.SH,600703.SH,15.410487978637372,15.493787913657034,15.004400795416522,15.15017568170093,1077474.47,1576604745.0
2019-11-12,600703.SH,600703.SH,15.389657184602598,16.285131147982725,15.306357281032353,15.858219142185222,1701230.51,2580705185.0
2019-11-13,600703.SH,600703.SH,15.858218848689825,17.440916987232736,15.712444020139818,17.440916987232736,2486559.55,4006896415.0
2019-11-14,600703.SH,600703.SH,17.49297421680366,19.106909337996857,17.19101216187074,18.357210442990983,2650319.66,4588767911.0
2019-11-15,600703.SH,600703.SH,18.32597735386911,18.627939480722635,18.044840201281342,18.055252688414225,1569056.41,2758629730.0
2019-11-18,600703.SH,600703.SH,18.05526051376323,18.242685363387068,17.555460914766325,17.826185697556316,1317102.56,2254017031.0
2019-11-19,600703.SH,600703.SH,17.774125233852114,17.857425176365773,17.451337956611685,17.81577520510894,1349440.17,2291133531.0
2019-11-20,600703.SH,600703.SH,17.597110588124917,17.836597891986973,17.243085878067966,17.451335707513234,1295915.46,2178091047.0
2019-11-21,600703.SH,600703.SH,17.388863627790442,17.71165091668955,17.18061376398457,17.670000943928372,1243070.56,2091011338.0
2019-11-22,600703.SH,600703.SH,17.576286932999913,17.961549146578704,16.764112536806792,16.87864995165454,1624475.51,2704315032.0
2019-11-25,600703.SH,600703.SH,16.712048305622588,16.930710619901763,16.02482388931661,16.222661221283484,1151290.48,1805584332.0
2019-11-26,600703.SH,600703.SH,16.420499031921416,16.50379896359889,16.066474322292166,16.430911523381102,863834.47,1350869877.0
2019-11-27,600703.SH,600703.SH,16.222662405967828,17.472161435952515,16.139362470635515,17.08689923504057,1470104.88,2393027922.0
2019-11-28,600703.SH,600703.SH,16.81618227683225,17.066082199212424,16.680819818876326,16.857832263895617,739280.83,1197468929.0
2019-11-29,600703.SH,600703.SH,16.857827834026285,17.67000236834009,16.712052917610986,17.315977571331505,1163602.87,1931169223.0
2019-12-02,600703.SH,600703.SH,17.368034364846093,17.930308858672042,17.201434514823585,17.649171611759066,1065895.29,1806259765.0
2019-12-03,600703.SH,600703.SH,17.49298286087558,18.38845698351564,17.388857962894175,18.3259820447268,1221768.34,2108541082.0
2019-12-04,600703.SH,600703.SH,18.148973040624266,18.627947659022844,17.930310714833613,18.201035499145853,1084341.61,1899019657.0
2019-12-05,600703.SH,600703.SH,18.242678485081797,19.096502478105034,18.02401624296609,18.502990678076685,1448436.54,2589862505.0
2019-12-06,600703.SH,600703.SH,18.43009799978351,18.627935209950678,17.75328649131688,18.409273030292226,1221891.44,2141493223.0000002
2019-12-09,600703.SH,600703.SH,18.38845000532649,18.71123706657514,18.096900401618026,18.117725373311487,975000.61,1716561331.0
2019-12-10,600703.SH,600703.SH,18.107312887464758,19.929497910642638,17.80535079790957,19.929497910642638,1941237.12,3518740883.0
2019-12-11,600703.SH,600703.SH,19.658770924283534,19.887845585477518,18.84659712550487,19.127734209697486,1523408.55,2825364606.0
2019-12-12,600703.SH,600703.SH,19.1485536085956,20.200214247240595,19.065253756029655,19.221440979590795,1802550.38,3384094867.0
2019-12-13,600703.SH,600703.SH,19.606704136906753,19.835778747109597,19.05484257596355,19.51299179636923,1335312.36,2486364031.0
2019-12-16,600703.SH,600703.SH,19.596284583180115,20.783307134977424,19.57545962613104,20.42928286514314,1746077.87,3405981724.0
2019-12-17,600703.SH,600703.SH,20.616714011022907,20.741663792907897,20.137739847130455,20.637538974670406,1281473.63,2522367600.0
2019-12-18,600703.SH,600703.SH,20.46053419160855,21.241470611135593,20.127334652610344,20.418884249233773,1275482.15,2524549904.0
2019-12-19,600703.SH,600703.SH,20.30435690239717,20.543844188938266,19.57548255205471,20.137757050890322,1119006.04,2144804349.0
2019-12-20,600703.SH,600703.SH,20.106529021900293,20.283541447261406,19.679616701911733,19.73167917995912,769271.38,1470579111.0
2019-12-23,600703.SH,600703.SH,19.054858944406128,19.513008558369986,18.78413417251839,19.29434624261451,912878.26,1684719674.0
2019-12-24,600703.SH,600703.SH,19.34641746401463,20.564679489466574,18.87785514653311,20.52302950569044,1247255.73,2365011507.0
2019-12-25,600703.SH,600703.SH,20.210657578799037,21.189432340471942,20.210657578799037,20.60633248245404,1247793.5,2484228823.0
2019-12-26,600703.SH,600703.SH,20.418904742742733,20.877054568689026,20.23147981394652,20.30436728625616,793167.4,1559710296.0
2019-12-27,600703.SH,600703.SH,20.41889875639006,20.564673658271477,19.533836852110024,19.533836852110024,1086130.4,2081720032.0
2019-12-30,600703.SH,600703.SH,19.21104539665,19.91909476628263,18.75289580453477,19.367232757598376,977082.6,1813645935.0
2019-12-31,600703.SH,600703.SH,19.252699763780925,19.513012091576773,18.89867499797857,19.117337353327084,850980.14,1563292503.0
2020-01-02,600703.SH,600703.SH,19.27352332610303,20.148172682879185,19.08609846393671,19.731672989176253,1173767.95,2226076996.0
2020-01-03,600703.SH,600703.SH,19.74207711883709,20.304351467158398,19.606714775722697,20.03362678092962,963993.22,1850346894.0
2020-01-06,600703.SH,600703.SH,19.72126178990163,20.460548794697303,19.617136859648713,20.17941148301444,1043265.32,2013027319.0
2020-01-07,600703.SH,600703.SH,20.044046210250077,20.34600846484605,19.429709209520336,19.825383887956438,998843.71,1898410075.0
2020-01-08,600703.SH,600703.SH,19.57549311279427,19.700443068833383,19.07569328863782,19.158993259330558,987552.01,1837220895.0
2020-01-09,600703.SH,600703.SH,19.47136732261865,19.783742199452107,19.22146742115189,19.61714226514093,918111.0,1722311965.0
2020-01-10,600703.SH,600703.SH,19.7837505357467,20.856238064789814,19.47137552728754,20.658400559432344,1781774.6,3462959334.0
2020-01-13,600703.SH,600703.SH,20.252322769545703,21.210273255303136,20.08572268506615,20.825010559944168,1873455.5,3699486193.0
2020-01-14,600703.SH,600703.SH,20.81459805466419,21.033260665543605,20.335622811785477,20.679235486024556,1102292.48,2182818713.0
2020-01-15,600703.SH,600703.SH,20.70005198055011,22.543064656886816,20.304376942692514,21.918314597111664,1638659.66,3360847459.0
2020-01-16,600703.SH,600703.SH,21.918323738448777,22.688849133529637,21.66842361031444,21.845436201076264,1507436.4,3203751384.0
2020-01-17,600703.SH,600703.SH,22.0120392158576,22.23070185707473,21.553888919974092,21.907914148611347,883086.64,1862223018.0
2020-01-20,600703.SH,600703.SH,21.866262040164585,23.032462682306697,21.76213698283047,22.751325027504585,1037785.88,2251091907.0
2020-01-21,600703.SH,600703.SH,22.64719233803293,23.521842524881098,22.501417306891568,22.709667351379224,988377.11,2185709834.0
2020-01-22,600703.SH,600703.SH,22.522246943437395,24.76093538210547,22.28275934302174,24.250722668176465,1325962.96,2983043768.0
2020-01-23,600703.SH,600703.SH,23.688445584383068,24.708870932633413,22.865857803650645,23.49060801686514,1310833.08,2995688836.0
2020-02-03,600703.SH,600703.SH,21.13738937755964,21.13738937755964,21.13738937755964,21.13738937755964,192846.0,391477380.0
2020-02-04,600703.SH,600703.SH,20.096132967610313,22.657608983171006,20.096132967610313,22.386883875835323,1747835.16,3635133435.0
2020-02-05,600703.SH,600703.SH,22.189053589572545,23.365666942750256,21.876678363065192,22.178641082022303,1255695.4,2720472287.0
2020-02-06,600703.SH,600703.SH,21.87667500681049,22.678437965175274,21.678837393707493,22.397300304449963,1090522.34,2319980453.0
2020-02-07,600703.SH,600703.SH,22.095339606006373,23.740515693541248,21.762139385746142,23.65721563847619,1367225.1,2994107759.0
2020-02-10,600703.SH,600703.SH,23.344846392367025,23.865471869449248,23.08453365382591,23.490621525950043,943143.01,2120152282.9999998
2020-02-11,600703.SH,600703.SH,23.57393068108014,24.157031439976112,23.11578008480473,23.79259346566613,1000729.28,2274699688.0
2020-02-12,600703.SH,600703.SH,23.6363948337297,24.46939553271577,23.448969676457832,24.20908281428262,1042652.77,2399866517.0
2020-02-13,600703.SH,600703.SH,24.229913806112762,25.198277357452895,23.844650887837656,24.281976362636424,1206039.93,2839519880.0
2020-02-14,600703.SH,600703.SH,24.990028780184772,26.239530219194013,24.729715980391184,25.250341579978365,1630897.37,3984000345.0
2020-02-17,600703.SH,600703.SH,26.343648448416896,26.656023726461367,25.41693512355164,25.87508553135019,1313710.57,3272281663.0
2020-02-18,600703.SH,600703.SH,25.9271447017602,28.42614660072504,25.875082162198435,27.98882126840619,1672518.5,4319042898.0
2020-02-19,600703.SH,600703.SH,27.3849018879868,28.5302780125794,26.947576458596895,27.020464030161875,1847675.25,4909784941.0
2020-02-20,600703.SH,600703.SH,27.135000805425076,28.82182740959962,26.666437859821034,28.686464780869567,1766362.65,4706605995.0
2020-02-21,600703.SH,600703.SH,28.884300867200658,29.72771412251546,28.39491292893158,29.102963563023014,1516537.09,4236322289.0
2020-02-24,600703.SH,600703.SH,28.946774270714744,31.237526191418787,28.75934911356623,31.008450999348383,1454618.43,4239045662.9999995
2020-02-25,600703.SH,600703.SH,30.196278635168724,32.934768732082304,28.936364940390995,32.79940610371775,2188147.31,6546619864.0
2020-02-26,600703.SH,600703.SH,32.06011790264983,32.61198092598222,29.51946549334598,29.51946549334598,1994727.89,5932836501.0
2020-02-27,600703.SH,600703.SH,29.550696620687393,30.05049698636498,27.093344822772586,27.634795218923305,1838053.73,5007304610.0
2020-02-28,600703.SH,600703.SH,26.031276416833798,27.051702452373682,25.000437870727183,25.66683854699812,2205388.32,5510866656.0
2020-03-02,600703.SH,600703.SH,26.437351732248374,26.937152001310178,25.094138509144777,26.33322667619383,1842198.88,4635339451.0
2020-03-03,600703.SH,600703.SH,26.916340226772615,28.051303895909257,26.114576900868748,26.572727372813816,1689240.85,4404956787.0
2020-03-04,600703.SH,600703.SH,26.42694035400211,26.812203077839023,24.78176439815801,25.78136497892405,1454582.58,3582912764.0
2020-03-05,600703.SH,600703.SH,26.22911409383015,26.614376984450125,25.104562953642116,26.072926435470702,1398831.42,3473863768.0
2020-03-06,600703.SH,600703.SH,25.500250566495644,25.87510112606847,25.19828761572865,25.39612541105875,908066.86,2225068726.0
2020-03-09,600703.SH,600703.SH,24.448585952046308,24.448585952046308,22.865883624656597,22.907533685903694,1725504.41,3911050112.0
2020-03-10,600703.SH,600703.SH,23.282390050456975,25.094168167084664,22.95960199519572,25.02128054170309,1873970.98,4331091454.0
2020-03-11,600703.SH,600703.SH,25.19830268214155,25.28160285629739,23.82384980857019,24.00086267865135,1303762.83,3079811659.0
2020-03-12,600703.SH,600703.SH,23.43859795615928,24.75057634020018,23.219934892152462,24.29242515847161,1093130.02,2541651738.0
2020-03-13,600703.SH,600703.SH,22.907564905269094,25.614822575891807,22.865914787259513,25.292034161317556,1756275.81,4157455081.0
2020-03-16,600703.SH,600703.SH,25.510700436138304,25.61482574404091,23.230356193071245,23.740570201794014,1465825.04,3444806533.0
2020-03-17,600703.SH,600703.SH,24.563160134224592,24.72976062686876,22.59519181486535,24.334084456838863,1163336.72,2678404557.0
2020-03-18,600703.SH,600703.SH,24.573561856057363,25.46903911013403,23.865510073764185,23.980047862076315,1306446.01,3082484660.0
2020-03-19,600703.SH,600703.SH,23.84467569987867,25.22954114445678,23.84467569987867,25.01087817952339,1239663.24,2919232312.0
2020-03-20,600703.SH,600703.SH,25.406553849815495,25.406553849815495,24.209113811811896,24.750564959430914,976412.31,2325253214.0
2020-03-23,600703.SH,600703.SH,23.53231185461149,24.34448898941666,22.272396042926534,22.626421973482636,1351972.79,3020557715.0
2020-03-24,600703.SH,600703.SH,23.240768637277505,23.803045297856798,21.25197526374704,22.82426740721877,1680340.94,3622302605.0
2020-03-25,600703.SH,600703.SH,23.209534756860865,23.57397339144594,22.657670538774898,22.917983849192808,1210532.32,2686617074.0
2020-03-26,600703.SH,600703.SH,22.595184046676923,23.06374777114718,22.178682958258918,22.595184046676923,784801.56,1700440376.0
2020-03-27,600703.SH,600703.SH,22.89715588112684,23.00128119209149,21.76218999161214,21.762189991612136,821782.07,1752310763.0
2020-03-30,600703.SH,600703.SH,21.220738156387846,21.220738156387846,20.096184809533142,20.25237277437407,1177826.25,2315118390.0
2020-03-31,600703.SH,600703.SH,20.59598973865107,20.814652925967383,19.846287382137987,19.94000017670212,781943.24,1520062350.0
2020-04-01,600703.SH,600703.SH,19.960834333836598,21.085388380813306,19.85670895911653,20.34609822030084,1082456.4,2132312657.9999998
2020-04-02,600703.SH,600703.SH,20.40856990330728,22.33488900132353,20.366919760647466,22.199526037679142,1653843.23,3425016817.0
2020-04-03,600703.SH,600703.SH,22.12664223810774,22.772219564584294,21.668490587059857,22.397368213726942,1315705.47,2807441092.0
2020-04-07,600703.SH,600703.SH,23.167886868855224,23.46985033815716,22.6576727310692,22.876335932977494,1103067.93,2435717620.0
2020-04-08,600703.SH,600703.SH,22.61602660101962,23.59480491616504,22.574376459949605,23.115828293859835,904984.29,2014008749.0
2020-04-09,600703.SH,600703.SH,23.240781018137092,23.37614399001692,22.76180434840846,23.136655655152605,743362.72,1647262184.0
2020-04-10,600703.SH,600703.SH,23.022122925903794,23.115835773634746,21.50189228493502,21.699730519033697,937333.45,1995401856.0
2020-04-13,600703.SH,600703.SH,21.23115826228154,21.40817135225642,20.710531527061296,21.064557707011062,601302.3,1216651397.0
2020-04-14,600703.SH,600703.SH,21.29362565041352,22.05374040468256,21.14785021808795,22.00167775028057,689593.88,1425899351.0
2020-04-15,600703.SH,600703.SH,22.10580690674555,22.813859129853743,21.876731187504664,22.074569308667247,931989.15,2001362522.0
2020-04-16,600703.SH,600703.SH,21.866329407044237,22.345306146436638,21.470652970154866,22.02251747423741,569548.34,1200570236.0
2020-04-17,600703.SH,600703.SH,22.459842079399497,23.06376921922572,22.241178804634828,22.40777939493172,1050930.47,2287915769.0
2020-04-20,600703.SH,600703.SH,22.334880774467514,22.449418624592987,21.79342911932891,22.09539254238698,797314.62,1687384416.0
2020-04-21,600703.SH,600703.SH,21.803836884240177,21.8142494137933,20.89794681311845,21.241560288371517,843178.69,1720759300.0
2020-04-22,600703.SH,600703.SH,20.99166568132318,21.574767505804378,20.877127822942946,21.49146724516421,590007.16,1207749795.0
2020-04-23,600703.SH,600703.SH,21.470650298888067,21.48106283540547,21.002086155604864,21.147861666848524,479888.59,975675336.0
2020-04-24,600703.SH,600703.SH,21.0333133867324,21.470639704674362,20.408561503958172,20.595987068790443,636285.94,1273993727.0
2020-04-27,600703.SH,600703.SH,20.606406111833895,20.84589440924278,20.064954308996423,20.627231181173798,432304.29,853947954.0
2020-04-28,600703.SH,600703.SH,20.616816245915377,21.491469056348148,20.096189573038725,21.28321838719749,944519.36,1909245736.0
2020-04-29,600703.SH,600703.SH,21.054148740067987,21.5331254176363,21.043736203599114,21.314462151789897,500807.26,1025284341.0
2020-04-30,600703.SH,600703.SH,21.64765427921868,23.1158213082566,21.553941490131155,22.86592053735653,1377607.51,2982341975.0
2020-05-06,600703.SH,600703.SH,22.647252901995547,24.96924710757946,22.574365191506367,24.740171446042034,1527697.89,3516998700.0
2020-05-07,600703.SH,600703.SH,24.8442972589944,24.979660152693864,24.136245199643344,24.24037050248909,1034311.09,2428355822.0
2020-05-08,600703.SH,600703.SH,24.46945561059839,25.396171163510417,24.46945561059839,25.04214499722942,1154080.04,2768291446.0
2020-05-11,600703.SH,600703.SH,25.823084751759204,25.989685298544746,24.68811852678269,25.354520713924863,955164.92,2320555043.0
2020-05-12,600703.SH,600703.SH,25.094212343113842,25.34411321292078,24.21955929878954,25.167100096807534,959548.46,2289049454.0
2020-05-13,600703.SH,600703.SH,24.750587439311037,25.11502604275062,24.57357440335467,24.833887691525803,591148.38,1410109930.0
2020-05-14,600703.SH,600703.SH,24.573566181712675,25.458631065376053,24.500678485410983,25.20873039234169,988212.57,2390665815.0
2020-05-15,600703.SH,600703.SH,25.302442093438074,26.45823265820006,24.75057813008325,25.812655946351022,1314250.59,3249614176.0
2020-05-18,600703.SH,600703.SH,26.239577411418754,26.718553824484335,24.12583367549891,24.62563515000212,1490686.07,3649524597.0
2020-05-19,600703.SH,600703.SH,24.875526470496297,27.093394674018988,24.365312658418304,27.093394674018988,2181482.77,5510589693.0
2020-05-20,600703.SH,600703.SH,26.968454067133393,28.32208303575399,26.604015498658622,27.114229494523308,1949141.47,5123705222.0
2020-05-21,600703.SH,600703.SH,27.384954135196683,27.676504977700674,26.2916384758067,26.708139679383834,1216275.99,3138708479.0
2020-05-22,600703.SH,600703.SH,26.708136760762383,26.91638733979367,24.656868557304218,25.250382707543384,1374429.62,3365850088.0
2020-05-25,600703.SH,600703.SH,24.990071322031774,25.416985040449816,24.292431830958385,24.771408197963993,790805.51,1882277081.0
2020-05-26,600703.SH,600703.SH,25.031728390740945,25.489879825513242,24.92760306465633,25.427404629862473,859107.16,2081814787.0
2020-05-27,600703.SH,600703.SH,25.198329460724484,25.51070544577479,24.65687775330396,24.885953475674178,732200.63,1758746620.0
2020-05-28,600703.SH,600703.SH,24.781838270964514,24.990089012737325,23.844709932986863,24.469462158305298,804550.48,1876546638.0
2020-05-29,600703.SH,600703.SH,24.032129918005186,24.896370292006242,24.032129918005186,24.219555541282524,541499.36,1270725767.0
2020-06-01,600703.SH,600703.SH,24.573583639007616,26.395777341052675,24.573583639007616,26.114638884165718,1154638.07,2847450280.0
2020-06-02,600703.SH,600703.SH,26.229638368374957,26.647807174566662,25.811469562183248,26.20872992806537,905030.47,2270753332.0
2020-06-03,600703.SH,600703.SH,26.76279532413009,27.42141099030985,25.926457970251022,26.44916881642544,1128709.26,2878704582.0
2020-06-04,600703.SH,600703.SH,26.50143482453563,27.28550094360473,26.250533666433515,26.74188176771682,782984.78,2011361140.0
2020-06-05,600703.SH,600703.SH,26.86732617770502,27.00323094047162,25.863721775736273,26.40734082680268,862488.89,2180764733.0
2020-06-08,600703.SH,600703.SH,26.82552158710193,27.630496319060953,26.35508180868432,26.626891458436717,1027386.9,2655528125.0
2020-06-09,600703.SH,600703.SH,26.135548054944437,26.428266193159814,25.821921478285102,26.302815562496082,692535.8,1729243426.0
2020-06-10,600703.SH,600703.SH,26.062361720587962,26.177358102026574,25.257387050517654,25.64419306081118,787399.62,1929603552.0
2020-06-11,600703.SH,600703.SH,25.633737845463116,26.13554021764184,25.236477634154962,25.48737882024432,762773.91,1872513457.0
2020-06-12,600703.SH,600703.SH,24.41060298072388,25.058764601625327,24.285152344420375,24.86013442747811,755717.68,1793163933.0
2020-06-15,600703.SH,600703.SH,23.731087558939848,24.25379873865218,23.271101720793,23.469731969083682,1261556.23,2856717241.0
2020-06-16,600703.SH,600703.SH,23.804278604918675,23.98200049173625,23.41747214537454,23.626556718101103,889947.35,2011285144.0
2020-06-17,600703.SH,600703.SH,24.096993231749387,24.191081274736693,23.678824151805795,24.023813642759258,789081.08,1806173102.0
2020-06-18,600703.SH,600703.SH,23.940178644035928,24.703337177230086,23.752002567357916,24.546523779998413,779070.83,1820021096.0
2020-06-19,600703.SH,600703.SH,24.67196364620991,25.550118284464837,24.567421427370036,25.194674740409273,961772.87,2302937317.0
2020-06-22,600703.SH,600703.SH,25.727833390169696,26.219181691404142,25.152851335533637,25.8219213627465,1030826.95,2531574383.0
2020-06-23,600703.SH,600703.SH,25.821926586834635,25.821926586834635,25.13194798168035,25.320123964904248,719024.94,1743110546.0
2020-06-24,600703.SH,600703.SH,25.539656575351266,25.769649389374074,25.142396260220956,25.299209542509235,704894.59,1714676213.0
2020-06-29,600703.SH,600703.SH,25.309668280911268,25.46648159120192,24.452422184655703,24.588327053574268,730882.08,1734344273.0
2020-06-30,600703.SH,600703.SH,24.933312346883085,26.292360818620942,24.74513640464246,26.135547533420425,1223650.17,3006358412.0
2020-07-01,600703.SH,600703.SH,26.313269256647683,26.396903008754627,25.142396727150448,25.83237518203275,1182096.5,2926839440.0
2020-07-02,600703.SH,600703.SH,25.821916719305346,26.658254102926573,25.403748027494736,26.271448063001756,1200350.21,3007991212.0
2020-07-03,600703.SH,600703.SH,26.32372015952585,26.57462138423936,25.821917710098827,26.428262336489812,1163827.63,2917976222.0
2020-07-06,600703.SH,600703.SH,26.752345276129226,28.832734768098636,26.679165746260956,28.592287741388603,1727857.12,4606360830.0
2020-07-07,600703.SH,600703.SH,28.832734768098636,30.285871146911436,28.540016648625553,28.592287741388603,1798708.33,5065969355.0
2020-07-08,600703.SH,600703.SH,28.54000397543877,29.731784361226325,27.860480071261655,29.428612157824222,1555320.92,4276033669.0
2020-07-09,600703.SH,600703.SH,29.34496706892643,30.30675437578116,28.999978143641577,29.794498092782447,1573289.98,4469414508.0
2020-07-10,600703.SH,600703.SH,29.35543010201837,30.14995028996474,28.86408209105154,29.564514362004257,1444889.35,4086498411.0
2020-07-13,600703.SH,600703.SH,29.564510062428457,31.467176551594648,29.17770423770786,31.341726013847424,1671223.61,4853970847.0
2020-07-14,600703.SH,600703.SH,30.839924287066562,31.665807005262582,29.146342004183584,30.40084739891172,1722670.82,5017271725.0
2020-07-15,600703.SH,600703.SH,30.181319970564267,30.3276789867014,27.70367091167139,28.184564821836258,1558995.29,4300515273.0
2020-07-16,600703.SH,600703.SH,28.017288065849392,28.289097576935987,25.717361433578173,25.926445672875555,1382471.53,3583976336.0
2020-07-17,600703.SH,600703.SH,26.093713064313462,26.585061026662313,25.61281931392948,26.2505262437865,891661.43,2230907159.0
2020-07-20,600703.SH,600703.SH,26.637330898051847,27.285492010955778,26.01007820814482,27.18094989597127,781225.03,1995871171.0
2020-07-21,600703.SH,600703.SH,27.285496062253767,28.498184776131712,27.02414073598697,28.163649958510213,1156499.75,3078518903.0
2020-07-22,600703.SH,600703.SH,28.100937289189297,28.498197563366826,27.66186014404572,27.818673410168422,876546.6,2353174365.0
2020-07-23,600703.SH,600703.SH,27.400507943918875,27.735042951246385,26.344631827041418,27.201877783318167,831945.81,2155402360.0
2020-07-24,600703.SH,600703.SH,26.898714580037822,27.243703923660537,25.090134081652067,25.393306535138695,971745.91,2422139581.0
2020-07-27,600703.SH,600703.SH,25.529219286455533,25.895117187776556,25.0901418048703,25.403768577431176,532917.15,1298771043.0
2020-07-28,600703.SH,600703.SH,25.82193476993679,26.10419883422355,25.278315090569702,25.686029850095018,466381.87,1144919754.0
2020-07-29,600703.SH,600703.SH,25.727845342830975,27.28552472360376,25.518760862190334,27.170528259251405,929859.4,2356461238.0
2020-07-30,600703.SH,600703.SH,27.609611885467785,28.44594999634905,27.233259735571217,27.578249206309735,1119609.66,2985915186.0
2020-07-31,600703.SH,600703.SH,27.37961345750857,28.383218990888032,27.36915923320253,28.163680280461275,1117335.72,2993474740.0
2020-08-03,600703.SH,600703.SH,28.41458853881036,28.9059372000775,28.12187018741717,28.257775136278298,1074479.69,2916476587.0
2020-08-04,600703.SH,600703.SH,28.205497186765623,28.205497186765623,27.09734940996905,27.170528980134858,920668.69,2421424081.0
2020-08-05,600703.SH,600703.SH,28.12186172851494,28.979108071168557,27.45279141229749,28.979108071168554,1497733.34,4052791761.0
2020-08-06,600703.SH,600703.SH,28.571400841359498,28.93729876651412,28.17414023690591,28.696851558555373,958688.94,2620720153.0
2020-08-07,600703.SH,600703.SH,28.299596690505357,28.48777280444296,27.36917034936942,27.85006486276552,836888.4,2236538852.0
2020-08-10,600703.SH,600703.SH,27.181002727666492,29.79456068224981,27.14964003221149,29.177761004968144,1140570.23,3131388483.0
2020-08-11,600703.SH,600703.SH,29.062758819014032,29.52274492981857,27.808251244092563,27.870976622838636,917297.37,2519398778.0
2020-08-12,600703.SH,600703.SH,27.839617985753318,29.79455924123055,26.773286391856647,29.303210369533065,1179681.49,3182625649.0
2020-08-13,600703.SH,600703.SH,29.261400672359752,30.505454505875587,28.749143211500297,29.794566601009397,1583826.06,4516788394.0
2020-08-14,600703.SH,600703.SH,29.418218319824344,29.98274702958643,29.073228552747512,29.721391145437316,794918.49,2244920036.0
2020-08-17,600703.SH,600703.SH,29.79456218792303,31.33133434287906,29.355484429364164,30.839985422586995,1259991.93,3674167005.0
2020-08-18,600703.SH,600703.SH,30.73543347089269,31.00724342675773,29.982728977727973,30.035000123086633,999833.94,2905524376.0
2020-08-19,600703.SH,600703.SH,29.480935361594852,29.857287727913082,28.205519009071956,28.456420586617444,1204601.52,3322084004.0
2020-08-20,600703.SH,600703.SH,28.121898973560747,28.822332888515607,27.93372269790123,28.498251524879777,535663.59,1459456008.0
2020-08-21,600703.SH,600703.SH,28.717780198099458,28.864139471042083,27.463272144305524,27.76644492397239,775174.45,2084901878.0
2020-08-24,600703.SH,600703.SH,27.891888456798227,28.571413475423373,27.6096242182924,28.22642385058292,556674.51,1504880947.0
2020-08-25,600703.SH,600703.SH,28.40413308394074,28.885027497581248,27.923238670300226,28.06959783966908,573200.96,1559084814.0
2020-08-26,600703.SH,600703.SH,28.059138943757205,28.425036806287572,27.63051573336449,27.954596697319957,529831.0,1418897875.0
2020-08-27,600703.SH,600703.SH,27.975514379243798,28.895486451505924,27.787338273553814,28.44595464346875,549422.32,1493062580.0
2020-08-28,600703.SH,600703.SH,28.226418558571975,28.37277776591272,27.703707103783604,28.36232353681695,480066.52,1287879055.0
2020-08-31,600703.SH,600703.SH,28.435514634130268,28.989589000162955,28.372789234202042,28.37278923420204,540141.05,1481831327.0
2020-09-01,600703.SH,600703.SH,28.0068914655117,28.1427965006187,27.54690519284186,27.98598299857216,467543.99,1244448016.0
2020-09-02,600703.SH,600703.SH,27.944165742384364,28.10097924262221,27.076464374401606,27.191460941242696,704733.4,1850097955.0
2020-09-03,600703.SH,600703.SH,27.181014923681417,27.20192339669963,26.3969471854983,26.80466240935352,577143.7,1475589725.0
2020-09-04,600703.SH,600703.SH,27.411002704054194,29.11504291792179,27.411002704054194,28.958229401308206,1465361.77,3983682220.0
2020-09-07,600703.SH,600703.SH,29.79456238575324,30.82953139494256,28.92686109522078,29.146399975957905,1745439.92,5006242200.0
2020-09-08,600703.SH,600703.SH,28.80140569800249,30.306814925048716,28.717771852055478,29.271846081454434,1167230.6,3299866180.0
2020-09-09,600703.SH,600703.SH,28.38324966977276,28.602788617494756,26.97192786298848,26.97192786298848,1154481.67,3035607813.0
2020-09-10,600703.SH,600703.SH,27.26464389386677,27.41100317857311,26.4596678279819,26.65829828579765,535988.69,1381352938.0
2020-09-11,600703.SH,600703.SH,26.55375593957883,27.275098128488654,26.4596678279819,27.1914642515136,472255.54,1215444677.0
2020-09-14,600703.SH,600703.SH,27.578261661399516,28.3832374566716,27.19145511042462,28.2055155278453,693897.02,1850761258.0
2020-09-15,600703.SH,600703.SH,27.90234426366793,27.96506965354504,27.254181901604454,27.58871731428238,472988.39,1247501261.0
2020-09-16,600703.SH,600703.SH,27.609629562006607,28.278700479071517,27.421453366582103,27.609629562006607,477960.61,1271836137.0
2020-09-17,600703.SH,600703.SH,27.160101224274808,27.766446825124667,26.762840313373175,27.201918162264455,513620.0,1336198190.0
2020-09-18,600703.SH,600703.SH,27.128747281319608,27.494645606886543,26.90920828597945,27.45282865539318,465837.02,1213846191.0
2020-09-21,600703.SH,600703.SH,27.599185680400417,27.808270420403453,27.003294171391772,27.28555857039587,513042.73,1344521142.0
2020-09-22,600703.SH,600703.SH,26.919666587151468,27.139205615629212,26.658310600868447,26.752398755930336,416019.68,1068232345.0
2020-09-23,600703.SH,600703.SH,26.773307234832977,27.118297136726568,26.553768206355233,26.752398755930336,386790.94,990920203.0
2020-09-24,600703.SH,600703.SH,26.34469219888996,26.58513978641951,25.612895193365237,25.68607489391771,550469.03,1367541969.0
2020-09-25,600703.SH,600703.SH,25.90561418676047,25.92652267278691,25.12154596076893,25.49789870924487,399826.64,972026077.0
2020-09-28,600703.SH,600703.SH,25.403808455935522,25.926520564082345,25.361991487283778,25.706981478660676,248687.33,610721733.0
2020-09-29,600703.SH,600703.SH,25.76969781248379,26.187867351023083,25.706972381702897,25.790606289410757,264225.67,655567478.0
2020-09-30,600703.SH,600703.SH,25.863796799636226,25.95788498524525,25.435172842972893,25.53971527142737,223747.19,549595570.0
2020-10-09,600703.SH,600703.SH,26.05196629247925,26.65831221742459,26.05196629247925,26.647857977339328,441917.16,1114815182.0
2020-10-12,600703.SH,600703.SH,26.909223375520746,27.47375253724496,26.741955475750608,27.27512190626792,652753.09,1693548414.0
2020-10-13,600703.SH,600703.SH,27.170589631550804,27.170589631550804,26.606060258675182,26.97195892627975,521678.94,1341808500.0
2020-10-14,600703.SH,600703.SH,26.721049700086585,26.77332092406954,25.926527095545673,26.083340767494537,631401.33,1584146771.0
2020-10-15,600703.SH,600703.SH,25.874262547772584,26.083347497653573,25.581543617939197,25.72790308285589,486089.12,1198736090.0
2020-10-16,600703.SH,600703.SH,25.727900107872735,25.97880201871749,25.529269428453972,25.947439279861896,353016.99,871232788.0
2020-10-19,600703.SH,600703.SH,26.11469535697925,26.187875047731396,25.246993309489547,25.26790179256159,448326.46,1101010544.0
2020-10-20,600703.SH,600703.SH,25.152912510615316,25.17382099981782,24.274755964110042,24.922919129387747,644224.71,1518444969.0
2020-10-21,600703.SH,600703.SH,24.860190566347555,24.860190566347555,24.10748504877942,24.18066475187632,502064.53,1169765760.0
2020-10-22,600703.SH,600703.SH,23.971580290600155,24.724285820876304,23.42795962984516,24.149302429693137,543434.6,1253017889.0
2020-10-23,600703.SH,600703.SH,24.15974467224431,24.431554867604916,23.84611752375131,23.99247685971471,312750.62,721581311.0
2020-10-26,600703.SH,600703.SH,23.83566261360433,24.33746603704863,23.584760901882177,24.107472801303324,255191.62,587758067.0
2020-10-27,600703.SH,600703.SH,23.94020005997207,24.04474241831256,23.54293909827821,23.74156957912514,339600.43,771676246.0
2020-10-28,600703.SH,600703.SH,23.637020157087846,23.940192905674994,22.675230747776887,23.438389735599714,595939.56,1325041337.0
2020-10-29,600703.SH,600703.SH,22.98885061998527,22.999304849462302,22.413867998748717,22.852945636783904,701346.27,1529121680.0
2020-10-30,600703.SH,600703.SH,23.197937672284592,23.898371121605486,23.12475805817644,23.23975459463211,743473.37,1668302729.0
2020-11-02,600703.SH,600703.SH,23.333841012768595,23.79382712592353,23.093393726346697,23.69973905732366,574597.2,1293486128.0
2020-11-03,600703.SH,600703.SH,24.002913719606088,24.776526792450536,23.898371412464947,24.25381525674483,786568.05,1832562196.0
2020-11-04,600703.SH,600703.SH,24.3479050350786,24.452447349527198,23.75201384272159,23.929735777284208,596331.47,1374294323.0
2020-11-05,600703.SH,600703.SH,24.316550777736328,24.452455833673806,23.929744080068122,24.285188072519986,478897.65,1108850223.0
2020-11-06,600703.SH,600703.SH,24.306104365902176,24.975175625866793,24.117928074037128,24.912450195245107,728771.66,1719338739.0
2020-11-09,600703.SH,600703.SH,25.142451991486308,26.58513738642398,25.142451991486308,26.31332709462413,1246478.5,3103169477.0
2020-11-10,600703.SH,600703.SH,26.0205968781153,26.48058332352995,25.769695180616395,26.08332230249002,710834.84,1773404942.0
2020-11-11,600703.SH,600703.SH,26.13558523499522,26.2401275759352,25.03789065512542,25.487422721167334,722172.4,1759084749.0
2020-11-12,600703.SH,600703.SH,25.508320969572498,26.010124005039497,25.414232900422437,25.93694439570056,456290.66,1125006950.0
2020-11-13,600703.SH,600703.SH,26.01011896236327,27.06599597811837,25.717400581757897,26.961453699330733,1070551.35,2723500335.0
2020-11-16,600703.SH,600703.SH,26.762834337659683,27.431905196101173,26.449207372765233,26.606020855212456,812042.16,2090757401.0
2020-11-17,600703.SH,600703.SH,26.449219372310722,27.557368484352196,25.780148210323414,27.536460010540097,1131522.8,2913364907.0
2020-11-18,600703.SH,600703.SH,27.494634771041188,29.08367830153482,27.201916225950253,28.425061575080225,1797428.73,4847106532.0
2020-11-19,600703.SH,600703.SH,28.174147362974534,29.376383706849143,28.027788155894147,28.163693133897365,1286259.36,3535108875.0
2020-11-20,600703.SH,600703.SH,28.174153524111276,28.686410860913302,27.609625030492722,28.205516218201197,872818.09,2343837057.0
2020-11-23,600703.SH,600703.SH,28.0696168285012,29.115040174069215,27.965074493944396,28.623691201652246,831715.6,2280540694.0
2020-11-24,600703.SH,600703.SH,28.623686263379643,29.700472123543307,28.623686263379643,29.44957056389352,1042468.87,2920039778.0
2020-11-25,600703.SH,600703.SH,29.585471145459703,29.846826897628073,28.75958696860765,29.324115393291333,932287.19,2618647433.0
2020-11-26,600703.SH,600703.SH,29.041844709667433,29.627281464073977,28.090509983756803,28.85366861003676,941720.69,2596579903.0
2020-11-27,600703.SH,600703.SH,28.90595045091538,30.05591592997531,28.90595045091538,29.365936642539353,791179.23,2227096411.0
2020-11-30,600703.SH,600703.SH,29.439110825646676,29.480927744433107,27.97551866812163,28.069606735391098,1109006.96,3032509182.0
2020-12-01,600703.SH,600703.SH,28.006892867542977,30.819081811689696,27.860533591639427,30.65181406779993,1744997.67,4984640808.0
2020-12-02,600703.SH,600703.SH,30.63090791626302,31.111802716313566,30.1918300553473,30.965443429341658,1217083.17,3576310668.0
2020-12-03,600703.SH,600703.SH,30.777262525515557,31.686780813463876,30.191825466606293,30.26500509896995,891629.38,2630476563.0
2020-12-04,600703.SH,600703.SH,30.09775121841468,30.52637497664844,29.230049463941455,30.327744454540117,709489.22,2028129629.0
2020-12-07,600703.SH,600703.SH,30.39048453550207,30.840016986491605,29.690050251402088,29.87822662623492,600376.18,1732419833.0
2020-12-08,600703.SH,600703.SH,29.71095873749463,30.097765730206554,29.3555144739215,29.87822662623492,471355.32,1340107065.0
2020-12-09,600703.SH,600703.SH,29.710957011914008,29.83640792118317,28.080095191414856,28.080095191414852,936666.72,2575899654.0
2020-12-10,600703.SH,600703.SH,28.205553299028143,28.895533476098514,27.902380190921466,28.592360367991837,593943.8,1618788404.0
2020-12-11,600703.SH,600703.SH,28.7491714319875,28.989619047600485,28.184642247504836,28.759625676144587,752190.35,2058949284.0
2020-12-14,600703.SH,600703.SH,28.74917581583906,28.90598950210727,27.891927664239496,28.38327721454656,580860.12,1571406332.0
2020-12-15,600703.SH,600703.SH,28.3309936224077,29.09415322921056,27.965095180789884,28.268268175273214,466625.91,1272310892.0
2020-12-16,600703.SH,600703.SH,28.1532769411689,28.163731184370228,27.45284264668011,27.80828691552517,429612.38,1142111491.0
2020-12-17,600703.SH,600703.SH,27.95465205463014,28.540089793994124,27.285580352499878,28.540089793994127,483215.11,1291863709.0
2020-12-18,600703.SH,600703.SH,28.73871572807751,28.73871572807751,26.971948555271002,27.327392838557518,1111522.48,2915334272.0
2020-12-21,600703.SH,600703.SH,26.85695784359572,28.508728703575525,26.78377812195104,28.22646406294606,772095.61,2067370519.0
2020-12-22,600703.SH,600703.SH,28.01738131500964,28.048744055287635,26.919685405279786,26.982410885835776,613500.25,1615456348.0
2020-12-23,600703.SH,600703.SH,27.024218957240343,27.70374477241273,26.38651011530933,27.505114149516185,605114.91,1570089814.0
2020-12-24,600703.SH,600703.SH,27.49465560916808,27.808282859462775,26.877855350255185,27.02421473372604,385137.64,1003427284.0
2020-12-25,600703.SH,600703.SH,26.97194863708317,28.414634261857387,26.72104678929635,28.132369683097217,651564.22,1736973731.0
2020-12-28,600703.SH,600703.SH,28.20554834405173,28.832802940287127,27.808287099769313,27.94419226228698,538053.0,1452973942.0
2020-12-29,600703.SH,600703.SH,27.797836702806755,28.43554563055072,27.05558532789164,27.27512446695104,603401.41,1601505573.0
2020-12-30,600703.SH,600703.SH,26.97194448731232,28.43553837422074,26.91967327706559,28.226453533233826,718168.17,1920179385.0
2020-12-31,600703.SH,600703.SH,28.226443082862282,28.59234141912161,27.78736507935109,28.23689732104112,706271.31,1902813609.0
2021-01-04,600703.SH,600703.SH,28.508718773862633,29.324149673885106,28.017369385387553,29.115064827725497,1008661.39,2771793214.0
2021-01-05,600703.SH,600703.SH,28.853719223582775,32.03181003661508,28.759631008723268,31.885450591278065,1826545.14,5341181872.0
2021-01-06,600703.SH,600703.SH,32.31405836095387,32.70086527113028,30.892281610035162,31.049095222268843,1391544.84,4224678525.9999995
2021-01-07,600703.SH,600703.SH,31.132715958665663,32.40813279780509,30.170926211117898,32.32449890671398,1433530.96,4272732490.0
2021-01-08,600703.SH,600703.SH,32.09451948415779,33.160852053338274,31.477719272573,33.119035089841006,1220854.53,3759852502.0
2021-01-11,600703.SH,600703.SH,34.18535705441184,36.06711982804918,33.55810279653272,34.50943842098271,1830052.18,6107878187.0
2021-01-12,600703.SH,600703.SH,34.28988642981528,37.739783540132066,34.16443562580376,37.499336165776654,1623666.33,5605753983.0
2021-01-13,600703.SH,600703.SH,36.746648922572305,38.09524571091137,36.286662421123324,36.60028958120217,1420658.96,5020829970.0
2021-01-14,600703.SH,600703.SH,36.61075372069001,38.042984805708436,35.648963503013405,36.06713316287279,1449466.16,5137814453.0
2021-01-15,600703.SH,600703.SH,36.07757391842901,36.600285797861474,34.37353319147916,34.95897049644353,1326978.41,4478627076.0
2021-01-18,600703.SH,600703.SH,34.812627744790404,37.42618838629118,34.8021735022244,36.537577768180924,1193306.73,4135787539.0
2021-01-19,600703.SH,600703.SH,36.21348049405631,36.48529068252209,33.74628032182846,34.36308036488541,1398517.37,4681413914.0
2021-01-20,600703.SH,600703.SH,34.60352758930206,35.2307818658453,34.133086881894634,34.72897844461071,839376.49,2784594467.0
2021-01-21,600703.SH,600703.SH,35.021694341032166,36.00439263000441,34.666250279063476,35.20987060913323,913439.79,3088376007.0
2021-01-22,600703.SH,600703.SH,35.38760830930113,36.56893762656878,33.97628567362738,36.45394096736574,1247083.06,4221978141.0
2021-01-25,600703.SH,600703.SH,35.45031703670013,35.52349669439901,34.07035777723555,34.39443911847344,1492126.8,4955374501.0
2021-01-26,600703.SH,600703.SH,34.289899639305986,34.40489625395,31.885424969476606,32.261777526493375,1407626.37,4420790623.0
2021-01-27,600703.SH,600703.SH,32.40813783439099,32.826307354834746,31.62406998355895,32.49177173847974,755047.03,2333062242.0
2021-01-28,600703.SH,600703.SH,31.78089297028345,32.46041864234543,31.007279128243656,31.331360602611674,745345.42,2251378874.0
2021-01-29,600703.SH,600703.SH,31.72861147466641,31.82269961413,30.212747005530776,30.91318093264862,746369.72,2209349825.0
2021-02-01,600703.SH,600703.SH,30.996801136963583,32.460393770749384,30.735445309501834,32.3872141390601,839735.71,2552466031.0
2021-02-02,600703.SH,600703.SH,32.387213781422794,32.57538997511731,31.571783608746557,32.18858335474525,566751.8,1733183019.0
2021-02-03,600703.SH,600703.SH,32.05266505595898,32.08402774192372,30.432259614447684,30.45316807175751,763164.1,2275482394.0
2021-02-04,600703.SH,600703.SH,30.10817672198951,30.39044087875816,28.686401710117785,29.65864491676536,1094584.57,3076497678.0
2021-02-05,600703.SH,600703.SH,29.6168164962088,29.836355199498737,27.985957557483573,28.006866005415947,895770.13,2467103103.0
2021-02-08,600703.SH,600703.SH,28.634129836052423,29.282291957204396,28.18459804235025,28.947756668867893,590708.95,1627299720.0
2021-02-09,600703.SH,600703.SH,29.27183193735684,30.014081961482674,28.67594107291779,29.480916451195103,696904.67,1958935429.0
2021-02-10,600703.SH,600703.SH,29.449552314672452,29.8468128712779,28.73866500285217,29.53318611606307,606577.09,1705644743.0
2021-02-18,600703.SH,600703.SH,30.264985987529293,31.341771326636554,29.710911978085754,30.798151543786286,895505.25,2636272567.0
2021-02-19,600703.SH,600703.SH,30.526331208077814,31.91674286926766,30.024528503287495,31.655387293856034,808541.8,2406305364.0
2021-02-22,600703.SH,600703.SH,31.488134103729454,31.55085947046995,29.74227806278562,29.76318651836579,880442.21,2591489341.0
2021-02-23,600703.SH,600703.SH,29.27182645425774,29.888625654543887,28.749115267574567,29.313643349192393,583751.51,1639548626.0
2021-02-24,600703.SH,600703.SH,29.439098592567955,31.41494718418562,29.271830986928364,30.51588380387282,1024890.47,2996976798.0
2021-02-25,600703.SH,600703.SH,30.630875311628657,30.913139350336497,29.30318890733622,30.662237982596192,724777.17,2087975890.0
2021-02-26,600703.SH,600703.SH,29.79454273321675,31.624032199291463,29.62727512488992,31.29995120815823,942244.85,2801823829.0
2021-03-01,600703.SH,600703.SH,31.529939115111922,32.617178394943366,30.881777236750867,32.60672417109883,992934.33,3029010894.0
2021-03-02,600703.SH,600703.SH,32.794897150323706,33.75668565457291,32.251277560965455,33.61032653436108,1127772.05,3576043882.0
2021-03-03,600703.SH,600703.SH,33.24444168891999,33.54761427035983,32.282652809869475,33.265350142812395,818702.4,2575238841.0
2021-03-04,600703.SH,600703.SH,32.77398529164885,33.85077013536172,30.9235880359481,31.331302685509282,1053835.04,3250135175.0
2021-03-05,600703.SH,600703.SH,30.055898830462805,31.33131436344244,29.899085445260393,30.432250954948596,589334.62,1731089160.0
2021-03-08,600703.SH,600703.SH,30.78768381368133,31.57175046428442,29.71089894685309,29.940891831029994,614792.85,1804226825.0
2021-03-09,600703.SH,600703.SH,29.669077826678453,29.940887560115254,28.04867364657445,28.142761631225653,806170.64,2216253914.0
2021-03-10,600703.SH,600703.SH,28.7281844534843,28.790909747050858,27.703671325230495,28.153202595790837,439117.02,1185969600.0
2021-03-11,600703.SH,600703.SH,28.22638269384756,29.595884965289795,27.57822131347032,29.06271995885045,667211.35,1831284946.0
2021-03-12,600703.SH,600703.SH,29.010453160193357,29.104541116388578,28.18456998914641,28.341383249471782,451814.33,1232764450.0
2021-03-15,600703.SH,600703.SH,27.808229346506163,28.770017729919154,27.60959913688826,27.661870244682447,460165.99,1236682436.0
2021-03-16,600703.SH,600703.SH,27.80823464887329,28.05913601412628,24.891506277807256,24.891506277807256,1407932.44,3437274417.0
2021-03-17,600703.SH,600703.SH,24.274695547303587,25.60238130721209,24.26424132872163,25.5292017771384,1019825.85,2440557533.0
2021-03-18,600703.SH,600703.SH,25.508280814434865,25.508280814434865,24.75557744614007,25.07965806304477,553412.18,1325515891.0
2021-03-19,600703.SH,600703.SH,24.755585483386497,24.870581868655606,23.793797533863035,24.11787825598507,685961.13,1594068940.0
2021-03-22,600703.SH,600703.SH,24.264246409616653,25.414210694432604,24.191066864219273,25.372393811348392,766536.7,1828999390.0
2021-03-23,600703.SH,600703.SH,25.372387476064844,25.780101984332884,24.891493440671773,25.456021221350596,593094.76,1438155423.0
2021-03-24,600703.SH,600703.SH,25.142384191615502,25.18420104681985,24.410589225539375,24.567402432555685,430811.18,1019100095.0
2021-03-25,600703.SH,600703.SH,24.35830771128601,25.03783131696566,24.264219827422675,24.37921612992231,317560.47,748836688.0
2021-03-26,600703.SH,600703.SH,24.56738239438421,25.058730042271893,24.27466464670644,24.75555808931992,456111.08,1076676618.0
2021-03-29,600703.SH,600703.SH,24.99600210492804,25.225994596064975,24.46283769365605,24.72419279722075,416644.12,990544870.0
2021-03-30,600703.SH,600703.SH,24.724201173045156,25.194640518832486,24.201490788837013,24.99601057283339,461347.61,1092297687.0
2021-03-31,600703.SH,600703.SH,24.90191779388962,24.90191779388962,24.26421125088909,24.337390690249805,402763.84,941022550.0
2021-04-01,600703.SH,600703.SH,24.556933710510652,25.8741638712277,24.25376168939324,25.769621794980313,1006148.32,2436291015.0
2021-04-02,600703.SH,600703.SH,25.926432617621938,27.31684210880892,25.780073723812784,27.201845835101725,997389.95,2567427189.0
2021-04-06,600703.SH,600703.SH,27.31685511067861,27.567756190914466,26.219162884646746,26.532789234941564,640222.64,1626504949.0
2021-04-07,600703.SH,600703.SH,26.27144632091636,26.27144632091636,25.560559591977913,26.093724638681753,500868.88,1239471145.0
2021-04-08,600703.SH,600703.SH,26.030987237491146,26.480518342395612,25.780086155684003,25.90553669658758,385067.26,962825984.0
2021-04-09,600703.SH,600703.SH,25.780097498921915,26.219174585278246,25.4141999269583,25.612830037452838,302572.12,745814073.0
2021-04-12,600703.SH,600703.SH,25.59193083784788,25.863740560798874,24.56741726672488,24.63014258740588,536566.22,1288314448.0
2021-04-13,600703.SH,600703.SH,24.630151960309966,25.090137820349714,24.431521702565536,24.504701271208223,382714.1,905101837.0
2021-04-14,600703.SH,600703.SH,24.755605650090825,25.069232410860558,24.51515846683403,24.839239452962758,315155.8,747023790.0
2021-04-15,600703.SH,600703.SH,24.67196588395081,24.692874329615176,24.316522307656605,24.567423655628986,299782.62,701761622.0
2021-04-16,600703.SH,600703.SH,24.724228563404004,24.797408098263972,23.9819789955386,24.515144178089805,368516.9,859992084.0
2021-04-19,600703.SH,600703.SH,24.515142314938846,26.135546177973186,24.295603727043872,26.135546177973183,870241.19,2102653186.0000002
2021-04-20,600703.SH,600703.SH,25.81146540536632,25.91600759007821,25.38284244804756,25.508293069701825,561440.22,1376444746.0
2021-04-21,600703.SH,600703.SH,25.48737883782018,25.999635426439212,24.73467527903304,25.74873424017683,614413.97,1488528932.0
2021-04-22,600703.SH,600703.SH,25.706913272640048,26.543250426690964,25.61282534280932,25.936905990004046,640772.23,1600953044.0
2021-04-23,600703.SH,600703.SH,25.90554465445889,26.334167467547193,25.56055556099757,26.09372052361961,455276.06,1133981236.0
2021-04-26,600703.SH,600703.SH,26.15644782295874,27.05551037802447,25.633737035129826,26.125085175689,846749.35,2139630532.0000002
2021-04-27,600703.SH,600703.SH,25.978729442331296,26.292355954713564,25.48738123959907,25.52919810791671,463058.77,1140713313.0
2021-04-28,600703.SH,600703.SH,24.441947571351758,25.11101713703461,24.076050152618947,24.99602080543287,1163951.07,2731508923.0
2021-04-29,600703.SH,600703.SH,25.14238461344043,27.13913948294859,24.881029264028367,26.01008437348848,1260767.1,3154146092.0
2021-04-30,600703.SH,600703.SH,26.344607633301806,26.78368442719017,26.030981351952974,26.240065539518863,718846.81,1811796043.0
2021-05-06,600703.SH,600703.SH,26.03099155184771,26.438705877358576,25.508280878115826,25.612823012862204,492910.63,1220766731.0
2021-05-07,600703.SH,600703.SH,25.95782504725605,26.24008895232086,25.06921645723722,25.069216457237218,515236.5,1256924750.0
2021-05-10,600703.SH,600703.SH,24.786945895829653,25.07966394099339,24.295597748590517,24.52559049836203,561566.34,1321294996.0
2021-05-11,600703.SH,600703.SH,24.285142555176602,24.975120776718423,24.201508831353348,24.9333039148068,376954.05,889017658.0
2021-05-12,600703.SH,600703.SH,24.745127777580652,25.21556746916964,24.43150131652133,25.006483161796755,391646.82,929490387.0
2021-05-13,600703.SH,600703.SH,24.671956348241434,25.341026350905604,24.619685254283294,24.77649853615771,360469.09,862028334.0
2021-05-14,600703.SH,600703.SH,24.7974015361631,25.299203928125927,24.46286660818788,25.267841278628254,480172.49,1147724594.0
2021-05-17,600703.SH,600703.SH,25.780103238067994,26.60598651292905,25.71737792605323,25.989187611450536,821690.89,2057587410.0
2021-05-18,600703.SH,600703.SH,25.518748575892083,26.072822182824602,25.466477480898448,25.863737802850064,364039.55,897337885.0
2021-05-19,600703.SH,600703.SH,25.82193195900135,26.135558662956832,25.529213701976236,25.790569288605802,481690.5,1189097636.0
2021-05-20,600703.SH,600703.SH,25.675564598951322,25.7905610202007,25.152853593272344,25.173762033499504,468209.03,1140056858.0
2021-05-21,600703.SH,600703.SH,25.320122645134703,25.644203488239235,24.87059115308648,24.91240803606771,402998.12,970104916.0
2021-05-24,600703.SH,600703.SH,24.922859868202647,25.769651667415907,24.661504374618307,25.63374681075205,489268.37,1181429081.0
2021-05-25,600703.SH,600703.SH,25.602388197229878,26.344637916300243,25.40375799071809,26.198278816765242,809831.66,2017881733.0
2021-05-26,600703.SH,600703.SH,26.25056271437825,26.47010147065143,25.821939428321098,25.8323936548103,509802.19,1268893230.0
2021-05-27,600703.SH,600703.SH,25.926492758231035,28.41459972454514,25.738316601114843,28.41459972454514,1395755.82,3673082229.0
2021-05-28,600703.SH,600703.SH,28.45641137248755,29.209115861399788,27.839611860740025,28.644587494715612,1613010.97,4389624334.0
2021-05-31,600703.SH,600703.SH,29.010485090780882,29.35547464321179,28.38323135908832,28.92685125988854,950913.78,2619509277.0
2021-06-01,600703.SH,600703.SH,28.749115728021458,30.191798626373078,28.372763667581903,29.303189594779692,1016317.39,2865010970.0
2021-06-02,600703.SH,600703.SH,29.271812640998203,29.45998857940462,28.383204042967897,28.54001732497325,785673.9,2166414993.0
2021-06-03,600703.SH,600703.SH,28.540017220812604,29.459988471886415,28.01730628270248,28.644559408434628,730097.7,2006939898.0
2021-06-04,600703.SH,600703.SH,28.32047237245634,31.153565031347323,28.25774707373551,30.296319282162596,1451537.88,4138674465.0
2021-06-07,600703.SH,600703.SH,30.369486028695842,31.80171308065155,30.369486028695842,30.68311239043797,1240406.44,3674079806.0
2021-06-08,600703.SH,600703.SH,30.505376295646144,31.519434383609706,30.108116426134647,31.14308292828302,994137.33,2935916011.0
2021-06-09,600703.SH,600703.SH,30.683085800458493,31.414880010350178,30.317188695512648,31.393971604353272,891308.83,2633207006.0
2021-06-10,600703.SH,600703.SH,31.048983345815437,31.60305611259262,30.954895517494784,30.954895517494784,745276.28,2224773164.0
2021-06-11,600703.SH,600703.SH,30.630816029522087,30.839900097982987,28.811784633912243,28.874509854450512,1330465.92,3755198265.0
2021-06-15,600703.SH,600703.SH,29.16723310396974,29.857210661267946,29.020874228179213,29.20904992562418,763366.21,2151236824.0
2021-06-16,600703.SH,600703.SH,29.480858438080304,29.825847207036563,28.079994952015493,28.27862484929334,875007.75,2415973457.0
2021-06-17,600703.SH,600703.SH,28.383170953867857,31.111718879819797,28.362262540642174,31.111718879819797,1542463.76,4472023579.0
2021-06-18,600703.SH,600703.SH,31.812147411270548,33.42209506205453,31.78078479469683,32.13622778253226,1938872.58,5991246486.0
2021-06-21,600703.SH,600703.SH,32.40803420482406,32.69029772854349,31.425338974097137,32.24076693150884,1264500.34,3877345967.0
2021-06-22,600703.SH,600703.SH,32.251205611147924,33.39071336207665,31.477594844462363,32.83664078593699,1261540.56,3906323619.0
2021-06-23,600703.SH,600703.SH,32.40803039731287,34.84385977878832,32.17803792352549,33.871618866868936,1549453.95,5018283063.0
2021-06-24,600703.SH,600703.SH,34.03888912144185,34.843862850665126,33.0980107366354,33.202552779391674,1076503.82,3470295518.0
2021-06-25,600703.SH,600703.SH,33.49528486615794,33.58937274499546,31.94806196971868,33.53710170119683,1156529.05,3636417169.0
2021-06-28,600703.SH,600703.SH,33.51620397830315,34.4570830669018,32.9098596767618,33.024856009812744,999605.79,3208935152.0
2021-06-29,600703.SH,600703.SH,32.596219473855534,33.192109310292274,31.718066030685595,31.885333353194156,1056301.64,3246777201.0
2021-06-30,600703.SH,600703.SH,32.20942384029358,33.714830212576054,31.979431200083763,33.50574599420349,1347594.95,4277493338.0000005
2021-07-01,600703.SH,600703.SH,33.50574281049892,33.50574281049892,31.906248691932202,31.906248691932205,894698.55,2775888911.0
2021-07-02,600703.SH,600703.SH,31.676253766034378,32.376685780002795,31.23717698115865,31.5717116743973,702806.78,2134818390.9999998
2021-07-05,600703.SH,600703.SH,32.01299135402516,32.62236237421993,31.49817790592958,32.53831119902065,786522.09,2405970955.0
2021-07-06,600703.SH,600703.SH,33.56794783666118,34.1457998338494,31.92894944463641,33.45237743722354,1287870.27,4079065924.0
2021-07-07,600703.SH,600703.SH,32.56985208253152,34.89176734389909,31.918455040880886,34.439991976302686,1308115.32,4190239227.0
2021-07-08,600703.SH,600703.SH,34.42947016560334,35.301501298879224,33.98820139936735,34.513521359172096,1163074.51,3843842345.0
2021-07-09,600703.SH,600703.SH,34.05124968581875,34.43998656899534,33.09516708124933,33.99871767457868,856940.6,2752768762.0
2021-07-12,600703.SH,600703.SH,34.26136381690421,35.6902339423562,33.56794155014073,35.08086285944285,1081695.7,3588288628.0
2021-07-13,600703.SH,600703.SH,34.89174022130841,34.986297782883774,33.43135121475561,33.6940111080205,945362.69,3060681872.0
2021-07-14,600703.SH,600703.SH,33.305286076414156,33.99870843636474,32.74844690857506,32.79047250614782,766262.84,2420091342.0
2021-07-15,600703.SH,600703.SH,32.569841551648366,33.37883439018931,32.28616873813401,33.095161576674954,544263.94,1704208341.0
2021-07-16,600703.SH,600703.SH,32.885047115211435,33.5679634291056,31.72934258400592,31.8764322516139,831934.8,2580597335.0
2021-07-19,600703.SH,600703.SH,31.708337595113306,32.48581174423139,31.235549261190148,32.11808748451338,522180.09,1591399184.0
2021-07-20,600703.SH,600703.SH,31.676814473296957,35.3330438055382,31.57175041202566,35.3330438055382,1450197.15,4662108319.0
2021-07-21,600703.SH,600703.SH,36.03698656934855,38.863210880472394,35.774326317385366,38.41143524709572,3190205.29,11502283338.0
2021-07-22,600703.SH,600703.SH,38.45344658448157,42.25676561824723,37.9281262759504,42.25676561824723,2655302.37,10119752077.0
2021-07-23,600703.SH,600703.SH,42.64551490319364,43.580585321125206,41.185124025749964,42.55095722048146,1868913.99,7495418908.0
2021-07-26,600703.SH,600703.SH,42.561464671568,43.2969133328886,40.80689429384599,42.91868259278086,1749365.45,7030000280.0
2021-07-27,600703.SH,600703.SH,43.07628362313871,45.387693963892495,39.18891168641643,40.2710719823148,3039303.13,12353936500.0
2021-07-28,600703.SH,600703.SH,40.081971253432705,42.85566467699922,39.29399016719222,41.18514477416939,2040275.7,7987500599.0
2021-07-29,600703.SH,600703.SH,42.340850367322105,45.30365925158633,40.65982405000908,45.30365925158633,2532999.21,10468884403.0
2021-07-30,600703.SH,600703.SH,43.07630771718947,45.76595034538472,42.66655747305035,44.73632152677872,2071443.64,8702961327.0
2021-08-02,600703.SH,600703.SH,44.55769499241813,45.98656707894699,42.23577785180875,43.07629084388454,1749152.98,7273230146.0
2021-08-03,600703.SH,600703.SH,42.55098897793765,45.860510342888354,42.23579646698997,42.9082071570117,2004500.36,8362452663.0
2021-08-04,600703.SH,600703.SH,42.918711357404476,47.194822868411485,42.55098678029085,47.194822868411485,2092180.24,9015236488.0
2021-08-05,600703.SH,600703.SH,46.55394401162527,47.068758558357295,45.04101962939235,45.524314918161195,1404099.87,6130158548.0
2021-08-06,600703.SH,600703.SH,45.93406193003378,46.175709556838626,43.885310311470974,44.337086309410466,1116845.95,4751526199.0
2021-08-09,600703.SH,600703.SH,43.2654295050849,43.51758353814028,40.80692768279499,43.055301144205416,1484843.48,5956327333.0
2021-08-10,600703.SH,600703.SH,42.44591165947345,43.49655303718319,41.531853660865984,43.254905520309954,1063339.38,4315206454.0
2021-08-11,600703.SH,600703.SH,42.91871991179122,43.906323258598654,42.03618075081436,42.69808512154701,813855.19,3325087707.0
2021-08-12,600703.SH,600703.SH,42.44594369209046,44.000894104572986,42.21480241455927,42.98177119909457,830328.52,3423501633.0
2021-08-13,600703.SH,600703.SH,42.63507316473008,43.790779928682845,41.5949370771726,41.65797562793365,936786.01,3782626992.0
2021-08-16,600703.SH,600703.SH,40.97505660133044,42.75064238738809,40.71239598209114,41.71050633520048,816203.76,3253994689.0
2021-08-17,600703.SH,600703.SH,41.605459822800455,42.214832719195,38.87378821827315,39.1889810957186,1382845.6,5260477030.0
2021-08-18,600703.SH,600703.SH,39.819366199256734,40.53380337644656,38.18036326335066,38.53758185194557,1015459.67,3768328555.0
2021-08-19,600703.SH,600703.SH,38.87380348530094,39.39912515402122,37.85467944798359,38.831777751803315,1007616.65,3714606800.0
2021-08-20,600703.SH,600703.SH,38.64267166406247,39.81939249776964,38.11734986330034,38.789761768275866,896682.64,3326609558.0
2021-08-23,600703.SH,600703.SH,38.8737952436608,41.74205094677415,38.401005842048704,40.72292712552142,1182117.23,4542165821.0
2021-08-24,600703.SH,600703.SH,40.64938244274551,41.44787121649808,40.029502999963924,40.76495318631496,880703.96,3422647880.0
2021-08-25,600703.SH,600703.SH,41.23774517726474,41.47939311078757,39.57772893828186,40.21862128371196,779461.24,2987540502.0
2021-08-26,600703.SH,600703.SH,40.22913864283701,40.63888959793511,38.71621203939785,38.98937934279659,805466.82,3039485857.0
2021-08-27,600703.SH,600703.SH,38.737215739004895,39.45165313261822,38.35898417768019,38.56911282286059,682565.74,2520179360.0
2021-08-30,600703.SH,600703.SH,38.82126384374501,39.70380407726993,37.80214000265075,37.949230041571575,899238.45,3307755237.0
2021-08-31,600703.SH,600703.SH,37.61301512252632,38.33795871008339,36.19464723382771,38.14884299159024,1173811.3,4165761773.0
2021-09-01,600703.SH,600703.SH,35.753388955422416,36.1421269487667,34.335020601328374,35.60629890388673,1926226.24,6446593764.0
2021-09-02,600703.SH,600703.SH,35.40668837327928,35.93201015923298,35.07048243026892,35.12301460886428,815975.2,2749351513.0
2021-09-03,600703.SH,600703.SH,34.68175486123751,35.61682792474861,33.80972043122154,34.70276773906922,822319.11,2719808705.0
2021-09-06,600703.SH,600703.SH,35.03898983833552,35.93203755535457,34.419109658287,35.795453786869295,720844.5,2421383203.0
2021-09-07,600703.SH,600703.SH,35.511797082733366,36.142184013196086,35.312174554753504,35.805977650282635,568769.9,1936389796.0
2021-09-08,600703.SH,600703.SH,35.7429441562093,36.6044730864883,35.543321599193426,35.826995759163346,524013.98,1794447256.0
2021-09-09,600703.SH,600703.SH,35.837504134555104,35.9110492910904,34.63976872812318,35.2071170785383,563689.75,1882872846.0
2021-09-10,600703.SH,600703.SH,35.20713163360283,37.697161534278415,34.68180886974722,37.129812949314356,1215484.54,4221928826.9999995
2021-09-13,600703.SH,600703.SH,36.52043706831632,37.03525335610329,35.4802980378896,35.900556232001406,724594.78,2483643464.0
2021-09-14,600703.SH,600703.SH,35.90056258928083,36.43639188165815,35.018020225365234,35.480304320749596,634808.13,2158776230.0
2021-09-15,600703.SH,600703.SH,35.18611947365565,35.86903908123631,34.61877087658865,34.88143226411967,433805.01,1450846193.0
2021-09-16,600703.SH,600703.SH,34.912938655850404,35.03901607501086,33.92533220576014,33.92533220576014,498028.54,1627913742.0
2021-09-17,600703.SH,600703.SH,33.84128875903465,34.3455985573686,33.032291790873934,33.83078230490269,464668.89,1486357870.0
2021-09-22,600703.SH,600703.SH,33.41053146470886,34.62928041122025,33.25293461817721,34.503202933994935,470797.3,1534754109.0
2021-09-23,600703.SH,600703.SH,34.5031992536533,35.7219480701648,34.25104432609919,34.67130253868936,720717.56,2405457969.0
2021-09-24,600703.SH,600703.SH,34.67130891795385,35.396254468056526,34.251050628039266,34.26155708528713,439662.77,1450892660.0
2021-09-27,600703.SH,600703.SH,34.67131191588758,36.19474834855537,34.46118275276098,35.48030919392496,925079.77,3120805115.0
2021-09-28,600703.SH,600703.SH,35.091585251809455,36.14223151683369,34.72385905905097,35.61690838432157,534445.61,1801702975.0
2021-09-29,600703.SH,600703.SH,35.028563565658764,35.10210884009176,33.76778743252168,33.80981330362624,596943.37,1951555802.0
2021-09-30,600703.SH,600703.SH,33.04283608849521,34.77640300569766,32.65409684039526,33.29499127645193,692339.5,2211412212.0
2021-10-08,600703.SH,600703.SH,33.83083143133482,36.415422900933685,33.526143819065034,35.81655414578274,958706.88,3236816423.0
2021-10-11,600703.SH,600703.SH,35.56441356031822,36.37341203717036,35.38580350698723,35.71150419247316,538100.48,1835364146.0
2021-10-12,600703.SH,600703.SH,35.6169584765663,35.93215279936778,33.91490913343836,34.35618118536042,542672.12,1799316727.0
2021-10-13,600703.SH,600703.SH,34.35616601616347,35.30174856706705,33.914894159075125,35.21769678476451,520526.34,1726451632.0
2021-10-14,600703.SH,600703.SH,34.98654631369616,35.17566278025668,34.48223573620144,34.618819850939595,378559.36,1252141604.0
2021-10-15,600703.SH,600703.SH,34.755396808639006,35.8165500969318,34.24057986679399,35.45933017810056,865845.56,2908134200.0
2021-10-18,600703.SH,600703.SH,34.96552348051647,34.98653641530043,33.05334641517572,34.11449962176591,913101.83,2941685718.0
2021-10-19,600703.SH,600703.SH,33.90438522170209,33.90438522170209,32.87475096334237,33.41058103657039,870675.7,2764524136.0
2021-10-20,600703.SH,600703.SH,33.379049348006404,33.63120458387425,32.969297089721145,33.14790704846087,498791.11,1580991706.0
2021-10-21,600703.SH,600703.SH,33.16891189877358,33.36853474517102,31.8450972331906,32.10775887318722,754924.29,2328685608.0
2021-10-22,600703.SH,600703.SH,32.107751434940276,33.5681498149981,32.107751434940276,33.3790334780122,795720.49,2506067129.0
2021-10-25,600703.SH,600703.SH,33.3790206415332,33.58914982404206,32.44394577936875,33.49459169191307,490712.61,1540654781.0
2021-10-26,600703.SH,600703.SH,33.725728254990614,35.17561937623319,33.21091184237549,34.04092197699987,824567.45,2682122242.0
2021-10-27,600703.SH,600703.SH,34.04091858245482,34.45067038020659,33.473569939413906,33.71521843552393,441125.26,1422961925.0
2021-10-28,600703.SH,600703.SH,33.5681417374844,34.67132010444398,33.52611589493356,33.977893702355104,527066.44,1704690550.0
2021-10-29,600703.SH,600703.SH,34.251060394520756,35.63791314669154,33.42105003526703,35.30170641889256,1171770.96,3911446217.0
2021-11-01,600703.SH,600703.SH,35.30171813730133,35.921599497450366,34.62930445849559,35.44880862954009,895391.37,3010172547.0
2021-11-02,600703.SH,600703.SH,35.66945084570185,37.140356035215326,35.44881506727483,36.10021593691651,1305769.27,4526422382.0
2021-11-03,600703.SH,600703.SH,36.14222456207172,36.86717034543886,34.72385237722297,35.07056557796378,941975.24,3205967163.0
2021-11-04,600703.SH,600703.SH,35.38575010056024,37.21387376965094,35.01802407516843,37.19286085391426,1393542.87,4855829507.0
2021-11-05,600703.SH,600703.SH,37.339948276021154,37.59210324468309,36.56247045598019,36.76209313950423,841620.19,2963133631.0
2021-11-08,600703.SH,600703.SH,36.373366906943694,37.11932561589604,35.51183713040719,36.62552196349097,742666.93,2560071603.0
2021-11-09,600703.SH,600703.SH,36.45743203803667,37.71820778574975,35.8795764870015,37.718207785749755,911303.32,3207616381.0
2021-11-10,600703.SH,600703.SH,37.297966068516125,38.6112747329005,37.16138196742015,38.33810653070855,905563.1,3281688826.0
2021-11-11,600703.SH,600703.SH,37.89683117634286,40.21876067176059,37.66568887363159,38.5797516161716,1044412.51,3865513457.0
2021-11-12,600703.SH,600703.SH,38.24353582554849,39.39924707302386,38.04391297371184,39.063040164667385,672035.01,2480381208.0
2021-11-15,600703.SH,600703.SH,39.283683439925504,39.78799389863543,38.642788898648305,39.11557995368886,613277.7,2284822320.0
2021-11-16,600703.SH,600703.SH,38.55873218955075,39.05253611677388,37.71821486661776,37.77074719930108,672718.33,2451635989.0
2021-11-17,600703.SH,600703.SH,37.62366902401238,38.22253781328038,37.119358464628796,37.74974666385827,456876.79,1637132092.0
2021-11-18,600703.SH,600703.SH,37.56064839584764,38.075465674559965,36.64658506425639,36.87772751592314,540165.19,1906833059.0
2021-11-19,600703.SH,600703.SH,36.75165279960611,37.665716205428225,36.646588040316225,37.51862554242237,436749.9,1553989045.0
2021-11-22,600703.SH,600703.SH,37.308500808742984,40.113730241560326,37.29799433146652,39.977146036966225,1041412.32,3872185691.0
2021-11-23,600703.SH,600703.SH,39.88259966175196,40.218807035086016,39.29423675841737,39.54639228841791,597923.0,2261151390.0
2021-11-24,600703.SH,600703.SH,39.462347996256575,40.01919156489385,38.810946085775235,38.873984980337944,559166.4,2096329859.0
2021-11-25,600703.SH,600703.SH,38.86349332725667,39.38881764906333,38.12803927672734,38.54829873417267,471191.05,1737356772.0
2021-11-26,600703.SH,600703.SH,38.348685031357654,38.348685031357654,37.72880217742612,38.01247738176767,518692.8,1874520901.0
2021-11-29,600703.SH,600703.SH,36.76221846154992,37.71830931036416,36.562595097511775,36.88829637567927,872174.89,3076627155.0
2021-11-30,600703.SH,600703.SH,36.78321497196262,37.47664318908617,36.43650086340085,36.804227948239095,592420.82,2083128697.0
2021-12-01,600703.SH,600703.SH,36.709651145727115,37.234975289197735,35.03912036949054,35.4278602356588,1010407.33,3449025775.0
2021-12-02,600703.SH,600703.SH,35.18620691649418,36.058244890238285,34.96557080265531,35.44886895677855,537599.05,1818575834.0
2021-12-03,600703.SH,600703.SH,35.606459472484524,36.73065279309705,35.30177156315964,36.24735473002998,712386.43,2456196578.0
2021-12-06,600703.SH,600703.SH,36.23684771339678,36.23684771339678,35.41734231425356,35.44886175268215,511110.72,1732684355.0
2021-12-07,600703.SH,600703.SH,35.71152788225391,35.87963157337367,34.251127065651005,34.597840928585505,652829.6,2157013647.0
2021-12-08,600703.SH,600703.SH,34.965579899907794,36.5310460673015,34.860515056458546,36.35243583343779,819768.89,2801685358.0
2021-12-09,600703.SH,600703.SH,39.86160160464248,39.987679416781575,38.80044668580514,39.987679416781575,2371696.06,8958264133.0
2021-12-10,600703.SH,600703.SH,39.92465452800029,39.92465452800029,37.46613632811816,37.46613632811816,2600957.87,9460139881.0
2021-12-13,600703.SH,600703.SH,37.5501760382007,38.558798561890484,36.720163753080996,37.91790299996261,1369089.98,4910146340.0
2021-12-14,600703.SH,600703.SH,38.243602537140866,39.27323799006389,37.466122705341846,38.663861905680875,931906.46,3417359081.0
2021-12-15,600703.SH,600703.SH,38.45371336944188,38.747894783197175,37.68674039786558,37.718259835053644,619625.24,2241168774.0
2021-12-16,600703.SH,600703.SH,38.20154860126639,38.453704037578376,37.613185916538406,37.66571829910341,467531.03,1691130361.0
2021-12-17,600703.SH,600703.SH,37.29797411436358,37.71823297762401,36.636066404728396,36.70961170579897,566118.12,1991641420.0
2021-12-20,600703.SH,600703.SH,36.60455428121963,37.03531970186543,36.23682770261954,36.28936007099098,473425.16,1647523512.0
2021-12-21,600703.SH,600703.SH,36.268357952186165,36.66760407101092,34.90251596673303,36.66760407101092,657936.23,2242524910.0
2021-12-22,600703.SH,600703.SH,37.25597671673645,40.23981692755234,37.25597671673645,38.968532894070925,1518016.54,5640336189.0
2021-12-23,600703.SH,600703.SH,38.68486218287407,39.21018622120751,38.45371960600736,38.45371960600736,518631.05,1909360777.0
2021-12-24,600703.SH,600703.SH,38.537785397756096,40.13477105218874,38.51677242861882,38.905512357658345,844004.6,3163156254.0
2021-12-27,600703.SH,600703.SH,39.34676965649499,39.47284742308456,38.527264173662786,39.18917244825803,458533.14,1700493823.0
2021-12-28,600703.SH,600703.SH,39.48335713379626,39.48335713379626,38.03346269939928,38.52726732560695,519854.93,1900765445.0
2021-12-29,600703.SH,600703.SH,38.39068861619963,38.71638958694462,37.308520874692086,37.50814405030999,470767.44,1697343108.0
2021-12-30,600703.SH,600703.SH,37.52916968251036,39.18919454528657,37.52916968251036,38.60083130278362,497335.13,1823703618.0
2021-12-31,600703.SH,600703.SH,38.45374055358557,40.02971352709317,38.45374055358557,39.46236325663044,634842.28,2379857342.0
2022-01-04,600703.SH,600703.SH,39.514902269623775,40.30288888760351,38.87400648700026,39.36781143426756,517403.89,1945481546.0
2022-01-05,600703.SH,600703.SH,39.147164885679324,39.15767137115589,36.982828877507046,37.592205035147785,692510.89,2491543125.0
2022-01-06,600703.SH,600703.SH,36.83572019301374,38.2961209650699,36.45748689953157,37.60269326035259,581488.74,2066389427.0
2022-01-07,600703.SH,600703.SH,38.20157064219806,39.32576427770829,36.64661122111849,36.77268901201683,631995.49,2291442541.0
2022-01-10,600703.SH,600703.SH,36.352445360183246,36.96182161188574,36.05826372143032,36.604601050542904,391495.37,1360875834.0
2022-01-11,600703.SH,600703.SH,36.53106302744933,36.54156951667206,35.33332325605755,35.33332325605755,417749.77,1426951169.0
2022-01-12,600703.SH,600703.SH,35.53294368775205,36.2578913856985,34.7764765246775,35.72206047852069,630945.37,2122742815.0
2022-01-13,600703.SH,600703.SH,35.6485322865946,35.6485322865946,34.78699982343493,34.78699982343493,458391.13,1530775403.0
2022-01-14,600703.SH,600703.SH,34.6714303716491,35.61701483633043,34.545352443024925,35.20726156830185,334421.24,1120383289.0
2022-01-17,600703.SH,600703.SH,35.20726610818557,36.23690265805194,34.98662970464278,35.93221429125475,375790.46,1282415869.0
2022-01-18,600703.SH,600703.SH,35.72208714158088,36.24741195248648,35.07068437605793,35.37537276638318,384432.77,1302183165.0
2022-01-19,600703.SH,600703.SH,35.04967247858847,35.30182839570062,34.15662027214962,34.303711223798366,420526.36,1384301788.0
2022-01-20,600703.SH,600703.SH,34.47182460465376,34.534863601187716,32.96939518726104,33.200538174552236,606103.57,1932028423.0
2022-01-21,600703.SH,600703.SH,33.25305777871239,33.704837078707534,32.46507062755807,32.51760310430169,434556.93,1366306329.0
2022-01-24,600703.SH,600703.SH,32.52811409686791,32.8222960073047,31.435438429531263,32.296971167239,790145.98,2406457825.0
2022-01-25,600703.SH,600703.SH,32.20240936436269,32.39152628722028,30.45833107578709,30.66846099007331,734435.62,2193362711.0
2022-01-26,600703.SH,600703.SH,30.805038200785933,31.17276546443788,30.26920704517881,31.141245984696287,468867.21,1375059699.0
2022-01-27,600703.SH,600703.SH,31.099208029521144,31.151740475516952,29.90146826081661,29.996026663609076,459263.56,1328277392.0
2022-01-28,600703.SH,600703.SH,30.342746548578308,30.437304969262936,29.187032517988417,29.428681815293576,424658.24,1200966728.0
2022-02-07,600703.SH,600703.SH,29.754370826806674,30.195643275509315,29.533734602455354,29.712344879311186,329558.65,936640079.0
2022-02-08,600703.SH,600703.SH,29.722853867346288,29.827918744926166,28.367516946565917,28.9663867487712,513856.43,1412569872.0
2022-02-09,600703.SH,600703.SH,29.081971560605826,29.418179324312252,28.588166407662015,29.313114398153992,372666.55,1032242390.0
2022-02-10,600703.SH,600703.SH,29.439188939046034,29.680838241543558,29.008422791115667,29.365643499155485,414108.3,1154932510.0
2022-02-11,600703.SH,600703.SH,29.102994691411944,29.39717658720961,28.36753995191778,28.472604914702664,382636.24,1049220789.0000001
2022-02-14,600703.SH,600703.SH,28.11539029852437,28.65122172798055,27.600571866301763,27.852727833104673,450817.22,1200287898.0
2022-02-15,600703.SH,600703.SH,27.86323079889682,28.829828549084795,27.86323079889682,28.5881791115378,448531.41,1214212113.0
2022-02-16,600703.SH,600703.SH,28.87186513795624,29.33415118820008,28.577683105982885,28.70376111968575,414521.47,1140739729.0
2022-02-17,600703.SH,600703.SH,28.672235281454306,29.40769019889725,28.525144297965713,29.103001733099457,416164.37,1151511967.0
2022-02-18,600703.SH,600703.SH,28.787817500777432,28.976934550052615,28.367557391277035,28.745791489827393,341468.67,931324615.0
2022-02-21,600703.SH,600703.SH,28.70376697972784,28.976936065186447,28.58819544357227,28.934910052038965,276606.14,758338608.0
2022-02-22,600703.SH,600703.SH,28.682757972950977,29.029472629766868,28.083887202087165,28.63022544919099,380296.4,1029323016.0
2022-02-23,600703.SH,600703.SH,28.630236365394804,30.910148765868446,28.630236365394804,30.31127776666569,860444.75,2455143938.0
2022-02-24,600703.SH,600703.SH,29.943553769211178,30.53191833450094,28.97695484052085,29.733423567321974,718289.17,2042316593.0
2022-02-25,600703.SH,600703.SH,30.258755656960542,30.52141846648277,29.775456087439643,29.933053773152977,510031.9,1461617083.0
2022-02-28,600703.SH,600703.SH,29.754443083580174,30.206223116275776,29.680897496862286,29.91204076940422,309051.64,881134773.0
2022-03-01,600703.SH,600703.SH,30.038107558760945,30.500393929025194,29.670379764232568,30.31127677755346,386248.33,1106461676.0
2022-03-02,600703.SH,600703.SH,30.111656948124264,30.12216345787588,29.54430542153714,29.73342259706618,292428.61,827652808.0
2022-03-03,600703.SH,600703.SH,29.964578512100115,30.09065668255776,28.903420577414945,29.250135546173468,422632.41,1182067952.0
2022-03-04,600703.SH,600703.SH,28.787842421714593,29.44975266717738,28.283529853742955,28.294036365575696,516437.23,1416325825.0
2022-03-07,600703.SH,600703.SH,27.852771460055298,27.9473300957175,26.056157382473458,26.329326774386484,911311.64,2313686394.0
2022-03-08,600703.SH,600703.SH,26.318811071576597,27.400981746375955,25.77247247847401,26.665525947968625,740256.24,1871602903.0
2022-03-09,600703.SH,600703.SH,27.12780746716523,28.209977943198545,26.507923408078188,27.800224073632535,1133581.3,2973172869.0
2022-03-10,600703.SH,600703.SH,28.535681926172753,28.714292600968385,27.60060251106621,27.66364157275878,730122.51,1950277019.0
2022-03-11,600703.SH,600703.SH,27.190852129613017,27.768710269925503,26.581474454374394,27.51655399051642,506523.47,1309466037.0
2022-03-14,600703.SH,600703.SH,27.211878287792626,27.548086822622498,26.371356950717953,26.40287650085825,401203.32,1028227401.0
2022-03-15,600703.SH,600703.SH,26.266299778134027,27.064795291389306,25.856545501595136,25.993130260441433,625069.79,1577934641.0
2022-03-16,600703.SH,600703.SH,26.655050400718142,27.316961388201484,25.08957838270198,27.211896152093015,795769.01,1992440236.0
2022-03-17,600703.SH,600703.SH,27.7477372223956,27.947361231189813,27.11734561567703,27.18038477634889,820904.35,2153064763.0
2022-03-18,600703.SH,600703.SH,26.875704941444784,27.495590239155984,26.73912004533893,26.886211471914464,503159.4,1293012435.0
2022-03-21,600703.SH,600703.SH,27.001792307675398,27.369520996690433,26.707609356463372,26.949259637816105,473335.5,1216834702.0
2022-03-22,600703.SH,600703.SH,26.949264513328288,26.949264513328288,26.26633968160652,26.42393771969616,401650.82,1014827674.0
2022-03-23,600703.SH,600703.SH,26.59205062674587,26.739142175056593,26.203308677638958,26.486985235095354,362484.0,914049191.0
2022-03-24,600703.SH,600703.SH,26.476488888203075,26.476488888203075,25.425834567242635,26.119266419076524,465776.15,1149596894.0
2022-03-25,600703.SH,600703.SH,26.41344479646131,27.48511200777358,26.33989900744968,26.875732613105818,814446.44,2090690740.0
2022-03-28,600703.SH,600703.SH,26.4974982694514,26.571044061634648,25.63596184673331,25.82507959806167,581985.7,1438264241.0
2022-03-29,600703.SH,600703.SH,25.793549435161527,25.940640959435363,24.795428377589086,25.100117963584886,484871.97,1166275404.0
2022-03-30,600703.SH,600703.SH,25.100107413514813,25.804045126660686,25.016055149258587,25.64644713118027,443016.58,1073721486.0
2022-03-31,600703.SH,600703.SH,25.562397350066693,25.562397350066693,24.90048570475054,24.98453797717164,407218.71,973926283.0
2022-04-01,600703.SH,600703.SH,24.69035623814627,25.583411676547307,24.490732081327213,25.20517643204804,371872.35,890655263.0
2022-04-06,600703.SH,600703.SH,25.11061078608056,25.37327407882199,24.732375644532905,24.85845402504879,313524.12,743201022.0
2022-04-07,600703.SH,600703.SH,24.742888678491738,25.037071643671254,24.19654888601549,24.228068489427578,322439.0,753336800.0
2022-04-08,600703.SH,600703.SH,24.322615971902458,24.417174738099916,23.114365070490457,23.912861318380127,475787.47,1074311721.0
2022-04-11,600703.SH,600703.SH,23.776288676880693,23.83932788680614,22.515504478371774,22.52601101335935,565901.81,1230917850.0
2022-04-12,600703.SH,600703.SH,22.515502402014015,22.673100412294094,21.37029019397877,21.874603826875028,880981.04,1832851471.0
2022-04-13,600703.SH,600703.SH,22.084725712062085,22.52599996510995,21.580412280007387,21.580412280007383,587611.34,1232112962.0
2022-04-14,600703.SH,600703.SH,21.674970529356653,23.208923848448304,21.4858529968659,22.80967572430116,882375.08,1883383572.0
2022-04-15,600703.SH,600703.SH,22.431445681440803,22.967278810130956,22.252834638544083,22.431445681440803,469340.86,1008891451.0
2022-04-18,600703.SH,600703.SH,22.210803909116834,23.019806700508504,22.1687777900835,22.82018263510017,468696.34,1010864125.0
2022-04-19,600703.SH,600703.SH,22.80968467896483,22.893736948624763,22.326384128420205,22.47347560032509,328340.42,704140178.0
2022-04-20,600703.SH,600703.SH,22.589053856135173,22.788678053003345,22.021700875562477,22.116259705657928,311893.11,663879090.0
2022-04-21,600703.SH,600703.SH,22.084729064232572,22.51549685283083,21.076102047026897,21.139141235602253,544446.35,1124665622.0
2022-04-22,600703.SH,600703.SH,20.90799223756093,21.223188100438733,20.613809432208313,20.69786166230906,393017.85,780995248.0
2022-04-25,600703.SH,600703.SH,20.22506274051036,20.22506274051036,18.628070773467464,18.649083825665397,755536.68,1391793654.0
2022-04-26,600703.SH,600703.SH,18.449468852194258,18.78567785177866,17.587933290759217,17.724518196840386,803604.05,1388920524.0
2022-04-27,600703.SH,600703.SH,17.51438332648106,19.09036263000365,17.409318039579553,19.027323457862746,703439.19,1232908797.0
2022-04-28,600703.SH,600703.SH,18.859222034125136,18.880235094887393,18.270856332781957,18.67010448726483,531389.13,939799348.0
2022-04-29,600703.SH,600703.SH,19.0168283239894,19.45810279338584,18.701632274420515,19.22695902370199,495657.92,901164111.0
2022-05-05,600703.SH,600703.SH,19.174426348773842,19.66823349309843,19.02733485897503,19.22695902370199,422661.84,778571783.0
2022-05-06,600703.SH,600703.SH,18.617585099523833,19.090379303518517,18.57555894805764,18.775183167522062,346588.31,621120652.0
2022-05-09,600703.SH,600703.SH,18.733165059435855,19.30051834783156,18.680632347547366,18.89076319510133,260968.16,470783234.0
2022-05-10,600703.SH,600703.SH,18.617584963066165,19.899382573390138,18.554545736328922,19.584186439703913,554364.31,1026489574.0
2022-05-11,600703.SH,600703.SH,19.59469890052694,21.118147340514295,19.395074622183774,20.29863714521075,893241.99,1741630565.0
2022-05-12,600703.SH,600703.SH,20.204087298770613,22.326409521522386,20.204087298770613,22.116278608378646,1503069.25,3090367110.0
2022-05-13,600703.SH,600703.SH,22.01120190952049,22.01120190952049,21.170678686245246,21.496381435264404,1078564.4,2203066147.0
2022-05-16,600703.SH,600703.SH,21.527906283427374,21.769556768795276,21.044605312691573,21.202203455322813,541777.61,1098961940.0
2022-05-17,600703.SH,600703.SH,21.202197113726697,22.4524753379752,21.013079399134487,22.200318385185586,927478.95,1929709731.0
2022-05-18,600703.SH,600703.SH,22.210834674933725,22.252860852180522,21.632974737790224,21.780066358154023,670392.04,1393302540.0
2022-05-19,600703.SH,600703.SH,21.22320902513976,22.10575831133369,21.128650173047554,21.927147146270634,527059.04,1089528929.0
2022-05-20,600703.SH,600703.SH,22.06373608544188,22.221334200337896,21.622461363733045,22.116268790407222,577704.77,1207713202.0
2022-05-23,600703.SH,600703.SH,22.116277731026525,22.32640863583438,21.50689810708375,22.22134318343045,577544.37,1203593496.0
2022-05-24,600703.SH,600703.SH,22.021721337757832,22.15830644147484,20.634857207708198,20.70840303278659,818403.48,1664882373.0
2022-05-25,600703.SH,600703.SH,20.708412032378284,21.349311643730427,20.603346522320557,20.96056925651683,495898.15,989743496.0
2022-05-26,600703.SH,600703.SH,21.034104961344816,21.244235880039568,20.592830032085836,20.897519864193228,425878.43,847352914.0
2022-05-27,600703.SH,600703.SH,21.223229071782885,21.433360052691626,20.592836129056664,20.866006404238025,453111.53,904343638.0
2022-05-30,600703.SH,600703.SH,20.918545833115203,20.98158514752941,20.27764613657074,20.51929684182521,506080.82,990783594.0
2022-05-31,600703.SH,600703.SH,20.60334191558939,21.93767359497738,20.550809172306394,21.60146403796623,922026.36,1865997281.0
2022-06-01,600703.SH,600703.SH,21.69602790157203,22.29490131096167,21.56994928906895,21.843119616158962,708757.92,1480309487.0
2022-06-02,600703.SH,600703.SH,21.748560026977465,22.74668234705614,21.67501417181377,22.494525129352052,920144.89,1958224607.0
2022-06-06,600703.SH,600703.SH,22.463003872638645,22.988331371998765,22.33692527279222,22.799213472229123,802494.4,1731253784.0
2022-06-07,600703.SH,600703.SH,22.8202194041061,23.072376524593462,22.242359336322572,22.410464083314142,609726.88,1308366162.0
2022-06-08,600703.SH,600703.SH,22.37894579289503,22.704648759833876,21.85361842686463,22.473504718780504,547689.71,1161561615.0
2022-06-09,600703.SH,600703.SH,22.557562857893398,22.599589057908105,21.3072834074559,21.517414407529426,603174.86,1249003131.0
2022-06-10,600703.SH,600703.SH,21.307283407455895,21.885143657658098,21.23373755743016,21.85362400764707,510358.46,1048711415.0
2022-06-13,600703.SH,600703.SH,21.601458527169065,22.25286437769654,21.53841925131157,21.927161452432806,517000.43,1075520566.0
2022-06-14,600703.SH,600703.SH,21.696025954982552,21.696025954982552,20.802969196545018,21.632986654386965,640959.6,1294495961.0
2022-06-15,600703.SH,600703.SH,21.717032581239113,22.76768727796089,21.717032581239113,22.168814100829476,1005254.81,2130488794.0000002
2022-06-16,600703.SH,600703.SH,22.284385413221905,23.3035204368346,22.231852680045993,23.272000796929053,1333879.89,2911255420.0
2022-06-17,600703.SH,600703.SH,22.988317996443403,23.37706011978363,22.505016978236643,23.187942330050547,948588.08,2073381396.0
2022-06-20,600703.SH,600703.SH,23.3665643116212,24.690389447981033,22.977822009674266,24.35417988954044,1316466.26,2993939276.0
2022-06-21,600703.SH,600703.SH,24.16506356249697,24.522286241246928,23.818347433122018,24.24911595749696,826977.21,1900733526.0
2022-06-22,600703.SH,600703.SH,24.616838547865445,24.66937128057536,23.534664254041225,23.534664254041225,734465.47,1680288310.0
2022-06-23,600703.SH,600703.SH,23.40857603005689,24.721893805531355,23.387562945649297,24.427710623825075,1000232.94,2309399212.0
2022-06-24,600703.SH,600703.SH,24.438218184712373,25.63596404587196,24.249100417160854,25.20519579756018,1149518.32,2734086943.0
2022-06-27,600703.SH,600703.SH,25.3207709888759,26.2663599469667,24.91101577370322,25.016081213491084,1242729.97,3026849173.0
2022-06-28,600703.SH,600703.SH,25.058103744774176,26.266356126597667,24.480243909989028,26.077238362486163,1103265.58,2658426143.0
2022-06-29,600703.SH,600703.SH,25.846101082022155,26.529026517116236,25.467865456431586,25.467865456431586,857576.3,2119238685.0
2022-06-30,600703.SH,600703.SH,25.352283393068184,26.392430950429873,25.33127031110128,25.825077737323497,821773.63,2028724740.0
2022-07-01,600703.SH,600703.SH,26.035207863000696,26.655093764500712,25.80406396752611,26.014194781593915,644574.26,1605556933.0
2022-07-04,600703.SH,600703.SH,25.53090557439954,25.53090557439954,24.879499753159717,25.110643754244812,691085.21,1655973356.0
2022-07-05,600703.SH,600703.SH,25.11064428445266,25.32077519896691,24.427718812281356,24.87950027848699,601576.18,1418860457.0
2022-07-06,600703.SH,600703.SH,24.606337524320775,25.425848338538117,24.22810176391277,24.480258937518105,599871.9,1419110099.0
2022-07-07,600703.SH,600703.SH,24.480269068000688,24.8479984316831,24.165072470558616,24.62736081347365,400094.55,937159077.0
2022-07-08,600703.SH,600703.SH,24.82699472662106,25.467894717447926,24.574837353180982,24.637876696541003,649745.48,1548582140.0
2022-07-11,600703.SH,600703.SH,24.564343209362793,24.564343209362793,23.408621330393633,23.597739456043133,675816.91,1527009645.0
2022-07-12,600703.SH,600703.SH,23.597742246353206,23.765847266808084,22.73620401652197,22.746710580300395,648739.61,1421512352.0
2022-07-13,600703.SH,600703.SH,23.166968672166863,23.377099907288557,22.73619964016739,22.925317751776912,475613.28,1043782484.0
2022-07-14,600703.SH,600703.SH,22.904199750337217,23.3791716345608,22.661436342845164,22.83031523501355,474289.87,1033734573.0
2022-07-15,600703.SH,600703.SH,22.86196935837111,23.82246760934607,22.693090545012872,23.273611465931808,650644.22,1441970223.0
2022-07-18,600703.SH,600703.SH,23.38972490237653,23.495274202477507,22.904198121912035,23.34750518233614,466421.98,1023650219.0
2022-07-19,600703.SH,600703.SH,23.326405486415275,23.611388720864692,22.956982775091955,23.15752653266747,429303.19,944537081.0
2022-07-20,600703.SH,600703.SH,23.326407130567205,24.244686506295412,23.29474232450761,23.959703251759073,667495.86,1507228230.0
2022-07-21,600703.SH,600703.SH,23.959703251759073,24.37134573053379,23.537505837631162,23.959703251759073,572830.57,1305503048.0
2022-07-22,600703.SH,600703.SH,24.012485038818866,25.205193086900856,23.759166515332424,24.951874563414414,1084165.63,2529653555.0
2022-07-25,600703.SH,600703.SH,24.540233127370126,25.215749222059024,24.191920141046165,24.909655991653118,802660.23,1881114807.0
2022-07-26,600703.SH,600703.SH,24.6985520909797,24.909650826800043,24.18136018821987,24.434678671204278,496243.04,1148524322.0
2022-07-27,600703.SH,600703.SH,24.28691030904575,24.4135695544645,23.82249307584366,23.833048012961886,450403.89,1024501605.0
2022-07-28,600703.SH,600703.SH,24.044151672971807,24.761887543806786,24.044151672971807,24.255250458511505,630527.35,1459738042.0
2022-07-29,600703.SH,600703.SH,24.118045350700005,24.139155237221406,23.252540003322586,23.379199322450987,604946.4,1348557845.0
2022-08-01,600703.SH,600703.SH,23.05199715856536,23.72751355881636,22.48203019585358,23.71695861506244,529834.2,1163282596.0
2022-08-02,600703.SH,600703.SH,23.220865116868218,23.938600947753233,22.798667569288796,23.009766343078507,596648.41,1314864877.0
2022-08-03,600703.SH,600703.SH,23.00975520433012,24.255237366766337,22.967535470010247,23.548056816908485,832134.75,1868395942.0
2022-08-04,600703.SH,600703.SH,23.685264851904954,24.223566325811884,23.379171856938264,23.928028261706118,676198.48,1530149379.0
2022-08-05,600703.SH,600703.SH,23.833034301399973,26.081234614153825,23.76970471512522,25.912355717421143,1854789.05,4445990137.0
2022-08-08,600703.SH,600703.SH,26.01791130843969,26.01791130843969,24.899088347508815,25.141851820163627,1266475.48,3027659989.0
2022-08-09,600703.SH,600703.SH,24.90963200360231,25.564037590137623,24.43466020692345,25.45848830198677,856983.53,2025855692.0
2022-08-10,600703.SH,600703.SH,25.015174063031576,25.479590796691237,24.909624805381657,24.983509285736602,605989.58,1443748088.0
2022-08-11,600703.SH,600703.SH,25.17348633745341,25.64845777778272,25.025717444906515,25.215706021038237,760789.18,1829478201.0
2022-08-12,600703.SH,600703.SH,25.12069901172382,25.59567021152532,24.67739255857575,24.71961222078033,630798.83,1500834128.0
2022-08-15,600703.SH,600703.SH,25.03625582755796,25.490117126286876,24.846267376927248,25.331793417427953,653012.2,1561566358.0
2022-08-16,600703.SH,600703.SH,25.300128675656165,25.32123850350402,24.804047721231534,25.046810741481888,499191.05,1182828355.0
2022-08-17,600703.SH,600703.SH,24.930701148161635,25.521776196551578,24.592943977653093,25.363452522875704,664700.04,1582044305.0
2022-08-18,600703.SH,600703.SH,25.374016420272195,27.89664118085666,25.120698452682124,27.56943880605282,2628649.22,6754151650.0
2022-08-19,600703.SH,600703.SH,27.579990450765486,29.13156281825976,27.558880622636313,27.76997890392805,2456628.12,6614995929.0
2022-08-22,600703.SH,600703.SH,28.054951954417913,29.11044299860218,26.90446671625706,28.445483640766096,1431328.88,3810375020.0
2022-08-23,600703.SH,600703.SH,28.107719657558903,28.424366893656074,27.50608990897428,27.938841131640412,857107.52,2267465272.0
2022-08-24,600703.SH,600703.SH,27.875517843093757,28.097170957332672,26.302836223017664,26.418940235238043,988372.73,2516555716.0
2022-08-25,600703.SH,600703.SH,26.68280071531983,26.68280071531983,25.458431695154836,25.880627909004833,682443.48,1672736342.0
2022-08-26,600703.SH,600703.SH,25.965055405923618,26.55612983792838,25.616743687063668,26.038939709924215,610168.5,1513270118.0
2022-08-29,600703.SH,600703.SH,25.44786030011416,26.418910962748136,25.352866213552144,25.95449542844493,481196.06,1184831984.0
2022-08-30,600703.SH,600703.SH,25.891155300521003,27.104968125453702,25.870045512261303,26.292241277455282,677927.77,1703469487.0
2022-08-31,600703.SH,600703.SH,26.123362771623853,26.387235122852378,24.392360147564737,24.8462205916778,856609.88,2042349192.0
2022-09-01,600703.SH,600703.SH,24.804010490693848,25.17343192353397,24.614022325233215,24.867339879180722,376307.14,886761629.0
2022-09-02,600703.SH,600703.SH,24.761781725039963,25.521734105348095,24.677342571672394,25.300081327758225,409283.91,977938355.0
2022-09-05,600703.SH,600703.SH,25.310646419020024,25.490079692215744,24.835675989972525,24.9412249742053,328503.58,781178261.0
2022-09-06,600703.SH,600703.SH,24.951769908218328,25.84893591591653,24.951769908218328,25.84893591591653,509963.02,1232524740.0
2022-09-07,600703.SH,600703.SH,25.943920321911268,27.17884248532202,25.93336543162571,26.724982203042853,831186.65,2102853062.0
2022-09-08,600703.SH,600703.SH,26.735531430668175,26.819970535068236,26.04946370741771,26.11279303571775,459302.63,1145691395.0
2022-09-09,600703.SH,600703.SH,26.29222077851455,26.36610497981909,25.827805798886033,26.12334260410418,300563.92,742359071.0
2022-09-13,600703.SH,600703.SH,26.387206617460475,26.57719450510619,25.658919714818563,25.68002948011253,367784.93,908044398.0
2022-09-14,600703.SH,600703.SH,25.08894798307143,25.58502730793654,24.972844311294494,25.205051654848372,320777.08,768087244.0
2022-09-15,600703.SH,600703.SH,25.31059011017759,25.395029109711125,23.516261370089936,24.08622461694131,753860.37,1725531347.0
2022-09-16,600703.SH,600703.SH,23.91735786284085,24.054571301595008,23.16796138964504,23.16796138964504,370581.88,828451901.0
2022-09-19,600703.SH,600703.SH,22.851309331403424,23.11518126363672,22.049138657414208,22.154687430307522,586043.63,1246201623.0
2022-09-20,600703.SH,600703.SH,22.376334233492905,22.492437854515746,20.001487439843896,20.59256041959654,1618131.74,3218601200.0
2022-09-21,600703.SH,600703.SH,20.48701204176156,20.48701204176156,19.114878314080467,19.948713425517436,1346270.72,2511065762.0
2022-09-22,600703.SH,600703.SH,19.62151689629138,19.89594370602972,19.26265106817201,19.399864473041177,839479.31,1554345567.0
2022-09-23,600703.SH,600703.SH,19.44208664968995,19.558190315893313,18.78768416745283,18.924897591147708,705478.2,1276845752.0
2022-09-26,600703.SH,600703.SH,18.777136358849738,19.114892605889192,18.618813118049996,18.977679130529417,547528.22,983541643.0
2022-09-27,600703.SH,600703.SH,19.009347204549126,19.252109550859302,18.808804396727673,19.209890012370575,541909.92,978961731.0
2022-09-28,600703.SH,600703.SH,19.104350723749796,19.104350723749796,18.555496448813336,18.566051338715962,463227.8,823662055.0
2022-09-29,600703.SH,600703.SH,18.777147520052733,19.03046485590505,18.576604629169655,18.756037742065043,386750.85,688869889.0
2022-09-30,600703.SH,600703.SH,18.67159179383102,18.766585759995227,18.365500125079688,18.44993920611454,299884.49,527062848.0
2022-10-10,600703.SH,600703.SH,18.44993340163928,18.52381757430031,17.742756320455165,17.848305138542347,377689.09,644410329.0
2022-10-11,600703.SH,600703.SH,17.84830640966944,17.964410117834053,17.63720875846105,17.932745470152796,305692.41,516509608.0
2022-10-12,600703.SH,600703.SH,17.879972937847935,18.56604037643124,17.700539915449223,18.56604037643124,584202.57,1002390232.0
2022-10-13,600703.SH,600703.SH,18.344389431464972,18.661035969407404,18.259950354680324,18.376054085259216,416525.82,729490469.0
2022-10-14,600703.SH,600703.SH,18.566037579710283,19.11489144789956,18.428824112662966,19.07267191957731,580287.85,1037641894.0
2022-10-17,600703.SH,600703.SH,18.998782453067733,20.138709400251795,18.8932336616618,19.969831334002308,808062.38,1496806322.0
2022-10-18,600703.SH,600703.SH,19.96983521792412,19.96983521792412,19.378761871093385,19.537085088994477,518255.87,961274302.0
2022-10-19,600703.SH,600703.SH,19.505424436622402,19.65319280356651,19.178223052674735,19.188777936027883,367225.6,676034628.0
2022-10-20,600703.SH,600703.SH,19.030457270615916,20.085945749296776,18.99879261625549,19.73763455133209,713337.2,1329298062.0
2022-10-21,600703.SH,600703.SH,19.621539092816697,19.63209398205436,19.209898412547812,19.273227747973795,406757.01,746399855.0
2022-10-24,600703.SH,600703.SH,19.36821473364112,19.68486129604397,18.671592296354845,18.935464431690555,458976.05,835706038.0
2022-10-25,600703.SH,600703.SH,18.829910324168058,19.262660505384922,18.386605260482487,18.84046520663676,386002.37,690664527.0
2022-10-26,600703.SH,600703.SH,18.882691450814136,19.48431996545718,18.882691450814136,19.29433201346464,448123.43,816729421.0
2022-10-27,600703.SH,600703.SH,19.209885018040175,19.716519348186292,18.956567852967122,19.389318009966928,606877.96,1111295110.0
2022-10-28,600703.SH,600703.SH,19.188781613676465,19.505428174958254,18.249396815207156,18.312726127463513,579920.07,1036248766.0
2022-10-31,600703.SH,600703.SH,16.993364619071542,18.354944765568575,16.993364619071542,18.22828614728978,652989.19,1108958487.0
2022-11-01,600703.SH,600703.SH,18.228282993362992,19.347100594576933,18.217728110332672,19.093783401849247,574019.22,1026711391.0
2022-11-02,600703.SH,600703.SH,19.157119050745244,19.716528036800064,19.14656416421591,19.262667916038605,585580.54,1078449222.0
2022-11-03,600703.SH,600703.SH,19.167667665129965,20.413143868040393,19.104338366676895,20.159826674228103,896002.74,1682829863.0
2022-11-04,600703.SH,600703.SH,20.064838085414966,20.81423498392336,19.93817945468115,20.55036283656125,911942.3,1764344006.0
2022-11-07,600703.SH,600703.SH,21.996382054615644,22.608565432335276,21.426418220187024,21.743064794869593,1746360.87,3655836274.0
2022-11-08,600703.SH,600703.SH,21.531967722762687,22.566346564346386,20.856455009891704,21.162546707911368,1183860.11,2405779133.0
2022-11-09,600703.SH,600703.SH,21.109777486259837,21.43697903729686,20.80368571270907,21.173106818718615,523281.6,1048757067.0
2022-11-10,600703.SH,600703.SH,21.10978314298666,21.373655432273992,20.529264106554525,20.560928781269006,597061.81,1182493030.0
2022-11-11,600703.SH,600703.SH,21.26811684151439,21.320891324992093,20.58204855630425,20.698152419955196,464602.11,920802584.0
2022-11-14,600703.SH,600703.SH,20.58205416670865,21.099244245769533,20.455395371836598,20.560944367563312,365643.96,719296593.0
2022-11-15,600703.SH,600703.SH,20.592614086420053,21.795872931039163,20.476510162816453,21.648104300998224,851114.06,1720486555.0
2022-11-16,600703.SH,600703.SH,21.531994937731376,21.584769435127775,20.97258526532953,21.05702446116377,533903.78,1075075777.0
2022-11-17,600703.SH,600703.SH,21.067574284117903,21.162568356541282,20.349841292474608,21.02535469637418,632526.9,1244640384.0
2022-11-18,600703.SH,600703.SH,20.898706317588193,21.152023969922592,20.233747480210386,20.392071012919388,579135.09,1131638895.0
2022-11-21,600703.SH,600703.SH,20.170418067126782,20.48706513254479,20.128198458404384,20.392071012919388,284459.37,547635525.0
2022-11-22,600703.SH,600703.SH,20.42373844262595,20.634836514384357,19.90654816681785,19.948767781169533,473423.3,907482885.0
2022-11-23,600703.SH,600703.SH,19.948771923884884,20.12820532214205,19.589905127370553,19.822113054526888,373540.17,702119671.0
2022-11-24,600703.SH,600703.SH,19.927655807777253,20.033204832182854,18.893275368602374,19.083263612532452,957691.78,1748392815.0
2022-11-25,600703.SH,600703.SH,19.019941152781417,19.19937455988313,18.7349586826787,18.93550190238061,454077.99,815264629.0
2022-11-28,600703.SH,600703.SH,18.36554329511895,18.82995933246679,18.36554329511895,18.671635683370937,388763.92,686511828.0
2022-11-29,600703.SH,600703.SH,18.756077542371198,19.08327979550204,18.70330298541461,18.956620858806232,423628.92,759439136.0
2022-11-30,600703.SH,600703.SH,18.956614385813747,19.262706711642586,18.872175123516133,19.041053648111355,399606.89,719678448.0
2022-12-01,600703.SH,600703.SH,19.28382306694607,19.55825076248006,19.083279750978924,19.421036914713063,567894.05,1041991475.0
2022-12-02,600703.SH,600703.SH,19.378818971943033,19.43159353341347,19.188830550649474,19.220495287531737,295951.95,540387921.0
2022-12-05,600703.SH,600703.SH,19.31549564258382,19.46326446170741,19.178281739111913,19.410489883448985,358579.75,656949934.0
2022-12-06,600703.SH,600703.SH,19.35771234312637,19.737689248444006,19.30493777294336,19.58992045193159,517459.62,957078558.0
2022-12-07,600703.SH,600703.SH,19.684908516026834,19.70601833749175,19.347151372588304,19.421035747715486,355762.7,657912316.0
2022-12-08,600703.SH,600703.SH,19.452709906331577,19.494929569720252,19.14661734676369,19.16772717845803,301416.47,549005833.0
2022-12-09,600703.SH,600703.SH,19.093849889751155,19.44216224263219,19.08329496996688,19.241618766730987,309020.03,564017297.0
2022-12-12,600703.SH,600703.SH,19.25217012481044,19.463268481442135,18.87219308287339,19.283834878305193,480498.18,875623255.0
2022-12-13,600703.SH,600703.SH,19.157170842645943,19.25216507822931,18.756084070182833,18.924962711219933,349258.36,629794319.0
2022-12-14,600703.SH,600703.SH,19.368276981185556,19.48438109387931,19.051629401111676,19.09384907845486,492549.43,900787974.0
2022-12-15,600703.SH,600703.SH,19.06217583004754,19.73769036666052,18.84052262272141,19.526592073968963,693912.34,1283392097.0
2022-12-16,600703.SH,600703.SH,19.29438395200825,19.410488012988605,19.019956171509225,19.13606023248958,409554.65,744504790.0
2022-12-19,600703.SH,600703.SH,19.15717325462041,19.209947836589063,18.661092184115088,18.745531515264933,328761.25,588200043.0
2022-12-20,600703.SH,600703.SH,18.72442168247747,18.893300344777153,18.57665285296525,18.745531515264933,264082.6,468636358.0
2022-12-21,600703.SH,600703.SH,18.703314797141243,18.777199223540784,18.112239385944907,18.217788566515683,373679.32,649230870.0
2022-12-22,600703.SH,600703.SH,18.260003894121343,18.49221203612751,18.101680160935317,18.36555304957869,309934.33,537982813.0
2022-12-23,600703.SH,600703.SH,18.154462821126717,18.55554979043068,17.98558409720926,18.49222026896163,298149.5,516600618.0
2022-12-26,600703.SH,600703.SH,18.386663122300593,18.734975339887228,18.365553290931704,18.56609668893613,302276.16,531942591.0
2022-12-27,600703.SH,600703.SH,18.62941746379081,18.661082196023884,18.281105409227017,18.492203624114165,251480.82,438542887.0
2022-12-28,600703.SH,600703.SH,18.36555204995181,18.40777170983676,18.12278900561337,18.133343920584604,236725.12,408169888.0
2022-12-29,600703.SH,600703.SH,18.0488982430379,18.281106290609145,17.97501386426523,18.03834333178466,184617.28,317156978.0
2022-12-30,600703.SH,600703.SH,18.143893121012333,18.249442237481283,18.048898916190282,18.11222838607165,163881.11,281477401.0
2023-01-03,600703.SH,600703.SH,18.11222813624781,18.37610092378056,18.048898667239953,18.36554601227925,272386.93,471322690.0
2023-01-04,600703.SH,600703.SH,18.376103663336888,18.63997649020847,18.249444706438528,18.40776840256148,287879.29,502620666.0
2023-01-05,600703.SH,600703.SH,18.439427442324913,18.629415818948754,18.270548885325944,18.57664126988658,296710.54,520761437.0
2023-01-06,600703.SH,600703.SH,18.523860075491047,19.136044624994454,18.481640451387367,18.829952350242753,502107.79,897673347.0
2023-01-09,600703.SH,600703.SH,18.787739959468734,19.072722531887642,18.724410498931196,18.861624330095857,311547.35,557043694.0
2023-01-10,600703.SH,600703.SH,18.84050865856746,19.315479465085968,18.692739963206147,19.167710769724653,469436.86,851070533.0
2023-01-11,600703.SH,600703.SH,19.167719231146524,19.357707637622646,18.734967860839802,18.745522772310697,369294.97,666074471.0
2023-01-12,600703.SH,600703.SH,18.74551923184097,18.977727240343505,18.58719558968015,18.77718396027313,219488.91,391167761.0
2023-01-13,600703.SH,600703.SH,18.89328541936934,18.988279591868963,18.703297074370095,18.882730511313827,171944.89,306508525.0
2023-01-16,600703.SH,600703.SH,18.692740030001193,19.368254068352453,18.682185123151953,19.209930465613873,461165.53,837665687.0
2023-01-17,600703.SH,600703.SH,19.209921700626587,19.653227586025665,19.209921700626587,19.431574643326126,458160.02,844665871.0
2023-01-18,600703.SH,600703.SH,19.52657068767985,19.558235396903115,19.31547262619142,19.368247141563526,271007.7,498261854.0
2023-01-19,600703.SH,600703.SH,19.421014446919695,20.128192690367317,19.262690959580677,20.043753497119837,753090.55,1417508301.0
2023-01-20,600703.SH,600703.SH,20.10707543246505,20.170404803905882,19.917087318142546,20.08596564198477,393031.35,746443628.0
2023-01-30,600703.SH,600703.SH,20.434277753422055,20.571491395361353,20.064856409739324,20.107075991874492,498387.16,954583406.0
2023-01-31,600703.SH,600703.SH,20.043738958641185,20.180952548142155,19.843196020139775,19.88541558614007,374614.19,708129342.0
2023-02-01,600703.SH,600703.SH,19.948749261620236,20.64537225170856,19.885419898884933,20.634817357919346,716472.84,1388533423.0
2023-02-02,600703.SH,600703.SH,20.79313744502149,21.057009747623287,20.476490681899335,20.824802121333708,634542.52,1250101259.0
2023-02-03,600703.SH,600703.SH,20.835355793349304,21.289216127246988,20.687587312545414,21.08867318901313,667638.22,1328774851.0
2023-02-06,600703.SH,600703.SH,20.95144938733678,20.95144938733678,20.434259956616625,20.57147347905258,533912.15,1045025090.0
2023-02-07,600703.SH,600703.SH,20.571483696393116,20.74036196173036,20.487044563724496,20.634813045894585,266412.81,520552104.0
2023-02-08,600703.SH,600703.SH,20.68758936516354,20.86702253822873,20.39205237423263,20.529265977164837,299947.34,585075523.0
2023-02-09,600703.SH,600703.SH,20.423719888459736,20.983129270417546,20.286506266470084,20.898690118423918,561651.46,1102471042.0
2023-02-10,600703.SH,600703.SH,20.898683376910974,22.112495795266913,20.79313447096698,21.59530615614134,1088238.37,2238520176.0
2023-02-13,600703.SH,600703.SH,21.626966335109433,22.049161871177944,21.373649013468327,21.542527227895732,789504.24,1624203235.0
2023-02-14,600703.SH,600703.SH,21.542518092773427,22.070262289068708,21.436969253514366,21.6797315838102,580888.57,1197047589.0
2023-02-15,600703.SH,600703.SH,21.721960560167343,21.79584477975975,21.363094350718516,21.711405671654145,443888.75,909610627.0
2023-02-16,600703.SH,600703.SH,21.637524610029136,21.806402850887903,20.698139395252262,20.972566536647754,714461.42,1441311196.0
2023-02-17,600703.SH,600703.SH,20.898678387090584,21.07811148435348,20.23372043841043,20.318159543004736,698935.22,1361935688.0
2023-02-20,600703.SH,600703.SH,20.318158255741714,20.88812217564304,20.13872516984685,20.82479285120956,435114.34,845556260.0
2023-02-21,600703.SH,600703.SH,20.729806539533115,20.9831239310549,20.582038061145404,20.782580996100155,272182.44,535782633.99999994
2023-02-22,600703.SH,600703.SH,20.687588154301146,20.772027289624823,20.43427074833011,20.539819667484707,222781.17,434205509.0
2023-02-23,600703.SH,600703.SH,20.476485175803017,20.70869273965233,20.42371072947363,20.51870473286653,202180.89,393644304.0
2023-02-24,600703.SH,600703.SH,20.603140519777774,20.750908945636837,20.064841254148337,20.392042768550546,308336.4,596470002.0
2023-02-27,600703.SH,600703.SH,20.26538343947499,20.43426163480395,20.085950356937975,20.180944341810513,252114.13,483293819.0
2023-02-28,600703.SH,600703.SH,20.149276913982565,20.41314905795824,20.0859475994284,20.297045314608944,180616.91,346328639.0
2023-03-01,600703.SH,600703.SH,20.29704404999553,20.529251522226367,20.202050084082916,20.328708705299736,367342.98,708691916.0
2023-03-02,600703.SH,600703.SH,20.14927810481384,20.19149765034514,19.758747308649294,19.822076626946252,573963.92,1083868277.0
2023-03-03,600703.SH,600703.SH,19.969842254643407,20.31815345675928,19.927622714992996,20.307598571846675,496693.09,949773370.0
2023-03-06,600703.SH,600703.SH,20.360368074827143,20.402587604272092,19.90650813329393,20.085941133434968,316756.48,603660719.0
2023-03-07,600703.SH,600703.SH,20.043720722238316,20.191489068795104,19.653190092052526,19.674299855846353,320790.52,604956664.0
2023-03-08,600703.SH,600703.SH,19.67430027201346,19.95928208925829,19.526531922330953,19.959282089258288,285531.5,533721099.00000006
2023-03-09,600703.SH,600703.SH,19.853723606948495,20.402577210117723,19.853723606948495,20.107040654565065,378925.73,724187361.0
2023-03-10,600703.SH,600703.SH,19.874842456355452,20.402586547071213,19.874842456355452,20.180934028970594,442559.31,846926132.0
2023-03-13,600703.SH,600703.SH,20.170383232296356,20.233712536008436,19.61097438283968,20.012059973016168,404554.41,763254167.0
2023-03-14,600703.SH,600703.SH,19.895953481410984,20.67701478519051,19.632081419323306,20.634795255256485,820018.01,1575469737.0
2023-03-15,600703.SH,600703.SH,20.79312263392173,20.8986714797792,20.29704305839162,20.402591904249086,578805.13,1126612084.0
2023-03-16,600703.SH,600703.SH,20.244263003988568,20.930330311214455,20.085939779244132,20.603128980075955,660030.07,1281711931.0
2023-03-17,600703.SH,600703.SH,20.68755954606559,20.824772951218065,20.43424249039948,20.582010772871374,548177.03,1070823147.0000001
2023-03-20,600703.SH,600703.SH,20.52924262616375,21.00421224990533,20.307590135084347,20.835334161463877,694280.2,1365781551.0
2023-03-21,600703.SH,600703.SH,20.79312472086364,20.930338234250048,20.64535632183212,20.898673577314725,498384.9,984233046.0
2023-03-22,600703.SH,600703.SH,20.919777176949626,21.01477111973093,20.63479534860571,20.75089905644953,389736.42,766867418.0
2023-03-23,600703.SH,600703.SH,20.613679743509444,21.32085667275426,20.550350466263637,21.3103017932133,812513.15,1617265471.0
2023-03-24,600703.SH,600703.SH,21.320846858731798,21.468615104287363,20.824767748652395,21.00420061825558,656006.75,1310305413.0
2023-03-27,600703.SH,600703.SH,21.004208708918153,21.236416041378558,20.824775770198755,21.099202617651954,481620.09,960230550.0
2023-03-28,600703.SH,600703.SH,21.014758333975454,21.088642466741817,20.31813651074975,20.349801139078192,528443.99,1032568706.0
2023-03-29,600703.SH,600703.SH,20.318134165571802,21.36306677980121,20.24425004133336,21.215298531324326,891290.11,1772962937.0
2023-03-30,600703.SH,600703.SH,21.236415071818694,22.112469967922546,20.98309799342722,21.78526874166689,1111282.57,2270351928.0
2023-03-31,600703.SH,600703.SH,22.123028868557007,22.861870481533625,22.123028868557007,22.291906951523092,1457945.5,3103552041.0
2023-04-03,600703.SH,600703.SH,22.228580273574526,23.15740983866216,21.97526311945972,23.072970787290558,1470470.32,3152855812.0
2023-04-04,600703.SH,600703.SH,23.3051869488857,24.75120624779754,23.13630878258943,23.89626053092266,2123227.2,4832444632.0
2023-04-06,600703.SH,600703.SH,23.22075784084756,24.920095119200496,23.009660042294403,23.980709915638936,1899792.06,4326637509.0
2023-04-07,600703.SH,600703.SH,23.906832317235665,23.949051888656832,22.79856856743004,23.136325138799375,1563028.62,3441752321.0
2023-04-10,600703.SH,600703.SH,22.96745086261208,23.167993861872016,22.091394602687075,22.249718023155445,1052504.22,2252954457.0
2023-04-11,600703.SH,600703.SH,22.175844404670407,22.481936497833395,22.00696600844255,22.42916199901219,642375.31,1355793137.0
2023-04-12,600703.SH,600703.SH,22.291938029289827,23.326317729512557,22.070285236384958,22.904121933503276,938148.55,2020862995.0
2023-04-13,600703.SH,600703.SH,22.69302337963089,22.745797852606774,21.88029649580225,21.91196117958778,762683.86,1606525502.0
2023-04-14,600703.SH,600703.SH,22.080832125932677,22.62968646175892,21.626971809768666,22.524137551023102,771777.52,1624066661.0
2023-04-17,600703.SH,600703.SH,22.37635780808264,22.524126208702057,22.059711235326755,22.2180345217047,493039.73,1039268508.0
2023-04-18,600703.SH,600703.SH,22.091368647755623,22.27080164680572,21.384191533852317,21.56362453290241,788674.21,1619231371.0
2023-04-19,600703.SH,600703.SH,21.563618321291163,21.80638054419361,21.151978030282667,21.21530730582244,683198.24,1386555304.0
2023-04-20,600703.SH,600703.SH,21.10975486285326,21.55305971497318,21.08864510799041,21.363071921207496,623313.97,1256628470.0
2023-04-21,600703.SH,600703.SH,21.320856751604413,21.63750313900448,20.592570060584265,20.740338374704294,818219.73,1635687293.0
2023-04-24,600703.SH,600703.SH,20.539795197281027,21.500289217297766,20.539795197281027,20.96199037091476,752135.01,1505037387.0
2023-04-25,600703.SH,600703.SH,20.9408839296003,20.993658334664815,18.861572370058337,19.188773681458336,1445388.36,2663287099.0
2023-04-26,600703.SH,600703.SH,18.998780370942942,19.252097442555513,18.692688909411082,19.051554760862228,479214.45,864799757.0
2023-04-27,600703.SH,600703.SH,18.998772266943405,19.18875998961284,18.597687074641268,18.682126062494348,451214.1,806085552.0
2023-04-28,600703.SH,600703.SH,18.407703493186535,19.188764306544222,18.365483989761795,18.766569272296824,786499.51,1402310666.0
2023-05-04,600703.SH,600703.SH,18.777124296588767,18.967112063501975,18.597691405615183,18.69268528907179,345888.7,614966712.0
2023-05-05,600703.SH,600703.SH,18.703249314491813,18.82990788772765,18.44993216802014,18.555480979050003,285311.02,502721990.0
2023-05-08,600703.SH,600703.SH,18.587145622358964,18.7138041955948,18.471041930226114,18.555480979050003,390956.62,687747171.0
2023-05-09,600703.SH,600703.SH,18.555480979050003,18.787688363315706,18.175505259342494,18.555480979050003,466684.08,819306464.0
2023-05-10,600703.SH,600703.SH,18.481599051522654,18.903794346817286,18.376050227698993,18.808800405375994,331190.88,584571559.0
2023-05-11,600703.SH,600703.SH,18.829903591015483,19.378757283130284,18.756019440153874,19.273208496185134,458286.81,827314570.0
2023-05-12,600703.SH,600703.SH,19.399861297208655,19.399861297208655,18.9037821454302,18.967111398848726,280449.25,507185036.0
2023-05-15,600703.SH,600703.SH,18.840449582482776,19.27319940482552,18.81933983505142,19.167650667668752,267663.93,483644993.0
2023-05-16,600703.SH,600703.SH,19.104323425390895,19.420969670010628,19.072658800928917,19.357640421086682,308005.11,562782278.0
2023-05-17,600703.SH,600703.SH,19.27320930701291,19.568745922892624,19.2204349113201,19.505416648061257,311237.07,573616507.0
2023-05-18,600703.SH,600703.SH,19.64262031973912,19.790388554277726,19.368193598453136,19.378748472348747,277262.16,512354550.0
2023-05-19,600703.SH,600703.SH,19.399866920934755,19.79039743022452,19.34709252778749,19.674293765300536,345820.19,642201774.0
2023-05-22,600703.SH,600703.SH,19.674300213802212,19.769294152602757,19.46320257202322,19.579306275001663,208101.67,385974115.0
2023-05-23,600703.SH,600703.SH,19.52653543450457,19.52653543450457,19.051565653665268,19.051565653665268,282674.5,515088043.0
2023-05-24,600703.SH,600703.SH,18.90378922444846,19.52652711626446,18.86156970635924,19.325984405340662,300548.04,549443159.0
2023-05-25,600703.SH,600703.SH,19.32598061160473,19.505413528260814,19.12543794004794,19.410419631207596,233465.81,427794324.0
2023-05-26,600703.SH,600703.SH,19.420966097754107,19.737612284130535,19.29430762320354,19.716502538372108,306185.52,568433093.0
2023-05-29,600703.SH,600703.SH,19.632061728088157,19.716500703262728,18.99876941427886,19.05154377376297,427459.36,781730575.0
2023-05-30,600703.SH,600703.SH,19.062094868909366,19.22041791599333,18.65045494649106,19.17819843677094,346480.88,620419172.0
2023-05-31,600703.SH,600703.SH,19.209871498527477,20.845877038237237,19.178206875178258,20.845877038237234,1252712.27,2377052098.0
2023-06-01,600703.SH,600703.SH,20.529225720602874,20.529225720602874,19.8537139231126,20.244244181036667,655938.36,1259033950.0
2023-06-02,600703.SH,600703.SH,20.244243949793994,20.46589625581364,20.138695232641783,20.328682923515768,407622.06,783152294.0
2023-06-05,600703.SH,600703.SH,20.318133136521055,20.91976097484921,20.27591363909452,20.666443990289984,463582.41,906609210.0
2023-06-06,600703.SH,600703.SH,20.582006804843942,20.79310431053465,19.948714287771818,20.17036666874706,520160.46,999874494.0
2023-06-07,600703.SH,600703.SH,20.03314944550117,21.436947588942505,19.853716600098892,21.394728095906675,1281199.45,2535614493.0
2023-06-08,600703.SH,600703.SH,20.898652369284292,20.99364624369013,20.06481724949972,20.085926999367683,1394416.44,2691469143.0
2023-06-09,600703.SH,600703.SH,20.107044562507888,20.170373836720508,18.893233473432606,19.230989602566595,1020346.98,1871328655.0
2023-06-12,600703.SH,600703.SH,18.98823295947296,19.030452488009868,18.597702320506592,18.766580434654212,715930.77,1278201437.0
2023-06-13,600703.SH,600703.SH,18.259947903115098,18.29161255265807,17.193904701834967,17.879972108599407,1914445.57,3209334000.0
2023-06-14,600703.SH,600703.SH,17.89052598915892,18.28105664496947,17.74275763290628,18.08051387576946,916007.05,1564526542.0
2023-06-15,600703.SH,600703.SH,18.164956607341402,18.249395685121023,17.879974719835175,18.228285915676118,763628.55,1308382131.0
2023-06-16,600703.SH,600703.SH,18.259948323744773,18.59770459331693,18.10162507238282,18.53437529277215,635811.05,1107453034.0
2023-06-19,600703.SH,600703.SH,18.55548417098829,18.787691595198613,18.42882557596448,18.513264639313686,687610.14,1211981284.0
2023-06-20,600703.SH,600703.SH,18.50270055839284,18.57658470209435,18.238828616601726,18.30215788263159,549897.48,956405390.0
2023-06-21,600703.SH,600703.SH,18.302166384697834,18.312721267272636,17.858861316556368,17.858861316556368,515166.51,880920534.0
2023-06-26,600703.SH,600703.SH,17.80608252257137,18.238832601661723,17.679423962837607,18.017180122127638,447358.22,764581379.0
2023-06-27,600703.SH,600703.SH,18.048847953367357,18.228280944716623,17.953854016770688,18.027738189679205,328129.23,561795673.0
2023-06-28,600703.SH,600703.SH,18.091060929422177,18.091060929422177,17.679420686570683,17.83774385689818,355072.4,601244154.0
2023-06-29,600703.SH,600703.SH,17.83775085004527,18.207171725637927,17.83775085004527,18.038293611081283,311283.75,531308333.0
2023-06-30,600703.SH,600703.SH,18.048847373039923,18.259945003133954,17.99607296551641,18.196615714105743,342213.52,589476829.0
2023-07-03,600703.SH,600703.SH,18.21773180824644,18.41827462652957,18.207176923073643,18.344390430319997,344635.27,598565035.0
2023-07-04,600703.SH,600703.SH,18.998784867125227,19.304876401095576,18.71380309411835,18.808797018453976,1026279.54,1843573912.0
2023-07-05,600703.SH,600703.SH,18.745287223662785,18.925225045685522,18.41716531291544,18.470088201745657,528550.24,930273780.0
2023-07-06,600703.SH,600703.SH,18.692368217993057,18.904059817290825,18.45950745876551,18.597106998309062,488038.88,860149434.0
2023-07-07,600703.SH,600703.SH,18.374833505425176,18.385418086937516,17.993788570980875,18.09963438610429,477350.82,818731405.0
2023-07-10,600703.SH,600703.SH,18.110218967616632,18.21606478274005,18.014957734005556,18.09963438610429,286383.0,489869047.0
2023-07-11,600703.SH,600703.SH,18.099638499657562,18.24782267450856,18.067884747903776,18.16314600316513,308076.75,528229730.0
2023-07-12,600703.SH,600703.SH,17.729173858812683,17.983203812610597,17.59157430050548,17.85618883571164,452423.28,762062517.0
2023-07-13,600703.SH,600703.SH,17.866765710703298,18.20547216967398,17.866765710703298,18.110210978088475,334585.64,571958085.0
2023-07-14,600703.SH,600703.SH,18.13137191334483,18.268971349931803,18.099618197209377,18.12078734129968,282829.93,485367026.0
2023-07-17,600703.SH,600703.SH,18.152547175553124,18.152547175553124,17.887932785238938,18.08903972187772,179069.35,304728965.0
2023-07-18,600703.SH,600703.SH,18.131375532588905,18.32189786743222,18.05728351348317,18.09962181011502,352648.68,605318938.0
2023-07-19,600703.SH,600703.SH,18.00435520620791,18.110200915827004,17.803248357931633,17.877340354664998,307700.67,519878291.0
2023-07-20,600703.SH,600703.SH,17.887929627901784,17.95143707036771,17.623315284293767,17.676238153015372,323393.66,541981126.0
2023-07-21,600703.SH,600703.SH,17.65507338988669,17.760919153615028,17.358705251447343,17.47513559154852,347532.15,576344923.0
2023-07-24,600703.SH,600703.SH,17.464549876414587,17.54922648187599,17.2846120898091,17.36928869527051,228016.17,375195533.0
2023-07-25,600703.SH,600703.SH,17.549225214140822,17.729162987747817,17.43279489004218,17.729162987747817,336594.68,560134688.0
2023-07-26,600703.SH,600703.SH,17.72916484782187,17.782087727964623,17.580980783422163,17.655072815622017,199329.27,332443092.0
2023-07-27,600703.SH,600703.SH,17.655080100482156,17.697418422066047,17.3692964297909,17.443388492562708,275171.82,456568956.0
2023-07-28,600703.SH,600703.SH,17.411639910377684,17.72917741634202,17.284624907991947,17.718592832809872,306694.94,508971514.0
2023-07-31,600703.SH,600703.SH,17.53866276743503,17.98321547487756,17.53866276743503,17.962046298332677,369829.95,625080009.0
2023-08-01,600703.SH,600703.SH,17.972634525823448,18.025557477901845,17.813865669588257,17.877373212082336,207026.17,349902850.0
2023-08-02,600703.SH,600703.SH,17.898547151695293,17.94088552461474,17.792701219396683,17.83503959231613,187366.38,316036437.0
2023-08-03,600703.SH,600703.SH,17.887960188152366,18.07848284104393,17.84562182084313,17.972636922770842,276432.68,468751266.0
2023-08-04,600703.SH,600703.SH,17.993808689065865,18.09965462253096,17.866793568907752,17.993808689065865,327768.7,557212777.0
2023-08-07,600703.SH,600703.SH,17.86679997660419,17.887969170889267,17.676277228038508,17.708031019466123,293475.48,492047178.0
2023-08-08,600703.SH,600703.SH,17.708032805149927,17.739786599779602,17.581017626631215,17.63394061768068,201814.54,336352920.0
2023-08-09,600703.SH,600703.SH,17.63394704360819,17.655116247742175,17.464593410536324,17.485762614670307,231414.15,383177185.0
2023-08-10,600703.SH,600703.SH,17.475174373248468,17.697450970364287,17.46458977338581,17.68686637050163,169517.59,282328280.0
2023-08-11,600703.SH,600703.SH,17.6974528953875,17.835052708569343,17.57043768321965,17.6127760872756,248705.77,415470314.0
2023-08-14,600703.SH,600703.SH,17.4645896854084,17.856219878353922,17.305820688268327,17.856219878353922,331338.59,551382536.0
2023-08-15,600703.SH,600703.SH,17.856213163824957,18.014982101262643,17.72919801387481,17.93030533462921,288086.66,486750001.0
2023-08-16,600703.SH,600703.SH,17.86680035305013,17.898554145146782,17.686862197835765,17.79270817149127,201418.94,338433178.0
2023-08-17,600703.SH,600703.SH,17.739779438724668,17.782117814473413,17.581010529666866,17.581010529666866,276880.89,462255989.0
2023-08-18,600703.SH,600703.SH,17.623353055841985,17.7186144237114,17.475168705822895,17.52809168797257,232727.1,386860474.0
2023-08-21,600703.SH,600703.SH,17.506927225571857,17.581019420601486,17.43283503054223,17.549265622731642,252913.01,418493129.0
2023-08-22,600703.SH,600703.SH,17.655117168870966,17.856224618636283,17.528101937440237,17.83505541339783,272444.42,455144227.0
2023-08-23,600703.SH,600703.SH,17.750375922411127,17.80329892754652,17.57043770495079,17.591606907004948,176996.25,295071305.0
2023-08-24,600703.SH,600703.SH,17.602197054362964,17.75038151543397,17.581027845638534,17.602197054362964,200792.65,334922311.0
2023-08-25,600703.SH,600703.SH,17.528110872833658,17.676295385043606,15.845158198449269,15.887496630509252,919505.62,1435218753.0
2023-08-28,600703.SH,600703.SH,16.914197940319262,16.914197940319262,15.665214613061645,16.141521814134464,585158.43,895309353.0
2023-08-29,600703.SH,600703.SH,15.982745786879155,16.490806580104454,15.908653587867134,16.40612978123357,359520.81,554375455.0
2023-08-30,600703.SH,600703.SH,16.50138959633652,16.97769654427439,16.437882003278133,16.543727991708774,519790.47,820530994.0
2023-08-31,600703.SH,600703.SH,16.448460676066393,16.702490956777844,16.40612229594782,16.62839879157034,240276.06,375831918.0
2023-09-01,600703.SH,600703.SH,16.70249470283173,16.72366389763887,16.448464365146073,16.564894936585333,187576.81,292833040.0
2023-09-04,600703.SH,600703.SH,16.638979526676106,16.81891760043787,16.511964415785446,16.81891760043787,255461.2,402355104.0
2023-09-05,600703.SH,600703.SH,16.81891657852895,16.998854641357763,16.691901475355664,16.723655251148987,266643.8,424260002.0
2023-09-06,600703.SH,600703.SH,16.681311667252924,16.967095560029467,16.67072707863157,16.924757205544054,315131.28,501172381.0
2023-09-07,600703.SH,600703.SH,16.829503870178172,16.850673057436257,16.4907968740488,16.53313524856497,284202.19,446515421.0
2023-09-08,600703.SH,600703.SH,16.490796474144346,16.670734561474546,16.480211880771982,16.58605781449563,144861.15,227008044.0
2023-09-11,600703.SH,600703.SH,16.617812947103385,16.82950483177986,16.54372078746662,16.77658186061074,217893.48,344143271.0
2023-09-12,600703.SH,600703.SH,16.734245980530826,16.84009193866195,16.638984618212813,16.67073840565215,157881.13,249197301.0
2023-09-13,600703.SH,600703.SH,16.734245444863536,16.75541463581213,16.310861625891658,16.533138130851892,204308.18,318528769.0
2023-09-14,600703.SH,600703.SH,16.53314491367779,16.69191391092822,16.40612971587745,16.511975714044404,198303.83,309935188.0
2023-09-15,600703.SH,600703.SH,16.511978618160732,16.850685871866595,16.31087118627288,16.850685871866595,319833.08,502001023.0
2023-09-18,600703.SH,600703.SH,16.586065346910267,16.77658811413706,16.35320418696641,16.649572935985866,209957.0,329944629.0
2023-09-19,600703.SH,600703.SH,16.575474754918766,16.723659075843965,16.459044217048966,16.596643943622365,153282.21,239846070.0
2023-09-20,600703.SH,600703.SH,16.596641204266565,16.74482550073323,16.416703129985613,16.416703129985613,149412.71,233539584.0
2023-09-21,600703.SH,600703.SH,16.353190126845348,16.4272822503974,15.993314098163962,16.23675964697784,215707.15,330439406.0
2023-09-22,600703.SH,600703.SH,16.183841489085047,16.51196384759495,16.152087712455057,16.459040886544965,220861.35,342197510.0
2023-09-25,600703.SH,600703.SH,16.511957988857777,16.511957988857777,16.205004923680292,16.257927865952272,170689.68,262502992.00000003
2023-09-26,600703.SH,600703.SH,16.25792035079717,16.25792035079717,16.09915159737142,16.120320764494853,136932.0,208943037.0
2023-09-27,600703.SH,600703.SH,16.19440634825325,16.448436251755258,16.10972971375258,16.10972971375258,212449.48,325696821.0
2023-09-28,600703.SH,600703.SH,16.12032058646932,16.353181422255478,15.982721001686585,16.321427671921,245566.69,375610875.0
2023-10-09,600703.SH,600703.SH,16.24732812481508,16.374343067810376,16.194405231900372,16.26849728198096,193073.44,296987509.0
2023-10-10,600703.SH,600703.SH,16.353167143449863,16.564858627507466,16.32141342084122,16.395505440261385,198120.7,307729738.0
2023-10-11,600703.SH,600703.SH,16.427258444626336,17.337531786274447,16.384920149665962,16.94590255789096,642006.39,1025034298.0
2023-10-12,600703.SH,600703.SH,17.03057461479687,17.136420324024943,16.9247289055688,17.01999004387406,320421.75,514944915.0
2023-10-13,600703.SH,600703.SH,16.93532058075635,17.305780718460397,16.86122855321554,17.15759666337878,383652.74,621669429.0
2023-10-16,600703.SH,600703.SH,17.178764617357267,17.210518341234085,16.649535886077008,16.713043333830637,280189.18,445552831.0
2023-10-17,600703.SH,600703.SH,16.70245981498624,16.82947471852226,16.596614062039563,16.744798116164915,144485.62,228111092.0
2023-10-18,600703.SH,600703.SH,16.68128505341732,16.808299914230144,16.27907132751005,16.300240470978853,245300.67,380913434.0
2023-10-19,600703.SH,600703.SH,16.194397292272807,16.56485736105029,16.152058998698237,16.20498186566645,192675.29,298126340.0
2023-10-20,600703.SH,600703.SH,16.173230129100965,16.268491301327344,14.945419464849843,15.188864682761704,609468.45,891000180.0
2023-10-23,600703.SH,600703.SH,15.125364426938212,15.188871905287847,14.818411614914973,14.913672832439426,266335.84,377540083.0
2023-10-24,600703.SH,600703.SH,15.114772754652444,15.485232871188044,14.892496684731086,15.315879675057484,310884.0,447197480.0
2023-10-25,600703.SH,600703.SH,15.347627676485612,15.792179650563126,15.326458534862873,15.612241946769846,296088.66,434819212.0
2023-10-26,600703.SH,600703.SH,15.527564035202193,15.538148605096673,15.114765809317472,15.273534357734674,353996.84,510505039.0
2023-10-27,600703.SH,600703.SH,15.241780648051233,15.442887476046353,15.210026938367792,15.273534357734674,391438.48,566959235.0
2023-10-30,600703.SH,600703.SH,15.09359603812307,16.046207288776,15.051257760316275,15.940361594259008,686263.05,1021600073.0
2023-10-31,600703.SH,600703.SH,15.876857250488332,16.056794965993866,15.62282753448052,15.749842392484425,294258.63,439095288.0
2023-11-01,600703.SH,600703.SH,15.739251764997121,16.003865950689743,15.696913495286301,15.845097439274172,217465.46,326072210.0
2023-11-02,600703.SH,600703.SH,15.813344680431223,15.982697769378278,15.612237887306597,15.612237887306597,205012.6,305054314.0
2023-11-03,600703.SH,600703.SH,15.612237108252812,15.982696971838472,15.580483405659756,15.908604999121339,353749.0,530090427.99999994
2023-11-06,600703.SH,600703.SH,15.972116153288319,16.33199153381304,15.972116153288319,16.279068683735876,440356.42,673714235.0
2023-11-07,600703.SH,600703.SH,16.27907146775415,16.27907146775415,16.099133746719158,16.21556403680062,255489.41,390250809.0
2023-11-08,600703.SH,600703.SH,16.17321930155876,16.236726707193153,15.908605111415456,16.035619922684244,316892.03,481150137.0
2023-11-09,600703.SH,600703.SH,16.04620540018149,16.17322021865258,15.81334489965115,15.866267740680774,274659.88,413878975.0
2023-11-10,600703.SH,600703.SH,15.86627483009004,16.035627997055645,15.771013673671888,15.823936538348638,201082.84,301586648.0
2023-11-13,600703.SH,600703.SH,15.91919769476679,15.961535986508192,15.749844527801189,15.823936538348638,200346.36,299937925.0
2023-11-14,600703.SH,600703.SH,15.823943083272354,16.046219206850093,15.665174423573971,15.866281392525257,299499.0,450313049.0
2023-11-15,600703.SH,600703.SH,15.993298266443068,16.025052002246728,15.135947399744268,15.569915122394278,687106.5,1014419494.0
2023-11-16,600703.SH,600703.SH,15.485244508511865,15.55933658749996,15.34764493324826,15.36881409867343,336019.09,489686439.0
2023-11-17,600703.SH,600703.SH,15.262971943840698,15.495832819544232,15.262971943840698,15.485248234284981,207802.18,302129017.0
2023-11-20,600703.SH,600703.SH,15.527587414938235,15.696940788243628,15.347649455801255,15.464079899948713,296901.25,433626245.0
2023-11-21,600703.SH,600703.SH,15.538173404563294,15.580511751714692,15.3264816688063,15.347650842381999,289542.44,422955334.0
2023-11-22,600703.SH,600703.SH,15.34765676603671,15.358241356909838,15.061872812462234,15.083041994208491,304353.95,436334636.0
2023-11-23,600703.SH,600703.SH,15.07246451298508,15.167725875777823,14.977203150192338,15.146556684046104,256868.93,366030253.0
2023-11-24,600703.SH,600703.SH,15.146557489714011,15.146557489714011,14.83960419327676,14.924280964707727,307182.51,433738087.0
2023-11-27,600703.SH,600703.SH,14.924282451824688,14.945451646791815,14.34212959022869,14.871359464406872,359276.84,500222045.0
2023-11-28,600703.SH,600703.SH,14.881949294641514,15.061887515131488,14.83961088982034,15.051302913926195,232508.92,328863323.0
2023-11-29,600703.SH,600703.SH,15.051300018198143,15.25240740240754,14.744346642299586,14.744346642299584,388821.0,550944409.0
2023-11-30,600703.SH,600703.SH,14.744352197986393,14.807859816929623,14.532660134842297,14.691429182200372,280350.02,388148819.0
2023-12-01,600703.SH,600703.SH,14.627919280286724,14.680842287813086,14.41622725018127,14.649088483297268,305384.73,419915089.0
2023-12-04,600703.SH,600703.SH,14.649093593444412,14.733770435025017,14.553832146666235,14.56441675186381,273884.47,378554776.0
2023-12-05,600703.SH,600703.SH,14.47973298942171,14.47973298942171,14.162194985267726,14.172779585406193,326636.47,441640598.0
2023-12-06,600703.SH,600703.SH,14.098692879470988,14.437400215914735,14.098692879470988,14.257461943428995,278257.24,375347558.0
2023-12-07,600703.SH,600703.SH,14.257463721618796,14.268048327202775,13.98226397643536,14.172786876946969,294262.73,392436780.0
2023-12-08,600703.SH,600703.SH,14.088108883062961,14.691431352134778,14.088108883062961,14.532662281326406,644018.4,883839700.0
2023-12-11,600703.SH,600703.SH,14.606754777460274,14.691431616749899,14.373893469413806,14.691431616749899,314141.81,431386260.0
2023-12-12,600703.SH,600703.SH,14.59617017254907,14.754939246217116,14.575000962726664,14.691431616749899,182997.06,253555363.0
2023-12-13,600703.SH,600703.SH,14.702009145709054,14.723178345342903,14.405640350835148,14.426809550469,176585.28,242592698.0
2023-12-14,600703.SH,600703.SH,14.45856413837496,14.659671545863338,14.363302734827835,14.363302734827835,144485.66,197543849.0
2023-12-15,600703.SH,600703.SH,14.458568171327567,14.500906584713592,14.204537691011417,14.268045311090455,231662.04,314012269.0
2023-12-18,600703.SH,600703.SH,14.172778097030088,14.257454889245354,13.91874772038429,14.10927050286864,268773.82,357254836.0
2023-12-19,600703.SH,600703.SH,14.035180044482662,14.320964253533212,14.035180044482662,14.215118250181158,150225.28,201249439.0
2023-12-20,600703.SH,600703.SH,14.215115685047035,14.23628488189744,13.992839118117782,14.077515905519403,158200.42,210576177.0
2023-12-21,600703.SH,600703.SH,14.045767167982591,14.130443985875477,13.80232131654054,14.109274781402258,221989.83,293449550.0
2023-12-22,600703.SH,600703.SH,14.045764535717382,14.151610538247278,13.897580132175527,14.119856737488309,232180.29,307405563.0
2023-12-25,600703.SH,600703.SH,14.045771527106899,14.21512521545182,13.992848499499113,14.162202187844034,170228.93,226867221.0
2023-12-26,600703.SH,600703.SH,14.162207600286866,14.18337681942033,13.887007751551844,14.014023066352623,169453.95,223787588.0
2023-12-27,600703.SH,600703.SH,14.014025009517843,14.056363453655358,13.844671232967777,14.045778842620978,190767.23,251732866.0
2023-12-28,600703.SH,600703.SH,13.992855500416145,14.522086041279085,13.929347835512592,14.447993765558275,360850.12,488085008.0
2023-12-29,600703.SH,600703.SH,14.437408946258573,14.776116487519772,14.395070503600923,14.659685770211235,325110.07,449547550.0
2024-01-02,600703.SH,600703.SH,14.659690261143417,14.680859488957342,14.500921052538976,14.51150566644594,175496.15,241400325.0
2024-01-03,600703.SH,600703.SH,14.437418699834446,14.56443411361598,14.384495610758806,14.448003317649572,163972.73,223877608.0
2024-01-04,600703.SH,600703.SH,14.395074671252853,14.479751581083754,14.056367031929257,14.119874714302433,207980.03,278901288.0
2024-01-05,600703.SH,600703.SH,14.066946369232147,14.246884735129022,13.908177222852553,14.109284808266706,229988.14,305499398.0
2024-01-08,600703.SH,600703.SH,14.045778917344698,14.342148027883999,13.897594362075049,14.045778917344698,243266.58,322103122.0
2024-01-09,600703.SH,600703.SH,14.035201031672624,14.130462577136466,13.675324082142557,13.98227795085938,292819.45,384472483.0
2024-01-10,600703.SH,600703.SH,13.918770701158431,13.939939934163993,13.707078371102787,13.834093769136173,216882.26,283112892.0
2024-01-11,600703.SH,600703.SH,13.760006033297302,13.961113813783955,13.728252173220463,13.897606093630277,156064.33,204577366.0
2024-01-12,600703.SH,600703.SH,13.85527398546908,13.918781734829519,13.770596986321827,13.85527398546908,149972.66,196075233.0
2024-01-15,600703.SH,600703.SH,13.823519307587386,13.908196301814568,13.685919191968216,13.844688556144181,153444.41,200051480.0
2024-01-16,600703.SH,600703.SH,13.760006450753842,13.844683413527711,13.580067904859368,13.791760311794041,195523.17,253309933.0
2024-01-17,600703.SH,600703.SH,13.760008354185953,13.781177597807776,13.601239027022269,13.69650062332048,163160.75,210734905.0
2024-01-18,600703.SH,600703.SH,13.548318342958106,13.654164580012466,13.283702750322206,13.601241461485285,260721.03,331747769.0
2024-01-19,600703.SH,600703.SH,13.569489058474284,13.897612428843008,13.527150559071867,13.69650455668153,251787.05,326479716.0
2024-01-22,600703.SH,600703.SH,13.643585576761799,13.664754832893314,13.050846405079362,13.241369710263003,311564.55,391572653.0
2024-01-23,600703.SH,600703.SH,13.22020262033301,13.294295028933757,13.0402639137312,13.177864101132583,212550.8,264929810.0
2024-01-24,600703.SH,600703.SH,13.188448730932691,13.25195650973333,12.73330964952811,13.177864101132583,285651.71,351090270.0
2024-01-25,600703.SH,600703.SH,13.093193037592856,13.548332326692691,13.050854499071944,13.453070615020634,318414.43,401642113.0
2024-01-26,600703.SH,600703.SH,13.347223578527752,13.484823821605358,13.304885042196181,13.304885042196181,226269.07,286249357.0
2024-01-29,600703.SH,600703.SH,13.304879811774542,13.474233890524259,12.89207924482211,12.923833134587683,224976.33,278145218.0
2024-01-30,600703.SH,600703.SH,12.807402949031264,12.89207999332238,12.151155855775118,12.214663638993454,331017.16,388691893.0
2024-01-31,600703.SH,600703.SH,12.098235362286914,12.172327792327167,11.643096149182508,11.6536807820454,363101.62,405255157.0
2024-02-01,600703.SH,600703.SH,11.621923029870441,12.309923937831805,11.590169141810684,12.066477462707013,384261.57,436777889.0
2024-02-02,600703.SH,600703.SH,12.066482040774344,12.22525154131085,11.431404038628328,11.717189139594035,445756.69,496577741.0
2024-02-05,600703.SH,600703.SH,11.632512388742105,11.865374329190082,11.060942171278889,11.685435557025736,514949.55,559176401.0
2024-02-06,600703.SH,600703.SH,11.537252437821321,12.320515447361483,11.45257535570887,12.2675922710412,448825.92,510183354.0
2024-02-07,600703.SH,600703.SH,12.278180803291841,12.458119659891807,12.013564837703655,12.172334417056566,453068.76,523961611.0
2024-02-08,600703.SH,600703.SH,12.235838122038121,12.57454644375544,12.129991771501459,12.553377173648105,428420.78,502714376.0
2024-02-19,600703.SH,600703.SH,12.712141868837351,12.79681891708939,12.500449248207254,12.701557237805847,340624.57,407340494.0
2024-02-20,600703.SH,600703.SH,12.59571516134321,12.680392238058122,12.43694564250275,12.59571516134321,244861.61,290003236.0
2024-02-21,600703.SH,600703.SH,12.52161832566583,12.902665037182288,12.44752590953763,12.66980315792223,357371.35,429495399.0
2024-02-22,600703.SH,600703.SH,12.66979843697483,12.83915246787842,12.606290675385983,12.754475452426624,289751.2,348507542.0
2024-02-23,600703.SH,600703.SH,12.796810737172954,12.82856460996991,12.680379870250786,12.817979985704257,292227.48,352259080.0
2024-02-26,600703.SH,600703.SH,12.860320798893303,13.11435182701959,12.79681304186173,12.870905425065231,376423.27,458982592.0
2024-02-27,600703.SH,600703.SH,12.870899531868472,13.35779211284376,12.796807182589623,13.315453627541562,505515.4,626713409.0
2024-02-28,600703.SH,600703.SH,13.315452628882541,13.495391177921494,12.70154463804376,12.701544638043758,627415.34,778835249.0
2024-02-29,600703.SH,600703.SH,12.60628710672565,13.177856799222026,12.60628710672565,13.167272175286907,467295.06,574403026.0
2024-03-01,600703.SH,600703.SH,13.389543718520885,14.479759531175155,13.389543718520885,14.479759531175155,1100169.75,1464326727.0
2024-03-04,600703.SH,600703.SH,14.807883254231415,14.924314073242527,14.331575358276865,14.543267756478889,1513038.91,2084483323.0
2024-03-05,600703.SH,600703.SH,14.289240824172019,14.4903486579937,14.098717613183059,14.183394595844819,757091.35,1021233648.0
2024-03-06,600703.SH,600703.SH,14.119890048581974,14.320997927834641,13.802351291867236,14.056382297239026,657342.01,872073886.0
2024-03-07,600703.SH,600703.SH,13.982292994641337,14.268077938513644,13.823523581378945,13.865862091582247,513162.67,678952126.0
2024-03-08,600703.SH,600703.SH,13.855283132099474,14.01405261031299,13.81294460457587,13.971714082789385,416032.01,547495563.0
2024-03-11,600703.SH,600703.SH,13.97170996437698,14.47977214489978,13.791771275441823,14.363341228529974,712780.5,950819426.0
2024-03-12,600703.SH,600703.SH,14.363342914568545,14.448019954595479,14.130481054494478,14.246911984531511,559276.76,752511462.0
2024-03-13,600703.SH,600703.SH,14.27866776262966,14.395098708062518,14.066975134569915,14.08814439737589,489328.33,655756557.0
2024-03-14,600703.SH,600703.SH,13.971713185713735,14.07755949772672,13.675343512077383,13.88703613610335,461968.34,606073198.0
2024-03-15,600703.SH,600703.SH,13.823524954015229,13.939955868635572,13.717678667996736,13.79177106820968,396352.37,517764822.0
2024-03-18,600703.SH,600703.SH,13.918786160408645,14.066970956032765,13.844693762596583,14.045801699515035,391780.98,516952734.0
2024-03-19,600703.SH,600703.SH,14.003463982130889,14.119894899593806,13.950540837829562,13.971710095550092,345826.18,458705447.0
2024-03-20,600703.SH,600703.SH,13.971710095550092,14.024633239851418,13.84469454922691,13.971710095550092,281215.9,370190453.0
2024-03-21,600703.SH,600703.SH,14.024639643793536,14.172824515501544,13.876454772085529,13.908208673165817,340194.71,449950644.0
2024-03-22,600703.SH,600703.SH,13.844696167014213,13.961127098082375,13.55891115439236,13.70709597575184,428900.04,554491863.0
2024-03-25,600703.SH,600703.SH,13.68592436345991,13.68592436345991,13.220200719227709,13.241369975783718,385449.21,489340200.0
2024-03-26,600703.SH,600703.SH,13.209611332533685,13.389549948441596,13.08259583895163,13.25194983039437,257052.86,320827346.0
2024-03-27,600703.SH,600703.SH,13.199032711639191,13.273125116596265,12.65921661838049,12.65921661838049,326906.14,398564482.0
2024-03-28,600703.SH,600703.SH,12.638042287973372,13.082596539309119,12.627457662941568,12.870904038673048,298868.76,363800022.0
2024-03-29,600703.SH,600703.SH,12.88148526825479,13.008500735156234,12.722715934627985,12.84973140152943,215984.99,261759888.0
2024-04-01,600703.SH,600703.SH,12.870898848632017,13.326037541470155,12.870898848632017,13.188437471542347,362091.47,449385019.0
2024-04-02,600703.SH,600703.SH,13.18843656719235,13.18843656719235,12.892067206131845,12.966159546396971,247251.04,303513692.0
2024-04-03,600703.SH,600703.SH,12.902647066994867,13.0190778444657,12.7544624411229,12.91323168312858,242646.83,295406599.0
2024-04-08,600703.SH,600703.SH,12.913234752487556,12.913234752487556,12.458096150555617,12.468680769205196,313496.85,375175462.0
2024-04-09,600703.SH,600703.SH,12.48984498149405,12.786214184444756,12.48984498149405,12.73329111248927,226199.53,270524043.0
2024-04-10,600703.SH,600703.SH,12.754462240871938,12.80738532070958,12.288739138300679,12.436923761846082,274867.91,323626681.0
2024-04-11,600703.SH,600703.SH,12.362826148687681,12.500426097260405,12.278149257258313,12.34165692583034,256998.98,300497776.0
2024-04-12,600703.SH,600703.SH,12.320491795591751,12.426337945038416,12.193476416255754,12.23581487603442,207156.76,240421680.0
2024-04-15,600703.SH,600703.SH,12.24640332463458,12.415757216764357,12.024126341214245,12.172310996827802,261477.35,301455367.0
2024-04-16,600703.SH,600703.SH,12.17230826761009,12.182892883494969,11.759508248099834,11.801846711639348,335879.38,377125296.0
2024-04-17,600703.SH,600703.SH,11.812431072506278,12.256984930073719,11.812431072506278,12.256984930073719,287257.46,329331480.0
2024-04-18,600703.SH,600703.SH,12.256989207250752,12.373420020100284,12.066466058951518,12.193481491151006,226409.0,261771585.0
2024-04-19,600703.SH,600703.SH,12.098222657837049,12.151145766576494,11.886530222879271,11.960622575114494,246803.55,279461991.0
2024-04-22,600703.SH,600703.SH,11.854776357635602,12.045299549097605,11.759514761904603,11.960622575114494,162397.98,182614765.0
2024-04-23,600703.SH,600703.SH,12.172313389977107,12.267574973029102,11.875944020482013,11.928867122177566,220132.67,250055075.0
2024-04-24,600703.SH,600703.SH,11.981788864461562,12.098219674981946,11.865358053941176,12.034711960152645,170293.53,192804869.0
2024-04-25,600703.SH,600703.SH,11.928865413309094,12.22523474034783,11.897111556840658,12.077050076828462,201266.14,229905084.0
2024-04-26,600703.SH,600703.SH,12.08762934521708,12.37341392693412,12.055875502804076,12.362829312796453,307061.96,356431940.0
2024-04-29,600703.SH,600703.SH,12.373417902328155,13.18843345278091,12.320494814636419,13.177848835242559,638839.79,782171674.0
2024-04-30,600703.SH,600703.SH,13.177852726546682,13.463637484471793,13.082591140571648,13.262529691857827,461780.19,578988402.0
2024-05-06,600703.SH,600703.SH,13.442474830914382,13.558905715276634,13.29429006899879,13.326043946552133,323405.0,409348577.0
2024-05-07,600703.SH,600703.SH,13.326043946552131,13.368382449956588,13.156689932934313,13.326043946552133,234424.35,293905405.0
2024-05-08,600703.SH,600703.SH,13.315454682732042,13.47422401519705,13.1778545945957,13.188439216760036,210992.49,264840499.0
2024-05-09,600703.SH,600703.SH,13.13552229348521,13.368384090791151,13.13552229348521,13.34721483649061,211200.95,265839596.00000003
2024-05-10,600703.SH,600703.SH,13.368386976053905,13.421310123227515,13.167279016794186,13.24137142283724,173513.87,217183834.0
2024-05-13,600703.SH,600703.SH,13.093186156713207,13.336632625269718,12.97675523696879,13.124940043916231,187400.45,233354264.0
2024-05-14,600703.SH,600703.SH,13.220200424084101,13.326046704501106,13.082600259541993,13.103769515625395,173874.75,216253832.0
2024-05-15,600703.SH,600703.SH,13.114348772821403,13.16727189135579,12.860317803856338,12.870902427563216,182650.03,223737900.0
2024-05-16,600703.SH,600703.SH,12.98733936527142,13.135524166505162,12.892077707335444,13.029677879909634,212148.55,260989278.0
2024-05-17,600703.SH,600703.SH,13.029672939403794,13.315457804849693,12.955580566880782,13.315457804849693,269113.05,335740852.0
2024-05-20,600703.SH,600703.SH,13.357793477949338,13.516562814058087,13.31545498832034,13.410716589985588,296806.0,376263132.0
2024-05-21,600703.SH,600703.SH,13.368374547404366,13.463636123751666,13.209605253492201,13.421297645375088,262009.93,330881818.0
2024-05-22,600703.SH,600703.SH,13.42130224815838,13.675333205536774,13.42130224815838,13.580071596519875,338941.77,434478854.0
2024-05-23,600703.SH,600703.SH,13.527146410907335,13.58006951893123,13.273115492392643,13.283700113997424,230390.41,291469830.0
2024-05-24,600703.SH,600703.SH,13.230772032399313,13.378956679162185,13.08258738563644,13.09317200326236,211574.0,263855853.0
2024-05-27,600703.SH,600703.SH,13.124923934909921,13.326031640364185,12.944985461608736,13.304862408211104,279025.44,346878874.0
2024-05-28,600703.SH,600703.SH,13.368376183134336,13.632991705365816,13.294283836909521,13.31545307868804,363723.37,462086127.0
2024-05-29,600703.SH,600703.SH,13.241360073583317,13.35779089757166,13.072006147782092,13.188436971770436,215266.89,268995322.0
2024-05-30,600703.SH,600703.SH,13.167262690042067,13.400124248869178,13.040247294318188,13.326031934696916,277298.69,348030843.0
2024-05-31,600703.SH,600703.SH,13.378950809298592,13.484796939118992,13.251935453514111,13.26252006649615,268428.36,338952263.0
2024-06-03,600703.SH,600703.SH,13.188427046505536,13.220180883696159,12.944980961377425,13.019073248155545,333182.68,410827569.0
2024-06-04,600703.SH,600703.SH,13.082581456519685,13.093166069348584,12.754458458823805,12.966150715401792,247001.09,300488391.0
2024-06-05,600703.SH,600703.SH,12.923808592548623,13.230762277383928,12.881470153260993,13.0402393005896,240782.93,298105927.0
2024-06-06,600703.SH,600703.SH,13.050829070539573,13.283690578691942,12.817967562387203,12.849721404407983,289834.72,356276649.0
2024-06-07,600703.SH,600703.SH,12.870892006162217,13.040245848348562,12.754461239659106,12.89206123643551,204692.6,249460164.0
2024-06-11,600703.SH,600703.SH,12.881478720653439,13.378955713151969,12.817971019483412,13.37895571315197,398937.61,496540115.0
2024-06-12,600703.SH,600703.SH,13.378957247044982,13.463634191646532,13.241357212067461,13.29428030244343,329944.75,415631836.0
2024-06-13,600703.SH,600703.SH,13.294285694012665,13.4428251989737,13.198796012251998,13.368555446493183,284530.32,357968485.0
2024-06-14,600703.SH,600703.SH,13.368560401799792,13.368560401799792,13.103311187478367,13.166970998915511,290280.2,360843870.0
2024-06-17,600703.SH,600703.SH,13.10330806961539,13.485266847353166,13.029038307277489,13.421607051063537,361067.0,453358570.0
2024-06-18,600703.SH,600703.SH,13.410996714545735,13.538316303607877,13.336726954259484,13.44282661181127,311230.0,393747679.0
2024-06-19,600703.SH,600703.SH,13.37916754627326,13.495877175939404,13.156358253274261,13.241237983940547,278552.67,348475807.0
2024-06-20,600703.SH,600703.SH,13.166963416023052,13.400382590199126,13.029033904009916,13.029033904009916,313899.28,390109555.0
2024-06-21,600703.SH,600703.SH,12.933539895500951,13.029029525574378,12.647071005280667,13.007809607780285,316315.11,383568246.0
2024-06-24,600703.SH,600703.SH,12.912320438861144,12.965370235241018,12.445482230718259,12.477312108546183,325863.81,390360152.0
2024-06-25,600703.SH,600703.SH,12.58341460771073,12.68951422497642,12.063526483108854,12.127186253468267,329146.32,381769437.0
2024-06-26,600703.SH,600703.SH,12.22268139025769,12.689519915580034,11.98926212759652,12.657690016126235,302116.8,352268625.0
2024-06-27,600703.SH,600703.SH,12.572804815938124,12.710734320247996,12.381825502278305,12.392435464148294,202449.31,238787119.0
2024-06-28,600703.SH,600703.SH,12.36060979717504,12.64707886543575,12.339389866192768,12.434879555613003,224589.0,264696880.0
2024-07-01,600703.SH,600703.SH,12.466710589252482,12.65768998551337,12.318171058827346,12.562200287382925,186655.85,219391301.0
2024-07-02,600703.SH,600703.SH,12.54097692738246,12.615246672299277,12.392437437548827,12.424267328227462,166837.22,196501278.0
2024-07-03,600703.SH,600703.SH,12.434875114349268,12.530364769664237,12.233285842017667,12.360605382437624,219955.49,256390714.0
2024-07-04,600703.SH,600703.SH,12.360608255736244,12.413658076576313,12.095359151535895,12.095359151535895,171733.67,197895998.0
2024-07-05,600703.SH,600703.SH,12.105969115703909,12.21206875738405,11.936209689015687,12.095359151535895,157638.04,179107412.0
2024-07-08,600703.SH,600703.SH,12.190842771483386,12.201452730379367,11.904373881291871,11.95742367577178,159317.74,181048345.0
2024-07-09,600703.SH,600703.SH,11.946809968855806,12.477307747224181,11.89376019101897,12.44547788052208,339364.97,391877202.0
2024-07-10,600703.SH,600703.SH,12.413646542261365,12.625845628453867,12.33937686209399,12.530356039667241,250143.07,294929635.0
2024-07-11,600703.SH,600703.SH,12.710729202941335,12.97597814290255,12.636459499752196,12.869878566918064,393971.61,476828968.0
2024-07-12,600703.SH,600703.SH,12.79561418551488,12.869883919593326,12.700124527414024,12.806224147526088,196298.0,236521942.0
2024-07-15,600703.SH,600703.SH,12.81682770112024,12.933537224888717,12.647068393820632,12.689508220645536,171586.0,206224424.0
2024-07-16,600703.SH,600703.SH,12.668293755959237,12.848663097543247,12.551584181993114,12.827443175003951,235789.11,282742445.0
2024-07-17,600703.SH,600703.SH,12.827440098591731,12.84866001604184,12.49853137811502,12.519751295565131,223245.27,266305770.00000003
2024-07-18,600703.SH,600703.SH,12.413652565907096,12.43487248482318,11.999864147043528,12.286333052410615,318907.65,366468128.0
2024-07-19,600703.SH,600703.SH,12.275720732236596,12.869878347625749,12.212060987730615,12.68950907152547,452766.42,540452103.0
2024-07-22,600703.SH,600703.SH,12.710730972742384,12.859270399802812,12.668291136439404,12.763780768121109,266907.3,320914305.0
2024-07-23,600703.SH,600703.SH,12.721344523856185,12.721344523856185,12.19084642027586,12.212066344419075,314325.0,367554892.0
2024-07-24,600703.SH,600703.SH,12.074142183534583,12.243901651844382,11.93621261553287,11.957432549071594,305651.72,347634313.0
2024-07-25,600703.SH,600703.SH,11.914987382902032,12.052916889560738,11.798277800344666,11.904377420851363,234057.0,262536433.00000003
2024-07-26,600703.SH,600703.SH,11.904382357574809,12.233291317543452,11.883162424673605,12.127191653037437,220283.36,251131167.0
2024-07-29,600703.SH,600703.SH,12.127191845532542,12.21207157848465,12.021092179342407,12.03170214596142,164695.56,187559048.0
2024-07-30,600703.SH,600703.SH,12.010485938678881,12.275735186441224,11.89377626966345,12.243905276709741,251222.14,286138927.0
2024-07-31,600703.SH,600703.SH,12.16963086880124,12.636469367691609,12.159020902917367,12.636469367691609,467288.57,550617864.0
2024-08-01,600703.SH,600703.SH,12.647077409019928,12.838056765867544,12.487927944980248,12.689517266097177,372004.95,444289444.0
2024-08-02,600703.SH,600703.SH,12.519756427713071,12.700125799976734,12.424266760044073,12.434876723118407,242478.56,286808987.0
2024-08-05,600703.SH,600703.SH,12.30755325216229,12.509142486464949,11.999864420858234,12.010474380558374,334961.39,385861187.0
2024-08-06,600703.SH,600703.SH,12.095352403005778,12.190842027240034,11.946812987530267,12.095352403005778,249120.16,282865711.0
2024-08-07,600703.SH,600703.SH,12.095356368695091,12.551584722952889,12.052916521787388,12.296945641506676,308694.7,357179648.0
2024-08-08,600703.SH,600703.SH,12.212071314239283,12.403050709249106,12.074141751176633,12.265121146186456,194097.61,223905595.0
2024-08-09,600703.SH,600703.SH,12.350000052521558,12.424269812287582,12.074140944819186,12.074140944819186,197756.71,227657766.0
2024-08-12,600703.SH,600703.SH,12.095365100978945,12.116585039752593,11.946825529563414,11.968045468337062,178163.0,201728753.0
2024-08-13,600703.SH,600703.SH,12.010482977619642,12.074142781387945,11.925603239261905,12.05292284679851,119069.42,134671882.0
2024-08-14,600703.SH,600703.SH,12.095363920137933,12.105973888488931,11.914994458170964,11.93621439487296,153758.33,173408600.0
2024-08-15,600703.SH,600703.SH,11.89377189475198,12.212070874986198,11.88316192874417,12.01048152083786,286799.02,325908849.0
2024-08-16,600703.SH,600703.SH,12.010483187773016,12.095362927615934,11.914993480449732,11.925603447930097,182306.03,205919074.0
2024-08-19,600703.SH,600703.SH,11.893778788980567,11.989268538401463,11.79828903955967,11.84072892819118,178370.8,199684136.0
2024-08-20,600703.SH,600703.SH,11.830115557325094,11.861945464654218,11.373886885607623,11.522426453143543,271697.34,296463891.0
2024-08-21,600703.SH,600703.SH,11.458765046989923,11.649744464439756,11.416325176445515,11.458765046989924,170573.81,185461494.0
2024-08-22,600703.SH,600703.SH,11.448155948284,11.5330356958153,11.151076831924454,11.18290673724869,234595.28,249828260.0
2024-08-23,600703.SH,600703.SH,11.151073498206117,11.257173150900751,11.076803741319871,11.214733289822899,139177.25,146478016.0
2024-08-26,600703.SH,600703.SH,11.204121674087679,11.331441238565947,11.193511710381157,11.235951565207245,114215.81,121125657.0
2024-08-27,600703.SH,600703.SH,11.257168887102852,11.257168887102852,10.705450902061052,10.72667082456266,273230.14,280483468.0
2024-08-28,600703.SH,600703.SH,10.769106027163328,11.35265364439878,10.769106027163328,10.853985680579394,388060.61,402345033.0
2024-08-29,600703.SH,600703.SH,10.853983841811248,11.055572984523284,10.779714157654182,10.960083390607057,242884.11,250969797.0
2024-08-30,600703.SH,600703.SH,11.02374692808671,11.23594609898347,10.960087176817682,11.087406679355738,426624.61,448481737.0
2024-09-02,600703.SH,600703.SH,11.04496836862009,11.098018168661493,10.769109408404795,10.769109408404795,265022.26,271825652.0
2024-09-03,600703.SH,600703.SH,10.75849950092825,10.93886882194973,10.75849950092825,10.86459910152912,183040.17,187189090.0
2024-09-04,600703.SH,600703.SH,10.77972212654663,10.864601828330462,10.737282275654714,10.822161977438546,153716.85,156616168.0
2024-09-05,600703.SH,600703.SH,10.811555157608597,11.002534542139465,10.811555157608597,10.949484713103113,158455.6,163108301.0
2024-09-06,600703.SH,600703.SH,10.89643342405184,10.981313139136956,10.758503887038527,10.769113851424166,168606.5,172176677.0
2024-09-09,600703.SH,600703.SH,10.747890225720282,10.77972010792873,10.620570696886476,10.641790618358776,199910.64,201291799.0
2024-09-10,600703.SH,600703.SH,10.64179042775954,10.71606015158239,10.344711532468148,10.663010348851785,290259.64,287349706.0
2024-09-11,600703.SH,600703.SH,10.641792293804958,10.684232143431299,10.52508270733252,10.588742481772032,163290.64,163125958.0
2024-09-12,600703.SH,600703.SH,10.631182631774868,10.747892221544852,10.503863079298522,10.514473042004884,201924.0,201811349.0
2024-09-13,600703.SH,600703.SH,10.546307109664966,10.556917076576097,10.291667903797803,10.334107771442332,207756.8,203628509.0
2024-09-18,600703.SH,600703.SH,10.334106514884157,10.397766308610343,10.026417511874257,10.121907202463536,301219.75,287271871.0
2024-09-19,600703.SH,600703.SH,10.13252043530439,10.525089289865921,10.13252043530439,10.397769661359478,328515.04,320046435.0
2024-09-20,600703.SH,600703.SH,10.408378132793102,10.450818002855458,10.238618652543673,10.323498392668387,172218.9,167357336.0
2024-09-23,600703.SH,600703.SH,10.312888456819804,10.408378164753321,10.228008716434456,10.365938294560646,149498.23,145845821.0
2024-09-24,600703.SH,600703.SH,10.397768690379928,10.747897636076395,10.344718850122888,10.737287668024987,372061.75,370835046.0
2024-09-25,600703.SH,600703.SH,10.822170540719016,11.129859703151224,10.811560569600664,10.864610425192426,506190.56,524082102.0
2024-09-26,600703.SH,600703.SH,10.854005677051738,11.28901470223172,10.81156577215613,11.28901470223172,456811.79,476774332.0
2024-09-27,600703.SH,600703.SH,11.543658207034895,12.031717285641149,11.490608307186388,12.021107305671448,626178.36,693823856.0
2024-09-30,600703.SH,600703.SH,12.66831359286219,13.22003244280259,12.498553946726684,13.220032442802589,1417173.82,1735270381.0
2024-10-08,600703.SH,600703.SH,14.546279317496989,14.546279317496989,13.846020794554027,14.546279317496989,2159680.95,2936654446.0
2024-10-09,600703.SH,600703.SH,14.747873185552098,15.320812143839733,13.803584902448403,14.323473957190886,3074548.4,4251557746.0000005
2024-10-10,600703.SH,600703.SH,14.32347450809373,14.503844187084539,13.527725924310744,13.792975452238407,1510940.05,1982207248.0
2024-10-11,600703.SH,600703.SH,13.612610171504713,13.771759939682866,12.95479112970168,13.135160866970253,923003.51,1159675077.0
2024-10-14,600703.SH,600703.SH,13.124552904794282,13.411022531657213,12.848693264111459,13.357972600756671,732645.75,910539033.0
2024-10-15,600703.SH,600703.SH,13.432245875499563,13.771765518482175,13.166996154419397,13.273096042851463,779519.9,991719965.0
2024-10-16,600703.SH,600703.SH,13.050281650514515,13.251871367067178,12.944181799697322,13.018451695269357,530306.69,653705767.0
2024-10-17,600703.SH,600703.SH,13.113941292716335,13.198821171633593,12.94418153488182,12.965401504611135,462518.09,570006075.0
2024-10-18,600703.SH,600703.SH,12.976013417108463,13.88847225101797,12.912353498463613,13.570172657793723,1217633.57,1539091761.0
2024-10-21,600703.SH,600703.SH,13.952134985115498,14.482634414207341,13.665665293405903,14.196164722497747,1589117.27,2110394882.0000002
2024-10-22,600703.SH,600703.SH,14.291652338235203,14.344702272675569,13.983962718481065,14.0900625873618,939987.6,1250887548.0
2024-10-23,600703.SH,600703.SH,14.100674286015892,14.238604132304987,13.94152446337463,13.983964416078965,768075.62,1021279711.0
2024-10-24,600703.SH,600703.SH,13.899089426200181,14.090069280911328,13.803599498844607,13.920309410056973,507479.74,666462158.0
2024-10-25,600703.SH,600703.SH,13.920310747744361,14.31288048681947,13.920310747744361,14.132510606703882,733092.2,975109982.0
2024-10-28,600703.SH,600703.SH,14.132517577897453,14.196177566987082,13.952147608810172,14.196177566987082,634219.48,843158063.0
2024-10-29,600703.SH,600703.SH,14.196184146470118,14.81156432621247,14.111304121678069,14.37655419915322,1396902.51,1914699471.0
2024-10-30,600703.SH,600703.SH,14.408382943632315,14.85400303467249,14.355332932794198,14.503872963140923,1202623.07,1651868443.0
2024-10-31,600703.SH,600703.SH,14.514479629616458,14.716069624472242,14.143129639092647,14.588749627721223,1259954.03,1719173862.0
2024-11-01,600703.SH,600703.SH,14.59935411825816,14.71606407123842,14.058244336258767,14.058244336258767,977850.8,1317871356.0
2024-11-04,600703.SH,600703.SH,13.952149857594712,14.31288985391275,13.909709858027883,14.185569855212265,574246.46,767045251.0
2024-11-05,600703.SH,600703.SH,14.21740128283584,14.620581319214768,14.12191127421978,14.578141315385409,1017308.88,1386987510.0
2024-11-06,600703.SH,600703.SH,14.599363733021745,15.15108387409524,14.599363733021745,14.747903771003072,1304923.25,1824978832.0
2024-11-07,600703.SH,600703.SH,14.758510626911377,14.98132063637589,14.556920618348247,14.928270634122438,1008129.28,1403944344.0
2024-11-08,600703.SH,600703.SH,15.172307910097093,15.458778059448576,15.023767832655583,15.066207854781728,1483509.62,2128991208.9999998
2024-11-11,600703.SH,600703.SH,15.044982083921331,16.275742254397265,14.96010207216437,16.07415222647448,2011678.11,2988799452.0
2024-11-12,600703.SH,600703.SH,16.08476951941277,16.095379525692067,15.490609167772192,15.681589280799521,1410873.51,2098704540.0
2024-11-13,600703.SH,600703.SH,15.554274054906987,15.670984160366725,15.225363757702269,15.586104083668733,848742.18,1235835383.0
2024-11-14,600703.SH,600703.SH,15.554273943884333,15.596713981930401,14.854013316124192,14.864623325635709,807179.17,1153539136.0
2024-11-15,600703.SH,600703.SH,14.779736647924919,14.981326738600131,14.323506442712592,14.323506442712592,827515.39,1143930629.0
2024-11-18,600703.SH,600703.SH,14.323511381852743,14.387171432438755,13.761180935009635,13.846061002457652,753911.36,996806094.0
2024-11-19,600703.SH,600703.SH,13.920334684434726,14.482665277632167,13.867284628472705,14.472055266439764,618663.33,823457141.0
2024-11-20,600703.SH,600703.SH,14.46144474371503,14.588764873520297,14.281074559824233,14.397784678812394,627406.57,851568095.0
2024-11-21,600703.SH,600703.SH,14.387168868431536,14.450828907672381,14.16435873108857,14.344728842270971,424543.73,573218182.0
2024-11-22,600703.SH,600703.SH,14.355336282987833,14.450826324781543,13.761176022938079,13.771786027581825,565499.89,751619760.0
2024-11-25,600703.SH,600703.SH,13.782395925052974,13.877885966104149,13.368605747164546,13.644465865756832,461610.4,591320689.0
2024-11-26,600703.SH,600703.SH,13.60202941350608,13.771789530991336,13.474709325392139,13.517149354763454,320226.57,410793189.0
2024-11-27,600703.SH,600703.SH,13.506545772152856,13.739966044727375,13.283735511968088,13.739966044727375,432545.34,551469484.0
2024-11-28,600703.SH,600703.SH,13.750570640548553,13.81423068981035,13.570200500973455,13.602030525604356,383966.3,495896318.0
2024-11-29,600703.SH,600703.SH,13.559585878517359,13.877886016510725,13.46409583711935,13.718735947514043,459909.53,593325187.0
2024-12-02,600703.SH,600703.SH,13.68690406827117,13.90971413449884,13.517144017811994,13.856664118730349,609620.25,792337610.0
2024-12-03,600703.SH,600703.SH,13.85665768527915,13.930927672872528,13.580797731360882,13.665677717181888,508208.25,656423869.0
2024-12-04,600703.SH,600703.SH,13.96276322228107,14.090083251663572,13.580803134133564,13.655073151273355,616503.34,804114940.0
2024-12-05,600703.SH,600703.SH,13.548973158444417,13.708123195544392,13.506533148551092,13.623243175757738,392795.67,504205402.0
2024-12-06,600703.SH,600703.SH,13.665688453840419,13.814228545729987,13.53836837507793,13.761178512912284,464008.69,598964222.0
2024-12-09,600703.SH,600703.SH,13.76118046500464,13.771790473073263,13.48532025522043,13.61264035204391,407522.53,523604897.0
2024-12-10,600703.SH,600703.SH,13.994602787990095,14.047652836466176,13.62325244865753,13.633862458352747,661447.96,861378032.0
2024-12-11,600703.SH,600703.SH,13.633866082145156,13.824846307420339,13.591426032084003,13.7717962448439,357645.3,462818884.0
2024-12-12,600703.SH,600703.SH,13.782406257359188,13.814236294905053,13.61264605711458,13.7717962448439,436889.01,564399952.0
2024-12-13,600703.SH,600703.SH,13.686917149069853,13.782407268714525,13.538376962955915,13.591427029425178,488969.14,628662226.0
2024-12-16,600703.SH,600703.SH,13.527762023614656,13.591422080196372,13.209461740706075,13.315561835008936,436667.37,551120268.0
2024-12-17,600703.SH,600703.SH,13.29433681867953,13.379216862214596,13.103356720725635,13.124576731609402,373991.97,466225046.0
2024-12-18,600703.SH,600703.SH,13.135182414475889,13.37921245933287,13.124572412525582,13.31555244763105,360166.32,450082789.0
2024-12-19,600703.SH,600703.SH,13.156400754325597,13.44287077075043,13.124570752500615,13.421650769533775,350097.57,439466191.0
2024-12-20,600703.SH,600703.SH,13.411037116112789,13.771777038539874,13.347377129802128,13.633847068200105,572431.27,734111927.0
2024-12-23,600703.SH,600703.SH,13.58079615758892,13.633846142579499,13.273106244643543,13.28371624164166,417276.89,528721934.0
2024-12-24,600703.SH,600703.SH,13.31554332051972,13.411033272619063,13.135173410998735,13.389813283263651,317310.51,397446318.0
2024-12-25,600703.SH,600703.SH,13.389808467250162,13.411028448973223,13.113948704850397,13.156388668296515,281968.16,351506168.0
2024-12-26,600703.SH,600703.SH,13.145775746847384,13.389805482261016,13.103335792862405,13.326145551283547,323151.14,405001344.0
2024-12-27,600703.SH,600703.SH,13.326151732752175,13.612621555032675,13.262491772245397,13.357981713005564,425316.88,539399222.0
2024-12-30,600703.SH,600703.SH,13.36859254655481,13.676282375007261,13.326152570216541,13.506522469654186,428595.92,546546288.0
2024-12-31,600703.SH,600703.SH,13.538346411377585,13.580786368780023,12.91235703969163,12.91235703969163,583883.11,723942408.0
2025-01-02,600703.SH,600703.SH,12.912359331304481,12.912359331304481,12.30758983098866,12.434909725791991,535506.51,637226984.0
2025-01-03,600703.SH,600703.SH,12.456127364597176,12.615277203156765,12.169657655189916,12.180267644427222,421591.47,492556112.0
2025-01-06,600703.SH,600703.SH,12.1908825398795,12.286372481445136,12.01051265025552,12.127222578835742,289876.98,331824736.0
2025-01-07,600703.SH,600703.SH,12.148440705652535,12.413690502719184,12.137830713769869,12.403080510836519,292093.23,337671749.0
2025-01-08,600703.SH,600703.SH,12.360646552248095,12.360646552248095,11.904416679504175,12.243936584801974,356221.39,407809422.0
2025-01-09,600703.SH,600703.SH,12.233328624862253,12.328818614128307,12.084788641559504,12.106008639174181,347543.1,399703462.0
2025-01-10,600703.SH,600703.SH,12.063564841298186,12.233324768704318,11.702824995560158,11.71343499102304,397268.11,447815287.0
2025-01-13,600703.SH,600703.SH,11.607332857399904,11.808922733351093,11.55428289004433,11.755872765995516,331583.72,365724797.0
2025-01-14,600703.SH,600703.SH,11.861974669158489,12.275764483198902,11.72404473114502,12.275764483198902,464133.93,527668670.00000006
2025-01-15,600703.SH,600703.SH,12.275762837106031,12.275762837106031,12.074172954733504,12.106002936160746,258880.28,295953722.0
2025-01-16,600703.SH,600703.SH,12.16965814342024,12.33941797802767,12.05294825712763,12.190878122746168,282015.39,324191817.0
2025-01-17,600703.SH,600703.SH,12.14843979644259,12.45612953801188,12.105999832088207,12.318199653860129,310953.11,360393262.0
2025-01-20,600703.SH,600703.SH,12.392473885689455,12.46674384904547,12.286373938038004,12.33942391186373,266235.0,310751250.0
2025-01-21,600703.SH,600703.SH,12.381858126953189,12.413688096431216,12.222708279563044,12.307588198171121,221409.83,256764358.0
2025-01-22,600703.SH,600703.SH,12.243931648537762,12.307591605115949,12.137831720907453,12.265151634063827,206559.93,238075381.0
2025-01-23,600703.SH,600703.SH,12.466745399193536,12.530405375700056,12.201495497083036,12.201495497083036,319625.83,372534594.0
2025-01-24,600703.SH,600703.SH,12.074169843815445,12.371249593926896,12.063559852740035,12.360639602851489,268898.96,311073271.0
2025-01-27,600703.SH,600703.SH,12.381859747068532,12.43490970313995,12.159049931568585,12.159049931568584,228339.41,264192999.0
2025-02-05,600703.SH,600703.SH,12.307592093964269,12.551621937206663,12.296982100779816,12.456131998546597,352944.64,413649342.0
2025-02-06,600703.SH,600703.SH,12.371253575053778,12.763823371174695,12.360643580564023,12.763823371174695,474702.68,566396251.0
2025-02-07,600703.SH,600703.SH,12.785042832282887,13.029072695471687,12.710772873921076,12.848702796593008,615353.29,747072274.0
2025-02-10,600703.SH,600703.SH,12.859308356398904,12.95479826993652,12.785038423647427,12.922968298757313,389376.87,473120050.0
2025-02-11,600703.SH,600703.SH,12.922971127665795,12.944191113097101,12.710771273352728,12.795651215077957,319790.38,385632661.0
2025-02-12,600703.SH,600703.SH,12.785039681494146,13.02906948454341,12.689549758561824,13.029069484543411,518228.21,628133489.0
2025-02-13,600703.SH,600703.SH,13.029069399246719,13.198829261126155,12.954799459674467,12.965409451041932,570236.18,703738963.0
2025-02-14,600703.SH,600703.SH,12.933575435853681,13.050285304429885,12.891135483644154,13.039675316377501,358185.84,438579692.0
2025-02-17,600703.SH,600703.SH,13.029065445225378,13.124555338553575,12.922965563749601,13.007845468930222,430164.23,527100294.0
2025-02-18,600703.SH,600703.SH,13.05029208827736,13.103342056115883,12.678942313407676,12.710772294110793,404708.01,491776570.0
2025-02-19,600703.SH,600703.SH,12.700162526232564,13.14578226399511,12.700162526232564,13.13517227023886,496230.12,606117713.0
2025-02-20,600703.SH,600703.SH,13.177617453558227,13.729337346943918,13.09273746996043,13.368597416653273,1180152.83,1493168022.0
2025-02-21,600703.SH,600703.SH,13.379204671232394,13.4959146247483,13.26249471771649,13.453474641651605,700852.79,883590480.0
2025-02-24,600703.SH,600703.SH,13.442866502976473,13.665676445014757,13.241276555418025,13.5171364836559,663313.83,843543329.0
2025-02-25,600703.SH,600703.SH,13.283715742501242,13.517135667688963,13.230665759504033,13.357985718697336,478095.82,602924239.0
2025-02-26,600703.SH,600703.SH,13.347369871338929,13.411029823030528,13.262489935750127,13.336759879390327,471949.15,592551846.0
2025-02-27,600703.SH,600703.SH,13.357983483075834,13.527743400255513,13.10334360730632,13.273103524485997,566963.96,711924116.0
2025-02-28,600703.SH,600703.SH,13.262498585649595,13.44286856641443,12.965418617331046,12.997248613936604,628724.71,782447059.0
2025-03-03,600703.SH,600703.SH,13.071514892516637,13.36859477643747,12.965414933973484,13.071514892516639,424469.29,527347234.00000006
2025-03-04,600703.SH,600703.SH,13.029079593710579,13.273109586100922,12.891149598011689,13.220059587755197,427920.23,528358001.00000006
2025-03-05,600703.SH,600703.SH,13.209448987656522,13.262498983590888,12.99724900391907,13.071518998227178,294206.4,363009804.0
2025-03-06,600703.SH,600703.SH,13.124571169388913,13.357991190186452,13.11396116844357,13.315551186405083,497955.66,622705288.0
2025-03-07,600703.SH,600703.SH,13.294326187049561,13.304936184006504,13.050296257039873,13.124566235738474,430391.0,534482837.00000006
2025-03-10,600703.SH,600703.SH,13.082127228803625,13.15639721307096,12.933587260268952,13.018467242288764,325335.1,398942381.0
2025-03-11,600703.SH,600703.SH,12.901757319543108,13.082127282069616,12.806267339382016,13.02907729309123,345251.22,421219421.0
2025-03-12,600703.SH,600703.SH,13.029073783300637,13.899093368179019,13.007853793425555,13.548963535240159,1209452.31,1537531099.0
2025-03-13,600703.SH,600703.SH,13.591403514990324,13.835433398553771,13.273103666864086,13.548963535240159,1054358.19,1345941778.0
2025-03-14,600703.SH,600703.SH,13.58079120526546,13.623231177781912,13.368591342683185,13.570181212136344,672451.59,856640266.0
2025-03-17,600703.SH,600703.SH,13.62323647276936,13.846046415081009,13.45347651672239,13.676286459034039,798649.13,1025840936.0
2025-03-18,600703.SH,600703.SH,13.814210755951363,13.867260720451945,13.612620890849154,13.655060862449618,562084.63,726120850.0
2025-03-19,600703.SH,600703.SH,13.644451074001053,13.729331018473843,13.421641219759978,13.453471198937274,392438.0,499405953.0
2025-03-20,600703.SH,600703.SH,13.495917093067918,13.527747086211946,13.336767127347777,13.347377125062454,295718.54,374448717.0
2025-03-21,600703.SH,600703.SH,13.326162889971993,13.411042908379457,13.092742839351462,13.156402853157061,399107.41,497472559.0
2025-03-24,600703.SH,600703.SH,13.156403708162932,13.198843720124747,12.838103618449312,13.060913681248847,384117.2,471017469.0
2025-03-25,600703.SH,600703.SH,13.039697641111514,13.113967684632899,12.94420758515545,13.082137665980877,239891.84,294960692.0
2025-03-26,600703.SH,600703.SH,13.050310008509214,13.145800081742209,13.007869975961215,13.018479984098214,215567.0,265289186.99999997
2025-03-27,600703.SH,600703.SH,12.954819988023859,13.124580118907051,12.82749988986146,13.029090045285255,246839.1,302028599.0
2025-03-28,600703.SH,600703.SH,13.02909421631408,13.06092425104449,12.859334031085233,12.859334031085233,200644.17,244536864.0
2025-03-31,600703.SH,600703.SH,12.838112669053462,12.88055271093463,12.466762302593239,12.615302449177328,349425.26,416436689.0
2025-04-01,600703.SH,600703.SH,12.615297083202142,12.785057178518572,12.562247053415758,12.72139714277491,211926.47,253513647.0
2025-04-02,600703.SH,600703.SH,12.668347832660709,12.774447898260881,12.668347832660709,12.700177852340762,147187.19,176415269.0
2025-04-03,600703.SH,600703.SH,12.594081974111626,12.732012105251856,12.487981873234528,12.54103192367308,225475.49,267310436.99999997
2025-04-07,600703.SH,600703.SH,11.671008441983984,11.978698664545378,11.289048165700873,11.289048165700873,531425.04,576502199.0
2025-04-08,600703.SH,600703.SH,11.140503018253794,11.469413107364144,11.03440298950852,11.257213049873595,489814.61,517914234.0
2025-04-09,600703.SH,600703.SH,11.129891018756325,11.596731061487763,10.854030993505932,11.533071055660749,564582.88,601935992.0
2025-04-10,600703.SH,600703.SH,11.893816084926184,12.159066220629267,11.819546046929322,11.9468661120668,495422.29,560141141.0
2025-04-11,600703.SH,600703.SH,11.883204122501473,12.604684372796207,11.83015410409745,12.498584335988157,690541.8,800732736.0
2025-04-14,600703.SH,600703.SH,12.742608302468316,12.753218301054885,12.477358337804112,12.55162832791009,439429.2,520890952.0
2025-04-15,600703.SH,600703.SH,12.519804033506361,12.625904067688618,12.466754016415232,12.604684060852167,289116.65,341990951.0
2025-04-16,600703.SH,600703.SH,12.530414164785954,12.5940741859449,12.29699408720315,12.477364147153498,255921.33,299598244.0
2025-04-17,600703.SH,600703.SH,12.403094631312946,12.519804674892454,12.371264619427626,12.41370463527472,192329.12,225671127.0
2025-04-18,600703.SH,600703.SH,12.413699594176387,12.583459588626663,12.32881959695125,12.541019590014097,163871.02,192167376.0
2025-04-21,600703.SH,600703.SH,12.541023128816654,12.91237322146351,12.434923102346126,12.859323208228245,329863.91,395438749.0
2025-04-22,600703.SH,600703.SH,12.795657935294493,13.007857901053937,12.753217942142603,12.912367916462186,314193.6,382747854.0
2025-04-23,600703.SH,600703.SH,12.912371881343633,13.018471896802495,12.880541876705975,12.92298188288952,234808.92,286441353.0
2025-04-24,600703.SH,600703.SH,12.90176399274138,12.922983999308387,12.625903907370263,12.827493969756848,293172.36,353748287.0
2025-04-25,600703.SH,600703.SH,12.816882303456168,12.922982322524513,12.785052297735666,12.838102307269837,214697.01,259834642.0
2025-04-28,600703.SH,600703.SH,12.933593489619845,13.082133529697515,12.912373483894465,12.954813495345228,357183.54,437876874.0
2025-04-29,600703.SH,600703.SH,12.89115357389547,12.965423594485816,12.816883553305127,12.859323565071037,211986.94,257360559.0
2025-04-30,600703.SH,600703.SH,12.848708460280728,13.10334842976606,12.848708460280728,13.039688437394725,310428.94,380984618.0
2025-05-06,600703.SH,600703.SH,13.113958078930294,13.315548049399288,13.050298088255875,13.135178075821766,391424.93,484433476.0
2025-05-07,600703.SH,600703.SH,13.262497126468986,13.315547114974862,13.082127165549007,13.304937117273687,448360.88,559142083.0
2025-05-08,600703.SH,600703.SH,13.251891230542398,13.379211242365063,13.220061227586733,13.368601241379842,298569.01,374866200.0
2025-05-09,600703.SH,600703.SH,13.357995556385326,13.357995556385326,13.113965454878683,13.13518546370535,235804.03,293793313.0
2025-05-12,600703.SH,600703.SH,13.262504356986792,13.453484419727403,13.167014325616488,13.347384384871509,344757.51,433060806.0
2025-05-13,600703.SH,600703.SH,13.44288083703966,13.47471086269958,13.188240631760298,13.283730708740057,280392.47,351635027.0
2025-05-14,600703.SH,600703.SH,13.262506305938333,13.421656381609592,13.23067629080408,13.347386346296338,288944.53,363773402.0
2025-05-15,600703.SH,600703.SH,13.357994505899024,13.400434520214827,13.156404437898958,13.209454455793711,263026.0,328320783.0
2025-05-16,600703.SH,600703.SH,13.156407240509228,13.304947322256911,13.145797234670107,13.198847263865709,195928.62,243984976.0
2025-05-19,600703.SH,600703.SH,13.177623203953603,13.421653263286077,13.145793196214585,13.400433258126732,302418.21,379500354.0
2025-05-20,600703.SH,600703.SH,13.400438675323157,13.548978771486674,13.347388640979043,13.46409871653609,278138.46,353440835.0
2025-05-21,600703.SH,600703.SH,13.655077339616785,13.761177396645666,13.389827197044587,13.517147265479244,360408.34,459813752.0
2025-05-22,600703.SH,600703.SH,13.644471177425823,13.877891368641505,13.527761081817982,13.559591107892848,755065.27,976450546.0
2025-05-23,600703.SH,600703.SH,13.53836735357752,13.633857405444447,13.442877301710595,13.453487307473587,397012.45,506442163.0
2025-05-26,600703.SH,600703.SH,13.453486255598113,13.655076349333417,13.442876250664677,13.570196309865919,300617.69,384023767.0
2025-05-27,600703.SH,600703.SH,13.612638953204142,13.697519009030824,13.379218799680766,13.432268834572442,264493.84,335986212.0
2025-05-28,600703.SH,600703.SH,13.421652893357086,13.464092902506039,13.209452847612308,13.294332865910219,253855.84,318497626.0
2025-05-29,600703.SH,600703.SH,13.315554905244555,13.43226494823873,13.241284877884626,13.400434936513047,226963.44,285882510.0
2025-05-30,600703.SH,600703.SH,13.357999165776626,13.40043919489744,13.12457900561214,13.188239049293363,232544.7,289339813.0
2025-06-03,600703.SH,600703.SH,13.050311052598158,13.103361097527417,12.848720881866965,12.869940899838669,393084.83,478666200.0
2025-06-04,600703.SH,600703.SH,12.848720587701644,13.00787071884576,12.848720587701644,12.97604069261694,208677.89,254535989.0
2025-06-05,600703.SH,600703.SH,12.976036508505858,13.071526556401649,12.95481649786235,12.997256519149367,192236.0,235629540.0
2025-06-06,600703.SH,600703.SH,13.039695736178786,13.039695736178786,12.901765675503178,12.901765675503178,161969.57,197646312.0
2025-06-09,600703.SH,600703.SH,12.95481910240401,12.997259132223514,12.901769065129628,12.922989080039379,194442.83,237030391.0
2025-06-10,600703.SH,600703.SH,12.922994067859724,12.944214090959658,12.615303732910684,12.70018382531042,316683.81,380785725.0
2025-06-11,600703.SH,600703.SH,12.689578330744512,12.89116862195199,12.689578330744512,12.816898514665024,194906.78,235591837.0
2025-06-12,600703.SH,600703.SH,12.816898514665024,12.869948591298572,12.763848438031475,12.816898514665024,148487.2,179408454.0
2025-06-13,600703.SH,600703.SH,12.816896534556438,12.859336589306624,12.625916288180598,12.636526301868143,189627.92,227136626.0
2025-06-16,600703.SH,600703.SH,12.61530161001006,12.721401707655223,12.572861570951993,12.625911619774575,140284.69,167164317.0
2025-06-17,600703.SH,600703.SH,12.625907284243786,12.700177327092279,12.572857253637718,12.668347308728636,138098.31,164439720.0
2025-06-18,600703.SH,600703.SH,12.657740685006933,12.806280810396789,12.625910658137679,12.785060792483954,189488.23,227580759.0
2025-06-19,600703.SH,600703.SH,12.79566441969341,12.838104434352426,12.636514364722098,12.657734372051605,172545.53,206969040.0
2025-06-20,600703.SH,600703.SH,12.519807224178514,12.700177328255661,12.519807224178514,12.551637242545068,148964.03,176938022.0
2025-06-23,600703.SH,600703.SH,12.509191327097174,12.785051356363102,12.48797132484595,12.774441355237487,180412.11,215959762.0
2025-06-24,600703.SH,600703.SH,12.78504539909553,12.933585345641038,12.774435402913708,12.933585345641037,214634.08,260565552.0
2025-06-25,600703.SH,600703.SH,12.93358447988267,13.007854448183883,12.838094520638254,12.997244452712282,268769.73,327541592.0
2025-06-26,600703.SH,600703.SH,13.029077924270455,13.060907919199456,12.880537947935126,12.891147946244791,252301.0,308627603.0
2025-06-27,600703.SH,600703.SH,12.976025590863104,13.00785558004756,12.891145619704556,12.93358560528383,197168.83,240811684.0
2025-06-30,600703.SH,600703.SH,12.997246546411674,13.177616498484326,12.98663654923093,13.177616498484326,294204.42,363292832.0
2025-07-01,600703.SH,600703.SH,13.177619912927469,13.209501251426486,13.081975897430414,13.124484348762438,194499.92,240466825.0
2025-07-02,600703.SH,600703.SH,13.177622118161823,13.188249232773243,12.975706940544828,13.01821539899051,204565.55,250680195.0
2025-07-03,600703.SH,600703.SH,13.007584589041507,13.103228593372695,12.9863303658568,13.092601481780342,167829.0,206134097.0
2025-07-04,600703.SH,600703.SH,13.06071619116376,13.081970407910976,12.901309565559647,12.911936673933255,257325.23,314326132.0
2025-07-07,600703.SH,600703.SH,12.922566129923736,12.954447460836375,12.848176357794241,12.869430578402667,156417.14,189656627.0
2025-07-08,600703.SH,600703.SH,12.89068220843939,13.315766535181002,12.869427992102308,13.22012256166414,425990.69,526946731.0
2025-07-09,600703.SH,600703.SH,13.209493466787483,13.29451031934927,13.103222401085251,13.283883212779045,303812.13,376928185.0
2025-07-10,600703.SH,600703.SH,13.283883212779045,13.443289811332395,13.241374786498154,13.315764532489714,355942.14,447507242.0
2025-07-11,600703.SH,600703.SH,13.315764532489716,13.411408491621724,13.273256106208823,13.315764532489714,289190.0,362513304.0
2025-07-14,600703.SH,600703.SH,13.294505994629045,13.347641510195109,13.220116272836556,13.23074337594977,209190.32,261221398.0
2025-07-15,600703.SH,600703.SH,13.198867694443516,13.283884555599352,13.092596617998721,13.209494802087994,242774.97,301187303.0
2025-07-16,600703.SH,600703.SH,13.251997186573675,13.262624289369644,13.081963541838165,13.113844850226073,237823.35,294465298.0
2025-07-17,600703.SH,600703.SH,13.092589578836655,13.315758719385006,13.071335374974907,13.315758719385006,325450.08,404282481.0
2025-07-18,600703.SH,600703.SH,13.337017450783566,13.379525872937457,13.166983762167998,13.273254817552727,367027.93,457686268.0
2025-07-21,600703.SH,600703.SH,13.283878195958861,13.305132401072395,13.198861375504725,13.29450529851563,329277.85,410657531.0
2025-07-22,600703.SH,600703.SH,13.294499440458711,13.34763492982905,13.220109755340237,13.337007831954983,365168.02,456836424.0
2025-07-23,600703.SH,600703.SH,13.326379080286667,13.464531335504951,13.273243597510406,13.273243597510405,448460.99,563315473.0
2025-07-24,600703.SH,600703.SH,13.273239779892538,13.56017130435779,13.251985592895112,13.560171304357787,634954.18,804398044.0
2025-07-25,600703.SH,600703.SH,13.560172741757084,13.772714634261114,13.443274700879869,13.634562404133495,494317.75,630434607.0
2025-07-28,600703.SH,600703.SH,13.687695772281765,13.730204144245373,13.54954356340004,13.61330612134545,345254.73,442148221.0
2025-07-29,600703.SH,600703.SH,13.58142972617684,13.645192307050909,13.464531661241045,13.62393811342622,374905.05,478161471.0
2025-07-30,600703.SH,600703.SH,13.623943262631178,13.645197464288948,13.390147044395697,13.49641805268455,363733.0,463414223.0
2025-07-31,600703.SH,600703.SH,13.496418484569928,13.549553990414692,13.198859651839253,13.283876461190875,404533.67,509049542.0
2025-08-01,600703.SH,600703.SH,13.241368056515064,13.69833340678003,13.241368056515064,13.475164282232024,663369.63,838666686.0
2025-08-04,600703.SH,600703.SH,13.496419558270683,13.730215802587184,13.27325041596857,13.358267232083662,617825.93,779590797.0
2025-08-05,600703.SH,600703.SH,13.337011831007652,13.475164144794983,13.315757628886523,13.379520235249906,363649.74,457732714.0
2025-08-06,600703.SH,600703.SH,13.390151904961368,13.528304265885572,13.283880858096595,13.517677161199096,456514.37,575877617.0
2025-08-07,600703.SH,600703.SH,13.517679617033943,13.69834042952575,13.453916977330953,13.570815150119769,589778.79,753829707.0
2025-08-08,600703.SH,600703.SH,13.528302698522458,13.5389298019777,13.358269043238593,13.358269043238593,374111.04,472118030.0
2025-08-11,600703.SH,600703.SH,13.39015180703865,13.921507037476692,13.368897597821128,13.804608886780324,936689.65,1209562867.0
2025-08-12,600703.SH,600703.SH,13.815240034612591,13.836494250050457,13.645206311109666,13.762104496017926,471733.75,608987218.0
2025-08-13,600703.SH,600703.SH,13.762104496017926,13.80461292689366,13.677087634266464,13.762104496017926,490827.09,634636807.0
2025-08-14,600703.SH,600703.SH,13.783364558285099,13.847127231646478,13.475178303705091,13.528313864839575,735460.27,946371542.0
2025-08-15,600703.SH,600703.SH,13.496434828093163,13.719604222888405,13.464553485979557,13.719604222888405,553626.21,711419517.0
2025-08-18,600703.SH,600703.SH,13.77273654627217,14.123431226848544,13.751482323206934,13.974651665391901,964802.84,1266962312.0
2025-08-19,600703.SH,600703.SH,13.995911062248567,14.080927985937244,13.91089413855989,13.942775484943143,637845.52,839248651.0
2025-08-20,600703.SH,600703.SH,14.208459043035848,15.334933731563746,14.165950564223476,15.334933731563746,2202384.17,3089438796.0
2025-08-21,600703.SH,600703.SH,16.248866037298058,16.248866037298058,15.239289664804065,15.32430662248777,4194954.08,6225168746.0
2025-08-22,600703.SH,600703.SH,15.207408388490421,15.898171173432335,15.13301855011206,15.61123893968723,2765031.81,4035983854.0
2025-08-25,600703.SH,600703.SH,15.834406148319724,16.13196545848949,15.494338365268563,15.685626493234839,2079191.04,3075836688.0
2025-08-26,600703.SH,600703.SH,15.611241995388479,17.152174663415252,15.504970776903875,16.68458130208299,3319282.6,5166980267.0
2025-08-27,600703.SH,600703.SH,16.578309975596365,16.95025923786936,16.227614956881826,16.312631931115654,2531985.3,3960042363.0
2025-08-28,600703.SH,600703.SH,15.855673084961486,16.408283675053976,15.728147564170913,16.302012407728498,2212591.72,3352409828.0
2025-08-29,600703.SH,600703.SH,16.482668550926135,16.525177044932395,15.908803881841667,16.078837857866695,1554668.34,2359120408.0
2025-09-01,600703.SH,600703.SH,16.280751200279873,16.52517501072794,16.036327389831804,16.057581634218593,1365890.23,2082311698.0
2025-09-02,600703.SH,600703.SH,16.057581446216606,16.057581446216606,15.271174413112682,15.43058124414726,1473695.42,2157260111.0
2025-09-03,600703.SH,600703.SH,15.451834319658992,15.579359774841873,15.090512196640832,15.17552916676275,915963.92,1320669557.0
2025-09-04,600703.SH,600703.SH,15.218044665354105,15.409332936287326,14.357247446154606,14.665434104880354,1243038.14,1738231955.0
2025-09-05,600703.SH,600703.SH,14.750455723699984,15.728151636221886,14.601675910924913,15.643134600350415,1690251.5,2434837191.0
2025-09-08,600703.SH,600703.SH,16.04695868315139,16.24887405731025,15.7600263093467,15.961941683505556,1587183.4,2384276585.0
2025-09-09,600703.SH,600703.SH,15.834421936174486,15.972574610785403,15.589997973401323,15.738777776828465,964763.89,1429779424.0
2025-09-10,600703.SH,600703.SH,15.717516193593127,15.834414556087735,15.51560084019335,15.664380574277397,657643.23,969406832.0
2025-09-11,600703.SH,600703.SH,15.621869466609205,16.16385269300177,15.462462635317275,16.14259844882951,1318094.31,1967680346.0
2025-09-12,600703.SH,600703.SH,16.15322905621414,16.312635921900466,15.887550946736933,15.908805195495113,1367377.36,2066422378.0
2025-09-15,600703.SH,600703.SH,16.04695730198325,16.312635403009462,15.738770704792843,16.0363301779422,1331503.29,2006454194.0
2025-09-16,600703.SH,600703.SH,15.96193423545521,16.14259527540377,15.813154555497572,16.05757831542798,1005662.82,1511398575.0
2025-09-17,600703.SH,600703.SH,16.04695500961113,16.41890429791337,15.845039681675624,16.185107602409104,1410231.65,2149546060.0
2025-09-18,600703.SH,600703.SH,16.280745748486137,16.992762697016534,16.057576257155713,16.440152528007868,2932961.13,4588065190.0
2025-09-19,600703.SH,600703.SH,16.55704778021797,17.14153919736302,16.408268146762868,16.59955624691943,2560556.29,4045780048.0
2025-09-22,600703.SH,600703.SH,16.67393850043223,16.68456561228719,16.068193124699512,16.25948113808879,1743455.61,2681964292.0
2025-09-23,600703.SH,600703.SH,16.131949200324556,16.174457630364937,15.462441427188558,15.85564440506208,1573814.46,2333149542.0
2025-09-24,600703.SH,600703.SH,15.674978004953841,16.68455285951019,15.632469590025154,16.62079023711716,1997794.59,3080868700.0
2025-09-25,600703.SH,600703.SH,16.599532246403886,16.716430360815185,16.344481814961064,16.599532246403886,1197197.33,1863290075.0
2025-09-26,600703.SH,600703.SH,16.3869866073218,16.59952858666449,16.19569882591337,16.19569882591337,978687.45,1508017895.0
2025-09-29,600703.SH,600703.SH,16.100049639138454,16.259456071209133,15.951270302539156,16.153185116495347,823820.23,1246767780.0
2025-09-30,600703.SH,600703.SH,16.259456071209133,16.65265860365014,16.185066402909484,16.55701474440773,1220031.13,1891414534.0
2025-10-09,600703.SH,600703.SH,16.695166944414552,17.524080389140416,16.578268894517315,17.258403003010333,2264399.83,3655257704.0
2025-10-10,600703.SH,600703.SH,17.07774486447713,17.279659707305424,16.31259388112781,16.365729366082626,1794107.77,2811725056.0
2025-10-13,600703.SH,600703.SH,15.674963232411592,16.76955388525118,15.536811014092033,16.557012010913397,1560353.6,2387948585.0
2025-10-14,600703.SH,600703.SH,16.66327979893704,16.73766944089658,15.536808077835428,15.632451903211981,1629416.11,2454415792.0
2025-10-15,600703.SH,600703.SH,15.579313477180607,15.866244898656648,15.303009145388863,15.844990719288052,834380.61,1224584736.0
2025-10-16,600703.SH,600703.SH,15.728098226305127,15.908758814039713,15.441166704609017,15.54743763857054,659017.78,971098708.0
2025-10-17,600703.SH,600703.SH,15.473045322767717,15.52618078060689,14.782284370858443,14.824792737129782,886004.59,1258373049.0
2025-10-20,600703.SH,600703.SH,15.047958388758305,15.462414869804615,15.005450031727912,15.154229281334281,768902.51,1101033243.0
2025-10-21,600703.SH,600703.SH,15.18610510962218,15.366765562290883,15.132969682366678,15.24986762232878,566096.14,812216430.0
2025-10-22,600703.SH,600703.SH,15.164857364504273,15.207365724320685,15.005451015192735,15.047959375009146,463088.16,657311793.0
2025-10-23,600703.SH,600703.SH,14.994819622926283,15.132971752691018,14.73976953720677,15.111717578881061,501349.78,701831589.0
2025-10-24,600703.SH,600703.SH,15.154220677551214,15.334881092360732,15.132966511103037,15.21798317689575,590638.69,846298109.0
2025-10-27,600703.SH,600703.SH,15.398639326500527,15.919366260246921,15.324249764536756,15.653689253233454,1085527.46,1598794457.0
2025-10-28,600703.SH,600703.SH,15.653692797865462,15.75996362473488,15.48365947487439,15.674946963239345,582878.81,857112754.0
2025-10-29,600703.SH,600703.SH,15.228606582146387,15.313623227406103,15.005437888339635,15.302996146748638,1085977.83,1550511029.0
2025-10-30,600703.SH,600703.SH,15.345509760931762,15.345509760931762,14.782274291867092,14.792901376189066,928189.89,1306087294.0
2025-10-31,600703.SH,600703.SH,14.792900693603857,14.909798615751587,14.676002771456124,14.739765274445796,526710.86,733435486.0
2025-11-03,600703.SH,600703.SH,14.72913617336265,14.867288244252777,14.389069537325415,14.665373679105668,576382.16,790026114.0
2025-11-04,600703.SH,600703.SH,14.654748319550558,14.67600248680154,14.36781706166233,14.46346081429174,410214.83,559755056.0
2025-11-05,600703.SH,600703.SH,14.335935370968986,14.601612453455438,14.293427037771153,14.548477036958149,375235.56,512361037.0
2025-11-06,600703.SH,600703.SH,14.53784995365869,14.633493703353812,14.463460370562483,14.548477036958149,419179.83,574270195.0
2025-11-07,600703.SH,600703.SH,14.505971236548508,14.846037961507886,14.37844621468874,14.729140024803097,539244.7,743314543.0
2025-11-10,600703.SH,600703.SH,14.71850558570519,14.824776384157934,14.654743106633541,14.718505585705188,448409.22,621171877.0
2025-11-11,600703.SH,600703.SH,14.771647807610316,14.803529061871345,14.48471651926105,14.495343604014726,431473.51,592563295.0
2025-11-12,600703.SH,600703.SH,14.452830219335636,14.516592705597413,14.240288598463055,14.367813570986604,354636.4,479667207.0
2025-11-13,600703.SH,600703.SH,14.37844344108852,14.516595521453745,14.357189274878484,14.46346010592866,300437.02,408293250.0
2025-11-14,600703.SH,600703.SH,14.474080666560829,14.569724371405945,14.31467449181897,14.314674491818971,361481.84,492081906.0
2025-11-17,600703.SH,600703.SH,14.229652665393122,14.612227344970531,14.187144367662297,14.569719047239708,452893.64,615461172.0
2025-11-18,600703.SH,600703.SH,14.527211474246878,14.559092699135496,14.261534600175063,14.272161675137934,364601.07,493609712.0
2025-11-19,600703.SH,600703.SH,14.335927698002642,14.346554775614209,13.942725826374696,13.985234136820962,459192.25,608253181.0
2025-11-20,600703.SH,600703.SH,14.17652325610967,14.240285729525457,13.974608756959682,13.995862914764945,270583.35,358481350.0
2025-11-21,600703.SH,600703.SH,13.900224606622192,13.963987104817708,13.45388711925359,13.453887119253588,537463.03,690278731.0
2025-11-24,600703.SH,600703.SH,13.496401297359759,13.634553436624072,13.443265859181178,13.592045086081205,287677.3,366477531.0
2025-11-25,600703.SH,600703.SH,13.677057316431013,13.836463578860279,13.623921895621258,13.719565653078819,327247.68,423803187.0
2025-11-26,600703.SH,600703.SH,13.708941577679273,13.825839529116848,13.645179058713323,13.751449923656573,283091.47,366114853.0
2025-11-27,600703.SH,600703.SH,13.73019591978504,14.09151686504254,13.687687573284158,13.804585526161583,395070.39,516959915.0
2025-11-28,600703.SH,600703.SH,13.868344200598223,14.027750455777511,13.772700447490648,14.027750455777511,321443.8,421297021.0
2025-12-01,600703.SH,600703.SH,14.038375004308948,14.176527067182539,13.921477104954368,14.123391658385001,410943.41,544718251.0
2025-12-02,600703.SH,600703.SH,14.187149581844475,14.187149581844475,13.921472623382968,13.963980936736808,274828.2,361559582.0
2025-12-03,600703.SH,600703.SH,14.006492205588382,14.006492205588382,13.772696432809214,13.900221399779669,277976.72,363222313.0
2025-12-04,600703.SH,600703.SH,13.900222912728937,14.176527037905505,13.847087504041134,14.059629138792342,434745.8,574139729.0
2025-12-05,600703.SH,600703.SH,14.059633033689602,14.293428896683684,13.953362186874111,14.155276795823546,575816.22,766417002.0
2025-12-08,600703.SH,600703.SH,14.1977887240575,14.229669986162419,14.091517850374434,14.123399112479353,491536.4,655150403.0
2025-12-09,600703.SH,600703.SH,14.250930676478479,15.28175862250265,14.250930676478479,14.89918330232873,1906219.39,2645350643.0
2025-12-10,600703.SH,600703.SH,14.707898626145779,14.856677947508526,14.591000587932193,14.7716611924441,805032.11,1115183372.0
2025-12-11,600703.SH,600703.SH,14.846055953742361,14.93107273801576,14.537870110751287,14.537870110751287,603433.13,835133316.0
2025-12-12,600703.SH,600703.SH,14.463480339868433,14.622886809448174,14.272192576372744,14.527242927700328,546737.43,745301896.0
2025-12-15,600703.SH,600703.SH,14.44223281125438,14.44223281125438,13.921504770230491,13.995894490376763,751381.81,1001897794.0
2025-12-16,600703.SH,600703.SH,14.049031777106126,14.112794402418254,13.815235484294979,13.81523548429498,450343.96,590044967.0
2025-12-17,600703.SH,600703.SH,13.762101008159771,14.017151528774315,13.719592588057347,13.995897318723104,369150.94,481667613.0
2025-12-18,600703.SH,600703.SH,13.90025780113844,13.985274668423692,13.857749367495815,13.879003584317129,306999.33,402152782.0
2025-12-19,600703.SH,600703.SH,13.921513714412093,14.04903903087999,13.910886604706436,13.953395043529069,294368.17,387447817.0
2025-12-22,600703.SH,600703.SH,14.038411190007047,14.346597355419767,14.006529862550558,14.28283470050679,539475.7,721172152.0
2025-12-23,600703.SH,600703.SH,14.272208974278598,14.272208974278598,14.017158329913233,14.038412550277014,383482.91,509138650.0
2025-12-24,600703.SH,600703.SH,14.006530378092599,14.325343664392127,13.921513501746057,14.325343664392127,535852.2,713690538.0
2025-12-25,600703.SH,600703.SH,14.325340961497096,14.824815015792618,14.21906988611507,14.644154187643172,865994.65,1185061251.0
2025-12-26,600703.SH,600703.SH,14.62289406474758,15.069232401026213,14.505995929055556,14.835436129642169,1055207.0,1467276830.0
2025-12-29,600703.SH,600703.SH,14.824809523318407,15.53682546458173,14.782301108914629,15.218012356553379,1521533.2,2190427108.0
2025-12-30,600703.SH,600703.SH,15.218015193809919,15.324286249632614,14.984218870999989,15.047981504493608,748443.98,1064136135.0
2025-12-31,600703.SH,600703.SH,15.037349035269001,15.27114527468661,14.952332220935325,15.016094831685583,645056.91,915076993.0
