Date,Symbol,Name,Open,High,Low,Close,Volume,Amount
2017-11-07,600903.SH,600903.SH,2.65,3.18,2.65,3.18,442.59,139684.0
2017-11-08,600903.SH,600903.SH,3.4999080000000005,3.4999080000000005,3.4999080000000005,3.4999080000000005,159.84,55944.0
2017-11-09,600903.SH,600903.SH,3.8498988000000005,3.8498988000000005,3.8498988000000005,3.8498988000000005,154.0,59290.0
2017-11-10,600903.SH,600903.SH,4.23989354844,4.23989354844,4.23989354844,4.23989354844,157.0,66568.0
2017-11-13,600903.SH,600903.SH,4.660066999090404,4.660066999090404,4.660066999090404,4.660066999090404,703.04,327617.0
2017-11-14,600903.SH,600903.SH,5.130267759298626,5.130267759298626,5.130267759298626,5.130267759298626,413.0,211869.0
2017-11-15,600903.SH,600903.SH,5.640216374572908,5.640216374572908,5.640216374572908,5.640216374572908,341.38,192538.0
2017-11-16,600903.SH,600903.SH,6.200289860567998,6.200289860567998,6.200289860567998,6.200289860567998,805.81,499602.0
2017-11-17,600903.SH,600903.SH,6.820318846624799,6.820318846624799,6.820318846624799,6.820318846624799,1828.73,1247194.0
2017-11-20,600903.SH,600903.SH,7.500304635633289,7.500304635633289,7.500304635633289,7.50030463563329,2405.86,1804395.0
2017-11-21,600903.SH,600903.SH,8.25033509919662,8.25033509919662,8.25033509919662,8.25033509919662,2284.97,1885100.0
2017-11-22,600903.SH,600903.SH,9.0803188101758,9.0803188101758,9.0803188101758,9.0803188101758,4638.89,4212112.0
2017-11-23,600903.SH,600903.SH,9.990166754955416,9.990166754955416,9.990166754955416,9.990166754955416,12122.23,12110108.0
2017-11-24,600903.SH,600903.SH,10.990182447126454,10.990182447126454,10.710177798792023,10.990182447126454,229625.25,252092753.0
2017-11-27,600903.SH,600903.SH,11.000534115452536,12.090587041438287,10.780523433143484,11.360551595594618,837133.69,961480156.0
2017-11-28,600903.SH,600903.SH,10.621053824678075,11.311122293513092,10.221014132599807,10.421033978638942,629289.2,669358674.0
2017-11-29,600903.SH,600903.SH,10.200972985060773,11.321079822636076,10.080961538177705,10.941043574173026,675232.46,732131617.0
2017-11-30,600903.SH,600903.SH,10.701451668158906,11.98162532565829,10.211385189897426,11.621576484486589,675301.99,743685077.0
2017-12-01,600903.SH,600903.SH,11.20097779889621,11.300986529243499,10.500916686465196,10.670931528055585,549134.97,595793729.0
2017-12-04,600903.SH,600903.SH,10.27074541584298,10.900791142423417,9.990725092918343,10.190739609293084,401428.43,417088830.0
2017-12-05,600903.SH,600903.SH,10.471270725861935,10.581284076372423,9.911202759626722,10.2712464522065,329151.62,337312339.0
2017-12-06,600903.SH,600903.SH,9.8411045138254,9.8411045138254,9.241037165421412,9.431058492416009,361095.98,342628188.0
2017-12-07,600903.SH,600903.SH,9.190661444401272,9.190661444401272,8.730628336194027,8.940643450810377,309617.67,276396231.0
2017-12-08,600903.SH,600903.SH,8.920974035218595,9.14099805850874,8.80096093160579,8.920974035218595,270412.77,243238633.0
2017-12-11,600903.SH,600903.SH,8.761141418935075,9.121188326562542,8.751140115945423,8.911160963779855,218877.76,195291173.0
2017-12-12,600903.SH,600903.SH,8.801010320451963,8.841014912817654,8.160936842600911,8.2009414349666,303631.63,255363064.0
2017-12-13,600903.SH,600903.SH,8.120616106887276,8.290629005676788,8.050610795621008,8.22062369441052,179412.15,146783445.0
2017-12-14,600903.SH,600903.SH,8.260952037286597,9.041041939112691,8.230948579524055,9.041041939112691,454039.9,401363193.0
2017-12-15,600903.SH,600903.SH,9.040863350629941,9.900945483543852,8.88084807008782,9.720928292933964,626209.74,587816359.0
2017-12-18,600903.SH,600903.SH,9.350892956680305,9.86094166340832,9.080867170765472,9.720928292933964,417450.78,392551554.0
2017-12-19,600903.SH,600903.SH,9.500675747473265,9.6806885511096,9.400668634341969,9.520677170099525,276811.34,263992378.00000003
2017-12-20,600903.SH,600903.SH,9.560767677747602,10.470840751675459,9.560767677747602,10.470840751675459,548319.32,566461479.0
2017-12-21,600903.SH,600903.SH,10.32095502916554,11.52106607906851,10.300953178333826,11.52106607906851,592132.34,647481872.0
2017-12-22,600903.SH,600903.SH,12.200836257290172,12.67086847375955,11.650798557166436,12.670868473759548,515448.55,635433916.0
2017-12-25,600903.SH,600903.SH,13.350468777330265,13.940489494830253,13.100459998728574,13.940489494830254,713719.11,974469150.0
2017-12-26,600903.SH,600903.SH,14.380334217713257,15.330356297464828,14.210330266599819,15.330356297464828,477955.55,711143814.0
2017-12-27,600903.SH,600903.SH,16.400316965457282,16.860325855951817,16.400316965457282,16.860325855951817,402280.92,674568046.0
2018-01-02,600903.SH,600903.SH,16.009767407685082,18.54973050671819,15.639772783022776,18.54973050671819,438406.38,736602229.0
2018-01-03,600903.SH,600903.SH,19.070250849958672,20.41026847654203,18.66024545675033,20.41026847654203,769639.22,1531242888.0
2018-01-04,600903.SH,600903.SH,19.99937890377199,21.479332942651116,18.99940995858339,19.76938604637861,614553.3,1248380759.0
2018-01-05,600903.SH,600903.SH,19.549830640915687,20.559821891418235,18.709837917725448,19.559830554286997,580093.88,1125010741.0
2018-01-08,600903.SH,600903.SH,18.980455480906528,20.670496037425604,18.45044276199818,20.330487878125904,685072.16,1348881217.0
2018-01-09,600903.SH,600903.SH,19.700252883693672,20.930268672878608,19.51025044471389,20.07025763328589,536835.43,1083368278.0
2018-01-10,600903.SH,600903.SH,19.669367871746903,22.079290422377813,19.41937590591382,22.079290422377813,714019.16,1505307407.0
2018-01-11,600903.SH,600903.SH,22.669465583129814,24.289427393657835,22.509469354929514,24.289427393657835,591003.39,1405970608.0
2018-01-12,600903.SH,600903.SH,25.49844455060263,26.71837013302362,24.498505548618212,26.71837013302362,635615.01,1646314524.0
2018-01-15,600903.SH,600903.SH,27.887661101624044,29.387535309312682,27.887661101624044,29.387535309312682,367063.37,1064018465.0000001
2018-01-16,600903.SH,600903.SH,31.8963381999314,32.326288840243954,30.8964529899022,32.326288840243954,151800.07,487048200.0
2018-01-22,600903.SH,600903.SH,31.985430006999106,35.19497143627286,29.09584286350966,30.205684292323948,675486.27,2113304211.0000002
2018-01-23,600903.SH,600903.SH,29.005600397849616,29.975453289470234,27.875771771528687,29.30555490041269,524463.36,1518633638.0
2018-01-24,600903.SH,600903.SH,29.946386668551366,32.23611039045396,29.91639028791509,32.23611039045396,578263.21,1825704868.0
2018-01-25,600903.SH,600903.SH,33.386465132880446,34.39635820817872,29.99682401876051,30.846734032625392,575035.99,1831294821.0
2018-01-26,600903.SH,600903.SH,28.006600203591756,29.446425419342276,28.006600203591756,28.036596562253223,397246.03,1131315174.0
2018-01-29,600903.SH,600903.SH,28.296322149189578,29.83612201172498,26.91650149315136,28.42630525446854,380619.7,1081727537.0
2018-01-30,600903.SH,600903.SH,27.59771141125452,27.997678243301685,26.57779598953424,26.73778272235311,299812.69,814122089.0
2018-01-31,600903.SH,600903.SH,26.85862196793623,27.09860965491705,24.068765106784255,24.098763567656857,446553.04,1108678545.0
2018-02-01,600903.SH,600903.SH,24.279905777666265,25.29990181939689,23.499908804578137,24.669904264210327,424336.74,1040965040.0
2018-02-02,600903.SH,600903.SH,24.999715818544693,25.879705815357465,24.009727072130325,24.30972366195286,382018.42,957503448.0
2018-02-05,600903.SH,600903.SH,22.980526299138816,24.380558362619855,22.500515305945314,23.840545995277168,297959.22,699613293.0
2018-02-06,600903.SH,600903.SH,22.78062671528484,25.200693293466983,22.51061928714055,24.30066853298602,429446.82,1044403602.0
2018-02-07,600903.SH,600903.SH,24.440492673790033,25.200507994251588,23.070465056642227,24.480493480130118,363667.85,884305658.0
2018-02-08,600903.SH,600903.SH,23.82065834825616,24.290671338335102,23.500649503947095,23.530650333101068,265309.31,631026785.0
2018-02-09,600903.SH,600903.SH,22.399934814545027,22.769933737820995,21.17993836482427,21.17993836482427,232438.37,503105120.0
2018-02-12,600903.SH,600903.SH,20.62929853025183,22.209244806441742,20.42930533073412,21.419271668346788,288761.33,611973915.0
2018-02-13,600903.SH,600903.SH,21.069850455744227,21.799845274571627,19.77985961151499,20.06985755324094,307138.2,636516533.0
2018-02-14,600903.SH,600903.SH,20.109283008099922,20.359274094724736,18.539338984096098,18.769330783790927,269987.82,521226345.0
2018-02-22,600903.SH,600903.SH,18.9593171509556,19.44929950348557,18.609329756291334,19.349303105010065,216473.32,414877133.0
2018-02-23,600903.SH,600903.SH,19.320034671135303,21.290038206442574,19.050034186600804,21.290038206442578,441467.78,913232929.0
2018-02-26,600903.SH,600903.SH,22.299087839625813,23.41904202708684,22.26908906674739,23.41904202708684,394031.19,909843399.0
2018-02-27,600903.SH,600903.SH,24.99864550232222,25.758604325592817,24.99864550232222,25.758604325592817,269533.72,685750091.0
2018-03-01,600903.SH,600903.SH,26.54964070281959,28.33961647901722,24.4696688511486,28.33961647901722,585329.08,1584125616.0
2018-03-02,600903.SH,600903.SH,29.49914026911688,30.99909655398723,27.549197098785427,28.56916737249726,676033.49,1998764075.0
2018-03-05,600903.SH,600903.SH,27.36048075721452,30.520536283267077,26.680468808570303,29.54051906316217,595124.24,1697639596.0
2018-03-06,600903.SH,600903.SH,28.339301992516205,29.859264555276425,28.279303470301986,28.71929263320626,390855.03,1128566584.0
2018-03-07,600903.SH,600903.SH,28.358518679062826,31.588349967263564,28.358518679062826,31.588349967263564,599756.96,1831068633.0
2018-03-08,600903.SH,600903.SH,31.997407736623813,34.74718496398992,31.047484694442794,34.74718496398992,529407.77,1788786049.0
2018-03-09,600903.SH,600903.SH,34.49632571321511,37.486007275027085,32.746512090081005,33.336449254451935,710472.8,2482721865.0
2018-03-12,600903.SH,600903.SH,32.92657484599706,34.356426107150284,31.866685099967395,33.756488515058024,463055.2,1534161013.0
2018-03-13,600903.SH,600903.SH,32.99607056241697,34.47589433309506,32.47613248082737,32.9260788975876,344154.67,1155977839.0
2018-03-14,600903.SH,600903.SH,32.51606070434786,33.99588142520994,32.51606070434786,33.47594441517731,352903.94,1175491626.0
2018-03-15,600903.SH,600903.SH,31.994786542877257,33.27457800459235,30.125091204277865,30.145087945867164,422572.91,1309077435.0
2018-03-16,600903.SH,600903.SH,29.99384096482388,30.00383891181216,28.69410785634818,28.894066796113673,328354.94,959322289.0
2018-03-19,600903.SH,600903.SH,29.143017046172684,29.782863732606664,28.653134426871667,29.18300746407481,243010.17,710365006.0
2018-03-20,600903.SH,600903.SH,28.922168998108155,32.101308210482294,28.182369307178323,32.101308210482294,469022.42,1455697050.0
2018-03-21,600903.SH,600903.SH,33.87232730433368,35.192028368138885,32.79257188849305,33.112499419112496,603253.82,2058513643.0
2018-03-22,600903.SH,600903.SH,31.991895155717078,32.981644412097076,31.31206738365809,32.21183943491263,360189.5,1154894792.0
2018-03-23,600903.SH,600903.SH,30.71351349886926,30.873479715009204,28.993876675364863,28.993876675364863,324329.83,964265967.0
2018-03-26,600903.SH,600903.SH,27.24424618633423,31.893264342901354,26.194467892915846,31.893264342901354,411038.11,1232186106.0
2018-03-27,600903.SH,600903.SH,30.422468595190487,33.35174342213456,30.422468595190487,31.622171595986693,462774.42,1478152737.0
2018-03-28,600903.SH,600903.SH,30.651979482317913,32.201574009310505,29.992152135340422,30.70196640254348,265552.62,828255182.0
2018-03-29,600903.SH,600903.SH,30.79085098144204,31.790553935384967,30.29099950447058,30.870827217757473,220741.99,680306985.0
2018-03-30,600903.SH,600903.SH,30.88950953029718,31.319363546414582,30.299709833764,30.50963853930971,203986.24,625939337.0
2018-04-02,600903.SH,600903.SH,30.1886672200425,30.63849835411598,29.279008704471682,29.50892239522035,235719.68,703410309.0
2018-04-03,600903.SH,600903.SH,28.988267586466993,32.45686374250287,28.468477960778618,32.45686374250287,553135.06,1744581277.0
2018-04-04,600903.SH,600903.SH,33.098295625084646,33.77805524529176,31.03902383445721,31.268942529527266,522333.05,1690307209.0
2018-04-09,600903.SH,600903.SH,30.11847045167474,31.88779314332639,30.10847427827558,30.97814136400266,263570.83,818035733.0
2018-04-10,600903.SH,600903.SH,30.798599201724915,33.23769631474695,30.798599201724915,31.89819216251354,370082.43,1187898842.0
2018-04-11,600903.SH,600903.SH,31.007328025580772,32.48672343105658,30.617487344408094,31.47713602596836,278868.92,876206237.0
2018-04-12,600903.SH,600903.SH,31.087233332859252,31.377114286766943,29.987684887002494,30.567446794817872,238937.73,731710262.0
2018-04-13,600903.SH,600903.SH,30.68688084328822,31.15667999626364,30.03715861044987,30.277056050267106,135417.23,412577500.0
2018-04-16,600903.SH,600903.SH,30.386888960895536,30.586802704059323,29.087449630330926,29.847121854353315,147585.54,438332723.0
2018-04-17,600903.SH,600903.SH,29.538438685912464,29.82832522462362,28.508841669110776,28.748747770113113,153528.21,445908975.0
2018-04-18,600903.SH,600903.SH,28.75746260603198,29.287231642569935,26.48845182689772,28.987362376605052,191296.45,540456692.0
2018-04-19,600903.SH,600903.SH,28.38662603715878,29.366164541257923,28.186720219995692,28.436602491449555,154701.59,444557381.0
2018-04-20,600903.SH,600903.SH,28.067757866556367,28.547548599318013,26.78831591252531,26.87827667491812,171223.41,469782452.0
2018-04-23,600903.SH,600903.SH,26.87734738377138,27.46706976965554,25.707897906679055,26.04773792566315,140596.6,371242161.0
2018-04-24,600903.SH,600903.SH,25.9887872766165,27.588097262869823,25.3890460317715,27.118299954407906,187493.21,502858521.0
2018-04-25,600903.SH,600903.SH,26.66789422750715,27.28761290895597,26.49797136323893,26.88779440479544,131261.28,351917252.0
2018-04-26,600903.SH,600903.SH,26.78664408034702,26.90658427772171,25.48729194212123,25.527272007912792,116905.94,304904312.0
2018-04-27,600903.SH,600903.SH,25.768239879199676,26.08809390407725,25.348431471547855,25.578326551928612,85354.03,219268863.0
2018-05-02,600903.SH,600903.SH,25.968424385883125,26.028397652363225,25.37868726549548,25.698544686722677,73711.31,189485827.0
2018-05-03,600903.SH,600903.SH,25.48846699779426,27.78742676622276,24.6888288174713,26.777883563565027,192520.39,504464104.0
2018-05-04,600903.SH,600903.SH,26.21815412625774,26.48803219008121,25.718379933992058,25.768357353218626,115472.06,301300561.0
2018-05-07,600903.SH,600903.SH,25.767338833283493,26.60692628944944,25.767338833283493,26.147152206310942,112300.16,294728786.0
2018-05-08,600903.SH,600903.SH,26.26821770020963,28.767096857383297,25.968352201348786,28.767096857383297,318880.44,883373760.0
2018-05-09,600903.SH,600903.SH,28.767365612150922,29.37709782283237,27.527909970765684,27.817782661089648,317095.81,895739749.0
2018-05-10,600903.SH,600903.SH,27.807078578810184,28.13692530530218,27.437250430925218,27.73711109137249,157058.46,437441737.0
2018-05-11,600903.SH,600903.SH,27.74793010850765,27.847886629071436,26.76835620698252,26.93828229194096,137581.62,373472482.0
2018-05-14,600903.SH,600903.SH,26.699009932128973,27.48868487957869,26.649030505075196,27.18880831725601,117909.0,321246184.0
2018-05-15,600903.SH,600903.SH,27.13962591895085,27.359541856415643,26.599832254264534,27.2295915297319,107287.98,288940396.0
2018-05-16,600903.SH,600903.SH,26.989400373006752,28.46881935641601,26.689518146640008,27.469211935193538,185177.41,514204234.0
2018-05-17,600903.SH,600903.SH,26.988121875482644,28.087637951891196,26.698249455338573,27.178038288680487,142225.59,388657939.0
2018-05-18,600903.SH,600903.SH,26.98882409806309,29.527772735436432,26.94884065495485,28.428228049959788,349275.63,987437813.0
2018-05-21,600903.SH,600903.SH,27.989581189631167,29.02919420524604,27.489767239816327,28.479398860449713,281474.02,793635743.0
2018-05-22,600903.SH,600903.SH,28.10075879315615,30.589940201728147,27.890827830987426,29.530288678400307,415588.14,1232104841.0
2018-05-23,600903.SH,600903.SH,28.77051223666418,29.33032762417398,28.370644102728612,28.440621026167335,235064.43,674405356.0
2018-05-24,600903.SH,600903.SH,28.089706283237984,28.689486488574023,27.88977954812597,28.3496110388836,144153.69,406974491.0
2018-05-25,600903.SH,600903.SH,28.44833260032956,28.478320301594838,27.78860317249339,27.93854167881979,121915.68,343007383.0
2018-05-28,600903.SH,600903.SH,28.68721693343686,28.91711449074315,27.987528715548155,28.047501991367188,158821.98,452753697.0
2018-05-29,600903.SH,600903.SH,27.487071349724864,27.627005531141645,26.66745685856943,26.987306416093503,138826.74,376863069.0
2018-05-30,600903.SH,600903.SH,26.446726308732206,26.476711259195618,24.91749383509803,25.357273108561454,139718.69,356882364.0
2018-05-31,600903.SH,600903.SH,25.777168650220965,25.967074119144655,25.287412440891448,25.707203477459604,86994.39,223432816.0
2018-06-01,600903.SH,600903.SH,25.58764239665688,27.426754193916594,25.39773411324419,26.167362419706134,118956.99,314690429.0
2018-06-04,600903.SH,600903.SH,26.32659347585197,26.436537488089773,25.766878504459523,26.09671054117293,62200.74,162502665.0
2018-06-05,600903.SH,600903.SH,26.147386757584897,26.547193894551025,26.017449438070905,26.407261396612885,70874.68,186306382.0
2018-06-06,600903.SH,600903.SH,26.447060912003494,28.476068230649265,26.1971831634018,27.426581686522145,203426.25,554987128.0
2018-06-07,600903.SH,600903.SH,26.896326241305676,27.376082339255387,26.686432948452676,26.746402460696395,117259.15,315811634.0
2018-06-08,600903.SH,600903.SH,26.75611860380244,26.966009709771754,26.35632602100375,26.476263795843355,74391.0,197882867.0
2018-06-11,600903.SH,600903.SH,26.28562447401761,26.47552062040785,25.506050820415567,25.88584311319605,83403.71,216717036.0
2018-06-12,600903.SH,600903.SH,25.886137940566357,26.555779346750892,25.596293152814845,26.32590244612038,87063.16,228529156.0
2018-06-13,600903.SH,600903.SH,26.0248156315767,26.0248156315767,25.515113021280847,25.565083865427496,82267.79,211778536.0
2018-06-14,600903.SH,600903.SH,25.50499064040518,25.875063053618902,24.884869299344345,25.1049123558498,55390.73,140077945.0
2018-06-15,600903.SH,600903.SH,25.005086542036775,25.495186238260693,24.50498481119604,24.52498888042967,68268.28,169505857.0
2018-06-19,600903.SH,600903.SH,24.015376946783267,24.02537918624465,22.074942491274747,22.074942491274747,96676.69,219023125.0
2018-06-20,600903.SH,600903.SH,21.565638775433392,22.615913391120085,21.41559954462101,22.27582446794535,84372.7,186082936.0
2018-06-21,600903.SH,600903.SH,21.99557646465356,22.455693116483513,20.445183398704813,20.64523411689175,100154.46,213205701.0
2018-06-22,600903.SH,600903.SH,20.614692730809544,21.51489765355232,20.054565223325152,21.014783807584113,91021.41,190390292.0
2018-06-25,600903.SH,600903.SH,21.024544294488408,21.50464806524742,20.964531323143532,21.134568075287344,66363.11,140690301.0
2018-06-26,600903.SH,600903.SH,20.784514873550886,21.48466696265029,20.274404065778462,21.284623508621888,77438.02,162376005.0
2018-06-27,600903.SH,600903.SH,21.43399189817951,21.754051506551765,21.053921113237458,21.173943466377054,71839.16,153664027.0
2018-06-28,600903.SH,600903.SH,21.073355465924337,21.50342394482075,20.68329335715782,20.693294949690294,64407.51,135959113.0
2018-06-29,600903.SH,600903.SH,20.542614295162412,21.482733936713178,20.192569747776492,21.272707208281624,98059.67,205700859.0
2018-07-02,600903.SH,600903.SH,21.291883643249523,22.732011047959684,21.251880104229798,21.961942921829948,171796.3,379903665.0
2018-07-03,600903.SH,600903.SH,21.502829910292242,21.972891773447465,20.782735141203386,21.882879927311357,110019.27,237435722.0
2018-07-04,600903.SH,600903.SH,21.603294199905935,21.85333232721966,20.83317676777966,21.073213370000836,75395.5,160472129.0
2018-07-05,600903.SH,600903.SH,20.803117364070488,21.35319979437043,19.68294950600515,19.732956999668783,74460.02,152128840.0
2018-07-06,600903.SH,600903.SH,19.802647060871635,20.202700536848837,19.202566846905825,19.902660429865932,75992.72,150820783.0
2018-07-09,600903.SH,600903.SH,19.922788403432737,21.052946580936702,19.922788403432737,20.67289338850174,98293.88,202379302.0
2018-07-10,600903.SH,600903.SH,20.853401618625643,21.60352397900786,20.103279258243425,21.243465246024392,125558.5,264491701.0
2018-07-11,600903.SH,600903.SH,20.863003911519563,20.863003911519563,20.09289302887958,20.482949190216715,86625.99,177654248.0
2018-07-12,600903.SH,600903.SH,20.22205903431142,21.072145591144494,20.21205801599574,20.87212522483083,87446.27,182195438.0
2018-07-13,600903.SH,600903.SH,20.993011698308678,21.253049003766527,20.74297582767613,20.892997350055662,71853.99,150499327.0
2018-07-16,600903.SH,600903.SH,20.922964842783532,21.493045624828778,20.57291523977329,21.032980432301034,81407.41,171207171.0
2018-07-17,600903.SH,600903.SH,20.80277598559852,20.80277598559852,20.392721266651623,20.702762639513907,68936.65,142033650.0
2018-07-18,600903.SH,600903.SH,20.71375891038313,20.853784320689922,20.583735315098252,20.613740760163996,47465.26,98322063.0
2018-07-19,600903.SH,600903.SH,20.594380876606863,20.594380876606863,20.004255343960043,20.094274493007863,61091.58,123195077.0
2018-07-20,600903.SH,600903.SH,20.144275688129394,21.724611119472215,20.144275688129394,20.824420050985797,126082.58,264714184.0
2018-07-23,600903.SH,600903.SH,20.49434689239018,21.364531460295474,20.124268397993678,20.894431751197214,98440.66,203995651.0
2018-07-24,600903.SH,600903.SH,20.654383191064245,21.164491444209172,20.554361964957398,20.96444899199548,93955.48,196354933.0
2018-07-25,600903.SH,600903.SH,20.97444695570642,21.364529660175922,20.80441090504023,20.984449076333842,84365.49,177385605.0
2018-07-26,600903.SH,600903.SH,21.204494410314993,22.58478697098644,20.93443717018362,21.854632210631255,214747.92,465913626.0
2018-07-27,600903.SH,600903.SH,21.304514243391402,21.504556630653294,20.984446423772376,21.044459139950945,115930.44,245394420.0
2018-07-30,600903.SH,600903.SH,20.954446162959933,21.42454590981393,20.954446162959933,21.174492852976698,76583.23,162141467.0
2018-07-31,600903.SH,600903.SH,21.154478764261754,21.494550763308986,20.624366530452832,21.21449146997597,93984.0,198587402.0
2018-08-01,600903.SH,600903.SH,21.04446410328737,21.254508659451364,20.524353773738444,20.55436013890473,78351.18,163109480.0
2018-08-02,600903.SH,600903.SH,20.28430791315583,20.404333403766216,18.603951044610376,19.644171963233752,102291.05,198638858.0
2018-08-03,600903.SH,600903.SH,19.46413598286186,19.98424650244501,19.32410622758947,19.33410835296607,54162.56,106237430.0
2018-08-06,600903.SH,600903.SH,19.344117611283792,19.354119740348573,18.003832316603322,18.173868510704576,68374.18,125933699.0
2018-08-07,600903.SH,600903.SH,18.19387430325714,19.384127762348722,18.19387430325714,19.094065995007078,87759.12,164483617.0
2018-08-08,600903.SH,600903.SH,18.904030064477528,20.86444799709001,18.713989550601827,19.834228369237533,185016.08,369391706.0
2018-08-09,600903.SH,600903.SH,19.404130442557417,21.204513679495733,19.214089989769484,20.474358255626306,175836.53,354541990.0
2018-08-10,600903.SH,600903.SH,20.204310467755313,21.20452385724815,20.014269923751677,20.484370216813307,146094.59,301880876.0
2018-08-13,600903.SH,600903.SH,20.014261684329323,20.37433835631126,19.724199920788315,20.214304279874842,88093.39,176594971.0
2018-08-14,600903.SH,600903.SH,20.254321762552756,20.984477559425027,20.10428974949681,20.544383654460916,116801.62,240681159.0
2018-08-15,600903.SH,600903.SH,20.48437676671658,20.504381040902825,19.814233581477314,19.874246404036057,81218.72,162870011.0
2018-08-16,600903.SH,600903.SH,19.49417073824544,19.874252055871573,19.13409370049437,19.274123659619786,60651.0,117913109.0
2018-08-17,600903.SH,600903.SH,19.62420568786882,19.724227123586804,18.91405349427112,18.994070642845507,46001.3,88721873.0
2018-08-20,600903.SH,600903.SH,19.004066421845764,19.26412206761839,18.523963691188605,19.084083543621954,43336.86,81993337.0
2018-08-21,600903.SH,600903.SH,19.15410578231904,19.364150806563792,18.90405218202767,19.324142230517175,54192.75,104006459.0
2018-08-22,600903.SH,600903.SH,19.294127500795415,19.554183133258185,19.14409540514382,19.164099684564032,49646.28,95758976.0
2018-08-23,600903.SH,600903.SH,19.254128078144625,19.49417954509292,19.124100200214297,19.224121644776083,47336.67,91321448.0
2018-08-24,600903.SH,600903.SH,19.1841089668371,19.354145386251197,19.054081116696914,19.09408968597082,35932.0,68799289.0
2018-08-27,600903.SH,600903.SH,19.20410959354772,19.354141699747313,19.07408176817474,19.324135278507395,55854.0,107459961.0
2018-08-28,600903.SH,600903.SH,19.364147501744178,19.46416892479038,19.19411108256564,19.254123936393363,44044.69,84891508.0
2018-08-29,600903.SH,600903.SH,19.25413356852488,19.264135715833202,18.904058412733516,18.994077738508434,42232.56,80392015.0
2018-08-30,600903.SH,600903.SH,19.004080746417074,19.184119406119972,18.684012018056364,18.774031347907815,39411.17,74752905.0
2018-08-31,600903.SH,600903.SH,18.704021684430764,19.274144270533736,18.704021684430764,18.91406684773186,56366.15,107450378.0
2018-09-03,600903.SH,600903.SH,18.904069761231995,18.944078374483283,18.053886729642198,18.594003008534543,50073.15,92406658.0
2018-09-04,600903.SH,600903.SH,18.473984205542376,18.7540446049767,18.35395832007053,18.6440208766275,42056.74,78122410.0
2018-09-05,600903.SH,600903.SH,18.50398367814971,18.56399659818695,18.103897544568095,18.19391692462396,41274.7,75687173.0
2018-09-06,600903.SH,600903.SH,19.304156379439387,20.01430928251721,19.304156379439387,20.01430928251721,211625.42,420726503.0
2018-09-07,600903.SH,600903.SH,20.59443372141417,22.014739495304806,20.204349741261108,22.014739495304806,398433.03,849298150.0
2018-09-10,600903.SH,600903.SH,22.554864672620113,24.215222781558,22.54486251533735,24.215222781557998,409620.11,970660352.0
2018-09-11,600903.SH,600903.SH,24.215234298301365,25.425495905114445,21.794711084675207,23.365050524920278,449429.83,1044221392.0
2018-09-12,600903.SH,600903.SH,22.734923710003113,23.77514899193902,21.904743917688872,22.464865223346674,292640.67,667432057.0
2018-09-13,600903.SH,600903.SH,22.014765856824006,24.7153504916911,21.65468790550839,24.7153504916911,475569.98,1120293158.0
2018-09-14,600903.SH,600903.SH,24.20524212089284,26.775798825467,23.895174969757438,24.32526811488074,503584.4,1267890289.0
2018-09-17,600903.SH,600903.SH,24.00519941285109,25.755578536704817,22.784935109364497,24.975409555787156,350234.18,868227189.0
2018-09-18,600903.SH,600903.SH,24.515317381478496,25.495529989958662,24.005206738289836,24.61533907622137,274354.38,675704798.0
2018-09-19,600903.SH,600903.SH,24.305267033494143,25.94562250406741,24.305267033494143,24.97541225622834,306301.31,772330596.0
2018-09-20,600903.SH,600903.SH,24.425286949761784,24.89538870514213,24.04520467945427,24.33526746468895,222592.71,541650243.0
2018-09-21,600903.SH,600903.SH,24.385276860141186,24.395279024562903,23.225025787222247,23.715131843886283,204148.88,482957549.0
2018-09-25,600903.SH,600903.SH,23.78514769205784,24.495301386816504,23.78514769205784,23.885169339206946,156166.2,376360971.0
2018-09-26,600903.SH,600903.SH,24.055216865616284,24.90540124548214,24.04521469644139,24.405292786737515,234548.19,575741214.0
2018-09-27,600903.SH,600903.SH,24.10521938498722,24.10521938498722,23.00498115579693,23.165015807315516,197138.17,463828364.0
2018-09-28,600903.SH,600903.SH,23.585106524092637,23.585106524092637,22.88495493092619,23.255035058742745,105813.33,246049374.0
2018-10-08,600903.SH,600903.SH,23.145010105948348,25.585538397154654,22.824940821855716,25.58553839715465,336971.02,831468120.0
2018-10-09,600903.SH,600903.SH,26.565763484532468,26.75580471427875,25.005424966615653,25.65556601574766,423645.25,1099605250.0
2018-10-10,600903.SH,600903.SH,25.005432815643914,28.006084753521183,24.715369794982443,26.92585005588537,432002.53,1143918898.0
2018-10-11,600903.SH,600903.SH,25.465538664819338,28.296154313736803,25.10546034905599,27.00587368225146,405170.55,1089970229.0
2018-10-12,600903.SH,600903.SH,26.38572873421079,27.205906807071017,25.505537631629082,26.20568964504635,254100.11,668038789.0
2018-10-15,600903.SH,600903.SH,26.205683226507745,26.755802530881,25.675568260475337,26.135668042314784,172704.3,452745705.0
2018-10-16,600903.SH,600903.SH,26.17568119502761,28.006078466212195,25.735585676272848,27.31592867543768,349894.35,945772863.0
2018-10-17,600903.SH,600903.SH,27.265916885791167,27.77602758321426,25.955632545351456,26.535758436538504,256411.96,685874629.0
2018-10-18,600903.SH,600903.SH,26.15567374061661,26.38572364349775,23.895183390567144,24.325276687257976,225782.07,564485949.0
2018-10-19,600903.SH,600903.SH,23.38507273635244,24.745367814258316,22.104795015970446,24.325276687257976,176944.12,419141447.0
2018-10-22,600903.SH,600903.SH,23.755161381495135,25.88562427591975,23.755161381495135,25.445528654536265,243250.05,608032795.0
2018-10-23,600903.SH,600903.SH,25.20548251420916,25.70559129425299,24.605351978156563,24.805395490174096,181364.15,455785181.0
2018-10-24,600903.SH,600903.SH,24.52534412479831,25.19549015104688,24.105252585955927,24.655372458249524,148047.61,365204900.0
2018-10-25,600903.SH,600903.SH,24.005224420178486,24.05523530438719,23.00500673600438,23.555126462300137,149740.36,352834034.0
2018-10-26,600903.SH,600903.SH,23.365091778045656,24.4653315449913,23.365091778045656,23.805187684823913,126045.69,303347530.0
2018-10-29,600903.SH,600903.SH,23.605133055704815,24.205263557121036,23.40508955523274,23.535117830539587,84625.01,201051130.0
2018-10-30,600903.SH,600903.SH,23.525104966908696,23.78516139936602,22.224822804622075,23.115015977264456,111591.38,256329848.0
2018-10-31,600903.SH,600903.SH,23.00499755836775,24.505323486087388,23.00499755836775,23.99521267066271,181937.77,432495639.0
2018-11-01,600903.SH,600903.SH,23.98521252756094,24.265273391102102,23.68514731662398,23.875188616884053,167993.81,402366110.0
2018-11-02,600903.SH,600903.SH,23.805163190374326,24.985419180485323,23.68513715748168,24.27526515253718,238401.15,580787014.0
2018-11-05,600903.SH,600903.SH,23.405070055152052,26.50574172912519,23.285044054869225,26.285694061940003,340182.46,839988536.0
2018-11-06,600903.SH,600903.SH,25.50552014481828,27.505953097353046,25.015414071447264,25.5355266391063,385111.68,1005104648.0
2018-11-07,600903.SH,600903.SH,24.99540896825447,26.285688182702184,24.32526394989791,25.205454421769215,276408.57,696199646.0
2018-11-08,600903.SH,600903.SH,24.605322139337652,25.475510361338614,24.455289687268515,24.455289687268518,182838.38,452790646.0
2018-11-09,600903.SH,600903.SH,24.3052545425183,24.75535184886123,23.905168047991246,23.9251723727176,147317.69,355752512.0
2018-11-12,600903.SH,600903.SH,24.205233238295794,24.75535217552979,24.08520728835383,24.255244050771612,155996.66,380097319.0
2018-11-13,600903.SH,600903.SH,24.04519048829558,24.585307079962785,23.81514082888177,24.345255261444027,154937.14,376341000.0
2018-11-14,600903.SH,600903.SH,24.50529558858644,24.555306395910083,24.12521345292673,24.165222098785645,124298.33,301776061.0
2018-11-15,600903.SH,600903.SH,24.835371691473657,25.835588030236188,24.485295972906773,25.805581540073316,366290.33,922716754.0
2018-11-16,600903.SH,600903.SH,25.005413637112735,25.4855175789453,25.005413637112735,25.165448284390255,235228.13,593215284.0
2018-11-19,600903.SH,600903.SH,25.305484714833447,25.41550856141968,24.895395832102945,25.335491218447874,153514.95,387284239.0
2018-11-20,600903.SH,600903.SH,25.205454716567655,25.205454716567655,24.365272892682064,24.515305361233064,141933.74,350767890.0
2018-11-21,600903.SH,600903.SH,24.095213023186336,24.445288762419015,24.015195711361724,24.33526495866017,86915.75,210495454.0
2018-11-22,600903.SH,600903.SH,24.33525652653049,25.1754380095673,24.325254366018147,24.56530621831438,129799.51,321599000.0
2018-11-23,600903.SH,600903.SH,24.185231175433216,24.475293914923522,23.20501915922459,23.5851013695912,125816.47,299565730.0
2018-11-26,600903.SH,600903.SH,23.40506102513794,23.87516267820695,23.195015605681576,23.365052373812915,66571.25,156184470.0
2018-11-27,600903.SH,600903.SH,23.415065422725974,23.745136827659742,23.215022147008536,23.475078405441202,51440.28,120616894.0
2018-11-28,600903.SH,600903.SH,23.60511578625556,23.60511578625556,22.894961879126683,23.555104947725354,61628.4,143471128.0
2018-11-29,600903.SH,600903.SH,23.695133750946606,23.8051575885407,23.014986391274014,23.014986391274014,69988.36,163724194.0
2018-11-30,600903.SH,600903.SH,22.92497046544188,23.18502684943031,22.50487938361441,22.94497480267176,69659.0,159126741.0
2018-12-03,600903.SH,600903.SH,23.505102909079998,23.51510508053067,23.165029079757137,23.355070337319912,86527.4,202315617.0
2018-12-04,600903.SH,600903.SH,23.45508370211749,25.325489097552875,23.305051183767063,24.725359024151146,215463.65,523131633.0
2018-12-05,600903.SH,600903.SH,24.195243322150915,24.725358202710648,23.815160954957143,24.085219479015873,129727.16,312983350.0
2018-12-06,600903.SH,600903.SH,24.005205254037833,24.495311527974437,23.875177058911795,24.045213929461227,100199.0,242012017.0
2018-12-07,600903.SH,600903.SH,24.215243025214416,24.35527334423672,23.90517589023645,23.925180221525356,56647.06,136110256.0
2018-12-10,600903.SH,600903.SH,24.035215817582692,24.505317833157548,24.025213647038544,24.175246205200736,97494.76,236721741.0
2018-12-11,600903.SH,600903.SH,24.14523014260492,24.155232309192577,23.60511314687142,23.895175977913485,75740.78,180358672.0
2018-12-12,600903.SH,600903.SH,23.995200509039396,23.995200509039396,23.605115965541053,23.70513764336114,56434.54,134025405.99999999
2018-12-13,600903.SH,600903.SH,23.925193872183335,24.67535672352688,23.885185186778344,24.105232956505787,140244.28,340669748.0
2018-12-14,600903.SH,600903.SH,23.995201690056472,24.305268906559913,23.69513664182734,23.735145314924555,88855.67,212261840.0
2018-12-17,600903.SH,600903.SH,23.48509122959393,23.48509122959393,22.8849611300302,23.19502834813813,77245.97,178319346.0
2018-12-18,600903.SH,600903.SH,23.01499912058032,23.305062125576768,22.914977394719475,23.08501432868291,43413.0,100085311.0
2018-12-19,600903.SH,600903.SH,23.005005567280694,23.2150512702863,22.584914161269477,22.74494898260708,49852.0,114121590.0
2018-12-20,600903.SH,600903.SH,22.80495576199572,22.984994886432528,22.604912290399266,22.814957935575542,47887.28,109118700.0
2018-12-21,600903.SH,600903.SH,22.804951389127943,22.854962247437435,22.504886239270995,22.794949217466044,48275.03,109305177.0
2018-12-24,600903.SH,600903.SH,22.79494270742463,23.325057654108925,22.654912344149533,23.255042472471377,87041.21,200907240.0
2018-12-25,600903.SH,600903.SH,22.89495655473704,22.89495655473704,22.104785489719905,22.634900254857982,81147.21,182607411.0
2018-12-26,600903.SH,600903.SH,22.63490920165866,22.77493957232734,22.314839782987395,22.39485713765521,51698.68,116098911.0
2018-12-27,600903.SH,600903.SH,22.804943972044427,22.904965656132337,21.79472496275649,21.854737973209243,71505.73,160223367.0
2018-12-28,600903.SH,600903.SH,21.814728007232297,22.10479087390343,20.214381156632953,21.10457409227884,81520.43,171555998.0
2019-01-02,600903.SH,600903.SH,21.004558549818153,21.09457808646023,20.254395744467505,20.544458695869757,63051.0,130094756.0
2019-01-03,600903.SH,600903.SH,20.554458539687666,21.18459522484597,20.234389112305667,20.674484574955915,72823.13,150779251.0
2019-01-04,600903.SH,600903.SH,20.234380724587957,20.804504155780005,19.554233473341302,20.654471673887357,155959.96,313479754.0
2019-01-07,600903.SH,600903.SH,20.50443290198559,20.784493448939543,20.424415602855895,20.70447614980984,102240.26,210914365.0
2019-01-08,600903.SH,600903.SH,20.714478312201056,22.774923764790824,20.50443290198559,22.774923764790824,314915.49,691766729.0
2019-01-09,600903.SH,600903.SH,22.904958315019684,24.16523113060592,22.33483489844496,22.414852220069484,371272.97,861465933.0
2019-01-10,600903.SH,600903.SH,21.9147357680474,22.764919492503825,21.6146709241216,21.994753059760942,184833.77,407802376.0
2019-01-11,600903.SH,600903.SH,22.07477229413607,22.084774456480492,21.364618767682217,21.594668501603888,129403.73,279272013.0
2019-01-14,600903.SH,600903.SH,21.754700313390313,22.354829977207977,21.50464628679962,21.714691669135803,127471.53,279542006.0
2019-01-15,600903.SH,600903.SH,22.2848176009743,22.554875983032783,21.744700836857323,21.87472894673734,106146.0,233406337.0
2019-01-16,600903.SH,600903.SH,21.584658246506834,21.68467983244987,21.374612916026464,21.44462802618659,95336.25,204603189.0
2019-01-17,600903.SH,600903.SH,21.50463088664368,21.664665349055916,21.09454257671234,21.14455334621616,77202.96,164741463.0
2019-01-18,600903.SH,600903.SH,21.014523796231195,21.284581931642066,20.824482886127246,21.16455609368168,68578.09,144482456.0
2019-01-21,600903.SH,600903.SH,21.264582522490358,21.35460192169187,21.124552345954676,21.194567434222517,51330.1,108960332.0
2019-01-22,600903.SH,600903.SH,21.204559738907502,21.244568342188458,20.80447370609793,20.884490912659842,62374.97,130523038.0
2019-01-23,600903.SH,600903.SH,20.844491387778053,20.964517249895778,20.714463370483852,20.944512939542825,39806.15,83078777.0
2019-01-24,600903.SH,600903.SH,20.844482264594387,21.294579050538122,20.844482264594387,21.02452097897188,52765.99,111168307.0
2019-01-25,600903.SH,600903.SH,21.024511137277642,21.204549767378023,20.8144660688272,20.854474653293956,50327.0,105765796.0
2019-01-28,600903.SH,600903.SH,21.104532041978768,21.104532041978768,20.604424647619084,20.624428943393468,48823.04,101348742.0
2019-01-29,600903.SH,600903.SH,20.604422422341223,20.604422422341223,19.514188420382393,20.004293613923515,65500.66,130848851.0
2019-01-30,600903.SH,600903.SH,19.894269999046934,20.084310788379202,19.714231356521623,19.734235650135545,44771.0,89068870.0
2019-01-31,600903.SH,600903.SH,19.724230838752366,19.83425443876569,17.943848947627664,18.583986256796095,90343.9,170719932.0
2019-02-01,600903.SH,600903.SH,18.5839874219363,19.33414837815009,18.5839874219363,19.144107602575932,53286.49,100927452.0
2019-02-11,600903.SH,600903.SH,19.50418941253502,20.184335504869576,19.21412710845117,19.80425386503556,67233.53,132547201.99999999
2019-02-12,600903.SH,600903.SH,19.85426160344809,19.93427877867609,19.61421007776408,19.83425730964109,65540.48,129749258.0
2019-02-13,600903.SH,600903.SH,19.904263687838213,20.064297968745453,19.70422083670416,19.954274400621728,105862.03,210861428.0
2019-02-14,600903.SH,600903.SH,19.964275304699736,20.604412388617966,19.8142431756564,20.15431600148796,135837.97,275162451.0
2019-02-15,600903.SH,600903.SH,20.01428495835068,20.054293523984562,19.834246412998198,19.904261402857497,74127.38,147624507.0
2019-02-18,600903.SH,600903.SH,20.00427393053819,20.36435086128788,20.00427393053819,20.264329491635188,115929.33,234222664.0
2019-02-19,600903.SH,600903.SH,20.334342750028785,20.454368383575442,20.114295755193258,20.33434275002879,133426.65,270478301.0
2019-02-20,600903.SH,600903.SH,20.374356906462044,20.704427489630056,20.154309851016695,20.444371878649196,125393.32,256201747.0
2019-02-21,600903.SH,600903.SH,20.454363904367057,20.68441298495407,20.314334029227133,20.63440231526124,160960.19,330578916.0
2019-02-22,600903.SH,600903.SH,20.734431264150885,21.8046599883497,20.254328658902818,21.094508218086936,219869.26,461518862.0
2019-02-25,600903.SH,600903.SH,20.8444596653856,21.704643701481167,20.804451105567203,21.584618022025968,274469.08,585790227.0
2019-02-26,600903.SH,600903.SH,21.544612408307653,22.50481797525173,21.28455673392697,21.50460384301832,288202.66,629285945.0
2019-02-27,600903.SH,600903.SH,21.204539096062657,21.634631162633738,20.744440606242428,20.904474863571206,181183.75,383623707.0
2019-02-28,600903.SH,600903.SH,20.854455718231645,21.384568981093167,20.80444503305603,21.25454119963657,132356.28,279885701.0
2019-03-01,600903.SH,600903.SH,21.224528717440013,22.784861648599602,20.824443350476017,21.85466317040831,239252.46,522800938.0
2019-03-04,600903.SH,600903.SH,21.604603238197615,22.184726843667733,21.51458405803846,22.17472471253894,278625.78,611143934.0
2019-03-05,600903.SH,600903.SH,22.174735393347948,22.174735393347948,21.824660635221118,22.094718305776098,166821.98,366505641.0
2019-03-06,600903.SH,600903.SH,22.1547216687697,22.884877281329604,21.994687561907252,22.504796277531298,285828.12,640837727.0
2019-03-07,600903.SH,600903.SH,22.384770697384468,24.755275905284435,22.034696088622873,24.75527590528443,393472.75,927785345.0
2019-03-08,600903.SH,600903.SH,25.495433372639727,26.005542082723927,22.854870638086222,23.024906874780957,533457.48,1333344740.0
2019-03-11,600903.SH,600903.SH,22.184725740626796,22.824862101041635,21.60460216400085,22.804857839778673,321037.96,716732327.0
2019-03-12,600903.SH,600903.SH,22.80485663157429,23.19493970553543,22.40477142751158,22.654824680050773,272218.85,621686046.0
2019-03-13,600903.SH,600903.SH,22.4547843472211,22.4547843472211,21.614605333783874,21.77463943158144,220244.69,484106333.0
2019-03-14,600903.SH,600903.SH,21.904669092345113,22.424779956638243,21.704626452232375,22.174726656497317,180550.15,399476202.0
2019-03-15,600903.SH,600903.SH,22.054696189174624,22.384766472277917,21.90466424230949,22.044694059383616,135083.02,298616524.0
2019-03-18,600903.SH,600903.SH,22.18472972606206,22.40477663948558,21.864661488355125,22.304755315202165,145000.0,322420205.0
2019-03-19,600903.SH,600903.SH,22.30476577798717,23.995126951296513,22.194742269665262,23.45501154680714,365283.9,848066301.0
2019-03-20,600903.SH,600903.SH,23.004919777075752,23.264975391947047,22.40479143506508,22.74486416220446,228164.5,520716948.0
2019-03-21,600903.SH,600903.SH,22.554825565538412,22.724861944524733,22.38478918655209,22.504814865836554,175795.41,395889179.0
2019-03-22,600903.SH,600903.SH,22.47480087364062,22.75486069761122,22.00470045483283,22.264756005662676,119518.0,266883096.00000003
2019-03-25,600903.SH,600903.SH,21.90468431798793,22.03471212444174,21.654630844038294,21.70464153882822,113858.69,248153234.0
2019-03-26,600903.SH,600903.SH,21.724650586833484,21.984706256841623,20.82445788295917,20.954485717963237,117619.69,251061255.0
2019-03-27,600903.SH,600903.SH,21.11452530069635,21.21454673745948,20.504394536441268,20.824463134083278,81485.38,169204863.0
2019-03-28,600903.SH,600903.SH,20.82447275304948,21.154543646829804,20.5544147490474,20.874483494531347,70222.0,146468799.0
2019-03-29,600903.SH,600903.SH,20.904484455308857,21.304570282204722,20.764454415895308,21.274563845187533,92051.38,194143389.0
2019-04-01,600903.SH,600903.SH,21.294565190914213,22.09473673402043,21.294565190914213,21.76466597248912,122003.71,265136941.99999997
2019-04-02,600903.SH,600903.SH,21.80467005010772,22.18475145465088,21.614629347836136,21.714650770084337,127848.03,279260783.0
2019-04-03,600903.SH,600903.SH,21.71465851182939,22.10474219767064,21.65464563708458,21.85468855290061,90876.54,198847598.0
2019-04-04,600903.SH,600903.SH,21.954709910052724,21.974714201542522,21.65464553770576,21.794675578134346,103982.81,226586096.0
2019-04-08,600903.SH,600903.SH,21.9246978555755,22.11473857603897,21.214545689633045,21.35457569418508,110402.71,238915566.0
2019-04-09,600903.SH,600903.SH,21.404584861934644,21.724653420617777,21.154531300463443,21.43459128931119,82480.13,176300356.0
2019-04-10,600903.SH,600903.SH,21.204545276544675,21.284562428531636,21.004502396577273,21.054513116569122,87712.63,184978978.0
2019-04-11,600903.SH,600903.SH,21.054504790791253,21.18453261135196,20.604408488850346,20.614410628893477,77904.0,162365912.0
2019-04-12,600903.SH,600903.SH,20.61441021183892,20.864463707858317,20.61441021183892,20.764442309450562,44217.0,91710497.0
2019-04-15,600903.SH,600903.SH,21.214529328618696,21.214529328618696,20.68441614878994,20.68441614878994,62131.17,129998861.0
2019-04-16,600903.SH,600903.SH,20.884449702256003,21.6346095335152,20.884449702256003,21.354549863178434,132850.99,283222556.0
2019-04-17,600903.SH,600903.SH,21.21452017615614,21.73463099612791,20.924458372710347,21.484577717295327,126298.43,269641286.0
2019-04-18,600903.SH,600903.SH,21.3045384994567,21.354549153211295,20.824436223412604,20.884449007918118,96437.47,202932668.0
2019-04-19,600903.SH,600903.SH,20.954459340327762,21.004469983144773,20.64439335486229,20.85443805469374,53090.99,110501217.0
2019-04-22,600903.SH,600903.SH,20.964461721840753,21.064483008681595,20.634391475265968,20.724410633422725,68344.58,142157890.0
2019-04-23,600903.SH,600903.SH,21.004462166385952,21.394545035190266,20.844428168927774,21.034468540909362,104669.52,221155709.0
2019-04-24,600903.SH,600903.SH,20.704400279112203,21.074478931444162,20.704400279112203,20.954453422579743,58519.01,122243742.0
2019-04-25,600903.SH,600903.SH,20.88444624439695,20.97446540924349,19.514154512844087,19.9342439487946,89620.0,182500064.0
2019-04-26,600903.SH,600903.SH,19.904236605921433,20.09427705592772,19.554162092751962,19.60417273749046,52531.62,103632065.0
2019-04-29,600903.SH,600903.SH,19.614182418419926,19.734208012005364,18.203881693791057,18.703988333730372,73088.25,137891853.0
2019-04-30,600903.SH,600903.SH,18.763997655708067,18.99404666747847,18.763997655708067,18.904027488959617,37999.69,71785119.0
2019-05-06,600903.SH,600903.SH,18.71398897086874,18.71398897086874,17.02362866297092,17.103645718966085,78309.02,139022373.0
2019-05-07,600903.SH,600903.SH,17.0936451678817,17.49373048485962,17.0936451678817,17.30368995929511,44197.69,76394124.0
2019-05-08,600903.SH,600903.SH,17.10365266743575,17.383712477194926,16.5135266397289,17.213676164126856,43701.79,74574857.0
2019-05-09,600903.SH,600903.SH,17.013640321778105,17.353713085411528,17.013640321778105,17.143668143167353,33763.0,58104418.0
2019-05-10,600903.SH,600903.SH,17.333717283857645,17.50375374884644,16.803603598892582,17.50375374884644,63916.29,110800985.0
2019-05-13,600903.SH,600903.SH,17.603775198839855,19.25412912373109,17.413734443852377,19.254129123731087,61418.41,115561798.0
2019-05-14,600903.SH,600903.SH,19.974274247320018,20.0042806683225,18.63398744254241,18.76401526688651,167119.4,322447910.0
2019-05-15,600903.SH,600903.SH,18.303909660940377,19.15409125721356,18.303909660940377,18.844025027984518,90382.42,170278573.0
2019-05-16,600903.SH,600903.SH,18.814023994138175,19.0440731976816,18.60397906916375,18.764013297715696,62947.29,118286415.0
2019-05-17,600903.SH,600903.SH,18.703992778883944,18.794011995466807,17.68377499094482,17.823804883407053,81266.99,147847168.0
2019-05-20,600903.SH,600903.SH,17.953835931037247,17.98384234206405,17.013635052197415,17.57375472469774,41540.0,72274941.0
2019-05-21,600903.SH,600903.SH,17.683784767105358,18.183891802374177,17.423729108765578,17.943840425445146,42127.99,75470214.0
2019-05-22,600903.SH,600903.SH,17.913827091692273,18.083863418079076,17.703782217920338,17.7837993126906,34233.0,61079417.0
2019-05-23,600903.SH,600903.SH,17.983842191781008,17.983842191781008,17.58375671476697,17.713784494796535,33966.59,60340447.0
2019-05-24,600903.SH,600903.SH,17.703789317088265,18.994065487655714,17.603767908517145,18.243904923372313,84621.99,155752017.0
2019-05-27,600903.SH,600903.SH,17.98384241750368,18.573968503506304,17.93383173224922,18.503953544150058,69530.99,127477758.0
2019-05-28,600903.SH,600903.SH,18.513950162135576,18.65398003910472,18.303905346681848,18.45393735772022,69539.99,128170821.0
2019-05-29,600903.SH,600903.SH,18.903698418531256,19.817260052140572,18.552328559450746,19.381561426880744,123640.88,169244197.0
2019-05-30,600903.SH,600903.SH,18.847471747663796,20.913525697631417,18.59448554970858,19.761033018057642,246694.42,343850701.0
2019-05-31,600903.SH,600903.SH,19.39559959075167,19.817243060115832,19.184777856069584,19.255051767630277,159261.36,220369188.0
2019-06-03,600903.SH,600903.SH,18.97394959820378,19.53614069740982,18.66474449364046,18.80529226844197,111301.36,150540309.0
2019-06-04,600903.SH,600903.SH,18.763123266704028,18.86150668458188,18.14471321147184,18.411753917140285,81005.05,106528294.0
2019-06-05,600903.SH,600903.SH,18.552300243995354,18.88961479388618,18.327423877401472,18.453916833610535,67520.6,89205924.0
2019-06-06,600903.SH,600903.SH,18.777169624062395,19.479908008196468,18.58040287650486,18.622567179552902,120179.66,161968547.0
2019-06-10,600903.SH,600903.SH,18.425804703819264,18.425804703819264,17.217094402882225,18.18687359782008,87265.4,111001042.0
2019-06-11,600903.SH,600903.SH,17.990111465717415,18.62257632193404,17.849563719891496,18.55230244902108,92961.99,121596943.0
2019-06-12,600903.SH,600903.SH,18.566354964579215,18.945833832136852,18.397697690109155,18.482026327344187,96258.09,127548304.0
2019-06-13,600903.SH,600903.SH,18.4257988350302,18.735003697250388,17.933882008770812,18.496072667352973,88642.99,115795304.0
2019-06-14,600903.SH,600903.SH,18.467961104977366,18.59445398925803,17.86360621341418,17.905770508174403,68607.8,88983521.0
2019-06-17,600903.SH,600903.SH,17.9198340861233,18.313367697426397,17.9198340861233,18.00416271711682,34457.6,44288365.0
2019-06-18,600903.SH,600903.SH,17.947947244694948,18.116604540651362,17.849563822053707,17.933892470031914,30460.6,38876339.0
2019-06-19,600903.SH,600903.SH,18.20092791956564,18.36958516669675,17.990106360651755,18.06038021362305,51166.8,65987130.99999999
2019-06-20,600903.SH,600903.SH,18.060377680514378,18.805280417531705,17.990103837399538,18.538239813695302,117603.39,153779442.0
2019-06-21,600903.SH,600903.SH,18.45391397424461,18.650680764525966,18.41174966204146,18.52418782791652,102096.4,134602376.0
2019-06-24,600903.SH,600903.SH,18.467976754841295,18.52419586216197,18.271209879218937,18.34148376336978,49846.13,65076059.0
2019-06-25,600903.SH,600903.SH,18.411756055526542,18.763125445899185,18.341482177452015,18.692851567824658,119958.48,158498789.0
2019-06-26,600903.SH,600903.SH,18.70691307960989,19.395597332728514,18.56636527285099,18.73502264096167,114580.59,154595523.0
2019-06-27,600903.SH,600903.SH,18.6225844096947,18.777186997246883,18.45392704145596,18.510146164202204,79989.59,105665371.0
2019-06-28,600903.SH,600903.SH,18.59447898676955,18.65069812202811,18.271218959032815,18.313383310476734,51991.0,68062790.0
2019-07-01,600903.SH,600903.SH,18.552315500821116,18.805301621286862,18.552315500821116,18.678808561053987,78406.19,104124932.0
2019-07-02,600903.SH,600903.SH,18.833415486066,18.833415486066,18.52421015719029,18.608538883247302,56377.2,74557033.0
2019-07-03,600903.SH,600903.SH,18.566380250406198,18.566380250406198,18.31339399415539,18.397722746238994,50542.0,66088481.0
2019-07-04,600903.SH,600903.SH,18.425831259652746,18.5382695892311,18.27122855648251,18.383666886060865,43886.0,57438343.0
2019-07-05,600903.SH,600903.SH,18.38367073248963,18.439889909041586,18.200958408695772,18.27123237938572,40720.2,52972096.0
2019-07-08,600903.SH,600903.SH,18.383673629837265,18.383673629837265,17.70904340488911,17.835536572066886,56796.36,72489939.0
2019-07-09,600903.SH,600903.SH,17.63876441492393,18.341504033048388,17.624709622561436,18.018243808711137,48906.2,62434753.0
2019-07-10,600903.SH,600903.SH,17.84958173154824,18.046348774258224,17.638759900073264,17.680924266368258,35972.32,45652648.0
2019-07-11,600903.SH,600903.SH,17.821476817845216,18.15879183647951,17.638764516084976,17.723093270743547,28856.4,36582610.0
2019-07-12,600903.SH,600903.SH,17.737148443268385,17.891751163455353,17.62471010131423,17.709038857779845,20034.0,25251887.0
2019-07-15,600903.SH,600903.SH,17.737143956400793,17.89174663747877,17.441993383433744,17.779308323967516,27889.8,35104317.0
2019-07-16,600903.SH,600903.SH,17.779308323967516,17.877691848289867,17.709034378022977,17.779308323967516,23777.0,30051067.0
2019-07-17,600903.SH,600903.SH,17.680926274225868,17.821474177836564,17.680926274225868,17.694981064586937,21222.8,26765301.0
2019-07-18,600903.SH,600903.SH,17.76525887295627,18.482053336975866,17.413889037652545,17.933916393902056,77677.63,99060549.0
2019-07-19,600903.SH,600903.SH,17.82148315060812,17.933921530107227,17.568496796735136,17.666880378796854,49115.63,62137112.0
2019-07-22,600903.SH,600903.SH,17.652830190225263,17.779323400187067,17.034418941523104,17.118747748164306,47394.93,58192182.0
2019-07-23,600903.SH,600903.SH,17.174964487017398,17.31551247790952,17.174964487017398,17.231183683374248,19268.6,23623230.0
2019-07-24,600903.SH,600903.SH,17.245233591188363,17.47011031283385,17.245233591188363,17.343617156908262,29060.34,35883463.0
2019-07-25,600903.SH,600903.SH,17.3857838996109,17.680934636791036,17.231181132516543,17.413893493628056,41110.4,51129303.0
2019-07-26,600903.SH,600903.SH,17.399842738146805,17.399842738146805,17.174965933776573,17.24523993514227,31117.2,38178237.0
2019-07-29,600903.SH,600903.SH,17.203075604367946,17.343623607671606,17.203075604367946,17.259294805689407,17231.0,21147436.0
2019-07-30,600903.SH,600903.SH,17.273349606019774,17.39984280899307,17.217130404698313,17.259294805689407,24917.23,30668160.0
2019-07-31,600903.SH,600903.SH,17.259294692698933,17.371733094605766,17.160911091030457,17.174965891268812,23017.6,28187664.0
2019-08-01,600903.SH,600903.SH,17.118746266933364,17.189020266387114,17.034417467588867,17.048472267479617,30191.53,36671633.0
2019-08-02,600903.SH,600903.SH,16.68304885821371,16.68304885821371,16.38789803595382,16.556555648673758,39158.12,46053859.0
2019-08-05,600903.SH,600903.SH,16.43006987009927,16.584672751682756,16.331686218182508,16.345741025599192,30214.43,35302664.0
2019-08-06,600903.SH,600903.SH,16.022475354280946,16.022475354280946,14.75754308946929,15.31973520716336,76699.19,83821488.0
2019-08-07,600903.SH,600903.SH,15.446232361840675,15.68516407262438,15.40406794229061,15.47434197487405,42176.4,46602385.0
2019-08-08,600903.SH,600903.SH,15.50244514800504,16.3597879893725,15.390006742579798,15.867869965637071,65512.99,73954426.0
2019-08-09,600903.SH,600903.SH,15.825705060971304,15.994362663752527,15.460280254945324,15.48838985540886,46344.23,51781666.0
2019-08-12,600903.SH,600903.SH,15.55867114531113,15.642999986207126,15.39001346351914,15.600835565759128,24540.25,27088936.0
2019-08-13,600903.SH,600903.SH,15.418127829791075,15.572730752423437,15.347853774049092,15.502456696681453,23235.0,25569580.0
2019-08-14,600903.SH,600903.SH,15.699226323894491,15.699226323894491,15.502458939351499,15.544623378896427,30549.45,33935745.0
2019-08-15,600903.SH,600903.SH,15.108920074309413,15.994373064710802,14.884043124366203,15.657057639795987,69175.85,76889707.0
2019-08-16,600903.SH,600903.SH,15.72733691966828,15.741391733716242,15.53056952299683,15.628953221332555,43496.45,48344019.0
2019-08-19,600903.SH,600903.SH,15.628959185738731,15.92411039338308,15.628959185738731,15.910055573971443,60641.41,68295778.0
2019-08-20,600903.SH,600903.SH,15.867891729797405,16.12087848899701,15.867891729797405,15.980330289441673,58740.61,66849267.00000001
2019-08-21,600903.SH,600903.SH,16.008436658959006,16.654958244834432,16.008436658959006,16.373861903149464,98984.42,115078235.0
2019-08-22,600903.SH,600903.SH,16.331698442554277,16.542520711606183,16.022492447944817,16.219259899059928,63917.49,73755900.0
2019-08-23,600903.SH,600903.SH,16.345757850736852,16.65496393217813,16.345757850736852,16.416031960155323,89973.0,105710463.0
2019-08-26,600903.SH,600903.SH,15.95222217216149,16.387921632370308,15.867893244379138,16.16304449161737,60564.6,69527683.0
2019-08-27,600903.SH,600903.SH,16.359809941385706,17.25931839177117,16.2052069264757,16.837673805652987,126702.83,150383907.0
2019-08-28,600903.SH,600903.SH,16.697123380233048,16.93605528045524,16.528465568311503,16.626849291932405,96843.2,115160413.0
2019-08-29,600903.SH,600903.SH,16.73929300228286,16.936060510286186,16.58468996028025,16.612799604280724,66575.6,79145459.0
2019-08-30,600903.SH,600903.SH,16.654956339159202,16.79550449392004,16.23331187487669,16.289531136781026,62678.8,73703048.0
2019-09-02,600903.SH,600903.SH,16.55657957120807,16.837675998563046,16.35981207205959,16.69712778488556,81703.2,96948475.0
2019-09-03,600903.SH,600903.SH,16.654971522724047,16.809574633905456,16.528478068121082,16.781464977327015,74712.01,88620567.0
2019-09-04,600903.SH,600903.SH,16.697139770326583,17.006346062369666,16.62686561304406,16.964181568000154,98596.0,118396245.0
2019-09-05,600903.SH,600903.SH,17.006353016018696,18.664823806010602,16.978243341612057,18.664823806010602,255190.67,324294158.0
2019-09-06,600903.SH,600903.SH,19.184844900275554,20.07029928028827,18.805364451698676,19.156735237418008,526043.85,728522226.0
2019-09-09,600903.SH,600903.SH,19.170787452698697,19.33944540682801,18.46804597715989,18.847526373950846,266346.75,355972941.0
2019-09-10,600903.SH,600903.SH,18.74914115982316,19.971911235463804,18.706976674456243,19.283224641137465,278585.24,385370603.0
2019-09-11,600903.SH,600903.SH,19.15672779298852,19.817304613436395,19.15672779298852,19.367550182493158,198923.05,275371575.0
2019-09-12,600903.SH,600903.SH,19.409719308396713,19.437828967062025,18.66481335376599,19.01618408708237,146684.41,198070779.0
2019-09-16,600903.SH,600903.SH,19.747030510705386,19.943798074513126,19.36755020907617,19.47998881696631,230565.15,321846464.0
2019-09-17,600903.SH,600903.SH,19.732982853288647,21.433617415431044,19.395666907078585,21.433617415431044,460109.99,674241673.0
2019-09-18,600903.SH,600903.SH,20.927636682798155,21.222788039640843,20.238950183498552,20.505991887308603,524131.51,773149996.0
2019-09-19,600903.SH,600903.SH,20.449769041584027,20.449769041584027,19.578369948403125,20.056233967244264,306493.84,433867866.0
2019-09-20,600903.SH,600903.SH,19.817309842876938,20.33733854088151,19.676761546118946,19.95785813963493,192484.56,273664962.0
2019-09-23,600903.SH,600903.SH,19.943801656015523,20.941694480241814,19.269169887524516,20.33733685430195,288602.84,413241441.0
2019-09-24,600903.SH,600903.SH,19.74703657038368,20.632490879233625,19.74703657038368,19.985968685470176,208218.5,298257372.0
2019-09-25,600903.SH,600903.SH,19.87353825321595,20.520060714070215,19.395673825628016,20.140580139220972,233942.44,335861376.0
2019-09-26,600903.SH,600903.SH,19.957865680890563,21.09630731480052,19.859481835984766,20.477894575392643,423620.69,624134004.0
2019-09-27,600903.SH,600903.SH,20.238956068469786,20.688710647769117,19.2410630956494,19.87353047278908,252897.98,359385648.0
2019-09-30,600903.SH,600903.SH,19.873525744407647,20.08434815329457,19.479990581152048,19.494045408411175,157604.89,220889355.0
2019-10-08,600903.SH,600903.SH,19.634601534839934,20.927646159897396,19.536217704672517,20.52005600634667,246070.31,352946991.0
2019-10-09,600903.SH,600903.SH,20.210845521498086,21.068190150713235,20.15462620154955,20.477887291253627,303260.77,446811432.0
2019-10-10,600903.SH,600903.SH,20.67465012539928,21.77092661063459,20.3513891105222,21.433610769023723,389845.97,586728788.0
2019-10-11,600903.SH,600903.SH,21.46171001091929,22.417437765171098,21.236832892271806,21.72875158931318,489096.2,762748833.0
2019-10-14,600903.SH,600903.SH,21.37738488418765,23.316950376638598,21.363330061778584,22.656373723412553,519586.26,817709461.0
2019-10-15,600903.SH,600903.SH,22.20661823461643,23.443442541354557,22.122289304611556,22.375276094626173,493333.41,798721780.0
2019-10-16,600903.SH,600903.SH,22.459615949354838,22.670438376914486,21.461723125572487,21.728764867148048,346750.12,541977067.0
2019-10-17,600903.SH,600903.SH,21.784988568902907,22.333126990959176,21.546056436211714,21.911482050915893,238189.54,371652737.0
2019-10-18,600903.SH,600903.SH,21.784985543602744,22.15041110755995,21.377395491496628,21.658492079156016,247410.54,383078865.0
2019-10-21,600903.SH,600903.SH,21.349295733201455,21.349295733201455,19.704879932816613,20.15463468163982,258972.84,375257811.0
2019-10-22,600903.SH,600903.SH,20.182746332688293,20.351404380036666,19.78921088887543,20.351404380036666,181926.99,259656589.0
2019-10-23,600903.SH,600903.SH,20.210857149909597,20.267076502204198,19.789212007700076,19.88759587421563,150590.2,214064348.0
2019-10-24,600903.SH,600903.SH,19.81731525626391,21.88337578298079,19.789205589233752,21.88337578298079,459963.36,689776965.0
2019-10-25,600903.SH,600903.SH,21.78500235877869,22.65640245312984,21.110370027668125,21.91149592086192,530416.59,828629355.0
2019-10-28,600903.SH,600903.SH,21.630403494138015,22.628297352542045,21.363361475691867,22.29098111871533,395358.64,621359903.0
2019-10-29,600903.SH,600903.SH,22.206648303494205,23.61213237333561,21.99582569301799,22.43152575466883,539338.69,874220292.0
2019-10-30,600903.SH,600903.SH,22.487737517568803,23.288863166632193,21.79905055609326,22.290969814290076,402804.71,645185753.0
2019-10-31,600903.SH,600903.SH,22.361254678493136,23.429422720960442,21.799060971931397,23.12021618235148,531125.22,856327037.0
2019-11-01,600903.SH,600903.SH,22.670460239927035,23.120215185790435,22.445582766995336,22.82506350256758,337711.77,547616470.0
2019-11-04,600903.SH,600903.SH,22.825054858756552,24.104045001704115,22.4315194301573,23.752674083311927,572366.96,948875908.0
2019-11-05,600903.SH,600903.SH,23.527787261894133,24.104035337006234,23.331019626490004,23.48562276859325,373518.35,627711365.0
2019-11-06,600903.SH,600903.SH,23.47156469652723,23.47156469652723,22.529891142834224,22.698549092749385,317388.26,517428110.0
2019-11-07,600903.SH,600903.SH,22.628274946951404,23.02181016342012,22.220684901323086,22.698549092749385,215331.85,347198687.0
2019-11-08,600903.SH,600903.SH,22.712613327004547,23.007764861575772,22.276913442637504,22.74072299696371,266367.24,428889782.0
2019-11-11,600903.SH,600903.SH,22.319069826420915,22.726659892520544,22.136357038169358,22.248795677093394,163788.03,260696823.0
2019-11-12,600903.SH,600903.SH,22.13635740014752,22.628276453484133,22.13635740014752,22.347179851577497,161552.72,257311829.0
2019-11-13,600903.SH,600903.SH,22.487723245067677,22.501778072095846,21.686598104462142,21.89742050988465,179410.69,281171004.0
2019-11-14,600903.SH,600903.SH,21.92553935761945,22.417458509873732,21.841210360090145,22.122307018521166,148696.46,234329115.0
2019-11-15,600903.SH,600903.SH,21.897435985823652,21.925545659746405,20.98387158333422,21.026036094218348,237589.49,359907324.0
2019-11-18,600903.SH,600903.SH,21.026039724613074,21.560123621361267,20.941710688284413,21.48984942442071,159146.82,242171154.0
2019-11-19,600903.SH,600903.SH,21.363353502411098,21.63039542119124,21.236859961936297,21.56012123203857,138462.05,211615305.0
2019-11-20,600903.SH,600903.SH,21.56011125978611,21.981756199677626,21.250904970532332,21.756878898402153,190627.75,293731864.0
2019-11-21,600903.SH,600903.SH,21.65849165482614,21.756875458579405,21.166572636059808,21.33523058535112,137804.06,209880226.0
2019-11-22,600903.SH,600903.SH,21.33522500202976,21.574157034331805,20.60437407969409,20.73086750855988,163927.96,245167079.0
2019-11-25,600903.SH,600903.SH,20.927633698539704,21.714703871218163,20.67464685732163,21.531991152560664,218740.22,333431749.0
2019-11-26,600903.SH,600903.SH,21.236841019976254,21.489827875277093,20.95574451408643,21.20873136938727,119333.83,179726146.0
2019-11-27,600903.SH,600903.SH,21.152506482358262,21.32116434135381,20.913574515447905,20.96979380177975,101870.7,152785303.0
2019-11-28,600903.SH,600903.SH,20.99789357331149,21.644415062181857,20.829235793606177,21.40548320759933,177517.97,268228340.00000003
2019-11-29,600903.SH,600903.SH,21.39141995932992,21.644406529151166,21.222762246115753,21.461694006502487,148753.88,226908832.0
2019-12-02,600903.SH,600903.SH,21.236810563393327,21.50385186101376,20.94165965549706,21.194646147979576,127955.21,192808790.0
2019-12-03,600903.SH,600903.SH,21.025979516712624,21.644390678968875,20.660554739015744,21.349239896982937,185948.15,280154462.0
2019-12-04,600903.SH,600903.SH,21.16652853382526,23.359077306253376,21.110309334532232,22.333076919155605,496518.23,790409679.0
2019-12-05,600903.SH,600903.SH,22.192526665011574,22.557951423270158,21.75682791478019,22.122252673038773,353445.14,554831814.0
2019-12-06,600903.SH,600903.SH,21.967639610965,22.094132737323726,21.72870815006519,21.925475235512092,198338.74,308732419.0
2019-12-09,600903.SH,600903.SH,21.78492620159042,22.31900826330683,21.644378290612416,21.95358369476402,168911.65,263414867.00000003
2019-12-10,600903.SH,600903.SH,21.8973746455425,21.953593835903327,21.644388288918773,21.784936264820843,138389.09,214247873.0
2019-12-11,600903.SH,600903.SH,21.784933409652258,21.79898820540042,21.447618311696353,21.447618311696353,153194.36,234869569.0
2019-12-12,600903.SH,600903.SH,21.447616749287075,21.700603054324535,21.22274003369822,21.22274003369822,163528.7,249470757.0
2019-12-13,600903.SH,600903.SH,21.36329320527473,21.44762199424292,21.08219724204743,21.264909618145175,127061.93,192092904.0
2019-12-16,600903.SH,600903.SH,21.30707754526426,21.560063954113044,21.152474739856668,21.531954353129844,150624.88,229036866.0
2019-12-17,600903.SH,600903.SH,21.63034639086679,21.92549731627823,21.63034639086679,21.770894450586525,214739.23,332529093.0
2019-12-18,600903.SH,600903.SH,21.65845697196344,21.925498297380248,21.644402165362553,21.672511778564324,154834.6,239497830.0
2019-12-19,600903.SH,600903.SH,21.784951351350035,22.909335937226164,21.72873212205623,22.417417680905356,444249.21,709110634.0
2019-12-20,600903.SH,600903.SH,22.41742618654936,22.41742618654936,21.813069242335178,21.85523368030361,241536.98,377989711.0
2019-12-23,600903.SH,600903.SH,21.616308491108537,21.91145964735904,21.22277361610786,21.32115733485803,163413.44,249131858.0
2019-12-24,600903.SH,600903.SH,21.349263254042228,21.56008547182408,21.208715108854328,21.40548251211739,101265.48,153874924.0
2019-12-25,600903.SH,600903.SH,21.36331399137875,21.68657466361672,21.180601437505118,21.503862109743086,133181.05,203247363.0
2019-12-26,600903.SH,600903.SH,21.433582257699282,21.531965913964132,21.22276013713175,21.321143793396597,121234.62,183669343.0
2019-12-27,600903.SH,600903.SH,21.307092722207592,21.489805258743672,21.222763859190938,21.236818669693715,123897.34,187649068.0
2019-12-30,600903.SH,600903.SH,21.180595988343057,21.180595988343057,20.098375755362024,20.773006549947603,159535.59,233992485.0
2019-12-31,600903.SH,600903.SH,20.66056808418334,21.011938289696662,20.393526727993216,20.773006549947603,108943.4,160420158.0
2020-01-02,600903.SH,600903.SH,20.843271522688568,21.23680598164695,20.843271522688568,20.99787434585079,137398.33,205827078.0
2020-01-03,600903.SH,600903.SH,21.04003740560528,21.307078628522113,20.983818200780682,21.082201809223726,127909.3,192418144.0
2020-01-06,600903.SH,600903.SH,21.19464021887292,22.3049695141587,21.110311411636022,21.67250345988199,348203.45,536014446.0
2020-01-07,600903.SH,600903.SH,21.489784366663294,21.64438713189109,21.25085282040216,21.349236398274392,209778.06,318801540.0
2020-01-08,600903.SH,600903.SH,21.278955442419885,21.71465400167683,21.15246231231303,21.363284195824455,192720.42,293748072.0
2020-01-09,600903.SH,600903.SH,21.08218499811061,21.278952058092976,20.871363148129504,21.208678108099274,130444.63,196195154.0
2020-01-10,600903.SH,600903.SH,21.236788726466145,21.293007889209935,20.983802494119097,20.983802494119097,89384.22,133973443.99999999
2020-01-13,600903.SH,600903.SH,20.983811196431834,21.068139975519973,20.674605673108662,21.011920789461215,94629.41,140494643.0
2020-01-14,600903.SH,600903.SH,21.011925140627177,21.20869233257954,20.955705942926503,21.040034739477516,92338.45,138321033.0
2020-01-15,600903.SH,600903.SH,21.0681453639576,21.0681453639576,20.758939761551282,20.787049361770038,82423.36,122184984.0
2020-01-16,600903.SH,600903.SH,20.857315971476506,20.857315971476506,20.491891298121796,20.505946093250824,92793.71,136010259.0
2020-01-17,600903.SH,600903.SH,20.51999673385163,20.716763825820074,20.39350360330049,20.54810631841855,67006.5,97918638.0
2020-01-20,600903.SH,600903.SH,20.57621442615562,20.6464883825291,20.252954226837602,20.36539255703517,70661.87,102437324.0
2020-01-21,600903.SH,600903.SH,20.36539117924963,20.40755555022116,19.88752830823894,19.943747469534316,88256.95,126353603.0
2020-01-22,600903.SH,600903.SH,19.94373831502728,19.94373831502728,19.395601744001162,19.718861773067847,81496.48,113780429.0
2020-01-23,600903.SH,600903.SH,19.817252784446172,20.323225195963946,19.19884205925778,19.508047421851977,94028.91,132669152.0
2020-02-03,600903.SH,600903.SH,17.55443352083803,17.55443352083803,17.55443352083803,17.55443352083803,11698.0,14610802.0
2020-02-04,600903.SH,600903.SH,15.797577252384409,16.66897386239138,15.797577252384409,16.598699942229526,196510.51,228328942.0
2020-02-05,600903.SH,600903.SH,16.570588066515455,17.132779349518522,16.472204591989918,16.75330023349145,129299.68,155412011.0
2020-02-06,600903.SH,600903.SH,16.89384490858805,16.99222836479447,16.598694539968793,16.90789968804611,119352.86,142924318.0
2020-02-07,600903.SH,600903.SH,16.907901853250234,17.357654853502943,16.725189696897573,17.231161822181868,150760.07,183490083.0
2020-02-10,600903.SH,600903.SH,17.076554700364866,17.540362358893294,17.00628081270904,17.385759806050483,108102.74,133511771.00000001
2020-02-11,600903.SH,600903.SH,17.4279254033498,18.467979016130354,17.329541953492182,17.62469230306504,180174.41,229136989.0
2020-02-12,600903.SH,600903.SH,17.554416015892492,17.779292442036834,17.427923026186303,17.723073335500747,112366.38,140653562.0
2020-02-13,600903.SH,600903.SH,17.751188269640586,18.004174325739978,17.42792830906914,17.52631177533002,88954.03,111867780.0
2020-02-14,600903.SH,600903.SH,17.526317043030442,17.68091967933624,17.35765962160593,17.582536183505276,79791.18,99230963.0
2020-02-17,600903.SH,600903.SH,17.470100488680334,17.891744104658137,17.441990914281813,17.849579743060357,105314.02,133160603.99999999
2020-02-18,600903.SH,600903.SH,17.947969797708648,18.243120436512005,17.849586251440865,18.116627305596282,124886.84,160389620.0
2020-02-19,600903.SH,600903.SH,18.257166315545238,18.257166315545238,17.849577537138142,17.877687108062773,98580.66,126489673.0
2020-02-20,600903.SH,600903.SH,17.947967835533486,18.186899278919604,17.75120076450963,18.10257053419509,110613.18,141530573.0
2020-02-21,600903.SH,600903.SH,18.004180345865795,18.425823913684663,17.97607077467787,18.257166486557118,155019.17,200909820.0
2020-02-24,600903.SH,600903.SH,18.28527702311676,18.29933180945274,17.905797792045156,18.10256480074895,126084.44,161930582.0
2020-02-25,600903.SH,600903.SH,17.680923134353623,17.849580588735375,17.006293316826618,17.568484831432457,167271.28,208194088.0
2020-02-26,600903.SH,600903.SH,17.427936952780996,18.130676346038292,17.160895983343224,17.5825396192976,142278.85,178651282.0
2020-02-27,600903.SH,600903.SH,17.610640757771524,17.779298131349545,17.441983384193506,17.48414772758801,86609.14,108179556.0
2020-02-28,600903.SH,600903.SH,17.146832333381667,17.27332535879186,16.303545497313717,16.387874180920512,154991.53,185121382.0
2020-03-02,600903.SH,600903.SH,16.41597773825393,17.132771286756455,16.41597773825393,17.062497409452288,96844.76,116368143.0
2020-03-03,600903.SH,600903.SH,17.44197232840025,17.680903456186556,17.090603022832155,17.203041200613946,108294.09,133402496.00000001
2020-03-04,600903.SH,600903.SH,17.203045450296333,18.1728249732297,17.048442917654782,17.751181702389108,210987.61,264689561.99999997
2020-03-05,600903.SH,600903.SH,17.638737191328033,17.990106458087556,17.45602517261308,17.849558751383746,200280.64,252476877.0
2020-03-06,600903.SH,600903.SH,17.610626837189074,18.931775219228797,17.512243447037182,18.271201028208935,271162.25,351040668.0
2020-03-09,600903.SH,600903.SH,17.638729195336555,17.919824481318013,17.217086266364365,17.259250559261584,197801.78,246779076.0
2020-03-10,600903.SH,600903.SH,16.7954378297955,17.399792496474333,16.612725953822828,17.3154639383331,124714.95,150924104.0
2020-03-11,600903.SH,600903.SH,17.413842945244696,17.73710233809427,17.25924062692533,17.25924062692533,98724.69,122759350.0
2020-03-12,600903.SH,600903.SH,17.034358089815285,17.146796097008785,16.711098819133973,16.809482075428285,86266.79,103582642.0
2020-03-13,600903.SH,600903.SH,16.162961090181135,16.40189181934033,15.488333149025747,16.359727573018123,116041.58,132304218.0
2020-03-16,600903.SH,600903.SH,16.43000896267181,16.90787064336543,15.81159972883301,16.43000896267181,103094.29,120289613.0
2020-03-17,600903.SH,600903.SH,16.6548853100945,17.118692242780675,15.741326200258092,16.95003517634934,174676.93,206515666.0
2020-03-18,600903.SH,600903.SH,16.964082224886273,17.217067709598744,16.444056506310634,16.45811125546133,136274.96,163443837.0
2020-03-19,600903.SH,600903.SH,16.13484981571795,16.30350678243277,15.572659926668543,15.909973860098187,105823.15,120072879.0
2020-03-20,600903.SH,600903.SH,15.994303575941244,16.303508038745026,15.825646596230087,16.050522569178295,86326.19,98503058.0
2020-03-23,600903.SH,600903.SH,15.48832751717322,15.755367646779655,14.95424725796035,15.136958925585805,86312.6,95096333.0
2020-03-24,600903.SH,600903.SH,15.319677828286741,15.432115830696185,14.799652067143063,15.207239825877299,78476.12,84669863.0
2020-03-25,600903.SH,600903.SH,15.502397143657749,15.671054229536168,15.26346627199666,15.502397143657749,84676.11,93072759.0
2020-03-26,600903.SH,600903.SH,15.502401460961364,15.572675266314771,15.291580044901147,15.291580044901147,52653.9,57715888.0
2020-03-27,600903.SH,600903.SH,15.46023443180525,15.488343948953986,15.165084501743513,15.193194018892251,53593.76,58417236.0
2020-03-30,600903.SH,600903.SH,15.108862909256471,15.207246202619073,14.82776778536333,15.024534372088528,60019.81,64038575.0
2020-03-31,600903.SH,600903.SH,15.151027318127728,15.432122444623605,15.094808292828553,15.179136830777317,55984.15,60667859.0
2020-04-01,600903.SH,600903.SH,15.179138536298312,15.24941232581821,14.982371925642592,15.010481441450551,42470.56,45697356.0
2020-04-02,600903.SH,600903.SH,14.95425855777072,15.375901186279291,14.883984786352624,15.277517906293957,68757.64,74098985.0
2020-04-03,600903.SH,600903.SH,15.305625153642001,15.502391684542815,15.221296640398794,15.221296640398794,62526.24,68175045.0
2020-04-07,600903.SH,600903.SH,15.502384588573959,15.741315266729677,15.361837130835301,15.628877300538752,95993.57,106289467.0
2020-04-08,600903.SH,600903.SH,15.60076780899102,15.727260520955811,15.502384588573959,15.628877300538752,63216.1,70281986.0
2020-04-09,600903.SH,600903.SH,15.755363085818352,15.797527304602879,15.558596731490557,15.600760950275085,56113.2,62397427.0
2020-04-10,600903.SH,600903.SH,15.642928783413858,15.671038269098338,15.179122269619915,15.207231755304395,56621.55,61828725.0
2020-04-13,600903.SH,600903.SH,15.207230664077095,15.319668598746796,15.052628503906256,15.277504373245655,40162.1,43513198.0
2020-04-14,600903.SH,600903.SH,15.418059080116356,15.516442319460761,15.319675840771948,15.460223325549673,49796.01,54623026.0
2020-04-15,600903.SH,600903.SH,15.544548966819274,15.600767950424407,15.319673032398743,15.333727778300025,51727.89,56889705.0
2020-04-16,600903.SH,600903.SH,15.207235065188478,15.446165745510292,15.17912557338591,15.333727778300025,39646.4,43222834.0
2020-04-17,600903.SH,600903.SH,15.446164991691893,15.446164991691893,15.23534381346134,15.263453303892078,46949.48,51223734.0
2020-04-20,600903.SH,600903.SH,15.26344674439148,15.31966570109274,15.136954091813651,15.305610961917425,43246.48,46800592.0
2020-04-21,600903.SH,600903.SH,15.446164284534726,15.446164284534726,15.052631436521104,15.080740925664934,51892.62,56016777.0
2020-04-22,600903.SH,600903.SH,14.912087963679088,15.319675664854108,14.79964997714805,15.193182930006689,71262.16,76008080.0
2020-04-23,600903.SH,600903.SH,15.249396657594751,15.403998835690183,15.136958709888983,15.263451401057972,75113.16,81742240.0
2020-04-24,600903.SH,600903.SH,15.221286073118192,15.221286073118192,14.771534314725042,14.813698542074398,67311.89,71583679.0
2020-04-27,600903.SH,600903.SH,14.827757844675537,14.883976831764352,14.307732214103975,14.34989645442059,72835.0,75629246.0
2020-04-28,600903.SH,600903.SH,14.223397698411699,14.335835624881357,13.352003768271853,13.647153325254704,95385.9,92991322.0
2020-04-29,600903.SH,600903.SH,13.53471625523488,13.75959212240389,13.520661513536815,13.548770996932943,39063.15,37893575.0
2020-04-30,600903.SH,600903.SH,13.703379755603606,13.815817743341892,13.66121551020175,13.773653497940035,49580.2,48485959.0
2020-05-06,600903.SH,600903.SH,13.703379483441148,14.26556941096694,13.64716049068857,14.153131425461781,69623.57,69504022.0
2020-05-07,600903.SH,600903.SH,14.153137245051642,14.4763965862991,14.012589705378836,14.321794292659009,75831.1,77157889.0
2020-05-08,600903.SH,600903.SH,14.33584904662629,14.462341832331816,14.265575276789889,14.321794292659009,54046.99,55187534.0
2020-05-11,600903.SH,600903.SH,14.321793395795178,14.58883370445083,14.279629136533758,14.363957655056597,65484.16,67206790.0
2020-05-12,600903.SH,600903.SH,14.448290700895411,14.827769153156284,14.363962155948553,14.532619245842271,82845.05,85964401.0
2020-05-13,600903.SH,600903.SH,14.349910004983556,14.47640284538008,14.30774572485138,14.392074285115731,49001.67,50086713.0
2020-05-14,600903.SH,600903.SH,14.307749315815018,14.546680296530985,14.195311207242797,14.335858842958071,46910.53,47889613.0
2020-05-15,600903.SH,600903.SH,14.47639960560202,14.47639960560202,14.195304467629164,14.209359224527807,38776.39,39454129.0
2020-05-18,600903.SH,600903.SH,14.335856054037253,14.448294140735584,14.237472728176215,14.29369177152538,39628.18,40410033.0
2020-05-19,600903.SH,600903.SH,14.420182485897595,14.448292003413965,14.223415863283007,14.251525380799379,39385.02,40012592.0
2020-05-20,600903.SH,600903.SH,14.237468360795862,14.462344465211196,13.98448274332861,14.335851656477569,79614.43,80297900.0
2020-05-21,600903.SH,600903.SH,14.29369286782927,14.335857153575077,13.872050010371177,13.928269058032257,55957.93,56042386.0
2020-05-22,600903.SH,600903.SH,13.92826372438954,14.49045398571707,13.633113837192585,14.167194585453739,70263.99,70288290.0
2020-05-25,600903.SH,600903.SH,14.012597329044423,14.476404462302662,13.77366638160836,14.307747322936029,79284.48,80037546.0
2020-05-26,600903.SH,600903.SH,14.195308586690727,14.378020479390708,14.139089542783042,14.265582391575336,54696.57,55503651.0
2020-05-27,600903.SH,600903.SH,14.237334865227117,14.293832225803413,13.954848062345627,13.968972402489701,46698.52,46379872.0
2020-05-28,600903.SH,600903.SH,13.926592940483538,14.251452613537413,13.926592940483538,14.138457944649108,62049.21,61987212.0
2020-05-29,600903.SH,600903.SH,14.12433372482928,14.251452728352742,13.983090387580987,14.025463388755472,47064.74,46914592.0
2020-06-01,600903.SH,600903.SH,14.081956840405566,14.406816426493155,14.06783251057567,14.392692096663259,92890.93,94060735.0
2020-06-02,600903.SH,600903.SH,14.3644472287737,14.717555567730772,14.293825560982285,14.661058233497641,101227.42,104442906.0
2020-06-03,600903.SH,600903.SH,14.689302347788093,14.830545639593748,14.392691434996216,14.491561739260176,78792.6,81262696.0
2020-06-04,600903.SH,600903.SH,14.505689698435088,14.562187029295595,14.237327376847682,14.33619770585357,65554.01,66552407.99999999
2020-06-05,600903.SH,600903.SH,14.23732730608562,14.336197634600103,14.166705642860988,14.209078640795767,51036.98,51376277.0
2020-06-08,600903.SH,600903.SH,14.223205017493816,14.265578021518126,14.124334674770422,14.152583344119963,40299.49,40423715.0
2020-06-09,600903.SH,600903.SH,14.081961783401804,14.194956461703924,13.997215774675212,14.124334787765099,42175.2,42116052.0
2020-06-10,600903.SH,600903.SH,14.138459122552865,14.138459122552865,14.039588779038509,14.053713113826275,30612.6,30494432.0
2020-06-11,600903.SH,600903.SH,14.053715603097318,14.110212952255498,13.954845242070505,13.954845242070505,43295.72,42941837.0
2020-06-12,600903.SH,600903.SH,13.813601869175052,14.08196427767641,13.714731508148239,13.954845242070505,42276.57,41540389.0
2020-06-15,600903.SH,600903.SH,14.025461056066632,14.025461056066632,13.870093410933972,13.898342073685363,35110.0,34632091.0
2020-06-16,600903.SH,600903.SH,14.011339213081715,14.011339213081715,13.912468875892632,13.997214879197562,32260.27,31883690.0
2020-06-17,600903.SH,600903.SH,14.081962034662928,14.081962034662928,13.912470014185539,13.983091689384452,35273.32,34872079.0
2020-06-18,600903.SH,600903.SH,13.98309294912244,14.180833657493867,13.898346931248971,14.110211975932645,57341.32,57216306.0
2020-06-19,600903.SH,600903.SH,14.152584956592484,14.209082301728584,14.081963275172365,14.13846062030846,52139.11,52220684.0
2020-06-22,600903.SH,600903.SH,14.138460734213481,14.138460734213481,13.997217370235326,14.025466043030956,41344.0,41124284.0
2020-06-23,600903.SH,600903.SH,14.025473034361942,14.039597377800373,13.884229599977633,13.884229599977633,39913.24,39367537.0
2020-06-24,600903.SH,600903.SH,13.954845555992641,14.02546724402904,13.855975192741681,13.855975192741681,23883.75,23496613.0
2020-06-29,600903.SH,600903.SH,13.855979554807945,13.870103896861774,13.714736134269637,13.728860476323469,32215.68,31419493.0
2020-06-30,600903.SH,600903.SH,13.799486562038192,13.926605680828718,13.785362215505911,13.898356987764156,26987.36,26491713.0
2020-07-01,600903.SH,600903.SH,13.912477718463725,13.940726404186494,13.77123428984988,13.912477718463725,40412.17,39579063.0
2020-07-02,600903.SH,600903.SH,13.912471875223082,14.166709939947971,13.841850190577281,14.12433692916049,72022.53,71643106.0
2020-07-03,600903.SH,600903.SH,14.265580298452097,14.435072341602025,14.237331624593777,14.35032632002706,104077.79,105695869.0
2020-07-06,600903.SH,600903.SH,14.562186652575374,15.05653828481605,14.378570332028834,14.98591662306738,189105.4,197973347.0
2020-07-07,600903.SH,600903.SH,15.226023776573268,15.339018387160081,14.830542639519416,14.830542639519416,185041.14,196841215.0
2020-07-08,600903.SH,600903.SH,14.943530382671831,15.381384297476016,14.943530382671831,15.367259977643624,179181.69,192640693.0
2020-07-09,600903.SH,600903.SH,15.67799752872239,16.906813551243875,15.67799752872239,16.906813551243875,326106.04,386741206.0
2020-07-10,600903.SH,600903.SH,16.94919255077464,17.93789544956983,16.906819569397705,17.062187167779808,488449.71,601321929.0
2020-07-13,600903.SH,600903.SH,16.892702104497154,17.358805088985786,16.384226121418642,17.24581042607945,247685.01,296877398.0
2020-07-14,600903.SH,600903.SH,17.25993474481841,17.627167398963483,16.82208042641467,17.25993474481841,194703.92,236650220.0
2020-07-15,600903.SH,600903.SH,17.302299269376473,17.48591550652088,16.468964039259564,16.553709994864676,157892.66,188045485.0
2020-07-16,600903.SH,600903.SH,16.553718391674096,16.82208072054936,15.395523077580858,15.593263740962628,158575.22,181635783.0
2020-07-17,600903.SH,600903.SH,15.565018854840325,15.875754258475977,15.226034778146888,15.819256912360402,109526.32,120947888.0
2020-07-20,600903.SH,600903.SH,15.762759566244828,16.228862671698305,15.706262220129254,16.21473833516941,108257.46,122696968.0
2020-07-21,600903.SH,600903.SH,16.20060876614407,16.20060876614407,15.74863014320021,15.918122126804157,87066.82,98230279.0
2020-07-22,600903.SH,600903.SH,16.00286811860613,16.34185208581403,15.833376135002183,15.918122126804157,95033.03,107926333.0
2020-07-23,600903.SH,600903.SH,15.720383294780286,15.847502297163954,15.423772289218393,15.776880629173025,105403.92,116670304.0
2020-07-24,600903.SH,600903.SH,15.819256659186362,16.29948409348309,15.508521260523773,15.932251349609121,152887.65,172229007.0
2020-07-27,600903.SH,600903.SH,15.663889299451576,15.791008328933149,15.381402567270303,15.63564062623345,83865.34,92613253.0
2020-07-28,600903.SH,600903.SH,15.678018569899015,15.79101329833072,15.536775159359385,15.66389422884505,53348.19,59160070.0
2020-07-29,600903.SH,600903.SH,15.720396346707169,16.045256289181797,15.494406821507425,15.97463456255688,92952.19,104003359.0
2020-07-30,600903.SH,600903.SH,15.918133512233391,16.115874301205235,15.734517065330966,15.748641407400385,76980.83,86581400.0
2020-07-31,600903.SH,600903.SH,15.706264006580096,15.847507387934236,15.593269301496786,15.720388344715511,69203.94,76866169.0
2020-08-03,600903.SH,600903.SH,15.791008145987885,16.271235585132416,15.748635136651602,16.172365230014424,123613.48,140206941.0
2020-08-04,600903.SH,600903.SH,16.638468548610607,16.807960588155026,16.271235796264364,16.32773314277917,163644.62,191282697.0
2020-08-05,600903.SH,600903.SH,16.214743525667682,16.313613913019314,15.833386317311387,16.242992207768147,90248.54,102760239.0
2020-08-06,600903.SH,600903.SH,16.257115117734177,16.35598549638243,15.932255302175632,16.045250020630778,74737.52,85056340.0
2020-08-07,600903.SH,600903.SH,16.059370916067834,16.087619589622925,15.60739213918642,15.805132854072038,76018.67,84907677.0
2020-08-10,600903.SH,600903.SH,15.81926248184053,17.17519926599829,15.550899993309308,16.638474288935843,150155.89,174351411.0
2020-08-11,600903.SH,600903.SH,16.38424192627913,16.511361044672675,16.002884571098495,16.002884571098495,116881.46,134773211.0
2020-08-12,600903.SH,600903.SH,15.889896462695292,16.440746206735398,15.819274700638868,16.200632215743557,93351.35,106697106.0
2020-08-13,600903.SH,600903.SH,16.22888424421869,16.525495705601273,16.101765046483294,16.483122639689476,116280.2,134661879.0
2020-08-14,600903.SH,600903.SH,16.483114595025526,16.666731124361714,16.313622414099815,16.553736337077908,111655.52,130629578.0
2020-08-17,600903.SH,600903.SH,16.596109890353503,16.737353378782043,16.426617704239256,16.610234239196355,118181.64,138822719.0
2020-08-18,600903.SH,600903.SH,16.66672831780526,17.132831736862524,16.55373354954895,17.033961314638255,186371.22,223667540.0
2020-08-19,600903.SH,600903.SH,16.949221658603314,17.005719064131988,16.652610279577754,16.77972944201728,125654.32,149544645.0
2020-08-20,600903.SH,600903.SH,16.652610449502347,16.8079783162916,16.4972425827131,16.610237394923463,82177.18,96782165.0
2020-08-21,600903.SH,600903.SH,16.66673412420693,16.87859938849769,16.567863667537903,16.694982826112362,87531.79,103668695.0
2020-08-24,600903.SH,600903.SH,16.539621723449397,16.737362717581156,16.398378156212424,16.454875583107214,71813.01,83929068.0
2020-08-25,600903.SH,600903.SH,16.497255064872757,16.553752513725062,16.17239473397201,16.17239473397201,80363.1,92877579.0
2020-08-26,600903.SH,600903.SH,16.14414557826858,16.214767387447363,15.748663446867429,15.861658341553474,69349.41,78362096.0
2020-08-27,600903.SH,600903.SH,15.889911482983784,16.073528237898266,15.776916556882567,16.002906409085004,44035.53,49746915.0
2020-08-28,600903.SH,600903.SH,16.101784229104048,16.454893532373873,15.960540507796118,16.384271671719908,68532.8,78875952.0
2020-08-31,600903.SH,600903.SH,16.370152968904197,16.75151114850766,16.27128232974774,16.313655460814797,74910.24,87571581.0
2020-09-01,600903.SH,600903.SH,16.384277135871713,16.567894034808205,16.2995308748241,16.5255209042844,57334.13,66832391.0
2020-09-02,600903.SH,600903.SH,16.497268896422963,16.59613951480906,16.356025155871396,16.46902014831265,50333.82,58632530.0
2020-09-03,600903.SH,600903.SH,16.497277152223905,16.539650295594345,16.243038292001277,16.257162673124757,47639.12,55142256.0
2020-09-04,600903.SH,600903.SH,16.38428281925868,16.737392362777186,16.25716338359202,16.48315349144386,87091.46,101721896.0
2020-09-07,600903.SH,600903.SH,16.38428866360847,16.469034984282306,16.073552154471066,16.115925314807985,70921.32,81765471.0
2020-09-08,600903.SH,600903.SH,16.15830578652843,16.28542532505881,15.974688675317882,16.20067896603856,39625.22,45276685.0
2020-09-09,600903.SH,600903.SH,16.07355601882965,16.214799920576834,15.86169016620887,15.918187726907744,54135.85,61343901.0
2020-09-10,600903.SH,600903.SH,15.974692329451104,16.22893146466783,15.83344836544181,15.988816725852034,51490.27,58359826.0
2020-09-11,600903.SH,600903.SH,15.889944396745141,16.21480548218971,15.847571211687155,16.17243229713172,43025.47,48919765.0
2020-09-14,600903.SH,600903.SH,16.2289256582498,16.454915919809412,16.15830370151242,16.299547614987176,47879.61,55275076.0
2020-09-15,600903.SH,600903.SH,16.34191415100326,16.42666046466447,16.243043451731847,16.412536079054266,47950.48,55502881.0
2020-09-16,600903.SH,600903.SH,16.39841206419076,16.483158379767975,16.186546275247732,16.243043818965873,48625.59,56215063.0
2020-09-17,600903.SH,600903.SH,16.214795762044858,16.243044535149465,15.93230803099878,16.017054350312602,45448.6,51631117.0
2020-09-18,600903.SH,600903.SH,15.97467840031837,16.214792929766126,15.819310175381585,16.172419777510637,39282.61,44665013.0
2020-09-21,600903.SH,600903.SH,16.243038634555774,16.243038634555774,16.045297294656834,16.101794820342246,35032.26,40005612.0
2020-09-22,600903.SH,600903.SH,15.960551861922339,16.04529815499449,15.762810511420644,15.805183657956722,48583.62,54679711.0
2020-09-23,600903.SH,600903.SH,15.86167341358722,15.875797788844197,15.565061533190661,15.62155903421858,50745.4,56296378.0
2020-09-24,600903.SH,600903.SH,15.60743256326366,16.31365123128464,15.60743256326366,15.98879064399499,92888.55,104787463.0
2020-09-25,600903.SH,600903.SH,16.115913471859617,16.313654741452986,15.946420955065298,16.01704283706293,78079.53,89062768.0
2020-09-28,600903.SH,600903.SH,15.932302309707708,15.98879983562866,15.635690298622727,15.706312206023911,49765.78,55621787.0
2020-09-29,600903.SH,600903.SH,15.706319086347388,15.847562963023178,15.663945923344654,15.73456786168255,33246.87,37051664.0
2020-09-30,600903.SH,600903.SH,15.748686900200816,15.805184431681356,15.452074859927976,15.635691837239735,41254.08,45645729.0
2020-10-09,600903.SH,600903.SH,15.805184279841159,16.243040144608877,15.805184279841159,16.172418230936664,81512.51,92540137.0
2020-10-12,600903.SH,600903.SH,16.243039388159083,17.146999841065327,16.17241747777578,16.680895232535544,168866.32,199617518.0
2020-10-13,600903.SH,600903.SH,16.582017293759016,16.935126690985573,16.46902228664652,16.765634180316823,124425.34,147815599.0
2020-10-14,600903.SH,600903.SH,16.765641094408934,17.372989508106983,16.58202413212813,17.09050187382882,166310.1,200834243.0
2020-10-15,600903.SH,600903.SH,16.96338787896216,17.288248762572593,16.8927659477425,17.17525367262114,146260.27,177030454.0
2020-10-16,600903.SH,600903.SH,17.34474364126226,18.785430816676556,17.147002264244612,17.641355706788733,353643.57,448041523.0
2020-10-19,600903.SH,600903.SH,17.189380055317304,17.62723607973377,16.779772806669648,17.062260564357686,202550.22,246171256.0
2020-10-20,600903.SH,600903.SH,16.9351442110917,17.118761287608955,16.779775915577098,17.076388116104972,110506.78,132519744.0
2020-10-21,600903.SH,600903.SH,17.076396364166225,17.542501475843217,16.87865480163659,17.457755091901944,163606.7,199684567.0
2020-10-22,600903.SH,600903.SH,17.288268532983462,17.79674701924768,17.10465130183249,17.14702450902118,154449.96,190240574.0
2020-10-23,600903.SH,600903.SH,16.949280550508846,17.019902552802634,16.525548536746122,16.680916941792457,146400.69,173539948.0
2020-10-26,600903.SH,600903.SH,16.539678327175686,16.680922377792047,16.271314631004604,16.4266830866826,78711.0,91821741.0
2020-10-27,600903.SH,600903.SH,16.35606582890056,16.53968314822328,15.988831190255125,16.08770205450582,96100.13,110514449.0
2020-10-28,600903.SH,600903.SH,16.101819953249024,16.341934812200982,16.101819953249024,16.31368600526546,70164.77,80643824.0
2020-10-29,600903.SH,600903.SH,16.002955884837117,16.186573207434545,15.946458247114832,16.0594535225594,60794.23,69181244.0
2020-10-30,600903.SH,600903.SH,16.08769790493843,16.186568743686955,15.565094900124802,15.621592522266818,95364.05,106618462.0
2020-11-02,600903.SH,600903.SH,15.635717301793713,15.649841707667058,15.169611907973303,15.353229184326796,86015.45,93721827.0
2020-11-03,600903.SH,600903.SH,15.353228995943615,16.17244452654594,15.127238504742976,16.115946903745783,124412.07,138484002.0
2020-11-04,600903.SH,600903.SH,15.960570852553271,16.497298013966564,15.875824458645907,16.39842722107464,131441.18,151029893.0
2020-11-05,600903.SH,600903.SH,16.454916928455585,16.59616085058825,16.10180712312392,16.115931515337188,101275.39,116535445.0
2020-11-06,600903.SH,600903.SH,16.257174484463018,16.62440866048043,16.017059830913176,16.384294006930585,148182.27,171509085.0
2020-11-09,600903.SH,600903.SH,16.257180114653316,16.483170455082902,16.05943856677743,16.313677699760714,130433.59,150492017.0
2020-11-10,600903.SH,600903.SH,16.341926078594753,16.87865312352699,16.17243332756352,16.7374091643343,185378.84,217847261.0
2020-11-11,600903.SH,600903.SH,16.709152946202256,17.485994376499065,16.582033439426414,17.161133414738583,257372.39,311325030.0
2020-11-12,600903.SH,600903.SH,16.92102504709528,17.090517785463515,16.398422437126563,16.4266712268546,160971.5,190230456.0
2020-11-13,600903.SH,600903.SH,16.10181771105749,16.822162187604796,15.960573696048213,16.652669369593664,112962.33,131458983.0
2020-11-16,600903.SH,600903.SH,16.779793849240818,17.13290398916592,16.61030098207677,16.949286716404867,146988.82,176164018.0
2020-11-17,600903.SH,600903.SH,16.94928671640487,17.16115280035993,16.63854979327078,16.73742063244981,117318.86,140155684.0
2020-11-18,600903.SH,600903.SH,16.751544276612943,17.0905299955326,16.5961758221081,17.0905299955326,136642.35,163526938.0
2020-11-19,600903.SH,600903.SH,17.16114781414282,17.570755457443347,16.878659784280384,17.288267427580912,201221.08,245498079.0
2020-11-20,600903.SH,600903.SH,17.132900561144208,17.796747491378152,17.06227854728953,17.486010630417585,189067.87,233595007.0
2020-11-23,600903.SH,600903.SH,17.528383528243722,17.867369188741588,17.38713950303628,17.542507930764465,220285.36,275902845.0
2020-11-24,600903.SH,600903.SH,17.486003512719474,17.72611826208638,17.147017984201486,17.486003512719474,154151.05,189814452.0
2020-11-25,600903.SH,600903.SH,17.486001655285076,17.68374319258232,16.977523416520725,17.019896603084423,146509.45,179316614.0
2020-11-26,600903.SH,600903.SH,17.132889748226628,17.14701414208337,16.6385359632407,16.77977990180811,113308.7,134909604.0
2020-11-27,600903.SH,600903.SH,16.86453457009214,16.96340537577945,16.553797752217747,16.86453457009214,100340.96,119247074.0
2020-11-30,600903.SH,600903.SH,16.85040913498339,17.005777534383906,16.539672336182356,16.56792113607336,104936.84,124557197.0
2020-12-01,600903.SH,600903.SH,16.56792469310459,17.302393647956624,16.412556260347426,17.302393647956624,192688.21,232672788.0
2020-12-02,600903.SH,600903.SH,17.373016368492696,17.556633614663756,17.10465270101191,17.387140772044315,143848.87,176603179.0
2020-12-03,600903.SH,600903.SH,17.514256080520088,18.799576486429224,17.41538528006554,17.966236882598025,354497.05,454185471.0
2020-12-04,600903.SH,600903.SH,17.669632277903215,18.347603780172882,17.528388214930366,17.669632277903215,227497.41,287604906.0
2020-12-07,600903.SH,600903.SH,17.74025014366191,17.810872158565022,17.005781188669538,17.443637681068836,226876.68,278952822.0
2020-12-08,600903.SH,600903.SH,17.443644216986364,17.443644216986364,16.80804584470751,16.963414335709007,155784.98,188242419.0
2020-12-09,600903.SH,600903.SH,17.034044018637054,17.89563330979531,16.87867545793638,17.726140334485493,295362.19,366358084.0
2020-12-10,600903.SH,600903.SH,17.415404499936606,17.556648656464883,16.94929878339329,17.20353826514419,195744.96,238404736.0
2020-12-11,600903.SH,600903.SH,17.3730340981892,17.3730340981892,16.92105272327696,17.07642132090304,115207.85,139095555.0
2020-12-14,600903.SH,600903.SH,17.13291171829819,17.443648781614396,16.991667598609002,17.231782602080617,112948.54,137942861.0
2020-12-15,600903.SH,600903.SH,17.062293414757836,17.132915490150047,16.539690056855484,16.680934207639904,139579.53,165370653.0
2020-12-16,600903.SH,600903.SH,16.567939616877517,16.69505935818348,15.94646532604835,16.031211820252327,133316.55,152709371.0
2020-12-17,600903.SH,600903.SH,16.073580969076364,16.46906450785856,15.706346254492894,16.34194479896428,99085.93,114055173.0
2020-12-18,600903.SH,600903.SH,16.341940472777797,17.980371842563642,16.341940472777797,17.980371842563642,555854.17,695016354.0
2020-12-21,600903.SH,600903.SH,18.12161736972847,18.460603197377324,17.726133904138134,18.26286146458216,548287.03,703880304.0
2020-12-22,600903.SH,600903.SH,18.276984842302195,18.33348247705429,17.471893547084864,17.514266773148936,317301.88,401807087.0
2020-12-23,600903.SH,600903.SH,17.51426733315747,17.952124016486408,17.443645287459255,17.669635833693544,235823.78,295162536.0
2020-12-24,600903.SH,600903.SH,17.58488471589625,19.350435390183026,17.387143040376134,18.85608120138273,483541.06,634467538.0
2020-12-25,600903.SH,600903.SH,18.615967946248194,20.452140808928213,18.46059947325219,19.2798150581402,584433.16,807266469.0
2020-12-28,600903.SH,600903.SH,19.67529437171868,20.070777675672826,18.91257657123569,19.449303912316314,518263.18,713652186.0
2020-12-29,600903.SH,600903.SH,19.138565090722793,19.350431124937433,18.375847367550072,18.672459815450576,403904.9,539356202.0
2020-12-30,600903.SH,600903.SH,18.23461173265785,18.856085718898708,18.23461173265785,18.361731411661662,335380.15,439698264.0
2020-12-31,600903.SH,600903.SH,18.12161503553331,18.432352004186257,17.86737569754453,17.937997735874745,298018.48,380610620.0
2021-01-04,600903.SH,600903.SH,17.66963063256976,18.008616352139445,17.627257417623554,17.839123492354606,242436.53,305363277.0
2021-01-05,600903.SH,600903.SH,17.796741320394865,17.839114514014856,16.79390907138849,17.147019018221723,302766.78,367788996.0
2021-01-06,600903.SH,600903.SH,17.203514761403337,17.500127084875807,16.86452924886337,17.09051959055668,233097.65,282621345.0
2021-01-07,600903.SH,600903.SH,17.11876358361366,17.132887976009382,16.497290318201944,16.62440984976343,209627.65,247677010.0
2021-01-08,600903.SH,600903.SH,16.525533359781797,16.9210162094176,16.228921222554945,16.906891821930607,184097.34,217063982.0
2021-01-11,600903.SH,600903.SH,16.921024143883752,17.175263237865313,16.25717762070968,16.35604837948029,185522.27,218319929.0
2021-01-12,600903.SH,600903.SH,16.285430562069166,16.44079893690244,16.03119140325109,16.172435380372242,133506.69,152638096.0
2021-01-13,600903.SH,600903.SH,16.21480670146142,16.243055493624244,15.46621370914656,15.904069987670345,195818.8,218917375.0
2021-01-14,600903.SH,600903.SH,15.720457412357643,15.720457412357643,15.339098607206108,15.43796940854169,131256.58,144101762.0
2021-01-15,600903.SH,600903.SH,15.296729990129057,15.734586527242632,15.282605585706039,15.64984010070452,80467.36,88735096.0
2021-01-18,600903.SH,600903.SH,15.649832692830795,15.805201067940125,15.480339919984253,15.635708295093584,86311.37,95370744.0
2021-01-19,600903.SH,600903.SH,15.635712347756991,15.791080763136689,15.494468333775446,15.748707558942227,88077.71,97588858.0
2021-01-20,600903.SH,600903.SH,15.776954999183213,15.791079399361532,15.494466995616817,15.536840196151775,81776.96,90126395.0
2021-01-21,600903.SH,600903.SH,15.52271157401993,15.720453122733561,15.127228476592672,15.57920915936668,135400.06,147574469.0
2021-01-22,600903.SH,600903.SH,15.452092258975084,15.480341056523486,15.141355485942679,15.141355485942679,86934.0,93981431.0
2021-01-25,600903.SH,600903.SH,15.070737961830682,15.084862364793972,14.477513037372493,14.477513037372493,117194.86,121216514.0
2021-01-26,600903.SH,600903.SH,14.3645122025264,14.57637816421558,14.265641420404782,14.463382984648018,70594.31,72097687.0
2021-01-27,600903.SH,600903.SH,14.534006821134836,14.534006821134836,14.19502123930079,14.209145638543875,60383.75,61208049.0
2021-01-28,600903.SH,600903.SH,14.096147892091787,14.124396685462713,13.84190875175346,13.884281941809846,73219.96,72442219.0
2021-01-29,600903.SH,600903.SH,13.870160025607587,14.053777215355955,13.192188863459762,13.347557254785304,100559.8,96408273.0
2021-02-01,600903.SH,600903.SH,13.404054506165625,13.714791280808033,13.319308113081332,13.700666881960649,82179.11,78759829.0
2021-02-02,600903.SH,600903.SH,13.926655073792775,13.926655073792775,13.474674381742705,13.474674381742705,51454.45,49418092.0
2021-02-03,600903.SH,600903.SH,13.432297177941633,13.474670355159114,13.121560545013434,13.234555684260052,61589.93,57772412.0
2021-02-04,600903.SH,600903.SH,13.149803169030442,13.20630071218417,12.570703351704719,12.782569138531203,85407.6,77457873.0
2021-02-05,600903.SH,600903.SH,12.740190613105801,13.163922008220185,12.57069805506005,12.57069805506005,65398.77,59352656.0
2021-02-08,600903.SH,600903.SH,12.570699638996802,12.754316600015855,12.288212006659794,12.330585151510347,59586.4,52442383.0
2021-02-09,600903.SH,600903.SH,12.288208621131993,12.584820553366216,12.288208621131993,12.457701153837265,57326.18,50418546.0
2021-02-10,600903.SH,600903.SH,12.485952567678385,12.613071994272396,12.429455044747714,12.471828186945716,43866.2,38822315.0
2021-02-18,600903.SH,600903.SH,12.726071630313424,13.192176362611253,12.711947244486218,13.079181275993598,97697.89,89739489.0
2021-02-19,600903.SH,600903.SH,13.065053917115867,13.630029221639797,12.937934473597982,13.531158543348107,93631.12,88446303.0
2021-02-22,600903.SH,600903.SH,13.559401155331972,14.180873708284688,13.559401155331972,13.757142422180564,126838.53,124583485.0
2021-02-23,600903.SH,600903.SH,13.686527413056368,13.87014439589407,13.474661663628249,13.502910430218668,65605.17,63129312.0
2021-02-24,600903.SH,600903.SH,13.517034474528678,13.65827830393859,13.30516873041381,13.517034474528678,58441.0,56002521.0
2021-02-25,600903.SH,600903.SH,13.55940923209493,13.55940923209493,13.305170308993151,13.333419078226681,51219.84,48600295.0
2021-02-26,600903.SH,600903.SH,13.206296878436563,13.347540695318235,13.00855553480222,13.079177443243054,50372.93,46865090.0
2021-03-01,600903.SH,600903.SH,13.065049060906949,13.248665966627804,12.994427174091236,13.192168457175233,60508.7,56160547.0
2021-03-02,600903.SH,600903.SH,13.19216572402854,13.81363819925044,13.19216572402854,13.771265075939857,121474.78,117027063.0
2021-03-03,600903.SH,600903.SH,13.64413973405967,13.856005257880474,13.43227421023887,13.714761575333274,81550.99,78744806.0
2021-03-04,600903.SH,600903.SH,13.573519708174265,13.954877702056375,13.573519708174265,13.728887779755867,89127.01,86963573.0
2021-03-05,600903.SH,600903.SH,13.714761221653724,14.618720766644286,13.587641910639423,14.519850191410942,181676.68,184105430.0
2021-03-08,600903.SH,600903.SH,14.576350182703305,14.576350182703305,14.025499739752307,14.05374848041646,119261.2,120060147.0
2021-03-09,600903.SH,600903.SH,14.152617303663614,14.152617303663614,13.107414029740353,13.559393823869332,98559.19,94682004.0
2021-03-10,600903.SH,600903.SH,13.517016193643974,13.771254742740725,13.361648191418181,13.502891829805266,51538.04,49428144.0
2021-03-11,600903.SH,600903.SH,13.375768903546495,13.728877903112137,13.347520183581242,13.658256103199006,48298.36,46259245.0
2021-03-12,600903.SH,600903.SH,13.68649949292303,14.08198141841513,13.474634175695119,13.926613519114662,85459.94,83680290.0
2021-03-15,600903.SH,600903.SH,13.841864741059378,14.067854369484838,13.771242982176421,14.011356962378473,60553.83,59822116.0
2021-03-16,600903.SH,600903.SH,13.983104664773366,14.237342931405609,13.884234227749717,14.067850753650783,62471.19,62052269.0
2021-03-17,600903.SH,600903.SH,13.997233836580063,13.997233836580063,13.714746776305997,13.77124418836081,56195.21,54812050.0
2021-03-18,600903.SH,600903.SH,13.742992281325138,13.855987079116096,13.573500084638702,13.644121833258051,44010.3,42655785.0
2021-03-19,600903.SH,600903.SH,13.559370412019401,13.968976393215822,13.446375658585906,13.672365165452897,52403.93,50806957.0
2021-03-22,600903.SH,600903.SH,13.65823872000589,14.067844638186006,13.629990035993469,13.954849902136319,82265.06,80731007.0
2021-03-23,600903.SH,600903.SH,14.011347055221993,15.11304571480598,13.912476662695225,14.731688486488446,290800.32,300609835.0
2021-03-24,600903.SH,600903.SH,14.59044636124324,16.073502380537082,13.983099610484809,14.985927966388262,307251.1,322485929.0
2021-03-25,600903.SH,600903.SH,14.477454129877799,15.367287895909312,14.265588947489343,14.646946275788562,216466.79,225888092.0
2021-03-26,600903.SH,600903.SH,14.689325840852613,15.649781761216053,14.64695278554246,15.508538243515547,305944.93,330899530.0
2021-03-29,600903.SH,600903.SH,15.663902237104896,16.666730964638212,15.310793530226968,16.553736178437276,383329.37,439164192.0
2021-03-30,600903.SH,600903.SH,16.04525506424422,16.92096440753924,15.79101686780373,16.04525506424422,297907.2,343781241.0
2021-03-31,600903.SH,600903.SH,15.776886195221316,15.791010533802535,15.113042281904034,15.211912651972566,229722.18,250149428.0
2021-04-01,600903.SH,600903.SH,15.211914396656386,15.240163077058718,14.689313809213223,14.901178912230723,138193.59,145964126.0
2021-04-02,600903.SH,600903.SH,14.802310493249822,15.29666246582973,14.731688782881264,14.915305229839516,118185.72,125539874.0
2021-04-06,600903.SH,600903.SH,14.70343605423456,15.183663552643758,14.562192672349502,14.788182083365594,116694.76,123343939.0
2021-04-07,600903.SH,600903.SH,14.788176795730722,15.084787791633628,14.420944134136645,14.576311798657215,135582.23,140718767.0
2021-04-08,600903.SH,600903.SH,14.435062834077431,14.548057455087823,13.771219435641385,13.898338384278073,190950.57,188953643.0
2021-04-09,600903.SH,600903.SH,13.700593697027632,14.01132881180558,13.700593697027632,13.968955841608588,83167.34,81837817.0
2021-04-12,600903.SH,600903.SH,13.771216719248676,14.053703216053774,13.771216719248676,13.84183834344995,64639.39,63683626.0
2021-04-13,600903.SH,600903.SH,13.884216831032681,13.91246549193,13.488735578470203,13.516984239367524,70935.09,68211431.0
2021-04-14,600903.SH,600903.SH,13.516989713535594,13.629984402885944,13.446368032691623,13.601735730548356,43204.01,41494823.0
2021-04-15,600903.SH,600903.SH,13.629982938507457,13.785350619671789,13.531112595948334,13.672355942461365,52114.8,50363476.0
2021-04-16,600903.SH,600903.SH,13.672353839021989,13.95484048858856,13.644105174065333,13.95484048858856,59059.24,57996147.0
2021-04-19,600903.SH,600903.SH,13.926587772259737,14.180825682909509,13.912463443890305,13.983085085737466,66669.76,66099053.0
2021-04-20,600903.SH,600903.SH,13.96896089990845,14.039582542476236,13.7853446292322,13.84184194328643,50017.57,49209751.0
2021-04-21,600903.SH,600903.SH,13.841841080866372,13.912462719034055,13.573478855829164,13.601727511096241,44181.12,42665099.0
2021-04-22,600903.SH,600903.SH,13.672722754385882,13.743713007523917,13.502346146854592,13.544940298737414,33421.56,31989556.0
2021-04-23,600903.SH,600903.SH,13.58753216918512,13.630126313916108,13.218382914849894,13.36036339728652,52553.97,49427139.0
2021-04-26,600903.SH,600903.SH,13.41716225537086,13.445558365964239,13.07640892825033,13.147399204733773,50956.12,47393721.0
2021-04-27,600903.SH,600903.SH,13.14739464164511,13.218384893489848,12.89182973500406,13.090602440169322,44323.4,40608486.0
2021-04-28,600903.SH,600903.SH,12.991215916649637,13.090602267924552,12.906027615556852,12.948621766103244,34327.46,31333643.0
2021-04-29,600903.SH,600903.SH,12.977019214729104,13.26098024787416,12.891830904785586,13.118999731301631,41399.02,38215737.0
2021-04-30,600903.SH,600903.SH,13.03381484006275,13.1899934492574,12.90603234163076,12.991220673918754,34354.86,31468575.0
2021-05-06,600903.SH,600903.SH,12.962819707374901,13.189988508380374,12.90602750712353,13.07640410787764,31762.11,29298926.0
2021-05-07,600903.SH,600903.SH,13.07640444209883,13.417157652316387,13.019612240395903,13.331969349762,49670.38,46476128.0
2021-05-10,600903.SH,600903.SH,13.331964834094961,13.417153107795246,13.104796104227528,13.20418242354453,45040.2,41983631.0
2021-05-11,600903.SH,600903.SH,13.062201552704309,13.417152681853883,13.033805462372344,13.417152681853883,48238.63,45020855.0
2021-05-12,600903.SH,600903.SH,13.630128454716846,14.027673867979422,13.615930404243183,13.672722606137837,91678.17,88985841.0
2021-05-13,600903.SH,600903.SH,13.459757155281213,13.473955211352184,13.27518242635858,13.28938048242955,55547.13,52259217.0
2021-05-14,600903.SH,600903.SH,13.289383629175033,13.57334481783262,13.218393332010637,13.431364223503827,40933.88,38677014.0
2021-05-17,600903.SH,600903.SH,13.445565619375277,13.544952060067596,13.289386926858773,13.388773367551094,36245.57,34202619.0
2021-05-18,600903.SH,600903.SH,13.502363891359023,13.516561960645415,13.331987059922318,13.374581267781492,25934.9,24452735.0
2021-05-19,600903.SH,600903.SH,13.331985037735764,13.346183104868603,13.062221762211822,13.10481596361034,54278.34,50232688.0
2021-05-20,600903.SH,600903.SH,13.133206039698571,13.133206039698571,12.962829312697076,13.019621555030907,36411.37,33369856.0
2021-05-21,600903.SH,600903.SH,13.090608330871733,13.473955863337608,13.00541999032376,13.331975295757655,62062.4,57938533.0
2021-05-24,600903.SH,600903.SH,13.317770695167432,13.388760944075573,13.133196048006264,13.14739409778789,38048.0,35399915.0
2021-05-25,600903.SH,600903.SH,13.147395232406582,13.232583538448093,13.07640497737199,13.1615932834135,33825.4,31355906.0
2021-05-26,600903.SH,600903.SH,13.161586850737685,13.374557511752858,13.104794674466973,13.246775115143754,37541.73,34967431.0
2021-05-27,600903.SH,600903.SH,13.2041859539265,13.331968398641918,13.175789855100849,13.275176200990618,30157.96,28180974.0
2021-05-28,600903.SH,600903.SH,13.289375752431749,13.289375752431749,13.104801089203532,13.189989395308862,33954.71,31539628.0
2021-05-31,600903.SH,600903.SH,13.175791344291307,13.246781599379085,13.076404987168422,13.189989395308862,30510.6,28283329.0
2021-06-01,600903.SH,600903.SH,13.20418744632642,13.23258354836153,13.062206936150865,13.189989395308862,32597.26,30115006.0
2021-06-02,600903.SH,600903.SH,13.218391137948132,13.317777537481575,13.119004738414686,13.17579696671951,45044.05,41887696.0
2021-06-03,600903.SH,600903.SH,13.133200118659747,13.630132015041468,13.07640790193041,13.374567039759441,94102.4,88331950.0
2021-06-04,600903.SH,600903.SH,13.260982549141353,13.260982549141353,13.104803953808853,13.175794224414535,49062.73,45483747.0
2021-06-07,600903.SH,600903.SH,13.161598444435283,13.204192614158377,13.10480621813783,13.14740038786092,25482.23,23579050.0
2021-06-08,600903.SH,600903.SH,13.147398111254791,13.147398111254791,13.076407840675664,13.11900200302314,27698.0,25575287.0
2021-06-09,600903.SH,600903.SH,13.104810374488602,13.289385168495482,13.09061231341115,13.20419680203077,39447.85,36659541.0
2021-06-10,600903.SH,600903.SH,13.175805237990694,13.190003303979907,13.104814908044624,13.133211040023053,37038.79,34257447.0
2021-06-11,600903.SH,600903.SH,13.133207855785463,13.275188481253412,13.090613668145078,13.175802043425847,40772.74,37959983.0
2021-06-15,600903.SH,600903.SH,13.190004673938045,13.275193078721284,13.104816269154808,13.119014336618681,30473.98,28211614.0
2021-06-16,600903.SH,600903.SH,13.076420248431605,13.133212518783099,12.977033775316489,13.005429910492236,31195.21,28633371.0
2021-06-17,600903.SH,600903.SH,12.991231842904362,13.076420248431605,12.962835707728615,13.005429910492236,23158.06,21198129.0
2021-06-18,600903.SH,600903.SH,13.048022693449099,13.062220759492025,12.93443816510569,13.048022693449099,22948.6,21001650.0
2021-06-21,600903.SH,600903.SH,13.048022693449099,13.090616891577879,12.97703236323447,13.048022693449099,23405.02,21502230.0
2021-06-22,600903.SH,600903.SH,13.062224703604135,13.161611195914167,13.033828562944127,13.119016984924155,26877.8,24812618.0
2021-06-23,600903.SH,600903.SH,13.119023501930434,13.175815811462599,13.033835037632183,13.147419656696515,29748.88,27488599.0
2021-06-24,600903.SH,600903.SH,13.175817411082406,13.488175151431342,13.147421252868867,13.331996281256876,80699.77,75816504.0
2021-06-25,600903.SH,600903.SH,13.331995285269961,13.431381831592528,13.204212582855234,13.303599129177798,39647.8,37124932.0
2021-06-28,600903.SH,600903.SH,13.346196514500583,13.388790758695798,13.24680994471175,13.289404188906964,25762.91,24131248.0
2021-06-29,600903.SH,600903.SH,13.28940097419148,13.30359905215536,13.119024038624923,13.147420194552682,29303.6,27175646.0
2021-06-30,600903.SH,600903.SH,13.147426568193342,13.175822737887064,13.048039974265315,13.062238059112175,24410.97,22485762.0
2021-07-01,600903.SH,600903.SH,13.190020248630734,13.190020248630734,13.01964323788416,13.048039406341923,20717.39,19081215.0
2021-07-02,600903.SH,600903.SH,13.033846786081455,13.048044876262372,12.962856335176873,13.005450605719622,18441.37,16901878.0
2021-07-05,600903.SH,600903.SH,13.005445335537024,13.062237673246791,12.991247251109582,13.033841504391908,15461.56,14181986.0
2021-07-06,600903.SH,600903.SH,13.062238351804593,13.13322877762962,13.005446011144574,13.119030692464616,18147.86,16725883.000000002
2021-07-07,600903.SH,600903.SH,13.119027444756691,13.161621689707198,13.06223511815601,13.076433199806182,18944.95,17457547.0
2021-07-08,600903.SH,600903.SH,13.090634063036276,13.11903023237041,12.962851301032668,12.962851301032668,27808.43,25431259.0
2021-07-09,600903.SH,600903.SH,12.948654884423545,13.048041489896095,12.891862538439232,13.00544723040786,25751.7,23488001.0
2021-07-12,600903.SH,600903.SH,13.005441960226632,13.090630444682265,12.97704579874142,13.033838121711842,23329.47,21401978.0
2021-07-13,600903.SH,600903.SH,13.033833895287728,13.062230047565043,12.948645438455781,13.048031971426385,28049.47,25687394.0
2021-07-14,600903.SH,600903.SH,13.062233694163616,13.190016415084783,13.019639453856561,13.019639453856561,36799.39,33910493.0
2021-07-15,600903.SH,600903.SH,13.005435655352905,13.01963372921246,12.920247212195571,12.948643359914682,29459.4,26858322.0
2021-07-16,600903.SH,600903.SH,12.962841433774239,12.99123758149335,12.920247212195571,12.948643359914682,21881.39,19931504.0
2021-07-19,600903.SH,600903.SH,12.948642443196567,12.948642443196567,12.778265568943983,12.835057860361509,29112.85,26275648.0
2021-07-20,600903.SH,600903.SH,12.764062169464317,12.820854437181621,12.74986410253499,12.792458303322968,19975.08,17963987.0
2021-07-21,600903.SH,600903.SH,12.877645130964329,12.877645130964329,12.735664479024258,12.77825867460628,22628.8,20365686.0
2021-07-22,600903.SH,600903.SH,12.764056326170458,12.764056326170458,12.693066024022679,12.693066024022679,26302.0,23544089.0
2021-07-23,600903.SH,600903.SH,12.707263797929931,12.721461858039353,12.59367931705458,12.593679317054582,25157.99,22390624.0
2021-07-26,600903.SH,600903.SH,12.565286313696872,12.877643713585382,12.43750374101521,12.764059204535014,46168.64,41208408.0
2021-07-27,600903.SH,600903.SH,12.636272757855494,12.920233943425279,12.636272757855494,12.73565917280492,35474.4,31951538.0
2021-07-28,600903.SH,600903.SH,12.735654259046658,12.749852312847155,12.522683452039187,12.622069828642674,34257.88,30388071.0
2021-07-29,600903.SH,600903.SH,12.579480718621287,12.877639968159716,12.579480718621287,12.764055492145078,34145.56,30652493.0
2021-07-30,600903.SH,600903.SH,12.735655468675056,12.806645744420177,12.69306130322798,12.735655468675056,25581.22,22957885.0
2021-08-02,600903.SH,600903.SH,12.721453502489734,12.863434010330021,12.579472994649445,12.792443756409876,34533.83,31027602.0
2021-08-03,600903.SH,600903.SH,12.749847764597106,13.133195080459156,12.735649715861475,12.891828251953422,52293.68,47760214.0
2021-08-04,600903.SH,600903.SH,12.849233651408968,12.920223892576972,12.806639506708162,12.849233651408968,31183.09,28193508.0
2021-08-05,600903.SH,600903.SH,12.849237162128546,13.062207943821281,12.806643005789995,12.991217683257037,50038.6,45662307.0
2021-08-06,600903.SH,600903.SH,12.99122037500334,13.17579509071377,12.906032044675449,13.019616485112637,53931.79,49580500.0
2021-08-09,600903.SH,600903.SH,13.13320396382765,13.374570955595294,13.048015613792012,13.317778722238202,99089.09,92597911.0
2021-08-10,600903.SH,600903.SH,13.26098886612059,13.289384987889584,13.090612135506621,13.147404379044609,64765.17,60055978.0
2021-08-11,600903.SH,600903.SH,13.289391430352305,13.289391430352305,13.019628142770369,13.06222234607278,53378.4,49250315.0
2021-08-12,600903.SH,600903.SH,13.062225731529972,13.2751968032397,12.934443088504135,13.147414160213865,77507.97,71732715.0
2021-08-13,600903.SH,600903.SH,13.062230226059256,13.246805218384008,12.991239844395892,13.20421098938599,69621.67,64166091.0
2021-08-16,600903.SH,600903.SH,13.14741227068033,13.388779450595628,13.104818062459984,13.388779450595628,100070.09,93661077.0
2021-08-17,600903.SH,600903.SH,13.445578252631332,13.459776328927669,12.948645582259529,12.99123981114854,84766.18,78418922.0
2021-08-18,600903.SH,600903.SH,12.991241715623488,13.77213602639867,12.934449402112564,13.559164850732712,151100.97,143206558.0
2021-08-19,600903.SH,600903.SH,13.45978345658838,13.473981540403345,13.133227528844147,13.161623696474079,85695.0,79919796.0
2021-08-20,600903.SH,600903.SH,13.07643190329335,13.20421462547537,13.019639582323563,13.147422304505582,48991.78,45124169.0
2021-08-23,600903.SH,600903.SH,13.48817832943059,13.729545731115138,13.374593669814333,13.502376411882624,138503.81,132082381.0
2021-08-24,600903.SH,600903.SH,13.672755296669576,14.851196303547638,13.672755296669576,14.851196303547638,422687.43,436454122.0
2021-08-25,600903.SH,600903.SH,14.836993804572284,14.836993804572284,14.127089794784137,14.411051398699398,352528.67,358503559.0
2021-08-26,600903.SH,600903.SH,14.411049844566405,14.82279412583973,14.297465215249625,14.48204023788939,214132.86,218748346.0
2021-08-27,600903.SH,600903.SH,14.453642681369091,15.035763850265097,14.453642681369091,14.666613840721288,200895.97,208122890.0
2021-08-30,600903.SH,600903.SH,14.85118245420347,14.89377666774325,14.439438389985591,14.780192098303834,184900.85,190689378.0
2021-08-31,600903.SH,600903.SH,14.723396121876206,14.723396121876206,14.212265687558421,14.439434769477437,132799.11,134707352.0
2021-09-01,600903.SH,600903.SH,14.595611526234782,14.595611526234782,14.254857949746809,14.496225066425792,104441.6,106144010.0
2021-09-02,600903.SH,600903.SH,14.652397658614964,15.603667661645199,14.524615120894486,15.135131690003442,288526.0,306134963.0
2021-09-03,600903.SH,600903.SH,15.163531317271074,16.327772485825598,14.851173930585718,15.589473208205657,293138.45,318141066.0
2021-09-06,600903.SH,600903.SH,15.49008347063008,15.930223330932126,15.206122270435213,15.74564855080546,235258.15,258488714.0
2021-09-07,600903.SH,600903.SH,15.674656191619333,16.412955215137636,15.504279493884342,15.887627063788075,277923.9,312925389.0
2021-09-08,600903.SH,600903.SH,15.7314527736466,16.072206263328475,15.66046246329621,15.81664114606707,184389.44,205502452.0
2021-09-09,600903.SH,600903.SH,16.058008536382047,16.739515529968553,15.916027912718194,16.327771721343375,313733.47,362486500.0
2021-09-10,600903.SH,600903.SH,16.341965535364068,17.775969461577596,16.341965535364068,16.38455971139021,393667.92,466706966.0
2021-09-13,600903.SH,600903.SH,16.327761099994902,16.370355259386194,15.759838974777688,16.21417667495146,235236.0,266453805.99999997
2021-09-14,600903.SH,600903.SH,16.55493703446542,16.753709863352658,15.830836014947637,15.859232133360099,215691.38,246215794.0
2021-09-15,600903.SH,600903.SH,15.504287205853442,16.114804009746937,15.475891075439792,16.058011748919636,142884.95,160190600.0
2021-09-16,600903.SH,600903.SH,16.37036726005827,16.98088399222003,16.199990497594527,16.31357500590369,254380.51,296739259.0
2021-09-17,600903.SH,600903.SH,16.04381606607717,16.73952136451768,15.901835392926042,16.65433296062701,220876.34,254798956.0
2021-09-22,600903.SH,600903.SH,16.27099245093116,17.179669167213525,16.043823271860568,17.165471093521614,234219.88,274436541.0
2021-09-23,600903.SH,600903.SH,17.506229997882244,17.506229997882244,16.412978002880674,16.69693956002394,176750.5,208780483.0
2021-09-24,600903.SH,600903.SH,16.782128370535272,17.179674558669777,16.583355276468016,16.65434566720632,146824.95,173864730.0
2021-09-27,600903.SH,600903.SH,16.725336440070052,16.881515303262557,15.930244045635485,16.157413301188218,158829.8,182914866.0
2021-09-28,600903.SH,600903.SH,16.540757012736414,17.10868000029818,16.37038011646788,17.051887701542,237713.02,280841047.0
2021-09-29,600903.SH,600903.SH,16.540760440100478,16.611750828255413,15.4901026954074,15.759866170396162,213750.95,242746673.0
2021-09-30,600903.SH,600903.SH,15.859249121996255,16.398775949781268,15.759862601088491,16.299389428873504,123368.92,140408130.0
2021-10-08,600903.SH,600903.SH,16.782118035894367,17.193862048619355,16.611741203042644,16.895702591128845,199397.16,237134323.0
2021-10-11,600903.SH,600903.SH,16.895698767906325,16.895698767906325,15.97282446545766,16.31357805405409,147569.92,168938999.0
2021-10-12,600903.SH,600903.SH,16.185792109545158,16.51234756438686,15.901830844465417,16.058009540259278,99388.22,112939380.0
2021-10-13,600903.SH,600903.SH,15.90183671335745,16.043817398298145,14.496227932444608,14.964764192748886,161922.42,171074984.0
2021-10-14,600903.SH,600903.SH,14.737598066992504,15.007361422746703,14.624013496148631,14.794390352414439,69091.69,72165375.0
2021-10-15,600903.SH,600903.SH,14.836982244662693,14.97896293599918,14.510426654588779,14.87957645206364,75397.52,78397645.0
2021-10-18,600903.SH,600903.SH,14.936369816858248,15.83084823744957,14.765992974840854,15.589481044591595,147546.85,160240278.0
2021-10-19,600903.SH,600903.SH,15.660465014208066,16.086406945691515,15.589474692294159,15.95862436624648,126217.51,141781075.0
2021-10-20,600903.SH,600903.SH,15.788255196978085,15.930235909181127,15.4900957013517,15.802453268198391,102688.59,113911396.0
2021-10-21,600903.SH,600903.SH,15.81665624458272,16.029627378935267,15.546892807736155,15.703071639594693,73760.19,82026135.0
2021-10-22,600903.SH,600903.SH,15.617882839110663,15.688873215652077,15.234534805787039,15.348119408253297,85021.51,92353736.0
2021-10-25,600903.SH,600903.SH,15.22034207595895,16.043830733053742,15.120955513895783,15.887651849811625,105617.76,117702703.0
2021-10-26,600903.SH,600903.SH,15.930251039483124,16.029637632421075,15.759874023018062,15.859260615956014,77414.59,86484238.0
2021-10-27,600903.SH,600903.SH,15.830858511784806,15.830858511784806,15.333925733387975,15.490104606598406,64381.91,70104249.0
2021-10-28,600903.SH,600903.SH,15.333927414222142,15.419115899856708,14.652419529145602,14.766004176658358,78179.41,81837046.0
2021-10-29,600903.SH,600903.SH,14.411049828817742,14.538832536659475,13.786334368258155,14.084494019888867,130895.52,129954626.0
2021-11-01,600903.SH,600903.SH,14.084488059411235,14.112884204692305,13.800526606600526,13.956705405646415,83099.47,81597117.0
2021-11-02,600903.SH,600903.SH,13.98510235299275,14.027696573357195,13.36038712098089,13.61595244316756,91765.73,88335875.0
2021-11-03,600903.SH,600903.SH,13.65855249730474,13.98510832624238,13.630156338266685,13.92831600816627,68868.91,67207826.0
2021-11-04,600903.SH,600903.SH,14.013499157158458,14.695006714953399,13.99930108303773,14.638214418470488,124040.75,125751048.0
2021-11-05,600903.SH,600903.SH,14.55302770352622,14.765998840650996,14.254868111551536,14.453641172867993,101762.69,103377245.0
2021-11-08,600903.SH,600903.SH,14.652408217003478,14.666606286981194,14.254862257627412,14.382644887426864,92093.19,93564079.0
2021-11-09,600903.SH,600903.SH,14.311649743205356,14.43943233019826,14.169669090991016,14.240659417098184,58809.52,59050823.0
2021-11-10,600903.SH,600903.SH,14.127076305186003,14.127076305186003,13.800520772503313,14.084482105270869,79409.7,78041625.0
2021-11-11,600903.SH,600903.SH,14.11287461114117,14.28325136701008,13.999290107228564,14.141270737119322,57357.14,57235130.0
2021-11-12,600903.SH,600903.SH,14.169668698843788,14.169668698843788,13.899905467102272,14.027688050558782,51326.95,50663064.0
2021-11-15,600903.SH,600903.SH,14.12707014012664,14.297446865434702,14.027683717030275,14.15546626101132,65528.72,65407098.0
2021-11-16,600903.SH,600903.SH,14.112874019844927,14.127072082239136,13.914101146325986,13.942497271114405,62258.23,61270022.0
2021-11-17,600903.SH,600903.SH,14.056087048355014,14.396840673769683,14.027690912903793,14.141275454708682,91825.06,91942285.0
2021-11-18,600903.SH,600903.SH,14.14127590996101,14.340048864518694,14.056087500864859,14.112879773595626,68817.88,68725732.0
2021-11-19,600903.SH,600903.SH,14.112877737268283,14.183868067938647,13.772124150050537,14.169670001804576,80850.28,79742028.0
2021-11-22,600903.SH,600903.SH,14.254858284570142,14.35424474671356,14.12707569038575,14.198066020488191,81204.66,81376885.0
2021-11-23,600903.SH,600903.SH,14.19806602048819,14.19806602048819,14.013491162221841,14.056085360283308,71623.09,70918276.0
2021-11-24,600903.SH,600903.SH,14.056085360283308,14.127075690385746,13.942500832119402,14.056085360283308,56095.4,55396245.0
2021-11-25,600903.SH,600903.SH,14.041884577400717,14.127072957041163,13.914102007940043,13.94249813448686,58941.55,58024083.0
2021-11-26,600903.SH,600903.SH,13.914102842786164,14.396837023046091,13.843112522159702,14.198064125292003,129853.53,129489916.0
2021-11-29,600903.SH,600903.SH,13.985093163412621,14.070281548164374,13.857310586284994,13.89990477866087,80736.95,79260222.0
2021-11-30,600903.SH,600903.SH,13.885706714535578,14.056083484039084,13.81471639390912,13.89990477866087,48029.6,47156432.0
2021-12-01,600903.SH,600903.SH,13.956699789586478,13.97089785651383,13.701134584894154,13.95669978958648,90708.29,88440094.0
2021-12-02,600903.SH,600903.SH,13.985095075424061,13.985095075424061,13.743727952294915,13.814718282627018,73529.28,71564223.0
2021-12-03,600903.SH,600903.SH,13.80052710971436,13.828923256030643,13.672744451291077,13.786329036556218,46126.9,44642141.0
2021-12-06,600903.SH,600903.SH,13.75793561331266,13.828925993154316,13.686945233471006,13.701143309439336,46953.09,45450498.0
2021-12-07,600903.SH,600903.SH,13.772135847922634,13.786333926116372,13.51657044043541,13.587560831404085,50609.34,48476137.0
2021-12-08,600903.SH,600903.SH,13.615961587777022,13.658555836748171,13.530773089834726,13.658555836748171,44989.56,43047657.0
2021-12-09,600903.SH,600903.SH,13.658555724100287,13.786338469959855,13.573367226860578,13.772140387086568,49807.05,48058022.0
2021-12-10,600903.SH,600903.SH,13.743746200891632,13.80053854056474,13.658557691381972,13.80053854056474,42954.25,41624969.0
2021-12-13,600903.SH,600903.SH,13.8005438680827,13.871534320079007,13.786345777683438,13.828940048881222,46819.81,45557040.0
2021-12-14,600903.SH,600903.SH,13.81473572325681,13.81473572325681,13.672754883346668,13.715349135319709,35596.81,34395696.0
2021-12-15,600903.SH,600903.SH,13.772136064864593,13.814730300116754,13.672749515942892,13.743739908029822,39119.12,37896675.0
2021-12-16,600903.SH,600903.SH,13.715344754756789,13.999306343882187,13.715344754756789,13.970910184969648,91379.03,89494455.0
2021-12-17,600903.SH,600903.SH,13.942515168886128,14.056099813846505,13.843128604545798,13.857326685165846,66741.32,65521943.0
2021-12-20,600903.SH,600903.SH,13.871528457168782,13.871528457168782,13.601764853600505,13.658557191193827,50745.39,48893323.0
2021-12-21,600903.SH,600903.SH,13.65856387246948,13.800544785904716,13.630167689782434,13.757950511874144,42232.18,40807272.0
2021-12-22,600903.SH,600903.SH,13.84314366062245,15.02158563378313,13.84314366062245,14.354275118860818,226542.19,230299163.0
2021-12-23,600903.SH,600903.SH,14.36846741611571,14.439457867776362,14.155496061133759,14.283278874122932,148311.47,149184289.0
2021-12-24,600903.SH,600903.SH,14.269079256475912,14.368465878162807,14.084504101914533,14.325871611725567,123210.21,123643624.0
2021-12-27,600903.SH,600903.SH,14.098703452869154,14.112901542952606,13.601770299948289,13.956722552034622,116718.0,114087552.0
2021-12-28,600903.SH,600903.SH,13.985116209113094,13.985116209113094,13.672758283630367,13.772144896283962,71801.12,69557601.0
2021-12-29,600903.SH,600903.SH,13.729547652119754,13.729547652119754,13.6301610610496,13.729547652119754,42342.1,40799657.0
2021-12-30,600903.SH,600903.SH,13.672755314365382,13.772141905435534,13.672755314365382,13.729547652119754,38205.75,36927119.0
2021-12-31,600903.SH,600903.SH,13.701149756444549,13.800536334988706,13.67275359114622,13.743744004392045,34169.24,33075464.999999996
2022-01-04,600903.SH,600903.SH,13.78633192418428,13.857322304844342,13.715341543524215,13.857322304844342,54402.65,52801072.0
2022-01-05,600903.SH,600903.SH,13.800534338848989,13.84312858063556,13.701147774680322,13.72954393587137,48038.98,46509657.0
2022-01-06,600903.SH,600903.SH,13.701152806892008,13.828935579184265,13.658558549461254,13.800539407563763,44816.38,43484440.0
2022-01-07,600903.SH,600903.SH,13.800533211403211,13.98510824406601,13.74374089366081,13.914117846888011,81986.98,80010999.0
2022-01-10,600903.SH,600903.SH,13.914117846888011,13.928315926323611,13.75793897309641,13.914117846888011,45417.43,44301810.0
2022-01-11,600903.SH,600903.SH,13.871526732158685,13.942517145322242,13.800536318995132,13.871526732158685,43406.6,42415769.0
2022-01-12,600903.SH,600903.SH,13.928325442942024,13.94252353207856,13.814740729849735,13.885731175532415,32632.14,31860996.0
2022-01-13,600903.SH,600903.SH,14.013513834180154,14.013513834180154,13.843136766287387,13.85733485527845,39328.63,38512409.0
2022-01-14,600903.SH,600903.SH,13.814746804938524,13.843142995698932,13.615973469615666,13.630171564995871,52497.06,50628682.0
2022-01-17,600903.SH,600903.SH,13.701166590000476,13.71536469009374,13.601779889347622,13.68696848990721,26050.38,25080384.0
2022-01-18,600903.SH,600903.SH,13.658576531513317,13.729567054026381,13.630180322508092,13.715368949523768,39446.01,37943741.0
2022-01-19,600903.SH,600903.SH,13.672768755866505,13.71536305105612,13.573382067090735,13.601778263883812,32664.0,31376903.0
2022-01-20,600903.SH,600903.SH,13.658568240281554,13.658568240281554,13.31781393906871,13.31781393906871,54946.0,51967449.0
2022-01-21,600903.SH,600903.SH,13.346209871965993,13.346209871965993,13.076446055404977,13.175832724664298,40278.97,37330140.0
2022-01-24,600903.SH,600903.SH,13.161631946429655,13.417197615292364,13.048047204712892,13.374603337148582,35376.63,32984357.000000004
2022-01-25,600903.SH,600903.SH,13.374597301730644,13.431389646960925,12.948654712503552,12.962852798811126,31691.4,29355539.0
2022-01-26,600903.SH,600903.SH,12.962849040434767,13.048037533581105,12.906056711670539,12.977047122625823,18550.0,16959167.0
2022-01-27,600903.SH,600903.SH,13.062233335293456,13.232610291840764,12.849262139609326,12.849262139609326,36465.88,33363644.0
2022-01-28,600903.SH,600903.SH,12.962847491907684,13.062234055372473,12.82086668695798,12.877659008937863,32770.27,29740109.0
2022-02-07,600903.SH,600903.SH,12.9770409731226,13.076427501363145,12.934446746733792,13.019635199511404,30238.7,27713099.0
2022-02-08,600903.SH,600903.SH,12.977040797024967,14.16967911972748,12.920248495943893,13.601756108916758,110116.46,104885749.0
2022-02-09,600903.SH,600903.SH,13.417178117222765,13.488168477631351,13.19000896391529,13.402980045141048,65453.48,61556757.0
2022-02-10,600903.SH,600903.SH,13.41718199964026,13.473974304400643,13.26100316154921,13.346191618689785,36446.6,34228026.0
2022-02-11,600903.SH,600903.SH,13.34619334263273,13.34619334263273,13.1758164063438,13.190014484367877,32562.18,30374703.0
2022-02-14,600903.SH,600903.SH,13.204212562391957,13.275202952512343,13.147420250295646,13.190014484367877,24800.2,23079999.0
2022-02-15,600903.SH,600903.SH,13.232602826130051,13.260998969533764,12.991235607198496,13.104820180813345,34442.79,31815397.0
2022-02-16,600903.SH,600903.SH,13.119012701069165,13.190003029538152,13.076418503987773,13.119012701069165,24361.57,22502734.0
2022-02-17,600903.SH,600903.SH,13.119009453365694,13.161603639902594,13.048019142470856,13.076415266828795,26208.86,24149723.0
2022-02-18,600903.SH,600903.SH,13.062220123106162,13.133210449862174,12.93443753494534,13.09061625380857,23550.08,21678561.0
2022-02-21,600903.SH,600903.SH,13.119009899100664,13.204198275068851,13.062217648455205,13.190000212407485,32442.2,30021341.0
2022-02-22,600903.SH,600903.SH,13.189999148920553,14.155467332049293,13.175801087403954,13.559148748352133,167437.52,160960682.0
2022-02-23,600903.SH,600903.SH,13.388772652471427,13.431366839064657,13.218395906098515,13.317782341482715,101139.3,94738057.0
2022-02-24,600903.SH,600903.SH,13.615941620100546,14.368438915059178,13.530753247086361,14.041883485171471,342042.07,336593590.0
2022-02-25,600903.SH,600903.SH,13.630142215805405,13.772122863886711,13.445567373299708,13.672736410229799,178379.71,171280698.0
2022-02-28,600903.SH,600903.SH,13.672732104529702,14.056079733628664,13.587543742507709,13.615939863181705,128511.72,124340695.0
2022-03-01,600903.SH,600903.SH,13.60174851171631,13.644342713736298,13.331985232256386,13.6443427137363,101909.91,96621156.0
2022-03-02,600903.SH,600903.SH,13.843111094723419,13.985091721335966,13.57334790415958,13.701130468110872,101221.5,97857986.0
2022-03-03,600903.SH,600903.SH,13.828914487007927,14.411035117364523,13.715329973767615,14.16966802672886,243370.69,241249865.0
2022-03-04,600903.SH,600903.SH,13.942500374457584,14.098679095556395,13.644340997814396,13.828915850022085,144758.12,141078793.0
2022-03-07,600903.SH,600903.SH,13.985095723342901,14.155472524033375,13.701134388858781,13.786322789204018,107331.63,105113584.0
2022-03-08,600903.SH,600903.SH,13.843112751409253,13.843112751409253,13.033823082865327,13.133209533388266,108528.71,101559091.0
2022-03-09,600903.SH,600903.SH,13.076415072056035,13.21839569173091,12.110946858266878,12.63627515106392,106881.78,96019921.0
2022-03-10,600903.SH,600903.SH,12.820854876606253,12.820854876606253,12.551091595703133,12.579487730535039,69251.32,61730287.0
2022-03-11,600903.SH,600903.SH,12.508497507168883,12.56528977734899,12.082555480818069,12.494299439623857,76466.2,66216763.00000001
2022-03-14,600903.SH,600903.SH,12.338123013646529,12.451707575337176,12.082557749842573,12.096755820053904,52648.8,45483498.0
2022-03-15,600903.SH,600903.SH,12.068361916238443,12.09675806192371,10.9893083801983,11.0319025987262,113808.62,91931636.0
2022-03-16,600903.SH,600903.SH,11.145486970378492,11.273269623542069,10.662752502871653,11.244873478394608,76853.16,59651830.0
2022-03-17,600903.SH,600903.SH,11.216478562450142,11.54303426743287,11.159686265931407,11.40105352613603,76701.85,61227806.0
2022-03-18,600903.SH,600903.SH,11.315865193674206,11.599826679086357,11.244874822321169,11.443647862109675,59904.72,48353472.0
2022-03-21,600903.SH,600903.SH,11.514642730473165,11.528840810288791,11.301671533238768,11.41525617176378,52611.4,42329767.0
2022-03-22,600903.SH,600903.SH,11.358468813021467,11.528845845216788,11.30167646895636,11.443657329119128,42526.1,34128525.0
2022-03-23,600903.SH,600903.SH,11.472057981530787,11.528850347775988,11.401067523724283,11.415265615285584,37763.98,30439673.0
2022-03-24,600903.SH,600903.SH,11.429462292309298,11.727622178195626,11.372669933092853,11.47205656172163,74785.54,60815491.0
2022-03-25,600903.SH,600903.SH,11.344275009202983,11.45785974020877,11.259086460948643,11.28748264370009,53607.49,42754622.0
2022-03-28,600903.SH,600903.SH,11.23069183017701,11.415267043568033,11.01772043011044,11.301682296865865,39232.91,30979846.0
2022-03-29,600903.SH,600903.SH,11.301678370866394,11.38686690130006,11.060310867971006,11.117103221593451,36467.07,28690356.0
2022-03-30,600903.SH,600903.SH,11.159692844035375,11.173890926534147,11.074504349042739,11.159692844035375,36330.3,28475408.0
2022-03-31,600903.SH,600903.SH,11.173893220793122,11.244883647862963,11.145497049965185,11.202289391621058,40169.46,31676553.0
2022-04-01,600903.SH,600903.SH,11.30167643217934,11.685024753371353,11.244884088299042,11.599836237550905,127204.41,103667313.0
2022-04-06,600903.SH,600903.SH,11.443656728153126,11.614033751401063,11.38686438707048,11.528845239777093,69048.67,55906335.0
2022-04-07,600903.SH,600903.SH,11.500450526833877,11.500450526833877,11.202290698360407,11.202290698360407,57970.31,46267816.0
2022-04-08,600903.SH,600903.SH,11.202290698360407,11.34427156906206,11.060309827658754,11.202290698360407,35532.4,27928117.0
2022-04-11,600903.SH,600903.SH,11.230684834556252,11.273279088037503,10.818940384237502,10.875732722212502,57155.71,44048105.0
2022-04-12,600903.SH,600903.SH,10.833134376523706,10.989313246958517,10.733747822610644,10.97511516782808,32309.8,24758762.0
2022-04-13,600903.SH,600903.SH,10.989309317100073,11.13129005763108,10.875724724675266,10.91831894683457,38423.74,29783559.0
2022-04-14,600903.SH,600903.SH,10.918324223554263,11.102899275447898,10.918324223554263,11.04610695178832,31055.85,24095629.0
2022-04-15,600903.SH,600903.SH,11.01771170334388,11.145494442171321,10.932523210792251,10.960919374976127,33515.8,26051456.0
2022-04-18,600903.SH,600903.SH,10.904123280750067,11.01770789825788,10.705350200111393,11.01770789825788,27256.0,20875627.0
2022-04-19,600903.SH,600903.SH,11.031910767082284,11.401060934320558,10.960920350305694,11.244882017412058,60922.87,48056005.0
2022-04-20,600903.SH,600903.SH,11.13129895096143,11.273279804927775,11.046110438581623,11.060308523978257,44838.4,35215853.0
2022-04-21,600903.SH,600903.SH,10.989314645316648,11.131295454687663,10.549174136266497,10.577570298140701,61215.0,46569123.0
2022-04-22,600903.SH,600903.SH,10.5917637460701,10.605961820796736,10.194217653724305,10.549169521890194,45331.16,33228373.0
2022-04-25,600903.SH,600903.SH,10.478181172801955,10.506577327741798,9.626296524606675,9.626296524606675,65992.81,46406764.0
2022-04-26,600903.SH,600903.SH,9.583705306307861,9.683091879854757,9.186159012120275,9.299743667602442,53281.26,35365396.0
2022-04-27,600903.SH,600903.SH,9.086769174263631,9.725682631829041,8.873798021741827,9.683088401324682,66379.71,43353581.0
2022-04-28,600903.SH,600903.SH,9.626300141076985,9.75408288631252,9.342338484998018,9.455923147429605,36226.64,24374271.0
2022-04-29,600903.SH,600903.SH,9.51271963960296,9.967058488061607,9.484323461574293,9.86767186496128,46806.55,32250459.0
2022-05-05,600903.SH,600903.SH,9.768289650184519,10.052251558620116,9.72569536391918,9.910270604402317,42944.97,29995828.0
2022-05-06,600903.SH,600903.SH,9.640509850530393,9.810887049656113,9.512726951186101,9.75409464994754,32648.37,22348665.0
2022-05-09,600903.SH,600903.SH,9.69729823659433,9.839279177100835,9.583713484189126,9.810882988999534,19316.06,13294801.0
2022-05-10,600903.SH,600903.SH,9.668906534640666,9.881878044214249,9.597916031449472,9.853481842937772,30108.94,20698213.0
2022-05-11,600903.SH,600903.SH,9.810888303307841,10.151642745101457,9.810888303307841,9.867680710273445,55496.72,38975060.0
2022-05-12,600903.SH,600903.SH,9.93867271834895,10.066455653299151,9.739899263981972,9.881880302815528,33699.31,23508317.0
2022-05-13,600903.SH,600903.SH,9.82508358349721,10.009658853129382,9.754093095177144,9.853479778825237,22610.4,15689467.0
2022-05-16,600903.SH,600903.SH,9.967065334556747,9.967065334556747,9.810886248117825,9.867678643186524,22259.4,15462902.0
2022-05-17,600903.SH,600903.SH,9.867679574099602,9.88187767420622,9.72569857303342,9.782490973459893,24458.85,16866798.0
2022-05-18,600903.SH,600903.SH,9.725694894182222,9.853477746806515,9.711496799446191,9.796685367862386,21405.9,14785654.0
2022-05-19,600903.SH,600903.SH,9.697299694230434,9.768290175154522,9.569516828567076,9.739893982784887,26282.66,17917151.0
2022-05-20,600903.SH,600903.SH,9.782488411690677,9.967063664741445,9.768290315302158,9.896073182798842,36086.67,25149650.0
2022-05-23,600903.SH,600903.SH,9.896071209183116,10.052250238309393,9.881873115626183,10.03805214475246,34789.45,24463691.0
2022-05-24,600903.SH,600903.SH,10.052254300723206,10.12324479719724,9.612113222584194,9.626311321879003,45915.42,31950972.0
2022-05-25,600903.SH,600903.SH,9.6263150784883,9.89607907036334,9.612116973652771,9.89607907036334,24155.46,16626092.0
2022-05-26,600903.SH,600903.SH,9.924477616861202,10.066458698647484,9.754100318717661,10.009666265932971,33706.65,23602351.0
2022-05-27,600903.SH,600903.SH,10.038060818922526,10.080655136400273,9.796693019881955,9.853485443185619,38127.98,26603272.0
2022-05-30,600903.SH,600903.SH,9.867783913889449,9.953590730531964,9.810579369461104,9.93928959442488,28106.2,19439953.0
2022-05-31,600903.SH,600903.SH,9.982189680061502,10.110899862182638,9.92498515467433,10.096598730835844,42983.48,30187516.0
2022-06-01,600903.SH,600903.SH,10.010790549207343,10.153801842767447,9.996489419851333,10.067995066631385,34260.8,24105525.0
2022-06-02,600903.SH,600903.SH,10.02508712816713,10.125194988220155,9.953581513843542,10.082291619626002,29833.26,20920384.0
2022-06-06,600903.SH,600903.SH,10.225299598706595,10.253901835346333,10.09658953382777,10.12519177046751,50685.53,35935749.0
2022-06-07,600903.SH,600903.SH,10.125190293581191,10.311104804621523,10.03938359617796,10.19669587475055,59419.45,42340468.0
2022-06-08,600903.SH,600903.SH,10.196693624714344,11.212072653262336,10.168091398558063,11.212072653262336,116852.85,89381415.0
2022-06-09,600903.SH,600903.SH,11.869926058090938,12.327561761535405,11.69831266929926,12.327561761535405,174871.65,148212038.0
2022-06-10,600903.SH,600903.SH,13.428747899594192,13.557457943360271,12.727993216867766,13.557457943360271,531448.2,498084952.0
2022-06-13,600903.SH,600903.SH,12.871008170167038,14.00079666510392,12.198855521280535,12.227457761658686,577567.63,523640933.0
2022-06-14,600903.SH,600903.SH,11.72692073592391,13.457356600615123,11.455199401798845,13.457356600615123,610402.03,538763789.0
2022-06-15,600903.SH,600903.SH,13.443059399872643,14.658655196669637,12.971122208174986,13.185639113492103,679308.28,650689300.0
2022-06-16,600903.SH,600903.SH,12.699402575608822,13.085533059326657,12.34187434994416,12.441982253130263,413917.32,364442903.0
2022-06-17,600903.SH,600903.SH,12.22746844568771,12.899621681883408,12.19886618031768,12.298974109112784,281677.73,245136622.0
2022-06-20,600903.SH,600903.SH,11.941446075969475,12.084457406220606,11.655423415467213,12.027252874120155,259268.74,214824049.0
2022-06-21,600903.SH,600903.SH,11.884244877253847,11.9986539735451,11.555318725416496,11.726932369853374,169002.1,138771568.0
2022-06-22,600903.SH,600903.SH,11.698327167537734,11.71262830099438,11.355099964578192,11.42660563186143,133427.63,107495607.0
2022-06-23,600903.SH,600903.SH,11.669728997289297,11.684030135766367,11.369405089270822,11.569621027949806,128958.13,103916285.0
2022-06-24,600903.SH,600903.SH,11.483808375532144,11.598217425350645,11.312194800804392,11.340797063259016,143727.69,114632755.0
2022-06-27,600903.SH,600903.SH,11.312194032428893,11.49810872575579,11.269290641661147,11.369398553452553,102916.85,81891881.0
2022-06-28,600903.SH,600903.SH,11.383694625869433,11.555308112691586,11.340791254163895,11.426597997574973,92128.63,73677688.0
2022-06-29,600903.SH,600903.SH,11.49809886786749,11.49809886786749,11.18347427198057,11.18347427198057,109067.85,86129622.0
2022-06-30,600903.SH,600903.SH,11.126273342125534,11.269284567602726,11.0261654842915,11.140574464673254,77126.4,60029757.0
2022-07-01,600903.SH,600903.SH,11.111973548490521,11.269285915328869,11.054769051458395,11.240683666812807,72560.82,56815831.0
2022-07-04,600903.SH,600903.SH,11.226383528560769,11.412298160243942,11.069071147905778,11.397997034729851,97176.2,76810629.0
2022-07-05,600903.SH,600903.SH,11.483806627445873,11.841334853705083,11.355096465992558,11.798431466553978,201720.49,164457228.0
2022-07-06,600903.SH,600903.SH,11.62681645176823,11.641117579015178,11.29789052508844,11.340793906829282,111144.99,88784155.0
2022-07-07,600903.SH,600903.SH,11.297896007248415,11.398003946553148,11.054776726079778,11.14058353119812,84833.99,66215721.00000001
2022-07-08,600903.SH,600903.SH,11.254997051642563,11.312201610990176,11.097684513436631,11.111985653273534,55217.51,43073633.0
2022-07-11,600903.SH,600903.SH,11.097684456598298,11.226394714471216,10.940371919198064,11.169190155416585,52516.7,40799724.0
2022-07-12,600903.SH,600903.SH,11.1977907237898,12.284677179738743,11.02617707285049,11.698330539029444,245667.13,202907957.0
2022-07-13,600903.SH,600903.SH,11.369403095671112,11.526715591334487,11.269295143885328,11.4409087755181,133933.72,106531507.0
2022-07-14,600903.SH,600903.SH,11.369403095671112,11.38370423164051,11.19778946403834,11.254994007915931,77146.35,60818860.0
2022-07-15,600903.SH,600903.SH,11.040474066135761,11.054775198345784,10.539934438785048,10.554235570995068,136076.63,102384597.0
2022-07-18,600903.SH,600903.SH,10.554233331369483,10.811653656524836,10.539932202194185,10.78305139817424,56249.39,42251230.0
2022-07-19,600903.SH,600903.SH,10.840252277777772,11.126274765318083,10.768746655892695,10.911757899662849,59837.57,45674796.0
2022-07-20,600903.SH,600903.SH,10.983264305049214,11.097673308226812,10.85455417647442,11.026167681240814,50571.82,38802080.0
2022-07-21,600903.SH,600903.SH,10.997561464111342,11.869929798715754,10.940356983153675,11.34078834985734,175551.56,139979535.0
2022-07-22,600903.SH,600903.SH,11.154876883798334,11.855631970088227,11.154876883798334,11.641115106938262,188603.27,152153467.0
2022-07-25,600903.SH,600903.SH,11.583910696117407,11.827029809492709,11.312189334109714,11.555308447485018,112815.19,90818107.0
2022-07-26,600903.SH,600903.SH,11.39799485829719,11.984340892412858,11.254983630464102,11.741221805096606,157262.76,128199681.0
2022-07-27,600903.SH,600903.SH,11.64111196729697,12.842406076944323,11.64111196729697,12.370469105297149,310743.78,268838080.0
2022-07-28,600903.SH,600903.SH,12.27035831736511,12.527778421925218,11.955733745124979,12.213153849685085,234211.35,198887967.0
2022-07-29,600903.SH,600903.SH,12.11304459410399,12.11304459410399,11.68401113740609,11.81272117441546,163103.53,135487964.0
2022-08-01,600903.SH,600903.SH,11.726908993270325,11.812715644440596,11.612500125043297,11.669704559156813,82929.52,67782099.0
2022-08-02,600903.SH,600903.SH,11.555290925859397,11.583893131121426,11.011849025880862,11.097655641666947,121332.48,94889358.0
2022-08-03,600903.SH,600903.SH,11.14056186212442,11.42658398952171,10.883141947466859,10.940346372946317,81386.65,63400983.0
2022-08-04,600903.SH,600903.SH,11.02614857535682,11.19776178275537,10.95464307227409,11.19776178275537,64806.48,50320120.0
2022-08-05,600903.SH,600903.SH,11.197760522830214,11.397975908934457,11.083351730770646,11.31216931488978,63401.81,49744509.0
2022-08-08,600903.SH,600903.SH,11.283563350912765,11.312165539381493,11.154853502803494,11.269262256678402,35497.18,27907966.0
2022-08-09,600903.SH,600903.SH,11.269260772434105,11.855605558817098,11.212056403030887,11.726895727659855,140352.53,114298575.0
2022-08-10,600903.SH,600903.SH,11.683987564312933,11.726890823423016,11.512374527872597,11.626783218832822,76870.55,62305414.0
2022-08-11,600903.SH,600903.SH,11.641083593645131,11.784094448603916,11.569578166165737,11.698287935628644,66665.54,54483039.0
2022-08-12,600903.SH,600903.SH,11.69828822025852,11.941406679603746,11.6124817051955,11.755492563633869,109356.18,90473966.0
2022-08-15,600903.SH,600903.SH,11.612482753151165,11.869902321570775,11.58388057888232,11.726891450226546,72695.6,59569926.0
2022-08-16,600903.SH,600903.SH,11.655380866163064,11.769789512702088,11.583875462076172,11.655380866163064,59194.2,48199336.0
2022-08-17,600903.SH,600903.SH,11.712585546523586,11.841295277804067,11.641080140256655,11.726886627776974,58453.0,47876937.0
2022-08-18,600903.SH,600903.SH,11.798390894102651,12.084412491535442,11.712584414872813,11.841294133717568,106708.42,88644873.0
2022-08-19,600903.SH,600903.SH,11.88419415439632,11.97000061038474,11.726882318417546,11.826989850404038,79669.99,66008556.0
2022-08-22,600903.SH,600903.SH,11.798387264540736,12.17021522681717,11.6696775852912,12.055806623039805,135253.33,113137530.0
2022-08-23,600903.SH,600903.SH,12.084411727348622,12.842368912614276,12.084411727348622,12.756562438810617,342593.62,300342981.0
2022-08-24,600903.SH,600903.SH,12.41333479176899,13.557420947692401,12.055807868042926,12.971076792781654,325269.49,287505351.0
2022-08-25,600903.SH,600903.SH,12.756558351456636,13.285698103703155,12.713655128301514,12.842364797766884,287627.01,261762285.0
2022-08-26,600903.SH,600903.SH,12.699356976424998,12.828066675510385,12.027206325645745,12.055808480998053,206162.09,177793472.0
2022-08-29,600903.SH,600903.SH,12.01290226498975,13.114084972613808,11.884192597864859,12.727955971239139,227304.77,200211056.0
2022-08-30,600903.SH,600903.SH,12.71365563800313,12.71365563800313,12.170214789584548,12.270322314293235,143389.23,123778144.0
2022-08-31,600903.SH,600903.SH,12.256021745044466,12.270322820592943,11.72688194975083,11.784086251944737,122074.28,102098120.0
2022-09-01,600903.SH,600903.SH,11.755478812317042,12.0558012637266,11.669672397628595,11.698274535858076,90535.46,74991216.0
2022-09-02,600903.SH,600903.SH,11.641064827842635,11.769774389821238,11.540957390748165,11.769774389821238,71568.15,58328414.0
2022-09-05,600903.SH,600903.SH,11.855579183729539,12.58493327102774,11.84127812319428,12.441922665675149,222065.79,191807753.0
2022-09-06,600903.SH,600903.SH,12.44192452054894,12.513429833885429,12.084397953866498,12.470526645883536,157258.56,135538300.0
2022-09-07,600903.SH,600903.SH,12.256007422508619,12.47052330504961,12.17020106949222,12.384716952033212,96822.32,83546827.0
2022-09-08,600903.SH,600903.SH,12.256002706420253,12.284604813086343,11.95568058642629,12.041486906424565,99361.13,83950876.0
2022-09-09,600903.SH,600903.SH,12.027182956343095,12.24169870467264,11.89847350734537,12.112989255674915,61482.96,52002852.0
2022-09-13,600903.SH,600903.SH,12.184491277244847,12.213093369444952,11.912771401343848,11.984276631844113,65925.4,55317302.0
2022-09-14,600903.SH,600903.SH,11.841264374237687,13.099756240098698,11.769759154586493,12.441908219307713,245759.14,215933196.0
2022-09-15,600903.SH,600903.SH,12.47050533600805,12.742225062366021,12.270290800796909,12.556311565384249,220459.29,192837692.0
2022-09-16,600903.SH,600903.SH,12.284589862873446,12.398998150304164,11.76975256943521,11.912762928723609,137783.67,115313743.0
2022-09-19,600903.SH,600903.SH,11.712546551712103,11.798352753556149,11.297816576132554,11.440826912539295,102894.2,82906877.0
2022-09-20,600903.SH,600903.SH,11.512332080742665,11.784051719915473,11.483730013461315,11.583837248946034,64268.2,52146941.0
2022-09-21,600903.SH,600903.SH,11.4551266873747,11.82695352117213,11.340718430821644,11.712545264619076,76665.0,62526780.0
2022-09-22,600903.SH,600903.SH,11.569534873724267,11.826953449406636,11.526631777777206,11.784050353459575,65154.1,53400086.0
2022-09-23,600903.SH,600903.SH,11.712548663931567,11.884161098567928,11.455130011977028,11.583839337954297,64096.49,52209780.0
2022-09-26,600903.SH,600903.SH,11.440825558366857,11.440825558366857,10.968891504084224,11.0117945999281,76040.44,59472565.0
2022-09-27,600903.SH,600903.SH,11.097600649338919,11.212008903455814,10.840182077575903,11.154804776397366,58456.97,44936988.0
2022-09-28,600903.SH,600903.SH,11.44082765774122,11.912761798623047,11.254914208302926,11.65534317632387,143342.05,115954054.0
2022-09-29,600903.SH,600903.SH,11.612438835693297,11.927061562768731,11.355020240813397,11.41222437300893,102205.13,82903582.0
2022-09-30,600903.SH,600903.SH,11.326421954890066,11.512335446573868,11.026100160631616,11.483733370930205,64583.76,51202894.0
2022-10-10,600903.SH,600903.SH,11.512332283844351,12.027169503991427,11.498031249951374,11.71254675834599,119902.51,98773346.0
2022-10-11,600903.SH,600903.SH,11.626740264319631,12.01286816977674,11.297816493004316,12.01286816977674,128718.82,105392758.0
2022-10-12,600903.SH,600903.SH,11.869856698550693,12.041469084553835,11.712545344714478,11.955662891552262,108609.5,90241651.0
2022-10-13,600903.SH,600903.SH,11.798353957890722,12.441900537412034,11.66964464198646,12.27028811620635,158542.23,133391396.00000001
2022-10-14,600903.SH,600903.SH,12.084374745001423,12.370395449025127,11.998568533794314,12.184481991409719,141645.57,121024437.0
2022-10-17,600903.SH,600903.SH,12.12727739134712,12.227384633964373,11.912761871453007,12.084374287368297,96887.97,81709248.0
2022-10-18,600903.SH,600903.SH,12.012867748971498,12.170179112350887,11.81265328648864,11.955663616833538,99624.91,83582953.0
2022-10-19,600903.SH,600903.SH,11.826956373832813,11.869859480388435,11.512333592424927,11.526634627943467,100087.34,81206356.0
2022-10-20,600903.SH,600903.SH,11.440831902370999,11.655347500540456,11.397928782737107,11.540939181516745,54572.94,44121778.0
2022-10-21,600903.SH,600903.SH,11.483733721959414,11.569539951513283,11.340723339369633,11.369325415887591,50174.22,40104590.0
2022-10-24,600903.SH,600903.SH,11.440830970152996,11.555239279854526,11.240616428175318,11.269218505600701,51227.79,40857319.0
2022-10-25,600903.SH,600903.SH,11.283521156244756,11.355026360023242,11.026102422642214,11.212015952466272,37646.4,29409292.0
2022-10-26,600903.SH,600903.SH,11.226322001667572,11.412235614434044,11.097612577444632,11.283526190211102,56917.41,44959999.0
2022-10-27,600903.SH,600903.SH,11.340725381881091,11.340725381881091,11.183413932699892,11.197714973534547,40570.6,31900539.0
2022-10-28,600903.SH,600903.SH,11.126209903411995,11.126209903411995,10.582770345147656,10.68287763219635,78725.3,59319777.0
2022-10-31,600903.SH,600903.SH,10.71147569561774,10.797281909467815,10.582766374842627,10.71147569561774,34182.29,25588117.0
2022-11-01,600903.SH,600903.SH,10.711474270243501,10.85448460762993,10.69717323650486,10.85448460762993,39962.21,30194626.0
2022-11-02,600903.SH,600903.SH,10.854482626368073,10.983191906522634,10.811579532983218,10.968890875394349,39783.59,30375054.0
2022-11-03,600903.SH,600903.SH,10.96889327483923,11.083301548892312,10.897388103556054,10.983194309095865,33431.4,25663948.0
2022-11-04,600903.SH,600903.SH,10.911684620683937,11.09759798905732,10.868781535674694,11.054694904048079,46831.13,36138478.0
2022-11-07,600903.SH,600903.SH,11.054699485651671,11.297817068130428,11.026097417124758,11.28351603386697,58917.11,46074742.0
2022-11-08,600903.SH,600903.SH,11.240609780298735,11.569533476159894,11.140502568514904,11.326415961827733,65756.95,52022550.0
2022-11-09,600903.SH,600903.SH,11.197705427820805,11.32641468561185,11.12620028460356,11.169103370533907,42204.47,32981105.000000004
2022-11-10,600903.SH,600903.SH,11.16909880005682,11.226302891222286,11.054690617725894,11.18339982284819,35358.12,27521654.0
2022-11-11,600903.SH,600903.SH,11.297813135306221,11.340716223161815,11.18340490102464,11.212006959595035,37788.88,29692084.0
2022-11-14,600903.SH,600903.SH,11.212007884296641,11.254910975690635,11.054696549185337,11.097599640579329,35565.8,27749344.0
2022-11-15,600903.SH,600903.SH,11.097596820350704,11.340714276466635,11.097596820350704,11.254908115484541,42753.65,33548900.999999996
2022-11-16,600903.SH,600903.SH,11.269211393394658,11.912757729311865,11.254910363707609,11.669640224632031,146130.67,118334638.0
2022-11-17,600903.SH,600903.SH,11.540929579426983,11.540929579426983,11.383618271652885,11.498026495488592,82345.45,65925808.00000001
2022-11-18,600903.SH,600903.SH,11.48372981740514,11.498030850801658,11.312117416646908,11.326418450043427,55472.6,44189440.0
2022-11-21,600903.SH,600903.SH,11.269217169422998,11.297819243457067,11.183410947320793,11.297819243457067,32195.13,25299888.0
2022-11-22,600903.SH,600903.SH,11.240613100856468,11.426526549089463,11.226312066377005,11.28351620429485,33617.92,26603815.0
2022-11-23,600903.SH,600903.SH,11.269220129956231,11.498036782341128,11.269220129956231,11.469434700793016,57157.48,45717900.0
2022-11-24,600903.SH,600903.SH,11.526643665450223,11.526643665450223,11.326429011211633,11.397934244868273,55459.22,44159583.0
2022-11-25,600903.SH,600903.SH,11.39793034185357,11.683951178537473,11.312124090848398,11.526639718361327,78636.17,63314955.0
2022-11-28,600903.SH,600903.SH,11.440830603638329,11.669647215711095,11.269218144583753,11.655346177456549,86423.35,69656437.0
2022-11-29,600903.SH,600903.SH,11.726851512264801,11.726851512264801,11.540938012680117,11.683948396976028,76943.38,62662045.0
2022-11-30,600903.SH,600903.SH,11.698253174446567,12.699326184484782,11.698253174446567,12.170187593464583,265736.32,226915114.0
2022-12-01,600903.SH,600903.SH,12.041478206459669,12.456208453475503,11.955671948456393,12.170187593464583,184514.66,157079882.0
2022-12-02,600903.SH,600903.SH,12.070078842902962,12.213089255733566,11.984272595204603,12.027175719053782,89328.02,75296941.0
2022-12-05,600903.SH,600903.SH,12.012873224255635,12.141582580229803,11.969970105597579,12.05577634291369,76445.92,64421836.0
2022-12-06,600903.SH,600903.SH,11.998573586945723,12.055777751841768,11.812660051033571,11.869864215929619,76089.13,63250672.0
2022-12-07,600903.SH,600903.SH,11.79835900980956,11.927068380825665,11.726853803689501,11.869864215929619,51722.2,42726259.0
2022-12-08,600903.SH,600903.SH,11.984269045642115,12.856632305527757,11.92706489745289,12.241687712493615,227669.94,197206118.0
2022-12-09,600903.SH,600903.SH,12.055774691242332,12.170182991989591,11.44083007472582,11.984269503275298,134410.05,112143936.0
2022-12-12,600903.SH,600903.SH,11.869858317993117,12.041470727409884,11.755450045048605,11.769751079166669,73612.47,61049111.0
2022-12-13,600903.SH,600903.SH,11.755447696804952,11.884156978156831,11.726845634282311,11.812651821850231,47590.4,39300572.0
2022-12-14,600903.SH,600903.SH,11.855553593662467,12.05576800899573,11.69824226732919,12.05576800899573,94068.32,78401624.0
2022-12-15,600903.SH,600903.SH,12.012859423818469,12.012859423818469,11.741139984470195,11.784043053840975,69463.59,57367035.0
2022-12-16,600903.SH,600903.SH,11.741142596767364,11.855550807210893,11.598132333712948,11.82694875460001,71500.65,58637656.0
2022-12-19,600903.SH,600903.SH,11.798343612646477,11.85554770288961,11.397914980944535,11.469420093748452,55258.05,44890805.0
2022-12-20,600903.SH,600903.SH,11.469424871474262,11.55523104258255,11.326414586293785,11.397919728884023,29160.38,23324432.0
2022-12-21,600903.SH,600903.SH,11.355021966445968,11.469430248223759,11.069001262001484,11.226312649445948,42153.35,33107669.0
2022-12-22,600903.SH,600903.SH,11.226313588584071,11.326420843514121,11.08330322439829,11.111905297235445,26988.79,21130903.0
2022-12-23,600903.SH,600903.SH,11.01179807072294,11.197711544644235,10.997497034267456,11.083303253000361,25207.8,19558013.0
2022-12-26,600903.SH,600903.SH,11.069006810958314,11.312124531612437,11.069006810958314,11.197716192481085,21543.0,16899456.0
2022-12-27,600903.SH,600903.SH,11.283520878074563,11.355026080090246,11.154811514446337,11.212015676058883,23776.0,18656754.0
2022-12-28,600903.SH,600903.SH,11.197714635655746,11.283520878074563,11.111908393236927,11.212015676058883,23223.2,18182141.0
2022-12-29,600903.SH,600903.SH,11.154806908588679,11.154806908588679,11.069000701599537,11.083301736097726,22496.6,17477031.0
2022-12-30,600903.SH,600903.SH,11.083301736097726,11.154806908588679,11.040398632603154,11.083301736097726,20608.34,15989930.0
2023-01-03,600903.SH,600903.SH,11.040402878910319,11.197714318894793,11.02610183891173,11.154811198899028,27884.2,21680849.0
2023-01-04,600903.SH,600903.SH,11.15480723022414,11.269215509508491,11.097603090581966,11.254914474597948,32018.2,25092864.0
2023-01-05,600903.SH,600903.SH,11.212010572007829,11.769750893829649,11.183408504222095,11.45512814818657,89509.73,72118476.0
2023-01-06,600903.SH,600903.SH,11.340719361556367,11.455127627498928,11.283515228585086,11.326418328313547,49882.13,39599411.0
2023-01-09,600903.SH,600903.SH,11.283513756206688,11.41222303859688,11.283513756206688,11.39792200722019,29861.01,23731759.0
2023-01-10,600903.SH,600903.SH,11.44082642698742,11.455127460021153,11.312117129683811,11.355020228785014,20220.6,16045955.0
2023-01-11,600903.SH,600903.SH,11.355016312289202,11.726843042918318,11.312113227985842,11.52662864950264,60950.41,49191594.0
2023-01-12,600903.SH,600903.SH,11.48372044213374,11.512322485576167,11.340710224921613,11.412215333527678,35344.8,28150338.0
2023-01-13,600903.SH,600903.SH,11.426513327222057,11.483717398947823,11.312105183770521,11.440814345153498,32312.47,25732605.0
2023-01-16,600903.SH,600903.SH,11.45511536308494,11.641028596193685,11.426513327222057,11.440814345153498,37412.94,30081149.0
2023-01-17,600903.SH,600903.SH,11.440814345153498,11.440814345153498,11.29780416583908,11.369309255496288,32740.54,25994054.0
2023-01-18,600903.SH,600903.SH,11.369307680403066,11.44081276015403,11.34070564850268,11.355006664452874,29104.3,23164821.0
2023-01-19,600903.SH,600903.SH,11.369307680403066,11.412210728253646,11.326404632552489,11.355006664452874,21428.48,17013013.0
2023-01-20,600903.SH,600903.SH,11.426507901913816,11.426507901913816,11.340701835065902,11.397905879631177,24532.0,19532565.0
2023-01-30,600903.SH,600903.SH,11.498011635348918,11.512312644845624,11.397904568872,11.44080759736211,40894.02,32737676.0
2023-01-31,600903.SH,600903.SH,11.469409616355515,11.72682778729616,11.455108606858811,11.55521567333573,52345.75,42338660.0
2023-02-01,600903.SH,600903.SH,11.555218626019833,11.66962673122795,11.469412547113745,11.641024704925922,63675.28,51589932.0
2023-02-02,600903.SH,600903.SH,11.641024733598396,11.641024733598396,11.512315614922247,11.612422707225917,51910.95,41967020.0
2023-02-03,600903.SH,600903.SH,11.626719455839392,11.626719455839392,11.46940836849101,11.54091340819482,37930.8,30567744.0
2023-02-06,600903.SH,600903.SH,11.54091340819482,11.583816432017105,11.46940836849101,11.54091340819482,30587.92,24665230.0
2023-02-07,600903.SH,600903.SH,11.583814611293484,11.583814611293484,11.483707571442798,11.555212599907573,24413.32,19680059.0
2023-02-08,600903.SH,600903.SH,11.56950924732031,11.612412248237442,11.526606246403178,11.540907246708889,31944.5,25850645.0
2023-02-09,600903.SH,600903.SH,11.498000635787946,11.583806610681888,11.48369963997229,11.569505614866232,31636.44,25554363.0
2023-02-10,600903.SH,600903.SH,11.612413631982204,11.655316638011696,11.526607619923224,11.655316638011696,47736.13,38734265.0
2023-02-13,600903.SH,600903.SH,11.683918498317718,11.726821503819496,11.59811248731416,11.626714490982014,36350.62,29586777.0
2023-02-14,600903.SH,600903.SH,11.641013938796885,11.798324937969815,11.61241193894726,11.784023938045003,59430.45,48710108.0
2023-02-15,600903.SH,600903.SH,11.712523280623087,11.784028306756317,11.669620264943148,11.726824285849732,33826.84,27724959.0
2023-02-16,600903.SH,600903.SH,11.784031252763391,11.784031252763391,11.426506032715958,11.440807041517855,61747.79,50175809.0
2023-02-17,600903.SH,600903.SH,11.483710067923546,11.698225199952006,11.397904015112163,11.569516120734932,58071.7,46874509.0
2023-02-20,600903.SH,600903.SH,11.58382040634862,11.598121419195964,11.412208252180495,11.526616354959247,34016.67,27280971.0
2023-02-21,600903.SH,600903.SH,11.569519393501277,11.569519393501277,11.455111290722526,11.526616354959247,25499.55,20542168.0
2023-02-22,600903.SH,600903.SH,11.51230991954167,11.598115956209059,11.483707907319204,11.598115956209059,33843.0,27347704.0
2023-02-23,600903.SH,600903.SH,11.641015811377256,11.698219820278373,11.58381180247614,11.683918818053094,36449.8,29699796.0
2023-02-24,600903.SH,600903.SH,11.68391835816945,11.712520361494223,11.598112348195134,11.626714351519906,20554.0,16729559.000000002
2023-02-27,600903.SH,600903.SH,11.626715946206415,11.655317953454155,11.455103902719973,11.469404906343842,30614.35,24671351.0
2023-02-28,600903.SH,600903.SH,11.469410256835458,11.54091530831199,11.440808236244846,11.526614298016684,19682.8,15814925.0
2023-03-01,600903.SH,600903.SH,11.512309769672845,11.555212787448022,11.483707757822724,11.512309769672845,22336.58,17988502.0
2023-03-02,600903.SH,600903.SH,11.555210063514487,11.555210063514487,11.483705050745213,11.526608058406778,21837.76,17590981.0
2023-03-03,600903.SH,600903.SH,11.512311551952944,11.540913568231089,11.455107519396655,11.498010543813871,21554.98,17322235.0
2023-03-06,600903.SH,600903.SH,11.4980054973055,11.526607501030144,11.440801489856222,11.469403493580861,19831.79,15915457.0
2023-03-07,600903.SH,600903.SH,11.498000752558928,11.540903740441614,11.297786809106412,11.297786809106412,38002.99,30411727.0
2023-03-08,600903.SH,600903.SH,11.254880560992898,11.369288495539204,11.211977585538031,11.354987503720917,23447.49,18552508.0
2023-03-09,600903.SH,600903.SH,11.397885235865772,11.698205925894857,11.369283265386812,11.626700999697457,88736.98,72037359.0
2023-03-10,600903.SH,600903.SH,11.683904653933782,11.841215487707675,11.62670071437964,11.65530268415671,81197.52,66588719.0
2023-03-13,600903.SH,600903.SH,11.741108593487928,11.784011548153535,11.583797759714031,11.65530268415671,42599.8,34746009.0
2023-03-14,600903.SH,600903.SH,11.741109305070264,11.841216205357098,11.59809944751764,11.798313248091313,66073.27,54280085.0
2023-03-15,600903.SH,600903.SH,11.798318996355988,11.912726938138833,11.683911054573143,11.741115025464566,44016.78,36257416.0
2023-03-16,600903.SH,600903.SH,11.741120031474418,12.52767496659146,11.641013039732249,12.041441006700925,147065.39,123952046.0
2023-03-17,600903.SH,600903.SH,11.941331367723262,12.02713734162307,11.81262240687355,11.869826389473422,101887.13,84757411.0
2023-03-20,600903.SH,600903.SH,12.012833134765328,12.255949995826056,11.726813298223295,11.769716273704603,109533.98,91378332.0
2023-03-21,600903.SH,600903.SH,11.812624020500904,11.812624020500904,11.641012049258762,11.683915042069296,52464.36,42895902.0
2023-03-22,600903.SH,600903.SH,11.755419567388895,11.769720564429514,11.612409596982701,11.626710594023324,43098.67,35142834.0
2023-03-23,600903.SH,600903.SH,11.655313600352553,11.655313600352553,11.483701620960858,11.526604615808782,50751.79,40956988.0
2023-03-24,600903.SH,600903.SH,11.555208576759188,11.555208576759188,11.440800571048701,11.440800571048701,39665.0,31805143.0
2023-03-27,600903.SH,600903.SH,11.440800571048703,11.469402572476325,11.326392565338216,11.369295567479648,41298.4,32889814.0
2023-03-28,600903.SH,600903.SH,11.44080178209235,11.583811804368505,11.383597773181888,11.483704788775196,42597.2,34299644.0
2023-03-29,600903.SH,600903.SH,11.483704086586876,11.512306089293196,11.21198506087685,11.22628606223001,50507.0,39967836.0
2023-03-30,600903.SH,600903.SH,11.197686620620429,11.254890639116573,11.083278583628138,11.254890639116573,32675.0,25537034.0
2023-03-31,600903.SH,600903.SH,11.183386857027836,11.340697925349199,11.183386857027836,11.340697925349199,20373.33,16091467.0
2023-04-03,600903.SH,600903.SH,11.340697925349199,11.426503962615397,11.312095912927134,11.340697925349199,22503.07,17876843.0
2023-04-04,600903.SH,600903.SH,11.312100209209083,11.355003244136551,11.154789081141699,11.18339110442668,29275.8,22967493.0
2023-04-06,600903.SH,600903.SH,11.183387571329872,11.297795628325575,11.16908656420541,11.22629059270326,22711.0,17839801.0
2023-04-07,600903.SH,600903.SH,11.226295714965127,11.283499769563676,11.183392674016218,11.283499769563676,18587.6,14607346.0
2023-04-10,600903.SH,600903.SH,11.283502869267078,11.283502869267078,11.140492693484227,11.140492693484227,27625.6,21606639.0
2023-04-11,600903.SH,600903.SH,11.14049371278188,11.183396769442146,11.083289637234863,11.097590656121618,20389.2,15861060.0
2023-04-12,600903.SH,600903.SH,11.126189147242444,11.169092190226669,11.111888132914368,11.126189147242444,17718.6,13795838.0
2023-04-13,600903.SH,600903.SH,11.140485859232887,11.269194938479481,11.111883841622534,11.18338888564842,25404.08,19890207.0
2023-04-14,600903.SH,600903.SH,11.183383781435031,11.226286788269181,11.140480774600881,11.15478177687893,19323.32,15095048.0
2023-04-17,600903.SH,600903.SH,11.15477724701831,11.269185218782601,11.15477724701831,11.269185218782601,20703.23,16254796.0
2023-04-18,600903.SH,600903.SH,11.283487827179739,11.283487827179739,11.197681836098525,11.21198283461206,17882.2,14051540.0
2023-04-19,600903.SH,600903.SH,11.226278760401707,11.269181736556108,11.140472808092904,11.140472808092904,16016.8,12551119.0
2023-04-20,600903.SH,600903.SH,11.12617593577129,11.169078927811537,10.954563967610293,10.968864964957042,29475.2,22714046.0
2023-04-21,600903.SH,600903.SH,11.383593565282029,11.383593565282029,11.083272629514537,11.097573626455846,48943.23,38386209.0
2023-04-24,600903.SH,600903.SH,11.169078840565803,11.26918582121108,10.954563882040212,11.140476846095725,45686.63,35564949.0
2023-04-25,600903.SH,600903.SH,11.126180244917293,11.369297293970757,10.983170216062316,11.111879242031796,38671.92,30200064.0
2023-04-26,600903.SH,600903.SH,11.11187918512076,11.226287207618787,10.954568154185976,11.169083196369774,27229.99,21238443.0
2023-04-27,600903.SH,600903.SH,11.169080124517995,11.28348811555019,11.126177127880924,11.28348811555019,31454.14,24728893.0
2023-04-28,600903.SH,600903.SH,11.283484952754279,11.354989927106336,11.240581968143047,11.326387937365514,30181.07,23855188.0
2023-05-04,600903.SH,600903.SH,11.354992659133988,11.412196652378995,11.283487667577727,11.412196652378995,50050.8,39752282.0
2023-05-05,600903.SH,600903.SH,11.426499170400099,11.426499170400099,11.297790168480699,11.397897169973565,38078.1,30230987.0
2023-05-08,600903.SH,600903.SH,11.412193499612613,11.512300460135531,11.369290516531363,11.42649449397303,32983.7,26356938.0
2023-05-09,600903.SH,600903.SH,11.455090878240842,11.483692852968035,11.312081004604877,11.312081004604877,36591.3,29123383.0
2023-05-10,600903.SH,600903.SH,11.340677945384519,11.354978926400136,11.254872059290815,11.340677945384519,24946.5,19726112.0
2023-05-11,600903.SH,600903.SH,11.369283445457347,11.641002169311045,11.326380489059394,11.62670118384506,71413.04,57727794.0
2023-05-12,600903.SH,600903.SH,11.626700614606326,11.726807507967019,11.540894706011445,11.68390455366958,61260.38,49912375.0
2023-05-15,600903.SH,600903.SH,11.669604809151489,11.841216644580186,11.598099877722865,11.841216644580186,66727.0,54816579.0
2023-05-16,600903.SH,600903.SH,11.841216644580186,12.098634397723236,11.798313685723013,11.841216644580186,82118.99,68495633.0
2023-05-17,600903.SH,600903.SH,11.812612454478181,11.89841835608456,11.669602618467549,11.884117372483498,51271.78,42359838.0
2023-05-18,600903.SH,600903.SH,11.927014652595588,12.041422467008974,11.826907814983873,11.94131562939726,47232.12,39415362.0
2023-05-19,600903.SH,600903.SH,11.969913106915627,12.012816021277333,11.841204363830512,11.855505335284413,54986.34,45813481.0
2023-05-22,600903.SH,600903.SH,11.869803074718767,11.927006944958375,11.812599204479158,11.869803074718767,35078.6,29089359.0
2023-05-23,600903.SH,600903.SH,11.898399654108823,11.941302537477004,11.755390042881555,11.755390042881555,40979.27,33931612.0
2023-05-24,600903.SH,600903.SH,11.741090141320527,11.841196878213635,11.683886291667319,11.726789178907223,33383.2,27475229.0
2023-05-25,600903.SH,600903.SH,11.712488216493924,12.899468096797948,11.68388629166732,12.899468096797948,311463.62,275166740.0
2023-05-26,600903.SH,600903.SH,13.099678424433229,14.157949388852508,12.313125680608088,13.4572023988992,524675.29,476323392.0
2023-05-29,600903.SH,600903.SH,13.14258556418244,14.715691562071525,12.813663400987453,14.32956554440784,552324.37,527708274.0
2023-05-30,600903.SH,600903.SH,13.614521203541244,14.043550233064604,13.256997012271778,13.385705721128785,462402.68,441512056.0
2023-05-31,600903.SH,600903.SH,13.228390553424546,13.299895367226842,12.656352043006187,12.713555894048024,379756.13,342668131.0
2023-06-01,600903.SH,600903.SH,12.613444135382085,12.799356577286808,12.413230736407765,12.470434564686144,257636.81,226547393.0
2023-06-02,600903.SH,600903.SH,12.441826666960383,12.541933318303743,12.341720015617026,12.370321916000842,172145.23,149595597.0
2023-06-05,600903.SH,600903.SH,12.370325951313953,12.813655551881276,12.25591831245787,12.713548867882203,252467.64,221516557.0
2023-06-06,600903.SH,600903.SH,12.642048576175934,12.684951455959336,12.084311138991701,12.341728417692119,256073.43,221161529.0
2023-06-07,600903.SH,600903.SH,12.313123048414553,12.341724960257562,12.05570584182749,12.098608709592002,125520.99,106470535.0
2023-06-08,600903.SH,600903.SH,12.170111089458834,12.270217761170011,12.084305370849252,12.18441204256043,97953.87,83427815.0
2023-06-09,600903.SH,600903.SH,12.184411112008673,12.213013016027473,11.926993975839476,11.984197783877077,123377.81,103722573.0
2023-06-12,600903.SH,600903.SH,11.998495515386816,12.09860215258313,11.955592670874108,12.041398359899521,95975.01,80723927.0
2023-06-13,600903.SH,600903.SH,12.01279808261091,12.055700932905948,11.812584781234062,11.884089531725794,111281.04,92590535.0
2023-06-14,600903.SH,600903.SH,11.969889541239935,11.998491427837882,11.82688010825021,11.94128765464199,80052.84,66582216.0
2023-06-15,600903.SH,600903.SH,11.998493054991785,12.141502507375478,11.855483602608091,12.12720156213711,132998.75,111744550.0
2023-06-16,600903.SH,600903.SH,12.198706517412642,12.384618809002754,12.098599898864123,12.18440557190571,164319.25,140716308.0
2023-06-19,600903.SH,600903.SH,12.041399191235403,12.356020072716612,11.969894445444217,12.09860298786835,138365.67,117438037.0
2023-06-20,600903.SH,600903.SH,12.098599204305236,12.098599204305236,11.798279365900495,11.798279365900495,123605.96,102894831.0
2023-06-21,600903.SH,600903.SH,11.755377958466042,11.941290261945431,11.726776065623056,11.783979851309024,89735.19,74190558.0
2023-06-26,600903.SH,600903.SH,11.62667288561171,12.570535629093099,11.62667288561171,12.356021369210968,270264.24,230959665.0
2023-06-27,600903.SH,600903.SH,12.356022723295503,12.785051290076595,12.098605583226847,12.52763415000794,275643.24,239995446.0
2023-06-28,600903.SH,600903.SH,12.527632477734565,13.028165738831266,12.37032202424703,12.427525825515225,265807.05,234979515.0
2023-06-29,600903.SH,600903.SH,12.541936585158995,12.61344135474371,12.270218460737079,12.441829907740393,160137.92,139348746.0
2023-06-30,600903.SH,600903.SH,12.38462766699617,12.513336268616223,12.341724799789487,12.37032671126061,114078.53,99023528.0
2023-07-03,600903.SH,600903.SH,12.44183354702572,12.613445044226076,12.356027798425544,12.541940253725928,109506.19,95613650.0
2023-07-04,600903.SH,600903.SH,12.51334159560705,12.541943519254152,12.298827168253787,12.413234862842193,101064.08,87533558.0
2023-07-05,600903.SH,600903.SH,12.370337488053073,12.441842329024475,12.270230710693104,12.327434583470227,66155.92,57101629.0
2023-07-06,600903.SH,600903.SH,12.37034064462195,12.61345716596134,12.341738700934963,12.441845503839415,116491.36,101630754.0
2023-07-07,600903.SH,600903.SH,12.427544531995922,12.570554250430858,12.327437729091466,12.441845503839415,91708.02,79752109.0
2023-07-10,600903.SH,600903.SH,12.484748704084797,12.7993700918166,12.384641898897405,12.541952592763307,120556.12,105570596.0
2023-07-11,600903.SH,600903.SH,12.541946343386236,12.541946343386236,12.298829937642148,12.45614055312362,83589.16,72561978.0
2023-07-12,600903.SH,600903.SH,12.48474645301407,12.513348392196233,12.327435787512174,12.413241605058662,73007.19,63321608.0
2023-07-13,600903.SH,600903.SH,12.356036816698465,12.570551344766145,12.356036816698465,12.42754165938769,80665.28,70154471.0
2023-07-14,600903.SH,600903.SH,12.441848740719593,12.441848740719593,12.241635082822958,12.341741911771276,69798.18,60091440.0
2023-07-17,600903.SH,600903.SH,12.32743492143743,12.42754170154191,12.170124266987532,12.42754170154191,60055.2,51730083.0
2023-07-18,600903.SH,600903.SH,12.398936862790832,12.556247480427162,12.227325279914835,12.52764554994783,89181.71,77564692.0
2023-07-19,600903.SH,600903.SH,12.484740043782638,12.656351590776213,12.441837157034243,12.584846779528892,72240.44,63419623.0
2023-07-20,600903.SH,600903.SH,12.642054111985017,12.642054111985017,12.44184058532462,12.45614155151465,62285.61,54652103.0
2023-07-21,600903.SH,600903.SH,12.470442517704678,12.556248314844845,12.284529957234309,12.45614155151465,53945.02,46935389.0
2023-07-24,600903.SH,600903.SH,12.456140930152603,12.456140930152603,12.298830309909572,12.32743224086285,40534.4,35035341.0
2023-07-25,600903.SH,600903.SH,12.398931347859854,12.45613518337478,12.327426553466198,12.398931347859854,48872.08,42346442.0
2023-07-26,600903.SH,600903.SH,12.413232150149643,12.570542695831262,12.356028315356328,12.470435984942961,61384.52,53473020.0
2023-07-27,600903.SH,600903.SH,12.470441235652851,12.541946059251776,12.413237376773708,12.499043165092422,60731.58,53052691.0
2023-07-28,600903.SH,600903.SH,12.427540518786902,12.642055027166423,12.356035682660396,12.570550191039915,76619.71,67008632.0
2023-07-31,600903.SH,600903.SH,12.584857303047292,12.813672890375425,12.556255354631274,12.799371916167415,105732.17,93905294.0
2023-08-01,600903.SH,600903.SH,12.856571723575223,13.099688207780762,12.656358148347133,12.813668814597776,101118.26,90361560.0
2023-08-02,600903.SH,600903.SH,12.813672550701668,12.813672550701668,12.527653074123505,12.55625502178132,81843.36,72174680.0
2023-08-03,600903.SH,600903.SH,12.484748955468957,12.627758680044774,12.456147010553794,12.527651872841702,45405.6,39827017.0
2023-08-04,600903.SH,600903.SH,12.541953831256269,12.627759672747189,12.356041174692608,12.370342148274428,80982.07,70495246.0
2023-08-07,600903.SH,600903.SH,12.370343532470546,12.370343532470546,12.084324028829608,12.141527929557796,65232.2,55498929.0
2023-08-08,600903.SH,600903.SH,12.141529728827395,12.255937547238018,12.084325819622082,12.255937547238018,49468.19,42160857.0
2023-08-09,600903.SH,600903.SH,12.241642430294622,12.241642430294622,12.098632588819218,12.098632588819218,34208.8,29064437.0
2023-08-10,600903.SH,600903.SH,12.35605240042011,13.314218500915649,12.35605240042011,13.31421850091565,398924.91,363784319.0
2023-08-11,600903.SH,600903.SH,13.786147618655866,14.28668202389752,13.31421517942802,13.471525992503967,713704.78,682089890.0
2023-08-14,600903.SH,600903.SH,13.457228854418492,13.47152984151139,12.956694306167007,13.114005164188903,426456.14,391153367.0
2023-08-15,600903.SH,600903.SH,13.113999716832913,13.185504622595362,12.813679112630632,13.013892848765485,310237.91,281450515.0
2023-08-16,600903.SH,600903.SH,13.128302155066498,13.371418861641803,12.87088446575147,12.885185448491193,324390.72,296655911.0
2023-08-17,600903.SH,600903.SH,12.756477520205431,12.827982439040664,12.112933250688341,12.541962763699733,313024.6,270828270.0
2023-08-18,600903.SH,600903.SH,12.49906261774313,13.328519862398853,12.34175176099808,12.870888279140523,437261.81,395387372.0
2023-08-21,600903.SH,600903.SH,12.556270642360342,13.743252946820375,12.513367667500344,13.214116256880363,425906.77,387356627.0
2023-08-22,600903.SH,600903.SH,12.985304014765118,13.128313970874867,12.584876137657826,12.913799036710243,296931.87,266801746.99999997
2023-08-23,600903.SH,600903.SH,12.856594370563023,12.985303324217158,12.370360545647403,12.370360545647403,209609.94,184792411.0
2023-08-24,600903.SH,600903.SH,12.298861950777368,12.298861950777368,11.798326871385266,11.855530880458648,217268.57,181241063.0
2023-08-25,600903.SH,600903.SH,11.72682723722039,12.155857501996746,11.683924210742754,11.72682723722039,150648.67,125297909.0
2023-08-28,600903.SH,600903.SH,12.241661789327466,12.241661789327466,11.84123359995694,11.898437627009873,177734.37,149575468.0
2023-08-29,600903.SH,600903.SH,11.955646087209189,12.370375437124341,11.92704406307711,12.341773412992262,179869.38,152961000.0
2023-08-30,600903.SH,600903.SH,12.213060883007547,12.284565923306188,12.041448786290815,12.098652818529727,132046.5,111953727.0
2023-08-31,600903.SH,600903.SH,12.09865728126634,12.170162347940488,11.912744107913545,11.941346134583204,95122.66,79677479.0
2023-09-01,600903.SH,600903.SH,11.898446869642916,12.370380459424426,11.869844833898583,12.170166209214088,166991.9,141421172.0
2023-09-04,600903.SH,600903.SH,12.127266699186704,12.456190206358043,12.08436363303392,12.284577941746909,140335.56,120415849.0
2023-09-05,600903.SH,600903.SH,12.21307636573038,12.398989706192319,12.112969182404724,12.255979444298521,140646.92,120276691.0
2023-09-06,600903.SH,600903.SH,12.198777389393967,12.35608870391136,12.098670189246539,12.170175332208988,92249.8,78615598.0
2023-09-07,600903.SH,600903.SH,12.127276221159505,12.155878287718842,11.955663821803473,11.955663821803473,83674.6,70460224.0
2023-09-08,600903.SH,600903.SH,11.927067498430008,12.098679980421808,11.88416437793206,11.998572699259926,55235.19,46212507.0
2023-09-11,600903.SH,600903.SH,12.012873073618048,12.141582427978241,11.898464758631208,12.127281388604887,76155.99,64253064.0
2023-09-12,600903.SH,600903.SH,12.09867908049933,12.170184276010554,12.027173884988104,12.070077002294838,54577.97,46136453.0
2023-09-13,600903.SH,600903.SH,12.112984128625726,12.227392479309323,11.98427473410668,12.098683084790277,71792.5,60767259.0
2023-09-14,600903.SH,600903.SH,12.127281598103439,12.298894073548299,12.055776400001413,12.227388875446275,133141.79,113476851.0
2023-09-15,600903.SH,600903.SH,12.227384881940408,12.298890056688595,11.969966252846923,12.041471427595114,104852.13,88769332.0
2023-09-18,600903.SH,600903.SH,11.984271495795516,12.08437877559333,11.869863176026586,12.055776695651097,55260.33,46357757.0
2023-09-19,600903.SH,600903.SH,12.055771455861224,12.184480759660454,11.998567320839346,12.141577658394047,67424.34,57153528.0
2023-09-20,600903.SH,600903.SH,12.141582816391239,12.141582816391239,11.955669298590195,11.984271378251895,53088.66,44606962.0
2023-09-21,600903.SH,600903.SH,11.955666393202758,11.998569502269277,11.769752920581185,11.769752920581185,67247.74,55740828.0
2023-09-22,600903.SH,600903.SH,11.698243082082602,11.869855450034915,11.698243082082602,11.855554419372222,46564.2,38409971.0
2023-09-25,600903.SH,600903.SH,11.855559797884872,12.027172243692617,11.798355649282293,11.884161872186166,54983.8,45774554.0
2023-09-26,600903.SH,600903.SH,11.898458518918408,12.112973997023909,11.769749232055108,11.898458518918408,58591.91,48835922.0
2023-09-27,600903.SH,600903.SH,11.884160219689305,11.984267465823871,11.869859184527224,11.941364360337626,42153.77,35223859.0
2023-09-28,600903.SH,600903.SH,12.084369160832244,12.17017533238845,11.969960932090636,12.141573275203049,83230.09,70450469.0
2023-10-09,600903.SH,600903.SH,12.184471204362197,12.313180407225179,12.155869159281536,12.198772226902529,92005.13,78631688.0
2023-10-10,600903.SH,600903.SH,12.298875236713734,12.541992537904585,12.127263024108426,12.127263024108426,122010.4,105163501.0
2023-10-11,600903.SH,600903.SH,12.155870423281662,12.227375543418614,11.912753014816028,11.92705403884342,98110.62,82264464.0
2023-10-12,600903.SH,600903.SH,11.969956623526139,12.027160717306433,11.841247412520481,11.941354576635993,62591.37,52230656.0
2023-10-13,600903.SH,600903.SH,11.955655888169149,12.027161007117531,11.81264565027239,11.869849745431095,63231.67,52670394.0
2023-10-16,600903.SH,600903.SH,11.98425443567317,12.270274827932672,11.941351376834245,12.241672788706724,195908.74,166898693.0
2023-10-17,600903.SH,600903.SH,12.198764618002386,12.198764618002386,11.941346372839382,12.012851440940217,94464.74,79333806.0
2023-10-18,600903.SH,600903.SH,12.012845581012687,12.041447594300811,11.669621421555181,11.72682544813143,106237.4,87703090.0
2023-10-19,600903.SH,600903.SH,11.61241420555093,11.61241420555093,11.354996156659409,11.455103175672777,81765.17,65568206.00000001
2023-10-20,600903.SH,600903.SH,11.455098147996571,11.540904126633249,11.312088183602107,11.469399144436016,40387.63,32329382.0
2023-10-23,600903.SH,600903.SH,11.383590519804503,11.526600450957826,11.111871650613189,11.197677609305183,59127.79,46622269.0
2023-10-24,600903.SH,600903.SH,11.154775462405055,11.526601311151891,11.111872479857343,11.497999322786749,70398.0,56167020.0
2023-10-25,600903.SH,600903.SH,11.598109890364475,11.712517879418625,11.512303898573863,11.583808891732705,62834.09,51094708.0
2023-10-26,600903.SH,600903.SH,11.526600235711003,11.69821214989032,11.48369725716617,11.669610164193768,45343.2,36755909.0
2023-10-27,600903.SH,600903.SH,11.66961151719205,11.855524445774765,11.641009528179326,11.841223451268403,60885.3,50199970.0
2023-10-30,600903.SH,600903.SH,11.72681012631402,11.912722969779974,11.72681012631402,11.869820005903218,59085.05,48941364.0
2023-10-31,600903.SH,600903.SH,11.841214864653704,11.855515848789759,11.712506007429207,11.76970994397343,44770.6,36809345.0
2023-11-01,600903.SH,600903.SH,11.798307993724073,11.8555119112694,11.683900158633415,11.841210931883069,41796.06,34457386.0
2023-11-02,600903.SH,600903.SH,11.841212201099344,11.855513182018544,11.68390141098812,11.741105334664931,36814.88,30268042.0
2023-11-03,600903.SH,600903.SH,11.726803726796284,11.826910587878693,11.698201766487026,11.769706667260175,35057.01,28856050.0
2023-11-06,600903.SH,600903.SH,11.784011509400505,11.912720372974054,11.74110855487599,11.912720372974054,66617.5,55224137.0
2023-11-07,600903.SH,600903.SH,11.912719899905737,11.912719899905737,11.78401104144337,11.884117931358544,49792.71,41255814.0
2023-11-08,600903.SH,600903.SH,11.855521654032437,11.91272561858748,11.755414716061114,11.826919671754915,77698.6,64201046.0
2023-11-09,600903.SH,600903.SH,11.769715105827538,11.841220057867801,11.726812134603378,11.755414115419486,46835.07,38521140.0
2023-11-10,600903.SH,600903.SH,11.755413264969455,12.25594789303993,11.683908318102244,12.25594789303993,257810.68,217765960.0
2023-11-13,600903.SH,600903.SH,12.298854268758053,12.313155262093817,12.141543342064637,12.284553275422287,196232.39,167934100.0
2023-11-14,600903.SH,600903.SH,12.227354789264249,12.270257788524825,12.055742792221942,12.141548790743096,108374.14,91753369.0
2023-11-15,600903.SH,600903.SH,12.18445702416958,12.213059035963404,12.041446965200453,12.18445702416958,100639.0,85382994.0
2023-11-16,600903.SH,600903.SH,12.127257661590201,12.170160695770354,12.041451593229892,12.055752604623278,58606.03,49545484.0
2023-11-17,600903.SH,600903.SH,12.027144831577532,12.141552868025357,11.941338804241663,12.084348849801444,66751.0,56155719.0
2023-11-20,600903.SH,600903.SH,12.027139642561142,12.11294563287668,11.969935649017449,12.098644634490759,59894.4,50454809.0
2023-11-21,600903.SH,600903.SH,12.098645840049658,12.184451838915255,12.027140840994988,12.055742840616855,81704.32,69265466.0
2023-11-22,600903.SH,600903.SH,12.070043336909867,12.112946334552912,11.96993634240943,11.998538340838127,49005.8,41182660.0
2023-11-23,600903.SH,600903.SH,12.012834918758942,12.127242870366171,11.984232930857136,12.084339888513458,54756.8,46137542.0
2023-11-24,600903.SH,600903.SH,12.05573460356086,12.127239553759916,11.94132668324237,12.027132623481236,58909.27,49577663.0
2023-11-27,600903.SH,600903.SH,12.012830905823359,12.112937830038554,11.95562694912896,12.041432884170558,53601.8,45081292.0
2023-11-28,600903.SH,600903.SH,12.055728953223648,12.070029936560806,11.798311253154816,11.984224036537864,57976.6,48276157.0
2023-11-29,600903.SH,600903.SH,11.941323192121654,11.969925163839312,11.826915305251028,11.841216291109856,49869.07,41391327.0
2023-11-30,600903.SH,600903.SH,11.826910880793504,11.969920685881696,11.76970695875823,11.92701774435524,51577.72,42879721.0
2023-12-01,600903.SH,600903.SH,11.92701823117229,11.969921174449889,11.855513325709627,11.912717250079758,43507.4,36216618.0
2023-12-04,600903.SH,600903.SH,11.869818632242968,11.912721591154687,11.784012714419523,11.812614687027336,36839.82,30471509.0
2023-12-05,600903.SH,600903.SH,11.784009914258085,11.79831089716374,11.540893204861986,11.555194187767638,57211.2,46705029.0
2023-12-06,600903.SH,600903.SH,11.555191334633271,11.626696231506003,11.52658937588418,11.583793293382364,38114.2,30856477.0
2023-12-07,600903.SH,600903.SH,11.52659252209964,11.555194488655719,11.426485639153366,11.52659252209964,36277.12,29135496.0
2023-12-08,600903.SH,600903.SH,11.612403500408956,11.869821311994377,11.58380152134391,11.641005479474003,91082.68,74576903.0
2023-12-11,600903.SH,600903.SH,11.726811135450642,12.127238832758716,11.6410052003132,11.92702498410468,148328.18,123141166.0
2023-12-12,600903.SH,600903.SH,11.927026448071645,11.941327439016574,11.698210592952764,11.884123475236855,95578.61,78884181.0
2023-12-13,600903.SH,600903.SH,11.86982735686822,12.112944302731785,11.855526360052712,11.98423533139225,135037.34,113681438.0
2023-12-14,600903.SH,600903.SH,12.384659027399241,12.513367954935724,12.041435220635291,12.270251091811259,260516.1,223706048.0
2023-12-15,600903.SH,600903.SH,12.27025126585737,12.413261187370859,12.01283340713309,12.098639360041185,146152.68,124623705.0
2023-12-18,600903.SH,600903.SH,12.027133487692346,12.055735469827168,11.655307719939671,11.6982106931419,111163.07,91977517.0
2023-12-19,600903.SH,600903.SH,11.84122045870301,11.941327394948082,11.555200640859942,11.66960856799717,74079.92,60516293.0
2023-12-20,600903.SH,600903.SH,11.669612316328156,11.683913311813852,11.354990415642838,11.397893402099925,82443.8,66344331.00000001
2023-12-21,600903.SH,600903.SH,11.312088739906205,11.397894722762636,11.183379765621558,11.35499173133442,58132.37,45918108.0
2023-12-22,600903.SH,600903.SH,11.369290253137477,11.469397211341201,11.22628031284644,11.297785282991958,56077.79,44465368.0
2023-12-25,600903.SH,600903.SH,11.283479527390199,11.283479527390199,11.111867671460312,11.183372611431098,41782.19,32645835.0
2023-12-26,600903.SH,600903.SH,11.226276585489778,11.254878564051536,11.08326669268099,11.126169660523628,36259.8,28253995.0
2023-12-27,600903.SH,600903.SH,11.09756768196187,11.154771639085384,10.99746075699572,11.126169660523628,34510.83,26722109.0
2023-12-28,600903.SH,600903.SH,11.083261976998095,11.283475741743866,11.011757061017462,11.226271808959359,51409.0,40198778.0
2023-12-29,600903.SH,600903.SH,11.240577920933946,11.297781879819107,11.169072972327495,11.283480890097815,42176.4,33181309.0
2024-01-02,600903.SH,600903.SH,11.283482530553318,11.369288481356005,11.226278563351526,11.312084514154213,41927.4,33194885.000000004
2024-01-03,600903.SH,600903.SH,11.297781011735205,11.369285954847452,11.254878045867857,11.326382988980104,31687.4,25036775.0
2024-01-04,600903.SH,600903.SH,11.312077839591861,11.340679806316492,11.169068005968702,11.197669972693333,32763.4,25724824.0
2024-01-05,600903.SH,600903.SH,11.140463883491549,11.226269767061444,10.983153096946738,11.011755058136705,44099.99,34201396.0
2024-01-08,600903.SH,600903.SH,10.96885695555122,11.011759916263935,10.697138204370681,10.697138204370681,45274.8,34259558.0
2024-01-09,600903.SH,600903.SH,10.697136223419161,10.911650987257781,10.682835239163254,10.811544097466424,31224.4,23584783.0
2024-01-10,600903.SH,600903.SH,10.811541492275074,10.883046396324513,10.582725799316872,10.682832664986085,45764.4,34288265.0
2024-01-11,600903.SH,600903.SH,10.654230021495545,10.754336880757918,10.61132708181167,10.72573492096867,32204.6,24084626.0
2024-01-12,600903.SH,600903.SH,10.725738486705012,10.825845379247593,10.711437502056071,10.754340456002891,27434.0,20695921.0
2024-01-15,600903.SH,600903.SH,10.725734622597903,10.968851274043455,10.69713266360431,10.797239520081888,36168.6,27326883.0
2024-01-16,600903.SH,600903.SH,10.740030726875284,10.754331699880446,10.411108347756603,10.554118077808203,57125.0,42158483.0
2024-01-17,600903.SH,600903.SH,10.496916363570588,10.568421243431423,10.311003675932417,10.339605627876752,33600.0,24548392.0
2024-01-18,600903.SH,600903.SH,10.339606931068044,10.353907908842688,9.996383464476573,10.325305953293398,53477.49,37899897.0
2024-01-19,600903.SH,600903.SH,10.311007567670844,10.339609530410568,10.196599716711944,10.23950266082153,24606.29,17671617.0
2024-01-22,600903.SH,600903.SH,10.253805192184966,10.353912076906438,9.753270768577613,9.839076669767444,47687.24,33519341.999999996
2024-01-23,600903.SH,600903.SH,9.824775686235805,9.910581587425638,9.610260933261223,9.839076669767444,41518.3,28369947.0
2024-01-24,600903.SH,600903.SH,9.924883932084029,10.03929181602736,9.653165207718615,10.010689845041528,51121.0,35300043.0
2024-01-25,600903.SH,600903.SH,10.010692637423631,10.268110448100238,9.982090658459564,10.253809458618205,48684.46,34645318.0
2024-01-26,600903.SH,600903.SH,10.239507445185325,10.525527206224021,10.19660448102952,10.439721277912412,50015.8,36414390.0
2024-01-29,600903.SH,600903.SH,10.46832752379651,10.482628517681478,10.168006652212185,10.168006652212185,49025.47,35245716.0
2024-01-30,600903.SH,600903.SH,10.024995493914531,10.311015336822223,10.024995493914531,10.110801446786839,43314.74,30880136.0
2024-01-31,600903.SH,600903.SH,10.067902600393706,10.196611582501012,9.753280644131404,9.796183638167172,61437.4,42705718.0
2024-02-01,600903.SH,600903.SH,9.681773775518304,9.824783727889328,9.481559842198871,9.581666808858587,47479.2,32009569.0
2024-02-02,600903.SH,600903.SH,9.610270866057265,9.710377854245362,9.02392993524127,9.309949901492976,66112.4,43523380.0
2024-02-05,600903.SH,600903.SH,9.22413964637332,9.238440638073124,8.437585102884123,8.938119812377249,83164.78,51406997.0
2024-02-06,600903.SH,600903.SH,8.795109895379213,9.467256505269981,8.580595019882157,9.338547579971749,74013.33,46721732.0
2024-02-07,600903.SH,600903.SH,9.28134720376532,9.824785098592873,9.2098422176038,9.796183104128264,92791.4,62718540.0
2024-02-08,600903.SH,600903.SH,9.881985503016802,10.210908320049198,9.738975582567933,10.053597407555444,82535.5,57910704.0
2024-02-19,600903.SH,600903.SH,10.225204460929442,10.253806431449524,9.95348574098866,10.067893623068988,67520.3,47529888.0
2024-02-20,600903.SH,600903.SH,10.110793797655784,10.110793797655784,9.853376133783359,9.982084965719572,43349.2,30149899.0
2024-02-21,600903.SH,600903.SH,9.953486377609751,10.225205114929558,9.867680460561393,10.039292294658111,55820.7,39446145.0
2024-02-22,600903.SH,600903.SH,10.053598243457607,10.153705196095164,9.967792284053985,10.08220022992548,42003.96,29569320.0
2024-02-23,600903.SH,600903.SH,10.110803431977779,10.139405421884362,9.982094477398146,10.110803431977779,48495.9,34071856.0
2024-02-26,600903.SH,600903.SH,10.082198487684996,10.153703441498363,10.0249945246343,10.053596506159648,56567.7,39909183.0
2024-02-27,600903.SH,600903.SH,10.024996498613529,10.168006434399743,9.967792524299044,10.168006434399743,54530.0,38554792.0
2024-02-28,600903.SH,600903.SH,10.168011188272883,10.339623191450485,9.89629218324168,9.91059318350648,80110.5,56821297.0
2024-02-29,600903.SH,600903.SH,9.896291851985037,10.368224844926521,9.867689852412827,10.253816846637676,98519.7,69799712.0
2024-03-01,600903.SH,600903.SH,10.296714668712701,10.339617646499004,10.110801764972054,10.182306727949225,73861.11,52717277.0
2024-03-04,600903.SH,600903.SH,10.153704856525357,10.225209820303705,9.996393936212993,10.210908827548035,55458.8,39168129.0
2024-03-05,600903.SH,600903.SH,10.210909262054793,10.210909262054793,10.039297341684124,10.082200321776792,37793.4,26699996.0
2024-03-06,600903.SH,600903.SH,10.06789975143355,10.325317642805432,10.024996769538237,10.210909691084595,70678.92,50584509.0
2024-03-07,600903.SH,600903.SH,10.19660542732092,10.282411363595712,10.139401469804394,10.168003448562658,48798.35,34847980.0
2024-03-08,600903.SH,600903.SH,10.210910613555656,10.210910613555656,10.053599665727768,10.125104642013172,32849.8,23222027.0
2024-03-11,600903.SH,600903.SH,10.139406994847576,10.268115969394302,10.096504003332,10.253814972222443,56154.3,40037992.0
2024-03-12,600903.SH,600903.SH,10.239512951099188,10.296716934066222,10.182308968132153,10.296716934066222,54628.8,39139226.0
2024-03-13,600903.SH,600903.SH,10.282413646978295,10.282413646978295,10.153704713984128,10.268112654423387,45278.6,32364913.0
2024-03-14,600903.SH,600903.SH,10.253806678172307,10.382515548609616,10.18230175015158,10.239505692568162,44499.8,32001735.0
2024-03-15,600903.SH,600903.SH,10.239500840791361,10.39681160789849,10.167995946651757,10.38251062907057,57407.29,41408824.0
2024-03-18,600903.SH,600903.SH,10.382514326951068,10.454019246558168,10.353912359108227,10.439718262636747,54436.9,39579641.0
2024-03-19,600903.SH,600903.SH,10.4111195976308,10.582731459130208,10.311012678422811,10.368216632255947,67260.4,49121795.0
2024-03-20,600903.SH,600903.SH,10.35391956034072,10.439725523547963,10.325317572604972,10.396822541944342,39448.34,28625419.0
2024-03-21,600903.SH,600903.SH,10.396817817421391,10.439720779529045,10.26810893109843,10.353914855313738,38244.25,27676425.0
2024-03-22,600903.SH,600903.SH,10.368211474052684,10.396813436739725,10.12509479121283,10.182298716586912,53316.8,38114646.0
2024-03-25,600903.SH,600903.SH,10.125094214284351,10.253803039042204,10.039288331112449,10.039288331112449,41993.2,29788474.0
2024-03-26,600903.SH,600903.SH,10.024987437006104,10.08219135961384,9.796171746575151,9.953482533746431,59129.0,40950491.0
2024-03-27,600903.SH,600903.SH,9.953481004703324,10.039286875433524,9.681762414057687,9.681762414057687,46932.2,32344019.0
2024-03-28,600903.SH,600903.SH,9.73896485570849,9.86767364234781,9.696061926828719,9.839071689761296,33305.4,22810684.0
2024-03-29,600903.SH,600903.SH,9.839067612563241,9.939174405132926,9.796164701461947,9.939174405132926,28655.0,19844187.0
2024-04-01,600903.SH,600903.SH,9.967773027981229,10.125083649656686,9.93917109676751,10.096481718442966,36700.8,25814529.0
2024-04-02,600903.SH,600903.SH,10.153689773543945,10.296699488664283,10.082184915983778,10.182291716568013,54420.6,38842229.0
2024-04-03,600903.SH,600903.SH,10.125089362965603,10.940244862526393,10.125089362965603,10.582720520613766,175557.55,129002301.0
2024-04-08,600903.SH,600903.SH,10.597020040652206,10.711427814370447,10.325301578071379,10.425408380074842,136728.66,100206158.0
2024-04-09,600903.SH,600903.SH,10.46831637818189,10.525520292816763,10.339607570253424,10.396811484888296,67273.65,48988877.0
2024-04-10,600903.SH,600903.SH,10.482614760876148,10.797236213453603,10.411109885290363,10.625624512047718,161218.41,119527666.0
2024-04-11,600903.SH,600903.SH,10.482612007442668,10.868738234183395,10.253796465670387,10.725728520575718,142072.78,106098003.0
2024-04-12,600903.SH,600903.SH,10.711427549214951,10.711427549214951,10.482612007442668,10.511213950164203,83875.0,62142041.0
2024-04-15,600903.SH,600903.SH,10.468311833529418,10.525515723330125,10.19659335697606,10.32530210902765,101101.74,73365650.0
2024-04-16,600903.SH,600903.SH,10.210892013553293,10.33960073641321,9.696057122113633,9.71035809132029,90239.78,62806929.0
2024-04-17,600903.SH,600903.SH,9.796162267091585,10.35389997280921,9.767560333465042,10.339599005995938,79737.52,56737793.0
2024-04-18,600903.SH,600903.SH,10.39680302030423,10.39680302030423,10.110783679993249,10.110783679993249,62546.4,44676347.0
2024-04-19,600903.SH,600903.SH,10.11078397165047,10.554113961920857,10.053580101938161,10.411104287640088,86937.33,63261934.0
2024-04-22,600903.SH,600903.SH,10.182291825765319,10.296699599088525,9.910573364122705,10.03928210911131,82058.32,57828433.0
2024-04-23,600903.SH,600903.SH,10.010680339879292,10.110787143278085,9.839068676909932,9.86767062073816,57015.86,39641671.0
2024-04-24,600903.SH,600903.SH,9.924875220365527,9.996380085065567,9.82476840978547,9.96777813918555,35992.24,24949775.0
2024-04-25,600903.SH,600903.SH,9.89627327448551,10.03928300388559,9.881972301545503,9.96777813918555,31031.15,21645061.0
2024-04-26,600903.SH,600903.SH,9.939173026341853,10.08218271017411,9.839066247659273,10.053580773407658,53373.28,37201477.0
2024-04-29,600903.SH,600903.SH,10.053580019389099,10.296696463670202,10.01067711745714,10.296696463670202,53642.39,38299813.0
2024-04-30,600903.SH,600903.SH,10.310997430980853,10.654220646436528,10.310997430980853,10.425405169466078,84035.7,61623760.0
2024-05-06,600903.SH,600903.SH,10.597015073079053,10.72572375817718,10.439704457959122,10.582714108068151,75876.08,56171515.0
2024-05-07,600903.SH,600903.SH,10.382495477778228,10.511204099403578,10.339592603903112,10.439699309611717,74818.2,54491311.0
2024-05-08,600903.SH,600903.SH,10.439701184143361,10.525506947300704,10.32529349993357,10.353895420986019,46194.68,33633348.0
2024-05-09,600903.SH,600903.SH,10.310996170238282,10.482607756982885,10.310996170238282,10.396801963610583,49186.88,35856590.0
2024-05-10,600903.SH,600903.SH,10.425408593307125,10.482612481336245,10.325301789256164,10.439709565314404,57381.2,41755204.0
2024-05-13,600903.SH,600903.SH,10.711424386434352,11.426472743339183,10.55411374791529,11.340666940510602,332370.02,254176507.0
2024-05-14,600903.SH,600903.SH,11.011749264586982,11.39787553750107,10.883040506948953,11.169059968366795,267614.47,208667884.0
2024-05-15,600903.SH,600903.SH,11.040356620940713,11.169065441651162,10.740036039283,10.768637999440877,150235.07,114304097.0
2024-05-16,600903.SH,600903.SH,10.797242049387133,10.825844015080875,10.597028289530948,10.63993123807156,95020.61,71089301.0
2024-05-17,600903.SH,600903.SH,10.63993215456631,10.754340027196054,10.539825266015281,10.62563117048759,84507.0,62880491.0
2024-05-20,600903.SH,600903.SH,10.639931574463628,10.82584435735076,10.568426657968574,10.754339440855707,104346.9,78219034.0
2024-05-21,600903.SH,600903.SH,10.740037767433744,10.740037767433744,10.554124996492813,10.682833837913456,69117.4,51473286.0
2024-05-22,600903.SH,600903.SH,10.59703264231523,10.72574154080489,10.59703264231523,10.611333631036304,58993.8,43848185.0
2024-05-23,600903.SH,600903.SH,10.654241725379794,10.654241725379794,10.311017830870915,10.339619822079989,73284.77,53377395.0
2024-05-24,600903.SH,600903.SH,10.311016534872817,10.511230448171318,10.296715541065781,10.353919516293924,44673.4,32595528.0
2024-05-27,600903.SH,600903.SH,10.43972452368347,10.639938418658222,10.368219561192488,10.625637426160024,71739.6,52877825.0
2024-05-28,600903.SH,600903.SH,10.63994064661848,10.725746619575082,10.55413467366188,10.654241642111247,61391.8,45723810.0
2024-05-29,600903.SH,600903.SH,10.554131069107687,10.63993701275897,10.382519181805122,10.468325125456406,52608.74,38703518.0
2024-05-30,600903.SH,600903.SH,10.411122912790482,10.482627877850856,10.182307024597286,10.210909010621434,68872.8,49639975.0
2024-05-31,600903.SH,600903.SH,10.182305801582753,10.325315714526331,10.13940282769968,10.239509766760184,59097.4,42153253.0
2024-06-03,600903.SH,600903.SH,10.253813476644138,10.253813476644138,9.853385614236835,9.924890589666711,85256.49,59520049.0
2024-06-04,600903.SH,600903.SH,9.867689662933568,9.996398658537048,9.810485664887576,9.98209765902555,43973.23,30524752.0
2024-06-05,600903.SH,600903.SH,9.93919117961536,10.010696152130578,9.86768620710014,9.881987201603184,36586.59,25378816.0
2024-06-06,600903.SH,600903.SH,9.81048318370076,9.924891150857619,9.510162269914002,9.553065257597822,61718.11,41784933.0
2024-06-07,600903.SH,600903.SH,9.63938406583948,9.840804031394335,9.63938406583948,9.812029750600784,46491.77,31466254.0
2024-06-11,600903.SH,600903.SH,9.826419248201612,9.999064974377921,9.711322097417405,9.955903542833843,49470.6,33898600.0
2024-06-12,600903.SH,600903.SH,9.955906143795582,9.999067586615507,9.855196110549095,9.91274470097566,33519.6,23092353.0
2024-06-13,600903.SH,600903.SH,9.912742291327383,9.941516579546041,9.826419426671412,9.883968003108727,24990.31,17148207.0
2024-06-14,600903.SH,600903.SH,9.912742090780572,9.984677809871869,9.826419227871018,9.95590352223535,49640.4,34252901.0
2024-06-17,600903.SH,600903.SH,9.898354481841377,9.955903054410221,9.783257336703686,9.797644479845896,34325.0,23497224.0
2024-06-18,600903.SH,600903.SH,9.740098665785967,9.869582990737332,9.725711518569149,9.855195843520512,22778.6,15552523.0
2024-06-19,600903.SH,600903.SH,9.869585675844467,9.898359978106404,9.740101315665749,9.783262769058656,26058.0,17749460.0
2024-06-20,600903.SH,600903.SH,9.72571593017124,9.797651698885526,9.50990862402839,9.50990862402839,38879.0,25955587.0
2024-06-21,600903.SH,600903.SH,9.567461447516015,9.59623576765892,9.366041206515677,9.452364166944394,38332.2,25211160.0
2024-06-24,600903.SH,600903.SH,9.351654344267601,9.39481582585653,8.977588170496897,9.035136812615468,54247.6,34410837.0
2024-06-25,600903.SH,600903.SH,9.12146041794409,9.164621902571586,8.93442731789161,8.991975964061604,46488.6,29265614.0
2024-06-26,600903.SH,600903.SH,8.948814479434109,9.207783387199084,8.920040156349112,9.164621902571588,39072.4,24649638.0
2024-06-27,600903.SH,600903.SH,9.12146062292073,9.193396432249756,8.948814680531061,8.963201842396868,40687.19,25527798.0
2024-06-28,600903.SH,600903.SH,8.948813461541885,9.121459380414075,8.905651981823837,8.977587781353916,39052.8,24546587.0
2024-07-01,600903.SH,600903.SH,8.92003959409317,9.121459842992047,8.92003959409317,9.078298361085144,37333.4,23497728.0
2024-07-02,600903.SH,600903.SH,9.078302233345108,9.179012400751471,9.049527899800433,9.107076566889782,36772.8,23293940.0
2024-07-03,600903.SH,600903.SH,9.13585196071604,9.13585196071604,9.020754613179461,9.049528950063607,36395.0,22952509.0
2024-07-04,600903.SH,600903.SH,9.035137638678473,9.10707344790362,8.790555887312973,8.84810453469309,39884.58,24733239.0
2024-07-05,600903.SH,600903.SH,8.92003991090657,8.92003991090657,8.776168299440336,8.891265588613324,28449.28,17511901.0
2024-07-08,600903.SH,600903.SH,8.862490971885153,8.876878132553799,8.646683561855482,8.661070722524126,35540.58,21497735.0
2024-07-09,600903.SH,600903.SH,8.617908929708353,8.790554851505515,8.502811648510244,8.77616769135575,44071.33,26525762.0
2024-07-10,600903.SH,600903.SH,8.776170717620472,8.819332212953032,8.704234892066205,8.761783552509618,28842.0,17580332.0
2024-07-11,600903.SH,600903.SH,8.84810986474828,9.035143081401495,8.819335523724707,9.006368740377923,42983.8,26730561.0
2024-07-12,600903.SH,600903.SH,8.991981569866137,9.063917422425066,8.97759439935435,9.006368740377923,27950.6,17523287.0
2024-07-15,600903.SH,600903.SH,9.020759923321936,9.035147100233138,8.920049684943542,8.991985569499539,27963.2,17434632.0
2024-07-16,600903.SH,600903.SH,8.93443686185474,8.97759839258834,8.848113800387546,8.905662508032343,25929.22,16045746.0
2024-07-17,600903.SH,600903.SH,8.92004984397198,8.948824198307374,8.776178072295012,8.87688831246889,30682.0,18886830.0
2024-07-18,600903.SH,600903.SH,8.848109626988862,8.948819817865157,8.804948116613305,8.905658307489603,26660.1,16464051.0
2024-07-19,600903.SH,600903.SH,8.891270979870082,8.934432489481102,8.804947960648043,8.934432489481102,21368.0,13204402.0
2024-07-22,600903.SH,600903.SH,8.963211010142539,9.03514689304898,8.891275127236097,9.006372539886403,27138.78,16918714.0
2024-07-23,600903.SH,600903.SH,9.020758660378746,9.107081709760363,8.848112561615519,8.848112561615519,39084.02,24406811.0
2024-07-24,600903.SH,600903.SH,8.819338355459077,8.934435756509114,8.776176830065314,8.833725530590332,26569.74,16308786.0
2024-07-25,600903.SH,600903.SH,8.819341352321628,8.934438792482432,8.790566992281427,8.89127725242213,27090.2,16704402.999999998
2024-07-26,600903.SH,600903.SH,8.89127956073449,9.03515139828683,8.89127956073449,8.977602663265895,30801.2,19226359.0
2024-07-29,600903.SH,600903.SH,9.020760276092002,9.020760276092002,8.948824388722848,8.96321156619668,27083.22,16915586.0
2024-07-30,600903.SH,600903.SH,8.977601574187315,9.078311848256723,8.934440028157567,9.035150302226976,36739.4,23037143.0
2024-07-31,600903.SH,600903.SH,9.04954006981903,9.279735047747653,9.03515288369849,9.265347861627115,58265.56,37296619.0
2024-08-01,600903.SH,600903.SH,9.265351241439543,9.308512815545626,9.121479327752592,9.150253710489983,39360.6,25172709.0
2024-08-02,600903.SH,600903.SH,9.135866171088278,9.179027743550112,9.06393021698522,9.06393021698522,30244.4,19169682.0
2024-08-05,600903.SH,600903.SH,9.092702850029404,9.164638790298623,8.963218157544809,8.977605345598652,39508.71,24886730.0
2024-08-06,600903.SH,600903.SH,9.063927786609606,9.107089347498222,8.991991851795243,9.107089347498222,29521.8,18576318.0
2024-08-07,600903.SH,600903.SH,9.049542597968001,9.164640119086831,9.00638102754844,9.12147854866727,28753.2,18191798.0
2024-08-08,600903.SH,600903.SH,9.121477204750365,9.19341314485092,9.020766888609588,9.17902595683081,31212.4,19801930.0
2024-08-09,600903.SH,600903.SH,9.17902219256149,9.265345285281505,9.107086281961479,9.12147346408148,29986.21,19129904.0
2024-08-12,600903.SH,600903.SH,9.13586452463289,9.30851078336611,9.078315771721815,9.150251712860658,70889.4,45243991.0
2024-08-13,600903.SH,600903.SH,9.121480792368583,9.29412711651436,9.092706405010954,9.265352729156731,61264.17,39268077.0
2024-08-14,600903.SH,600903.SH,9.279736106867729,9.294123294630314,9.193412980292214,9.236574543579971,33358.58,21432901.0
2024-08-15,600903.SH,600903.SH,9.207798687975638,9.351670542475258,9.179024317075713,9.308508986125371,40093.18,25926623.0
2024-08-16,600903.SH,600903.SH,9.38044850216126,9.38044850216126,9.222189401664675,9.250963783573145,34667.73,22374088.0
2024-08-19,600903.SH,600903.SH,9.236578063047642,9.337288415759998,9.207803676558397,9.308514029270754,24870.8,16060264.0
2024-08-20,600903.SH,600903.SH,9.337291572442021,9.337291572442021,9.063934808379774,9.107096402705391,33033.75,20992692.0
2024-08-21,600903.SH,600903.SH,9.078324127184333,9.1214857315925,8.934452112490446,8.992000918368001,22542.0,14120994.0
2024-08-22,600903.SH,600903.SH,9.020775321306777,9.063936925714943,8.905677709551668,8.905677709551668,21312.4,13285704.0
2024-08-23,600903.SH,600903.SH,8.963226675227428,8.963226675227428,8.81935465796856,8.876903464872107,26054.4,16066282.0
2024-08-26,600903.SH,600903.SH,8.819356272404132,9.768911760134431,8.632322615729983,9.509942081662532,161726.9,103480007.0
2024-08-27,600903.SH,600903.SH,9.322913301358607,9.351687725128233,8.992007428007916,9.049556275547166,128196.62,81082471.0
2024-08-28,600903.SH,600903.SH,8.977617066080922,9.179037961794275,8.948842652407587,9.020778686590926,67513.4,42646093.0
2024-08-29,600903.SH,600903.SH,8.948842652407587,9.063940307100932,8.876906618224245,9.020778686590926,43891.83,27450987.0
2024-08-30,600903.SH,600903.SH,8.93445210044305,9.207808927992838,8.93445210044305,9.107098517842916,58007.8,36717170.0
2024-09-02,600903.SH,600903.SH,9.078322162301793,9.222194145856497,8.963224575458032,8.963224575458032,47409.2,29960145.0
2024-09-03,600903.SH,600903.SH,8.934454211361766,9.049551850155476,8.934454211361766,9.020777440457048,29935.63,18721665.0
2024-09-04,600903.SH,600903.SH,8.96322675670864,9.049549967848689,8.934452352995288,8.992001160421989,27576.96,17238614.0
2024-09-05,600903.SH,600903.SH,9.035162765992016,9.078324371562042,9.006388362278665,9.063937169705365,29535.2,18567425.0
2024-09-06,600903.SH,600903.SH,9.049549101863045,9.135872304742502,8.992000299943408,9.020774700903226,35335.4,22293007.0
2024-09-09,600903.SH,600903.SH,8.963224034632601,9.035160022069459,8.891288047195742,8.991998429607344,26987.6,16823584.0
2024-09-10,600903.SH,600903.SH,9.049547219556834,9.049547219556834,8.891288047195744,9.020772824582089,34481.36,21498215.0
2024-09-11,600903.SH,600903.SH,9.006383753766507,9.035158142756176,8.905673392302663,8.991996559271671,24711.94,15417421.0
2024-09-12,600903.SH,600903.SH,8.991996559271673,9.07831972624068,8.948834975787168,8.963222170282004,26894.0,16854971.0
2024-09-13,600903.SH,600903.SH,8.97760936477684,9.020770948261342,8.934447781292334,8.963222170282004,23283.8,14525498.0
2024-09-18,600903.SH,600903.SH,8.963219298570047,8.991993678340737,8.790573019945905,8.89128334914332,28809.0,17802762.0
2024-09-19,600903.SH,600903.SH,8.934441822282674,9.049539301474722,8.862505897787644,9.049539301474722,41753.65,26099541.0
2024-09-20,600903.SH,600903.SH,9.035148946346903,9.063923306048643,8.97760022694342,9.020761766496031,23652.6,14814090.0
2024-09-23,600903.SH,600903.SH,9.035152669229195,9.092701412345303,8.963216740334058,9.078314226566276,26849.2,16848347.0
2024-09-24,600903.SH,600903.SH,9.12147256041886,9.366054632228199,9.12147256041886,9.322893090144198,81631.4,52455200.0
2024-09-25,600903.SH,600903.SH,9.351671389077724,9.495543256601996,9.250961081810733,9.294122642068015,81622.05,53282090.0
2024-09-26,600903.SH,600903.SH,9.294123998049432,9.481157453118538,9.236575242643553,9.466770264267069,71438.54,46578154.0
2024-09-27,600903.SH,600903.SH,9.509930568441147,9.783287120332798,9.509930568441147,9.754512746449466,100357.29,67203763.0
2024-09-30,600903.SH,600903.SH,10.056646241041038,10.646521056323847,9.898387144257846,10.588972293857232,247772.14,177283090.0
2024-10-08,600903.SH,600903.SH,11.624852905670542,11.624852905670542,10.588974923977128,11.121301109014022,282746.12,218634302.0
2024-10-09,600903.SH,600903.SH,11.00620725009965,11.00620725009965,10.17174970695484,10.200524104994315,156159.68,114194957.0
2024-10-10,600903.SH,600903.SH,10.373167386979569,10.747234449478139,10.12858507688435,10.473877749959954,147287.6,107125577.0
2024-10-11,600903.SH,600903.SH,10.531425459323927,10.60336142557614,10.09980966181065,10.200520014563748,108995.33,78302768.0
2024-10-14,600903.SH,600903.SH,10.286841950458502,10.43071386584953,10.157357226606576,10.401939482771324,96133.14,68863969.0
2024-10-15,600903.SH,600903.SH,10.401942315639948,10.401942315639948,10.142972797408248,10.142972797408248,77761.4,55361876.0
2024-10-16,600903.SH,600903.SH,10.085426824889295,10.502655609371162,9.999103628099943,10.330009215792458,98779.15,70772284.0
2024-10-17,600903.SH,600903.SH,10.330012722443394,10.387561539838622,10.157366270257711,10.171753474606518,69365.84,49427684.0
2024-10-18,600903.SH,600903.SH,10.21491957086567,10.459502152139919,10.128596306886525,10.358791677497582,98529.55,70616764.0
2024-10-21,600903.SH,600903.SH,10.401954463656732,10.459503312694943,10.286856765580309,10.373180039137626,86431.2,62360804.0
2024-10-22,600903.SH,600903.SH,10.358795516180058,10.473893244137614,10.315633868195974,10.473893244137614,80931.8,58559122.0
2024-10-23,600903.SH,600903.SH,10.473895755588858,10.68970404725621,10.445121316699877,10.560219072255798,153785.47,113032387.0
2024-10-24,600903.SH,600903.SH,10.53144518838366,11.365903960140836,10.45950908737011,10.919900133856828,280298.8,212368892.0
2024-10-25,600903.SH,600903.SH,10.991840435938677,11.00622766164017,10.732870373311851,10.991840435938677,163392.69,123377826.0
2024-10-28,600903.SH,600903.SH,10.876738279629702,11.150095458615105,10.833576619789902,11.078159358882106,153450.4,117519855.0
2024-10-29,600903.SH,600903.SH,10.891127125117423,10.891127125117423,10.560221016956655,10.603382683238495,190028.0,141659544.0
2024-10-30,600903.SH,600903.SH,10.50266938172816,10.574605473383832,10.186150578443202,10.286861106761144,135645.9,97430478.0
2024-10-31,600903.SH,600903.SH,10.315631382735921,10.35879302032059,10.229308107566583,10.344405807792366,89112.83,63818456.0
2024-11-01,600903.SH,600903.SH,10.31563353606941,10.344407967132366,10.157374165223157,10.20053581181759,79486.1,56590211.0
2024-11-04,600903.SH,600903.SH,10.27246683203763,10.34440287427879,10.214917998244701,10.315628457382326,62385.2,44635243.0
2024-11-05,600903.SH,600903.SH,10.344398787601113,10.502658018009475,10.330011584836715,10.488270815245079,108751.57,78735875.0
2024-11-06,600903.SH,600903.SH,10.47388662336548,10.63214589926798,10.416337795764571,10.560209864766843,108477.29,79474681.0
2024-11-07,600903.SH,600903.SH,10.545819555353628,11.380277310074652,10.488270744683213,11.15008206739299,315790.46,242867073.0
2024-11-08,600903.SH,600903.SH,11.078140978988062,11.222012939754139,10.862333037838942,10.991817802528413,195114.74,149304934.0
2024-11-11,600903.SH,600903.SH,10.891103073549186,12.08523987025273,10.862328692905727,12.08523987025273,476153.71,387058586.0
2024-11-12,600903.SH,600903.SH,11.955757413160025,12.948473732664288,11.725562324579327,12.200339694777018,610410.36,518994336.0
2024-11-13,600903.SH,600903.SH,11.984526610357836,12.085236918007903,11.538523819336115,11.696782874214792,336121.64,275343021.0
2024-11-14,600903.SH,600903.SH,11.552910019919159,12.574400196026582,11.380263792971427,11.797492174761782,397156.73,327884609.0
2024-11-15,600903.SH,600903.SH,11.509747627123016,12.214719669284301,11.380262966317883,11.883814425004513,354722.38,293370371.0
2024-11-18,600903.SH,600903.SH,11.797494118215695,12.243496944636044,11.32271691589726,11.394652855642477,322597.33,265981177.00000003
2024-11-19,600903.SH,600903.SH,11.279556224954051,11.941366921826356,10.919876498393016,11.89820535463903,330001.63,262629376.99999997
2024-11-20,600903.SH,600903.SH,11.739945252259957,12.142786510915935,11.739945252259957,12.056463384061084,285368.25,238180126.0
2024-11-21,600903.SH,600903.SH,12.056458644419457,12.128394555185682,11.639230361975347,11.711166272741574,218357.23,179624530.0
2024-11-22,600903.SH,600903.SH,11.739940608273699,12.358589439346945,11.725553426155717,11.739940608273699,362346.25,304367591.0
2024-11-25,600903.SH,600903.SH,11.66800758004124,12.185946264235428,11.236392009879419,12.114010335875124,445898.21,365868941.0
2024-11-26,600903.SH,600903.SH,11.50975395233323,11.998918495307393,11.50975395233323,11.682400261618229,303614.64,248032477.0
2024-11-27,600903.SH,600903.SH,11.725564350584856,12.488085713260924,11.696789959540476,12.358600953561215,543734.69,463053851.0
2024-11-28,600903.SH,600903.SH,12.056473492904345,12.63196148779238,12.056473492904345,12.229119891370756,423509.48,361378567.0
2024-11-29,600903.SH,600903.SH,12.243507824387095,12.329831028789354,11.797504601642087,12.013312612647736,323085.84,268917981.0
2024-12-02,600903.SH,600903.SH,11.89821720752188,12.099638055049459,11.725570766783958,12.056476444864979,241372.16,201008154.0
2024-12-03,600903.SH,600903.SH,12.027702610142008,12.344221099882589,11.682409712243194,12.099638630537594,338169.77,282054733.0
2024-12-04,600903.SH,600903.SH,11.869438180582344,12.070858949707379,11.682404609251954,11.725566202635893,211381.19,174236965.0
2024-12-05,600903.SH,600903.SH,11.739952597324274,11.75433979413472,11.509757448357131,11.567306235598917,210837.4,169795148.0
2024-12-06,600903.SH,600903.SH,11.56730732226798,11.668017709402154,11.394660944323682,11.639243313078106,155042.65,124519469.0
2024-12-09,600903.SH,600903.SH,11.653628690360362,11.739951865844514,11.423433555735961,11.509756731220111,131749.17,106018380.0
2024-12-10,600903.SH,600903.SH,11.696790278102439,11.783113453586589,11.552918318962186,11.56730551487621,150547.94,121727800.0
2024-12-11,600903.SH,600903.SH,11.56730408327899,11.668014442213012,11.524142500878698,11.62485285981272,110927.99,89515121.0
2024-12-12,600903.SH,600903.SH,11.63923718005972,11.696785942383872,11.567301227154529,11.653624370640756,141861.3,114733974.0
2024-12-13,600903.SH,600903.SH,11.596081001840144,11.639242593658405,11.121303491839244,11.135690689111998,229917.46,180757715.0
2024-12-16,600903.SH,600903.SH,11.164463914603571,11.222012697668537,10.934268782343704,10.99181756540867,125079.92,96073046.0
2024-12-17,600903.SH,600903.SH,11.03497473871573,11.03497473871573,10.617746228386192,10.64652060840892,134081.19,100250844.0
2024-12-18,600903.SH,600903.SH,10.689678991816887,10.761614920429384,10.588968691759394,10.617743063204392,81869.57,60668314.0
2024-12-19,600903.SH,600903.SH,10.53142081210054,10.632131120412977,10.430710503788102,10.53142081210054,79162.33,57815699.0
2024-12-20,600903.SH,600903.SH,10.574578574588527,10.646514483259198,10.51702984765199,10.574578574588527,79986.0,58886620.0
2024-12-23,600903.SH,600903.SH,10.617737325648791,10.905480884609464,10.560188613856658,10.660898859492892,148910.78,110744441.0
2024-12-24,600903.SH,600903.SH,10.588967149989825,10.646515884500639,10.358772211946567,10.459482497340492,112394.4,81825265.0
2024-12-25,600903.SH,600903.SH,10.416323987611735,10.445098363268121,10.142967418876069,10.20051617018884,110930.77,78851062.0
2024-12-26,600903.SH,600903.SH,10.15735332805566,10.272450816192269,10.114191770004432,10.171740514072736,63655.19,45130790.0
2024-12-27,600903.SH,600903.SH,10.186124972423816,10.387545522725981,10.142963425930494,10.31560961190378,76359.0,54575944.0
2024-12-30,600903.SH,600903.SH,10.329992627101953,10.344379803462822,10.142959334410692,10.200508039854158,72119.42,51097651.0
2024-12-31,600903.SH,600903.SH,10.344379392340036,11.221997115473194,10.315605040761898,11.221997115473194,381405.18,292482310.0
2025-01-02,600903.SH,600903.SH,11.221995395626893,11.653610603151003,10.905477576775878,11.265156916379304,560879.05,435844642.0
2025-01-03,600903.SH,600903.SH,11.020572863431953,11.06373437595192,10.430698858992383,10.560183396552288,334458.8,248448124.0
2025-01-06,600903.SH,600903.SH,10.373148962398487,10.473859146499443,9.768887857792748,9.840823703579145,265076.2,184172842.0
2025-01-07,600903.SH,600903.SH,9.88398474592227,9.99908209376416,9.567467039357075,9.783274566560616,174463.81,118109746.0
2025-01-08,600903.SH,600903.SH,9.69695270836289,9.711339878553337,9.366047793982553,9.68256553817244,169585.41,112760992.0
2025-01-09,600903.SH,600903.SH,9.567464183148115,9.927143287777744,9.52430269059256,9.754497317555522,167928.8,113409571.0
2025-01-10,600903.SH,600903.SH,9.768887554092162,9.797661891512169,9.380433998922076,9.423595505052086,125746.37,83475750.0
2025-01-13,600903.SH,600903.SH,9.2074570390367,9.567686187668809,9.193047873091416,9.452412860106534,71754.66,47073561.0
2025-01-14,600903.SH,600903.SH,9.481228934561104,9.697366372279063,9.452410609532043,9.682957209764531,109070.03,72667974.0
2025-01-15,600903.SH,600903.SH,9.68295487652183,9.68295487652183,9.5388632860974,9.567681604182285,77464.64,51562246.0
2025-01-16,600903.SH,600903.SH,9.654135633489728,9.740590579461278,9.553271529856254,9.625317318165878,82631.84,55358889.0
2025-01-17,600903.SH,600903.SH,9.639726591620315,9.74059069646537,9.538862486775258,9.596499118115291,80984.8,54030352.0
2025-01-20,600903.SH,600903.SH,9.596503894783517,9.654140554812246,9.538867234754786,9.610913059790699,84074.56,56046484.0
2025-01-21,600903.SH,600903.SH,9.654138141277109,9.68295646408689,9.43800072020374,9.510046527228196,72765.0,48038187.0
2025-01-22,600903.SH,600903.SH,9.481229643148035,9.524457133922267,9.409183825190983,9.495638806739445,49870.14,32733957.0
2025-01-23,600903.SH,600903.SH,9.553275461105088,9.66854876983637,9.495638806739445,9.495638806739445,83793.0,55716612.0
2025-01-24,600903.SH,600903.SH,9.4956354789627,9.582090430212741,9.437998844796008,9.53886295458772,65306.78,43121472.0
2025-01-27,600903.SH,600903.SH,9.58209472462522,9.654140549622403,9.438003074630856,9.452412239630291,79697.66,52924698.0
2025-02-05,600903.SH,600903.SH,9.524461787163757,9.524461787163757,9.394779251483765,9.438006763377096,73418.43,48163328.0
2025-02-06,600903.SH,600903.SH,9.438003907701827,9.53886807160093,9.322730577531424,9.524458905329631,84172.77,55153234.0
2025-02-07,600903.SH,600903.SH,9.51005223722065,9.668553107840994,9.452415556995069,9.6541439377846,124361.97,82926420.0
2025-02-10,600903.SH,600903.SH,9.567693337689992,9.69737592811049,9.553284160976604,9.668557574683712,133147.08,88935194.0
2025-02-11,600903.SH,600903.SH,9.654147805425286,9.668556981254278,9.538874398793343,9.6253294537673,76155.2,50722229.0
2025-02-12,600903.SH,600903.SH,9.610920220473911,9.65414774770243,9.538874341759714,9.63973857195959,80608.6,53803548.0
2025-02-13,600903.SH,600903.SH,9.65414998112467,9.7406050555825,9.639740802048363,9.65414998112467,111706.11,75118380.0
2025-02-14,600903.SH,600903.SH,9.654146932445727,9.71178363054988,9.553282710763458,9.582101059815535,84064.16,56136030.0
2025-02-17,600903.SH,600903.SH,9.567693813108013,9.668558055113671,9.495647925961116,9.65414887768429,113157.04,75367065.0
2025-02-18,600903.SH,600903.SH,9.668561717446268,9.726198448995873,9.495651522797452,9.510060705684852,111815.92,74704874.0
2025-02-19,600903.SH,600903.SH,9.495652963715738,9.538880518937509,9.42360703834612,9.495652963715738,96204.2,63154806.0
2025-02-20,600903.SH,600903.SH,9.510064013507732,9.596519140903256,9.438018074011461,9.553291577205494,86862.48,57391608.0
2025-02-21,600903.SH,600903.SH,9.553295106818563,9.553295106818563,9.36597559492016,9.438021561034931,102049.15,66798143.0
2025-02-24,600903.SH,600903.SH,9.380383362552722,9.524475272883794,9.380383362552722,9.481247699784472,81855.74,53832511.0
2025-02-25,600903.SH,600903.SH,9.380379017651226,9.481243308163604,9.380379017651226,9.394788202010137,68946.4,45070131.0
2025-02-26,600903.SH,600903.SH,9.394783975783223,9.481239043045033,9.380374797906256,9.481239043045033,67153.62,44018045.0
2025-02-27,600903.SH,600903.SH,9.466829865168066,9.510057398798969,9.365965620029288,9.481239043045033,85900.0,56237265.0
2025-02-28,600903.SH,600903.SH,9.45241630902262,9.538871336239291,9.365961281805951,9.394779624211507,104685.2,68652625.0
2025-03-03,600903.SH,600903.SH,9.394781766626581,9.466827639070038,9.322735894183126,9.351554243160509,85331.6,55622662.0
2025-03-04,600903.SH,600903.SH,9.322734326006874,9.351552670136726,9.23627929361732,9.3371434980718,60392.8,38929585.0
2025-03-05,600903.SH,600903.SH,9.337143962750792,9.365962308314838,9.207461407712586,9.265098098840678,55220.6,35470623.0
2025-03-06,600903.SH,600903.SH,9.265099573809927,9.337145449189476,9.236281223658107,9.322736274113565,67807.6,43801016.0
2025-03-07,600903.SH,600903.SH,9.293914154601845,9.351550831529607,9.250686646906022,9.308323323833784,71378.97,46088749.0
2025-03-10,600903.SH,600903.SH,9.308323782089701,9.409187971678909,9.279505442207071,9.365960461854963,64112.6,41644625.0
2025-03-11,600903.SH,600903.SH,9.308324495918212,9.39477952219609,9.279506153825587,9.39477952219609,52881.8,34254565.0
2025-03-12,600903.SH,600903.SH,9.394780091576669,9.567690154611821,9.337143403898285,9.510053466933437,124641.35,81751817.0
2025-03-13,600903.SH,600903.SH,9.510053466933437,9.582099326531418,9.452416779255053,9.510053466933437,105465.58,69612064.0
2025-03-14,600903.SH,600903.SH,9.582100189783608,9.682964402307645,9.553281843348168,9.596509363001328,141407.86,94239659.0
2025-03-17,600903.SH,600903.SH,9.639736853793002,9.654146026967581,9.55328181474553,9.625327680618422,98836.22,66048838.0
2025-03-18,600903.SH,600903.SH,9.668554686009239,9.87028309972627,9.596508823967442,9.755009720459395,148117.57,99879333.0
2025-03-19,600903.SH,600903.SH,9.755005046183904,9.755005046183904,9.63973172215219,9.682959218664081,85647.0,57654253.0
2025-03-20,600903.SH,600903.SH,9.697370236799618,9.769416078083418,9.639733563772577,9.654142732029337,67288.97,45284491.0
2025-03-21,600903.SH,600903.SH,9.63973428530952,9.711780131985975,9.553279269297777,9.62532511597423,88643.0,59313042.0
2025-03-24,600903.SH,600903.SH,9.625325289664305,9.639734459259612,9.409187745734718,9.582097780878389,86306.8,57067349.0
2025-03-25,600903.SH,600903.SH,9.538869915632448,9.639734099030374,9.495642408461908,9.639734099030374,75394.8,50204196.0
2025-03-26,600903.SH,600903.SH,9.639731172682522,9.682958666730425,9.596503678634617,9.682958666730425,63970.8,42827402.0
2025-03-27,600903.SH,600903.SH,9.726182884589306,9.798228683734411,9.553272966641051,9.582091286299095,85540.36,57171980.0
2025-03-28,600903.SH,600903.SH,9.582088632576209,9.783816814314655,9.524452009222367,9.62531610009159,99122.2,66028729.99999999
2025-04-09,600903.SH,600903.SH,10.576319096009206,10.576319096009206,9.682951542940309,9.927907162330168,439917.57,307604345.0
2025-04-10,600903.SH,600903.SH,9.754996090757079,10.922137425101722,9.754996090757079,10.922137425101722,409428.29,293541443.0
2025-04-11,600903.SH,600903.SH,10.705998810107454,11.037409271254793,10.388997499444784,10.432224950898785,465400.38,343728827.0
2025-04-14,600903.SH,600903.SH,10.432222706171762,10.590723327398129,10.360176969250688,10.446631853555978,258256.28,187453842.0
2025-04-15,600903.SH,600903.SH,10.403407350218137,10.403407350218137,10.15845177549001,10.201679229853797,181474.8,128754181.0
2025-04-16,600903.SH,600903.SH,10.100810824628228,10.316948003471914,9.971128517322018,10.316948003471914,189854.19,133847041.99999999
2025-04-17,600903.SH,600903.SH,10.216085319840928,10.288131055523868,10.158448731294577,10.158448731294577,120245.2,85174157.0
2025-04-18,600903.SH,600903.SH,10.115225660659444,10.590727721630614,9.985543280394579,10.504272801454038,279780.34,200792425.0
2025-04-21,600903.SH,600903.SH,10.374591068721276,10.778047388060438,10.374591068721276,10.619546691177195,293837.27,215211110.0
2025-04-22,600903.SH,600903.SH,10.518678672307306,10.662770160969052,10.388996332511738,10.388996332511738,200179.4,145779530.0
2025-04-23,600903.SH,600903.SH,10.417819684431382,10.461047152001637,10.187273190723356,10.187273190723356,149332.2,106350118.0
2025-04-24,600903.SH,600903.SH,10.288137281720617,10.360183061004376,10.158454879009854,10.187273190723356,114240.39,81291298.0
2025-04-25,600903.SH,600903.SH,10.187273190723356,10.23050065829361,10.100818255582848,10.187273190723356,92312.87,65149927.0
2025-04-28,600903.SH,600903.SH,10.158454568036744,10.158454568036744,9.870271459723645,9.8846806151393,121181.6,83769587.0
2025-04-29,600903.SH,600903.SH,9.798230123361689,9.942321742822893,9.798230123361689,9.85586677114617,69461.6,47602774.0
2025-04-30,600903.SH,600903.SH,9.956730436216969,9.956730436216969,9.798229662268506,9.798229662268506,70392.4,48132534.0
2025-05-06,600903.SH,600903.SH,9.812641676047834,9.913505834245095,9.812641676047834,9.913505834245095,71569.92,49089737.0
2025-05-07,600903.SH,600903.SH,9.971137878466315,10.014365354818048,9.913501243330671,9.956728719682404,72624.05,50237040.0
2025-05-08,600903.SH,600903.SH,9.97114250484441,9.999960835783266,9.899096677497269,9.999960835783266,66938.4,46285954.0
2025-05-09,600903.SH,600903.SH,9.971147091279681,9.999965435474131,9.899101230793555,9.899101230793555,60045.0,41372749.0
2025-05-12,600903.SH,600903.SH,9.999967305032886,9.999967305032886,9.855875557121749,9.942330605868431,58227.2,40056442.0
2025-05-13,600903.SH,600903.SH,9.971152740120335,9.999971100640915,9.870288478298308,9.870288478298308,63013.8,43339530.0
2025-05-14,600903.SH,600903.SH,9.884695008313573,9.942331713901407,9.783830773534863,9.942331713901407,70022.1,47976955.0
2025-05-15,600903.SH,600903.SH,9.89910418471053,10.158469359855784,9.884695008313573,9.942331713901407,126704.3,88045222.0
2025-05-16,600903.SH,600903.SH,10.057606553714166,10.201698338151331,9.985560661495583,10.144061624376466,138001.63,96548830.0
2025-05-19,600903.SH,600903.SH,10.244924939472146,10.403425887902797,10.072014813911434,10.115242345301612,119099.97,83934169.0
2025-05-20,600903.SH,600903.SH,10.086429012731958,10.129656565643668,9.999973906908542,10.129656565643668,91338.0,63785249.0
2025-05-21,600903.SH,600903.SH,10.158475438572923,10.331385658803951,10.144066253553671,10.158475438572923,102743.4,72825765.0
2025-05-22,600903.SH,600903.SH,10.100834526410365,10.115243705477997,9.927924377598776,9.942333556666409,88535.12,61455987.0
2025-05-23,600903.SH,600903.SH,9.956742006836329,10.057606252925844,9.841468582734027,9.841468582734027,62043.4,42823786.0
2025-05-26,600903.SH,600903.SH,9.812654954491894,9.913519249178302,9.798245769536694,9.8991100642231,49810.57,34100597.0
2025-05-27,600903.SH,600903.SH,9.841471098017118,10.014381278362954,9.827061916321632,9.999972096667468,51211.2,35354062.0
2025-05-28,600903.SH,600903.SH,9.985558212468517,10.028785737197818,9.87028481319038,9.913512337919682,40537.4,27946381.0
2025-05-29,600903.SH,600903.SH,9.956740093529907,9.971149268773798,9.884694217310443,9.942330918286014,51430.31,35482210.0
2025-05-30,600903.SH,600903.SH,9.971145770124933,9.971145770124933,9.841463238432556,9.855872408620598,47652.0,32653511.0
2025-06-03,600903.SH,600903.SH,9.855872752930551,9.913509435696227,9.798236070164876,9.899100265004808,53814.2,36831919.0
2025-06-04,600903.SH,600903.SH,9.88468700310984,9.971141991475232,9.85586867365471,9.956732826747666,43288.6,29841140.0
2025-06-05,600903.SH,600903.SH,9.956737446442148,10.04319247492066,9.91350993220289,9.999964960681405,72754.4,50370587.0
2025-06-06,600903.SH,600903.SH,9.999964181463355,10.043191692334233,9.956736670592475,9.985555011173062,39894.4,27680456.0
2025-06-09,600903.SH,600903.SH,9.999964167054188,10.014373337323718,9.956736656245596,9.999964167054188,46748.59,32400027.0
2025-06-10,600903.SH,600903.SH,9.999966491292632,10.072012359385518,9.913511449581167,10.043194012148362,94762.0,65794929.0
2025-06-11,600903.SH,600903.SH,10.02878202874093,10.057600367903978,9.985554519996356,10.02878202874093,66743.6,46438840.0
2025-06-12,600903.SH,600903.SH,10.014370668965629,10.028779835395795,9.8990973375243,10.014370668965629,67626.73,46802855.0
2025-06-13,600903.SH,600903.SH,10.04319202775091,10.187283735466133,10.014373686207866,10.04319202775091,171286.6,119978517.0
2025-06-16,600903.SH,600903.SH,10.288848792108555,10.303299422434549,10.086539967544622,10.100990597870616,147401.31,103783919.0
2025-06-17,600903.SH,600903.SH,10.057638735144426,10.49115764614203,9.942033692211732,10.288848821009815,202117.79,142985745.0
2025-06-18,600903.SH,600903.SH,10.476706779013702,10.520058669133759,10.158792918133287,10.23104606833338,162172.19,115315466.0
2025-06-19,600903.SH,600903.SH,10.231041639551794,10.56340598659938,10.043183530350984,10.548955362814702,312924.8,224719530.0
2025-06-20,600903.SH,600903.SH,10.49115812054808,10.548960644628234,10.2743986552475,10.39000370340781,202367.8,145881966.0
2025-06-23,600903.SH,600903.SH,10.50560686407017,10.57786000618895,10.303298066137597,10.375551208256372,160111.8,115281410.0
2025-06-24,600903.SH,600903.SH,10.115436437613408,10.115436437613408,9.898677085378834,10.057633943684188,187970.6,130421928.0
2025-06-25,600903.SH,600903.SH,9.999831449754968,10.072084567166492,9.97093020279036,10.057633943684188,97220.4,67368966.0
2025-06-26,600903.SH,600903.SH,10.014283346729792,10.057635222689662,9.970931470769925,9.999832721409836,103877.4,71941001.0
2025-06-27,600903.SH,600903.SH,9.9853829631274,10.028734842851541,9.970932336552686,9.9853829631274,87752.6,60684725.0
2025-06-30,600903.SH,600903.SH,9.985381188268867,10.014282436281222,9.95647994025651,9.999831812275044,62008.79,42825709.0
2025-07-01,600903.SH,600903.SH,10.014283305828178,10.014283305828178,9.956480804784436,9.985382055306307,54197.0,37424520.0
2025-07-02,600903.SH,600903.SH,9.970936056327679,10.028738584190448,9.956485424361984,10.028738584190448,76625.58,53055254.0
2025-07-03,600903.SH,600903.SH,10.028737019011594,10.028737019011594,9.98538512988042,9.99983575959081,40065.8,27738750.0
2025-07-04,600903.SH,600903.SH,9.985386866469137,10.02873876313977,9.970936234245594,9.970936234245594,59413.0,41135188.0
2025-07-07,600903.SH,600903.SH,9.999839230266277,10.05764176916955,9.942036691363002,10.014289864992094,62843.2,43493430.0
2025-07-08,600903.SH,600903.SH,10.014289850562282,10.043191119972274,9.98538858115229,10.028740485267278,68284.6,47339045.0
2025-07-09,600903.SH,600903.SH,10.01429062865099,10.086543807789885,9.99983999282321,10.043191900306548,89916.12,62472816.0
2025-07-10,600903.SH,600903.SH,10.057638579264944,10.158792990263299,10.043187949122323,10.100990469692812,91598.4,64046248.0
2025-07-11,600903.SH,600903.SH,10.129893288422938,10.15879455315453,10.072090758959753,10.144343920788733,92171.2,64561563.0
2025-07-14,600903.SH,600903.SH,10.11544769219502,10.20215152955669,10.11544769219502,10.158799610875857,103235.2,72611854.0
2025-07-15,600903.SH,600903.SH,10.144351302170326,10.158801945050913,9.95649294472273,9.999844873364482,108139.26,75019999.0
2025-07-16,600903.SH,600903.SH,9.999844007577048,10.043195932465387,9.985393365947601,10.014294649206494,65779.87,45615138.0
2025-07-17,600903.SH,600903.SH,10.014294649206494,10.043195932465387,9.985393365947601,10.014294649206494,67122.6,46491176.0
2025-07-18,600903.SH,600903.SH,10.014294634776675,10.072097201211172,9.999843993168051,10.0287452763853,62548.6,43439986.0
2025-07-21,600903.SH,600903.SH,10.028749918261683,10.144355104639338,10.028749918261683,10.115453808044926,156702.8,109512595.0
2025-07-22,600903.SH,600903.SH,10.100998867536747,10.216604004790387,10.057646941066633,10.20215336263368,142524.8,99998072.0
2025-07-23,600903.SH,600903.SH,10.101002002329498,10.158804588895045,10.028748769122563,10.057650062405337,180772.91,126234190.0
2025-07-24,600903.SH,600903.SH,10.028744089990848,10.158799849082948,10.028744089990848,10.158799849082948,129452.0,90455903.0
2025-07-25,600903.SH,600903.SH,10.14435354227013,10.202156126556568,10.1010016040553,10.11545225012691,98499.4,69171570.0
2025-07-28,600903.SH,600903.SH,10.129904347474005,10.144354995615908,10.072101754906393,10.086552403048298,68090.0,47563525.0
2025-07-29,600903.SH,600903.SH,10.072105083330827,10.101006389165349,9.999851818744522,10.057654430413566,75553.2,52494088.0
2025-07-30,600903.SH,600903.SH,10.057653166022721,10.144357072626365,10.028751863821508,10.115455770425152,105044.6,73452400.0
2025-07-31,600903.SH,600903.SH,10.115455770425152,10.129906421525758,9.89869600391604,9.913146655016648,135868.4,93899630.0
2025-08-01,600903.SH,600903.SH,9.927600022839663,9.95650133294982,9.913149367784584,9.927600022839663,67070.2,46099067.0
2025-08-04,600903.SH,600903.SH,9.89869851246681,10.043205060094063,9.855346548178634,9.999853095805888,78565.4,54262674.0
2025-08-05,600903.SH,600903.SH,9.985400714460607,10.043203323516819,9.970950062196554,10.028752671252766,62859.4,43562067.0
2025-08-06,600903.SH,600903.SH,10.028754227438526,10.057655536451318,9.999852918425734,10.057655536451318,63742.0,44259714.0
2025-08-07,600903.SH,600903.SH,10.043204881944922,10.115458154476899,9.999852918425734,10.057655536451318,75271.12,52420425.0
2025-08-08,600903.SH,600903.SH,10.086554323824897,10.33221538901834,10.072103672931165,10.173258229187288,193798.15,136929613.0
2025-08-11,600903.SH,600903.SH,10.187707951287049,10.202158600863342,10.129905352981874,10.144356002558167,118392.4,83156007.0
2025-08-12,600903.SH,600903.SH,10.15881166669434,10.274416920369383,10.12991035327558,10.187712980113101,141765.4,100170521.0
2025-08-13,600903.SH,600903.SH,10.144363442342325,10.332222024607924,10.129912782168049,10.245518063562264,170525.8,120569495.0
2025-08-14,600903.SH,600903.SH,10.23106542459988,10.31776936887615,10.057657536047339,10.086558850806096,152827.35,107497158.0
2025-08-15,600903.SH,600903.SH,10.08656231314261,10.259970261219559,10.043210326123372,10.18771694952083,148616.8,104391245.0
2025-08-18,600903.SH,600903.SH,10.245523273433255,10.548987291405185,10.21662193838831,10.274424608478201,241098.21,172442829.0
2025-08-19,600903.SH,600903.SH,10.274425844283119,10.39003119836788,10.202172497980143,10.332228521325499,162421.57,115538555.0
2025-08-20,600903.SH,600903.SH,10.317777852064903,10.375580529107284,10.216623167240739,10.332228521325499,159040.0,113206434.0
2025-08-21,600903.SH,600903.SH,10.33223253384143,10.476739282566484,10.216627134861385,10.418936583076462,222065.6,159566988.0
2025-08-22,600903.SH,600903.SH,10.40448434100106,10.418935013696894,10.274428286738548,10.361132322913555,149145.19,106648495.0
2025-08-25,600903.SH,600903.SH,10.332230977521887,10.390033668305225,10.31778030482605,10.361132322913555,133348.97,95589087.0
2025-08-26,600903.SH,600903.SH,10.361135425481033,10.40448745654999,10.33223407143506,10.375586102504018,121124.77,86989094.0
2025-08-27,600903.SH,600903.SH,10.361131275139854,10.375581946374357,10.158821877856788,10.173272549091292,157893.72,112157247.0
2025-08-28,600903.SH,600903.SH,10.202174816403263,10.303329524214627,9.999865400780536,10.202174816403263,145609.2,102400066.0
2025-08-29,600903.SH,600903.SH,10.158821516163787,10.187722857603797,10.028765479683738,10.072117491843754,135812.15,94862771.0
2025-09-01,600903.SH,600903.SH,10.072114669914285,10.115466669928264,9.999861336557656,10.057664003242959,101146.2,70321766.0
2025-09-02,600903.SH,600903.SH,10.043215526770235,10.072116866415616,9.956511507834088,10.072116866415616,131634.4,91256941.0
2025-09-03,600903.SH,600903.SH,10.057662540594556,10.072113205164376,9.85535323661708,9.898705230326538,123833.56,85267935.0
2025-09-04,600903.SH,600903.SH,9.927608006639145,9.956509339991808,9.869805339933823,9.913157339962815,99365.2,68151508.0
2025-09-05,600903.SH,600903.SH,9.898704920540165,9.970958241128052,9.869803592305013,9.956507577010473,77591.15,53295742.0
2025-09-08,600903.SH,600903.SH,9.956512375673576,10.072117744331614,9.942061704591321,10.014315060002595,97460.15,67623425.0
2025-09-09,600903.SH,600903.SH,10.02876573108485,10.043216402167104,9.956512375673576,10.014315060002595,84598.21,58551682.0
2025-09-10,600903.SH,600903.SH,9.98541370344988,10.057667058757044,9.98541370344988,10.02876571663418,89157.4,61932267.0
2025-09-11,600903.SH,600903.SH,10.014315823663413,10.057667840216068,9.956513134926539,10.04321716803185,92978.6,64386974.0
2025-09-12,600903.SH,600903.SH,10.043212596336174,10.057663261942412,9.999860599517456,9.999860599517456,79090.1,54875892.0
2025-09-15,600903.SH,600903.SH,10.028763674862445,10.043214342981841,9.97096100238485,9.97096100238485,66559.6,46004627.0
2025-09-16,600903.SH,600903.SH,9.985410663330162,10.057663996639352,9.970959996668324,10.028762663315677,73868.8,51179508.0
2025-09-17,600903.SH,600903.SH,10.043234153408967,10.115591748174161,10.014291115502889,10.057705672362006,88859.85,61758559.0
2025-09-18,600903.SH,600903.SH,10.057705087611676,10.057705087611676,9.912989906494962,9.956404460829976,103525.41,71532084.0
2025-09-19,600903.SH,600903.SH,9.941928094402675,9.985342627566006,9.869570539130459,9.970871116511562,94285.2,64719116.0
2025-09-22,600903.SH,600903.SH,9.927454170123704,9.9853402002702,9.884039647513834,9.941925677660327,71836.15,49266578.0
2025-09-23,600903.SH,600903.SH,9.956401354347163,9.970872867943598,9.710385623207772,9.88404378636499,119895.13,81399000.0
2025-09-24,600903.SH,600903.SH,9.869577027977321,9.999820713097256,9.826162466270675,9.941934630821729,82582.6,56700334.0
2025-09-25,600903.SH,600903.SH,9.941934834908364,9.941934834908364,9.855105709712657,9.86957723057861,67696.4,46259663.0
2025-09-26,600903.SH,600903.SH,9.869572789268856,9.898515817976389,9.826158246207555,9.840629760561322,56506.2,38488336.0
2025-09-29,600903.SH,600903.SH,9.840633806635234,9.88404836754686,9.753804684811982,9.855105326939109,71141.61,48372853.0
2025-09-30,600903.SH,600903.SH,9.855101107451196,9.898515649774769,9.840629593343339,9.869572621559055,48117.14,32834110.999999996
2025-10-09,600903.SH,600903.SH,9.884044824250541,9.985345430062772,9.884044824250541,9.970873914946738,86626.75,59536364.0
2025-10-10,600903.SH,600903.SH,9.94193532383645,10.231365755389186,9.94193532383645,10.144536625923365,188168.08,131748563.0
2025-10-13,600903.SH,600903.SH,9.985354539864824,10.173484408007203,9.956411483227534,10.159012879688559,145268.68,101113126.0
2025-10-14,600903.SH,600903.SH,10.173484293376395,10.347142631243416,10.13006970890964,10.27478499046549,242388.51,171733784.0
2025-10-15,600903.SH,600903.SH,10.245840921147348,10.303727028046485,10.202426340972995,10.245840921147348,157947.49,111696340.0
2025-10-16,600903.SH,600903.SH,10.245836528008223,10.28925108956758,10.115592843330152,10.260308048528008,148164.06,104445766.0
2025-10-17,600903.SH,600903.SH,10.245837810539093,10.462910645508142,10.202423243545283,10.289252377532904,313941.91,224201712.0
2025-10-20,600903.SH,600903.SH,10.260311949044855,10.969416724084628,10.187954318938758,10.897059093978529,680158.53,496351689.0
2025-10-21,600903.SH,600903.SH,10.853647566669004,10.853647566669004,10.53527390471338,10.708932265780083,470645.34,345689483.0
2025-10-22,600903.SH,600903.SH,10.607627452758894,10.70892812420407,10.44844068334505,10.477383732329386,270251.33,196930523.0
2025-10-23,600903.SH,600903.SH,10.49185074792508,10.679980485474081,10.40502163828708,10.50632226619808,257588.19,187762320.0
2025-10-24,600903.SH,600903.SH,10.43396144423314,10.491847499402255,10.332660847687185,10.376075389064022,232395.97,166903521.0
2025-10-27,600903.SH,600903.SH,10.347133404887773,10.405019465894137,10.318190374384589,10.33266188963618,181667.07,130056630.0
2025-10-28,600903.SH,600903.SH,10.245829512543118,10.390544618652482,10.23135800193218,10.289244044375927,166538.85,118372058.0
2025-10-29,600903.SH,600903.SH,10.260305849830873,10.289248884668197,10.202419780156228,10.274777367249534,123519.98,87464722.0
2025-10-30,600903.SH,600903.SH,10.260306435297682,10.33266402651981,10.130062771097855,10.144534289342278,172371.35,121855393.0
2025-10-31,600903.SH,600903.SH,10.130061420422816,10.231362034627045,10.130061420422816,10.202419001997265,108463.6,76349500.0
2025-11-03,600903.SH,600903.SH,10.173473963329972,10.289246071020782,10.173473963329972,10.27477455755943,111494.75,78957844.0
2025-11-04,600903.SH,600903.SH,10.274769933188322,10.405013495721695,10.231355412343865,10.289241440136475,146739.45,104334447.0
2025-11-05,600903.SH,600903.SH,10.260294244521903,10.376066252922715,10.202408240321498,10.332651749772412,134828.77,96179457.0
2025-11-06,600903.SH,600903.SH,10.332650508699714,10.390536505947333,10.274764511452098,10.361593507323525,125878.55,89874290.0
2025-11-07,600903.SH,600903.SH,10.332649344457405,10.40500683286397,10.260291856050841,10.274763353732153,144934.61,103265878.0
2025-11-10,600903.SH,600903.SH,10.26028825847305,10.31817422890167,10.202402288044429,10.31817422890167,139447.9,98970152.0
2025-11-11,600903.SH,600903.SH,10.303702736294516,10.361588706723136,10.274759751080204,10.31817422890167,129771.96,92594457.0
2025-11-12,600903.SH,600903.SH,10.318173221548536,10.47735962468603,10.303701730354218,10.376059186325808,234751.54,168523329.0
2025-11-13,600903.SH,600903.SH,10.347119302307624,10.390533788890732,10.216875842558295,10.390533788890732,158030.75,112735457.0
2025-11-14,600903.SH,600903.SH,10.448423131439252,10.781267635626376,10.448423131439252,10.708910134716133,454605.89,335580036.0
2025-11-17,600903.SH,600903.SH,10.636551174745172,10.679965669335969,10.462893196381986,10.549722185563578,236976.74,172723463.0
2025-11-18,600903.SH,600903.SH,10.679966004450852,11.012810473424254,10.535251017940679,10.607608511195766,343396.14,253953019.0
2025-11-19,600903.SH,600903.SH,10.622082448884175,10.708911460727915,10.361595413352957,10.651025452832089,321784.6,233395104.0
2025-11-20,600903.SH,600903.SH,10.564193117420928,10.593136112263178,10.303706163840687,10.303706163840687,181292.34,130608275.0
2025-11-21,600903.SH,600903.SH,10.245824099985692,10.347124620748263,9.970865543630142,9.970865543630142,206824.66,144351497.0
2025-11-24,600903.SH,600903.SH,9.956391620405247,10.028749117646564,9.840619624819139,9.941920120956985,129449.0,88687821.0
2025-11-25,600903.SH,600903.SH,9.941916006066748,10.02874496681842,9.912973019149522,9.999801979901196,113795.0,78506554.0
2025-11-26,600903.SH,600903.SH,9.985327594039722,10.057685040373343,9.927441636972825,9.941913126239548,74937.1,51725826.0
2025-11-27,600903.SH,600903.SH,9.941909184256499,9.985323634842773,9.86955176661271,9.927437700727742,79223.25,54346497.0
2025-11-28,600903.SH,600903.SH,9.927441349887188,10.014270282976579,9.86955539449426,9.999798794128347,68546.2,47052867.0
2025-12-01,600903.SH,600903.SH,9.985325530431476,10.028739989259439,9.970854044155487,10.014268502983452,71133.7,49190313.0
2025-12-02,600903.SH,600903.SH,9.999798755802598,10.028741733388133,9.941912800631526,9.98532726700983,59614.72,41114362.0
2025-12-03,600903.SH,600903.SH,9.970853036592462,10.057681945474254,9.95638155177883,9.999796006219727,76891.9,53197857.0
2025-12-04,600903.SH,600903.SH,9.985323415160229,10.014266381580983,9.898494515897966,9.927437482318721,55281.9,37961030.0
2025-12-05,600903.SH,600903.SH,9.941904485889884,9.95637596257968,9.797189718991921,9.95637596257968,60774.8,41516254.0
2025-12-08,600903.SH,600903.SH,9.985318683065534,9.985318683065534,9.92743277765646,9.92743277765646,69846.0,48021696.0
2025-12-09,600903.SH,600903.SH,9.941903291888963,9.941903291888963,9.855074442178141,9.869545917129946,55792.58,38107403.0
2025-12-10,600903.SH,600903.SH,9.869541475834286,9.884012944273925,9.782712665196447,9.840598538955005,61309.2,41607814.0
2025-12-11,600903.SH,600903.SH,9.855066461342467,9.855066461342467,9.652465976087262,9.652465976087262,78242.2,52613488.0
2025-12-12,600903.SH,600903.SH,9.65247078067795,9.768242544164343,9.65247078067795,9.681413721549548,54469.0,36595682.0
2025-12-15,600903.SH,600903.SH,9.652475240090682,9.739304102820133,9.638003762969108,9.710361148576983,41770.8,27999803.0
2025-12-16,600903.SH,600903.SH,9.710363020453832,9.710363020453832,9.551176741429996,9.609062661075027,52932.8,35154494.0
2025-12-17,600903.SH,600903.SH,9.609061740446268,9.681419133070111,9.522232869297659,9.666947654545343,51551.8,34234043.0
2025-12-18,600903.SH,600903.SH,9.638004755294935,9.695890669741152,9.623533276683382,9.652476233906489,36799.0,24589763.0
2025-12-19,600903.SH,600903.SH,9.666950079055686,9.768250454135611,9.638007114747136,9.753778971981337,52283.98,35138234.0
2025-12-22,600903.SH,600903.SH,9.768247319006193,9.78271879651583,9.724832886477277,9.739304363986916,48936.6,32983627.0
2025-12-23,600903.SH,600903.SH,9.739300962498529,9.75377243495395,9.66694360022142,9.695886545132264,45965.03,30799836.0
2025-12-24,600903.SH,600903.SH,9.710357295090809,9.724828766469484,9.666942880954783,9.724828766469484,37585.01,25193082.0
2025-12-25,600903.SH,600903.SH,9.724829694023942,9.739301166782907,9.695886748506014,9.710358221264977,41959.66,28160033.0
2025-12-26,600903.SH,600903.SH,9.710361264810091,9.739304219399688,9.666946832925692,9.695889787515291,42398.6,28446805.0
2025-12-29,600903.SH,600903.SH,9.681414536354287,9.724828951315516,9.638000121393057,9.6524715930468,50106.4,33501718.0
2025-12-30,600903.SH,600903.SH,9.609052366332126,9.666938223960631,9.551166508703618,9.623523830739252,44581.8,29586741.0
2025-12-31,600903.SH,600903.SH,9.623524194715191,9.65246712462411,9.565638334897356,9.565638334897356,42355.92,28068354.0
