Date,Symbol,Name,Open,High,Low,Close,Volume,Amount
2017-01-03,601006.SH,601006.SH,7.06,7.22,7.06,7.21,454407.58,324525862.0
2017-01-04,601006.SH,601006.SH,7.240030787379974,7.410031510288067,7.230030744855968,7.290031000000001,816186.99,597587163.0
2017-01-05,601006.SH,601006.SH,7.269984386754134,7.689983484750934,7.1999845370880005,7.4999838928,906655.92,675266635.0
2017-01-06,601006.SH,601006.SH,7.459983978705067,7.6799835062272,7.409984086086401,7.4699839572288,673653.38,506320735.0
2017-01-09,601006.SH,601006.SH,7.4401518931261785,7.540153934700455,7.370150464024185,7.490152913913318,467337.64,348410539.0
2017-01-10,601006.SH,601006.SH,7.460314258614472,7.510316364905454,7.3503096247743125,7.370310467290705,366227.41,271616739.0
2017-01-11,601006.SH,601006.SH,7.359973834339048,7.409973656583198,7.279974118748406,7.289974083197236,311313.52,228132459.0
2017-01-12,601006.SH,601006.SH,7.269782573843359,7.3097813775508875,7.199784667355185,7.209784368282066,267464.37,193940610.0
2017-01-13,601006.SH,601006.SH,7.229627638629379,7.2896245484935225,7.1896296987199495,7.2696255785388075,391801.55,283984578.0
2017-01-16,601006.SH,601006.SH,7.26977176122707,7.419767052036432,7.129776156471666,7.359768935712688,887509.81,647063023.0
2017-01-17,601006.SH,601006.SH,7.349592774980975,7.35959222093333,7.269597207362134,7.3295938830762655,237527.29,173768090.0
2017-01-18,601006.SH,601006.SH,7.30985590587015,7.359854920274187,7.26985669434692,7.3398553145125724,360977.49,264372966.0
2017-01-19,601006.SH,601006.SH,7.309849864666922,7.369848632365967,7.219851713118356,7.259850891584385,258068.33,188395383.0
2017-01-20,601006.SH,601006.SH,7.250014642439667,7.320014783814947,7.200014541457325,7.270014682832604,345602.32,250549515.0
2017-01-23,601006.SH,601006.SH,7.179714743054188,7.229712756585206,7.0797187159921515,7.089718318698355,690569.92,494612337.0
2017-01-24,601006.SH,601006.SH,7.0797187159921515,7.099717921404559,7.029720702461134,7.089718318698355,367201.58,259558508.0
2017-01-25,601006.SH,601006.SH,7.0895707408768125,7.1095695299907105,7.059572557205965,7.1095695299907105,140249.66,99553670.0
2017-01-26,601006.SH,601006.SH,7.0994329168513115,7.159428124599351,7.079434514268633,7.139429722016671,287259.39,204393876.0
2017-02-03,601006.SH,601006.SH,7.149494476811032,7.159493769785593,6.949508617319815,6.979506496243498,389409.67,273849204.0
2017-02-06,601006.SH,601006.SH,6.989277805338239,7.00927573897297,6.929284004434048,6.989277805338239,396891.63,276378646.0
2017-02-07,601006.SH,601006.SH,6.9894920897867125,6.999491363162659,6.93949572290698,6.979492816410766,227679.5,158810164.0
2017-02-08,601006.SH,601006.SH,6.969760081739723,7.069756639583909,6.949760770170887,7.05975698379949,268348.62,188011265.0
2017-02-09,601006.SH,601006.SH,7.069524975242046,7.08952363146621,7.0295276627937175,7.079524303354128,226196.12,159915481.0
2017-02-10,601006.SH,601006.SH,7.079348810920693,7.1293442121277595,7.059350650437865,7.099346971403519,410630.08,291365845.0
2017-02-13,601006.SH,601006.SH,7.099287061302493,7.149282040607441,7.059291077858536,7.109286057163484,483609.7,343334041.0
2017-02-14,601006.SH,601006.SH,7.129146256000484,7.269129492443691,7.109148650794312,7.13914505860357,417775.82,298636088.0
2017-02-15,601006.SH,601006.SH,7.119187903098837,7.129186762513301,7.029198168368655,7.0391970277831195,409756.11,290649699.0
2017-02-16,601006.SH,601006.SH,7.029198168368655,7.069193606026514,6.999201590125261,7.0391970277831195,433098.07,304599313.0
2017-02-17,601006.SH,601006.SH,7.0392131403943425,7.049212022696039,6.979219846584163,6.98921872888586,317362.15,222515737.0
2017-02-20,601006.SH,601006.SH,6.98911973145344,7.069109656849188,6.969122250104503,7.059110916174719,374703.17,263768901.0
2017-02-21,601006.SH,601006.SH,7.058879600675769,7.078876426740007,7.048881187643651,7.078876426740007,282340.12,199449181.0
2017-02-22,601006.SH,601006.SH,7.079052897313818,7.109048884166842,7.039058248176452,7.059055572745135,408517.44,288477059.0
2017-02-23,601006.SH,601006.SH,7.058812226384934,7.058812226384934,6.978825685576041,7.018818955980487,405295.5,284056588.0
2017-02-24,601006.SH,601006.SH,6.998822320778264,7.048813908783823,6.958829050373817,7.018818955980487,304562.33,213084325.0
2017-02-27,601006.SH,601006.SH,6.9991541614917505,7.009152953151024,6.939161411536107,6.959158994854654,263241.7,183440204.0
2017-02-28,601006.SH,601006.SH,6.9491602031953805,6.989155369832477,6.939161411536107,6.959158994854654,161824.43,112666331.0
2017-03-01,601006.SH,601006.SH,6.959158994854654,6.9991541614917505,6.9491602031953805,6.959158994854654,239263.1,166845669.0
2017-03-02,601006.SH,601006.SH,6.999485913307496,7.019484444488374,6.909492522993543,6.919491788583982,416096.05,289842940.0
2017-03-03,601006.SH,601006.SH,6.899182630866841,6.939177892495055,6.849188553831573,6.929179077088,343736.68,236458950.0
2017-03-06,601006.SH,601006.SH,6.919478226380077,6.929477472371956,6.889480488404441,6.919478226380077,194117.86,134096772.0
2017-03-07,601006.SH,601006.SH,6.91923529793587,6.9592308776927245,6.909236402996656,6.949231982753512,179021.83,124221231.0
2017-03-08,601006.SH,601006.SH,6.959501625868082,6.959501625868082,6.919504490087231,6.939503057977657,145332.49,100816812.0
2017-03-09,601006.SH,601006.SH,6.919504490087231,6.949502341922869,6.869508070361167,6.939503057977657,245451.62,169319154.0
2017-03-10,601006.SH,601006.SH,6.9292506965033045,6.949248534011251,6.889255021487412,6.899253940241386,164664.91,113894788.0
2017-03-13,601006.SH,601006.SH,6.899273822817582,6.939269613094786,6.859278032540379,6.939269613094786,188378.7,130245400.0
2017-03-14,601006.SH,601006.SH,6.929554635636454,6.939553992975036,6.909555920959293,6.929554635636454,180321.28,124929272.0
2017-03-15,601006.SH,601006.SH,6.929853047093307,6.9498526229867945,6.899853683253077,6.919853259146564,218689.93,151526771.0
2017-03-16,601006.SH,601006.SH,6.93954039144921,6.989537080148412,6.899543040489848,6.929541053709369,490619.5,340283440.0
2017-03-17,601006.SH,601006.SH,6.929849595318331,6.949849161249986,6.7598532848992665,6.8498513315917124,679913.45,469389990.0
2017-03-20,601006.SH,601006.SH,6.920138956218601,7.080142169079147,6.910138755414817,7.060141767471578,1096864.04,768199758.0
2017-03-21,601006.SH,601006.SH,7.059795233009648,7.169792042589119,7.029796103124339,7.089794362894958,798399.55,568404790.0
2017-03-22,601006.SH,601006.SH,7.049575712007692,7.139570295565237,7.01957751748851,7.119571499219116,465474.43,330254406.0
2017-03-23,601006.SH,601006.SH,7.129667433189942,7.139666966756828,7.039671631087966,7.089669298922397,351876.48,249815556.0
2017-03-24,601006.SH,601006.SH,7.06993225453148,7.169931296321175,7.029932637815602,7.1499314879632365,494465.08,352277073.0
2017-03-27,601006.SH,601006.SH,7.50018151017765,7.6301846563540625,7.370178364001237,7.400179090041949,1629916.82,1214118884.0
2017-03-28,601006.SH,601006.SH,7.4498173684578335,7.4498173684578335,7.309820800459968,7.389818839315891,565519.77,416893188.0
2017-03-29,601006.SH,601006.SH,7.379866147077214,7.43986505884207,7.309867416684883,7.3698663284497385,459974.86,339454513.0
2017-03-30,601006.SH,601006.SH,7.369765603618998,7.47976210516555,7.339766557742665,7.389764967536553,662790.98,490601900.0
2017-03-31,601006.SH,601006.SH,7.3700732450893724,7.580075332127197,7.360073145706619,7.570075232744444,830767.68,623101554.0
2017-04-05,601006.SH,601006.SH,7.600000223755764,7.760000228466411,7.590000223461348,7.670000225816673,783986.15,601503031.0
2017-04-06,601006.SH,601006.SH,7.64985653999045,7.779854102107935,7.609857290108147,7.71985522728448,561917.01,432137712.0
2017-04-07,601006.SH,601006.SH,7.70981941548901,7.7498184786043876,7.629821289258254,7.70981941548901,415016.77,319145514.0
2017-04-10,601006.SH,601006.SH,7.79011462787346,7.9501169822328634,7.780114480725997,7.840115363610773,951495.39,750883939.0
2017-04-11,601006.SH,601006.SH,7.800114775020923,7.9501169822328634,7.760114186431071,7.840115363610773,618099.95,484276624.0
2017-04-12,601006.SH,601006.SH,7.810289140194532,7.910292842373719,7.790288399758694,7.890292101937882,657751.14,517333661.0
2017-04-13,601006.SH,601006.SH,7.890606299229009,8.000614752069971,7.780597846388047,7.81060015170831,541125.85,425153040.0
2017-04-14,601006.SH,601006.SH,7.810293342511079,7.890296347299925,7.720289962123627,7.790292591313868,433534.8,337972491.0
2017-04-17,601006.SH,601006.SH,7.7801652109451584,7.800165635651958,7.640162237997559,7.780165210945159,476058.29,367082494.0
2017-04-18,601006.SH,601006.SH,7.80027978441736,7.880282654001128,7.760278349625476,7.7902794257193895,406930.25,318585097.0
2017-04-19,601006.SH,601006.SH,7.760278349625476,7.840281219209244,7.6302736865518535,7.7902794257193895,432881.75,334903513.0
2017-04-20,601006.SH,601006.SH,7.780229281044954,8.040236943393499,7.77022898633924,7.970234880453507,761842.36,606503374.0
2017-04-21,601006.SH,601006.SH,8.00052177299923,8.050525034080476,7.840511337539245,8.00052177299923,581167.51,462099788.0
2017-04-24,601006.SH,601006.SH,7.990521120782983,8.070526338512975,7.890514598620492,8.060525686296726,564748.75,450638842.0
2017-04-25,601006.SH,601006.SH,8.020149126929011,8.040149498816614,7.770144478333967,7.850145965884381,464022.7,366444528.0
2017-04-26,601006.SH,601006.SH,7.840110644844254,7.880111209358765,7.770109656943859,7.810110221458371,217787.69,170256062.0
2017-04-27,601006.SH,601006.SH,7.810433467665479,7.870436797762782,7.6504245874060075,7.780431802616829,524635.32,407250503.0
2017-04-28,601006.SH,601006.SH,7.800660925303633,7.840664314664165,7.730654993922704,7.8006609253036325,266395.53,207590582.0
2017-05-02,601006.SH,601006.SH,7.790778118267711,7.950794100157677,7.7707761205314645,7.9207911035533085,353210.24,278601815.0
2017-05-03,601006.SH,601006.SH,7.921181172662932,7.981190120940681,7.871173715764807,7.9611871381814305,283671.97,225473377.0
2017-05-04,601006.SH,601006.SH,7.921280935649991,8.021297109079914,7.871272848935029,7.941284170335977,375055.36,297973213.0
2017-05-05,601006.SH,601006.SH,7.92145188424735,7.971461050183255,7.7914280528139965,7.971461050183255,325771.96,257241748.0
2017-05-08,601006.SH,601006.SH,7.941086523876795,8.081105681728527,7.791065997607082,8.071104313310546,664126.56,528811145.99999994
2017-05-09,601006.SH,601006.SH,8.021029035257273,8.051032884516342,7.951020053652784,7.971022619825495,208800.05,167009151.0
2017-05-10,601006.SH,601006.SH,7.96102133673914,8.001026469084563,7.89101235513465,7.971022619825495,229375.77,182181121.0
2017-05-11,601006.SH,601006.SH,7.95100627713289,8.101025263493888,7.92100247986069,8.081022731979088,526429.04,422038563.0
2017-05-12,601006.SH,601006.SH,8.080719069320187,8.140724408943854,8.020713729696523,8.090719959257465,249045.07,201346235.0
2017-05-15,601006.SH,601006.SH,8.13105658478928,8.311079977810444,8.081050086727844,8.301078678198158,384396.63,315658602.0
2017-05-16,601006.SH,601006.SH,8.30134423403265,8.481373386096008,8.251336136237272,8.441366907859706,411305.74,345429736.0
2017-05-17,601006.SH,601006.SH,8.441391287258718,8.481397881037195,8.301368209034047,8.311369857478667,269749.39,225811186.0
2017-05-18,601006.SH,601006.SH,8.301146575365536,8.421163152358773,8.25113966828502,8.391159008110463,218011.53,181526228.0
2017-05-19,601006.SH,601006.SH,8.361222549401527,8.441234248438862,8.271209387984525,8.401228398920196,187219.43,156443028.0
2017-05-22,601006.SH,601006.SH,8.401030256740977,8.491041295206058,8.311019218275895,8.48104006870994,276276.46,232231715.0
2017-05-23,601006.SH,601006.SH,8.481277024427808,8.611296601453233,8.361258953327413,8.591293589603168,503000.34,426903796.0
2017-05-24,601006.SH,601006.SH,8.50170011126558,8.551710111920084,8.321664108909367,8.52170411152738,422011.63,356019047.0
2017-05-25,601006.SH,601006.SH,8.442047331250835,8.522066737234255,8.402037628259126,8.46205218274669,373940.79,316148091.0
2017-05-26,601006.SH,601006.SH,8.412040054007052,8.512064311486329,8.392035202511199,8.46205218274669,255668.14,215846692.0
2017-05-31,601006.SH,601006.SH,8.451729468797442,8.581756076009711,8.271692628041995,8.551749935883805,776424.33,656021462.0
2017-06-01,601006.SH,601006.SH,8.441506592120573,8.591533368046887,8.351490526564785,8.41150123693531,582117.3,491933818.0
2017-06-02,601006.SH,601006.SH,8.401591249729801,8.471604510144216,8.37158556669505,8.421595038419634,178226.14,150050580.0
2017-06-05,601006.SH,601006.SH,8.42129624063698,8.451300859071553,8.221265451073156,8.23126699055135,317476.1,264549972.0
2017-06-06,601006.SH,601006.SH,8.201147105618261,8.211148504527554,8.011120526341742,8.041124723069613,600344.55,484535737.0
2017-06-07,601006.SH,601006.SH,8.051325407278954,8.141340225496979,8.041323760810283,8.081330346684961,577590.69,466450398.0
2017-06-08,601006.SH,601006.SH,8.091418721194483,8.221441518939265,8.061413460176457,8.21143976526659,488533.35,398028003.0
2017-06-09,601006.SH,601006.SH,8.271544168757519,8.451577778234707,8.271544168757519,8.37156284068929,572898.54,479771158.0
2017-06-12,601006.SH,601006.SH,8.36173595978997,8.48176087787308,8.311725577255341,8.411746342324598,366048.36,308493167.0
2017-06-13,601006.SH,601006.SH,8.402127168277636,8.432134765307197,8.332109441875321,8.362117038904882,230467.1,193105580.0
2017-06-14,601006.SH,601006.SH,8.371696387561359,8.431708548045671,8.211663959603198,8.231668013097968,346953.11,286959843.0
2017-06-15,601006.SH,601006.SH,8.202005447320905,8.242015229990765,8.011958979639079,8.071973653643868,461433.98,373326132.0
2017-06-16,601006.SH,601006.SH,8.06183086995908,8.141849042365621,8.051828598408262,8.10183995616235,198788.93,161175281.0
2017-06-19,601006.SH,601006.SH,8.092086817545171,8.15210229456034,8.05207649953506,8.122094556052755,363086.48,293780836.0
2017-06-20,601006.SH,601006.SH,8.142099715057812,8.15210229456034,8.072081658540116,8.122094556052755,188581.61,152930631.0
2017-06-21,601006.SH,601006.SH,8.152233363683711,8.222252545948479,8.082214181418943,8.212249805624941,270727.9,220408729.0
2017-06-22,601006.SH,601006.SH,8.232631931932568,8.34266710963762,8.142603150173889,8.242635129905754,646289.22,533075832.00000006
2017-06-23,601006.SH,601006.SH,8.202289075485124,8.282311407928882,8.112263951485899,8.272308616373413,363708.41,298588766.0
2017-06-26,601006.SH,601006.SH,8.252151724449318,8.322169981505253,8.212141291845928,8.292162157052708,551818.73,456244604.0
2017-06-27,601006.SH,601006.SH,8.282412943545204,8.422453742107562,8.262407115179153,8.402447913741511,394596.43,329149998.0
2017-06-28,601006.SH,601006.SH,8.422131351533702,8.452138945422776,8.352113632459194,8.362116163755552,414027.03,348231619.0
2017-06-29,601006.SH,601006.SH,8.382509652356367,8.57841086194403,8.36188847239977,8.557789681987433,384359.78,316374104.0
2017-06-30,601006.SH,601006.SH,8.485251449445808,8.691454400829667,8.42339056403065,8.650213810552897,365975.28,304209634.0
2017-07-03,601006.SH,601006.SH,8.660523958122088,8.722384843537247,8.567732629999352,8.650213810552897,287969.06,241841428.0
2017-07-04,601006.SH,601006.SH,8.66033372088466,8.66033372088466,8.485065062247708,8.495374983344,274674.47,228212773.0
2017-07-05,601006.SH,601006.SH,8.474567943678913,8.61890365074887,8.423019476868213,8.58797457066245,222040.95,183954650.0
2017-07-06,601006.SH,601006.SH,8.567342886299151,8.639510636243909,8.495175136354392,8.618891279116834,208118.81,173432561.0
2017-07-07,601006.SH,601006.SH,8.721917186293892,9.21677773587085,8.721917186293892,9.134300977608023,1068364.94,927724697.0
2017-07-10,601006.SH,601006.SH,9.13416755523419,9.216643108780323,9.041382557494792,9.175405332007259,446854.45,395243188.0
2017-07-11,601006.SH,601006.SH,9.123537794391499,9.216319534673447,9.041065136363102,9.1029196298844,399475.56,353790183.0
2017-07-12,601006.SH,601006.SH,9.061365473385528,9.2366137248617,9.051056752710458,9.081982914735667,323308.31,286506480.0
2017-07-13,601006.SH,601006.SH,9.113208790214955,9.319389984563708,9.061663491627765,9.278153745693958,434284.65,387989481.0
2017-07-14,601006.SH,601006.SH,9.246817397224543,9.391137847125481,9.20558298296713,9.31897762217501,279071.15,252472004.0
2017-07-17,601006.SH,601006.SH,9.463122787172301,9.628057389127374,9.081711520151195,9.34973024832819,879864.38,800116301.0
2017-07-18,601006.SH,601006.SH,9.277785219357199,9.360254421307042,9.102538165213787,9.25716791886974,508138.99,454802892.0
2017-07-19,601006.SH,601006.SH,9.277830326821249,9.504621734810215,9.236595525368712,9.329373828636925,725449.63,658045194.0
2017-07-20,601006.SH,601006.SH,9.349806081022018,9.442582547096107,9.267338111178384,9.370423073482927,477733.37,432630260.0
2017-07-21,601006.SH,601006.SH,9.36011767662816,9.432277174135207,9.298266678764978,9.339500677340434,404605.58,367775368.0
2017-07-24,601006.SH,601006.SH,9.329227226595359,9.46323822543043,9.287993073107645,9.329227226595359,443323.38,402670234.0
2017-07-25,601006.SH,601006.SH,9.328892545797995,9.339200714356888,9.112421006061245,9.194886354532388,443552.4,396162703.0
2017-07-26,601006.SH,601006.SH,9.174270017414603,9.246427197326852,9.019647489031211,9.194886354532388,557032.25,494872690.0
2017-07-27,601006.SH,601006.SH,9.163768923343103,9.22561663261201,9.112229165619013,9.205000729522373,332604.44,296083155.0
2017-07-28,601006.SH,601006.SH,9.163559376408678,9.21509795557858,9.019251354732951,9.060482218068872,458461.74,405593851.0
2017-07-31,601006.SH,601006.SH,9.07034002272213,9.13218325014978,8.998189590723204,9.018803999865753,398938.49,350228358.0
2017-08-01,601006.SH,601006.SH,9.0292388785208,9.122005031382315,8.97770212693107,9.11169768106437,442472.57,388414886.0
2017-08-02,601006.SH,601006.SH,9.143021881614667,9.143021881614667,8.978097022419815,8.998712629819172,391726.29,344039377.0
2017-08-03,601006.SH,601006.SH,8.977689207257587,9.111684568559937,8.967381871772789,9.008611213711974,310732.56,272213538.0
2017-08-04,601006.SH,601006.SH,8.998117565223103,9.17333864037636,8.967196199019586,9.059960297630134,446229.09,393291893.0
2017-08-07,601006.SH,601006.SH,9.008220663735306,9.090675772785515,8.853617334266165,8.874231111528717,485866.27,420990151.0
2017-08-08,601006.SH,601006.SH,8.833003557003613,8.936072443316373,8.822696668372338,8.874231111528717,281531.22,242449884.0
2017-08-09,601006.SH,601006.SH,8.874639098349945,8.884946460833511,8.82310228593212,8.833409648415683,205193.08,176021872.0
2017-08-10,601006.SH,601006.SH,8.905530652448004,9.111677195328745,8.895223325303968,9.018911251032412,552010.9,482722364.0
2017-08-11,601006.SH,601006.SH,8.926145306736078,9.02921857817645,8.771535399575523,8.946759961024153,624677.6,542214360.0
2017-08-14,601006.SH,601006.SH,8.926257142431337,9.019024248992404,8.843797492154836,8.885027317293087,420260.3,364006680.0
2017-08-15,601006.SH,601006.SH,8.916114758586676,9.029498876903963,8.874884170107661,9.01919122978421,312184.51,271794829.0
2017-08-16,601006.SH,601006.SH,9.018934419099995,9.060163833587309,8.98801235823451,9.049856479965479,291818.59,255995718.0
2017-08-17,601006.SH,601006.SH,9.10128048745031,9.328039457692562,9.090973261530207,9.317732231772457,667919.04,599876476.0
2017-08-18,601006.SH,601006.SH,9.266147809293237,9.575362975343065,9.19399760388161,9.492905597729779,800167.78,735037967.0
2017-08-21,601006.SH,601006.SH,9.58567860238058,9.740286321773814,9.28677034488699,9.348613432644287,755187.92,692514756.0
2017-08-22,601006.SH,601006.SH,9.287080942687117,9.348926098798241,9.18400568250191,9.214928260557473,434518.81,389421819.0
2017-08-23,601006.SH,601006.SH,9.225235786575993,9.266465890650077,9.153083104446349,9.214928260557473,240959.87,214915746.0
2017-08-24,601006.SH,601006.SH,9.24567935132374,9.36936736940165,9.19414267712461,9.225064681644088,321233.69,288818979.0
2017-08-25,601006.SH,601006.SH,9.256232148793918,9.349000622445528,9.194386499692845,9.328385406078503,316851.27,285411280.0
2017-08-28,601006.SH,601006.SH,9.369662479599361,9.575815669469533,9.204739927703223,9.318124182131816,877277.29,799750994.0
2017-08-29,601006.SH,601006.SH,9.31778012831586,9.379623801733887,9.245629175994832,9.379623801733887,460194.01,415541998.0
2017-08-30,601006.SH,601006.SH,9.513670414458884,9.554899755366614,9.38998239173569,9.431211732643423,793724.9,728005199.0
2017-08-31,601006.SH,601006.SH,9.431144661662831,9.492988233214717,9.389915613961572,9.420837399737517,430973.65,394284388.0
2017-09-01,601006.SH,601006.SH,9.420613784256382,9.503069922411798,9.327850628831538,9.379385715178671,529002.59,483269330.0
2017-09-04,601006.SH,601006.SH,9.317564044771782,9.4103274036246,9.296949965026712,9.400020363752063,425676.32,386742652.0
2017-09-05,601006.SH,601006.SH,9.399653126552503,9.399653126552503,9.275973480150498,9.286280117350664,340305.78,307482925.0
2017-09-06,601006.SH,601006.SH,9.285899327987192,9.306511757128117,9.172530967712099,9.224062040564414,332408.14,297488574.0
2017-09-07,601006.SH,601006.SH,9.203807580996875,9.22442081186137,9.131661272971144,9.141967888403391,320980.26,285581865.0
2017-09-08,601006.SH,601006.SH,9.172723784896732,9.224255940991657,9.079965903925867,9.110885197582821,301979.39,268248101.00000003
2017-09-11,601006.SH,601006.SH,9.110999851419013,9.265598265187435,9.110999851419013,9.172839216926382,382629.86,342042418.0
2017-09-12,601006.SH,601006.SH,9.182766563119076,9.244603374991932,9.172460427806934,9.23429723967979,351795.35,314612771.0
2017-09-13,601006.SH,601006.SH,9.223991104367645,9.27552178092836,9.193072698431218,9.23429723967979,352789.3,316372064.0
2017-09-14,601006.SH,601006.SH,9.265066906368396,9.295984815955832,9.213537057056001,9.244454966643438,269050.98,241799642.0
2017-09-15,601006.SH,601006.SH,9.233942402261032,9.254553880837507,9.09996779151394,9.120579270090417,353125.44,313910460.0
2017-09-18,601006.SH,601006.SH,9.130885009378654,9.161802227243369,9.079356312937465,9.120579270090417,329379.81,291287283.0
2017-09-19,601006.SH,601006.SH,9.131250450661442,9.182781209412354,9.110638147161078,9.141556602411624,217555.71,193091115.0
2017-09-20,601006.SH,601006.SH,9.131500890148972,9.203645931041798,9.100581586909192,9.131500890148972,270570.66,240006683.0
2017-09-21,601006.SH,601006.SH,9.121066366481745,9.193210394239228,9.079841207763184,9.100453787122465,347536.02,307832253.0
2017-09-22,601006.SH,601006.SH,9.100771531780119,9.172918078464672,9.0183183355692,9.121384830832847,386334.63,341275529.0
2017-09-25,601006.SH,601006.SH,9.121389926578564,9.255376445274068,9.028630029020137,9.224456479421258,460888.24,409528306.0
2017-09-26,601006.SH,601006.SH,9.19325276244149,9.244784448329616,9.13141473937574,9.182946425263864,248349.2,221457424.0
2017-09-27,601006.SH,601006.SH,9.172236450417204,9.21345998502582,9.100095264852126,9.110401148504279,239028.48,212495633.0
2017-09-28,601006.SH,601006.SH,9.08950590302266,9.15133927651261,9.048283654029358,9.120422589767633,224542.63,197942826.0
2017-09-29,601006.SH,601006.SH,9.11011182173815,9.141028490816446,8.986445145424963,9.017361814503259,361958.55,317813401.0
2017-10-09,601006.SH,601006.SH,9.120288849104092,9.202732138135543,9.037845560072643,9.140899671361955,449134.47,398349602.0
2017-10-10,601006.SH,601006.SH,9.182022572444462,9.305686176113745,9.171717272138688,9.295380875807972,419874.4,376493734.0
2017-10-11,601006.SH,601006.SH,9.264464974890652,9.31599147641952,9.23354907397333,9.295380875807972,313128.95,281903348.0
2017-10-12,601006.SH,601006.SH,9.295060769976484,9.398110224189084,9.284755824555225,9.336280551661526,342406.96,310832904.0
2017-10-13,601006.SH,601006.SH,9.346904343812117,9.37782023469573,9.233546077238872,9.243851374200077,323916.66,292074957.0
2017-10-16,601006.SH,601006.SH,9.24398858761891,9.336737636993012,9.223377687757997,9.233683137688455,287308.91,258534113.0
2017-10-17,601006.SH,601006.SH,9.223081882326587,9.315827957120932,9.192166524061806,9.25399724059137,271205.49,243312931.0
2017-10-18,601006.SH,601006.SH,9.243288466491999,9.459686524235957,9.181460449993725,9.4390771854032,673430.34,611559320.0
2017-10-19,601006.SH,601006.SH,9.42838024636102,9.52111841271867,9.387163283535397,9.510814172012264,524833.49,482389655.0
2017-10-20,601006.SH,601006.SH,9.479906618868757,9.500515111518473,9.407776894594756,9.448993879894186,265902.33,243753473.0
2017-10-23,601006.SH,601006.SH,9.439046274610854,9.50087408863669,9.397827731926963,9.490569452965719,329537.5,302215185.0
2017-10-24,601006.SH,601006.SH,9.470348874019288,9.676450046468023,9.449738756774416,9.666144987845586,724209.91,674319806.0
2017-10-25,601006.SH,601006.SH,9.665834437230018,9.748272257590187,9.604006071959889,9.68644389232006,466432.66,438056531.0
2017-10-26,601006.SH,601006.SH,9.614184295415445,9.645098071284947,9.335960312589918,9.397787864328922,1362311.0,1249506272.0
2017-10-27,601006.SH,601006.SH,9.418561382323464,9.511304328101266,9.356732751804929,9.44947569758273,486085.77,444351394.0
2017-10-30,601006.SH,601006.SH,9.459600578428534,9.49051430580902,9.29472736573261,9.428686851048049,577251.11,525973817.00000006
2017-10-31,601006.SH,601006.SH,9.407741696686081,9.448958527777805,9.335612242275563,9.376829073367286,378069.06,344405973.0
2017-11-01,601006.SH,601006.SH,9.376629118538562,9.376629118538562,9.16024536964921,9.18085334573391,760051.08,682116475.0
2017-11-02,601006.SH,601006.SH,9.191459593312741,9.253285554702737,9.10902497812608,9.212068247109405,361502.92,322562461.0
2017-11-03,601006.SH,601006.SH,9.211934859695871,9.222239037391281,8.98524295039687,9.10889308274178,685664.85,606428072.0
2017-11-06,601006.SH,601006.SH,9.10917780012466,9.129786799672454,9.026741801933488,9.098873300350764,370228.46,326183604.0
2017-11-07,601006.SH,601006.SH,9.088591368129196,9.17102757101472,9.047373266686431,9.129809469571958,457014.01,404532369.0
2017-11-08,601006.SH,601006.SH,9.13019810335343,9.233247743346134,9.09928321135562,9.150808031351973,424379.13,377205964.0
2017-11-09,601006.SH,601006.SH,9.140462078549708,9.202291585281726,9.119852242972371,9.191986667493056,271363.54,241490411.0
2017-11-10,601006.SH,601006.SH,9.191695518594086,9.202000109982645,9.057735830542827,9.109258787485619,376271.94,332588918.0
2017-11-13,601006.SH,601006.SH,9.109542501886116,9.295030923870222,9.088932677221216,9.264116186872872,415312.07,371140472.0
2017-11-14,601006.SH,601006.SH,9.274881193391698,9.28518661693991,9.18213238145778,9.223354075650633,304990.02,272978108.0
2017-11-15,601006.SH,601006.SH,9.202459193269375,9.233374509708131,9.099408138473525,9.181848982310205,396352.23,352421722.0
2017-11-16,601006.SH,601006.SH,9.160941734599065,9.160941734599065,9.047589249694013,9.057894021049018,323445.06,285205565.0
2017-11-17,601006.SH,601006.SH,9.06816565280711,9.336088728912774,8.965118315843391,9.305174527823658,1093673.11,971205411.0
2017-11-20,601006.SH,601006.SH,9.274260326734543,9.336088728912774,9.160908256074455,9.305174527823658,525579.07,471383497.0
2017-11-21,601006.SH,601006.SH,9.274324218301917,9.63499238234699,9.233104999553909,9.573163554224978,1268321.21,1164999730.0
2017-11-22,601006.SH,601006.SH,9.593888738904685,9.676328169529,9.490839450624291,9.66602324070096,1001579.89,930883985.0
2017-11-23,601006.SH,601006.SH,9.68647998362969,9.779222877089973,9.30520364384852,9.387641771368772,1141401.31,1061585848.9999999
2017-11-24,601006.SH,601006.SH,9.335922317911301,9.377140517990378,9.078308567417059,9.294704117832222,801929.81,716821338.0
2017-11-27,601006.SH,601006.SH,9.212267717674065,9.31531321787176,9.05769946737752,9.294704117832222,762013.37,679468677.0
2017-11-28,601006.SH,601006.SH,9.212302910606917,9.243216678763318,9.140170784908653,9.171084553065054,379583.9,338012785.0
2017-11-29,601006.SH,601006.SH,9.1715183205777,9.192128474107088,9.089077706460149,9.150908167048312,438483.84,388937580.0
2017-11-30,601006.SH,601006.SH,9.15070963887113,9.18162419846191,9.07857566649264,9.119795079280347,416806.82,368947118.0
2017-12-01,601006.SH,601006.SH,9.08860867394039,9.160740488812934,9.067999583976807,9.129826853867558,294562.96,260700715.0
2017-12-04,601006.SH,601006.SH,9.108956913699688,9.19139091291869,9.108956913699688,9.139869663406813,342070.33,303673599.0
2017-12-05,601006.SH,601006.SH,9.139441389469994,9.417643100310682,9.139441389469994,9.345516730833467,905042.0,816880159.0
2017-12-06,601006.SH,601006.SH,9.324956594025634,9.355868052348372,9.201310760734687,9.324956594025634,419930.05,378515190.0
2017-12-07,601006.SH,601006.SH,9.27380967491459,9.35624353869161,9.150158879249064,9.242896975998208,372309.3,333500114.0
2017-12-08,601006.SH,601006.SH,9.201680044109699,9.284113907886718,9.181071578165446,9.242896975998208,269251.03,241638650.0
2017-12-11,601006.SH,601006.SH,9.201440717902273,9.23235261281124,9.129312963114685,9.191136752932618,454278.19,405046584.0
2017-12-12,601006.SH,601006.SH,9.201490511493532,9.211794532223088,9.129362366386639,9.139666387116195,237747.53,211339299.0
2017-12-13,601006.SH,601006.SH,9.118808803857759,9.160023758903446,9.067290110050655,9.149720020142023,260538.1,230457764.0
2017-12-14,601006.SH,601006.SH,9.159585401107309,9.169888646777846,9.08746268141355,9.128675664095697,205235.0,181672131.0
2017-12-15,601006.SH,601006.SH,9.128945989343155,9.139249540121194,9.00530338000668,9.046517583118836,308450.83,271006831.0
2017-12-18,601006.SH,601006.SH,9.046165602571236,9.066771902349304,8.984346703237037,9.056468752460269,220363.33,193009016.0
2017-12-19,601006.SH,601006.SH,9.056468752460269,9.056468752460269,8.99464985312607,9.056468752460269,281889.67,247112336.0
2017-12-20,601006.SH,601006.SH,9.046388419590048,9.087602034257886,8.963961190254377,9.077298630590928,337725.95,295909219.0
2017-12-21,601006.SH,601006.SH,9.056374530992452,9.128495829874076,9.004859317505579,9.087283659084578,280119.6,246882789.0
2017-12-22,601006.SH,601006.SH,9.087551172378813,9.231798016384825,9.077247826378382,9.169977940382248,348192.58,310078066.0
2017-12-25,601006.SH,601006.SH,9.170194554034381,9.221712500967158,9.098069428328493,9.159890964647827,283488.96,251863003.0
2017-12-26,601006.SH,601006.SH,9.15967573781113,9.28331590525065,9.108159001377995,9.25240586339077,337245.64,300864151.0
2017-12-27,601006.SH,601006.SH,9.221914980431869,9.448598924084944,9.221914980431869,9.294041689776028,666971.15,605976770.0
2017-12-28,601006.SH,601006.SH,9.26305022916464,9.427909855045213,9.252746502547105,9.304265135634783,484474.49,439158408.0
2017-12-29,601006.SH,601006.SH,9.324597057904715,9.376114168721866,9.283383369250991,9.345203902231574,297847.67,269692687.0
2018-01-02,601006.SH,601006.SH,9.427488780840598,9.520218178684932,9.345062649423413,9.406882247986303,899557.43,823580256.0
2018-01-03,601006.SH,601006.SH,9.458169501577316,9.612714754871064,9.416957434032318,9.571502687326063,951685.71,880738532.0
2018-01-04,601006.SH,601006.SH,9.571783837297009,9.592390476343935,9.479053961585842,9.54087387872662,572673.67,529835331.0
2018-01-05,601006.SH,601006.SH,9.592402708935403,9.746952698875287,9.52027938029679,9.695436035561992,981713.92,919495656.0
2018-01-08,601006.SH,601006.SH,9.716443475217757,10.22132760065325,9.664924686908012,10.066771235724016,1676012.02,1619925141.0
2018-01-09,601006.SH,601006.SH,10.056349166679974,10.252118259064112,10.004830984473623,10.159385531092678,1172334.16,1152905848.0
2018-01-10,601006.SH,601006.SH,10.200455387494966,10.355007741850951,10.097420484590977,10.169544916623769,920616.9,912363916.0
2018-01-11,601006.SH,601006.SH,10.190342571825958,10.241860987254805,9.96366154393903,10.077002057882494,695138.56,678086331.0
2018-01-12,601006.SH,601006.SH,10.076673392584604,10.138493474747701,9.963336575285597,10.045763351503059,558431.88,543833686.0
2018-01-15,601006.SH,601006.SH,10.02471513500523,10.189561427050538,9.90108041597125,9.942291988982577,1047429.1,1019902575.0
2018-01-16,601006.SH,601006.SH,9.952234280971558,10.044956960607939,9.838906561415982,9.952234280971558,907952.09,875604431.0
2018-01-17,601006.SH,601006.SH,10.003395146132581,10.199136142812828,9.869467095772412,9.96218651525253,1039847.63,1010362590.0
2018-01-18,601006.SH,601006.SH,9.992775073433558,10.023680563351395,9.807342133926543,9.941265923570498,993758.88,953742234.0
2018-01-19,601006.SH,601006.SH,10.012959404198726,10.249891571170505,9.930548215686802,10.208685976914545,1386439.25,1358545771.0
2018-01-22,601006.SH,601006.SH,10.219080275363769,10.497220565116612,10.126366845446153,10.425110119625133,1470689.21,1478596130.0
2018-01-23,601006.SH,601006.SH,10.363301166346725,10.476617580690476,10.28088922864218,10.425110119625133,1201176.92,1209438244.0
2018-01-24,601006.SH,601006.SH,10.50752205732968,10.589933995034228,10.352999674133658,10.425110119625133,884832.29,898885380.0
2018-01-25,601006.SH,601006.SH,10.362982295541604,10.404186996517913,10.208464666880447,10.311476419321219,809368.7,808795703.0
2018-01-26,601006.SH,601006.SH,10.31168829897367,10.548620197951086,10.270482751325423,10.528017424126963,773932.98,785885818.0
2018-01-29,601006.SH,601006.SH,10.620483108838192,10.795602616937366,10.352653272921806,10.373255567992297,978575.26,1005557769.0
2018-01-30,601006.SH,601006.SH,10.362882312424304,10.455591995139828,10.259871553851498,10.362882312424304,547126.59,551120050.0
2018-01-31,601006.SH,601006.SH,10.053383288020246,10.08428508091375,9.806168944872207,9.940076714077394,1315239.31,1266511637.0
2018-02-01,601006.SH,601006.SH,9.94044373229453,10.064055467825654,9.816831996763405,10.043453511903799,943934.83,912418859.0
2018-02-02,601006.SH,601006.SH,9.951000119513932,10.064313785471128,9.84798769591648,10.033410058391894,542575.0,525987089.00000006
2018-02-05,601006.SH,601006.SH,9.92028639428092,10.270535342780974,9.899683514957387,10.219028144472142,769217.41,756659294.0
2018-02-06,601006.SH,601006.SH,10.085518146576531,10.198838575189752,9.972197717963311,10.167933003749782,1400176.86,1370295181.0
2018-02-07,601006.SH,601006.SH,10.21963351217621,10.384466310759699,9.941478164566576,10.075404813415659,983279.7,969480192.0
2018-02-08,601006.SH,601006.SH,10.00352319800776,10.034430066796661,9.457501849403835,9.653245351733542,876962.86,826329621.0
2018-02-09,601006.SH,601006.SH,9.334318601310898,9.437346400442364,8.788271265914121,9.41674084061607,1207600.25,1072422158.0
2018-02-12,601006.SH,601006.SH,9.303022533999364,9.46786014257521,9.21030137917545,9.344231936143327,515047.47,468666275.0
2018-02-13,601006.SH,601006.SH,9.436623156233768,9.52934106934087,9.3851132045076,9.488133107959936,364101.22,334483452.0
2018-02-14,601006.SH,601006.SH,9.48855121140788,9.519458544344062,9.33401454672697,9.375224323975212,307124.48,280049355.0
2018-02-22,601006.SH,601006.SH,9.447564440073318,9.612407440118218,9.447564440073318,9.602104752615412,378265.61,350721875.0
2018-02-23,601006.SH,601006.SH,9.59144211689012,9.694465125664449,9.539930612502953,9.663558223032151,318711.15,297808454.0
2018-02-26,601006.SH,601006.SH,9.663931309773671,9.80816909051656,9.602115118026717,9.766958296018593,296774.33,280382902.0
2018-02-27,601006.SH,601006.SH,9.766611026390292,9.797518023309248,9.663587703327105,9.735704029471334,359852.39,340047114.0
2018-02-28,601006.SH,601006.SH,9.694068225693796,9.724973862970183,9.5910494347725,9.60135131386463,306027.29,286606316.0
2018-03-01,601006.SH,601006.SH,9.540009231052633,9.643033088839378,9.385473444372515,9.467892530601912,317777.34,293186243.0
2018-03-02,601006.SH,601006.SH,9.406239109373033,9.488659605402589,9.334121175347171,9.395936547369336,271629.87,247707472.0
2018-03-05,601006.SH,601006.SH,9.396067844299257,9.46818678608664,9.35485702042075,9.437278668177763,235839.84,215382445.0
2018-03-06,601006.SH,601006.SH,9.447815764631972,9.478724649358139,9.375695033604247,9.46842168778275,267536.54,244790840.0
2018-03-07,601006.SH,601006.SH,9.46812971002145,9.509340285473124,9.292984764351848,9.354800627529356,372013.41,339473606.0
2018-03-08,601006.SH,601006.SH,9.324004707109808,9.344610242374138,9.231279798420317,9.262188101316815,339002.94,305406424.0
2018-03-09,601006.SH,601006.SH,9.25177122709887,9.29298178935766,9.169350102581284,9.272376508228264,397662.73,355838219.0
2018-03-12,601006.SH,601006.SH,9.30348957401122,9.375609648228362,9.272580970775303,9.344701044992444,368346.31,333317971.0
2018-03-13,601006.SH,601006.SH,9.365378263466226,9.365378263466226,9.272651746006165,9.31386353154397,245583.86,221980153.0
2018-03-14,601006.SH,601006.SH,9.324398546071873,9.324398546071873,9.24197292356516,9.272882532005177,183912.75,165671329.0
2018-03-15,601006.SH,601006.SH,9.273292383166812,9.345417990591443,9.242381408556255,9.324810674184405,221173.26,199434683.0
2018-03-16,601006.SH,601006.SH,9.325232163952602,9.335536287890672,9.22219092457191,9.23249504850998,227100.3,203919381.0
2018-03-19,601006.SH,601006.SH,9.232729524574703,9.232729524574703,9.078163740123118,9.088468125753224,308554.7,273429899.0
2018-03-20,601006.SH,601006.SH,9.047543288398728,9.171199916486183,8.985714974355002,9.109371602442456,208162.04,184015784.0
2018-03-21,601006.SH,601006.SH,9.109087513565363,9.212131489963161,9.098783115925585,9.119391911205144,247555.93,220012508.0
2018-03-22,601006.SH,601006.SH,9.119015853806744,9.160231744671409,8.964456263064257,8.995368181212754,275196.64,241379272.0
2018-03-23,601006.SH,601006.SH,8.809655848156678,9.036337051267143,8.57267095399574,8.933300140762386,724438.24,618220006.0
2018-03-26,601006.SH,601006.SH,8.799472472697685,9.015852943337794,8.614003497863308,8.892206960114876,419281.05,356435820.0
2018-03-27,601006.SH,601006.SH,8.943985843921972,8.974898237391749,8.69668669616376,8.799728007729682,489129.58,418432677.0
2018-03-28,601006.SH,601006.SH,8.706757660617862,8.799492357594856,8.531592121883538,8.541895977103204,419145.96,351385608.0
2018-03-29,601006.SH,601006.SH,8.562450042941121,8.613968996268081,8.356374229633271,8.552146252275728,413949.33,340815326.0
2018-03-30,601006.SH,601006.SH,8.562532771927042,8.583140552364894,8.428582199081012,8.531621101270266,267542.16,220608008.0
2018-04-02,601006.SH,601006.SH,8.531292321725388,8.593113280578471,8.438560883445765,8.448864376587945,299205.69,247259142.0
2018-04-03,601006.SH,601006.SH,8.407608884757968,8.417912327018701,8.314877904411373,8.345788231193572,273557.02,221535908.0
2018-04-04,601006.SH,601006.SH,8.38674250141224,8.427954995276671,8.31462063714948,8.324923760615588,364251.41,295808962.0
2018-04-09,601006.SH,601006.SH,8.314308196522326,8.376124614340336,8.293702723916324,8.334913669128328,256311.88,207273392.0
2018-04-10,601006.SH,601006.SH,8.33523526042496,8.448569732445572,8.31462899278485,8.438266598625518,613610.69,499177707.0
2018-04-11,601006.SH,601006.SH,8.500043107431598,8.52064927254052,8.427921529550359,8.489740024877134,558568.58,459966344.0
2018-04-12,601006.SH,601006.SH,8.479353194797316,8.499959156388561,8.324808482862979,8.345414444454223,479825.5,390423122.0
2018-04-13,601006.SH,601006.SH,8.376354525589742,8.376354525589742,8.29393037281641,8.314536411009744,409410.47,330682143.0
2018-04-16,601006.SH,601006.SH,8.304640749641887,8.345854847654996,8.170694931099275,8.170694931099275,453627.0,363075709.0
2018-04-17,601006.SH,601006.SH,8.18071986505794,8.232235733225812,8.087991302355771,8.10859764962292,274868.75,218133948.0
2018-04-18,601006.SH,601006.SH,8.180959680576828,8.19126315624506,8.0779249238945,8.119138826567431,309267.71,243725803.0
2018-04-19,601006.SH,601006.SH,8.1292146778512,8.294065672585827,8.1292146778512,8.242549736731256,307845.17,245999239.0
2018-04-20,601006.SH,601006.SH,8.22194336238943,8.294065672585829,8.170427426534859,8.180730613705773,304702.35,243571562.0
2018-04-23,601006.SH,601006.SH,8.18094957749915,8.314894595770546,8.18094957749915,8.314894595770546,237399.06,190440830.0
2018-04-24,601006.SH,601006.SH,8.28394504628607,8.520923573729577,8.28394504628607,8.50031674525623,409716.6,335932154.0
2018-04-25,601006.SH,601006.SH,8.459308655820792,8.521130643561259,8.428397661950555,8.479915985067613,206308.98,169717923.0
2018-04-26,601006.SH,601006.SH,8.48030068369523,8.500908947811135,8.428780023405464,8.44938828752137,215362.87,176955037.0
2018-04-27,601006.SH,601006.SH,8.480505274785305,8.552635939333905,8.459896513485706,8.542331558684104,325461.99,268727803.0
2018-05-02,601006.SH,601006.SH,8.603996514623354,8.789471888591283,8.603996514623354,8.73795095137797,496697.31,420052702.0
2018-05-03,601006.SH,601006.SH,8.727353123483438,8.840695371840363,8.64492239740567,8.820087690320923,447235.57,380144270.0
2018-05-04,601006.SH,601006.SH,8.80985659089574,9.015935107641837,8.789248739221128,8.985023330129923,541872.55,469272236.0
2018-05-07,601006.SH,601006.SH,9.036237963111665,9.108363009567517,8.902291448265085,9.036237963111665,388713.94,340510862.0
2018-05-08,601006.SH,601006.SH,9.015818546661842,9.098248887659894,8.99521096141233,9.005514754037087,291820.28,255919291.0
2018-05-09,601006.SH,601006.SH,9.005491849837712,9.026099382674868,8.840631587140454,8.912757952070503,371716.69,321381637.0
2018-05-10,601006.SH,601006.SH,8.954105442829267,9.098360306119957,8.943801524022788,9.057144630894046,340913.21,298828165.0
2018-05-11,601006.SH,601006.SH,9.07763513701251,9.129154065145384,9.03641999450621,9.087938922639085,264167.91,233227313.0
2018-05-14,601006.SH,601006.SH,9.09829290546681,9.139508275366998,8.892216055965863,8.964342953291194,442576.57,385947391.0
2018-05-15,601006.SH,601006.SH,8.975090880705503,9.01630829003136,8.882351709722322,8.954482176042573,344830.37,299030038.0
2018-05-16,601006.SH,601006.SH,8.943786775936491,8.985002383198871,8.830443855964946,8.861355561411731,374329.33,322797967.0
2018-05-17,601006.SH,601006.SH,8.840540714507526,8.892059017039621,8.758111430456173,8.799326072481849,382691.67,327300226.0
2018-05-18,601006.SH,601006.SH,8.80954612307645,8.912581750246934,8.73742118405711,8.902278187529886,451092.17,385963224.0
2018-05-21,601006.SH,601006.SH,8.943097691145626,9.015219446719382,8.912188367328303,8.963703907023842,310025.09,269902786.0
2018-05-22,601006.SH,601006.SH,8.973563981321568,8.994169179900952,8.911748385583417,8.973563981321568,236059.74,204908200.0
2018-05-23,601006.SH,601006.SH,8.942680495638335,8.983891004834826,8.685114813160272,8.71602269505764,448303.65,384551287.0
2018-05-24,601006.SH,601006.SH,8.70540649679873,8.787824546472566,8.653895215752586,8.695104240589501,304483.13,257595391.0
2018-05-25,601006.SH,601006.SH,8.69518309833679,8.71578779762195,8.602461951553579,8.633369000481316,291857.6,245088749.0
2018-05-28,601006.SH,601006.SH,8.623353063491434,8.736682673644847,8.613050371659305,8.685169214484205,308834.66,260581475.0
2018-05-29,601006.SH,601006.SH,8.684809400331032,8.746622990368975,8.622995810293087,8.65390260531206,314331.35,264732793.0
2018-05-30,601006.SH,601006.SH,8.602349772964253,8.622954203558178,8.509629835291584,8.540536481182473,284695.24,236758604.0
2018-05-31,601006.SH,601006.SH,8.59231043340804,8.705638268860664,8.582007902912347,8.6541256163822,433224.21,363824617.0
2018-06-01,601006.SH,601006.SH,8.633847892663058,8.798694630470465,8.623544971550093,8.695665419340834,327752.71,276770024.0
2018-06-04,601006.SH,601006.SH,8.747546185929949,8.860883062308309,8.71663612873585,8.860883062308309,352216.96,301155861.0
2018-06-05,601006.SH,601006.SH,8.912050318423011,8.973868008492998,8.87083852504302,8.932656215113006,376917.95,326715952.0
2018-06-06,601006.SH,601006.SH,8.953262111803001,8.963565060147998,8.881141473388016,8.932656215113006,244359.94,211611915.0
2018-06-07,601006.SH,601006.SH,8.963797866700476,9.03592037827163,8.932888218884269,9.005010730455423,375264.3,327415632.0
2018-06-08,601006.SH,601006.SH,9.025997408241123,9.046604708259938,8.871442658100007,8.902353608128232,334650.6,290573876.0
2018-06-11,601006.SH,601006.SH,8.90193467384079,9.118301141607752,8.90193467384079,9.107997976475993,485550.8,425174041.0
2018-06-12,601006.SH,601006.SH,9.128721185116946,9.345090423138906,9.08750799692229,9.334787126090243,611732.61,548550792.0
2018-06-13,601006.SH,601006.SH,9.324483829041577,9.489336581820213,9.293573937895582,9.334787126090243,563814.79,513738459.0
2018-06-14,601006.SH,601006.SH,9.437574072350934,9.478786186203994,9.324240759255018,9.406664986961138,568325.26,519589741.0
2018-06-15,601006.SH,601006.SH,9.427315395381639,9.540649241664914,9.324284626033206,9.417012318446796,369790.77,337626916.0
2018-06-19,601006.SH,601006.SH,9.365379734257877,9.416894474270297,9.045988346180875,9.221138462223102,649871.91,582431978.0
2018-06-20,601006.SH,601006.SH,9.190229618215652,9.241744358228072,9.076897190188328,9.221138462223102,363014.86,323495566.0
2018-06-21,601006.SH,601006.SH,9.365237062531785,9.58159567453747,9.324025898340226,9.468264973010681,697264.09,640139496.0
2018-06-22,601006.SH,601006.SH,9.417084995817092,9.54072287322388,9.355266057113695,9.499510247421618,461171.77,422754799.0
2018-06-25,601006.SH,601006.SH,9.49994773838004,9.613287678859628,9.438125952663901,9.53085863123811,537975.9,498085565.0
2018-06-26,601006.SH,601006.SH,9.458995957158574,9.479603791487895,9.170486276548074,9.27352544819468,596072.7,538337504.0
2018-06-27,601006.SH,601006.SH,9.31432058678033,9.355534394686439,8.98461012353147,9.128858451202845,577843.63,511664940.0
2018-06-28,601006.SH,601006.SH,9.18285074034662,9.18285074034662,8.791165163744157,8.802045318649782,448503.58,367736427.0
2018-06-29,601006.SH,601006.SH,8.769118593214168,8.964954988596123,8.747358993727284,8.932315589365798,303707.08,247346222.0
2018-07-02,601006.SH,601006.SH,8.89996378781388,8.95436454446311,8.486518037279739,8.551798945258815,373056.7,298921915.0
2018-07-03,601006.SH,601006.SH,8.660643924557064,8.736805366104676,8.540961659267959,8.671524130492438,414928.86,329585541.0
2018-07-04,601006.SH,601006.SH,8.682389292657922,8.910873221412077,8.638868544323797,8.791191163493234,313523.42,253619847.0
2018-07-05,601006.SH,601006.SH,8.801840055271205,9.008558177706497,8.747440549367179,8.943278770621669,394030.08,321873684.0
2018-07-06,601006.SH,601006.SH,8.975770147929275,9.051928197669282,8.790814884274974,8.954010705146416,310316.4,254931245.0
2018-07-09,601006.SH,601006.SH,8.986553238676949,9.127988095944263,8.953914425461416,9.106228887133906,272389.43,226528847.0
2018-07-10,601006.SH,601006.SH,9.127845772097045,9.312796163188404,9.051689728706485,9.280157858878162,250888.23,211567924.0
2018-07-11,601006.SH,601006.SH,9.128061245561888,9.236858161480384,9.08454247919449,9.171580011929287,243627.95,205008704.0
2018-07-12,601006.SH,601006.SH,9.193363839830454,9.45447713232268,9.138965237227907,9.410958250240641,372918.52,320599028.0
2018-07-13,601006.SH,601006.SH,9.443781941866536,9.487301674317536,9.36762241007729,9.465541808092036,177096.11,153704867.0
2018-07-16,601006.SH,601006.SH,9.465563468370771,9.58524300647661,9.45468351036115,9.509083300409259,220435.11,193105752.0
2018-07-17,601006.SH,601006.SH,9.552293789313241,9.606691817726187,9.465256943852527,9.541414183630652,249161.68,218374468.0
2018-07-18,601006.SH,601006.SH,9.573697995236909,9.595456399771539,9.36699315215793,9.38875155669256,222136.92,193582978.0
2018-07-19,601006.SH,601006.SH,9.454143727328658,9.6282131170148,9.443264390473274,9.497661074750194,302629.22,264819348.0
2018-07-20,601006.SH,601006.SH,9.530295987969144,9.61733065452594,9.465019988051546,9.573813321247544,340921.41,299247357.0
2018-07-23,601006.SH,601006.SH,9.617334938414874,9.8240423635618,9.573817585752364,9.769645672733661,383591.66,343349909.0
2018-07-24,601006.SH,601006.SH,9.780527695317854,9.84580374222765,9.649975601498259,9.671734283801525,457338.91,410289394.0
2018-07-25,601006.SH,601006.SH,9.726130989559689,9.737010330711321,9.573820213436832,9.671734283801525,288389.03,255777852.0
2018-07-26,601006.SH,601006.SH,9.693491744790695,9.737009103914334,9.552060327638866,9.584698346981597,219149.97,193690485.0
2018-07-27,601006.SH,601006.SH,9.606452344219967,9.649969682132626,9.48677966496015,9.50853833391648,154736.51,135768491.0
2018-07-30,601006.SH,601006.SH,9.475896074267535,9.747879314057075,9.475896074267535,9.736999984465491,398986.57,355756282.0
2018-07-31,601006.SH,601006.SH,9.780517302831818,9.834913950789725,9.693482666099165,9.736999984465491,262273.03,234859958.0
2018-08-01,601006.SH,601006.SH,9.791397135406102,9.878431776609713,9.508534551494371,9.530293211795273,318555.39,283784041.0
2018-08-02,601006.SH,601006.SH,9.55205364304438,9.660846964719145,9.26919100668999,9.388863660532232,365400.54,317747413.0
2018-08-03,601006.SH,601006.SH,9.356221098966879,9.58468696301142,9.345341772107616,9.454135040700253,266505.42,232459953.0
2018-08-06,601006.SH,601006.SH,9.47589361773525,9.58468688544748,9.36710035002302,9.410617657107911,231279.96,201211809.0
2018-08-07,601006.SH,601006.SH,9.399734772243647,9.63907987061096,9.323579513672227,9.628200547957901,260065.94,226693796.0
2018-08-08,601006.SH,601006.SH,9.573805014039158,9.736994872233005,9.552046366279976,9.649960281196286,258184.03,229461444.0
2018-08-09,601006.SH,601006.SH,9.649962674901671,9.813152573575318,9.595566042010455,9.78051459384059,369915.83,332056919.0
2018-08-10,601006.SH,601006.SH,9.834908211569497,9.834908211569497,9.671718362926198,9.758752948869292,239218.43,214267063.0
2018-08-13,601006.SH,601006.SH,9.682595265519666,9.682595265519666,9.530284778196885,9.61731934238133,257336.53,226764058.0
2018-08-14,601006.SH,601006.SH,9.639073804698663,9.747866962765242,9.584677225665377,9.736987646958582,270138.07,240522249.0
2018-08-15,601006.SH,601006.SH,9.704351074871616,9.726109709568636,9.541161314643952,9.595557901386508,241524.97,213806189.0
2018-08-16,601006.SH,601006.SH,9.51940391789616,9.747869611925669,9.46500732407961,9.704352336872429,317351.64,282301190.0
2018-08-17,601006.SH,601006.SH,9.715236107059177,9.780512049547818,9.486770308348941,9.497649632097046,236038.19,209203699.0
2018-08-20,601006.SH,601006.SH,9.519405185785567,9.639077708121157,9.410611983662303,9.5738017868472,252967.58,222077616.0
2018-08-21,601006.SH,601006.SH,9.573797508053106,9.769625184354194,9.573797508053106,9.73698723830401,282063.98,251519003.0
2018-08-22,601006.SH,601006.SH,9.715227733342598,9.758744990826775,9.64995184711633,9.67171047585842,195673.14,174590075.0
2018-08-23,601006.SH,601006.SH,9.704350969334836,9.780506189946207,9.606437114263072,9.769626872716012,271967.48,242629115.0
2018-08-24,601006.SH,601006.SH,9.758749916647824,9.834905155685208,9.704353317335405,9.802267196097757,205295.68,184450443.0
2018-08-27,601006.SH,601006.SH,9.845787811454933,9.943701723392055,9.747873899517813,9.921943076294914,329706.47,298630121.0
2018-08-28,601006.SH,601006.SH,9.921947955581958,9.932827284480624,9.856671982189972,9.911068626683294,212021.9,192934085.0
2018-08-29,601006.SH,601006.SH,9.791392473016092,9.791392473016092,9.377978124155412,9.39973677409545,786092.86,689541534.0
2018-08-30,601006.SH,601006.SH,9.421495077098944,9.530288322792927,9.410615752529546,9.454133050807139,372829.73,324154935.0
2018-08-31,601006.SH,601006.SH,9.497655015369494,9.497655015369494,9.28006841707924,9.388861716224367,336820.89,290691141.0
2018-09-03,601006.SH,601006.SH,9.334462246165957,9.334462246165957,8.9536858142128,9.073358407112364,468631.54,391636632.0
2018-09-04,601006.SH,601006.SH,9.073357301398435,9.127753927905621,8.986322698986939,9.105995277302746,339186.62,282633795.0
2018-09-05,601006.SH,601006.SH,9.062481697989533,9.138637006376001,8.953688400294581,8.953688400294581,226857.36,188712315.0
2018-09-06,601006.SH,601006.SH,8.964567730064077,9.018964378911551,8.9101710812166,8.953688400294581,183102.08,150666148.0
2018-09-07,601006.SH,601006.SH,8.942809070525087,9.051602368220038,8.823136443060637,8.953688400294581,346812.74,284850130.0
2018-09-10,601006.SH,601006.SH,8.921051606254723,8.986327593617563,8.844896287664746,8.931930937481866,179744.66,147613520.0
2018-09-11,601006.SH,601006.SH,8.866654476081582,8.964568451891072,8.834016484145083,8.953689121245572,241249.85,197976233.0
2018-09-12,601006.SH,601006.SH,8.899296152014461,8.94281349261111,8.72522678962787,8.72522678962787,256885.07,207803340.0
2018-09-13,601006.SH,601006.SH,8.8340244181736,8.8340244181736,8.442368163180682,8.583799588594792,669155.82,529357633.00000006
2018-09-14,601006.SH,601006.SH,8.605560765365187,8.65995748322464,8.605560765365187,8.627319452508967,303986.54,241216516.0
2018-09-17,601006.SH,601006.SH,8.627317993000036,8.736111410314034,8.583800626074437,8.681714701657036,221589.72,176619160.0
2018-09-18,601006.SH,601006.SH,8.681718174342919,8.975460518587603,8.681718174342919,8.975460518587603,307465.73,251287951.0
2018-09-19,601006.SH,601006.SH,8.964579802611258,9.029855869135126,8.801389636301586,8.899303736087388,713762.56,583271609.0
2018-09-20,601006.SH,601006.SH,8.888423841640481,8.942820560377571,8.692595654186958,8.790509747913719,570713.17,461247109.0
2018-09-21,601006.SH,601006.SH,8.736111900535938,8.768749927561604,8.562042423065735,8.757870585219717,1021297.16,812512653.0
2018-09-25,601006.SH,601006.SH,8.659956504142725,8.768749927561604,8.627318477117061,8.757870585219717,439002.73,352373753.0
2018-09-26,601006.SH,601006.SH,8.823145059818867,8.877541761790622,8.725230996269705,8.812265719424515,669029.61,541736769.0
2018-09-27,601006.SH,601006.SH,8.8122695224985,8.866666247946023,8.790510832319493,8.823148867588005,367626.89,298609401.0
2018-09-28,601006.SH,601006.SH,8.866670201854301,8.98634305120448,8.823152802090599,8.953705001381705,383023.65,314178210.0
2018-10-08,601006.SH,601006.SH,8.85578784449568,8.866667190741987,8.638200919569496,8.681718304554732,421607.45,338695293.0
2018-10-09,601006.SH,601006.SH,8.649077342797506,8.692594713075733,8.594680629949723,8.627318657658392,220600.22,175134650.0
2018-10-10,601006.SH,601006.SH,8.63819712121534,8.757869877302706,8.63819712121534,8.659955804140315,258978.34,206711422.0
2018-10-11,601006.SH,601006.SH,8.540286738715452,8.572924777207358,8.21390635379639,8.257423738452264,564119.24,435041021.0
2018-10-12,601006.SH,601006.SH,8.268306244753015,8.37709974797345,8.181271442176667,8.311823646041189,316126.11,240426143.0
2018-10-15,601006.SH,601006.SH,8.333580684343392,8.43149481771035,8.257425247280201,8.290063291735853,210493.19,161177991.0
2018-10-16,601006.SH,601006.SH,8.257428025073713,8.377100895002318,8.257428025073713,8.279186728697097,201216.48,154014484.0
2018-10-17,601006.SH,601006.SH,8.38797658174748,8.540287440560016,8.33357984645729,8.540287440560016,343736.24,266807813.00000003
2018-10-18,601006.SH,601006.SH,8.496771226223727,8.507650574784833,8.268304906440502,8.268304906440502,358974.81,275139540.0
2018-10-19,601006.SH,601006.SH,8.224790882147428,8.518533413652694,8.17039411705386,8.496774707615266,442813.56,341740122.0
2018-10-22,601006.SH,601006.SH,8.51853140556169,8.801394517368335,8.507652055107588,8.768756466006032,570042.98,455802853.0
2018-10-23,601006.SH,601006.SH,8.801392821789165,8.81227217014737,8.572926506266825,8.583805854625032,400262.6,320338403.0
2018-10-24,601006.SH,601006.SH,8.562044757940857,8.736114282879933,8.562044757940857,8.616441484484318,213891.16,170076374.0
2018-10-25,601006.SH,601006.SH,8.496768686088702,8.692596901645164,8.442371959545241,8.616441484484318,265870.01,209094319.0
2018-10-26,601006.SH,601006.SH,8.6599608426824,8.812271711774804,8.638202147097772,8.768754320605547,364944.69,293373523.0
2018-10-29,601006.SH,601006.SH,8.768750408730185,8.82314712342454,8.649077636402602,8.681715665219215,222506.76,178734443.0
2018-10-30,601006.SH,601006.SH,8.681715050584481,8.768749787933698,8.594680313235262,8.605559655403914,353682.22,281553240.0
2018-10-31,601006.SH,601006.SH,8.670832836067026,8.823143575972844,8.670832836067026,8.768746883149339,504228.85,405862196.0
2018-11-01,601006.SH,601006.SH,8.768746146097685,8.921056873201119,8.768746146097685,8.801384159048421,397158.3,322916318.0
2018-11-02,601006.SH,601006.SH,8.899297904874958,8.942815254043053,8.844901218414844,8.921056579459004,374928.86,306704947.0
2018-11-05,601006.SH,601006.SH,8.888418784903681,8.910177460019725,8.790504746881487,8.899298122461703,262847.23,214096586.0
2018-11-06,601006.SH,601006.SH,8.899302325820225,8.899302325820225,8.801388241550809,8.844905612337216,141789.05,115375513.0
2018-11-07,601006.SH,601006.SH,8.866665178889605,8.877544522667383,8.73611305355626,8.757871741111819,202861.12,164356682.0
2018-11-08,601006.SH,601006.SH,8.801389605793403,8.834027638942203,8.746992883878733,8.801389605793403,215522.01,174320308.0
2018-11-09,601006.SH,601006.SH,8.76875405313512,8.834030137897912,8.703477968372328,8.76875405313512,212399.23,171015527.0
2018-11-12,601006.SH,601006.SH,8.71435923083971,8.823152729352065,8.69260053113724,8.81227337950083,292845.99,235797204.0
2018-11-13,601006.SH,601006.SH,8.746997280393416,8.8340320792033,8.725238580690945,8.81227337950083,170377.14,137450288.0
2018-11-14,601006.SH,601006.SH,8.790514460856523,8.823152509597326,8.725238363374915,8.736117712955183,172379.36,139016905.0
2018-11-15,601006.SH,601006.SH,8.725238449977777,8.801393897795538,8.725238449977777,8.768755848730784,142233.65,114611047.0
2018-11-16,601006.SH,601006.SH,8.790516042494758,8.801395394032498,8.69260187865509,8.70348123019283,289178.07,231800759.0
2018-11-19,601006.SH,601006.SH,8.703481230192832,8.757877987881537,8.692601878655092,8.757877987881537,199304.8,159734709.0
2018-11-20,601006.SH,601006.SH,8.725238447886989,8.736117797572634,8.616444951030543,8.627324300716188,177712.19,141674677.0
2018-11-21,601006.SH,601006.SH,8.583806610080927,8.670841404606463,8.572927260765237,8.638203356659389,182370.8,144527267.0
2018-11-22,601006.SH,601006.SH,8.627325997423506,8.638205349248757,8.572929238297254,8.583808590122505,121269.95,95893915.0
2018-11-23,601006.SH,601006.SH,8.572929061307747,8.572929061307747,8.409738787298082,8.431497490499371,279441.65,217744653.0
2018-11-26,601006.SH,601006.SH,8.420617314425673,8.442376015496539,8.311823809071335,8.333582510142202,235847.47,181229727.0
2018-11-27,601006.SH,601006.SH,8.366219990825318,8.38797869041134,8.279185192481231,8.29006454227424,179011.3,137064918.0
2018-11-28,601006.SH,601006.SH,8.300946457813545,8.398860636215016,8.268308398346388,8.377101929903578,198313.57,151856870.0
2018-11-29,601006.SH,601006.SH,8.398862395138709,8.420621106006944,8.268310129929299,8.311827551665768,205959.51,158054446.0
2018-11-30,601006.SH,601006.SH,8.311825050571096,8.398859867854563,8.29006634625023,8.38798051569413,295832.75,226999378.0
2018-12-03,601006.SH,601006.SH,8.485892442360274,8.616444633781201,8.475013093075198,8.562047887355815,406273.63,319166224.0
2018-12-04,601006.SH,601006.SH,8.540289664447336,8.616445113684446,8.50765161477429,8.594686413902416,293095.44,230951741.0
2018-12-05,601006.SH,601006.SH,8.518528497080768,8.638201311216003,8.496769803601634,8.638201311216003,203213.87,160501653.0
2018-12-06,601006.SH,601006.SH,8.594683090035542,8.616441781402719,8.485889633199648,8.518527670250416,248069.35,194776651.0
2018-12-07,601006.SH,601006.SH,8.518525540618496,8.638198313219778,8.507646197654744,8.616439627292273,205208.22,161949540.0
2018-12-10,601006.SH,601006.SH,8.583803663676585,8.692597119489978,8.572924318095247,8.68171777390864,286388.9,227909191.0
2018-12-11,601006.SH,601006.SH,8.725236316679323,8.736115663707603,8.638201540453096,8.670839581537932,144233.76,114994861.0
2018-12-12,601006.SH,601006.SH,8.725238886141145,8.725238886141145,8.649083434516474,8.681721485212762,114145.25,91029807.0
2018-12-13,601006.SH,601006.SH,8.692599682233734,8.725237728600067,8.627323589501065,8.692599682233734,268842.14,214657659.0
2018-12-14,601006.SH,601006.SH,8.681717661307417,8.703476352187886,8.638200279546478,8.659958970426947,175983.65,140311618.0
2018-12-17,601006.SH,601006.SH,8.649083396765798,8.725238848058076,8.627324696396576,8.681721447319632,270154.84,215795108.0
2018-12-18,601006.SH,601006.SH,8.670842700324034,8.757877507855518,8.649083998441164,8.757877507855518,321465.64,256998506.0
2018-12-19,601006.SH,601006.SH,8.746998643459095,8.855792158925006,8.714360588819323,8.801395401192051,325639.82,263384180.0
2018-12-20,601006.SH,601006.SH,8.80139653863713,8.84491395044745,8.616447538443271,8.67084430320617,234552.07,188355363.0
2018-12-21,601006.SH,601006.SH,8.681726212806694,8.703484925119493,8.6055707197119,8.681726212806694,243533.97,194098217.0
2018-12-24,601006.SH,601006.SH,8.703486678806755,8.790521545594823,8.692607320458247,8.747004112200788,179422.71,144361577.0
2018-12-25,601006.SH,601006.SH,8.736125574551266,8.823160449515663,8.659970058957422,8.801401730774565,260629.53,209281389.0
2018-12-26,601006.SH,601006.SH,8.801399259445015,8.877554753655295,8.779640546813507,8.834037328392277,232051.45,188546974.0
2018-12-27,601006.SH,601006.SH,8.877553796271936,8.910191861699404,8.790518955132015,8.877553796271936,208822.13,169926629.0
2018-12-28,601006.SH,601006.SH,8.84491194784284,8.975464153715059,8.790515195396083,8.953705452736356,394433.97,322287132.0
2019-01-02,601006.SH,601006.SH,8.921069797647824,8.964587211294887,8.834034970353699,8.910190444236058,227633.61,185920782.0
2019-01-03,601006.SH,601006.SH,8.866673140189404,8.910190554374381,8.714362190541976,8.801397018911935,193738.08,156881844.0
2019-01-04,601006.SH,601006.SH,8.757876329947868,8.855790475251633,8.725238281513278,8.844911125773436,217531.01,175807936.0
2019-01-07,601006.SH,601006.SH,8.899306685150016,9.029858861460287,8.83403059699488,8.964582773305152,373668.51,305877335.0
2019-01-08,601006.SH,601006.SH,8.964578740338819,9.029854799127694,8.877543995286986,8.899302681549944,214893.4,176678650.0
2019-01-09,601006.SH,601006.SH,8.921056967191664,9.018971007075475,8.910177629426798,8.910177629426798,256558.53,211676290.0
2019-01-10,601006.SH,601006.SH,8.942815832282333,8.95369517027781,8.71434973437731,8.725229072372786,367130.49,296312681.0
2019-01-11,601006.SH,601006.SH,8.72522599288017,8.877536671060124,8.703467324568749,8.877536671060124,252847.54,204367186.0
2019-01-14,601006.SH,601006.SH,8.85577730130094,8.899294634476863,8.768742634949087,8.79050130153705,181728.75,147439428.0
2019-01-15,601006.SH,601006.SH,8.823134955044955,8.85577293884907,8.77961764330614,8.834014282979659,132801.23,107737165.0
2019-01-16,601006.SH,601006.SH,8.823133061298917,8.942805642894834,8.80137441009966,8.921046991695574,186108.88,151985569.0
2019-01-17,601006.SH,601006.SH,8.89929155323579,9.073360825670719,8.888412223708606,9.04072283708917,312914.88,259501980.0
2019-01-18,601006.SH,601006.SH,9.062479547222786,9.138634837535584,9.008082911285074,9.105996855972954,257057.26,214832756.0
2019-01-21,601006.SH,601006.SH,9.116873838509326,9.171270460457471,9.062477216561179,9.095115189730066,212069.74,177464899.0
2019-01-22,601006.SH,601006.SH,9.095112635169867,9.105991956503802,8.964560779162644,8.986319421830515,172163.07,142551645.0
2019-01-23,601006.SH,601006.SH,9.029835352690753,9.14950786941316,9.008076713286679,9.138628549711123,255255.66,213158571.0
2019-01-24,601006.SH,601006.SH,9.149504404510772,9.214780298003122,9.084228511018424,9.193021666839003,255403.31,215184740.0
2019-01-25,601006.SH,601006.SH,9.193018956632143,9.30181208037927,9.193018956632143,9.225656893756282,306409.71,260662810.0
2019-01-28,601006.SH,601006.SH,9.258294830880418,9.367087954627545,9.203898269006856,9.225656893756282,195015.37,166619036.0
2019-01-29,601006.SH,601006.SH,9.323569508977586,9.53027641757802,9.225655710166853,9.497638484641111,329210.63,284052592.0
2019-01-30,601006.SH,601006.SH,9.44324223936075,9.497638796039094,9.236535323983038,9.290931880661383,276493.26,237255304.0
2019-01-31,601006.SH,601006.SH,9.334449497198527,9.377966744271712,9.236535691283857,9.301811561893638,178824.27,152860505.0
2019-02-01,601006.SH,601006.SH,9.334450784708803,9.475881857204392,9.247416278557672,9.4650025439355,242988.01,209754871.0
2019-02-11,601006.SH,601006.SH,9.432360346464247,9.443239654822337,9.258291412734803,9.399722421389976,332526.57,286069067.0
2019-02-12,601006.SH,601006.SH,9.35620170657894,9.443236141058744,9.33444309795899,9.35620170657894,277542.09,239224613.0
2019-02-13,601006.SH,601006.SH,9.399719788160812,9.486754230643783,9.356202566919325,9.46499562002304,333192.81,288627407.0
2019-02-14,601006.SH,601006.SH,9.475874705730282,9.475874705730282,9.367081655147844,9.388840265264333,227362.51,196866246.0
2019-02-15,601006.SH,601006.SH,9.399716937067803,9.399716937067803,9.149492990826415,9.20388950087889,380796.94,323038533.0
2019-02-18,601006.SH,601006.SH,9.247403684068209,9.323558773231124,9.22564508716452,9.31267947477928,360687.28,308070094.0
2019-02-19,601006.SH,601006.SH,9.301799835758095,9.519385796828459,9.301799835758095,9.50850649877494,501237.13,434963236.0
2019-02-20,601006.SH,601006.SH,9.497627200721423,9.57378228709605,9.432351412400312,9.50850649877494,206966.88,180573331.0
2019-02-21,601006.SH,601006.SH,9.486749368901144,9.5085079683711,9.410594270756295,9.432352870226252,274669.0,238611072.0
2019-02-22,601006.SH,601006.SH,9.45411513845588,9.48675305032627,9.377960010758306,9.475873746369475,313527.22,271592680.0
2019-02-25,601006.SH,601006.SH,9.454118441065297,9.747859750511516,9.454118441065297,9.747859750511516,577070.29,510029078.0
2019-02-26,601006.SH,601006.SH,9.747857635721607,9.82401277350068,9.584668054766446,9.628185276354488,645285.46,577088284.0
2019-02-27,601006.SH,601006.SH,9.628185276354488,9.758736941118618,9.562909443972423,9.628185276354488,390228.38,346919605.0
2019-02-28,601006.SH,601006.SH,9.649948209631772,9.73698269179305,9.562913727470493,9.715224071252731,434375.88,385522864.0
2019-03-01,601006.SH,601006.SH,9.715225088725521,9.75874233436371,9.584673351810958,9.660828531677787,336679.56,297917742.0
2019-03-04,601006.SH,601006.SH,9.693467689884155,9.824019443283268,9.628191813184598,9.649950438751118,757581.51,675437851.0
2019-03-05,601006.SH,601006.SH,9.649946395170526,9.649946395170526,9.541153312925086,9.60642916227235,483338.7,425846673.0
2019-03-06,601006.SH,601006.SH,9.584675112003387,9.682588932670845,9.562916485188394,9.682588932670845,586178.53,517705494.0
2019-03-07,601006.SH,601006.SH,9.660825909573578,9.682584526487032,9.530274208092854,9.562912133463033,737544.64,649223523.0
2019-03-08,601006.SH,601006.SH,9.508518741930127,9.508518741930127,9.193018692140683,9.193018692140683,683895.55,586924256.0
2019-03-11,601006.SH,601006.SH,9.193021182593332,9.280055702665221,9.149503922557388,9.236538442629277,505868.93,427998161.0
2019-03-12,601006.SH,601006.SH,9.26917771805567,9.334453617478598,9.203901818632744,9.247419084914695,548509.12,467664461.0
2019-03-13,601006.SH,601006.SH,9.258297307123666,9.269176622408182,9.160383469563016,9.203900730701084,485990.97,411193215.0
2019-03-14,601006.SH,601006.SH,9.193022945764959,9.24741953124286,9.116867726095903,9.149505677382642,391366.0,330150248.0
2019-03-15,601006.SH,601006.SH,9.138624703640344,9.236538539750775,9.138624703640344,9.182141964133868,417497.98,352408012.0
2019-03-18,601006.SH,601006.SH,9.203905008824224,9.356215493603818,9.138629086775824,9.34533617326242,785846.31,668081139.0
2019-03-19,601006.SH,601006.SH,9.323580230651064,9.367097524609761,9.247424966223342,9.323580230651064,495784.34,424066901.0
2019-03-20,601006.SH,601006.SH,9.290946410063636,9.334463723459718,9.19303245492245,9.280067081714614,366695.14,312258973.0
2019-03-21,601006.SH,601006.SH,9.269187742460668,9.301825727469334,9.20391177244334,9.247429085788225,388336.99,330412108.0
2019-03-22,601006.SH,601006.SH,9.258304062393112,9.28006270883822,9.214786769502899,9.258304062393112,377765.48,321177917.0
2019-03-25,601006.SH,601006.SH,9.193031136083754,9.225669116448548,9.084237868201106,9.09511719498937,469295.66,394913133.0
2019-03-26,601006.SH,601006.SH,9.084238485576495,9.116876468159406,8.931927900189585,8.964565882772494,399631.51,330843278.0
2019-03-27,601006.SH,601006.SH,8.99720752967116,9.008086861629648,8.942810869878711,8.97544886575418,279866.27,230899527.0
2019-03-28,601006.SH,601006.SH,8.964569259482056,8.964569259482056,8.877534606477377,8.888413938102962,293400.35,240512197.0
2019-03-29,601006.SH,601006.SH,8.92105338773159,9.08424338872668,8.910174054331916,9.073364055327007,536886.29,445320699.0
2019-04-01,601006.SH,601006.SH,9.106005899805194,9.258316631701577,9.084247223819997,9.225678617723782,688209.06,581443320.0
2019-04-02,601006.SH,601006.SH,9.236562497569938,9.258321184254436,9.16040709417419,9.203924467543189,388542.52,329047974.0
2019-04-03,601006.SH,601006.SH,9.171284629093764,9.280078041064034,9.14952594669971,9.269198699867006,590834.4,500757051.0
2019-04-04,601006.SH,601006.SH,9.290960083500721,9.334477460941008,9.225684017340296,9.28008073914065,700584.52,597556026.0
2019-04-08,601006.SH,601006.SH,9.301839449518162,9.356236171445168,9.258322071976556,9.345356827059767,716490.93,613191400.0
2019-04-09,601006.SH,601006.SH,9.301836923634959,9.32359560649726,9.182164167892285,9.214802192185742,557811.15,473592805.0
2019-04-10,601006.SH,601006.SH,9.193044309658989,9.290958391063642,9.182164967280695,9.247441021550463,496323.81,421355020.0
2019-04-11,601006.SH,601006.SH,9.247442126382127,9.269200813738319,9.095131314888773,9.10601065856687,449274.02,378930523.0
2019-04-12,601006.SH,601006.SH,9.116892579228125,9.182168659747658,9.073375192215103,9.160409966241147,395305.09,331836908.0
2019-04-15,601006.SH,601006.SH,9.20392785429637,9.301841980405905,9.193048506950865,9.193048506950865,484423.67,411894991.0
2019-04-16,601006.SH,601006.SH,9.18216625997299,9.301839042982118,9.095131508693624,9.301839042982118,551530.12,467227545.0
2019-04-17,601006.SH,601006.SH,9.280079918452616,9.30183860524852,9.225683201462859,9.247441888258761,395363.67,336646202.0
2019-04-18,601006.SH,601006.SH,9.24744570951574,9.269204405302835,9.203928317941548,9.214807665835096,237694.62,201815221.0
2019-04-19,601006.SH,601006.SH,9.236569705520628,9.290966464681526,9.160414242695369,9.225690353688448,280835.46,237836447.0
2019-04-22,601006.SH,601006.SH,9.258332961743635,9.290971033289148,9.171298104288937,9.20393617583445,470746.62,399713489.0
2019-04-23,601006.SH,601006.SH,9.203939258492499,9.214818619318141,9.084266289410444,9.095145650236086,356067.37,298730122.0
2019-04-24,601006.SH,601006.SH,9.10602344443377,9.127782162341619,9.051626649664156,9.10602344443377,277411.6,231899397.0
2019-04-25,601006.SH,601006.SH,9.149543227685369,9.193060674666036,9.116905142449868,9.116905142449868,546386.78,459995274.0
2019-04-26,601006.SH,601006.SH,9.095147587548045,9.116906313834045,8.964595229832044,8.975474592975043,468125.68,388555437.0
2019-04-29,601006.SH,601006.SH,8.975478341681614,9.149548224671802,8.942840238620954,9.116910121611143,463276.01,386336735.0
2019-04-30,601006.SH,601006.SH,9.106026778051675,9.280096585039521,9.084268052178194,9.26921722210278,382263.81,322424158.0
2019-05-06,601006.SH,601006.SH,9.138662258972044,9.138662258972044,8.834040183672975,8.99723058115462,678629.93,560642672.0
2019-05-07,601006.SH,601006.SH,8.953716549663666,9.062510189392265,8.910199093772226,8.975475277609386,391186.67,323182053.0
2019-05-08,601006.SH,601006.SH,8.921079277697151,8.964596737588357,8.83404435791474,8.877561817805946,382016.52,312384867.0
2019-05-09,601006.SH,601006.SH,8.86668192740011,8.931958113368701,8.812285105759619,8.812285105759619,406152.26,331683447.0
2019-05-10,601006.SH,601006.SH,8.855800405751046,8.964594022529315,8.790524235684085,8.931955937495834,340180.34,278424296.0
2019-05-13,601006.SH,601006.SH,8.877560566944497,8.95371611102368,8.84492247662485,8.866681203504616,246341.99,201417044.0
2019-05-14,601006.SH,601006.SH,8.83404322131279,8.95371622061629,8.8122844941667,8.888440039178017,392205.22,321175092.0
2019-05-15,601006.SH,601006.SH,8.92107830417951,8.953716395536265,8.888440212822756,8.910198940393924,242157.67,198430559.0
2019-05-16,601006.SH,601006.SH,8.910198854200948,9.018992491004377,8.888440126840262,8.997233763643692,255880.73,210498368.0
2019-05-17,601006.SH,601006.SH,8.997236748091964,9.01899548267018,8.921081177068212,8.921081177068212,286654.79,236264311.0
2019-05-20,601006.SH,601006.SH,8.921081395187556,8.986357600518199,8.84492582230181,8.899322660077344,294955.04,241163344.0
2019-05-21,601006.SH,601006.SH,8.899318270179474,8.964594443310377,8.877559545802509,8.910197632367957,273409.03,224186138.0
2019-05-22,601006.SH,601006.SH,8.9319563349862,8.997232507958083,8.910197610662237,8.9319563349862,235124.86,193514124.0
2019-05-23,601006.SH,601006.SH,8.942836660391194,8.942836660391194,8.877560480388338,8.888439843722146,161272.33,131843738.00000001
2019-05-24,601006.SH,601006.SH,8.8884401901656,8.942837008954864,8.877560826407747,8.931957645197011,173231.52,142100192.0
2019-05-27,601006.SH,601006.SH,8.942836292659665,8.975474381319007,8.88843947822743,8.96459501843256,191793.83,157686210.0
2019-05-28,601006.SH,601006.SH,8.975472166729837,9.171300650367579,8.953713446325644,9.171300650367579,647942.92,541524686.0
2019-05-29,601006.SH,601006.SH,9.106021526429327,9.160418309741331,9.073383456442125,9.095142169766927,203586.4,170617788.0
2019-05-30,601006.SH,601006.SH,9.095146216836104,9.193060470366637,9.084266855332713,9.193060470366637,283123.42,238336908.0
2019-05-31,601006.SH,601006.SH,9.149541984632272,9.269214947570386,9.084265823029662,9.095145183296763,350553.5,295388134.0
2019-06-03,601006.SH,601006.SH,9.14953855897437,9.21481469613709,9.040744997036507,9.182176627555728,479636.27,402735418.0
2019-06-04,601006.SH,601006.SH,9.149535516372474,9.193052926676266,9.095138753492732,9.160414868948422,263055.56,221371766.0
2019-06-05,601006.SH,601006.SH,9.182170854262175,9.21480890232235,9.12777410749522,9.182170854262175,333401.08,281261303.0
2019-06-06,601006.SH,601006.SH,9.16041219928051,9.203929596901796,9.095136102848581,9.116894801659225,283633.08,238632073.0
2019-06-10,601006.SH,601006.SH,9.160416378853922,9.225692505069034,9.106019607007996,9.203933796330665,369309.14,311727448.0
2019-06-11,601006.SH,601006.SH,9.193052929590596,9.280087750225775,9.171294224431803,9.25832904506698,444877.09,377610429.0
2019-06-12,601006.SH,601006.SH,9.236573611420702,9.247452967853471,9.182176829256859,9.214814898555165,318622.88,269682414.0
2019-06-13,601006.SH,601006.SH,9.203939837292316,9.214819198802116,9.106025583704097,9.138663668233505,305135.49,256712704.0
2019-06-14,601006.SH,601006.SH,9.171303483197203,9.269217755259806,9.095147938259622,9.225700301009761,608919.75,513807591.0
2019-06-17,601006.SH,601006.SH,9.214822870472858,9.214822870472858,9.116908577870431,9.127787943715145,407245.81,342673976.0
2019-06-18,601006.SH,601006.SH,9.138664900667647,9.214820441506545,9.116906174713677,9.20394107852956,218985.27,184515486.0
2019-06-19,601006.SH,601006.SH,9.247462800145735,9.410653320148306,9.236583432145563,9.37801521614779,675781.64,580252740.0
2019-06-20,601006.SH,601006.SH,9.378012454129609,9.552082290865194,9.367133089333635,9.530323561273246,560080.21,488803640.0
2019-06-21,601006.SH,601006.SH,9.519444196477272,9.552082290865194,9.454168007701426,9.530323561273246,451651.16,394689681.0
2019-06-24,601006.SH,601006.SH,9.530325811338287,9.628240117619159,9.486808341880122,9.584722648160994,398373.93,349958664.0
2019-06-25,601006.SH,601006.SH,9.56296817578154,9.595606292422435,9.443295081431602,9.519450686927017,378451.45,330903465.0
2019-06-26,601006.SH,601006.SH,9.50857267153007,9.59560766165849,9.475934550231912,9.530331419062176,603928.44,529282296.0
2019-06-27,601006.SH,601006.SH,9.530336096525447,9.599396503022009,9.357685080284046,9.380705215782898,652049.44,535772432.0
2019-06-28,601006.SH,601006.SH,9.380704867919912,9.392214935242514,9.231073992726097,9.311644463984305,374848.21,303080707.0
2019-07-01,601006.SH,601006.SH,9.380704559043044,9.461275027648323,9.380704559043044,9.4382548937611,392351.68,321119845.0
2019-07-02,601006.SH,601006.SH,9.438258774059362,9.53033934746482,9.392218487356635,9.518829275789138,403907.07,332746120.0
2019-07-03,601006.SH,601006.SH,9.51883243325446,9.530342508748117,9.403731678317888,9.438261904798859,358405.87,294535690.0
2019-07-04,601006.SH,601006.SH,9.43826307001638,9.449773146931035,9.288632070125876,9.323162300869837,394366.81,320401753.0
2019-07-05,601006.SH,601006.SH,9.369206651957446,9.39222681572147,9.254105833137329,9.334676406311411,332688.69,268987531.0
2019-07-08,601006.SH,601006.SH,9.277121735693292,9.300141888883598,9.139000816551457,9.19655119952722,521211.82,417525675.0
2019-07-09,601006.SH,601006.SH,9.173529405730607,9.208059629340635,9.115979033047228,9.13899918212058,286425.92,227570922.0
2019-07-10,601006.SH,601006.SH,9.150510372856607,9.162020448797305,9.046919689390306,9.058429765331004,215729.67,170411574.0
2019-07-11,601006.SH,601006.SH,9.104470069093805,9.115980145034506,9.058429765331004,9.058429765331004,221807.84,175051680.0
2019-07-12,601006.SH,601006.SH,9.081452612725565,9.092962692082633,9.012392136583166,9.035412295297299,218356.07,171689550.0
2019-07-15,601006.SH,601006.SH,9.035415391187296,9.081455724390798,8.943334724780293,9.069945641089923,230803.04,180768148.0
2019-07-16,601006.SH,601006.SH,9.069946936796443,9.069946936796443,9.000886427125405,9.02390659701575,243702.58,191169530.0
2019-07-17,601006.SH,601006.SH,9.023906230562691,9.069946568473727,8.989375977129416,9.069946568473727,177661.97,139547519.0
2019-07-18,601006.SH,601006.SH,9.035419237922236,9.046929326123411,8.943338532312838,8.966358708715187,239542.0,187020373.0
2019-07-19,601006.SH,601006.SH,8.966358708715187,9.035419237922236,8.954848620514014,8.966358708715187,185263.91,144660385.0
2019-07-22,601006.SH,601006.SH,8.977866073552562,9.000886242971928,8.8857853958751,8.954845904133197,230631.33,179089783.0
2019-07-23,601006.SH,601006.SH,8.931822285338676,9.012392847190958,8.920312205074064,9.000882766926345,186551.83,145375409.0
2019-07-24,601006.SH,601006.SH,9.000886033744203,9.104476793723355,8.989375949302074,9.069946540396971,294619.8,232207001.0
2019-07-25,601006.SH,601006.SH,9.08145694794048,9.092967032792115,9.012396438830667,9.058436778237208,195916.07,153958167.0
2019-07-26,601006.SH,601006.SH,9.046929378651713,9.069949555187723,9.012399113847698,9.035419290383707,183398.99,143954660.0
2019-07-29,601006.SH,601006.SH,9.023913319488722,9.092973880607259,9.023913319488722,9.081463787087502,174947.23,137742994.0
2019-07-30,601006.SH,601006.SH,9.092971331819127,9.150521783286337,9.081461241525684,9.11599151240601,185306.35,146807235.0
2019-07-31,601006.SH,601006.SH,9.104483727044574,9.13901400666674,9.092973633837184,9.092973633837184,179422.08,142094176.0
2019-08-01,601006.SH,601006.SH,9.092972020381788,9.127502293876908,9.046931655721627,9.081461929216747,159667.05,126037089.0
2019-08-02,601006.SH,601006.SH,9.035417583432139,9.035417583432139,8.931826808590243,9.012397411245052,216551.21,169041300.0
2019-08-05,601006.SH,601006.SH,8.977867731039964,9.000887904709298,8.747665994346633,8.7591760811813,372243.45,286372630.0
2019-08-06,601006.SH,601006.SH,8.678603582145195,8.678603582145195,8.494442232921953,8.60954307618648,424858.15,316645220.0
2019-08-07,601006.SH,601006.SH,8.621054035279341,8.655584291762436,8.52897335132442,8.621054035279341,238765.98,178186970.0
2019-08-08,601006.SH,601006.SH,8.632562008067225,8.7706830001963,8.621051925389802,8.747662834841453,232668.52,176216418.0
2019-08-09,601006.SH,601006.SH,8.7706830001963,8.828233413583416,8.747662834841453,8.747662834841453,200136.01,152832626.0
2019-08-12,601006.SH,601006.SH,8.667094519047861,8.828235718605193,8.667094519047861,8.816725632922525,177543.59,135260925.0
2019-08-13,601006.SH,601006.SH,8.759173392266046,8.805213725471123,8.67860280915716,8.67860280915716,184884.77,140270896.0
2019-08-14,601006.SH,601006.SH,8.75916917574907,8.793699409030603,8.609538164862425,8.655578475904468,230520.32,173835575.0
2019-08-15,601006.SH,601006.SH,8.540473479647282,8.60953391209726,8.505943263422294,8.575003695872272,261546.14,194386684.0
2019-08-16,601006.SH,601006.SH,8.575006322038519,8.65557685123888,8.528966019638313,8.644066775638828,189136.6,141189825.0
2019-08-19,601006.SH,601006.SH,8.655573721219573,8.828224792786454,8.655573721219573,8.816714721348662,253377.94,192616805.0
2019-08-20,601006.SH,601006.SH,8.816710777330634,8.87426110877535,8.782180578463803,8.851240976197465,147241.96,113135058.0
2019-08-21,601006.SH,601006.SH,8.82822235340669,8.874262626436192,8.816712285149316,8.816712285149316,135166.57,103825445.0
2019-08-22,601006.SH,601006.SH,8.839729387639778,8.943319966401182,8.816709259026135,8.920299837787537,261381.12,201541073.0
2019-08-23,601006.SH,601006.SH,8.93181306328834,9.000873473571497,8.897282858146761,8.943323131668865,195091.36,152050682.0
2019-08-26,601006.SH,601006.SH,8.851242688350156,8.943323236473434,8.805202414288518,8.839732619834747,222756.48,171808564.0
2019-08-27,601006.SH,601006.SH,8.874265052646939,9.035406052305898,8.805204624221671,8.805204624221671,389335.06,301901082.0
2019-08-28,601006.SH,601006.SH,8.862752111179589,8.920302449563872,8.828221908149018,8.885772246533302,159269.41,122943763.0
2019-08-29,601006.SH,601006.SH,8.897285210999748,8.96634563954567,8.839734853878143,8.908795282424068,248042.51,191540628.0
2019-08-30,601006.SH,601006.SH,8.96634563954567,8.98936578239431,8.828224782453823,8.908795282424068,241278.08,186368030.0
2019-09-02,601006.SH,601006.SH,8.908796011532631,9.046916879928487,8.862755722067346,9.000876590463202,365537.41,285052734.0
2019-09-03,601006.SH,601006.SH,9.012382549483817,9.069932885048848,8.977852348144799,8.977852348144799,148713.4,116484667.0
2019-09-04,601006.SH,601006.SH,8.989359670414318,9.081440179202172,8.977849606815836,9.046909988406728,293341.4,230215819.0
2019-09-05,601006.SH,601006.SH,9.081437779024844,9.11596796069414,9.023887476242685,9.058417657911981,354707.13,279912134.0
2019-09-06,601006.SH,601006.SH,9.058420842152705,9.081440971357667,9.01238058374278,9.069930906755186,171111.98,134577813.0
2019-09-09,601006.SH,601006.SH,9.11597116516511,9.138991294370074,9.035400712947743,9.069930906755186,243668.48,191926917.0
2019-09-10,601006.SH,601006.SH,9.046913704150374,9.046913704150374,8.89728281591379,8.966343225869137,352633.27,273984689.0
2019-09-11,601006.SH,601006.SH,8.97785057083593,9.00087070050474,8.920300246663905,8.95483044116712,199968.33,155560438.0
2019-09-12,601006.SH,601006.SH,8.954826982907793,9.00086722446516,8.920296801739768,9.00086722446516,205520.44,159937321.0
2019-09-16,601006.SH,601006.SH,9.000868034311825,9.012378095736777,8.920297604337167,8.954827788612022,237734.78,184963711.0
2019-09-17,601006.SH,601006.SH,8.931808780786223,8.943318843648061,8.828218215029683,8.851238340753358,274172.89,211572758.0
2019-09-18,601006.SH,601006.SH,8.839724372233794,8.88576460333918,8.77066402557572,8.805194198904758,282000.42,215943206.0
2019-09-19,601006.SH,601006.SH,8.828213112171454,8.874253337006769,8.793682943544969,8.874253337006769,138075.54,105916407.0
2019-09-20,601006.SH,601006.SH,8.874253637046543,8.943313976634455,8.851233523850574,8.851233523850574,236719.53,182479409.0
2019-09-23,601006.SH,601006.SH,8.851229144819253,8.851229144819253,8.71310853397682,8.747638686687427,247765.55,188742488.0
2019-09-24,601006.SH,601006.SH,8.759149195585666,8.82820950461788,8.724619041069559,8.805189401607143,161085.27,123092670.0
2019-09-25,601006.SH,601006.SH,8.793676025242565,8.862736308163319,8.782165978089107,8.828206166702943,170233.93,130468921.0
2019-09-26,601006.SH,601006.SH,8.828204230490625,8.862734364377811,8.79367409660344,8.816694185861563,168597.91,129215544.0
2019-09-27,601006.SH,601006.SH,8.80518782066556,8.816697870104338,8.713107425155332,8.759147622910445,174409.95,132833722.00000001
2019-09-30,601006.SH,601006.SH,8.713108481289566,8.782168786293182,8.713108481289566,8.736128582957438,129227.22,98270664.0
2019-10-08,601006.SH,601006.SH,8.701599237226343,8.736129392929623,8.678579133424158,8.69008918532525,179347.19,135707688.0
2019-10-09,601006.SH,601006.SH,8.690093358854927,8.759153703428609,8.655563186568086,8.747643645999661,130537.86,98738779.0
2019-10-10,601006.SH,601006.SH,8.759153703428609,8.782173818286502,8.724623531141768,8.747643645999661,129033.31,98064735.0
2019-10-11,601006.SH,601006.SH,8.770660542265347,8.793680648675492,8.724620329445058,8.78217059547042,150476.9,114536724.0
2019-10-14,601006.SH,601006.SH,8.816700054800815,8.908780473127717,8.805190002509953,8.839720159382539,196233.76,151022190.0
2019-10-15,601006.SH,601006.SH,8.851230950237591,8.862741003488875,8.793680683981169,8.828210843735022,186737.97,143292864.0
2019-10-16,601006.SH,601006.SH,8.86274184154599,8.908782058904672,8.85123178720632,8.88576195022533,192005.14,148140015.0
2019-10-17,601006.SH,601006.SH,8.885759042157785,8.885759042157785,8.828208789294068,8.862738941012298,131662.97,101424748.0
2019-10-18,601006.SH,601006.SH,8.862738941012298,8.897269092730529,8.805188688148583,8.862738941012298,202820.95,156085497.0
2019-10-21,601006.SH,601006.SH,8.839722571674235,8.86274268253797,8.713111961923694,8.72462201735556,195607.54,149004500.0
2019-10-22,601006.SH,601006.SH,8.747645883751519,8.793686125244948,8.724625763004806,8.793686125244948,163232.45,124083595.0
2019-10-23,601006.SH,601006.SH,8.770670338507442,8.86275086699571,8.759160272446408,8.851240800934676,192851.18,147915779.0
2019-10-24,601006.SH,601006.SH,8.839726829214833,8.851236890190373,8.770666463361591,8.805196646288213,137892.08,105616412.0
2019-10-25,601006.SH,601006.SH,8.805198317431557,8.82821844375164,8.759158064791393,8.793688254271515,194719.9,148678111.0
2019-10-28,601006.SH,601006.SH,8.782177316346674,8.816707502387356,8.759157192319552,8.782177316346674,222020.59,169460882.0
2019-10-29,601006.SH,601006.SH,8.793689423672541,8.805199488363211,8.75915922960053,8.75915922960053,243964.63,186116109.0
2019-10-30,601006.SH,601006.SH,8.8052000213095,8.816710086696832,8.747649694372834,8.747649694372834,234393.43,178658205.0
2019-10-31,601006.SH,601006.SH,8.770666606553066,8.782176667716522,8.7361364230627,8.782176667716522,208298.22,158588615.0
2019-11-01,601006.SH,601006.SH,8.782175281655006,8.920295993817337,8.74764510361442,8.897275875123617,327794.04,252151042.0
2019-11-04,601006.SH,601006.SH,8.874253379397103,9.069924335881863,8.862743323133293,9.023884110826625,411865.62,321145894.0
2019-11-05,601006.SH,601006.SH,9.046899960536376,9.058410011376752,8.966329604653737,8.98934970633449,243091.49,190274265.0
2019-11-06,601006.SH,601006.SH,8.989351325106277,9.03539153675855,8.954821166367072,9.012371430932413,133138.79,104119539.0
2019-11-07,601006.SH,601006.SH,8.989348575150473,9.000858624542472,8.94330837758248,8.95481842697448,134784.09,104946373.0
2019-11-08,601006.SH,601006.SH,8.989348946323576,9.02387909592533,8.897268547385563,8.920288647120065,194624.22,151587619.0
2019-11-11,601006.SH,601006.SH,8.90877772498337,8.954817919944524,8.805187286320773,8.816697335061061,230442.2,177589469.0
2019-11-12,601006.SH,601006.SH,8.851227481281928,8.851227481281928,8.782167188840196,8.816697335061061,127085.43,97305961.0
2019-11-13,601006.SH,601006.SH,8.828207083364973,8.828207083364973,8.770656841622046,8.793676938319216,120199.12,91865843.0
2019-11-14,601006.SH,601006.SH,8.782163377103876,8.88575377080497,8.782163377103876,8.862733683315838,181296.68,139095731.0
2019-11-15,601006.SH,601006.SH,8.828202742155208,8.874242912909603,8.782162571400814,8.782162571400814,113378.46,86974970.0
2019-11-18,601006.SH,601006.SH,8.793676578076548,8.885756961093056,8.724616290814167,8.885756961093056,239697.37,183483344.0
2019-11-19,601006.SH,601006.SH,8.862736773852616,8.931797060402117,8.839716678336115,8.920287012643866,158438.99,122616062.0
2019-11-20,601006.SH,601006.SH,8.920287299285478,9.01236768431036,8.897267203029259,8.95481744366981,258077.52,201024888.0
2019-11-21,601006.SH,601006.SH,8.96632985075509,9.012370055380275,8.920289646129902,9.012370055380275,163617.65,127670702.0
2019-11-22,601006.SH,601006.SH,9.02387760054184,9.04689769646159,9.000857504622092,9.035387648501715,280706.5,220087526.0
2019-11-25,601006.SH,601006.SH,9.035385880212466,9.127466245870682,9.012365788797913,9.115956200163406,239643.8,189445756.0
2019-11-26,601006.SH,601006.SH,9.138977395152457,9.161997489346795,9.023876924180763,9.150487442249625,480701.48,380379888.0
2019-11-27,601006.SH,601006.SH,9.09293367383913,9.115953759089356,9.00085333283823,9.035383460713566,232346.11,182478607.0
2019-11-28,601006.SH,601006.SH,9.035379629253491,9.092929817974852,9.012359553764947,9.092929817974852,157462.2,123989680.0
2019-11-29,601006.SH,601006.SH,9.081415542998148,9.15047573724148,9.012355348754816,9.127455672493703,275702.23,217649223.0
2019-12-02,601006.SH,601006.SH,9.092926196128017,9.13896632876664,9.046886063489394,9.104436229287673,172395.63,136150341.0
2019-12-03,601006.SH,601006.SH,9.092924175477751,9.115944236681493,9.046884053070269,9.115944236681493,158322.05,124934560.0
2019-12-04,601006.SH,601006.SH,9.104436510999674,9.185006745610291,9.058396376936464,9.092926477483871,197753.47,156757493.0
2019-12-05,601006.SH,601006.SH,9.10443917514776,9.138969285799396,9.03537895384449,9.04688899072837,144136.32,113705648.0
2019-12-06,601006.SH,601006.SH,9.069913323209773,9.092933407786449,9.012363111768087,9.069913323209773,112098.01,88056029.0
2019-12-09,601006.SH,601006.SH,9.058402959457188,9.104443126976665,9.035382875697449,9.081423043216926,149457.56,117706597.0
2019-12-10,601006.SH,601006.SH,9.035385357818035,9.069915492943453,8.931794952441777,8.966325087567196,199820.27,156078839.0
2019-12-11,601006.SH,601006.SH,8.9663278004553,9.0008579460283,8.897267509309303,8.977837848979632,245880.91,191172265.0
2019-12-12,601006.SH,601006.SH,8.966326426305445,9.058406800388171,8.920286239264081,9.012366613346808,155118.36,121018837.0
2019-12-13,601006.SH,601006.SH,9.035383208930895,9.13897358967023,9.000853082017784,9.12746354736586,252823.82,199573875.0
2019-12-16,601006.SH,601006.SH,9.138972968909759,9.150483010432316,9.081422761296977,9.150483010432316,160139.68,126926683.0
2019-12-17,601006.SH,601006.SH,9.138970170099288,9.254070550075348,9.115950094104075,9.208030398084924,278311.79,222611324.0
2019-12-18,601006.SH,601006.SH,9.208030398084924,9.334640816058592,9.208030398084924,9.323130778060985,439788.94,355122249.0
2019-12-19,601006.SH,601006.SH,9.3231310062894,9.449741427362467,9.31162096801003,9.403701274244987,279384.79,227994463.0
2019-12-20,601006.SH,601006.SH,9.40370173184602,9.461251926043365,9.369171615327614,9.461251926043365,254387.29,208451370.0
2019-12-23,601006.SH,601006.SH,9.438230088105236,9.44974012479805,9.311619684484313,9.380679904641182,213929.37,174495642.0
2019-12-24,601006.SH,601006.SH,9.334639411715187,9.369169520513148,9.25406915785328,9.311619339183213,144897.31,117058710.0
2019-12-25,601006.SH,601006.SH,9.311616724590591,9.357656856727012,9.254066559420068,9.346146823692905,125070.96,101233168.0
2019-12-26,601006.SH,601006.SH,9.346151238109114,9.380681353520849,9.300111084226804,9.357661276579694,111479.32,90460649.0
2019-12-27,601006.SH,601006.SH,9.369171662056619,9.403701778747244,9.300111428675365,9.323131506469116,160507.62,130229483.0
2019-12-30,601006.SH,601006.SH,9.311623166773236,9.507293863726444,9.28860308477874,9.461253699737455,205043.19,167960086.0
2019-12-31,601006.SH,601006.SH,9.426719282476991,9.472759425492754,9.357659067953353,9.449739353984874,226874.44,185555999.0
2020-01-02,601006.SH,601006.SH,9.461250408820758,9.495780519801855,9.40370022385226,9.40370022385226,287437.25,235963251.0
2020-01-03,601006.SH,601006.SH,9.40370013165912,9.4612503160634,9.357659984135699,9.392190094778265,224957.87,183911357.0
2020-01-06,601006.SH,601006.SH,9.35766388026179,9.403704046954344,9.26558354687668,9.288603630222957,301502.05,244584246.0
2020-01-07,601006.SH,601006.SH,9.277095553648461,9.346155818315818,9.277095553648461,9.346155818315818,202301.09,163833359.0
2020-01-08,601006.SH,601006.SH,9.311627724347963,9.323137770978802,9.219547351301259,9.254077491193772,200098.21,161079072.0
2020-01-09,601006.SH,601006.SH,9.277095299456041,9.369175649822852,9.277095299456041,9.346155562231148,410942.91,333171033.0
2020-01-10,601006.SH,601006.SH,9.357666114344639,9.369176158765725,9.28860584781811,9.323135981081373,291355.81,236214463.0
2020-01-13,601006.SH,601006.SH,9.323135748873753,9.346155837142577,9.219545351664044,9.242565439932868,314538.86,252976942.0
2020-01-14,601006.SH,601006.SH,9.150482070839479,9.277092514586943,9.150482070839479,9.254072433905584,250930.89,201266316.0
2020-01-15,601006.SH,601006.SH,9.231052631897503,9.242562672585654,9.12746226570414,9.150482347080445,213153.63,169816720.0
2020-01-16,601006.SH,601006.SH,9.138968498487166,9.196518677948673,9.104438390810262,9.115948426702563,245232.59,195000493.0
2020-01-17,601006.SH,601006.SH,9.138971909754096,9.150481949942703,9.104441789188275,9.127461869565488,202357.14,160324409.0
2020-01-20,601006.SH,601006.SH,9.11594967573326,9.23105005042686,9.092929600794541,9.208029975488142,248842.4,198518224.0
2020-01-21,601006.SH,601006.SH,9.185009900549423,9.208029975488142,9.06990952585582,9.1044396382639,354135.05,280478654.0
2020-01-22,601006.SH,601006.SH,9.081415509120017,9.081415509120017,8.989335250472413,9.023865347465264,262558.33,206169961.0
2020-01-23,601006.SH,601006.SH,9.012356626022362,9.023866660027497,8.828196081940167,8.862726183955578,350350.22,271046737.0
2020-02-03,601006.SH,601006.SH,8.114571051475913,8.471381977143649,8.114571051475913,8.310241559100154,667785.16,480470921.0
2020-02-04,601006.SH,601006.SH,8.321753976255854,8.977825866500092,8.310243943093674,8.505914506850727,536094.54,394074465.0
2020-02-05,601006.SH,601006.SH,8.540446145468882,8.540446145468882,8.425345793104073,8.494406004522958,376013.7,277337422.0
2020-02-06,601006.SH,601006.SH,8.517426190564795,8.517426190564795,8.402325836638243,8.482896084386828,476157.16,349800141.0
2020-02-07,601006.SH,601006.SH,8.448365978208862,8.482896084386828,8.379305765852934,8.482896084386828,321302.38,234792879.0
2020-02-10,601006.SH,601006.SH,8.402324280651976,8.413834313913144,8.31024401456264,8.39081424739081,489705.95,356022193.0
2020-02-11,601006.SH,601006.SH,8.390816659464116,8.471386915453484,8.356286549754387,8.448366842313664,386932.25,283457897.0
2020-02-12,601006.SH,601006.SH,8.425343421961253,8.471383549950113,8.402323357966823,8.459873517952897,261547.47,191609970.0
2020-02-13,601006.SH,601006.SH,8.459870397507744,8.459870397507744,8.4138302865009,8.425340314252612,176023.18,129018084.0
2020-02-14,601006.SH,601006.SH,8.413832315040805,8.43685237609427,8.36779219293388,8.402322284514074,243937.87,177986038.0
2020-02-17,601006.SH,601006.SH,8.390815315499921,8.528935732215968,8.367795246047246,8.517425697489632,363184.54,266984014.00000003
2020-02-18,601006.SH,601006.SH,8.50591312712448,8.563463283600289,8.471383033238995,8.494403095829318,236052.85,174363522.0
2020-02-19,601006.SH,601006.SH,8.48289317963447,8.505913242537142,8.459873116731798,8.48289317963447,212422.5,156441838.0
2020-02-20,601006.SH,601006.SH,8.482890984600115,8.563461183911107,8.459870927654118,8.540441126965108,254517.88,188182048.0
2020-02-21,601006.SH,601006.SH,8.52893109849211,8.563461183911107,8.505911041546112,8.540441126965108,251495.25,186610883.0
2020-02-24,601006.SH,601006.SH,8.505911808472518,8.540441897004884,8.413831572386213,8.425341601897001,358103.46,263011337.0
2020-02-25,601006.SH,601006.SH,8.356281101661166,8.41383124698941,8.275710898201623,8.333261043529868,461039.01,333982356.0
2020-02-26,601006.SH,601006.SH,8.310240347026147,8.425340628840916,8.26420023430024,8.390810544296485,352514.33,256161334.0
2020-02-27,601006.SH,601006.SH,8.413830333737916,8.413830333737916,8.310240083390937,8.34477016683993,357261.96,259190245.0
2020-02-28,601006.SH,601006.SH,8.252692275577628,8.287222368780883,8.149101995967868,8.149101995967868,576935.02,411279686.0
2020-03-02,601006.SH,601006.SH,8.149105341507662,8.31024584261092,8.149105341507662,8.29873580681783,457779.7,328513565.0
2020-03-03,601006.SH,601006.SH,8.333266536598703,8.367796646556984,8.29873642664042,8.321756499945943,358139.38,259294645.0
2020-03-04,601006.SH,601006.SH,8.298736369877519,8.425346772191878,8.275716296729454,8.413836735617846,400533.31,291847451.0
2020-03-05,601006.SH,601006.SH,8.44836748640843,8.517427711092969,8.41383737406616,8.494407636198122,407654.37,300002412.0
2020-03-06,601006.SH,601006.SH,8.425348568841526,8.436858607869999,8.367798373699165,8.379308412727639,261503.81,190747578.0
2020-03-09,601006.SH,601006.SH,8.27572140425793,8.321761578968683,8.19515109851411,8.206661142191798,399088.12,285871262.0
2020-03-10,601006.SH,601006.SH,8.172129817732088,8.287230237700147,8.160619775735283,8.275720195703341,323291.73,231402188.0
2020-03-11,601006.SH,601006.SH,8.275718057034078,8.275718057034078,8.183637744855675,8.195147783877974,329414.71,235442103.0
2020-03-12,601006.SH,601006.SH,8.160613638006838,8.252693904726238,8.114573504647138,8.206653771366538,420869.28,298152629.0
2020-03-13,601006.SH,601006.SH,8.057024937923778,8.172125294179832,7.964944652918935,8.114575116051805,435656.58,305114276.0
2020-03-16,601006.SH,601006.SH,8.114577716877163,8.1951479920802,8.057027520303567,8.080047598933005,342307.6,241749598.0
2020-03-17,601006.SH,601006.SH,8.068541542385764,8.1721319473522,8.022501362400682,8.114581722370847,311682.84,219489788.0
2020-03-18,601006.SH,601006.SH,8.149107882183142,8.172127960946371,8.022497448985382,8.022497448985382,288858.72,203137889.0
2020-03-19,601006.SH,601006.SH,7.976458318014816,8.022498481466561,7.711727378167284,7.780787623344901,456537.78,311395844.0
2020-03-20,601006.SH,601006.SH,7.861358928235965,7.884379012945294,7.757768547043983,7.815318758817305,312399.28,212061861.0
2020-03-23,601006.SH,601006.SH,7.723234818110949,7.792295040031464,7.700214744137444,7.700214744137444,225256.95,151266979.0
2020-03-24,601006.SH,601006.SH,7.780786859952405,7.8958872572889796,7.757766780485091,7.861357138088008,317958.26,215833426.0
2020-03-25,601006.SH,601006.SH,7.976458309950168,7.987968350801467,7.8843779831397764,7.941928187396272,214453.91,147921370.0
2020-03-26,601006.SH,601006.SH,7.8958882565650965,7.918908338945752,7.792297885852142,7.815317968232799,259865.8,177334640.0
2020-03-27,601006.SH,601006.SH,7.8728718865003815,7.941932166206526,7.849851793265001,7.884381933118073,169853.75,116499766.0
2020-03-30,601006.SH,601006.SH,7.838343879137344,7.8843840781337455,7.7692835806427425,7.826833829388244,188030.37,127940240.0
2020-03-31,601006.SH,601006.SH,7.8843840781337455,7.907404177631947,7.792303680140943,7.826833829388244,132604.2,90374118.0
2020-04-01,601006.SH,601006.SH,7.803814657535062,7.826834759769678,7.723244299713904,7.746264401948521,264426.5,179004443.0
2020-04-02,601006.SH,601006.SH,7.757773004187366,7.826833297993188,7.700222759349181,7.826833297993188,201710.19,135883734.0
2020-04-03,601006.SH,601006.SH,7.792304530258975,7.815324632268603,7.757774377244534,7.80381458126379,159150.07,107753529.0
2020-04-07,601006.SH,601006.SH,7.861362802388236,7.941933138576695,7.849852754361313,7.918913042522849,285862.03,195977281.0
2020-04-08,601006.SH,601006.SH,7.895896808215772,7.930426969184645,7.861366647246898,7.9074068618720625,117644.33,80638441.0
2020-04-09,601006.SH,601006.SH,7.907403726573715,7.930423824758791,7.884383628388639,7.895893677481178,105020.41,72177332.0
2020-04-10,601006.SH,601006.SH,7.918912373478329,7.953442514641752,7.8843822323149055,7.930422420532802,144575.0,99444599.0
2020-04-13,601006.SH,601006.SH,7.895892522855045,7.930422665083274,7.826832238398587,7.838342285807996,101568.0,69386601.0
2020-04-14,601006.SH,601006.SH,7.84984899503637,7.930419292639383,7.826828910006938,7.930419292639383,134657.12,92235569.0
2020-04-15,601006.SH,601006.SH,7.930415425836399,7.930415425836399,7.884375278226318,7.884375278226318,134924.38,92610212.0
2020-04-16,601006.SH,601006.SH,7.8613529024138975,7.884372969478067,7.815312768285558,7.8613529024138975,185351.45,126289982.0
2020-04-17,601006.SH,601006.SH,7.872860913137404,7.907391004861691,7.8268207908383545,7.884370943712166,151570.11,103690477.0
2020-04-20,601006.SH,601006.SH,7.884367475513803,7.907387526537201,7.838327373467006,7.849837398978706,142674.86,97494391.0
2020-04-21,601006.SH,601006.SH,7.826818973703719,7.84983902950873,7.757758806288686,7.757758806288686,163588.37,110729840.0
2020-04-22,601006.SH,601006.SH,7.757760980291891,7.815311135932038,7.711720855779773,7.803801104804009,162064.61,109324627.0
2020-04-23,601006.SH,601006.SH,7.826823462315543,7.872863600329164,7.803803393308733,7.849843531322354,189538.88,129132958.0
2020-04-24,601006.SH,601006.SH,7.849845698386354,7.861355736067273,7.792295509981762,7.838335660705435,106189.87,72107529.0
2020-04-27,601006.SH,601006.SH,7.8498479560853385,7.88437807905932,7.803807792120028,7.803807792120028,199906.22,136168140.0
2020-04-28,601006.SH,601006.SH,7.81531434413018,7.849844451688929,7.711724021453933,7.734744093159766,193802.45,130702381.0
2020-04-29,601006.SH,601006.SH,7.826821196190127,8.160612100145293,7.826821196190127,8.149102068974427,499642.97,347962488.0
2020-04-30,601006.SH,601006.SH,8.11456962472231,8.40232032063445,8.11456962472231,8.264199986596623,632712.66,457350224.0
2020-05-06,601006.SH,601006.SH,8.126076634300638,8.22966684635263,8.022486422248647,8.057016492932645,494595.72,348265823.0
2020-05-07,601006.SH,601006.SH,8.068524201278334,8.103054262054133,7.953423998692338,8.022484120243934,434624.69,301973868.0
2020-05-08,601006.SH,601006.SH,8.033997689331601,8.033997689331601,7.9764475626171905,7.999467613302954,298428.94,207505721.0
2020-05-11,601006.SH,601006.SH,7.999468820119191,8.068528982595039,7.964938738881266,8.010978847198498,469119.16,326628824.0
2020-05-12,601006.SH,601006.SH,8.010978847198498,8.091549036753657,7.999468820119191,8.010978847198498,315796.58,220541687.0
2020-05-13,601006.SH,601006.SH,8.010978847198498,8.033998901357116,7.999468820119191,8.010978847198498,276558.04,192598688.0
2020-05-14,601006.SH,601006.SH,8.010981621563467,8.022491652628931,7.976451528367071,7.976451528367071,202687.85,140758754.0
2020-05-15,601006.SH,601006.SH,7.987961570975834,8.010981633140029,7.9534314777295405,7.964941508811638,205075.46,142183490.0
2020-05-18,601006.SH,601006.SH,7.999470909462986,8.010980939548544,7.941920759035195,7.9764508492918695,371187.4,257085609.0
2020-05-19,601006.SH,601006.SH,7.987960914107692,8.010980974378896,7.930410763429681,7.941920793565285,388127.69,268314490.0
2020-05-20,601006.SH,601006.SH,7.941918006926412,7.941918006926412,7.8613478242474475,7.872857850344442,301268.08,206372356.0
2020-05-21,601006.SH,601006.SH,7.884367691470928,7.895877717297893,7.838327588163068,7.849837613990033,145899.68,99818291.0
2020-05-22,601006.SH,601006.SH,7.84983487351418,7.861344895322851,7.769264720853477,7.780774742662149,280292.41,189929482.0
2020-05-25,601006.SH,601006.SH,7.769266976817752,7.8037970522702755,7.74624692651607,7.769266976817752,237644.0,160568942.0
2020-05-26,601006.SH,601006.SH,7.78077355914691,7.815303619320639,7.757753519031092,7.80379359926273,256416.29,173314640.0
2020-05-27,601006.SH,601006.SH,7.780775272973685,7.8613454311257795,7.7692652503805295,7.838325385939466,284012.88,192763765.0
2020-05-28,601006.SH,601006.SH,7.849834287127565,7.9304044337696356,7.849834287127565,7.895874370923034,218913.01,150151406.0
2020-05-29,601006.SH,601006.SH,7.907383626641152,7.93040366631114,7.84983352746618,7.84983352746618,204223.69,139888331.0
2020-06-01,601006.SH,601006.SH,7.849832726462759,7.918892838425775,7.838322707802256,7.895872801104769,205658.66,141102071.0
2020-06-02,601006.SH,601006.SH,7.907382180784844,7.987952304897645,7.895872163054444,7.976442287167244,252891.05,174571427.0
2020-06-03,601006.SH,601006.SH,7.987952293387625,8.080032435098145,7.97644227567381,7.987952293387626,243857.63,169892316.0
2020-06-04,601006.SH,601006.SH,7.999461687766716,8.022481721400576,7.953421620498994,7.976441654132854,176992.81,122895855.0
2020-06-05,601006.SH,601006.SH,7.999461653286276,8.022481686820912,7.976441619751639,8.010971670053594,179074.68,124516052.0
2020-06-08,601006.SH,601006.SH,8.03399520263333,8.045505224413606,7.999465137292498,8.03399520263333,155209.94,108201483.0
2020-06-09,601006.SH,601006.SH,8.045507986133131,8.13758819198301,8.02248793467066,8.11456814052054,279142.12,196101100.0
2020-06-10,601006.SH,601006.SH,8.149097232403648,8.149097232403648,8.080037086366328,8.091547110705882,178742.59,125861316.0
2020-06-11,601006.SH,601006.SH,8.091546706705671,8.149096825530036,8.057016635411053,8.068526659175925,285471.84,200928141.0
2020-06-12,601006.SH,601006.SH,7.999464372637446,8.06852449671777,7.976444331277338,7.987954351957392,251377.49,175041387.0
2020-06-15,601006.SH,601006.SH,7.987954351957392,8.022484413997553,7.941914269237176,7.987954351957392,173676.52,120615442.0
2020-06-16,601006.SH,601006.SH,8.01097748768529,8.080037638441198,7.987957437433322,8.045507563063245,164090.21,114592277.0
2020-06-17,601006.SH,601006.SH,8.068530085374737,8.1375902572895,8.033999999417357,8.114570199984579,204652.5,143781112.0
2020-06-18,601006.SH,601006.SH,8.114572145650211,8.17212230271156,8.080042051413402,8.160612271299291,184459.4,130558936.0
2020-06-19,601006.SH,601006.SH,8.183634377162479,8.241184548591187,8.13759424001951,8.206654445733962,334287.13,238187924.0
2020-06-22,601006.SH,601006.SH,8.206655664544028,8.21816570053918,8.103065340587651,8.13759544857311,163376.73,115778944.0
2020-06-23,601006.SH,601006.SH,8.13759544857311,8.183635592553722,8.080045268597345,8.13759544857311,274891.31,194380344.0
2020-06-24,601006.SH,601006.SH,8.160615520563416,8.17212555655857,8.091555304592498,8.13759544857311,194845.7,137672935.0
2020-06-29,601006.SH,601006.SH,8.06853515191684,8.114575295437051,8.045515080156736,8.057025116036789,240747.31,168727690.0
2020-06-30,601006.SH,601006.SH,8.068532859719355,8.126083022770134,8.045512794499043,8.103062957549822,271837.03,191010453.0
2020-07-01,601006.SH,601006.SH,8.103062218809042,8.103062218809042,8.034002029444192,8.080042155687424,378445.86,265395652.0
2020-07-02,601006.SH,601006.SH,8.08003965821985,8.154168462423701,7.944136850512788,8.154168462423701,697330.91,455473427.0
2020-07-03,601006.SH,601006.SH,8.154171135921555,8.290073988186915,8.141816331170158,8.290073988186915,562991.05,375154965.0
2020-07-06,601006.SH,601006.SH,8.351844902340003,8.685424506427548,8.327135302037222,8.660714906124767,847568.73,586978868.0
2020-07-07,601006.SH,601006.SH,8.796618894134488,8.88310250685772,8.611296866870418,8.611296866870418,862599.42,609462255.0
2020-07-08,601006.SH,601006.SH,8.598943452778334,8.598943452778334,8.425976199417851,8.574233845155408,689055.28,475173085.0
2020-07-09,601006.SH,601006.SH,8.648366008593458,8.710140051511981,8.549527539923817,8.636011200009753,624351.54,436182238.0
2020-07-10,601006.SH,601006.SH,8.598946749188821,8.611301557736505,8.438334238068915,8.475398663711971,412559.09,285014406.0
2020-07-13,601006.SH,601006.SH,8.450691359177794,8.537175042678152,8.42598173532055,8.487755794963663,670797.49,460736443.0
2020-07-14,601006.SH,601006.SH,8.500112569417823,8.549531828542346,8.376564421606517,8.401274051168778,540158.76,369315714.0
2020-07-15,601006.SH,601006.SH,8.401275049834341,8.463049131083123,8.30243651983629,8.314791336086047,473273.64,320356738.0
2020-07-16,601006.SH,601006.SH,8.314795518678054,8.364214808536467,8.141828004173606,8.154182826638209,537533.03,359197649.0
2020-07-17,601006.SH,601006.SH,8.178889229933205,8.21595368263683,8.080050689390205,8.104760324525955,438209.46,288554238.0
2020-07-20,601006.SH,601006.SH,8.129469376381348,8.302436809921376,8.117114559699917,8.265372359877086,439662.64,293074260.0
2020-07-21,601006.SH,601006.SH,8.277729712078552,8.30243935301013,8.191245968818029,8.228310430215396,381121.61,254043880.0
2020-07-22,601006.SH,601006.SH,8.215951507949212,8.27772557943755,8.178887065056207,8.215951507949212,448813.61,298570743.0
2020-07-23,601006.SH,601006.SH,8.191238502811423,8.191238502811423,8.042980792353298,8.092400029172673,606892.14,397287365.0
2020-07-24,601006.SH,601006.SH,8.067689533840115,8.080044341702044,7.919431839496958,7.956496263082747,644653.68,417507835.0
2020-07-27,601006.SH,601006.SH,7.981205878806606,8.005915494530466,7.919431839496958,7.956496263082747,208007.99,133897837.0
2020-07-28,601006.SH,601006.SH,7.9688496444219545,8.042978478323553,7.9688496444219545,8.005914061372755,241605.07,156564510.0
2020-07-29,601006.SH,601006.SH,8.005912004807675,8.104750424620114,7.9688475973780095,8.080040819667005,260765.96,170174476.0
2020-07-30,601006.SH,601006.SH,8.09239562214356,8.129460029573226,8.055331214713894,8.080040819667005,255006.53,166898209.0
2020-07-31,601006.SH,601006.SH,8.09239774187739,8.14181696472855,7.9935592961750705,8.018268907600651,402848.73,262588577.99999997
2020-08-03,601006.SH,601006.SH,8.030619747269215,8.092393745325131,8.030619747269215,8.05532934649158,407994.28,265933284.0
2020-08-04,601006.SH,601006.SH,8.067684392068744,8.166522791971577,8.03061999210518,8.104748792032305,525322.15,344308900.0
2020-08-05,601006.SH,601006.SH,8.117100006551087,8.129454801081607,8.042971239367972,8.055326033898492,337510.96,220527257.0
2020-08-06,601006.SH,601006.SH,8.067678746446864,8.067678746446864,7.9811952070515675,8.042969163762493,346778.72,225226808.0
2020-08-07,601006.SH,601006.SH,8.030618350433619,8.042973147895824,7.956489565660386,7.981199160584796,300948.76,194737544.0
2020-08-10,601006.SH,601006.SH,7.981199941619578,8.092393129660717,7.96884514294834,8.08003833098948,384258.04,250388623.0
2020-08-11,601006.SH,601006.SH,8.09239439759328,8.178878001842369,8.018265593951204,8.04297519516523,422459.41,277377791.0
2020-08-12,601006.SH,601006.SH,8.030619751623352,8.19123214665582,8.01826495200547,8.178877347037936,607345.24,398570551.0
2020-08-13,601006.SH,601006.SH,8.19123214665582,8.2035869462737,8.129458148566409,8.178877347037936,311556.49,205963462.0
2020-08-14,601006.SH,601006.SH,8.178876139914472,8.203585735503337,8.117102150942308,8.203585735503337,246769.72,163088379.0
2020-08-17,601006.SH,601006.SH,8.203584172915578,8.327132127326959,8.203584172915578,8.302422536444682,459341.2,307526594.0
2020-08-18,601006.SH,601006.SH,8.290070918035493,8.290070918035493,8.215942116980035,8.253006517507764,279564.1,186562594.0
2020-08-19,601006.SH,601006.SH,8.215942265237636,8.277716267231904,8.191232664439928,8.215942265237636,259356.47,172629517.0
2020-08-20,601006.SH,601006.SH,8.215938587387914,8.215938587387914,8.117100228441894,8.141809818178398,279577.78,184768938.0
2020-08-21,601006.SH,601006.SH,8.166519407914903,8.191228997651407,8.10474543357364,8.141809818178398,260869.94,171903418.0
2020-08-24,601006.SH,601006.SH,8.154168293573838,8.166523094018649,8.117103892239413,8.12945869268422,206147.1,135911397.0
2020-08-25,601006.SH,601006.SH,8.12945869268422,8.178877894463456,8.117103892239413,8.12945869268422,190073.26,125288362.0
2020-08-26,601006.SH,601006.SH,8.154166520385633,8.154166520385633,8.067682936078514,8.067682936078514,196829.53,129181405.0
2020-08-27,601006.SH,601006.SH,8.092392789862679,8.154166780624989,8.055328395405292,8.129457184320065,223812.16,146733333.0
2020-08-28,601006.SH,601006.SH,8.129461125875064,8.178880342445733,8.080041909304395,8.154170734160399,235942.67,155455819.0
2020-08-31,601006.SH,601006.SH,8.178877871484906,8.228297073125297,8.129458669844512,8.178877871484906,355738.36,235613277.0
2020-09-01,601006.SH,601006.SH,8.178879085924347,8.191233888168945,8.117105074701353,8.154169481435149,215974.98,142280058.0
2020-09-02,601006.SH,601006.SH,8.154173204800207,8.154173204800207,8.067689549597782,8.117108781142026,248459.04,162882856.0
2020-09-03,601006.SH,601006.SH,8.10475511163362,8.154174350119192,8.080045492390836,8.092400302012228,200009.31,131343693.0
2020-09-04,601006.SH,601006.SH,8.067691920145316,8.080046731661618,8.03062748559641,8.055337108629013,312525.37,203564895.0
2020-09-07,601006.SH,601006.SH,8.055337108629013,8.104756354694223,8.042982297112712,8.055337108629013,248740.51,162613570.0
2020-09-08,601006.SH,601006.SH,8.080049043760225,8.14182311901833,8.067694228708604,8.117113488915088,257754.13,169263243.0
2020-09-09,601006.SH,601006.SH,8.092404426266995,8.15417850585682,8.08004961034903,8.10475924218496,319933.22,210290707.0
2020-09-10,601006.SH,601006.SH,8.12947205134002,8.154181692833454,8.067697947606435,8.092407589099869,331058.48,217568890.0
2020-09-11,601006.SH,601006.SH,8.080054007625048,8.092408830266676,8.042989539700162,8.05534436234179,262869.4,171476476.0
2020-09-14,601006.SH,601006.SH,8.067703107126409,8.067703107126409,8.005928963886543,8.030638621182488,249240.47,162028706.0
2020-09-15,601006.SH,601006.SH,8.030637378049576,8.042992204785037,7.956508417636812,7.981218071107732,352461.23,227880531.0
2020-09-16,601006.SH,601006.SH,7.98121797211588,8.018282451862548,7.956508318951435,7.968863145533658,230346.41,148715602.0
2020-09-17,601006.SH,601006.SH,7.968861348511642,7.993570996103926,7.931796877123215,7.944151700919358,221171.29,142432441.0
2020-09-18,601006.SH,601006.SH,7.956509042442605,8.042992836382197,7.9441542147369475,8.042992836382197,347852.74,224902189.0
2020-09-21,601006.SH,601006.SH,8.042995219491186,8.05535005085753,7.981221062659455,8.005930725392147,218974.89,142132432.0
2020-09-22,601006.SH,601006.SH,7.981221459858639,8.00593112382105,7.931802131933817,7.944156963915022,215834.64,139094964.0
2020-09-23,601006.SH,601006.SH,7.993576291839844,7.993576291839844,7.931802131933817,7.944156963915022,162970.1,104966644.0
2020-09-24,601006.SH,601006.SH,7.91944769716627,7.944157362368037,7.88238319936362,7.882383199363619,253622.53,162302679.0
2020-09-25,601006.SH,601006.SH,7.907089621909006,7.907089621909006,7.808251001635144,7.832960656703609,224691.07,142757174.0
2020-09-28,601006.SH,601006.SH,7.845314328344963,7.89473363120068,7.820604676917105,7.88237880548675,211627.85,134525542.0
2020-09-29,601006.SH,601006.SH,7.88237880548675,7.907088456914609,7.857669154058893,7.88237880548675,123589.08,78856692.0
2020-09-30,601006.SH,601006.SH,7.882381948538896,7.894736779179238,7.845317456617867,7.870027117898553,136974.11,87255378.0
2020-10-09,601006.SH,601006.SH,7.907091523872933,7.96886567640319,7.894736693366881,7.95651084589714,234835.32,150990733.0
2020-10-12,601006.SH,601006.SH,7.968862840855895,8.067701449734727,7.956508014746041,8.055346623624873,270170.78,175435610.0
2020-10-13,601006.SH,601006.SH,8.042995707646416,8.055350539762616,7.993576379181614,8.030640875530215,223332.44,145064680.0
2020-10-14,601006.SH,601006.SH,8.018286658313253,8.055351157504221,8.018286658313253,8.055351157504221,221917.12,144439694.0
2020-10-15,601006.SH,601006.SH,8.042996076199938,8.067705741564607,8.005931578152934,8.005931578152934,133097.63,86533065.0
2020-10-16,601006.SH,601006.SH,8.0182830554908,8.055347538027737,8.005928227978488,8.030637883003113,159459.55,103749540.0
2020-10-19,601006.SH,601006.SH,8.030641595162377,8.104770594502337,8.018286761939052,8.018286761939052,215820.44,140833562.0
2020-10-20,601006.SH,601006.SH,8.005930582038904,8.042995075474268,7.968866088603537,8.005930582038904,171314.94,110920128.0
2020-10-21,601006.SH,601006.SH,8.005933533534051,8.055352876333643,7.981223862134254,8.042998040633744,162535.74,105427877.0
2020-10-22,601006.SH,601006.SH,8.042999626926115,8.055354465062715,8.005935112516317,8.018289950652917,163378.19,106132390.0
2020-10-23,601006.SH,601006.SH,8.030646135466874,8.055355815883695,8.005936455050053,8.030646135466874,123580.53,80312416.0
2020-10-26,601006.SH,601006.SH,8.030645515818252,8.043000355073357,7.968871319542727,8.005935837308042,135175.92,87572026.0
2020-10-27,601006.SH,601006.SH,7.9812248699041675,7.993579707164081,7.95651519538434,7.95651519538434,144397.55,93168128.0
2020-10-28,601006.SH,601006.SH,7.956516823694426,7.968871663482772,7.907097464541045,7.968871663482772,124594.65,80044157.0
2020-10-29,601006.SH,601006.SH,7.919450518449788,7.968869866458836,7.8700311704407415,7.944160192454312,201293.99,129066873.0
2020-10-30,601006.SH,601006.SH,7.944163538668434,7.968873223081089,7.870034485430471,7.91945385425578,204065.42,130890076.0
2020-11-02,601006.SH,601006.SH,7.894747656480929,7.907102504143655,7.820618570504583,7.832973418167307,296637.65,188618165.0
2020-11-03,601006.SH,601006.SH,7.8453304232953025,7.919459529657148,7.8453304232953025,7.907104678596841,204662.31,130735706.0
2020-11-04,601006.SH,601006.SH,7.907104678596841,7.968878933898378,7.882394976476225,7.956524082838071,176585.5,113245428.0
2020-11-05,601006.SH,601006.SH,7.9812354183274605,8.018299979093687,7.968880564738718,7.968880564738718,166807.82,107799948.0
2020-11-06,601006.SH,601006.SH,7.9688823506547655,8.030656632442787,7.956527494297161,7.993592063369973,259127.15,167650831.0
2020-11-09,601006.SH,601006.SH,8.018301972853324,8.092431112818069,7.9935922595317415,8.055366542835696,309421.84,201871299.0
2020-11-10,601006.SH,601006.SH,8.092432958241496,8.092432958241496,7.981239222937415,8.01830380137211,296971.32,193517914.0
2020-11-11,601006.SH,601006.SH,8.005944988035658,8.092428961671846,7.968880427905864,8.05536440154205,260483.33,169706151.0
2020-11-12,601006.SH,601006.SH,8.067717172926583,8.092426873303081,8.030652622361835,8.043007472550084,149622.51,97537944.0
2020-11-13,601006.SH,601006.SH,8.018294452971253,8.043004143119084,7.944165382527759,7.96887507267559,212776.67,137428981.0
2020-11-16,601006.SH,601006.SH,7.981229123293233,8.092422717890198,7.981229123293233,8.067713030201984,332206.89,216357372.0
2020-11-17,601006.SH,601006.SH,8.080068131920596,8.178906885827882,8.043003599205365,8.12948750887424,474665.51,311753439.0
2020-11-18,601006.SH,601006.SH,8.129487287830772,8.215971195148121,8.080067912220859,8.178906663440685,395684.74,261574381.0
2020-11-19,601006.SH,601006.SH,8.203617569358373,8.21597241509536,8.117133649199475,8.154198186410431,240655.92,158824893.0
2020-11-20,601006.SH,601006.SH,8.129487265059227,8.203616328266454,8.104777577323484,8.16655179666284,239320.12,158046490.0
2020-11-23,601006.SH,601006.SH,8.178906518091992,8.27774526755534,8.104777455994482,8.253035580189502,577434.69,383261543.0
2020-11-24,601006.SH,601006.SH,8.240680935077204,8.265390623038456,8.203616403135328,8.203616403135328,251279.81,167311517.0
2020-11-25,601006.SH,601006.SH,8.364228573520165,8.46306731589559,8.253034988347816,8.253034988347816,797795.41,539375409.0
2020-11-26,601006.SH,601006.SH,8.253034597671602,8.413647546428685,8.215970071035352,8.351873335368268,473916.18,319833918.0
2020-11-27,601006.SH,601006.SH,8.37658624813976,8.475425023929022,8.314812013271474,8.463070176955362,456942.29,310332992.0
2020-11-30,601006.SH,601006.SH,8.450715143018977,8.586618456722498,8.339521522716096,8.376586062817056,744184.56,509851060.0
2020-12-01,601006.SH,601006.SH,8.376588519293907,8.463072471558004,8.314814267676697,8.426007920587677,385567.16,261897358.0
2020-12-02,601006.SH,601006.SH,8.426006210962884,8.636038623846122,8.37658681969624,8.524844993496172,503159.91,346127747.0
2020-12-03,601006.SH,601006.SH,8.561911897995229,8.574266749218888,8.487782790653279,8.512492493100595,347120.4,239494817.0
2020-12-04,601006.SH,601006.SH,8.512488342483818,8.52484318768336,8.426004426087031,8.463068961685654,306429.15,209544389.0
2020-12-07,601006.SH,601006.SH,8.46307235193583,8.475427202084642,8.302459300001281,8.327169000298905,303072.26,205006005.0
2020-12-08,601006.SH,601006.SH,8.327168680496255,8.42600747789087,8.302458981147602,8.364233229519236,331767.74,225140372.0
2020-12-09,601006.SH,601006.SH,8.376584065411775,8.38893890916607,8.302455002886006,8.302455002886006,207620.35,140127512.0
2020-12-10,601006.SH,601006.SH,8.351875555259925,8.54955308319507,8.339520709763978,8.413649782739657,786377.71,537180714.0
2020-12-11,601006.SH,601006.SH,8.38893768782697,8.463066739560347,8.24067958436022,8.364228003915846,773426.28,522543903.0
2020-12-14,601006.SH,601006.SH,8.166548713713318,8.203613231324725,8.11712935689811,8.154193874509515,468990.6,309495250.0
2020-12-15,601006.SH,601006.SH,8.154190642664382,8.16654547697145,8.067706802514913,8.104771305436113,265305.9,173772382.0
2020-12-16,601006.SH,601006.SH,8.11712574074466,8.129480574444424,8.030641904846314,8.042996738546078,252515.15,164805512.0
2020-12-17,601006.SH,601006.SH,8.055349207371986,8.129478187807925,8.030639547226674,8.080058867517298,274589.35,179829431.0
2020-12-18,601006.SH,601006.SH,8.11712084880623,8.178894980075684,8.104766022552338,8.154185327567902,362834.44,239037378.0
2020-12-21,601006.SH,601006.SH,8.14182851246992,8.154183335705836,8.080054396290329,8.092409219526248,359161.19,235795803.0
2020-12-22,601006.SH,601006.SH,8.092407093236345,8.104761913226017,7.956504073349933,7.993568533318953,326708.77,212232990.0
2020-12-23,601006.SH,601006.SH,7.981211990676008,8.005921625322063,7.931792721383896,7.956502356029953,250814.89,161591653.0
2020-12-24,601006.SH,601006.SH,7.956499084197209,8.00591833316738,7.894725022984497,7.931789459712125,225764.1,145193403.0
2020-12-25,601006.SH,601006.SH,7.919438349743985,7.993567257853913,7.919438349743985,7.981212439835591,176076.74,113550371.0
2020-12-28,601006.SH,601006.SH,7.981212241544597,7.981212241544597,7.919438152987751,7.95650260612186,198956.18,128008094.0
2020-12-29,601006.SH,601006.SH,7.956502606121859,7.993567059255966,7.93179297069912,7.95650260612186,231730.61,149307916.0
2020-12-30,601006.SH,601006.SH,7.956505684456721,7.968860506948113,7.919441216982543,7.919441216982544,261340.07,167959876.0
2020-12-31,601006.SH,601006.SH,7.931793583809529,7.981212858475009,7.907083946476789,7.981212858475008,365251.52,234934863.0
2021-01-04,601006.SH,601006.SH,7.956503023465168,7.981212660184004,7.919438568386914,7.956503023465169,307198.14,197751359.0
2021-01-05,601006.SH,601006.SH,7.956504835099705,8.030633762134794,7.9194403715821595,8.030633762134794,391372.2,252924894.0
2021-01-06,601006.SH,601006.SH,7.993570520875551,8.092409105368603,7.968860874752289,8.080054282306971,574490.71,374020689.0
2021-01-07,601006.SH,601006.SH,8.042991073314028,8.067700723308848,7.981216948326977,8.042991073314028,426641.53,277356619.0
2021-01-08,601006.SH,601006.SH,8.030634674164338,8.104763609618162,7.993570206437425,8.06769914189125,385391.98,251360111.0
2021-01-11,601006.SH,601006.SH,8.042989236087536,8.067698880438035,7.981215125211287,8.005924769561787,301596.95,195731653.0
2021-01-12,601006.SH,601006.SH,8.00592772105479,8.042992201244859,7.968863240864723,8.042992201244859,302180.66,195760643.0
2021-01-13,601006.SH,601006.SH,8.01828190583772,8.240668769173741,7.981217428615048,8.178894640469291,647171.84,425169271.0
2021-01-14,601006.SH,601006.SH,8.166536330667542,8.37656827865748,8.117117048787557,8.166536330667542,715259.42,478409570.0
2021-01-15,601006.SH,601006.SH,8.166532781601378,8.265371302407447,8.14182315139986,8.215952042004412,492978.73,327314607.0
2021-01-18,601006.SH,601006.SH,8.240659686504323,8.240659686504323,8.166530813762154,8.203595250133239,304421.91,201997789.0
2021-01-19,601006.SH,601006.SH,8.178885625885849,8.203595250133239,8.12946637739107,8.203595250133239,319313.26,211232868.0
2021-01-20,601006.SH,601006.SH,8.203596648615228,8.203596648615228,8.09240332054665,8.117112949006334,274297.79,180692986.0
2021-01-21,601006.SH,601006.SH,8.117113518194131,8.141823148386502,8.055339442713201,8.104758703097945,348857.1,228478300.0
2021-01-22,601006.SH,601006.SH,8.080050070442496,8.10475970368544,7.981211537470723,8.005921170713666,286040.25,186019104.0
2021-01-25,601006.SH,601006.SH,8.00592156914209,8.018276386378421,7.919437848487778,7.944147482960439,338213.74,217664534.0
2021-01-26,601006.SH,601006.SH,7.944147482960438,7.993566751905759,7.9317926657241085,7.944147482960439,210306.86,135472644.0
2021-01-27,601006.SH,601006.SH,7.956500632296443,8.03062952017498,7.931791003003596,7.956500632296443,250348.16,161428543.0
2021-01-28,601006.SH,601006.SH,7.931791003003596,7.981210261589288,7.919436188357174,7.956500632296443,324153.12,208436365.0
2021-01-29,601006.SH,601006.SH,7.956497134933528,7.968851944149264,7.857658661207646,7.87001347042338,361150.89,231274643.0
2021-02-01,601006.SH,601006.SH,7.87001458061337,7.9070790134891,7.845304958696216,7.882369391571946,306793.68,195535520.0
2021-02-02,601006.SH,601006.SH,7.907075870456129,7.944140288598891,7.857656646265778,7.89472106440854,235530.21,150514321.0
2021-02-03,601006.SH,601006.SH,7.907075870456129,7.907075870456129,7.857656646265778,7.89472106440854,206973.72,131971658.0
2021-02-04,601006.SH,601006.SH,7.8947206313125555,7.907075436682373,7.845301409833291,7.88236582594274,224240.17,142925705.0
2021-02-05,601006.SH,601006.SH,7.882364301116903,7.931783513036131,7.845299892177481,7.919428710056324,191376.62,122257801.0
2021-02-08,601006.SH,601006.SH,7.9194277247463765,7.981201731959686,7.907072923303715,7.9441373276317,193769.16,124602467.0
2021-02-09,601006.SH,601006.SH,7.944140254419136,7.993559478396861,7.931785448424706,7.981204672402431,209307.25,134908928.0
2021-02-10,601006.SH,601006.SH,7.981205549725693,8.092398815898342,7.968850742373177,8.092398815898342,337462.0,219920596.0
2021-02-18,601006.SH,601006.SH,8.092400057063806,8.129464484806082,8.042980820074103,8.055335629321528,407555.27,266235979.99999997
2021-02-19,601006.SH,601006.SH,8.055334064703985,8.178882133181041,8.04297925785628,8.141817712637923,344261.57,226421206.0
2021-02-22,601006.SH,601006.SH,8.154168850107997,8.26536206170038,8.129459247531912,8.154168850107997,631250.71,418500717.0
2021-02-23,601006.SH,601006.SH,8.141814048819954,8.191233253972126,8.104749644955827,8.154168850107997,297014.97,195787713.0
2021-02-24,601006.SH,601006.SH,8.154169349597666,8.16652415164251,8.030621329149216,8.067685735283751,388762.11,254943813.0
2021-02-25,601006.SH,601006.SH,8.080042496126303,8.191235741485839,8.067687691086356,8.154171326365994,451721.16,297280972.0
2021-02-26,601006.SH,601006.SH,8.104752602668809,8.178881437449316,8.067688185278556,8.067688185278556,578400.28,379323801.0
2021-03-01,601006.SH,601006.SH,8.080044705771455,8.141818747864509,8.080044705771455,8.092399514190065,278210.52,182624479.0
2021-03-02,601006.SH,601006.SH,8.11711267371657,8.141822301338234,8.030628977040745,8.067693418473242,300125.89,196370438.0
2021-03-03,601006.SH,601006.SH,8.055337422562795,8.178885542540753,8.055337422562795,8.166530730542958,342469.12,225484283.0
2021-03-04,601006.SH,601006.SH,8.166529469444509,8.314787190523683,8.092400608904923,8.240658329984097,738163.54,492001480.0
2021-03-05,601006.SH,601006.SH,8.228301462818287,8.425978374837944,8.215946655817058,8.351849532830572,749849.88,506157444.0
2021-03-08,601006.SH,601006.SH,8.351847114865272,8.4877499525332,8.339492311440916,8.364201918289629,843813.1,575689786.0
2021-03-09,601006.SH,601006.SH,8.388915485885427,8.487753959945932,8.351851058112736,8.425979913658116,774514.81,528934493.99999994
2021-03-10,601006.SH,601006.SH,8.425979053864246,8.537172325836062,8.401269437870509,8.47539828585172,658605.11,453218213.0
2021-03-11,601006.SH,601006.SH,8.487752272453127,8.549526306459336,8.364204204440709,8.425978238446918,534729.97,364958550.0
2021-03-12,601006.SH,601006.SH,8.401266920239205,8.5248149631839,8.376557311650267,8.5248149631839,588326.64,403222075.0
2021-03-15,601006.SH,601006.SH,8.53717037990088,8.747202067973694,8.500105964358617,8.611299210985402,683174.99,476269479.0
2021-03-16,601006.SH,601006.SH,8.611296798336918,8.673070806933309,8.549522789740527,8.59894199661764,387065.09,269713374.0
2021-03-17,601006.SH,601006.SH,8.611297099168247,8.648361505620908,8.47539427550849,8.487749077659377,440671.07,304377938.0
2021-03-18,601006.SH,601006.SH,8.524810104011063,8.524810104011063,8.425971725993543,8.475390915002304,278630.15,191203112.0
2021-03-19,601006.SH,601006.SH,8.463037629449099,8.475392428908151,8.339489634858602,8.438328030531,415084.44,281949515.0
2021-03-22,601006.SH,601006.SH,8.401262551289523,8.46303654063724,8.339488561941806,8.450681742767697,306273.29,208782039.0
2021-03-23,601006.SH,601006.SH,8.42597282988598,8.549520818593985,8.413618031015178,8.537166019723184,393914.83,270991894.0
2021-03-24,601006.SH,601006.SH,8.50009819565045,8.50009819565045,8.401259844538236,8.42596943231629,295245.94,201733777.0
2021-03-25,601006.SH,601006.SH,8.43832105722766,8.549514160470777,8.425966267978424,8.4877402142246,254880.04,175528956.0
2021-03-26,601006.SH,601006.SH,8.500098363976509,8.574227128778631,8.45067918744176,8.500098363976509,235553.6,162029173.0
2021-03-29,601006.SH,601006.SH,8.50009463521763,8.598932944929464,8.487739846503652,8.561868578787527,334620.53,231671863.0
2021-03-30,601006.SH,601006.SH,8.574223269650169,8.673061578234032,8.524804115358236,8.660706789661049,345278.88,240504559.0
2021-03-31,601006.SH,601006.SH,8.660706789661049,8.71012594395298,8.611287635369116,8.660706789661049,269968.17,189186646.0
2021-04-01,601006.SH,601006.SH,8.673063337804798,8.685418128884294,8.54951542700986,8.58657980024834,232439.77,161796810.0
2021-04-02,601006.SH,601006.SH,8.58658061030304,8.635999779283202,8.487742272342716,8.512451856832797,295043.82,204254204.0
2021-04-06,601006.SH,601006.SH,8.524802492456786,8.574221637340594,8.450673775131074,8.463028561352026,211280.19,145136067.0
2021-04-07,601006.SH,601006.SH,8.50009064100446,8.561864555546645,8.42596194355384,8.524800206821334,305860.3,210630850.0
2021-04-08,601006.SH,601006.SH,8.5247978628097,8.561862201343654,8.438314406230472,8.537152642321018,239085.38,164604973.0
2021-04-09,601006.SH,601006.SH,8.512446122574142,8.561865258263978,8.487736554729226,8.512446122574142,190610.44,131458530.99999999
2021-04-12,601006.SH,601006.SH,8.52480064965181,8.64834848515401,8.48773629900115,8.61128413450335,279944.72,194636010.0
2021-04-13,601006.SH,601006.SH,8.635996501115496,8.648351288670739,8.500093838007812,8.537158200673545,242265.02,167749750.0
2021-04-14,601006.SH,601006.SH,8.549510511732304,8.549510511732304,8.463027023896862,8.487736591849846,166239.71,114260963.0
2021-04-15,601006.SH,601006.SH,8.475383577186637,8.500093150297968,8.450674004075305,8.46302879063097,132480.24,90868213.0
2021-04-16,601006.SH,601006.SH,8.450672964556794,8.537156459808106,8.438318179520891,8.537156459808106,181358.19,124755528.0
2021-04-19,601006.SH,601006.SH,8.524801674772204,8.574220814915812,8.475382534628597,8.537156459808106,235424.34,162681195.0
2021-04-20,601006.SH,601006.SH,8.537153986890877,8.549508768348026,8.450670516690824,8.487734861062275,199164.61,136867785.0
2021-04-21,601006.SH,601006.SH,8.475380253586536,8.475380253586536,8.413606345032697,8.425961126743465,188191.79,128615750.0
2021-04-22,601006.SH,601006.SH,8.46302869707602,8.46302869707602,8.33948083288513,8.364190405723308,257593.8,174822624.0
2021-04-23,601006.SH,601006.SH,8.388901743337483,8.388901743337483,8.327127798246632,8.339482587264802,149187.06,100898792.0
2021-04-26,601006.SH,601006.SH,8.351836439978333,8.364191227611437,8.252998138913501,8.265352926546605,370864.92,248742414.0
2021-04-27,601006.SH,601006.SH,8.26535483868049,8.302419210154394,8.228290467206588,8.277709629171792,145035.35,97050264.0
2021-04-28,601006.SH,601006.SH,8.277709629171792,8.314774000645697,8.228290467206588,8.277709629171792,257756.53,172387221.0
2021-04-29,601006.SH,601006.SH,8.314776587464273,8.364195764804327,8.265357410124219,8.3394861761343,376860.87,253337132.0
2021-04-30,601006.SH,601006.SH,8.339484054898719,8.586579878747571,8.327129263706277,8.500096340400471,518916.08,355878256.0
2021-05-06,601006.SH,601006.SH,8.475386954546293,8.574225286377736,8.463032163067362,8.524806120462015,411902.22,284353512.0
2021-05-07,601006.SH,601006.SH,8.549517183855496,8.598936358328649,8.500098009382343,8.561871977473784,536060.89,371475148.0
2021-05-10,601006.SH,601006.SH,8.574226637119782,8.710129364797472,8.574226637119782,8.697774571372227,587605.48,411965372.0
2021-05-11,601006.SH,601006.SH,8.67306104781139,8.722480199080971,8.635996684359204,8.710125411263576,373998.58,263213690.0
2021-05-12,601006.SH,601006.SH,8.697769571795392,8.722479144442538,8.623640853853956,8.68541478547182,294730.12,207106200.0
2021-05-13,601006.SH,601006.SH,8.67306412564688,8.710128502252209,8.635999749041552,8.67306412564688,303720.17,213348420.0
2021-05-14,601006.SH,601006.SH,8.697777930126815,8.784261517500235,8.648358737342004,8.75955192110783,340495.13,240972481.0
2021-05-17,601006.SH,601006.SH,8.759553563523816,8.771908364036543,8.685424760447452,8.697779560960178,303080.95,214199100.0
2021-05-18,601006.SH,601006.SH,8.710134361472905,8.759553563523816,8.673069959934724,8.697779560960178,172038.04,121239297.0
2021-05-19,601006.SH,601006.SH,8.697781158256857,8.697781158256857,8.574233130440708,8.611297538785552,304262.52,211942385.0
2021-05-20,601006.SH,601006.SH,8.611301342624895,8.636010959103015,8.524817684951474,8.586591726146775,236512.07,164275240.0
2021-05-21,601006.SH,601006.SH,8.598943928644461,8.648363146625176,8.549524710663746,8.561879515158925,173345.92,120597606.0
2021-05-24,601006.SH,601006.SH,8.561879502821922,8.611298720731428,8.524815089389794,8.5742343072993,240932.55,166881892.0
2021-05-25,601006.SH,601006.SH,8.57423630016294,8.611300722209755,8.52481707076719,8.611300722209755,318325.24,220572095.0
2021-05-26,601006.SH,601006.SH,8.611299690841847,8.623654496711062,8.524816049757353,8.561880467364993,281610.39,195164191.0
2021-05-27,601006.SH,601006.SH,8.561880467364993,8.598944884972633,8.537170855626567,8.561880467364993,269860.1,187249066.0
2021-05-28,601006.SH,601006.SH,8.561880467364993,8.58659007910342,8.537170855626567,8.561880467364993,190977.0,132195707.0
2021-05-31,601006.SH,601006.SH,8.549525761344254,8.561880567357758,8.425977701209224,8.463042119249732,332696.1,227786837.0
2021-06-01,601006.SH,601006.SH,8.438330036261522,8.45068483865722,8.413620431470127,8.438330036261522,273502.12,186615912.0
2021-06-02,601006.SH,601006.SH,8.438327868165047,8.487747065050348,8.425973068943723,8.463037466607696,284465.45,194437252.0
2021-06-03,601006.SH,601006.SH,8.463041008407515,8.500105421583024,8.401266986448336,8.413621790840173,414778.95,283242215.0
2021-06-04,601006.SH,601006.SH,8.413622985746928,8.463042210332812,8.401268179600457,8.438332598039871,208524.27,142379487.0
2021-06-07,601006.SH,601006.SH,8.45068958821128,8.45068958821128,8.38891554151383,8.41362516019281,225517.81,153609346.0
2021-06-08,601006.SH,601006.SH,8.413623958246358,8.487752803693462,8.40126915067184,8.475397996118945,276089.3,188827260.0
2021-06-09,601006.SH,601006.SH,8.45069221096026,8.475401837308096,8.425982584612424,8.45069221096026,332559.82,227203038.0
2021-06-10,601006.SH,601006.SH,8.438336396203265,8.487755643033152,8.32714309083602,8.32714309083602,733245.67,498634958.0
2021-06-11,601006.SH,601006.SH,8.277724074654786,8.339498134913404,7.98120858541342,7.98120858541342,1828641.03,1207231789.0
2021-06-15,601006.SH,601006.SH,8.055337952675373,8.117112016729633,8.03062832705367,8.042983139864521,656805.77,428940970.0
2021-06-16,601006.SH,601006.SH,8.067690396989267,8.092400015356768,8.018271160254264,8.080045206173017,343213.69,223808976.0
2021-06-17,601006.SH,601006.SH,8.08004478675082,8.129464020920551,8.067689978208389,8.092399595293253,219978.5,144402386.0
2021-06-18,601006.SH,601006.SH,8.09239853868194,8.117108152540512,8.042979310964798,8.042979310964798,311610.96,203629751.0
2021-06-21,601006.SH,601006.SH,8.067689719180432,8.067689719180432,7.981206062160122,8.030625294743157,339829.57,220951816.0
2021-06-22,601006.SH,601006.SH,8.030629006896604,8.067693448466896,8.005919379183077,8.01827419303984,356245.25,231506357.0
2021-06-23,601006.SH,601006.SH,8.030630353571315,8.042985169499886,7.9935659057856014,8.030630353571315,229530.95,149058754.0
2021-06-24,601006.SH,601006.SH,8.042982090255945,8.067691712653046,8.030627279057397,8.067691712653046,209426.25,136464136.0
2021-06-25,601006.SH,601006.SH,8.080046781725423,8.129466028096832,8.067691970132572,8.129466028096832,340053.78,222676796.0
2021-06-28,601006.SH,601006.SH,8.129468237325769,8.154177867226455,8.09240379247474,8.09240379247474,360901.43,237398864.0
2021-06-29,601006.SH,601006.SH,8.104756314794589,8.11711112625007,8.05533706897267,8.08004669188363,237920.86,155665908.0
2021-06-30,601006.SH,601006.SH,8.092399830745487,8.141819066353092,8.092399830745487,8.129464257451192,201464.3,132392635.00000001
2021-07-01,601006.SH,601006.SH,8.154177828793841,8.178887458578066,8.117113384117506,8.154177828793841,295318.25,194892770.0
2021-07-02,601006.SH,601006.SH,8.154177828793841,8.178887458578066,8.129468199009617,8.154177828793841,316504.81,208789562.0
2021-07-05,601006.SH,601006.SH,8.154180307267346,8.166535125914722,8.104761032677848,8.129470669972598,295280.57,194249663.0
2021-07-06,601006.SH,601006.SH,8.129472411126194,8.203601338887223,8.104762768539183,8.191246517593719,454200.78,299424580.0
2021-07-07,601006.SH,601006.SH,8.203601338887223,8.228310981474232,8.16653687500671,8.191246517593719,529236.93,351166049.0
2021-07-08,601006.SH,601006.SH,8.204566425953914,8.217885527294747,8.098013615227238,8.111332716568073,570051.29,349363863.0
2021-07-09,601006.SH,601006.SH,8.111334193797541,8.151291505097037,8.018100467432053,8.04473867496505,377929.76,229562343.0
2021-07-12,601006.SH,601006.SH,8.084695071523567,8.124652378302102,7.991461355706987,8.004780457966497,384569.96,232152112.0
2021-07-13,601006.SH,601006.SH,8.018098704962055,8.031417805800864,7.978141402445635,7.991460503284442,408528.27,245376907.0
2021-07-14,601006.SH,601006.SH,8.004779604123248,8.084694209156094,7.978141402445635,8.031417805800864,388325.22,234282886.0
2021-07-15,601006.SH,601006.SH,8.031415827619139,8.124649510526822,8.004777632502657,8.111330412968583,309144.93,187562411.0
2021-07-16,601006.SH,601006.SH,8.11133189019763,8.11133189019763,8.031417290294206,8.044736390278109,255414.43,154452245.0
2021-07-19,601006.SH,601006.SH,8.044733401851989,8.084690686960526,8.004776116743452,8.03141430681581,288403.42,173916947.0
2021-07-20,601006.SH,601006.SH,8.018098221895109,8.04473642196785,8.004779121858737,8.018098221895109,171340.33,103090420.0
2021-07-21,601006.SH,601006.SH,8.018097184728173,8.058054479668678,8.004778086414671,8.031416283041676,229281.63,138072787.0
2021-07-22,601006.SH,601006.SH,8.018100194844392,8.031419298158088,8.004781091530697,8.018100194844392,206280.98,124092647.0
2021-07-23,601006.SH,601006.SH,8.018100194844392,8.031419298158088,8.004781091530697,8.018100194844392,205330.98,123463669.0
2021-07-26,601006.SH,601006.SH,8.01809734754583,8.031416446129793,7.924863657458087,7.951501854626013,367373.23,219922066.0
2021-07-27,601006.SH,601006.SH,7.951504213122324,7.978142418191411,7.858270495380522,7.8582704953805225,343525.07,204171333.0
2021-07-28,601006.SH,601006.SH,7.858273141262845,7.9515068903964705,7.818315820205576,7.911549569339203,348157.4,206148661.0
2021-07-29,601006.SH,601006.SH,7.911549622976827,7.964826051414382,7.831634980320495,7.858273194539273,232213.25,137290473.0
2021-07-30,601006.SH,601006.SH,7.858271858098254,7.871590962942489,7.791676333877081,7.8316336484097855,190962.5,112075076.0
2021-08-02,601006.SH,601006.SH,7.8316333303739,7.8849097475873275,7.738399600250401,7.871590643283971,328180.68,192538370.0
2021-08-03,601006.SH,601006.SH,7.858272661590835,7.858272661590835,7.80499623676649,7.8316344491786625,228675.75,134543044.0
2021-08-04,601006.SH,601006.SH,7.831631635099844,7.85826983794032,7.791674330839129,7.85826983794032,240879.3,141621255.0
2021-08-05,601006.SH,601006.SH,7.831630303189702,7.871587600654957,7.804992104879534,7.831630303189702,220955.33,129984271.0
2021-08-06,601006.SH,601006.SH,7.831628103896261,7.831628103896261,7.751713531407524,7.778351722237102,226702.36,132372234.0
2021-08-09,601006.SH,601006.SH,7.73839454145637,7.844947306226854,7.7250754458600595,7.818309115034234,243214.11,142343814.0
2021-08-10,601006.SH,601006.SH,7.8049933113384755,7.8316315137662516,7.765036007696811,7.831631513766251,197584.82,115706906.0
2021-08-11,601006.SH,601006.SH,7.818309301048604,7.911542972441007,7.804990205135404,7.898223876527806,263774.98,156074781.0
2021-08-12,601006.SH,601006.SH,7.9115431467631385,7.9115431467631385,7.844947665729778,7.858266761936451,185609.42,109610388.0
2021-08-13,601006.SH,601006.SH,7.858266094850987,7.871585189927005,7.831627904698949,7.844946999774968,126805.36,74743067.0
2021-08-16,601006.SH,601006.SH,7.844948621950449,7.871586817610723,7.831629524120312,7.858267719780586,189595.13,111790863.0
2021-08-17,601006.SH,601006.SH,7.8582683846086505,7.938182978350432,7.844949285651685,7.871587483565614,288296.71,170780399.0
2021-08-18,601006.SH,601006.SH,7.8582683846086505,7.911544780436506,7.844949285651685,7.871587483565614,217669.28,128755312.0
2021-08-19,601006.SH,601006.SH,7.871585634534998,7.978138401161529,7.858266538706682,7.938181113676579,285365.66,169783976.0
2021-08-20,601006.SH,601006.SH,7.938179939626264,7.978137221201564,7.898222658050964,7.924860845767831,196817.08,117170459.0
2021-08-23,601006.SH,601006.SH,7.924860845767831,7.951499033484697,7.898222658050964,7.924860845767831,175168.59,104239179.0
2021-08-24,601006.SH,601006.SH,7.938180073717141,7.951499167800558,7.884903697383469,7.884903697383469,259144.62,153908314.0
2021-08-25,601006.SH,601006.SH,7.898226189693837,7.951502588949782,7.884907089879851,7.92486438932181,188399.93,112088889.0
2021-08-26,601006.SH,601006.SH,7.924866836900962,8.018100564393913,7.911547732973398,7.978143252611221,291565.46,174734126.0
2021-08-27,601006.SH,601006.SH,8.01810218662985,8.044740399874467,7.991463973385232,8.031421293252158,242946.67,146477109.0
2021-08-30,601006.SH,601006.SH,8.031421293252158,8.084697719741394,7.991463973385232,8.031421293252158,424074.59,255400734.0
2021-08-31,601006.SH,601006.SH,8.01809821060224,8.124651010743134,8.004779110584629,8.0846937106903,384943.93,233292688.0
2021-09-01,601006.SH,601006.SH,8.098009971824583,8.32443459274731,8.084690876476188,8.244520020656935,687010.43,423384502.0
2021-09-02,601006.SH,601006.SH,8.257838969731209,8.284477159956149,8.151286208831452,8.271158064843679,479445.52,295492619.0
2021-09-03,601006.SH,601006.SH,8.271159928200197,8.297798124426285,8.191245339521934,8.21788353574802,384358.05,237666784.0
2021-09-06,601006.SH,601006.SH,8.217881757840525,8.417668186313147,8.204562662609018,8.311115424461082,628788.44,393113424.0
2021-09-07,601006.SH,601006.SH,8.31111225832187,8.430984069739974,8.284474078006735,8.391026799267273,568659.56,357186487.0
2021-09-08,601006.SH,601006.SH,8.40434842809848,8.417667522279302,8.337752957194372,8.377710239736837,481052.79,302432083.0
2021-09-09,601006.SH,601006.SH,8.377709611408568,8.630772381864471,8.351071425044788,8.524219636409354,850398.0,542900022.0
2021-09-10,601006.SH,601006.SH,8.510900543227464,8.65741056822825,8.484262356863686,8.550857822773134,858956.83,552300343.0
2021-09-13,601006.SH,601006.SH,8.53753647589313,8.61745101388901,8.51089829656117,8.57749374489107,475400.36,305674634.0
2021-09-14,601006.SH,601006.SH,8.630773057986595,8.630773057986595,8.351072079255548,8.404348456156699,599230.64,380472786.0
2021-09-15,601006.SH,601006.SH,8.364392387451486,8.404349675926571,8.297796906659675,8.351073291293122,486095.81,304812100.0
2021-09-16,601006.SH,601006.SH,8.3510773459943,8.444311064370632,8.27116273024316,8.28448183286835,473013.36,297108468.0
2021-09-17,601006.SH,601006.SH,8.32443553882314,8.377711926271608,8.257840054512554,8.311116441961023,376268.81,234918672.0
2021-09-22,601006.SH,601006.SH,8.244522824334426,8.484266622134134,8.217884624578902,8.470947522256374,483477.53,304443059.0
2021-09-23,601006.SH,601006.SH,8.457628422378612,8.577500321278466,8.417671122745327,8.470947522256374,449536.92,286789795.0
2021-09-24,601006.SH,601006.SH,8.430986769289493,8.497582241400783,8.311114919489167,8.324434013911427,319644.67,201630761.0
2021-09-27,601006.SH,601006.SH,8.337753108333686,8.45762495813401,8.284476730644652,8.351072202755944,385265.14,241678577.0
2021-09-28,601006.SH,601006.SH,8.311115779716033,8.417668546122648,8.311115779716033,8.36439216291934,226994.55,142368305.0
2021-09-29,601006.SH,601006.SH,8.337754558295565,8.39103094524953,8.271159074603109,8.324435461557075,383524.57,239957780.0
2021-09-30,601006.SH,601006.SH,8.324435461557075,8.37771184851104,8.311116364818584,8.337754558295567,229253.02,143469893.0
2021-10-08,601006.SH,601006.SH,8.377714632244409,8.484267441557533,8.377714632244409,8.41767193573683,495716.01,313875330.0
2021-10-11,601006.SH,601006.SH,8.391035107688088,8.484268831106846,8.391035107688088,8.457630624415772,413367.31,262253473.0
2021-10-12,601006.SH,601006.SH,8.444309856182317,8.484267158340907,8.377714352584665,8.444309856182317,278396.04,176226589.0
2021-10-13,601006.SH,601006.SH,8.430988392637351,8.430988392637351,8.297797422769463,8.364392907703406,286836.69,179921402.0
2021-10-14,601006.SH,601006.SH,8.337754132333304,8.417668708681548,8.324435036275265,8.404349612623506,254564.16,160052752.0
2021-10-15,601006.SH,601006.SH,8.391028718487497,8.417666904895395,8.297795066059859,8.391028718487497,221239.12,139190350.0
2021-10-18,601006.SH,601006.SH,8.391030301700464,8.497583067436343,8.35107301454951,8.470944876002374,402890.35,255499802.0
2021-10-19,601006.SH,601006.SH,8.457628696708069,8.4975859976374,8.444309596398293,8.4975859976374,295977.08,188342200.0
2021-10-20,601006.SH,601006.SH,8.497586076930581,8.604138880403065,8.470947876062462,8.564181579100884,482846.37,310162760.0
2021-10-21,601006.SH,601006.SH,8.550860686172358,8.630775272024438,8.537541588530345,8.577498881456386,475220.56,306681076.0
2021-10-22,601006.SH,601006.SH,8.604138837587069,8.644096138690415,8.55086243611594,8.590819737219286,448827.84,289769706.0
2021-10-25,601006.SH,601006.SH,8.60413829982839,8.617457399363728,8.444309105404333,8.524223702616363,272690.14,173914347.0
2021-10-26,601006.SH,601006.SH,8.510904603081023,8.590819200293053,8.470947304475011,8.524223702616363,274836.93,175691541.0
2021-10-27,601006.SH,601006.SH,8.524223702616364,8.524223702616364,8.430990005868997,8.444309105404335,270860.26,172277239.0
2021-10-28,601006.SH,601006.SH,8.430986404022,8.484262779402865,8.377710028641134,8.417667310176784,314678.4,198862377.0
2021-10-29,601006.SH,601006.SH,8.391030496765136,8.457625976898193,8.351073208685301,8.457625976898193,292154.78,184523156.0
2021-11-01,601006.SH,601006.SH,8.444307014908198,8.470945207384249,8.391030629956095,8.391030629956095,297245.61,187992864.0
2021-11-02,601006.SH,601006.SH,8.39103237250239,8.417670570510337,8.31111777847856,8.337755976486504,373046.24,233861643.0
2021-11-03,601006.SH,601006.SH,8.324437805365624,8.391033307808549,8.311118704877039,8.36439510683138,139748.45,87550027.0
2021-11-04,601006.SH,601006.SH,8.364398699231842,8.37771780544081,8.31112227439597,8.31112227439597,222371.42,139101725.0
2021-11-05,601006.SH,601006.SH,8.311123343350603,8.337761559194675,8.28448512750653,8.28448512750653,222817.01,138968355.0
2021-11-08,601006.SH,601006.SH,8.311119747191464,8.337757951509385,8.271162440714582,8.311119747191464,165717.21,103341565.0
2021-11-09,601006.SH,601006.SH,8.297802786400412,8.324440997592708,8.244526364015819,8.257845469611967,264098.11,164370519.0
2021-11-10,601006.SH,601006.SH,8.244529855183334,8.271168077655656,8.137976965294051,8.177934299002532,330127.83,202815662.0
2021-11-11,601006.SH,601006.SH,8.177934508023217,8.377721181671992,8.164615396446631,8.337763846942236,289046.42,179915908.0
2021-11-12,601006.SH,601006.SH,8.324442861696419,8.351081078853847,8.257847318802847,8.284485535960275,209406.43,130233659.0
2021-11-15,601006.SH,601006.SH,8.271167510825087,8.351082172765427,8.204571959208138,8.337763062442036,180307.15,112034392.0
2021-11-16,601006.SH,601006.SH,8.297801971948235,8.337759284814759,8.204568241926344,8.231206450504027,209599.01,129923733.0
2021-11-17,601006.SH,601006.SH,8.231204432530834,8.271161735601371,8.204566230483808,8.257842634577859,148243.74,91777600.0
2021-11-18,601006.SH,601006.SH,8.244523533554347,8.297799937648398,8.231204432530834,8.257842634577859,170352.03,105609186.0
2021-11-19,601006.SH,601006.SH,8.257844227730779,8.297801538510122,8.217886916951436,8.284482434917006,159355.66,98670341.0
2021-11-22,601006.SH,601006.SH,8.257843132029764,8.271162233855618,8.231204928378055,8.231204928378055,168987.28,104623060.0
2021-11-23,601006.SH,601006.SH,8.231204928378055,8.257843132029764,8.2178858265522,8.231204928378055,158135.22,97788778.0
2021-11-24,601006.SH,601006.SH,8.231205942270398,8.244525045736856,8.191248631871026,8.21788683880394,166613.21,102728877.0
2021-11-25,601006.SH,601006.SH,8.217888792894296,8.231207899527835,8.151293259726595,8.177931472993675,181079.0,111215866.0
2021-11-26,601006.SH,601006.SH,8.177934172245566,8.191253283275284,8.13797683915642,8.151295950186135,149863.85,91750517.0
2021-11-29,601006.SH,601006.SH,8.111338297438323,8.137976518447973,8.084700076428673,8.111338297438323,195639.15,119106067.0
2021-11-30,601006.SH,601006.SH,8.084700076428673,8.124657407943147,8.084700076428673,8.111338297438323,159293.78,96993931.0
2021-12-01,601006.SH,601006.SH,8.111336844266967,8.191251492978957,8.098017736148302,8.177932384860291,154995.79,94807732.0
2021-12-02,601006.SH,601006.SH,8.16461601155518,8.231211574455303,8.137977786395131,8.19125423671523,165574.29,101898024.0
2021-12-03,601006.SH,601006.SH,8.217891799142016,8.271168245165628,8.191253576130212,8.257849133659725,249415.39,154268319.0
2021-12-06,601006.SH,601006.SH,8.271169044312318,8.337764608276185,8.244530818726771,8.271169044312318,309388.18,192908180.0
2021-12-07,601006.SH,601006.SH,8.297807453130202,8.457636810172836,8.284488340043314,8.444317697085951,557798.22,350894418.0
2021-12-08,601006.SH,601006.SH,8.444316519431505,8.444316519431505,8.364401852055181,8.404359185743342,230293.43,145063986.0
2021-12-09,601006.SH,601006.SH,8.377719762697787,8.470953527942436,8.377719762697787,8.45763441862177,386191.65,244649358.0
2021-12-10,601006.SH,601006.SH,8.45763652962553,8.47095564227061,8.271168952594417,8.271168952594417,343773.78,217149152.0
2021-12-13,601006.SH,601006.SH,8.377725212747306,8.510916392600203,8.351086976776726,8.470959038644335,426722.69,271121793.0
2021-12-14,601006.SH,601006.SH,8.444317697947247,8.457636811035492,8.391041245594268,8.404360358682512,203338.72,128536688.0
2021-12-15,601006.SH,601006.SH,8.417678880112776,8.430997992264853,8.337764207200312,8.337764207200312,169837.51,106746255.0
2021-12-16,601006.SH,601006.SH,8.377720643680137,8.470954418729042,8.351082422237592,8.430997086565226,230382.4,145710373.0
2021-12-17,601006.SH,601006.SH,8.431000804170242,8.47095815395304,8.40436257098171,8.457639037358772,215513.65,136476032.0
2021-12-20,601006.SH,601006.SH,8.431000804170242,8.510915503735836,8.417681687575977,8.457639037358772,288111.44,183203567.0
2021-12-21,601006.SH,601006.SH,8.444321435736098,8.577512625574208,8.431002316752288,8.537555268622775,411946.8,264211887.99999997
2021-12-22,601006.SH,601006.SH,8.537556874432545,8.564195117410492,8.470961266987674,8.497599509965621,193145.81,123349439.0
2021-12-23,601006.SH,601006.SH,8.497599509965621,8.52423775294357,8.457642145498697,8.497599509965621,112718.32,71924745.0
2021-12-24,601006.SH,601006.SH,8.484280308056928,8.497599429419655,8.404365579880567,8.431003822606021,149387.96,94643177.0
2021-12-27,601006.SH,601006.SH,8.417688412978283,8.484284049156908,8.417688412978283,8.457645794685456,112561.68,71431200.0
2021-12-28,601006.SH,601006.SH,8.457649274096699,8.470968406811812,8.41769187595136,8.41769187595136,137931.06,87358724.0
2021-12-29,601006.SH,601006.SH,8.41769187595136,8.484287539526925,8.391053610521134,8.41769187595136,177130.43,112021939.0
2021-12-30,601006.SH,601006.SH,8.43101375733464,8.550885990851246,8.417694620277238,8.497609442621643,290953.29,185503086.0
2021-12-31,601006.SH,601006.SH,8.497611168698562,8.550887727749965,8.45765374941001,8.524249448224264,191390.97,122203476.0
2022-01-04,601006.SH,601006.SH,8.524249448224264,8.617483426564215,8.497611168698562,8.604164286801366,407918.05,262652631.0
2022-01-05,601006.SH,601006.SH,8.604164286801366,8.697398265141318,8.564206867512814,8.604164286801366,433267.02,280701137.0
2022-01-06,601006.SH,601006.SH,8.590845040485396,8.644121598876003,8.564206761290093,8.590845040485396,226855.46,146341487.0
2022-01-07,601006.SH,601006.SH,8.59084226924506,8.724033622256611,8.577523133943906,8.67075708105199,365612.52,238105075.0
2022-01-10,601006.SH,601006.SH,8.710711929681478,8.724031061072427,8.670754535508626,8.710711929681478,246811.19,161242033.0
2022-01-11,601006.SH,601006.SH,8.72402925792923,8.80394402975759,8.67075274337699,8.76398664384341,354409.48,232999788.0
2022-01-12,601006.SH,601006.SH,8.75066324658705,8.777301490868899,8.68406763588243,8.737344124446127,254080.06,166606794.0
2022-01-13,601006.SH,601006.SH,8.737340265005775,8.81725496255156,8.670744683717622,8.684063799975252,212105.0,139043391.0
2022-01-14,601006.SH,601006.SH,8.710703761125957,8.724022880026762,8.577512572117916,8.59083169101872,297828.44,192813022.0
2022-01-17,601006.SH,601006.SH,8.590835025968909,8.644111522253988,8.56419677782637,8.57751590189764,196497.4,126938823.0
2022-01-18,601006.SH,601006.SH,8.604151088439316,8.71070404309491,8.577512849775417,8.684065804431011,431216.66,280262886.0
2022-01-19,601006.SH,601006.SH,8.684061897921165,8.830572144665235,8.670742784580796,8.763976577963385,397148.98,261258276.0
2022-01-20,601006.SH,601006.SH,8.803936055510182,8.803936055510182,8.724021356065307,8.77729782236189,353744.97,233130148.0
2022-01-21,601006.SH,601006.SH,8.777300396155987,8.910491600953499,8.69738567327748,8.857215119034494,642241.72,425872515.0
2022-01-24,601006.SH,601006.SH,8.830577550112805,8.857215793099572,8.657428970698827,8.750662821152508,353940.46,232942965.0
2022-01-25,601006.SH,601006.SH,8.724027655659077,8.790623286618306,8.670751150891693,8.684070277083539,386621.47,253407706.0
2022-01-26,601006.SH,601006.SH,8.710704320623352,8.777299919404875,8.630789602085523,8.710704320623352,246012.66,160674555.0
2022-01-27,601006.SH,601006.SH,8.73734256013596,8.790619039161179,8.68406608111074,8.710704320623352,336704.32,221016468.0
2022-01-28,601006.SH,601006.SH,8.72402029920329,8.883849678730677,8.710701184242673,8.803934988966983,451942.86,298826723.0
2022-02-07,601006.SH,601006.SH,8.817255056086696,9.0569991512673,8.817255056086696,9.00372268567161,771844.75,519447102.0
2022-02-08,601006.SH,601006.SH,8.99040727194948,9.456576537902414,8.96376902818074,9.443257416018044,1625778.02,1135022496.0
2022-02-09,601006.SH,601006.SH,9.456574708908384,9.496532066833348,9.270107038591881,9.296745277208524,754430.3,530403787.0
2022-02-10,601006.SH,601006.SH,9.256791250177955,9.643045849106244,9.203514753774053,9.549811980399415,1339739.26,955332844.0
2022-02-11,601006.SH,601006.SH,9.523174692517506,9.656365946958308,9.456579065297102,9.509855567073425,799634.92,574265056.0
2022-02-14,601006.SH,601006.SH,9.456579467704723,9.536494223769834,9.256792577541948,9.389983837650464,728331.64,513696114.0
2022-02-15,601006.SH,601006.SH,9.350029456421261,9.429944238100076,9.296752935302052,9.350029456421261,596052.38,418946884.0
2022-02-16,601006.SH,601006.SH,9.36334861345349,9.44326339536063,9.243476440592776,9.323391222499916,480592.74,336448895.0
2022-02-17,601006.SH,601006.SH,9.323392571760587,9.350030836251332,9.163562984816119,9.203520381552236,525221.21,364112605.0
2022-02-18,601006.SH,601006.SH,9.20351594297503,9.403302830304446,9.150239439687187,9.389983704482484,694060.64,483432025.0
2022-02-21,601006.SH,601006.SH,9.389983299741806,9.389983299741806,9.230153796767476,9.27011117251106,376219.07,262231025.00000003
2022-02-22,601006.SH,601006.SH,9.24347090042126,9.27010914509106,9.176875288746754,9.25679002275616,299832.68,207732473.0
2022-02-23,601006.SH,601006.SH,9.296744001733389,9.296744001733389,9.03036165211352,9.136914591961467,722633.51,494913222.0
2022-02-24,601006.SH,601006.SH,9.110278755859232,9.150236118823528,8.950449304002053,9.003725787954446,556045.37,377273055.0
2022-02-25,601006.SH,601006.SH,9.043680295018797,9.150233229275278,9.030361178236738,9.110275878929098,387065.86,264111126.0
2022-02-28,601006.SH,601006.SH,9.110275557862108,9.136913790487437,8.977084394735469,9.070318208924116,1123001.67,763781091.0
2022-03-01,601006.SH,601006.SH,9.043679976298789,9.083637325236781,8.990403511048132,9.070318208924116,348195.11,236248931.0
2022-03-02,601006.SH,601006.SH,9.043676130437783,9.216824568870319,9.01703790914047,9.176867236924348,400641.72,275070852.0
2022-03-03,601006.SH,601006.SH,9.203503946217191,9.350014139282877,9.150227512375125,9.323375922361844,486770.36,339490244.0
2022-03-04,601006.SH,601006.SH,9.25678038005926,9.363333247743395,9.190184837756675,9.323375922361844,453681.08,316070264.0
2022-03-07,601006.SH,601006.SH,9.25677636700418,9.376648291181214,9.176861750886157,9.21681905894517,373760.38,259549500.0
2022-03-08,601006.SH,601006.SH,9.216820253466638,9.230139357879162,8.99039547845373,9.043671896103826,344086.03,234653084.0
2022-03-09,601006.SH,601006.SH,9.070312820590583,9.123589254191701,8.630782243381349,8.897164411386944,621386.67,413933525.0
2022-03-10,601006.SH,601006.SH,9.030354910212068,9.1901842006583,8.937121157451767,9.043674017749254,582855.34,397129988.0
2022-03-11,601006.SH,601006.SH,9.003716695137696,9.096950447897997,8.803930082079908,9.043674017749254,397840.77,267091809.0
2022-03-14,601006.SH,601006.SH,8.950436090792593,9.176860813327526,8.87052148283909,8.910478786815842,477562.38,323379191.0
2022-03-15,601006.SH,601006.SH,8.870522628323753,8.883841731369285,8.404354021730162,8.457630433912287,892011.66,574940349.0
2022-03-16,601006.SH,601006.SH,8.53754115968773,8.857199487039534,8.364392899038839,8.76396580822859,793541.42,512953739.0
2022-03-17,601006.SH,601006.SH,8.777287808353003,8.830564213866527,8.604139490434052,8.617458591812433,617748.68,403037319.0
2022-03-18,601006.SH,601006.SH,8.617456029865284,8.870518880819597,8.59081783502799,8.870518880819597,716809.6,472919468.0
2022-03-21,601006.SH,601006.SH,8.790599947693138,8.830557220182653,8.670728130224596,8.777280856863301,438426.78,287947431.0
2022-03-22,601006.SH,601006.SH,8.870513134124904,8.9903849332347,8.803917690175018,8.870513134124904,380132.37,253614442.0
2022-03-23,601006.SH,601006.SH,8.817232403694701,8.870508732417933,8.723998828429048,8.803913321513894,296483.71,195729317.0
2022-03-24,601006.SH,601006.SH,8.790596705472646,8.910468478729092,8.750639447720499,8.830553963224794,314305.81,208972482.0
2022-03-25,601006.SH,601006.SH,8.790593101460985,8.883826664658299,8.777274021004226,8.803912181917745,220852.41,146490559.0
2022-03-28,601006.SH,601006.SH,8.77727632667621,8.937105334142242,8.684042738987692,8.923786250186739,454653.78,301447012.0
2022-03-29,601006.SH,601006.SH,8.897149523639927,9.110254901451663,8.843873179186994,9.043659470885496,561868.9,379401146.0
2022-03-30,601006.SH,601006.SH,9.030338160484883,9.123571740312897,8.990380911987161,9.030338160484883,362672.14,246719043.0
2022-03-31,601006.SH,601006.SH,9.043654241929028,9.176845026051694,9.017016085104494,9.15020686922716,423501.54,289983312.0
2022-04-01,601006.SH,601006.SH,9.110253235716959,9.21680590514055,9.083615068361063,9.163529570428754,333259.41,228908634.0
2022-04-06,601006.SH,601006.SH,9.150206695008906,9.256759320278297,9.150206695008906,9.256759320278297,406383.11,281259928.0
2022-04-07,601006.SH,601006.SH,9.243442001485993,9.283399243567343,9.083613033160587,9.09693211385437,334086.65,229974573.0
2022-04-08,601006.SH,601006.SH,9.096932997179662,9.216804735063436,9.056975751218404,9.190166571089264,365689.12,251051658.0
2022-04-11,601006.SH,601006.SH,9.190169105387739,9.310040876327578,9.110254591427845,9.176850019727755,670277.57,464277284.0
2022-04-12,601006.SH,601006.SH,9.123571209128325,9.283400193813785,9.070294880899839,9.256762029699543,417651.7,287962933.0
2022-04-13,601006.SH,601006.SH,9.203482912535996,9.336673692746357,9.19016383451496,9.230121068578068,454257.86,316066675.0
2022-04-14,601006.SH,601006.SH,9.203483060979268,9.230121217450987,9.043654122148947,9.083611356856528,539409.9,368770396.0
2022-04-15,601006.SH,601006.SH,9.003693744138904,9.096927259240934,8.950417449794886,9.003693744138904,562898.34,381440728.0
2022-04-18,601006.SH,601006.SH,9.030334221719142,9.150205914927804,8.910462528510482,9.083610529811882,359575.8,244815145.0
2022-04-19,601006.SH,601006.SH,9.056975148572505,9.323356770589342,9.030336986370822,9.310037689488501,603586.29,418947661.0
2022-04-20,601006.SH,601006.SH,9.34999201850689,9.403268326304651,9.203482172063051,9.23012032596193,474192.61,331171173.0
2022-04-21,601006.SH,601006.SH,9.230120339300255,9.323353878081067,9.16352495445682,9.216801262331568,508916.7,352985732.0
2022-04-22,601006.SH,601006.SH,9.190165891700735,9.376633025735241,9.15020864869334,9.323356701725382,487575.56,341203232.0
2022-04-25,601006.SH,601006.SH,9.296714509351144,9.429905261634111,9.203480982753067,9.216800057981363,703329.21,492980841.0
2022-04-26,601006.SH,601006.SH,9.163522520933006,9.310032328680482,9.056969933480296,9.083608080343474,468920.44,323178261.0
2022-04-27,601006.SH,601006.SH,9.043650572948682,9.230117595071334,8.977055207904877,9.230117595071334,580768.11,397364010.0
2022-04-28,601006.SH,601006.SH,9.083607965632176,9.150203331949127,8.777269280574199,9.056969819105394,702541.91,471636935.0
2022-04-29,601006.SH,601006.SH,8.99037661263816,9.030333842027664,8.857185848006484,8.870504924469651,548368.96,366997979.0
2022-05-05,601006.SH,601006.SH,8.910457745952233,8.963734025449705,8.763947977334183,8.77726704720855,528863.19,350394703.0
2022-05-06,601006.SH,601006.SH,8.723991264307475,8.763948476205067,8.59080055798217,8.657395911144823,418741.63,272319275.0
2022-05-09,601006.SH,601006.SH,8.657398542572151,8.777270214700073,8.60412224384863,8.763951140019193,218613.73,143087763.0
2022-05-10,601006.SH,601006.SH,8.697351738084974,8.763947080643051,8.604118258503664,8.684032669573357,397655.66,259004250.0
2022-05-11,601006.SH,601006.SH,8.684034903750215,8.750630263441552,8.670715831811949,8.697353975688483,325958.27,212887087.0
2022-05-12,601006.SH,601006.SH,8.670713980460949,8.71067118774418,8.64407584227213,8.670713980460949,302044.89,196615848.0
2022-05-13,601006.SH,601006.SH,8.697354801875422,8.777269241096329,8.670716655468452,8.763950167892844,344398.0,226001887.0
2022-05-16,601006.SH,601006.SH,8.75063347272346,8.777271626369496,8.684038088608363,8.72399531907742,209571.9,137243771.0
2022-05-17,601006.SH,601006.SH,8.72399912664046,8.763956374548739,8.697360961368277,8.697360961368277,165333.38,108214693.0
2022-05-18,601006.SH,601006.SH,8.724000710381842,8.73731979543586,8.630767115003717,8.657405285111752,326162.72,212339168.0
2022-05-19,601006.SH,601006.SH,8.60413292215097,8.670728378204771,8.57749473972945,8.644090195783251,367490.21,237925792.0
2022-05-20,601006.SH,601006.SH,8.630774034042744,8.777284087089765,8.630774034042744,8.75064589562667,304789.32,199736899.0
2022-05-23,601006.SH,601006.SH,8.7506446739887,8.790601955605087,8.73732558011657,8.777282861732958,252082.62,165801070.0
2022-05-24,601006.SH,601006.SH,8.790600210905462,8.803919302134107,8.710685663533594,8.72400475476224,287572.22,188995822.0
2022-05-25,601006.SH,601006.SH,8.72400324609976,8.870513224278536,8.710684157174418,8.857194135353193,312623.12,207130560.0
2022-05-26,601006.SH,601006.SH,8.88383376308749,9.003705582979224,8.870514671988408,8.977067400781062,397777.81,266610082.0
2022-05-27,601006.SH,601006.SH,8.990383273428174,9.030340532421189,8.92378784177315,9.003702359759178,288043.82,194035270.0
2022-05-30,601006.SH,601006.SH,9.01702553129811,9.083620993124537,8.897153700010541,8.937110977106398,243939.71,164144860.0
2022-05-31,601006.SH,601006.SH,8.937110977106398,9.030344623663396,8.897153700010541,8.937110977106398,293865.24,197578061.0
2022-06-01,601006.SH,601006.SH,8.910469449283644,8.977064886124328,8.870512187179234,8.910469449283644,312009.87,208945263.0
2022-06-02,601006.SH,601006.SH,8.910465307986,8.95042255151957,8.87050806445243,8.883827145630287,148727.83,99398362.0
2022-06-06,601006.SH,601006.SH,8.87050360906865,8.883822683556742,8.75063193867583,8.803908236628196,475234.34,313482325.0
2022-06-07,601006.SH,601006.SH,8.790587923466177,8.843864213911427,8.763949778243553,8.790587923466177,265502.06,175374073.0
2022-06-08,601006.SH,601006.SH,8.803903837725207,8.923775448223733,8.777265702058866,8.910456380390563,322012.65,213513437.0
2022-06-09,601006.SH,601006.SH,8.897138711810442,8.990372201305462,8.883819641882582,8.977053131377602,399452.38,268206419.0
2022-06-10,601006.SH,601006.SH,8.923777197445892,8.977053479221688,8.883819986114045,8.93709626788984,323870.78,217110362.0
2022-06-13,601006.SH,601006.SH,8.91045647143344,8.923775539402698,8.790584859710119,8.817222995648635,422154.8,279916774.0
2022-06-14,601006.SH,601006.SH,8.817224132501973,8.897138550621325,8.777266923442296,8.883819480934767,288245.16,190877227.0
2022-06-15,601006.SH,601006.SH,8.883819467695096,9.030329234028898,8.857181328361678,8.937095746361933,452418.47,304673397.0
2022-06-16,601006.SH,601006.SH,8.937094085844143,8.963732220228179,8.81722248111598,8.81722248111598,379745.23,252687970.0
2022-06-17,601006.SH,601006.SH,8.803905849891223,8.87050120427769,8.790586779013928,8.857182133400398,263631.93,174704144.0
2022-06-20,601006.SH,601006.SH,8.843865885032589,8.870504035288711,8.7373132840081,8.763951434264223,419853.03,276744240.0
2022-06-21,601006.SH,601006.SH,8.790593846624386,8.83055109138177,8.763955683452798,8.790593846624386,210516.62,139133220.0
2022-06-22,601006.SH,601006.SH,8.790597860594179,8.817236035929312,8.75064059759148,8.75064059759148,148639.41,97956856.0
2022-06-23,601006.SH,601006.SH,8.75063937595425,8.777277547570549,8.72400120433795,8.777277547570549,256990.76,168783680.0
2022-06-24,601006.SH,601006.SH,8.79059974224824,8.79059974224824,8.710685199136892,8.737323380174008,352588.33,231551535.0
2022-06-27,601006.SH,601006.SH,8.750645890790999,8.763964986515186,8.710688603618436,8.724007699342623,321366.3,210758736.0
2022-06-28,601006.SH,601006.SH,8.724010159619185,8.750648358579856,8.670733761697846,8.73732925909952,434349.3,284015524.0
2022-06-29,601006.SH,601006.SH,8.737331171220209,8.803926683195973,8.724012068825056,8.763969376010515,367574.06,241931896.0
2022-06-30,601006.SH,601006.SH,8.790609715090975,8.830567031977752,8.750652398204199,8.77729060946205,422819.66,278899069.0
2022-07-01,601006.SH,601006.SH,8.803929686461768,8.817248793400438,8.777291472584423,8.803929686461768,246142.98,162673456.0
2022-07-04,601006.SH,601006.SH,8.817244961543445,8.857202264994548,8.790606759242708,8.857202264994548,342347.76,226846834.0
2022-07-05,601006.SH,601006.SH,8.857199812026854,8.937114396797021,8.84388071456516,8.897157104411937,490163.84,327496295.0
2022-07-06,601006.SH,601006.SH,8.8971573728028,8.910476470666278,8.777285492031506,8.830561883485414,608412.75,403418064.0
2022-07-07,601006.SH,601006.SH,8.830563194955001,8.873639112979172,8.701335440882488,8.701335440882488,721647.93,439789459.0
2022-07-08,601006.SH,601006.SH,8.744411358906659,8.758769998248049,8.686976801541098,8.701335440882488,335166.15,203368896.0
2022-07-11,601006.SH,601006.SH,8.701338322119389,8.715696966215296,8.672621033927577,8.672621033927577,228079.35,138023306.0
2022-07-12,601006.SH,601006.SH,8.686983850059775,8.773135756010783,8.672625199067943,8.73005980303528,209489.04,127536032.0
2022-07-13,601006.SH,601006.SH,8.730062096647051,8.80185537046816,8.715703441882829,8.744420751411273,202224.28,123447790.0
2022-07-14,601006.SH,601006.SH,8.773137744531459,8.787496398777828,8.701344473299612,8.758779090285088,205784.04,125252549.0
2022-07-15,601006.SH,601006.SH,8.758776907865048,8.77313555853368,8.643907702515998,8.643907702515998,213289.12,129263269.0
2022-07-18,601006.SH,601006.SH,8.686987811659284,8.730063784279084,8.65827049657942,8.701346469199217,148385.91,89952234.0
2022-07-19,601006.SH,601006.SH,8.701346469199217,8.730063784279084,8.686987811659284,8.701346469199217,157925.47,95788299.0
2022-07-20,601006.SH,601006.SH,8.730060912547575,8.730060912547575,8.701343606914195,8.730060912547575,116046.65,70420864.0
2022-07-21,601006.SH,601006.SH,8.715699484581906,8.730058132826686,8.643906243358002,8.658264891602784,184926.92,111850701.0
2022-07-22,601006.SH,601006.SH,8.672625704419723,8.70134300807674,8.658267052591214,8.686984356248232,109809.44,66376311.0
2022-07-25,601006.SH,601006.SH,8.715700721957225,8.715700721957225,8.658266120824063,8.672624771107353,90008.32,54410961.0
2022-07-26,601006.SH,601006.SH,8.672627982128756,8.73006260452696,8.658269326529206,8.686986637728307,155261.36,94074803.0
2022-07-27,601006.SH,601006.SH,8.701344356924805,8.730061665033467,8.672627048816143,8.672627048816143,129902.35,78669298.0
2022-07-28,601006.SH,601006.SH,8.686985702870473,8.701344356924805,8.65826839476181,8.672627048816143,179985.19,108867500.0
2022-07-29,601006.SH,601006.SH,8.686988919208982,8.715706237950169,8.658271600467796,8.686988919208982,176061.85,106534489.0
2022-08-01,601006.SH,601006.SH,8.672627450597691,8.686986105317223,8.643910141158624,8.643910141158624,157308.45,94884169.0
2022-08-02,601006.SH,601006.SH,8.643907071629396,8.658265721250043,8.54339652428487,8.572113823526161,356350.08,212783715.0
2022-08-03,601006.SH,601006.SH,8.600828279517495,8.758773373131339,8.572110989769524,8.68698014876141,467791.65,283467833.0
2022-08-04,601006.SH,601006.SH,8.701342508492681,8.744418461505022,8.658266555480342,8.744418461505022,198178.19,120135669.0
2022-08-05,601006.SH,601006.SH,8.744417831792399,8.787493781702707,8.68698323191199,8.773135131732605,161837.25,98598326.0
2022-08-08,601006.SH,601006.SH,8.773134987437619,8.78749363717156,8.715700388501856,8.730059038235797,123106.11,74963291.0
2022-08-09,601006.SH,601006.SH,8.730062207657554,8.873648757125606,8.71570355271075,8.8592901021788,344137.31,211230163.0
2022-08-10,601006.SH,601006.SH,8.873650867146319,8.873650867146319,8.773140258618772,8.816216233702006,135602.26,83218567.0
2022-08-11,601006.SH,601006.SH,8.830574949311544,8.873650924674036,8.801857632403213,8.859292266219873,150469.99,92730255.0
2022-08-12,601006.SH,601006.SH,8.873653321415766,8.945446633077708,8.84493599675099,8.931087970745319,222096.43,137716059.0
2022-08-15,601006.SH,601006.SH,8.902370646080543,8.974163957742483,8.873653321415766,8.931087970745319,201026.47,124830971.0
2022-08-16,601006.SH,601006.SH,8.931089327001004,8.974165320539594,8.888013333462414,8.888013333462414,176768.34,109930033.0
2022-08-17,601006.SH,601006.SH,8.916730347611617,8.97416500363488,8.87365435559417,8.94544767562325,159857.07,99631038.0
2022-08-18,601006.SH,601006.SH,8.959807564039899,8.974166230007912,8.888014234199836,8.931090232103873,112690.8,69999533.0
2022-08-19,601006.SH,601006.SH,8.931091401991093,9.060319412630834,8.916732734142233,8.988526073386534,282198.74,176914550.0
2022-08-22,601006.SH,601006.SH,8.988522088043236,9.074674056938221,8.97416342656074,9.002880749525733,230832.44,145284589.0
2022-08-23,601006.SH,601006.SH,9.017242202058526,9.06031819983906,8.959807538351148,9.045959533912216,225389.6,141469826.0
2022-08-24,601006.SH,601006.SH,9.017237729506395,9.07467236472618,8.959803094286608,8.974161753091554,270066.11,169583016.0
2022-08-25,601006.SH,601006.SH,8.9885204118965,9.160824317555859,8.974161753091554,9.132106999945966,366106.91,232132530.0
2022-08-26,601006.SH,601006.SH,9.146465658750913,9.175182976360805,9.089031023531126,9.132106999945966,238139.6,151518612.0
2022-08-29,601006.SH,601006.SH,9.103389853291748,9.189541807739305,9.074672535142565,9.175183148664711,201524.46,128458824.0
2022-08-30,601006.SH,601006.SH,9.18954479968315,9.290055445929683,9.16082747218414,9.261338118430674,437110.78,281782043.0
2022-08-31,601006.SH,601006.SH,9.246979454681169,9.3331314371782,9.21826212718216,9.261338118430674,356063.11,230083308.0
2022-09-01,601006.SH,601006.SH,9.290050971361694,9.447996196531676,9.261333657694424,9.390561569197137,529342.98,346309571.0
2022-09-02,601006.SH,601006.SH,9.404922193829467,9.419280853667374,9.232618275774575,9.333128894639929,376886.98,244785365.0
2022-09-05,601006.SH,601006.SH,9.347491095192817,9.519795078514344,9.304415099362437,9.476719082683962,431778.11,283919908.0
2022-09-06,601006.SH,601006.SH,9.491074880565668,9.534150863382154,9.404922914932696,9.505433541504496,375345.86,248183134.0
2022-09-07,601006.SH,601006.SH,9.505433541504496,9.534150863382154,9.433640236810355,9.505433541504496,308497.12,203964767.0
2022-09-08,601006.SH,601006.SH,9.505434767092629,9.57722808104348,9.433641453141778,9.57722808104348,369114.66,244796753.0
2022-09-09,601006.SH,601006.SH,9.562867027535956,9.634660323538478,9.534149709134946,9.591584345936964,299169.71,199825421.0
2022-09-13,601006.SH,601006.SH,9.591584004396868,9.706453273910602,9.562866687018435,9.67773595653217,416936.29,280178127.0
2022-09-14,601006.SH,601006.SH,9.63465724824751,9.663374557482227,9.562863975160719,9.620298593630151,309855.26,207465022.0
2022-09-15,601006.SH,601006.SH,9.620303094354641,9.821324353042648,9.620303094354641,9.821324353042648,693227.39,471096854.0
2022-09-16,601006.SH,601006.SH,9.821322350493753,9.835681008900908,9.519790523943506,9.577225157572125,663632.29,445442076.0
2022-09-19,601006.SH,601006.SH,9.548505453630858,9.720809311440737,9.433636215090937,9.706450656623247,576463.05,385813754.0
2022-09-20,601006.SH,601006.SH,9.73516386419932,9.749522512966577,9.620294674061276,9.677729269130298,296397.89,199807860.0
2022-09-21,601006.SH,601006.SH,9.706449286760455,9.79260120350685,9.605938717222996,9.735166592342587,333573.04,225884715.0
2022-09-22,601006.SH,601006.SH,9.706447850895175,9.735165152229186,9.620295946893147,9.706447850895175,295848.6,199581853.0
2022-09-23,601006.SH,601006.SH,9.69208639424666,9.864390152366601,9.69208639424666,9.720803687266649,432971.32,294637298.0
2022-09-26,601006.SH,601006.SH,9.677728226544785,9.792597404307928,9.534141754340855,9.577217696002034,443767.88,297534782.0
2022-09-27,601006.SH,601006.SH,9.57722242057302,9.720808963610096,9.419277223232235,9.663374346395267,453593.52,303160813.0
2022-09-28,601006.SH,601006.SH,9.663374346395267,9.735167617913804,9.591581074876727,9.663374346395267,289861.32,195445052.0
2022-09-29,601006.SH,601006.SH,9.692095761083431,9.749530402630592,9.534150496828737,9.591585138375898,241111.59,161601124.0
2022-09-30,601006.SH,601006.SH,9.577225968712664,9.735171224568496,9.562867309089407,9.720812564945238,269661.46,181805322.0
2022-10-10,601006.SH,601006.SH,9.620298348929992,9.792602199955605,9.620298348929992,9.634657003182127,537019.1,363096912.0
2022-10-11,601006.SH,601006.SH,9.634654590949486,9.735165145549555,9.562861337663723,9.692089193578097,316152.11,212413902.0
2022-10-12,601006.SH,601006.SH,9.692084533919832,9.749519108935653,9.6059326713961,9.706443177673787,268321.34,181121985.0
2022-10-13,601006.SH,601006.SH,9.706440627921548,9.735157907885814,9.577212868082356,9.620288788028754,261427.71,175319074.0
2022-10-14,601006.SH,601006.SH,9.677718863511489,9.706436130168791,9.591567063539575,9.605925696868228,320991.89,215421569.0
2022-10-17,601006.SH,601006.SH,9.620281577531584,9.979247308036493,9.605922948311388,9.835661015834528,603603.29,412027682.0
2022-10-18,601006.SH,601006.SH,9.864380106230886,10.122835480193267,9.835662842457287,10.051042320759272,634920.82,443021084.0
2022-10-19,601006.SH,601006.SH,10.065402409288756,10.065402409288756,9.893098801711774,9.921816069641272,284536.59,197538211.0
2022-10-20,601006.SH,601006.SH,9.921817443206384,9.979251987016552,9.73515517582334,9.749513811775882,372741.85,254665724.0
2022-10-21,601006.SH,601006.SH,9.73515249368875,9.964890605634206,9.73515249368875,9.850021549661479,266002.84,182646135.0
2022-10-24,601006.SH,601006.SH,9.907458580584116,9.907458580584116,9.519775418735172,9.548492689983242,454366.49,305156681.0
2022-10-25,601006.SH,601006.SH,9.519775418735172,9.620285868103418,9.447982240614998,9.548492689983242,368090.28,244384099.0
2022-10-26,601006.SH,601006.SH,9.534132104195422,9.60592526763063,9.347469879263885,9.476697573447257,482901.63,318495265.0
2022-10-27,601006.SH,601006.SH,9.433617406779042,9.5341277901085,9.390541528209274,9.519769163918577,313602.83,206977739.0
2022-10-28,601006.SH,601006.SH,9.46233314518534,9.505409016862966,9.304388282367377,9.33310553015246,407186.64,266172773.99999997
2022-10-31,601006.SH,601006.SH,9.333106986175164,9.390541490705472,9.132086220319083,9.20387935098197,498255.45,320471024.0
2022-11-01,601006.SH,601006.SH,9.14644201473499,9.318745474981176,9.13208339304781,9.27566960991963,358510.24,230577868.0
2022-11-02,601006.SH,601006.SH,9.275670629535222,9.476691355252703,9.246953383004152,9.40489823892503,289131.02,189392359.0
2022-11-03,601006.SH,601006.SH,9.390538188525815,9.462331293942677,9.347462325275696,9.447972672859306,211698.08,138754700.0
2022-11-04,601006.SH,601006.SH,9.476687363058117,9.548480449141891,9.419252894191098,9.491045980274873,277867.51,183867503.0
2022-11-07,601006.SH,601006.SH,9.476684688302656,9.505401914630847,9.40489162248218,9.462326075138561,202096.14,132977170.00000001
2022-11-08,601006.SH,601006.SH,9.476684688302656,9.491043301466751,9.376174396153992,9.462326075138561,211650.81,139063313.0
2022-11-09,601006.SH,601006.SH,9.419252640867667,9.519762958681804,9.376176790375894,9.390535407206485,171798.27,112991418.0
2022-11-10,601006.SH,601006.SH,9.390532026045474,9.519759530991054,9.304380356081754,9.491042307669815,344024.23,226355032.0
2022-11-11,601006.SH,601006.SH,9.548478095714618,9.562836709392384,9.447967799970254,9.50540225468132,285623.58,189210313.0
2022-11-14,601006.SH,601006.SH,9.491046267096833,9.591556590651564,9.476687649446156,9.548480737699537,273243.16,181792968.0
2022-11-15,601006.SH,601006.SH,9.491047357186373,9.5054059764862,9.318743925588436,9.376178402787748,553230.74,361637887.0
2022-11-16,601006.SH,601006.SH,9.3905353329361,9.476687033238266,9.376176716219073,9.419252566370155,279861.34,184057440.0
2022-11-17,601006.SH,601006.SH,9.376176255331739,9.462327951399104,9.333100407298055,9.347459023309282,256023.08,167292109.0
2022-11-18,601006.SH,601006.SH,9.376179033458037,9.390537653723669,9.304385932129874,9.304385932129874,231815.0,150834348.0
2022-11-21,601006.SH,601006.SH,9.30438639517863,9.34746225811927,9.203876048317133,9.23259329027756,238611.1,153945130.0
2022-11-22,601006.SH,601006.SH,9.232591507816108,9.548481108394576,9.218232889607997,9.519763871978352,598813.56,393375335.0
2022-11-23,601006.SH,601006.SH,9.519766006454557,9.692069463584957,9.462331520744424,9.605917735019757,485634.07,324553727.0
2022-11-24,601006.SH,601006.SH,9.605917735019757,9.663352220729891,9.519766006454557,9.605917735019757,207744.75,138897250.0
2022-11-25,601006.SH,601006.SH,9.605913468862173,9.792575464520183,9.591554853811557,9.76385823441895,306523.16,207581788.0
2022-11-28,601006.SH,601006.SH,9.735144460580798,9.749503080729147,9.562841018800606,9.706427220284098,263246.57,176898052.0
2022-11-29,601006.SH,601006.SH,9.706429725168544,9.82129871599894,9.692071101314744,9.792581468291342,247453.34,168259667.0
2022-11-30,601006.SH,601006.SH,9.74950727620682,9.864376286824868,9.735148649879564,9.835659034170355,292259.71,199507315.0
2022-12-01,601006.SH,601006.SH,9.835658816567278,9.893093320605628,9.72078980849058,9.735148434500168,359839.68,245268811.0
2022-12-02,601006.SH,601006.SH,9.706430465610154,9.79258221530492,9.663354590762772,9.72078909055928,227348.07,153737809.0
2022-12-05,601006.SH,601006.SH,9.806937343866439,9.950523542166092,9.792578724036472,9.907447682676198,344986.32,237728257.0
2022-12-06,601006.SH,601006.SH,9.907447682676198,9.936164922336127,9.835654583526368,9.907447682676198,270289.42,186256093.0
2022-12-07,601006.SH,601006.SH,9.907445952117653,9.9792390387272,9.806935630864285,9.864370100151923,322754.65,222330847.0
2022-12-08,601006.SH,601006.SH,9.83565491879038,9.89308940006799,9.763861817193371,9.83565491879038,270470.18,185020547.0
2022-12-09,601006.SH,601006.SH,9.82129317483384,9.835651790586521,9.577196707038263,9.706424248812393,515285.63,347700678.0
2022-12-12,601006.SH,601006.SH,9.648994157326102,9.72078726861573,9.605918290552326,9.634635535068178,268536.2,180612656.0
2022-12-13,601006.SH,601006.SH,9.663352779584029,9.706428646357805,9.605918290552326,9.634635535068178,284599.92,191156704.0
2022-12-14,601006.SH,601006.SH,9.648998325234821,9.763867352916188,9.562846554473797,9.706432839075505,253872.81,171267803.0
2022-12-15,601006.SH,601006.SH,9.706433425566917,9.749509313550202,9.491053985650492,9.505412614978253,307418.01,204893937.0
2022-12-16,601006.SH,601006.SH,9.476692427418369,9.663354550988732,9.476692427418369,9.663354550988732,281567.03,188309064.0
2022-12-19,601006.SH,601006.SH,9.663358275559379,9.663358275559379,9.433620188770448,9.462337449619064,245828.86,163099797.0
2022-12-20,601006.SH,601006.SH,9.476698499933653,9.534133036296888,9.347470793116376,9.390546695388803,311776.98,204615995.0
2022-12-21,601006.SH,601006.SH,9.390550163969115,9.620288394280285,9.390550163969115,9.562853836702493,241310.52,160256794.0
2022-12-22,601006.SH,601006.SH,9.562853952968192,9.634647150813299,9.404908917708958,9.447984836416023,195323.49,129567307.0
2022-12-23,601006.SH,601006.SH,9.43362389946467,9.519775715898136,9.40490662732018,9.43362389946467,134113.14,88340181.0
2022-12-26,601006.SH,601006.SH,9.433627227276782,9.476703150689003,9.361834021589743,9.361834021589743,178497.0,116763562.0
2022-12-27,601006.SH,601006.SH,9.43362298357821,9.548492061003822,9.404905714221808,9.447981618256412,202449.97,133547247.99999999
2022-12-28,601006.SH,601006.SH,9.462342279559522,9.54849410608055,9.404907728545504,9.51977683057354,158677.96,104961741.0
2022-12-29,601006.SH,601006.SH,9.476705482836113,9.519781416849005,9.404912259481295,9.447988193494187,173972.82,114615565.0
2022-12-30,601006.SH,601006.SH,9.476709511854613,9.60593736883445,9.476709511854613,9.591578718058912,222649.88,148267317.0
2023-01-03,601006.SH,601006.SH,9.591579065789864,9.677730973566419,9.476709855421122,9.505427158013308,416008.62,276422962.0
2023-01-04,601006.SH,601006.SH,9.519789858449066,9.577224488062635,9.491072543642282,9.519789858449066,300251.2,199171957.0
2023-01-05,601006.SH,601006.SH,9.56286866196091,9.577227323615505,9.491075353687929,9.505434015342525,293096.56,194435949.0
2023-01-06,601006.SH,601006.SH,9.505436846748403,9.519795512680046,9.404926185226893,9.448002183021826,343532.26,226636615.0
2023-01-09,601006.SH,601006.SH,9.448004750570512,9.4767220902379,9.40492874106943,9.40492874106943,284961.62,187071733.0
2023-01-10,601006.SH,601006.SH,9.404932845823932,9.433650198024923,9.376215493622944,9.376215493622944,225725.11,147664874.0
2023-01-11,601006.SH,601006.SH,9.376215792863865,9.462367852216365,9.361857116305114,9.448009175657615,316266.55,207417704.0
2023-01-12,601006.SH,601006.SH,9.419289528648653,9.448006874772583,9.390572182524725,9.433648201710618,267776.09,175627710.0
2023-01-13,601006.SH,601006.SH,9.433650334167023,9.605954449859572,9.433650334167023,9.591595773551859,438681.04,292001690.0
2023-01-16,601006.SH,601006.SH,9.605954507466494,9.634671860254137,9.519802449103565,9.577237154678851,314000.35,209705971.0
2023-01-17,601006.SH,601006.SH,9.577239556178256,9.591598236172526,9.519804836201175,9.562880876183986,189223.05,125889711.0
2023-01-18,601006.SH,601006.SH,9.562876101933684,9.591593447585137,9.50544141063078,9.548517429107958,193848.16,128727945.0
2023-01-19,601006.SH,601006.SH,9.534161046770821,9.562878399321336,9.519802370495563,9.562878399321336,142130.8,94413534.0
2023-01-20,601006.SH,601006.SH,9.562878342229524,9.62031304698766,9.534160989850456,9.62031304698766,207338.89,138532428.0
2023-01-30,601006.SH,601006.SH,9.649026638125493,9.67774397931039,9.5628746145708,9.57723328516325,338608.5,226691294.0
2023-01-31,601006.SH,601006.SH,9.57723565803,9.64902902877985,9.562876983880031,9.620311680479912,295027.46,197794290.0
2023-02-01,601006.SH,601006.SH,9.620311680479912,9.64902902877985,9.591594332179971,9.620311680479912,210704.11,141149191.0
2023-02-02,601006.SH,601006.SH,9.620307222637429,9.649024557630376,9.59158988764448,9.605948555140955,229386.92,153753624.0
2023-02-03,601006.SH,601006.SH,9.60594926294769,9.62030793150217,9.534155920175285,9.548514588729766,228048.0,151898204.0
2023-02-06,601006.SH,601006.SH,9.534155920175285,9.591590594393208,9.491079914511843,9.548514588729766,238109.03,158422332.0
2023-02-07,601006.SH,601006.SH,9.54851916972627,9.591595196055861,9.534160494283071,9.577236520612663,155775.44,103805716.0
2023-02-08,601006.SH,601006.SH,9.605951470010591,9.649027485571176,9.562875454450007,9.591592798157063,188893.63,126328504.0
2023-02-09,601006.SH,601006.SH,9.577234126303534,9.62031014186412,9.562875454450007,9.591592798157063,179196.84,119698733.0
2023-02-10,601006.SH,601006.SH,9.591592740808228,9.634668756111259,9.57723406904055,9.605951412575905,173362.06,115995561.0
2023-02-13,601006.SH,601006.SH,9.634670985027165,9.634670985027165,9.577236284669329,9.620312309937706,233747.09,156340370.0
2023-02-14,601006.SH,601006.SH,9.634675436216442,9.663392799662692,9.605958072770195,9.634675436216442,215518.61,144467889.0
2023-02-15,601006.SH,601006.SH,9.634671821412953,9.649030497748887,9.577237116069208,9.60595446874108,182899.73,122345155.0
2023-02-16,601006.SH,601006.SH,9.605955176548253,9.649031208730083,9.51980311218459,9.548520466972478,299225.18,200149979.0
2023-02-17,601006.SH,601006.SH,9.548520466972478,9.605955176548253,9.534161789578533,9.548520466972478,209773.75,139937231.0
2023-02-20,601006.SH,601006.SH,9.577237110227095,9.663389168190157,9.548519757572741,9.663389168190157,286641.19,192067135.0
2023-02-21,601006.SH,601006.SH,9.677746037055607,9.806974099864954,9.64902868976464,9.763898078928504,260538.88,176765750.0
2023-02-22,601006.SH,601006.SH,9.763894052578781,9.778252720303161,9.720818049405638,9.7495353848544,160239.48,108877894.0
2023-02-23,601006.SH,601006.SH,9.763891647607828,9.806967640170804,9.706456990857193,9.735174319232511,155212.81,105558156.0
2023-02-24,601006.SH,601006.SH,9.76389092649323,9.76389092649323,9.692097610857251,9.720814937111642,150773.11,102112137.0
2023-02-27,601006.SH,601006.SH,9.720819526704618,9.806971546143656,9.706460856798111,9.792612876237149,204939.02,139366838.0
2023-02-28,601006.SH,601006.SH,9.792611174428135,9.80696984183932,9.74953517219458,9.74953517219458,191145.98,130056532.0
2023-03-01,601006.SH,601006.SH,9.792615608818103,9.92184367403711,9.763898260991656,9.893126326210663,414522.16,285317373.0
2023-03-02,601006.SH,601006.SH,9.893129737633535,10.036716526278434,9.864412379904556,9.993640489684964,403609.3,280440829.0
2023-03-03,601006.SH,601006.SH,10.022359664498653,10.165946479176284,9.9649249386276,10.137229116240757,523838.04,368414283.0
2023-03-06,601006.SH,601006.SH,10.13722475737562,10.26645283501922,10.122866082081888,10.151583432669355,492306.49,349502430.0
2023-03-07,601006.SH,601006.SH,10.151580714253708,10.611058200613138,10.137222042804973,10.29516742874103,1004383.53,729509724.0
2023-03-08,601006.SH,601006.SH,10.266451092636322,10.438755166918328,10.209016401208986,10.395679148347828,439066.51,316560069.0
2023-03-09,601006.SH,601006.SH,10.453113036792484,10.553623739069334,10.410037021530975,10.467471708546318,418277.6,305454623.0
2023-03-10,601006.SH,601006.SH,10.424399519961709,10.43875819698645,10.19466068756586,10.2090193645906,499315.42,358527173.0
2023-03-13,601006.SH,601006.SH,10.266458930544037,10.453121820190292,10.23774156290615,10.438763136371348,425495.76,306359576.0
2023-03-14,601006.SH,601006.SH,10.410046431060024,10.567991963117487,10.381329061595032,10.381329061595032,440410.84,320827238.0
2023-03-15,601006.SH,601006.SH,10.395690270383403,10.524918464352258,10.323896829289595,10.467483711477211,345662.45,251376969.0
2023-03-16,601006.SH,601006.SH,10.467478656727895,10.567989425722539,10.424402612873047,10.496196019297793,417984.28,306291410.0
2023-03-17,601006.SH,601006.SH,10.524913953873853,10.668500774526974,10.496196589743228,10.56799000006979,547761.41,403990428.0
2023-03-20,601006.SH,601006.SH,10.59670322889998,10.826442052290766,10.52490984659036,10.59670322889998,616155.06,458546506.0
2023-03-21,601006.SH,601006.SH,10.567987474983624,10.654139546790555,10.410042010004249,10.438759367273226,506256.28,370772444.0
2023-03-22,601006.SH,601006.SH,10.481840127181963,10.582350922922064,10.41004670165332,10.481840127181963,326814.52,238796172.0
2023-03-23,601006.SH,601006.SH,10.481842991072705,10.539277747188173,10.366973478841771,10.51056036913044,253454.39,184838860.0
2023-03-24,601006.SH,601006.SH,10.46748936324504,10.596717626988806,10.424413275330451,10.453130667273511,353999.22,258927756.0
2023-03-27,601006.SH,601006.SH,10.481849450997224,10.481849450997224,10.309545076460283,10.381338565850676,314728.57,227116894.0
2023-03-28,601006.SH,601006.SH,10.410059908753052,10.438777315397887,10.309548985496125,10.338266392140962,226067.35,163565176.0
2023-03-29,601006.SH,601006.SH,10.323903074781589,10.395696559307192,10.252109590255985,10.280826984066227,246328.34,176809565.0
2023-03-30,601006.SH,601006.SH,10.309541333832724,10.381334797160251,10.223389177839694,10.309541333832724,255291.08,182902335.0
2023-03-31,601006.SH,601006.SH,10.3669786133318,10.424413397893193,10.295185132630055,10.323902524910753,216609.31,156493436.0
2023-04-03,601006.SH,601006.SH,10.338256467169213,10.453125983471093,10.309539088093741,10.366973846244681,313735.81,227444705.0
2023-04-04,601006.SH,601006.SH,10.395687807558655,10.510557286095214,10.352611753107444,10.481839916461073,293491.67,213794429.0
2023-04-06,601006.SH,601006.SH,10.481844680933763,10.496203372277508,10.38133384152755,10.424409915558783,222704.63,161739488.0
2023-04-07,601006.SH,601006.SH,10.42440668791722,10.42440668791722,10.252102445141727,10.295178505835601,250506.29,179927658.0
2023-04-10,601006.SH,601006.SH,10.338256660353181,10.338256660353181,10.180311072486674,10.209028452098767,287155.72,204552425.0
2023-04-11,601006.SH,601006.SH,10.252099712243155,10.280817078383892,10.151588930750576,10.223382346102419,315931.65,224584629.0
2023-04-12,601006.SH,601006.SH,10.237742364530314,10.582350803168081,10.209024994643833,10.56799211822484,531420.33,387870180.0
2023-04-13,601006.SH,601006.SH,10.582347578070692,10.611064939205212,10.49619549466713,10.553630216936172,245954.31,180649316.0
2023-04-14,601006.SH,601006.SH,10.596701635913746,10.740288378947808,10.453114892879686,10.69721235603759,395265.9,292385507.0
2023-04-17,601006.SH,601006.SH,10.6972161315243,11.027465757061291,10.65414009341078,10.984389718947773,637660.84,485555440.0
2023-04-18,601006.SH,601006.SH,10.998750485777741,11.056185214163005,10.869522346910902,10.970033121585109,365920.05,279063484.0
2023-04-19,601006.SH,601006.SH,10.955670057219018,11.027463438983231,10.883876675454804,10.91259402816049,207517.93,158124291.0
2023-04-20,601006.SH,601006.SH,10.926955001901549,10.970031040016796,10.769009528812301,10.926955001901549,245633.29,186453608.0
2023-04-21,601006.SH,601006.SH,10.955675693719973,11.127979898601545,10.840806223798925,10.855164907539056,318098.39,243695070.0
2023-04-24,601006.SH,601006.SH,10.898243665323914,11.013113163772651,10.840808916099546,10.869526290711729,271179.6,206162329.0
2023-04-25,601006.SH,601006.SH,10.883884721255136,11.027471590928686,10.869526034287782,10.955678156091912,311472.49,237704851.0
2023-04-26,601006.SH,601006.SH,10.92696166150365,10.984396413995128,10.769016092152086,10.883885597135041,328618.87,249008527.0
2023-04-27,601006.SH,601006.SH,10.89824237032093,11.142340025519157,10.883883684721033,11.113622654319366,479120.22,368216514.0
2023-04-28,601006.SH,601006.SH,11.14233956246087,11.15669824746404,10.970035342422817,11.056187452441844,370069.25,285201952.0
2023-05-04,601006.SH,601006.SH,11.070543634055184,11.558738813767087,10.984391543517791,11.429510677960995,1078982.56,854479493.0
2023-05-05,601006.SH,601006.SH,11.372077386804241,11.53002290606541,11.199773183973875,11.372077386804241,797797.46,631844696.0
2023-05-08,601006.SH,601006.SH,11.372072990164657,11.788474652683313,11.372072990164657,11.587453160432927,1248230.18,1004855701.0
2023-05-09,601006.SH,601006.SH,11.486939773631317,11.544374472499472,11.214124954007572,11.242842303441652,1429209.29,1131856164.0
2023-05-10,601006.SH,601006.SH,11.199770974577167,11.300281739733627,11.084901528684068,11.199770974577167,684195.34,532274556.0
2023-05-11,601006.SH,601006.SH,11.185416930280857,11.314645110476656,11.056188750085058,11.084906123461902,513544.65,399201612.0
2023-05-12,601006.SH,601006.SH,11.084909732501103,11.314648794314598,10.955681510231013,11.113627115227791,733245.81,571508331.0
2023-05-15,601006.SH,601006.SH,11.113627000209657,11.185420456283364,10.89824663198854,11.099268308994917,505530.56,387764834.0
2023-05-16,601006.SH,601006.SH,11.056192048687707,11.199778958410924,10.984398593826098,11.056192048687707,464283.97,358545945.0
2023-05-17,601006.SH,601006.SH,11.070550739660028,11.084909430632349,10.855170375075202,11.056192048687707,487884.69,373740723.0
2023-05-18,601006.SH,601006.SH,11.08491370501902,11.285935456146309,11.027478918982652,11.171065884073572,515278.52,401762650.0
2023-05-19,601006.SH,601006.SH,11.185422970115773,11.185422970115773,10.926966470164446,10.970042553489668,477112.86,365257331.0
2023-05-22,601006.SH,601006.SH,10.91260231223001,11.027471810253484,10.855167563218274,10.898243624977077,469422.44,356593596.0
2023-05-23,601006.SH,601006.SH,10.883886966677395,10.926963036466356,10.78337613716982,10.78337613716982,331321.55,249753281.0
2023-05-24,601006.SH,601006.SH,10.783374059504403,10.797732746667524,10.5823524392207,10.5823524392207,402382.5,298409645.0
2023-05-25,601006.SH,601006.SH,10.654146247358609,10.711580998018224,10.524918058374476,10.682863622688417,315409.33,233226448.0
2023-05-26,601006.SH,601006.SH,10.639784531769976,10.912599519764077,10.6110671646127,10.89824083618544,289712.57,218150331.0
2023-05-29,601006.SH,601006.SH,10.85516086358354,11.185410466576162,10.85516086358354,11.127975753012228,551299.17,425013981.0
2023-05-30,601006.SH,601006.SH,11.127975029476744,11.171051061848912,10.926953545073292,11.041822964732408,323302.73,248420634.0
2023-05-31,601006.SH,601006.SH,10.984387708558932,11.056181092275002,10.869518294613217,10.970029031815717,352795.33,268900733.0
2023-06-01,601006.SH,601006.SH,10.926955256354155,10.970031295472502,10.797727138999111,10.855161857823575,371484.02,281020649.0
2023-06-02,601006.SH,601006.SH,10.84080608840019,10.941316873325757,10.654143202109857,10.697219252792243,572901.09,428016045.0
2023-06-05,601006.SH,601006.SH,10.725941286485991,10.826452115141148,10.654147837446594,10.725941286485991,301881.92,225499329.0
2023-06-06,601006.SH,601006.SH,10.725946042327882,10.883891700247036,10.625435169106604,10.654152561455541,331472.14,248099748.0
2023-06-07,601006.SH,601006.SH,10.654152028046058,10.926967241702226,10.639793332590472,10.898249850791048,328421.77,247633759.0
2023-06-08,601006.SH,601006.SH,10.89824639662389,11.142344142002816,10.840811633005318,11.09926806928889,492967.91,377768639.0
2023-06-09,601006.SH,601006.SH,11.11363052217055,11.127989217935628,11.013119651815002,11.11363052217055,268230.77,206944038.0
2023-06-12,601006.SH,601006.SH,11.127987578021427,11.142346271670487,10.912607173285528,10.912607173285528,299187.48,228710463.0
2023-06-13,601006.SH,601006.SH,10.883893811732637,10.970046005493053,10.82645901589236,10.869535112772569,251330.39,190545186.0
2023-06-14,601006.SH,601006.SH,10.883894072598272,10.970046268423587,10.769024478164516,10.783383177468735,256479.15,193816355.0
2023-06-15,601006.SH,601006.SH,10.769026986611985,10.797744391909616,10.68287477071909,10.725950878665536,305927.67,228726138.0
2023-06-16,601006.SH,601006.SH,10.75466560615209,10.840817800593895,10.654154712636648,10.668513411710283,394651.47,295004838.0
2023-06-19,601006.SH,601006.SH,10.668517392498867,10.682876096930226,10.496212939322573,10.582365165910721,464039.56,341113103.0
2023-06-20,601006.SH,601006.SH,10.582369511465856,10.668521773431657,10.510575959827689,10.524934670155323,291320.77,214831606.0
2023-06-21,601006.SH,601006.SH,10.524937086886245,10.682882936757663,10.524937086886245,10.568013227760268,251409.78,185901513.0
2023-06-26,601006.SH,601006.SH,10.568013695500825,10.582372409761017,10.338274267337765,10.381350410118339,446186.78,323930132.0
2023-06-27,601006.SH,601006.SH,10.41006386822201,10.682879335113347,10.395705159438256,10.654161917545837,334333.94,246208875.0
2023-06-28,601006.SH,601006.SH,10.611083124237181,10.769028881160875,10.5967244190623,10.740311470811113,237761.38,176956375.0
2023-06-29,601006.SH,601006.SH,10.797746291510636,10.797746291510636,10.625441829412063,10.740311470811113,230491.98,172165022.0
2023-06-30,601006.SH,601006.SH,10.769034214946377,10.797751639519568,10.654164516653616,10.668523228940211,282198.87,210217503.0
2023-07-03,601006.SH,601006.SH,10.66851819419596,10.769029132768466,10.611083372154528,10.74031172174775,260548.45,194083793.0
2023-07-04,601006.SH,601006.SH,10.725956142830984,10.76903227191866,10.61108646526385,10.639803884655635,203267.02,151056069.0
2023-07-05,601006.SH,601006.SH,10.63980770699805,10.740318710977789,10.596731562435304,10.711601281269292,225480.51,167751293.0
2023-07-06,601006.SH,601006.SH,10.71160090693914,10.740318335644071,10.625448620824347,10.682883478234208,172733.04,128683961.0
2023-07-07,601006.SH,601006.SH,10.668524425198417,10.941339989234448,10.639806997405152,10.855187705854648,394221.4,297908242.0
2023-07-10,601006.SH,601006.SH,10.869551811505179,10.955704137620147,10.754682043351888,10.88391053252434,332596.69,251155744.0
2023-07-11,601006.SH,601006.SH,10.86954992995826,10.883908648491891,10.711604026088326,10.783397618756478,292259.07,219219904.0
2023-07-12,601006.SH,601006.SH,10.783396589695682,10.826472741185812,10.668526852388672,10.682885569552049,331242.38,248031615.0
2023-07-13,601006.SH,601006.SH,10.774983677987453,10.882426535175364,10.728936739192637,10.851728575978818,379744.55,267874831.0
2023-07-14,601006.SH,601006.SH,10.867074509734229,10.974517336807873,10.790329633253055,10.897772460326697,332096.72,235100528.0
2023-07-17,601006.SH,601006.SH,10.897770788422973,11.035911544895942,10.83637489665721,11.005213599013059,275089.17,195967336.0
2023-07-18,601006.SH,601006.SH,10.974516729360303,11.158704422720195,10.92846980602033,11.112657499380223,383926.26,276774251.0
2023-07-19,601006.SH,601006.SH,11.14335149168686,11.14335149168686,10.974512832721908,11.066606646702791,230917.38,166272740.0
2023-07-20,601006.SH,601006.SH,11.051255173784657,11.112651035861239,10.943812415150639,10.97451034618893,325373.71,233363534.0
2023-07-21,601006.SH,601006.SH,10.989861454577579,11.06660629713748,10.943814549041639,11.02055939160154,256199.33,183503332.0
2023-07-24,601006.SH,601006.SH,11.020562058607569,11.112655891966407,10.97451514192815,11.035911030834042,251432.68,180825490.0
2023-07-25,601006.SH,601006.SH,11.081961093859562,11.128008023612441,10.959169281185217,10.97451825776951,392828.81,281530704.0
2023-07-26,601006.SH,601006.SH,10.974516099858619,10.989865073424854,10.897771232027438,10.92846917915991,235627.07,167941082.0
2023-07-27,601006.SH,601006.SH,10.94381802941552,11.005213922988679,10.882422135842361,10.89777110923565,374951.63,267133043.0
2023-07-28,601006.SH,601006.SH,10.928464666470946,11.097303305981033,10.882417764786378,11.081954338752842,390312.66,280122168.0
2023-07-31,601006.SH,601006.SH,11.097306095805886,11.174050951240227,10.9438163849372,10.989863298197806,464363.21,333859308.0
2023-08-01,601006.SH,601006.SH,11.005212881535703,11.051259797358028,10.959165965713378,11.035910825417254,322091.17,230838325.0
2023-08-02,601006.SH,601006.SH,11.020561003363012,11.035909974119786,10.928467178822373,10.943816149579147,300123.42,214462862.0
2023-08-03,601006.SH,601006.SH,10.928467178822373,10.974514091092693,10.897769237308827,10.943816149579147,232180.5,165296559.0
2023-08-04,601006.SH,601006.SH,10.959160427960994,11.020556284700271,10.882415607036897,10.897764571221717,301592.29,214912822.0
2023-08-07,601006.SH,601006.SH,10.897762410191916,10.913111371333033,10.79031968220411,10.836366565627454,310304.04,219058480.0
2023-08-08,601006.SH,601006.SH,10.867062837216345,10.943807631264484,10.821015960787463,10.913109713645229,198110.33,140650431.0
2023-08-09,601006.SH,601006.SH,10.92846381344809,10.92846381344809,10.836370017267347,10.897765881387842,178298.0,126356676.0
2023-08-10,601006.SH,601006.SH,10.897762060291809,10.959157902885003,10.851715178346916,10.943808942236705,191880.15,136391037.0
2023-08-11,601006.SH,601006.SH,10.95916007917168,10.989858006564319,10.82101940590481,10.82101940590481,275138.77,194995808.0
2023-08-14,601006.SH,601006.SH,10.790318049384583,10.897760761113872,10.71357325529223,10.867062843476933,320546.84,225649316.0
2023-08-15,601006.SH,601006.SH,10.867067304850861,11.081952816528704,10.83636937461117,11.066603851408857,565629.57,406024235.0
2023-08-16,601006.SH,601006.SH,11.051256122686311,11.143349923708698,10.97451128850099,11.11265199003457,438066.75,316850290.0
2023-08-17,601006.SH,601006.SH,11.128000956871633,11.204745791056954,11.005209222175118,11.11265199003457,542778.13,393062163.0
2023-08-18,601006.SH,601006.SH,11.097304547552316,11.220096299115827,11.097304547552316,11.17404939227951,361367.22,263064156.00000003
2023-08-21,601006.SH,601006.SH,11.189395540883444,11.312187261496707,11.0973017504235,11.204744505960102,708458.52,518633155.0
2023-08-22,601006.SH,601006.SH,11.204744049864669,11.373582658835232,11.127999227605322,11.312186801027755,821592.23,603209220.0
2023-08-23,601006.SH,601006.SH,11.29684079968089,11.327538736636544,11.235444925769581,11.235444925769581,571062.92,419870484.0
2023-08-24,601006.SH,601006.SH,11.250789375359076,11.312185224610694,11.112648714542935,11.158695601481648,537448.02,391883794.0
2023-08-25,601006.SH,601006.SH,11.143345937945835,11.296835551416164,11.11264801525177,11.220090744680999,404100.0,295311292.0
2023-08-28,601006.SH,601006.SH,11.419627242192426,11.481023087580558,11.158694899292867,11.220090744680999,783176.67,574033614.0
2023-08-29,601006.SH,601006.SH,11.112647155709933,11.235438836988495,11.02055339475101,11.112647155709933,800086.02,578243986.0
2023-08-30,601006.SH,601006.SH,11.051250634993648,11.127995431069992,10.974505838917304,10.974505838917304,431983.96,310063988.0
2023-08-31,601006.SH,601006.SH,10.959159108422577,11.066601844779662,10.928461183749125,10.943810146085852,479530.2,342849585.0
2023-09-01,601006.SH,601006.SH,10.989861699180581,11.02055963688779,10.928465823766164,10.989861699180581,416267.97,297550941.0
2023-09-04,601006.SH,601006.SH,10.989863518192173,11.189400146315775,10.974514546798051,11.128004260739282,453226.32,327828476.0
2023-09-05,601006.SH,601006.SH,11.097306317951036,11.174051174921653,11.035910432374544,11.128004260739282,310233.31,224743017.0
2023-09-06,601006.SH,601006.SH,11.097309011471987,11.12800696171119,11.020564135873977,11.066611061232782,215880.28,155717602.0
2023-09-07,601006.SH,601006.SH,11.035913935252651,11.189403697912633,11.020564958986652,11.097309840316644,379539.93,274931077.0
2023-09-08,601006.SH,601006.SH,11.081962260807485,11.143358173609743,11.005217369804663,11.081962260807485,273788.83,197474001.0
2023-09-11,601006.SH,601006.SH,11.081959068472678,11.204750858705061,11.06661009469363,11.189401884926014,505806.51,368055911.0
2023-09-12,601006.SH,601006.SH,11.174052911146966,11.22009983248411,11.128005989809822,11.189401884926014,287177.7,209080332.0
2023-09-13,601006.SH,601006.SH,11.204754079689302,11.296847948837433,11.174056123306592,11.266149992454721,443859.4,325032358.0
2023-09-14,601006.SH,601006.SH,11.266152394683731,11.388944246396907,11.23545443175544,11.37359526493276,712526.86,525419368.0
2023-09-15,601006.SH,601006.SH,11.327546070547845,11.373593005793975,11.158707307978704,11.204754243224833,680133.41,497962054.0
2023-09-18,601006.SH,601006.SH,11.204751164995644,11.250798087591518,11.08195937140665,11.174053216598397,447721.65,325317149.0
2023-09-19,601006.SH,601006.SH,11.17405589593541,11.281498741088635,11.128008962298313,11.266149763209603,537807.19,394124199.0
2023-09-20,601006.SH,601006.SH,11.281498741088635,11.296847718967669,11.17405589593541,11.266149763209603,512170.85,375944519.0
2023-09-21,601006.SH,601006.SH,11.266151951709285,11.281500932569923,11.189407047406087,11.220105009127366,377721.33,276273980.0
2023-09-22,601006.SH,601006.SH,11.220104639233794,11.235453619588425,11.158708717815278,11.174057698169907,460097.71,335294924.0
2023-09-25,601006.SH,601006.SH,11.18940241589342,11.327543186460007,11.174053441386024,11.28149626293781,716971.08,526768446.0
2023-09-26,601006.SH,601006.SH,11.312195215080335,11.312195215080335,11.220101359869368,11.250799311606357,446845.21,328019433.0
2023-09-27,601006.SH,601006.SH,11.281494932455482,11.31219287784992,11.1280052054833,11.143354178180518,460720.58,335963377.0
2023-09-28,601006.SH,601006.SH,11.174049548484753,11.220096455964772,11.128002641004734,11.18939851764476,234539.17,170790403.0
2023-10-09,601006.SH,601006.SH,11.174054974123667,11.220101903962089,11.128008044285245,11.15870599751086,333556.25,242727703.0
2023-10-10,601006.SH,601006.SH,11.143351618058283,11.18939852557092,11.03590883386213,11.143351618058283,540640.29,391309714.0
2023-10-11,601006.SH,601006.SH,11.128007841955306,11.235450676291427,11.05126296028665,11.05126296028665,466325.74,337571544.0
2023-10-12,601006.SH,601006.SH,11.066613149399771,11.235451907573692,11.066613149399771,11.20475395154207,477380.92,347773757.0
2023-10-13,601006.SH,601006.SH,11.189403438628458,11.220101390449111,11.143356510897476,11.189403438628458,281046.88,204765996.0
2023-10-16,601006.SH,601006.SH,11.204749888877378,11.266145778679446,11.174051943976346,11.235447833778414,316615.91,231511306.0
2023-10-17,601006.SH,601006.SH,11.235451902582568,11.250800880591559,11.158707012537603,11.18940496855559,384636.77,280801266.0
2023-10-18,601006.SH,601006.SH,11.204753946564582,11.204753946564582,11.128009056519618,11.18940496855559,258420.85,187948796.0
2023-10-19,601006.SH,601006.SH,11.158705572704442,11.189403524761401,10.928470932277254,10.943819908305732,763450.71,547532046.0
2023-10-20,601006.SH,601006.SH,10.928466780075723,10.94381575027246,10.851721929092047,10.867070899288782,404901.96,287391053.0
2023-10-23,601006.SH,601006.SH,10.86707242986215,10.974515236372087,10.836374485145024,10.897770374579274,378927.15,269127296.0
2023-10-24,601006.SH,601006.SH,10.897774624406162,11.066613386192737,10.882425646061929,11.020566451160034,506222.05,361919706.0
2023-10-25,601006.SH,601006.SH,11.06661873505587,11.081967720818778,10.97452482047843,11.051269749292965,377554.49,271531297.0
2023-10-26,601006.SH,601006.SH,11.035917115291788,11.174057941491546,10.989870173225201,11.143359980113821,662559.82,479988629.0
2023-10-27,601006.SH,601006.SH,11.158714168200197,11.235459107458796,11.051271253238161,11.051271253238161,550168.14,398250913.0
2023-10-30,601006.SH,601006.SH,11.05127619926166,11.081974188704052,10.959182230934479,10.974531225655676,491183.86,351723741.0
2023-10-31,601006.SH,601006.SH,11.005233488973493,11.08197849238335,10.928488485563635,11.066629491701379,368230.89,264465058.00000003
2023-11-01,601006.SH,601006.SH,11.035931490337436,11.112676493747292,11.005233488973493,11.066629491701379,359305.62,258997778.0
2023-11-02,601006.SH,601006.SH,11.066630318254619,11.174073331053208,11.03593231459788,11.097328321911359,408215.66,295974028.0
2023-11-03,601006.SH,601006.SH,11.112674580442818,11.112674580442818,11.005231594167817,11.005231594167817,490136.89,352377746.0
2023-11-06,601006.SH,601006.SH,11.00523382307548,11.03593182537137,10.897790815039876,10.91313981618782,608017.16,433438389.0
2023-11-07,601006.SH,601006.SH,10.897785702873962,10.974530672612511,10.897785702873962,10.928483690769381,303810.83,216439550.0
2023-11-08,601006.SH,601006.SH,10.92848356763154,10.943832561406301,10.882436586307248,10.897785580082012,289475.8,205649296.0
2023-11-09,601006.SH,601006.SH,10.897781758979072,10.959177712550785,10.882432770586144,10.943828724157857,303883.35,216178074.0
2023-11-10,601006.SH,601006.SH,10.928474532457864,10.959172494627689,10.867078608118213,10.928474532457864,286908.79,203968061.0
2023-11-13,601006.SH,601006.SH,10.913125428408158,10.94382339023209,10.867078485672257,10.89777644749619,400217.93,283848715.0
2023-11-14,601006.SH,601006.SH,10.897775370032416,10.913124349426829,10.851728431849182,10.867077411243594,313053.78,221906978.0
2023-11-15,601006.SH,601006.SH,10.897775370032416,10.897775370032416,10.851728431849182,10.867077411243594,246255.43,174437594.0
2023-11-16,601006.SH,601006.SH,10.867077411243594,10.897775370032416,10.851728431849182,10.867077411243594,343693.82,243469163.0
2023-11-17,601006.SH,601006.SH,10.867074324005694,10.8824232990396,10.805678423870068,10.805678423870068,524073.9,369974047.0
2023-11-20,601006.SH,601006.SH,10.805683342528809,10.821032324549448,10.774985378487534,10.790334360508172,419958.6,295407835.0
2023-11-21,601006.SH,601006.SH,10.805679313290954,10.897773171074682,10.774981360696376,10.867075218480107,395492.58,279777531.0
2023-11-22,601006.SH,601006.SH,10.851726242182819,10.913122147371972,10.83637726588553,10.867075218480107,230285.93,163379994.0
2023-11-23,601006.SH,601006.SH,10.86707055897254,10.928466437836791,10.851721589256476,10.882419528688601,238050.97,168882098.0
2023-11-24,601006.SH,601006.SH,10.882423592473234,10.989866420607667,10.882423592473234,10.974517445159892,365442.33,260700359.0
2023-11-27,601006.SH,601006.SH,10.943821719865781,10.974519677004254,10.882425805588834,10.943821719865781,242040.02,172313155.0
2023-11-28,601006.SH,601006.SH,10.943826366404613,11.005222306749099,10.897779411146248,10.989873321662976,318606.58,227738718.0
2023-11-29,601006.SH,601006.SH,10.989873933060656,11.05126987682077,10.959175961180597,11.035920890880742,390796.09,280703814.0
2023-11-30,601006.SH,601006.SH,11.020574698033316,11.174064596334617,11.005225708203188,11.143366616674356,599898.66,434020276.0
2023-12-01,601006.SH,601006.SH,11.143370585544655,11.266162547919803,11.11267259495087,11.20476656673223,713244.85,521043915.0
2023-12-04,601006.SH,601006.SH,11.204763488499658,11.250810461740068,11.128018533098976,11.174065506339385,589824.41,429684946.0
2023-12-05,601006.SH,601006.SH,11.143361983278131,11.204757917070298,11.081966049485965,11.11266401638205,576199.63,419230082.0
2023-12-06,601006.SH,601006.SH,11.11266162524331,11.18940652597013,10.989869784080401,11.128010605388674,577795.96,417915181.0
2023-12-07,601006.SH,601006.SH,11.128014814746194,11.204759744503065,11.097316842843448,11.158712786648941,459947.18,334129419.0
2023-12-08,601006.SH,601006.SH,11.174060720744569,11.266154627783672,11.1126647827185,11.250805643277156,767209.91,560662508.0
2023-12-11,601006.SH,601006.SH,11.22010767426412,11.266154627783672,11.066617829198949,11.250805643277156,763919.37,558417264.0
2023-12-12,601006.SH,601006.SH,11.235451171687155,11.266149125708157,11.174055263645148,11.220102194676652,669129.04,489138075.0
2023-12-13,601006.SH,601006.SH,11.204753462244668,11.312196303663452,11.189404484899127,11.250800394281288,688371.19,504806660.0
2023-12-14,601006.SH,601006.SH,11.266144133719694,11.28149310392912,11.128003401834848,11.158701342253702,513481.89,373588728.0
2023-12-15,601006.SH,601006.SH,11.128004825724016,11.15870277007084,11.005213048336717,11.035910992683542,811976.88,585728578.0
2023-12-18,601006.SH,601006.SH,11.035914941733523,11.097310852396852,11.005216986401857,11.066612897065188,497784.76,358844214.0
2023-12-19,601006.SH,601006.SH,11.08196145915745,11.158706344608678,11.005216573706221,11.051263504976959,440481.63,317435807.0
2023-12-20,601006.SH,601006.SH,11.03591575239873,11.204754519125274,11.03591575239873,11.066613709985372,575441.47,417043199.0
2023-12-21,601006.SH,601006.SH,11.051264316769624,11.09731125142283,10.974519425680946,11.051264316769624,601504.98,432124946.0
2023-12-22,601006.SH,601006.SH,11.066616968551937,11.204757818367424,11.035919001926272,11.097314935177602,800068.89,579635815.0
2023-12-25,601006.SH,601006.SH,11.08197015377686,11.097319142909516,10.974527229848276,11.051272175511551,513042.93,368579078.0
2023-12-26,601006.SH,601006.SH,11.051274624546936,11.158717572285585,11.02057663947875,11.081972609615121,558733.95,404424809.0
2023-12-27,601006.SH,601006.SH,11.097319312468004,11.174064259303881,11.051272344366476,11.158715269936705,455621.75,330051250.0
2023-12-28,601006.SH,601006.SH,11.1587163378304,11.1587163378304,10.989877438633517,11.066622392813919,1147343.02,827177111.0
2023-12-29,601006.SH,601006.SH,11.035924411141758,11.08197138365,11.005226429469598,11.066622392813919,675170.3,485661161.0
2024-01-02,601006.SH,601006.SH,11.03592727623752,11.235464208909407,11.03592727623752,11.17406822962575,1007802.32,733839297.0
2024-01-03,601006.SH,601006.SH,11.174073725069142,11.235469734547545,11.143375720329942,11.235469734547545,752296.8,548889711.0
2024-01-04,601006.SH,601006.SH,11.22012383367473,11.32756687996163,11.204774827062318,11.32756687996163,1120125.39,823676164.0
2024-01-05,601006.SH,601006.SH,11.296869020018606,11.373614054121994,11.26617100637725,11.312218026839282,1396097.81,1030845511.0
2024-01-08,601006.SH,601006.SH,11.312221363867065,11.373617409261188,11.266174329821473,11.342919386564125,1112089.09,820977569.0
2024-01-09,601006.SH,601006.SH,11.312217303069652,11.373613326424168,11.220123268037876,11.373613326424168,1284269.83,947244407.0
2024-01-10,601006.SH,601006.SH,11.358265584327295,11.404312606966458,11.23547352395619,11.31221856168813,932334.16,687146056.0
2024-01-11,601006.SH,601006.SH,11.312218158787195,11.327567165786906,11.174077095789794,11.204775109789216,897592.84,658234126.0
2024-01-12,601006.SH,601006.SH,11.204773130684915,11.3429141692824,11.189424126396306,11.296867156416573,585325.14,430755824.0
2024-01-15,601006.SH,601006.SH,11.281513749584294,11.388956737675572,11.250815752986785,11.327560744480557,730075.51,539728271.0
2024-01-16,601006.SH,601006.SH,11.342909589289329,11.358258587380385,11.266164598834056,11.342909589289329,554259.54,408506793.0
2024-01-17,601006.SH,601006.SH,11.312215675940712,11.419658701356703,11.296866672309855,11.312215675940712,1070668.76,793258956.0
2024-01-18,601006.SH,601006.SH,11.296861639509581,11.312210636302392,11.020579697238967,11.266163645923957,1127418.47,819312871.0
2024-01-19,601006.SH,601006.SH,11.220118835103065,11.29686383397518,11.174071835779797,11.220118835103065,601922.57,440648566.0
2024-01-22,601006.SH,601006.SH,11.18941857569924,11.235465565722693,10.91313663555852,10.943834628907487,812700.86,587266618.0
2024-01-23,601006.SH,601006.SH,10.943836573473144,11.189420563901713,10.913138574669572,11.143373565696356,744711.63,536668584.00000006
2024-01-24,601006.SH,601006.SH,11.14336988642281,11.358255807097631,11.128020892088895,11.342906812763715,1000169.96,734230388.0
2024-01-25,601006.SH,601006.SH,11.327560974290456,11.435003964561504,11.296862977070157,11.404305967341203,1116082.84,826452906.0
2024-01-26,601006.SH,601006.SH,11.388961725564487,11.481055755690347,11.358263715522535,11.46570675066937,1278124.05,950912687.0
2024-01-29,601006.SH,601006.SH,11.450357745648393,11.603847795858156,11.37361272054351,11.46570675066937,1572213.47,1175322665.0
2024-01-30,601006.SH,601006.SH,11.404312955816826,11.481057995896348,11.327567915737307,11.327567915737307,1271445.68,945893011.0
2024-01-31,601006.SH,601006.SH,11.312217544803461,11.496405618802976,11.296868538636836,11.465707606469723,1527121.04,1138384142.0
2024-02-01,601006.SH,601006.SH,11.419657021239393,11.496402028102562,11.358261015748859,11.45035502398466,1746050.96,1301550170.0
2024-02-02,601006.SH,601006.SH,11.435006022612027,11.481053026729928,11.342912014376225,11.45035502398466,2001658.23,1492964880.0
2024-02-05,601006.SH,601006.SH,11.450350735803891,11.60384069204791,11.404303748930685,11.557793705174706,2808360.75,2101893842.9999998
2024-02-06,601006.SH,601006.SH,11.496398705012819,11.695935665179931,11.465700711140954,11.496398705012819,3285372.94,2480320902.0
2024-02-07,601006.SH,601006.SH,11.527091494086703,11.60383644411391,11.23546068398331,11.557789474097586,3038061.21,2280981077.0
2024-02-08,601006.SH,601006.SH,11.542442969678252,11.557791962988995,11.235463103463404,11.40430202988157,2149132.18,1587985557.0
2024-02-19,601006.SH,601006.SH,11.388949465331272,11.649882269793041,11.250808568851513,11.649882269793041,2362493.57,1774286203.0
2024-02-20,601006.SH,601006.SH,11.603836005302691,12.002909730352785,11.588487015877687,11.94151377265277,2125958.4,1634144580.0
2024-02-21,601006.SH,601006.SH,11.895467790530448,11.941514762622823,11.788024855648237,11.849420818438071,1969014.31,1522887064.0
2024-02-22,601006.SH,601006.SH,11.803373724504418,11.941514639355576,11.741977762348348,11.895467667738522,1615283.15,1247074902.0
2024-02-23,601006.SH,601006.SH,11.895462627286122,11.972207547462162,11.741972786934044,11.772670755004459,1847989.67,1423034219.0
2024-02-26,601006.SH,601006.SH,11.788025291817386,11.803374283082775,11.496394457775029,11.665233361694288,1907330.56,1446227802.0
2024-02-27,601006.SH,601006.SH,11.542444521916956,11.557793517291845,11.41965255891784,11.465699545042508,2078762.48,1552226050.0
2024-02-28,601006.SH,601006.SH,11.434998707085075,11.481045681744478,11.38895173242567,11.404300723978805,1834083.04,1366179307.0
2024-02-29,601006.SH,601006.SH,11.388955304831441,11.450351290302232,11.358257312096047,11.450351290302232,1930233.14,1432445247.0
2024-03-01,601006.SH,601006.SH,11.40430390266162,11.46569988598685,11.388954906830312,11.419652898492929,1681799.68,1253445050.0
2024-03-04,601006.SH,601006.SH,11.40430194589098,11.48104691187948,11.38895295269328,11.450348925484079,1634521.71,1218829174.0
2024-03-05,601006.SH,601006.SH,11.435001509527748,11.573142467360968,11.419652514212945,11.573142467360968,1830844.48,1372276735.0
2024-03-06,601006.SH,601006.SH,11.542442830029998,11.55779182315504,11.3889528987796,11.40430189190464,1703451.43,1271595232.0
2024-03-07,601006.SH,601006.SH,11.40430069306967,11.434998676092738,11.35825371853507,11.388951701558137,1138545.11,844623712.0
2024-03-08,601006.SH,601006.SH,11.388946956161593,11.434993911509956,11.34290000081323,11.419644926393836,1257002.15,932504162.0
2024-03-11,601006.SH,601006.SH,11.388951887775972,11.434998863063477,11.312206928963468,11.34290491248847,1248582.19,923383056.0
2024-03-12,601006.SH,601006.SH,11.327557759311386,11.327557759311386,11.158718822519482,11.158718822519482,1658826.05,1213346449.0
2024-03-13,601006.SH,601006.SH,11.143364425419696,11.189411385855315,11.097317464984078,11.143364425419696,916972.87,664954755.0
2024-03-14,601006.SH,601006.SH,11.112665874119719,11.29685370628745,11.097316888105743,11.220108776217561,1072149.4,783439402.0
2024-03-15,601006.SH,601006.SH,11.235458007480277,11.281504966527326,11.158713075735191,11.250806993829293,685812.43,501000516.0
2024-03-18,601006.SH,601006.SH,11.23546089308971,11.281507863963029,11.204762912507498,11.23546089308971,765028.74,560023109.0
2024-03-19,601006.SH,601006.SH,11.235456380359889,11.250805364486064,11.14336247560284,11.158711459729014,680465.36,496189028.0
2024-03-20,601006.SH,601006.SH,11.158710409318248,11.266153288087475,11.14336142663693,11.250804305406158,752836.03,550698810.0
2024-03-21,601006.SH,601006.SH,11.266155875016695,11.327551819839675,11.220108916399461,11.296853847428185,650604.17,478104498.0
2024-03-22,601006.SH,601006.SH,11.29685928722648,11.312208280823256,11.17406733845228,11.220114319242604,691514.07,505935221.0
2024-03-25,601006.SH,601006.SH,11.204765325645829,11.29685928722648,11.17406733845228,11.220114319242604,761073.08,557900143.0
2024-03-26,601006.SH,601006.SH,11.22011407298495,11.250812059504746,11.143369106685464,11.189416086465156,840868.43,612201118.0
2024-03-27,601006.SH,601006.SH,11.17406744382401,11.312208387497659,11.17406744382401,11.250812412531593,987130.16,724644145.0
2024-03-28,601006.SH,601006.SH,11.250815302084508,11.250815302084508,11.143372318299251,11.2354663044009,829029.65,604907006.0
2024-03-29,601006.SH,601006.SH,11.220111940574231,11.296856892288146,11.189413959888666,11.296856892288146,666893.03,489446673.0
2024-04-01,601006.SH,601006.SH,11.266162335781138,11.358256305828396,11.266162335781138,11.312209320804767,772917.28,569673340.0
2024-04-02,601006.SH,601006.SH,11.312212657829981,11.373608655972886,11.28151465875853,11.342910656901433,642661.07,475043143.0
2024-04-03,601006.SH,601006.SH,11.35825557911318,11.419651555216495,11.296859603009866,11.373604573139009,774632.27,573657938.0
2024-04-08,601006.SH,601006.SH,11.37360865909883,11.465702656338495,11.296863661399108,11.450353656798551,923406.68,686813281.0
2024-04-09,601006.SH,601006.SH,11.435009410269991,11.450358416189816,11.312217362911387,11.373613386590689,772262.17,571445985.0
2024-04-10,601006.SH,601006.SH,11.358269098014537,11.481061196371451,11.342920085719923,11.419665147192994,1089884.23,811916503.0
2024-04-11,601006.SH,601006.SH,11.388971611464308,11.557810813251516,11.358273574775726,11.527112776562932,999588.63,748844549.0
2024-04-12,601006.SH,601006.SH,11.557810813251516,11.588508849940098,11.481065721530058,11.527112776562932,681503.23,512625086.0
2024-04-15,601006.SH,601006.SH,11.542456502711303,11.726644638392868,11.46571144617732,11.649899581858882,1355782.63,1025590163.0
2024-04-16,601006.SH,601006.SH,11.649902303798035,11.680600333584064,11.49641215486789,11.49641215486789,1403269.96,1060494152.9999999
2024-04-17,601006.SH,601006.SH,11.481067774532473,11.71130309086668,11.481067774532473,11.71130309086668,1153725.33,873074194.0
2024-04-18,601006.SH,601006.SH,11.711306777758395,11.81874995920572,11.588514570390023,11.603863596311069,1145834.74,873371281.0
2024-04-19,601006.SH,601006.SH,11.603866401975854,11.711309609401557,11.573168342711368,11.68061155013707,1004427.04,763249676.0
2024-04-22,601006.SH,601006.SH,11.649909529901997,11.742003676383435,11.46572123693912,11.51176831017984,1009610.7,760439601.0
2024-04-23,601006.SH,601006.SH,11.481066408644551,11.55781150495902,11.404321312330081,11.43501935085587,1023577.04,764835627.0
2024-04-24,601006.SH,601006.SH,11.450368674649837,11.557811812347625,11.4043216156365,11.542462792676512,920234.82,688291522.0
2024-04-25,601006.SH,601006.SH,11.527113773005398,11.58850985168985,11.481066713992062,11.542462792676512,581816.71,436870935.0
2024-04-26,601006.SH,601006.SH,11.542466267826597,11.55781529211892,11.358277976318728,11.419674073488018,1348463.31,1002810245.0
2024-04-29,601006.SH,601006.SH,11.1280370399979,11.158735073211687,10.744311624825558,10.79035867464624,4257054.45,3008565824.0
2024-04-30,601006.SH,601006.SH,10.805710174067473,10.836408214334709,10.62152193246405,10.62152193246405,2853232.61,1990680718.0
2024-05-06,601006.SH,601006.SH,10.667567148328482,10.71361420076731,10.621520095889654,10.652218130848873,2074610.64,1438640237.0
2024-05-07,601006.SH,601006.SH,10.652219783779273,10.68291782350198,10.606172724195213,10.68291782350198,1253497.26,869209404.0
2024-05-08,601006.SH,601006.SH,10.667565140956059,10.744310213912577,10.652216126364756,10.728961199321274,1304117.78,910067912.0
2024-05-09,601006.SH,601006.SH,10.728964486492364,10.867105660138188,10.728964486492364,10.821058602256247,1303102.84,917993878.0
2024-05-10,601006.SH,601006.SH,10.836408924371513,10.882455987789522,10.790361860953505,10.85175794551085,1185294.3,837277052.0
2024-05-13,601006.SH,601006.SH,10.851756482352474,10.989897653980723,10.805709425143057,10.928501577701502,1524155.66,1084310462.0
2024-05-14,601006.SH,601006.SH,10.928506988155165,10.95920504149268,10.882459908148894,10.913157961486409,859080.43,610936395.0
2024-05-15,601006.SH,601006.SH,10.882464381024365,10.928511479956768,10.867115348046898,10.867115348046898,681574.93,484020395.0
2024-05-16,601006.SH,601006.SH,10.867115348046898,10.897813414001831,10.836417282091963,10.867115348046898,777652.27,550314189.0
2024-05-17,601006.SH,601006.SH,10.867116878626526,10.89781494890513,10.851767843487224,10.89781494890513,621482.99,440169382.0
2024-05-20,601006.SH,601006.SH,10.89781387143755,10.928511938681039,10.851766770572324,10.867115804194066,817632.05,579685794.0
2024-05-21,601006.SH,601006.SH,10.867111144669096,10.913158225790575,10.867111144669096,10.882460171709589,765957.32,543304871.0
2024-05-22,601006.SH,601006.SH,10.89781056289216,10.94385764977762,10.88246153393034,10.913159591853981,830481.42,590393665.0
2024-05-23,601006.SH,601006.SH,10.897814391018251,10.913163425371799,10.821069219250518,10.836418253604064,858656.56,607477827.0
2024-05-24,601006.SH,601006.SH,10.836419753560262,10.897815899472786,10.821070717082133,10.867117826516525,592886.02,419804738.0
2024-05-27,601006.SH,601006.SH,10.867120879077712,10.943866083026,10.867120879077712,10.928517042236342,884610.48,628880559.0
2024-05-28,601006.SH,601006.SH,10.913167878481413,10.943865959714834,10.88246979724799,10.897818837864701,461386.83,327883972.0
2024-05-29,601006.SH,601006.SH,10.882474708940988,10.91317280402968,10.867125661396642,10.882474708940988,500173.32,354795963.0
2024-05-30,601006.SH,601006.SH,10.882473339011357,10.913171430235648,10.836426202174918,10.851775247787065,656494.29,464944904.0
2024-05-31,601006.SH,601006.SH,10.867124293399211,10.882473339011357,10.851775247787065,10.851775247787065,637033.6,450775354.0
2024-06-03,601006.SH,601006.SH,10.851773662350402,10.867122705720062,10.790377488871757,10.821075575611077,655107.08,461753206.0
2024-06-04,601006.SH,601006.SH,10.821072136709939,10.882468290677087,10.790374059726366,10.8671192521853,569560.34,402522122.0
2024-06-05,601006.SH,601006.SH,10.867120782765479,10.95921502668722,10.851771742111856,10.897818864072725,905049.59,644088237.0
2024-06-06,601006.SH,601006.SH,10.897819935487501,10.959216104138134,10.897819935487501,10.928518019812818,790346.46,562931522.0
2024-06-07,601006.SH,601006.SH,10.943862339310853,11.112701730239912,10.928513303771847,11.097352694700907,1282231.74,922401568.0
2024-06-11,601006.SH,601006.SH,11.097354186781942,11.143401299590165,10.95921284835727,10.95921284835727,1166124.63,836736749.0
2024-06-12,601006.SH,601006.SH,10.959217147275014,11.128056627134994,10.928519060027746,11.11270758351136,864081.33,622423433.0
2024-06-13,601006.SH,601006.SH,11.097354599632821,11.143401714154118,11.035958446937757,11.066656523285289,562685.57,406517851.0
2024-06-14,601006.SH,601006.SH,11.051305820479435,11.12805099978832,11.005258712894102,11.005258712894102,926796.8,668410368.0
2024-06-17,601006.SH,601006.SH,11.005254273537274,11.035952332877685,10.836414947165014,10.88246203617563,1172441.5,833375957.0
2024-06-18,601006.SH,601006.SH,10.88245865833278,10.94385475795666,10.867109633426809,10.92850573305069,772929.13,548952875.0
2024-06-19,601006.SH,601006.SH,10.913156585179575,10.974552684111668,10.89780756044655,10.89780756044655,452054.04,321680005.0
2024-06-20,601006.SH,601006.SH,10.913156585179575,10.928505609912598,10.836411461514457,10.89780756044655,551424.23,390710187.0
2024-06-21,601006.SH,601006.SH,10.897812479062093,10.913161510722745,10.836416352419489,10.882463447401442,532481.45,377267361.0
2024-06-24,601006.SH,601006.SH,10.86711167198708,10.882460699772372,10.80571556084591,10.821064588631202,666593.24,470905640.0
2024-06-25,601006.SH,601006.SH,10.836418388132717,10.867116457220911,10.775022249956328,10.805720319044523,702473.36,495355210.0
2024-06-26,601006.SH,601006.SH,10.805721298599908,10.851768406406443,10.790372262664397,10.83641937047093,471894.52,332362917.0
2024-06-27,601006.SH,601006.SH,10.821073321760469,10.989912763660278,10.821073321760469,10.897818522624018,1022088.33,726993701.0
2024-06-28,601006.SH,601006.SH,10.913170763586097,11.005265031633236,10.897821718911572,10.989915986958714,769060.99,549268879.0
2024-07-01,601006.SH,601006.SH,10.989920443980198,11.082014749376679,10.974571393080785,11.051316647577853,904311.56,650098764.0
2024-07-02,601006.SH,601006.SH,11.035972474454171,11.143415878238843,11.020623416770645,11.112717762871794,890006.76,644270250.0
2024-07-03,601006.SH,601006.SH,11.06667058982122,11.128066820555318,10.989925301403597,11.112717762871794,1057812.84,762434483.0
2024-07-04,601006.SH,601006.SH,11.11271537172149,11.235507806768137,11.11271537172149,11.12806442610232,966528.11,704258532.0
2024-07-05,601006.SH,601006.SH,11.128063655460739,11.189459868732246,11.035969335553478,11.082016495507109,647568.48,467813295.0
2024-07-08,601006.SH,601006.SH,11.051319309814554,11.128064582799377,11.03597025521759,11.051319309814554,532336.27,384447686.0
2024-07-09,601006.SH,601006.SH,11.082014949478141,11.082014949478141,10.95922254006564,11.020618744771891,696998.92,500400194.0
2024-07-10,601006.SH,601006.SH,11.020619084342776,11.03596813599228,10.897826671146756,10.959222877744766,844039.39,602217963.0
2024-07-11,601006.SH,601006.SH,11.024070350394144,11.153765295692898,10.943011009582422,10.959222877744766,1175335.36,798549097.0
2024-07-12,601006.SH,601006.SH,10.959226059978374,11.007861678587744,10.910590441369003,10.943014187108583,752216.44,508165670.0
2024-07-15,601006.SH,601006.SH,10.943014992927006,11.040286237308578,10.878167496672623,11.007862489181388,557221.57,376198043.0
2024-07-16,601006.SH,601006.SH,10.991655592469016,11.186198169326875,10.991655592469016,11.169986287922052,769657.34,528446132.0
2024-07-17,601006.SH,601006.SH,11.169988987470113,11.218624643438778,11.105141446178559,11.20241275811589,634675.78,437332695.0
2024-07-18,601006.SH,601006.SH,11.20241076693559,11.251046414259479,11.105139472287812,11.218622649376885,519566.85,358314590.0
2024-07-19,601006.SH,601006.SH,11.202406904035323,11.332101918843257,11.169983150333339,11.283466288290281,795490.85,551404628.0
2024-07-22,601006.SH,601006.SH,11.283471202579321,11.380742506049833,11.234835550844066,11.315894970402827,776220.84,541215560.0
2024-07-23,601006.SH,601006.SH,11.31589870985088,11.396958156196515,11.283474931312623,11.283474931312623,682353.25,477993603.0
2024-07-24,601006.SH,601006.SH,11.299685400049691,11.380744836204997,11.234837851125446,11.348321061742876,733315.67,512298934.0
2024-07-25,601006.SH,601006.SH,11.364528071491986,11.364528071491986,11.218621149033458,11.332104310945645,763945.88,532877246.00000006
2024-07-26,601006.SH,601006.SH,11.332109561215557,11.364533336784127,11.186202571156988,11.267262010078415,673063.7,466594814.0
2024-07-29,601006.SH,601006.SH,11.26726096532516,11.380744169292464,11.234837192763074,11.364532283011421,563775.87,394533052.0
2024-07-30,601006.SH,601006.SH,11.380742651859908,11.461802072457202,11.332106999501534,11.429378304218284,756946.78,533185378.99999994
2024-07-31,601006.SH,601006.SH,11.445584605123015,11.510432109967905,11.251042090588347,11.299677719222014,1119653.13,782323831.0
2024-08-01,601006.SH,601006.SH,11.299672341471712,11.494214763419576,11.251036735984748,11.44557915793261,997081.13,702138571.0
2024-08-02,601006.SH,601006.SH,11.396948679437443,11.47800805838081,11.315889300494076,11.315889300494076,575240.29,403733722.0
2024-08-05,601006.SH,601006.SH,11.299681109737291,11.348316752964282,11.218621704358975,11.234833585434638,772686.52,537027824.0
2024-08-06,601006.SH,601006.SH,11.25104551542789,11.299681158866338,11.105138585112542,11.18619799084329,812091.98,559241399.0
2024-08-07,601006.SH,601006.SH,11.169989189954558,11.267260503655178,11.153777304337789,11.169989189954558,463872.87,320662216.0
2024-08-08,601006.SH,601006.SH,11.186206466900563,11.251054040621726,11.153782680039981,11.234842147191435,406137.13,280960104.0
2024-08-09,601006.SH,601006.SH,11.218630368236962,11.23484226183268,11.105147113066936,11.121359006662654,509179.75,350362918.0
2024-08-12,601006.SH,601006.SH,11.056511432279782,11.137570900258373,10.991663857896908,11.121359006662654,499673.17,341543735.0
2024-08-13,601006.SH,601006.SH,11.121359006662654,11.186206581045527,11.056511432279782,11.121359006662654,365847.84,250975026.0
2024-08-14,601006.SH,601006.SH,11.10514909670961,11.137572889692706,11.056513407234972,11.072725303726518,338439.39,231650023.0
2024-08-15,601006.SH,601006.SH,11.056517312369794,11.186212530110202,11.040305410152243,11.1537887256751,494023.44,339330041.0
2024-08-16,601006.SH,601006.SH,11.15379418080321,11.202429911242758,11.121370360510177,11.137582270656694,397775.53,273814095.0
2024-08-19,601006.SH,601006.SH,11.13757766089037,11.218637178072978,11.121365757453848,11.202425274636456,473428.53,326395239.0
2024-08-20,601006.SH,601006.SH,11.21863192748988,11.21863192748988,11.08893676069809,11.153784344093985,412891.54,283941484.0
2024-08-21,601006.SH,601006.SH,11.137571400002898,11.153783294326047,11.007876245417712,11.02408813974086,563916.35,384882104.0
2024-08-22,601006.SH,601006.SH,11.02408359372513,11.088931144276454,11.0078717060873,11.0078717060873,470364.09,320063803.0
2024-08-23,601006.SH,601006.SH,11.007868833065068,11.088928250097947,10.943021299438763,11.056504483284796,510154.49,346436622.0
2024-08-26,601006.SH,601006.SH,11.040296807257082,11.056508696841895,10.94302546974821,10.975449248917833,539813.84,365713764.0
2024-08-27,601006.SH,601006.SH,10.975446300289676,11.007870070748433,10.829539333225263,10.861963103684023,636482.39,427649942.0
2024-08-28,601006.SH,601006.SH,10.861959673590409,10.861959673590409,10.716052752601883,10.780900273041228,634140.98,421159937.0
2024-08-29,601006.SH,601006.SH,10.69984052452974,10.69984052452974,9.921670304563943,9.970305943311805,2849090.59,1777669279.0
2024-08-30,601006.SH,601006.SH,9.905459073456505,9.970306596032325,9.824399670236728,9.905459073456505,1683557.13,1029193119.0
2024-09-02,601006.SH,601006.SH,9.88924719281255,10.01894223796419,9.85682343152464,9.905459073456505,1242483.47,761866055.0
2024-09-03,601006.SH,601006.SH,9.921674309959753,9.954098082214523,9.840614879322828,9.921674309959753,872690.64,531784470.0
2024-09-04,601006.SH,601006.SH,9.889250278314805,9.970309706825581,9.87303839261265,9.889250278314805,711937.96,435129478.0
2024-09-05,601006.SH,601006.SH,9.889246271325225,10.018941304391785,9.873034392191904,10.002729425258465,744526.8,456620216.0
2024-09-06,601006.SH,601006.SH,9.986522466311838,10.148641337518198,9.970310579191201,9.970310579191201,645540.14,400508808.0
2024-09-09,601006.SH,601006.SH,9.97031189323543,9.986523782492723,9.808193000662495,9.840616779177083,639730.42,389537149.0
2024-09-10,601006.SH,601006.SH,9.840619084039153,9.873042870148014,9.64607636738599,9.759559618767002,841926.33,505699545.0
2024-09-11,601006.SH,601006.SH,9.727133979870363,9.727133979870363,9.467743740407153,9.532591300272955,989884.85,582078911.0
2024-09-12,601006.SH,601006.SH,9.532593543235613,9.710924374826757,9.50016975567359,9.646076799702705,638520.71,378804108.0
2024-09-13,601006.SH,601006.SH,9.64607696264319,9.743348326972365,9.581229386423741,9.597441280478604,452404.57,269745897.0
2024-09-18,601006.SH,601006.SH,9.597438204170212,9.727133315037378,9.548802537595025,9.710921426178983,529388.22,314547863.0
2024-09-19,601006.SH,601006.SH,9.710921426178983,9.743345203895773,9.662285759603794,9.710921426178983,549293.0,328902591.0
2024-09-20,601006.SH,601006.SH,9.71091807091045,9.824401253709068,9.662282421139611,9.759553720681286,695033.01,417744709.0
2024-09-23,601006.SH,601006.SH,9.743340242769374,9.93788281001269,9.743340242769374,9.90545904880547,554498.45,337493011.0
2024-09-24,601006.SH,601006.SH,9.954092190147712,10.13242283199075,9.921668437085343,10.13242283199075,1005146.69,621811020.0
2024-09-25,601006.SH,601006.SH,10.19727033811549,10.53771974527038,10.181058461584305,10.343177226896156,1413686.59,906441276.0
2024-09-26,601006.SH,601006.SH,10.343177418436474,10.505296186750526,10.278329911110854,10.505296186750526,953195.24,610525029.0
2024-09-27,601006.SH,601006.SH,10.651207004943984,10.71605453617652,10.391816880013842,10.55393570809518,1328914.81,862845790.0
2024-09-30,601006.SH,601006.SH,10.764685681006048,11.153770705620724,10.651202548826769,11.121346953569502,3296261.88,2227964130.0
2024-10-08,601006.SH,601006.SH,12.126487724649095,12.191335252588395,11.00786786769617,11.202410451514071,3680858.57,2599994326.0
2024-10-09,601006.SH,601006.SH,11.07271393161383,11.07271393161383,10.634993175898494,10.667416935581112,2082117.77,1384784004.0
2024-10-10,601006.SH,601006.SH,10.651209584096446,11.040294865707274,10.586362037161308,10.829540338168075,1882003.37,1256340815.0
2024-10-11,601006.SH,601006.SH,10.861964439296704,10.943023875410859,10.716057454291226,10.748481228736887,1110169.78,740971883.0
2024-10-14,601006.SH,601006.SH,10.76469552956804,10.926814438145872,10.748483638710256,10.845754983856956,1042611.03,698075615.0
2024-10-15,601006.SH,601006.SH,10.79711758764709,10.845753252456312,10.748481922837868,10.764693811107609,1030503.47,685518991.0
2024-10-16,601006.SH,601006.SH,10.73226748684824,10.943021984324112,10.683631833584577,10.926810099902891,1072991.92,718040964.0
2024-10-17,601006.SH,601006.SH,10.926807001255252,10.975442640726714,10.797111962664685,10.861959481959968,836173.88,560914353.0
2024-10-18,601006.SH,601006.SH,10.86196286123625,11.007869825043903,10.732267782296116,10.943022285573836,1058430.41,710241913.0
2024-10-21,601006.SH,601006.SH,10.959239062956609,10.975450955061573,10.81333203401192,10.894391494536746,1061177.2,711017321.0
2024-10-22,601006.SH,601006.SH,10.878174460603901,10.99165765169813,10.845750691719838,10.975445767256097,966650.33,652671611.0
2024-10-23,601006.SH,601006.SH,10.975442329359115,11.088925484906405,10.94301857063132,11.024077967450811,918037.8,624636180.0
2024-10-24,601006.SH,601006.SH,11.073664336759148,11.12324790841628,10.875330050130627,10.9414414790068,976689.07,650464607.0
2024-10-25,601006.SH,601006.SH,10.891861151732876,10.97450046244405,10.809221841021701,10.87533328959064,879198.08,579026977.0
2024-10-28,601006.SH,601006.SH,10.875328252243014,10.891856106729705,10.743105416349481,10.776161125322863,1113631.58,726792350.0
2024-10-29,601006.SH,601006.SH,10.776158344378057,10.858797595485253,10.726574793713743,10.75963049415662,788366.81,514122632.0
2024-10-30,601006.SH,601006.SH,10.710050116839545,10.776161537313863,10.610882986128066,10.710050116839545,985312.21,636170559.0
2024-10-31,601006.SH,601006.SH,10.693526204033319,10.792693371304107,10.544775453127137,10.759637648880512,983498.32,635516879.0
2024-11-01,601006.SH,601006.SH,10.743113102032371,10.875336032518923,10.677001636789095,10.875336032518923,957186.86,626142890.0
2024-11-04,601006.SH,601006.SH,10.875338361776416,10.97450558088076,10.77617114267207,10.957977711030034,785474.45,518640553.0
2024-11-05,601006.SH,601006.SH,10.957982176611928,11.007565806370353,10.908398546853503,10.991037929784213,822521.95,545832595.0
2024-11-06,601006.SH,601006.SH,10.974504756300309,11.024088362126967,10.92492115047365,10.957976887691423,723331.83,480120591.0
2024-11-07,601006.SH,601006.SH,10.908389347690138,11.090195836818307,10.875333622394107,11.090195836818307,984807.61,656153319.0
2024-11-08,601006.SH,601006.SH,11.106720918671796,11.27199950377108,11.007553767612228,11.156304494201581,1133304.28,762142151.0
2024-11-11,601006.SH,601006.SH,11.09019181686668,11.13977538683777,10.941441106953416,11.057136103552622,706214.45,470962507.0
2024-11-12,601006.SH,601006.SH,11.024081202539223,11.139776207663322,10.974497628914609,10.99102548678948,778471.29,521083188.0
2024-11-13,601006.SH,601006.SH,10.991029883199678,11.172836392545836,10.957974154227648,11.156308528059823,991230.18,666074861.0
2024-11-14,601006.SH,601006.SH,11.156308113635284,11.255475296867598,11.090196658147075,11.123252385891181,796402.26,538445343.0
2024-11-15,601006.SH,601006.SH,11.10672244767499,11.321584637882989,11.07366672610453,11.238945333956837,1205377.92,818222612.0
2024-11-18,601006.SH,601006.SH,11.305054787938209,11.552972656094749,11.238943356429798,11.271999072184004,1603566.19,1105897099.0
2024-11-19,601006.SH,601006.SH,11.271995136989062,11.354634397524173,11.057133059597776,11.172828024346929,1101731.76,745452697.0
2024-11-20,601006.SH,601006.SH,11.123239781080123,11.189351161651178,11.106711935937359,11.139767626222886,607743.52,409584576.0
2024-11-21,601006.SH,601006.SH,11.123239781080123,11.189351161651178,11.090184090794594,11.139767626222886,476828.95,321298576.0
2024-11-22,601006.SH,601006.SH,11.139764887209557,11.222404092604286,11.007542158577989,11.024069999656934,675941.87,455732525.0
2024-11-25,601006.SH,601006.SH,11.04059508058642,11.139762102268335,10.991011569745465,11.04059508058642,598109.51,400118564.0
2024-11-26,601006.SH,601006.SH,11.007539079573894,11.17281744413206,10.974483406662259,11.12323393476461,545150.43,365829106.0
2024-11-27,601006.SH,601006.SH,11.090183372836163,11.205878281345633,11.057127684690602,11.18935043727285,602771.17,406371350.0
2024-11-28,601006.SH,601006.SH,11.238929282476146,11.321568468376705,11.139762259395475,11.255457119656258,635983.08,432814444.0
2024-11-29,601006.SH,601006.SH,11.27198495683637,11.321568468376705,11.189345770935809,11.255457119656258,684190.59,466594242.0
2024-12-02,601006.SH,601006.SH,11.27198495683637,11.305040631196594,11.205873608115922,11.255457119656258,641169.48,437044976.0
2024-12-03,601006.SH,601006.SH,11.271986525112537,11.404209240949633,11.255458685632899,11.404209240949633,1006452.38,691353550.0
2024-12-04,601006.SH,601006.SH,11.35462768867968,11.453794742729283,11.33809984633808,11.453794742729283,699647.22,482819692.0
2024-12-05,601006.SH,601006.SH,11.420739141045642,11.437266983507357,11.354627771198778,11.371155613660493,479811.06,330946913.0
2024-12-06,601006.SH,601006.SH,11.387684243742964,11.486851305372076,11.387684243742964,11.470323461767226,620117.14,429794948.0
2024-12-09,601006.SH,601006.SH,11.453795618162372,11.552962679791484,11.420739930952669,11.470323461767226,671581.48,466677020.0
2024-12-10,601006.SH,601006.SH,11.569486901642781,11.602542578504616,11.371152840471762,11.404208517333599,980206.1,679213295.0
2024-12-11,601006.SH,601006.SH,11.371147716841849,11.437259040776976,11.305036392906722,11.371147716841849,695271.51,478339692.0
2024-12-12,601006.SH,601006.SH,11.371142450897898,11.47030939087666,11.338086804238312,11.420725920887278,696644.93,481382073.0
2024-12-13,601006.SH,601006.SH,11.404192760127565,11.470304022505115,11.354609313344401,11.371137128938788,995936.84,687685960.0
2024-12-16,601006.SH,601006.SH,11.354610357446406,11.519888528588274,11.354610357446406,11.503360711474087,1095273.79,759265991.0
2024-12-17,601006.SH,601006.SH,11.45378019016757,11.569474939563202,11.354613262114173,11.371141083456404,1023917.12,707998671.0
2024-12-18,601006.SH,601006.SH,11.420724281110521,11.519891206850987,11.321557355370052,11.338085176326798,1056673.28,730342892.0
2024-12-19,601006.SH,601006.SH,11.321557355370052,11.371140818240287,11.27197389249982,11.338085176326798,695619.11,477100977.0
2024-12-20,601006.SH,601006.SH,11.32155937766873,11.371142849395747,11.271975905941716,11.28850372985072,590656.58,404292840.0
2024-12-23,601006.SH,601006.SH,11.288499385586894,11.420721925974442,11.255443750490006,11.338082838232225,966378.14,664508377.0
2024-12-24,601006.SH,601006.SH,11.32155502068378,11.354610655780668,11.255443750490006,11.338082838232225,676761.58,463301551.0
2024-12-25,601006.SH,601006.SH,11.305023216969676,11.437245710735404,11.205856346645382,11.437245710735404,1522570.14,1045391174.0
2024-12-26,601006.SH,601006.SH,11.354611153662272,11.387666790208597,11.139749516111168,11.17280515265749,1533680.31,1041173133.0
2024-12-27,601006.SH,601006.SH,11.13974774685683,11.28849808769023,11.13974774685683,11.238914640745763,1341621.43,910375574.0
2024-12-30,601006.SH,601006.SH,11.222391439294835,11.354614018844702,11.205863616851103,11.2554470841823,1125049.38,767691977.0
2024-12-31,601006.SH,601006.SH,11.222394666973788,11.30503380296034,11.205866839776478,11.205866839776478,1158288.6,789298126.0
2025-01-02,601006.SH,601006.SH,11.20586307053036,11.271974357082161,10.858778816133402,10.908362281047252,1280947.13,855720766.0
2025-01-03,601006.SH,601006.SH,10.941415631211614,11.090165994777934,10.908359994863542,11.040582540255826,1023604.83,681702654.0
2025-01-06,601006.SH,601006.SH,11.007527302972177,11.073638578065102,10.875304752786324,10.94141602787925,838579.21,555398702.0
2025-01-07,601006.SH,601006.SH,10.941420931501675,10.95794875768219,10.726559191154966,10.842253974418577,1052546.72,689675320.0
2025-01-08,601006.SH,601006.SH,10.80920068759639,10.941423325976773,10.743089368406197,10.875312006786581,982619.13,645405168.0
2025-01-09,601006.SH,601006.SH,10.842254858706994,10.858782686235513,10.577809618250727,10.594337445779244,1132768.13,731939657.0
2025-01-10,601006.SH,601006.SH,10.57781027936383,10.594338107925335,10.28030936525672,10.313365022379733,1248133.8,784682239.0
2025-01-13,601006.SH,601006.SH,10.26377705555785,10.362943983630872,10.164610127484828,10.296832698248858,1438007.42,895081058.0
2025-01-14,601006.SH,601006.SH,10.313362372392037,10.429057142595152,10.296834548077307,10.396001493965692,1034283.09,649580101.0
2025-01-15,601006.SH,601006.SH,10.379472376309606,10.594334065628116,10.329888909543795,10.478639309841226,1283760.58,816951730.0
2025-01-16,601006.SH,601006.SH,10.462114495649606,10.561281457693678,10.41253101462757,10.462114495649606,1114960.06,707171691.0
2025-01-17,601006.SH,601006.SH,10.445591274570244,10.62739745181751,10.362952103094212,10.49517477745586,1169344.75,744129133.0
2025-01-20,601006.SH,601006.SH,10.528228370291057,10.577811863400749,10.445589215108239,10.478644877181367,815069.59,517252278.0
2025-01-21,601006.SH,601006.SH,10.495169766895643,10.495169766895643,10.329891502850042,10.379474982063723,793301.08,498652267.0
2025-01-22,601006.SH,601006.SH,10.379478690201516,10.379478690201516,10.26378386403685,10.362950857892276,767364.84,479286725.0
2025-01-23,601006.SH,601006.SH,10.412532600266957,10.594338725033523,10.412532600266957,10.495171747888124,1446996.51,921707081.0
2025-01-24,601006.SH,601006.SH,10.478639518311235,10.676973389320281,10.429056050558973,10.62738992156802,1350166.78,865242579.0
2025-01-27,601006.SH,601006.SH,10.66044949426877,11.073645211100892,10.66044949426877,10.99100606773447,1814538.01,1200721033.0
2025-02-05,601006.SH,601006.SH,10.941424267604072,10.99100776126391,10.710034630524833,10.726562461744777,1031941.58,677120768.0
2025-02-06,601006.SH,601006.SH,10.776144241766724,10.842255556133392,10.676977270216724,10.809199898950059,865092.61,563138115.0
2025-02-07,601006.SH,601006.SH,10.809196557924636,10.941419145789158,10.72655744050931,10.908363498823027,879262.76,576587292.0
2025-02-10,601006.SH,601006.SH,10.842255500408152,11.00753378547535,10.825727671901433,10.875311157421592,843876.13,557110922.0
2025-02-11,601006.SH,601006.SH,10.858782741953611,11.090172328540142,10.842254914340288,11.007533190473524,1008668.89,671287990.0
2025-02-12,601006.SH,601006.SH,11.04058884570017,11.057116673313494,10.957949707633553,11.007533190473524,548951.3,365556516.0
2025-02-13,601006.SH,601006.SH,11.0075385712051,11.1728169281301,10.957955064127598,11.0901777496676,872601.41,585922712.0
2025-02-14,601006.SH,601006.SH,11.106711032389494,11.238933782775085,11.024071813398502,11.222405938976886,1021604.13,690035207.0
2025-02-17,601006.SH,601006.SH,11.189347168600314,11.354625561046406,11.12323581162188,11.338097721801796,1105313.81,754821538.0
2025-02-18,601006.SH,601006.SH,11.338094610031913,11.53642862653393,11.288511105906409,11.32156677532341,1386249.63,957371874.0
2025-02-19,601006.SH,601006.SH,11.338096262815382,11.371151937050994,11.172817891637314,11.338096262815382,876518.83,596903955.0
2025-02-20,601006.SH,601006.SH,11.321564202968677,11.338092033921916,11.156285893436287,11.25545287915572,743368.61,505983596.0
2025-02-21,601006.SH,601006.SH,11.288510177561959,11.321565844260528,11.13975967741839,11.172815344116959,799818.31,541265139.0
2025-02-24,601006.SH,601006.SH,11.15628309508566,11.205866575508264,11.00753265381785,11.024060480625385,705505.84,473151752.0
2025-02-25,601006.SH,601006.SH,11.057110597368766,11.2389166012119,10.924888049119215,10.99099932324399,693073.43,463917282.0
2025-02-26,601006.SH,601006.SH,11.007526323979706,11.139748862405888,10.990998506676434,11.123221045102616,604163.87,404477863.0
2025-02-27,601006.SH,601006.SH,11.156280541497246,11.238919656619448,11.139752718472806,11.172808364521686,601014.0,407275584.0
2025-02-28,601006.SH,601006.SH,11.156277610892207,11.22238888562342,11.07363851747819,11.07363851747819,529202.97,357498364.0
2025-03-03,601006.SH,601006.SH,11.123221973526602,11.189333248257814,11.007527242746978,11.07363851747819,549982.3,368137295.0
2025-03-04,601006.SH,601006.SH,11.024057551803665,11.090168841469653,10.974474084554172,10.974474084554172,471520.83,314389393.0
2025-03-05,601006.SH,601006.SH,11.007530261473194,11.040585907904044,10.924891145396069,10.941418968611494,501486.26,332810423.0
2025-03-06,601006.SH,601006.SH,10.957946992583198,10.974474816101422,10.825724404437397,10.825724404437397,750587.05,493132216.0
2025-03-07,601006.SH,601006.SH,10.858778633660785,10.875306455020999,10.743083884139285,10.759611705499498,622083.57,405673198.0
2025-03-10,601006.SH,601006.SH,10.743082829603443,10.809194108554848,10.710027190127741,10.776138469079145,667822.74,434633194.0
2025-03-11,601006.SH,601006.SH,10.743080402158771,10.825719482175378,10.726552586155451,10.825719482175378,465748.49,303639318.0
2025-03-12,601006.SH,601006.SH,10.825719732770734,10.825719732770734,10.693497201683458,10.71002501806937,666316.64,432487717.0
2025-03-13,601006.SH,601006.SH,10.693494960827344,10.77613402543961,10.693494960827344,10.726550586672252,509357.1,330699896.0
2025-03-14,601006.SH,601006.SH,10.710017484444073,10.776128703483849,10.710017484444073,10.776128703483849,663509.24,431766422.0
2025-03-17,601006.SH,601006.SH,10.792656175137111,10.825711783636764,10.710017153887977,10.710017153887977,838177.27,544723415.0
2025-03-18,601006.SH,601006.SH,10.726540966865262,10.743068764965209,10.660429774465475,10.660429774465475,562363.61,363453112.0
2025-03-19,601006.SH,601006.SH,10.66043216358807,10.710015569000108,10.643904361784056,10.693487767196093,551520.65,356140420.0
2025-03-20,601006.SH,601006.SH,10.710010924094757,10.743066513366653,10.594316361643116,10.594316361643116,870034.48,560981938.0
2025-03-21,601006.SH,601006.SH,10.610840871187996,10.693479818782917,10.577785292150027,10.676952029263933,1033672.0,665713057.0
2025-03-24,601006.SH,601006.SH,10.676951763998042,10.710007342214755,10.577785029347908,10.643896185781331,752100.57,484222988.0
2025-03-25,601006.SH,601006.SH,10.627366769204615,10.809172421554928,10.594311196050015,10.792644634977627,1007927.76,654773777.0
2025-03-26,601006.SH,601006.SH,10.792648889133567,10.84223226840983,10.759593302949389,10.776121096041477,523123.53,342003684.0
2025-03-27,601006.SH,601006.SH,10.77611900295574,10.908341322010411,10.77611900295574,10.891813532128579,717347.54,471519599.0
2025-03-28,601006.SH,601006.SH,10.891817384111414,10.941400771292498,10.809178405476274,10.84223399693033,417031.98,273845633.0
2025-03-31,601006.SH,601006.SH,10.842231609649449,10.87528719382521,10.676953688770647,10.80917602547369,653124.86,426398412.0
2025-04-01,601006.SH,601006.SH,10.776118768292926,10.89181329494638,10.759590978771005,10.858757715902536,569922.49,373533240.0
2025-04-02,601006.SH,601006.SH,10.842229168413173,10.891812533512624,10.759590226580755,10.875284745146141,579630.31,379885836.0
2025-04-03,601006.SH,601006.SH,10.842231490579902,10.974453825830876,10.809175906767159,10.957926033924505,708858.18,468227582.0
2025-04-07,601006.SH,601006.SH,10.743061766949108,10.825700703617947,10.412506020273751,10.693478404947804,1839718.4,1187358137.0
2025-04-08,601006.SH,601006.SH,10.660417999033665,11.139723614494093,10.627362439346738,11.12319583465063,1771867.01,1169471289.0
2025-04-09,601006.SH,601006.SH,11.123199684987652,11.172783041681503,10.85875511595377,11.172783041681503,1182611.42,789275848.0
2025-04-10,601006.SH,601006.SH,11.156258863528764,11.156258863528764,10.842230836259066,11.040564327166244,1375362.5,911592161.0
2025-04-11,601006.SH,601006.SH,11.007508943980119,11.040564526394471,10.891814405529876,10.99098115277294,672244.43,446925916.0
2025-04-14,601006.SH,601006.SH,10.941395541138226,10.974451116791212,10.875284389832254,10.90833996548524,522888.52,345080328.0
2025-04-15,601006.SH,601006.SH,10.908337679306207,11.1397266603824,10.858754326218452,11.040559954206888,919334.75,613010527.0
2025-04-16,601006.SH,601006.SH,11.040559111168534,11.255420291475707,11.007503544967431,11.255420291475707,1183404.2,799714548.0
2025-04-17,601006.SH,601006.SH,11.23889569136077,11.321534630267836,11.139728964672294,11.321534630267836,731912.13,498063438.0
2025-04-18,601006.SH,601006.SH,11.30500492213814,11.30500492213814,11.13972707239928,11.189310427320937,441408.81,298985703.0
2025-04-21,601006.SH,601006.SH,11.189312781220316,11.255423935023686,11.139729415867789,11.156257204318631,439801.72,297611424.0
2025-04-22,601006.SH,601006.SH,11.156251840733438,11.238890743257388,11.156251840733438,11.172779621238227,449896.46,304714102.0
2025-04-23,601006.SH,601006.SH,11.189307401743017,11.205835182247808,11.090140718714276,11.172779621238227,470713.26,317337128.0
2025-04-24,601006.SH,601006.SH,11.172777846737935,11.305000069776254,11.172777846737935,11.238888958257094,591464.08,402567658.0
2025-04-25,601006.SH,601006.SH,11.238885613349664,11.28846893223209,11.09013565670239,11.106663429663199,478491.34,322571068.0
2025-04-28,601006.SH,601006.SH,11.106658179837058,11.288463596471296,11.106658179837058,11.189297005579892,543300.01,368595539.0
2025-04-29,601006.SH,601006.SH,11.189297005579892,11.238880301025594,11.139713710134192,11.189297005579892,346798.28,234995601.0
2025-04-30,601006.SH,601006.SH,10.85874098315417,10.85874098315417,10.643880050458579,10.726518870726114,1507173.55,980484093.0
2025-05-06,601006.SH,601006.SH,10.743041459178126,10.891791263997515,10.693458190904996,10.875263507906473,937271.99,612992173.0
2025-05-07,601006.SH,601006.SH,10.957904635303054,10.974432394933979,10.792627038993809,10.957904635303054,881927.45,580031387.0
2025-05-08,601006.SH,601006.SH,10.908318136484096,11.040540174502086,10.858734872227352,10.974429155493091,498526.75,331483365.0
2025-05-09,601006.SH,601006.SH,10.95790087423507,11.073595151941927,10.924845366318825,11.007484136109436,522078.73,347634918.0
2025-05-12,601006.SH,601006.SH,10.990950911539542,11.024006403002819,10.875256691418073,10.957895420076264,546309.2,361538306.0
2025-05-13,601006.SH,601006.SH,10.990951385146637,11.123173356697274,10.92484039937132,11.123173356697274,703432.14,470550654.0
2025-05-14,601006.SH,601006.SH,11.106644321089222,11.123172065614654,11.0405333429875,11.106644321089222,441651.05,296145166.0
2025-05-15,601006.SH,601006.SH,11.090117634339439,11.18928411095052,11.057062142135745,11.090117634339439,479444.09,322547812.0
2025-05-16,601006.SH,601006.SH,11.057061463483729,11.090116953658567,10.924839502784371,11.040533718396308,617692.31,410368644.0
2025-05-19,601006.SH,601006.SH,11.007478294233334,11.090117020166018,10.990950549046799,11.02400603941987,448894.72,300072560.0
2025-05-20,601006.SH,601006.SH,11.024000519128123,11.073583729858834,10.941361834576938,10.99094504530765,365759.67,243340282.0
2025-05-21,601006.SH,601006.SH,11.007472782217885,11.057055992948598,10.974417308397411,10.99094504530765,478341.01,318711336.0
2025-05-22,601006.SH,601006.SH,10.974419519660602,11.07358596110332,10.924836298939246,11.07358596110332,492983.12,328395927.0
2025-05-23,601006.SH,601006.SH,11.024000079989143,11.156221970004005,10.957889134981711,10.957889134981711,539665.9,360594765.0
2025-05-26,601006.SH,601006.SH,10.957892379311426,11.02400334389249,10.924836897020894,10.94136463816616,414444.19,274961911.0
2025-05-27,601006.SH,601006.SH,10.957892182757302,11.090114109547738,10.924836701059695,11.057058627850129,536299.04,358133495.0
2025-05-28,601006.SH,601006.SH,11.023999799580135,11.139693950400316,11.023999799580135,11.106638478737407,370275.57,248992910.0
2025-05-29,601006.SH,601006.SH,11.123162002245563,11.205800650107713,11.07357881352827,11.172745190962852,594937.16,401693597.0
2025-05-30,601006.SH,601006.SH,11.172748435197011,11.238859372683384,11.123165232082233,11.156220700825418,625338.33,423340927.0
2025-06-03,601006.SH,601006.SH,11.222330802072474,11.304969467772565,11.05705347067229,11.090108936952326,717881.68,484709569.0
2025-06-04,601006.SH,601006.SH,11.090107569450172,11.123163031654197,10.9909411828381,10.9909411828381,590974.56,393822824.0
2025-06-05,601006.SH,601006.SH,11.023996645042123,11.040524376144136,10.9909411828381,10.9909411828381,363863.67,242351172.0
2025-06-06,601006.SH,601006.SH,11.024001054640783,11.238861644911143,10.990945579214575,11.15622295634562,829645.67,559797421.0
2025-06-09,601006.SH,601006.SH,11.189273052311046,11.238856241612277,11.090106673708584,11.17274532254397,440068.17,296906940.0
2025-06-10,601006.SH,601006.SH,11.205805858923783,11.205805858923783,11.090111698138434,11.090111698138434,389609.97,262710196.0
2025-06-11,601006.SH,601006.SH,11.123166489939173,11.123166489939173,11.040527808736057,11.040527808736057,605694.26,405707764.0
2025-06-12,601006.SH,601006.SH,11.040528074772872,11.073583548050635,10.974417128217345,10.974417128217345,638379.8,425365794.0
2025-06-13,601006.SH,601006.SH,10.974417925149298,11.04052887650562,10.924834711632059,10.924834711632059,1957707.97,1299207985.0
2025-06-16,601006.SH,601006.SH,10.941360759875439,11.057054906883184,10.908305289301795,11.023999436309543,747452.52,498067383.0
2025-06-17,601006.SH,601006.SH,11.024004923591773,11.106643641159927,10.990949436564511,11.057060410619036,546473.2,366044149.0
2025-06-18,601006.SH,601006.SH,11.073585584662363,11.106641064019563,10.990946886269361,11.04053010530516,446873.84,298856179.0
2025-06-19,601006.SH,601006.SH,11.07358565107067,11.090113390848387,11.007474691959802,11.024002431737518,371697.73,248504624.0
2025-06-20,601006.SH,601006.SH,11.040530171515234,11.123168870403823,11.007474691959802,11.024002431737518,438612.67,293540066.0
2025-06-23,601006.SH,601006.SH,11.024007919021239,11.123174407048417,10.941369178998592,11.0570634150303,645325.08,430606481.0
2025-06-24,601006.SH,601006.SH,11.057066801878552,11.090122308012718,10.99095578961022,11.007483542677303,581070.76,387886831.0
2025-06-25,601006.SH,601006.SH,11.007483509720766,11.073594521791161,10.957900250667969,11.040539015755963,539458.51,359768918.0
2025-06-26,601006.SH,601006.SH,11.040539148375048,11.05706690159118,10.974428135510527,11.007483641942788,472856.75,314855931.0
2025-06-27,601006.SH,601006.SH,11.007478179832901,11.007478179832901,10.924839454759082,10.924839454759082,755222.54,500666630.0
2025-06-30,601006.SH,601006.SH,10.924837915349888,10.957893400721597,10.875254687292324,10.908310172664033,543728.39,359518298.0
2025-07-01,601006.SH,601006.SH,10.908315153627582,10.924842903860352,10.825676402463737,10.858731902929275,652539.84,428618008.0
2025-07-02,601006.SH,601006.SH,10.858730386990985,10.891785882841793,10.825674891140173,10.891785882841793,467606.6,307424236.0
2025-07-03,601006.SH,601006.SH,10.908317488585434,10.908317488585434,10.825678719732513,10.842206473503097,428409.74,281402702.0
2025-07-04,601006.SH,601006.SH,10.84221120464774,10.941377770543909,10.825683443665046,10.908322248578518,635615.44,419423925.0
2025-07-07,601006.SH,601006.SH,10.908326519909519,11.00749312463597,10.875270985000702,10.974437589727152,695488.28,461471456.0
2025-07-08,601006.SH,601006.SH,10.990965092737282,11.007492859794029,10.908326257453542,10.990965092737282,560403.6,371413321.0
2025-07-09,601006.SH,601006.SH,10.990962048832278,11.09012862370896,10.97443428635283,11.040545336270618,847754.94,566293524.0
2025-07-10,601006.SH,601006.SH,11.040545336270618,11.123184148667855,11.040545336270618,11.040545336270618,832551.28,558392629.0
2025-07-11,601006.SH,601006.SH,11.074312545557888,11.192483563574513,10.922378379536514,10.922378379536514,1467510.25,960452272.0
2025-07-14,601006.SH,601006.SH,10.973027538167177,11.074317023134872,10.939264376511279,10.939264376511279,905767.08,590351288.0
2025-07-15,601006.SH,601006.SH,10.973030409613635,10.989911994859193,10.8210961424036,10.83797772764916,933415.49,601229568.0
2025-07-16,601006.SH,601006.SH,10.83797772764916,10.888622483385838,10.83797772764916,10.83797772764916,630160.48,405234070.0
2025-07-17,601006.SH,601006.SH,10.854855316409855,10.888618474470228,10.804210579319296,10.821092158349483,631255.07,404997639.0
2025-07-18,601006.SH,601006.SH,10.83797306211651,10.87173621807326,10.821091484138135,10.83797306211651,488365.81,313635381.0
2025-07-21,601006.SH,601006.SH,10.854859714655413,10.905504472266559,10.837978128785032,10.905504472266559,1013548.33,653375699.0
2025-07-22,601006.SH,601006.SH,10.905505671039569,11.09120313602631,10.888624083313502,11.057439960574175,1440295.08,938705976.0
2025-07-23,601006.SH,601006.SH,11.057444187931281,11.327549694812046,11.057444187931281,11.260023318091855,2379893.86,1581307785.0
2025-07-24,601006.SH,601006.SH,11.260026041755312,11.445723622653825,11.209381246964806,11.445723622653825,1451800.89,976599140.0
2025-07-25,601006.SH,601006.SH,11.428837778906656,11.51324573886904,11.344429818944274,11.361311410936752,1353861.05,916760147.0
2025-07-28,601006.SH,601006.SH,11.378191166629605,11.411954345165597,11.192493684681644,11.192493684681644,908257.13,607486652.0
2025-07-29,601006.SH,601006.SH,11.22626018700366,11.276904969802171,11.158733809938976,11.175615404205146,715748.75,474845388.0
2025-07-30,601006.SH,601006.SH,11.209380038024682,11.310669616681531,11.175616845139066,11.260024827353107,810719.64,540349856.0
2025-07-31,601006.SH,601006.SH,11.260027754270874,11.260027754270874,11.00680374180601,11.040566943467994,1242780.81,816377818.0
2025-08-01,601006.SH,601006.SH,11.040568673326408,11.091213483754512,10.973042259422272,10.989923862898305,580924.15,379729273.0
2025-08-04,601006.SH,601006.SH,10.973043339844894,11.00680655012134,10.93928012956845,10.973043339844894,523031.62,339882812.0
2025-08-05,601006.SH,601006.SH,10.989926625399775,11.057453056277806,10.973045017680267,11.0405714485583,427063.68,278799894.0
2025-08-06,601006.SH,601006.SH,11.040572600028945,11.05745420950911,10.989927771588444,11.00680938106861,440053.14,286908671.0
2025-08-07,601006.SH,601006.SH,11.023693826659168,11.040575440482534,10.973048985189063,11.023693826659168,447812.69,292072988.0
2025-08-08,601006.SH,601006.SH,11.00681454863259,11.074341018256103,11.00681454863259,11.057459400850226,397645.64,260215790.0
2025-08-11,601006.SH,601006.SH,11.057457957095925,11.091221187499274,10.989931496289234,10.989931496289234,711848.74,464160351.0
2025-08-12,601006.SH,601006.SH,10.989934752565231,11.0236979929725,10.939289891954333,10.939289891954333,729458.25,474259903.0
2025-08-13,601006.SH,601006.SH,10.956167435442984,10.973049049365084,10.888640979754584,10.888640979754584,982044.37,635277167.0
2025-08-14,601006.SH,601006.SH,10.905526827187005,10.93929006813805,10.871763586235963,10.871763586235963,625133.86,403692214.0
2025-08-15,601006.SH,601006.SH,10.871767792472108,10.888649419479052,10.821122911451274,10.821122911451274,969604.01,622990631.0
2025-08-18,601006.SH,601006.SH,10.838005215833501,10.854886843895548,10.80424195970941,10.80424195970941,1041657.36,668247129.0
2025-08-19,601006.SH,601006.SH,10.821128989892435,10.838010626382125,10.804247353402744,10.821128989892435,729205.28,467217342.0
2025-08-20,601006.SH,601006.SH,10.821126973532996,10.871771873565132,10.77048207350086,10.871771873565132,798625.13,511516737.0
2025-08-21,601006.SH,601006.SH,10.871774098485886,10.922419008882558,10.854892461686994,10.888655735284777,820627.17,529109610.0
2025-08-22,601006.SH,601006.SH,10.905533151674467,10.922414781940217,10.838006630611467,10.905533151674467,769724.56,495809424.0
2025-08-25,601006.SH,601006.SH,10.88865179026431,10.939296682312053,10.88865179026431,10.939296682312053,792333.01,512587371.0
2025-08-26,601006.SH,601006.SH,10.939301288331707,10.956182926122343,10.888656374959801,10.905538012750437,567599.75,367027770.0
2025-08-27,601006.SH,601006.SH,10.905537194835086,10.922418831359598,10.804247375688012,10.804247375688012,872639.65,560675703.0
2025-08-28,601006.SH,601006.SH,10.804252752607391,10.854897687385238,10.770489462755492,10.854897687385238,777546.25,497579535.0
2025-08-29,601006.SH,601006.SH,10.787365825117776,10.787365825117776,10.618549458527513,10.652312731845566,1993372.89,1262980465.0
2025-09-01,601006.SH,601006.SH,10.618549510157413,10.635431146898522,10.348443322299673,10.415969869264108,2159020.53,1340500503.0
2025-09-02,601006.SH,601006.SH,10.415969869264108,10.449733142746327,10.365324959040782,10.415969869264108,1056238.2,650891677.0
2025-09-03,601006.SH,601006.SH,10.432853986780982,10.432853986780982,10.31468250149382,10.365327423759746,790523.27,484577413.0
2025-09-04,601006.SH,601006.SH,10.348449249313106,10.38221254213305,10.264041017263244,10.38221254213305,853901.93,521447758.0
2025-09-05,601006.SH,601006.SH,10.382213051065039,10.382213051065039,10.280923167640013,10.331568109352526,799356.4,488120478.0
2025-09-08,601006.SH,601006.SH,10.314686327061843,10.365331268111245,10.297804680045374,10.314686327061843,673776.0,412554332.0
2025-09-09,601006.SH,601006.SH,10.348449621094778,10.348449621094778,10.297804680045374,10.314686327061843,494835.82,302398730.0
2025-09-10,601006.SH,601006.SH,10.314689663668096,10.331571316145457,10.264044706236009,10.280926358713371,511634.8,311587183.0
2025-09-11,601006.SH,601006.SH,10.280925618352061,10.314688920875385,10.2640439670904,10.314688920875385,798148.62,486407959.0
2025-09-12,601006.SH,601006.SH,10.314685420644887,10.348448711710827,10.280922129578945,10.297803775111914,611492.3,373490373.0
2025-09-15,601006.SH,601006.SH,10.297803775111914,10.314685420644887,10.264040484045974,10.297803775111914,463551.03,282336996.0
2025-09-16,601006.SH,601006.SH,10.297806972142496,10.331570273690506,10.280925321368493,10.331570273690506,513159.9,313219191.0
2025-09-17,601006.SH,601006.SH,10.314688891703177,10.39909714777276,10.280925589275343,10.365333845344926,651193.68,399188996.0
2025-09-18,601006.SH,601006.SH,10.365330104214499,10.38221174933537,10.179632007884923,10.196513653005793,1420762.7,863395141.0
2025-09-19,601006.SH,601006.SH,10.196513653005793,10.230276943247533,10.179632007884923,10.196513653005793,654415.4,395519952.0
2025-09-22,601006.SH,601006.SH,10.196513653005793,10.230276943247533,10.179632007884923,10.196513653005793,517806.84,312968433.0
2025-09-23,601006.SH,601006.SH,10.21339907961517,10.2471623823577,10.145872474130112,10.21339907961517,728880.07,440268976.0
2025-09-24,601006.SH,601006.SH,10.23028401207976,10.28092898243659,10.17963904172293,10.264047325650981,532187.7,322890207.0
2025-09-25,601006.SH,601006.SH,10.247170026464062,10.247170026464062,10.145880042676938,10.162761706641458,599354.55,361170608.0
2025-09-26,601006.SH,601006.SH,10.162759081822207,10.23028572023963,10.128995762613496,10.19652240103092,604154.7,364265176.0
2025-09-29,601006.SH,601006.SH,10.196526568453812,10.213408234957875,10.04459156991725,10.078354902925375,1482139.59,888128156.0
2025-09-30,601006.SH,601006.SH,10.078358325117193,10.078358325117193,9.875778258280667,9.943304947226174,1567373.13,925385126.0
2025-10-09,601006.SH,601006.SH,9.926422918046494,9.960186261305155,9.842014559899841,9.85889623152917,1363620.7,797664096.0
2025-10-10,601006.SH,601006.SH,9.842017918949178,9.977071338077126,9.825136241558186,9.892662951122158,1620337.73,948704591.0
2025-10-13,601006.SH,601006.SH,9.825135938728645,9.892662646211317,9.774490908116642,9.85889929246998,880215.44,512536393.0
2025-10-14,601006.SH,601006.SH,9.858902889635935,10.010838036907721,9.842021206605738,9.993956353877524,1324974.98,780439368.0
2025-10-15,601006.SH,601006.SH,9.993960148193155,10.01084183763267,9.909551700995578,9.960196769314125,909489.42,536226131.00000006
2025-10-16,601006.SH,601006.SH,9.943315079874608,9.993960148193155,9.926433390435093,9.960196769314125,805123.48,475033944.0
2025-10-17,601006.SH,601006.SH,9.960196769314125,10.044605216511702,9.943315079874608,9.960196769314125,1054964.2,625127758.0
2025-10-20,601006.SH,601006.SH,9.960199288756817,10.044607757305602,9.875790820208028,10.010844369886087,930355.45,548884794.0
2025-10-21,601006.SH,601006.SH,10.010841373442876,10.044604750756344,9.909551241502475,9.926432930159208,1357146.8,801461552.0
2025-10-22,601006.SH,601006.SH,9.943311434244992,9.977074800744974,9.909548067745009,9.909548067745009,825909.8,486154073.0
2025-10-23,601006.SH,601006.SH,9.926430857657778,10.027720968450204,9.926430857657778,9.99395759818606,1018079.87,601890625.0
2025-10-24,601006.SH,601006.SH,10.045299729692394,10.045299729692394,9.94262204932075,9.976847942777965,1296823.73,756254493.0
2025-10-27,601006.SH,601006.SH,9.97685059984228,9.993963551128457,9.94262469726992,9.9597376485561,1343277.4,782581366.0
2025-10-28,601006.SH,601006.SH,9.959734036216023,9.97684698129543,9.908395200977795,9.908395200977795,888106.07,515301993.0
2025-10-29,601006.SH,601006.SH,9.925510451114555,9.925510451114555,9.839945705846326,9.874171603953616,961102.96,554225570.0
2025-10-30,601006.SH,601006.SH,9.857060677739836,9.891286582870878,9.822834772608795,9.839947725174316,1134762.86,653438249.0
2025-10-31,601006.SH,601006.SH,9.85706325812221,9.85706325812221,9.788611429940806,9.805724386986158,1051452.95,602586178.0
2025-11-03,601006.SH,601006.SH,9.80572826841873,9.874180123695648,9.7886153045995,9.857067159876419,742676.53,426637194.0
2025-11-04,601006.SH,601006.SH,9.85706825701085,9.891294188458804,9.822842325562895,9.839955291286872,931525.5,537003002.0
2025-11-05,601006.SH,601006.SH,9.839956576995316,9.857069544955307,9.771504705155348,9.822843609035324,907554.26,520008666.0
2025-11-06,601006.SH,601006.SH,9.822843609035324,9.857069544955307,9.805730641075334,9.822843609035324,872656.06,500949711.0
2025-11-07,601006.SH,601006.SH,9.822843609035324,9.891295480875291,9.805730641075334,9.822843609035324,1370312.67,787843325.0
2025-11-10,601006.SH,601006.SH,9.839956576995316,9.891295480875291,9.805730641075334,9.822843609035324,2936703.81,1687306958.0
2025-11-11,601006.SH,601006.SH,9.822845186176007,9.83995815688363,9.788619244760758,9.805732215468383,1176907.32,674401777.0
2025-11-12,601006.SH,601006.SH,9.805734186900562,9.839960135196899,9.788621212752393,9.788621212752393,1300021.12,744960066.0
2025-11-13,601006.SH,601006.SH,9.788621212752393,9.805734186900562,9.754395264456056,9.788621212752393,1201079.68,686483302.0
2025-11-14,601006.SH,601006.SH,9.7715107028725,9.805736659800251,9.7715107028725,9.7715107028725,804031.1,459803855.0
2025-11-17,601006.SH,601006.SH,9.77150704499591,9.788620017053697,9.720168128822552,9.73728110088034,1007313.26,573370544.0
2025-11-18,601006.SH,601006.SH,9.73727989449153,9.73727989449153,9.66882801474115,9.66882801474115,822883.06,466647650.0
2025-11-19,601006.SH,601006.SH,9.668823698300073,9.703049622895826,9.583258886810691,9.583258886810691,1179451.8,663367964.0
2025-11-20,601006.SH,601006.SH,9.583257525068754,9.703048244132113,9.583257525068754,9.634596404667336,1095042.3,617619740.0
2025-11-21,601006.SH,601006.SH,9.617485326858047,9.651711253288145,9.531920510782797,9.531920510782797,1329010.9,744517997.0
2025-11-24,601006.SH,601006.SH,9.549033439524802,9.566146402678072,9.46346862375845,9.48058158691172,1064880.38,590528183.0
2025-11-25,601006.SH,601006.SH,9.48058158691172,9.51480751321826,9.46346862375845,9.48058158691172,522724.38,289828441.0
2025-11-26,601006.SH,601006.SH,9.49769455006499,9.549033439524802,9.46346862375845,9.48058158691172,782052.01,433895330.0
2025-11-27,601006.SH,601006.SH,9.480583135464068,9.480583135464068,9.429244237618594,9.429244237618594,717653.77,395989865.0
2025-11-28,601006.SH,601006.SH,9.429240882321828,9.429240882321828,9.360789042885735,9.37790200274476,1000941.64,549060332.0
2025-12-01,601006.SH,601006.SH,9.360788230376016,9.463465980617801,9.343675272002384,9.463465980617801,976748.95,536715807.0
2025-12-02,601006.SH,601006.SH,9.463462528427854,9.463462528427854,9.395010719903963,9.429236624165908,771641.14,425095376.0
2025-12-03,601006.SH,601006.SH,9.42923500193165,9.566138595426121,9.412122052744841,9.549025646239313,1188831.58,660253191.0
2025-12-04,601006.SH,601006.SH,9.549025646239313,9.60036449379974,9.514799747865695,9.549025646239313,722727.6,403425207.0
2025-12-05,601006.SH,601006.SH,9.531914891449672,9.549027844576152,9.446350125817268,9.51480193832319,771561.54,428368273.0
2025-12-08,601006.SH,601006.SH,9.514804282549754,9.549030197235187,9.412126538493462,9.446352453178893,871266.42,482096476.0
2025-12-09,601006.SH,601006.SH,9.429239220026613,9.446352176868766,9.343674435815846,9.360787392657999,912110.62,499928817.0
2025-12-10,601006.SH,601006.SH,9.360787392657999,9.360787392657999,9.30944852213154,9.360787392657999,664017.29,362343759.0
2025-12-11,601006.SH,601006.SH,9.360791728905099,9.360791728905099,9.292339869827183,9.309452834596662,823651.27,448890966.0
2025-12-12,601006.SH,601006.SH,9.309452834596662,9.309452834596662,9.241000975518746,9.309452834596662,1777835.05,962393697.0
2025-12-15,601006.SH,601006.SH,9.275231285976684,9.309457231681396,9.241005340271974,9.275231285976684,861789.67,466965562.0
2025-12-16,601006.SH,601006.SH,9.275231115162113,9.36079597784811,9.275231115162113,9.292344087699313,955657.08,520146094.0
2025-12-17,601006.SH,601006.SH,9.309455767256365,9.309455767256365,9.172552005973182,9.241003886614774,1223134.75,658380337.0
2025-12-18,601006.SH,601006.SH,9.223892280430851,9.27523119850375,9.18966633504892,9.258118225812785,907303.28,489393163.0
2025-12-19,601006.SH,601006.SH,9.241003932978213,9.258116903224467,9.223890962731955,9.223890962731955,885414.44,478086990.0
2025-12-22,601006.SH,601006.SH,9.223889689284322,9.241002657167968,9.155437817749744,9.17255078563339,1273927.32,684346593.0
2025-12-23,601006.SH,601006.SH,9.172554102261925,9.172554102261925,9.06987625783362,9.086989231905003,1128350.27,600542089.0
2025-12-24,601006.SH,601006.SH,9.069880612745846,9.086993595034047,9.001428683593048,9.052767630457648,1053979.11,556782370.0
2025-12-25,601006.SH,601006.SH,9.052766932781946,9.121218856659315,9.052766932781946,9.104105875689973,843493.07,448119847.0
2025-12-26,601006.SH,601006.SH,9.086991036017537,9.121216990955457,9.018539126141699,9.035652103610659,1046605.41,554033795.0
2025-12-29,601006.SH,601006.SH,9.035650451377132,9.052763425716861,8.984311528357944,8.984311528357944,886866.4,467070877.0
2025-12-30,601006.SH,601006.SH,8.984314563598325,8.984314563598325,8.864523702750347,8.864523702750347,1337906.35,696174102.0
2025-12-31,601006.SH,601006.SH,8.847410756921494,8.864523737108964,8.830297776734026,8.830297776734026,936915.99,484254339.0
