Date,Symbol,Name,Open,High,Low,Close,Volume,Amount
2017-01-03,601336.SH,601336.SH,43.78,45.55,43.78,45.01,78428.45,351744514.0
2017-01-04,601336.SH,601336.SH,44.98851563944975,45.3485037619259,44.668526197248724,45.068513,37611.06,169429836.0
2017-01-05,601336.SH,601336.SH,45.33722572779965,45.64720675946303,44.797258769418264,44.8972526506,28225.18,127671917.0
2017-01-06,601336.SH,601336.SH,44.807227772867705,45.197203645026114,44.15726798593701,44.23726303663618,57500.99,255919316.0
2017-01-09,601336.SH,601336.SH,44.49734251596566,45.247297726908904,44.24735744565125,44.6973305722172,46054.02,206208076.0
2017-01-10,601336.SH,601336.SH,44.665480450946,44.83546325096079,44.3555118156249,44.37550979209723,12787.01,57025864.0
2017-01-11,601336.SH,601336.SH,44.34421962416138,45.08412317595122,44.32422223086976,44.50419877049431,29520.63,131989848.0
2017-01-12,601336.SH,601336.SH,44.513481681271244,44.873428972494466,43.7935870988248,44.023553423772974,23183.52,102818241.0
2017-01-13,601336.SH,601336.SH,44.02538146246102,45.685207336358026,43.99538460931831,45.00527866512311,121929.04,547405014.0
2017-01-16,601336.SH,601336.SH,44.9974174810768,45.94736296123287,44.59744043680057,45.79737156962928,136318.38,619349298.0
2017-01-17,601336.SH,601336.SH,45.46931124274989,46.31929836736695,45.09931684732835,45.449311545700084,56036.86,256171785.0
2017-01-18,601336.SH,601336.SH,45.439281900905215,46.239269258315524,45.309283955326045,45.74927700190171,42031.48,192796850.0
2017-01-19,601336.SH,601336.SH,45.47713507793446,45.9971023215696,45.27714767653634,45.55713003849372,30763.31,140418044.0
2017-01-20,601336.SH,601336.SH,45.527708346893874,46.03768267715778,45.36771640014441,45.807694253705435,25580.67,117161293.0
2017-01-23,601336.SH,601336.SH,45.89640422830093,46.49635722474931,45.72641754597389,45.876405795085994,29606.21,136292517.0
2017-01-24,601336.SH,601336.SH,45.94475064537505,46.41469695230272,45.44480776566477,45.89475635740402,37655.13,173377127.0
2017-01-25,601336.SH,601336.SH,45.67364187004481,45.91360846480862,44.98373791009887,45.683640478159965,48511.31,219858777.0
2017-01-26,601336.SH,601336.SH,45.65339250567962,46.203312914749354,45.31344170734561,46.16331870318064,32390.31,148929177.0
2017-02-03,601336.SH,601336.SH,46.07443140292504,46.07443140292504,44.77458850310294,44.824582460788406,40243.08,181877680.0
2017-02-06,601336.SH,601336.SH,45.05389183571505,45.38384710215504,45.023895902402316,45.26386336890413,89227.58,403680613.0
2017-02-07,601336.SH,601336.SH,45.45256061935192,45.85249516065726,44.99263589685078,45.80250334299409,66539.25,302249214.0
2017-02-08,601336.SH,601336.SH,45.64369442392919,46.183619834420355,45.493715143237196,45.95365160402597,61498.52,282429243.0
2017-02-09,601336.SH,601336.SH,46.04409387561891,47.07396177337977,45.85411824399313,46.574025900680326,56747.29,265023414.0
2017-02-10,601336.SH,601336.SH,46.83313514460308,46.89312635102229,46.08324506436285,46.31321135563652,36321.95,169038505.0
2017-02-13,601336.SH,601336.SH,46.70478418614382,47.494695971779734,46.50480651889421,46.98475292029325,73943.86,348089159.0
2017-02-14,601336.SH,601336.SH,46.98387157628633,46.98387157628633,46.313958957514004,46.37395113232944,40229.69,187043793.0
2017-02-15,601336.SH,601336.SH,46.543928960973155,46.88388461826061,46.17397721627799,46.37395113232944,43703.43,203506439.0
2017-02-16,601336.SH,601336.SH,46.15395777978452,46.39392636442811,45.82400097589958,46.05397086951636,63904.81,293981948.0
2017-02-17,601336.SH,601336.SH,46.121954395105526,46.68185672463639,45.852001486224566,45.90199276564696,67989.27,315340528.0
2017-02-20,601336.SH,601336.SH,45.90078960550922,46.480673246789884,45.61084778486888,46.42068528389878,94572.1,434718309.0
2017-02-21,601336.SH,601336.SH,46.44282514953094,46.742778810345996,46.192863765518396,46.39283287272843,92376.2,429597068.0
2017-02-22,601336.SH,601336.SH,46.44371111714705,46.44371111714705,45.74380589040856,46.1237544420666,51163.74,235295875.0
2017-02-23,601336.SH,601336.SH,46.08332110948413,46.08332110948413,45.19345007916431,45.473409504433455,63619.87,289767203.0
2017-02-24,601336.SH,601336.SH,45.351444186268814,45.351444186268814,44.911527179170974,45.19147436550597,36274.55,163512728.0
2017-02-27,601336.SH,601336.SH,45.200613835321676,45.2206096830701,43.88088788392542,44.210819371774484,78225.13,347880420.0
2017-02-28,601336.SH,601336.SH,44.11043785810201,44.46036200248859,44.05045086192146,44.290398846643676,38417.51,170165586.0
2017-03-01,601336.SH,601336.SH,44.312544046067,44.61249357706475,44.09258105666866,44.312544046067,39658.65,175979933.0
2017-03-02,601336.SH,601336.SH,44.341736600813476,44.84164343960506,44.13177572852101,44.201762685951834,40361.12,179423785.0
2017-03-03,601336.SH,601336.SH,44.09189145591937,44.191873069198095,43.68196684147657,43.97191351998489,40244.31,176464878.0
2017-03-06,601336.SH,601336.SH,44.03083950982061,44.03083950982061,43.44096223210049,43.650918551289,65659.65,286315050.0
2017-03-07,601336.SH,601336.SH,43.59063258533696,44.170507972940065,43.41067125814979,44.100523012367276,70003.05,306137936.0
2017-03-08,601336.SH,601336.SH,43.992357608306854,44.04234892377084,43.66241492624456,43.862380188100495,39705.3,174094470.0
2017-03-09,601336.SH,601336.SH,43.86063947478838,44.09059039977588,43.720669346535125,43.91062880630741,43724.44,192073216.0
2017-03-10,601336.SH,601336.SH,43.89137100397411,43.961357244754936,43.25149680254943,43.29148894013847,43451.19,188822768.0
2017-03-13,601336.SH,601336.SH,43.26039087535596,44.07021099574048,43.15041530345188,43.88025318972436,73330.58,321210047.0
2017-03-14,601336.SH,601336.SH,43.77887623364377,43.91884067010666,43.42896514248653,43.638911797180874,50699.03,221033669.0
2017-03-15,601336.SH,601336.SH,43.5892450789047,43.629235212004616,43.29931661393034,43.4992672794299,31899.55,138595247.0
2017-03-16,601336.SH,601336.SH,43.68898290515705,44.27883416177129,43.638995510528716,43.768962736562365,101783.24,447352754.0
2017-03-17,601336.SH,601336.SH,43.988615095683116,44.08858922090058,43.298793631682635,43.348780694291364,70365.19,307436576.0
2017-03-20,601336.SH,601336.SH,43.318739806706326,43.44870602352774,42.478958098014125,42.728893130363,79619.93,341566753.0
2017-03-21,601336.SH,601336.SH,42.69762076967916,42.92755410559642,42.017817863489,42.147780183790054,101335.82,429901183.0
2017-03-22,601336.SH,601336.SH,42.16910308702527,42.16910308702527,40.7994570171053,41.11937434730558,121336.43,501302252.0
2017-03-23,601336.SH,601336.SH,41.141378474114084,41.76124857506064,41.0913889498442,41.411321905171455,111972.2,464508397.0
2017-03-24,601336.SH,601336.SH,41.46125178718082,41.84117162511496,41.29128764915765,41.70120115850765,75552.97,314171035.0
2017-03-27,601336.SH,601336.SH,41.362966960943446,42.352798657615764,41.352968660977055,41.742902359666154,71698.02,300884833.0
2017-03-28,601336.SH,601336.SH,41.792793636731034,42.34269881616171,41.622822944907014,41.69281087683455,72086.43,303202321.0
2017-03-29,601336.SH,601336.SH,41.79426606623658,41.984240002901295,41.32433053869756,41.43431544939818,60925.14,252788316.0
2017-03-30,601336.SH,601336.SH,41.71399065858506,42.253912877080644,41.464026668540804,41.943957529425774,104678.78,439208041.0
2017-03-31,601336.SH,601336.SH,41.98307109001076,42.49298693320927,41.98307109001076,42.183038087343505,82384.64,348525340.0
2017-04-05,601336.SH,601336.SH,42.22412682486923,42.38410457272571,41.55422000572023,42.20412960638718,87864.1,368302408.0
2017-04-06,601336.SH,601336.SH,42.2053548875693,42.2053548875693,41.54542751903587,41.84539450473289,79649.6,332787677.0
2017-04-07,601336.SH,601336.SH,41.696018946397714,42.515940661890426,41.696018946397714,42.175973121320276,96862.26,408687822.0
2017-04-10,601336.SH,601336.SH,42.154267168114735,42.7541855813232,42.01428620503276,42.10427396701403,77837.14,330321260.0
2017-04-11,601336.SH,601336.SH,41.984812094824306,42.23478120708213,41.61485780868272,42.07480097523712,56662.05,237566602.0
2017-04-12,601336.SH,601336.SH,42.02300312246674,42.732884926343765,41.863029758212754,42.48292654469692,84478.66,358983525.0
2017-04-13,601336.SH,601336.SH,42.38224985364458,42.89215661055326,42.14229373274638,42.23227727808321,85865.15,365727011.0
2017-04-14,601336.SH,601336.SH,42.10273194368059,42.412678438635254,41.65280961229478,42.202714683988546,51879.59,217772926.0
2017-04-17,601336.SH,601336.SH,42.014486318717466,42.15446794852756,41.13460178848254,41.6245374928179,50699.75,210909638.0
2017-04-18,601336.SH,601336.SH,41.543474366918964,41.59346651417158,40.88357802318451,40.93357017043712,64997.36,267376711.0
2017-04-19,601336.SH,601336.SH,40.893106756131296,41.29303934054334,40.35319776717504,40.9131033853519,57379.14,234121209.0
2017-04-20,601336.SH,601336.SH,40.76505618687739,41.784932500603524,40.51508650214058,41.44497372936148,55689.28,229011786.0
2017-04-21,601336.SH,601336.SH,41.403687777114044,41.77363137715105,41.203718263580534,41.693643571737645,66016.13,273925195.0
2017-04-24,601336.SH,601336.SH,41.585340389093076,42.8252014634493,41.40536055571878,42.81520258381739,141636.73,598755594.0
2017-04-25,601336.SH,601336.SH,42.77577154176657,44.2256282209522,42.50579822909062,43.795670722986806,157744.54,688177895.0
2017-04-26,601336.SH,601336.SH,43.714351547240796,45.75408798723099,43.714351547240796,44.7942120154709,156029.57,700848379.0
2017-04-27,601336.SH,601336.SH,44.49218589161826,45.81195410233593,44.33221398728885,44.81212970027709,123282.75,556099861.0
2017-04-28,601336.SH,601336.SH,44.66009225791396,44.990019064386125,44.530121091727956,44.8300545521572,57806.45,259051718.0
2017-05-02,601336.SH,601336.SH,44.499457616784255,45.48922313106456,44.44946945949738,44.87936761216458,60562.27,272426378.0
2017-05-03,601336.SH,601336.SH,44.95923318097411,45.879012912495035,44.54933134410065,45.539094316063384,101496.12,462368027.0
2017-05-04,601336.SH,601336.SH,45.48687058404955,46.09669456330823,44.867049490376786,45.766789787643695,100991.67,462455083.0
2017-05-05,601336.SH,601336.SH,45.665012262700124,46.16484821128484,45.08520256234185,45.89493679904909,131167.83,596761683.0
2017-05-08,601336.SH,601336.SH,45.8369868977125,46.95666902040471,45.28714299817614,46.3768336354391,139670.12,650204716.0
2017-05-09,601336.SH,601336.SH,46.17747744361306,46.98725784476756,46.08750184348478,46.947268689154996,115738.67,542034887.0
2017-05-10,601336.SH,601336.SH,46.73928786169032,49.628625656776634,46.309386390449106,48.7688227142942,188416.7,908855190.0
2017-05-11,601336.SH,601336.SH,48.1896841551243,48.959519358432296,47.759776184445805,48.53960924753702,183701.57,891953216.0
2017-05-12,601336.SH,601336.SH,48.00046836884803,51.86970004115468,48.00046836884803,50.0200673295869,162783.58,818998181.0
2017-05-15,601336.SH,601336.SH,50.18941311445059,50.62932032103143,48.59974843612436,49.00966196952924,135759.85,670962353.0
2017-05-16,601336.SH,601336.SH,48.98966618741193,49.36958604764084,48.60974632718301,49.00966196952924,118208.13,579584865.0
2017-05-17,601336.SH,601336.SH,48.68834148612,48.968274455650054,47.718573698819455,48.32842766815279,163202.58,787813127.0
2017-05-18,601336.SH,601336.SH,48.0106096640774,48.49051579982827,47.470715261357654,47.83064486317082,91838.61,441178661.0
2017-05-19,601336.SH,601336.SH,47.7607221530835,48.540570662177174,47.74072603746571,48.05066582954141,80416.09,387802176.0
2017-05-22,601336.SH,601336.SH,48.069466674645945,50.149010990021644,47.98948420097765,49.93905699664237,147221.67,731055482.0
2017-05-23,601336.SH,601336.SH,49.76806002641573,51.96753234578323,49.308170359638886,50.9977650049712,151303.77,773292395.0
2017-05-24,601336.SH,601336.SH,50.50535212702086,50.97521585425166,49.09576094532847,50.36539271890956,106980.44,534848998.99999994
2017-05-25,601336.SH,601336.SH,49.87372618037507,52.482874813984594,49.87372618037507,52.10299876771194,123917.84,641760636.0
2017-05-26,601336.SH,601336.SH,51.59555242034453,53.48502333827616,51.495580414104765,52.28535926339893,113507.71,592372285.0
2017-05-31,601336.SH,601336.SH,51.814328964200286,53.743745419938406,51.39445595310702,53.053954044570894,119537.98,630681588.0
2017-06-01,601336.SH,601336.SH,52.48213591556203,53.231880714355775,51.782374103354535,53.19189432508678,141574.44,741955176.0
2017-06-02,601336.SH,601336.SH,52.76161168920912,52.971538526168835,50.48240603078932,50.782301512160345,114589.51,589773961.0
2017-06-05,601336.SH,601336.SH,50.640001422013384,50.640001422013384,48.94067251523442,50.000254068873076,143029.61,711022998.0
2017-06-06,601336.SH,601336.SH,49.560778151530876,51.090184980329624,49.46081692089043,50.90025864211279,113608.32,575257886.0
2017-06-07,601336.SH,601336.SH,50.70280192391428,51.782435718824125,50.262951118580645,50.48287652124746,134166.48,684646776.0
2017-06-08,601336.SH,601336.SH,50.490679483721934,51.81017457218982,50.28075981055659,51.77018987253928,97811.25,499178874.0
2017-06-09,601336.SH,601336.SH,51.6783775263293,53.67754106699968,51.57841934929578,52.72793838518125,151571.98,800942689.0
2017-06-12,601336.SH,601336.SH,52.38666723576953,53.97595937285928,51.96685421842508,52.79648470508199,96674.68,512181934.0
2017-06-13,601336.SH,601336.SH,52.5040073907945,52.773873790861394,50.774863419995434,51.344581375692236,91690.91,470276083.0
2017-06-14,601336.SH,601336.SH,51.314592104260306,51.34457725741822,49.31558189373205,49.84531959952203,156864.28,785604226.0
2017-06-15,601336.SH,601336.SH,49.87661805825375,50.256439999378735,48.90707257696104,49.3468664035268,95162.15,469817766.0
2017-06-16,601336.SH,601336.SH,49.27917121050159,49.818943065545625,48.95930640751253,49.1692176844741,91252.84,450002406.0
2017-06-19,601336.SH,601336.SH,49.17805177692354,50.23757890870278,49.128074082028284,49.84775288851985,136872.19,680340905.0
2017-06-20,601336.SH,601336.SH,49.92514835194273,49.94513840133289,47.976118536401415,48.89566080834911,162669.54,791616451.0
2017-06-21,601336.SH,601336.SH,48.57545808448088,49.62492785791102,48.2856045280097,49.36505915210927,115767.27,568887216.0
2017-06-22,601336.SH,601336.SH,49.286463212119955,51.76527945154517,49.286463212119955,50.4658999712013,186467.48,946460993.0
2017-06-23,601336.SH,601336.SH,50.02652783805149,52.17551954338238,49.94656535599267,52.055575820294145,125967.39,645094615.0
2017-06-26,601336.SH,601336.SH,51.8476247138665,53.32698628272177,50.87804314508975,51.22789216475147,219012.91,1131670947.0
2017-06-27,601336.SH,601336.SH,50.977628375851744,51.65733008752977,50.118005622847186,51.41743536576105,101703.04,516681999.0
2017-06-28,601336.SH,601336.SH,50.97592608176168,51.1258552761198,50.176303711851695,50.28625178771431,83949.03,424536330.0
2017-06-29,601336.SH,601336.SH,50.40514348892333,50.96486746976404,50.02533078763856,50.92488718541828,70317.52,355839494.0
2017-06-30,601336.SH,601336.SH,50.48349324884727,51.46297896224799,50.48349324884727,51.37302619264996,81082.24,414948440.0
2017-07-03,601336.SH,601336.SH,51.3116689082723,51.371635798309235,49.42271187210879,50.22227040593461,124082.53,621245098.0
2017-07-04,601336.SH,601336.SH,49.84148424861904,50.141312708105424,49.021953126022936,50.021381324310866,99730.74,494696828.0
2017-07-05,601336.SH,601336.SH,49.75027084122116,54.41748186630157,49.5703783391838,53.657935746588265,204123.63,1076415588.0
2017-07-06,601336.SH,601336.SH,53.66748787066479,56.465792638595175,53.28771793787424,56.195956107401884,211145.24,1159040809.0
2017-07-07,601336.SH,601336.SH,55.73760507485187,56.52714619031059,54.878104620048695,55.847541179535995,116358.12,650299778.0
2017-07-10,601336.SH,601336.SH,55.17765571431129,56.99658948355684,54.84784904186567,55.417515112453565,76769.39,428998416.0
2017-07-11,601336.SH,601336.SH,55.11877413709888,57.1176417395322,55.09878546107455,55.42859861547605,71131.0,400190340.0
2017-07-12,601336.SH,601336.SH,55.19083383138189,57.10981972338213,53.87153103063173,54.23134088538177,108503.93,601497416.0
2017-07-13,601336.SH,601336.SH,54.378867969350125,57.267214384189714,54.378867969350125,57.12729448866115,167796.75,944750419.0
2017-07-14,601336.SH,601336.SH,56.96612558258684,57.9355491232028,56.16660101300668,57.63572740961023,119963.14,687123730.0
2017-07-17,601336.SH,601336.SH,57.65799866346994,60.64634007452515,56.268769713180056,60.39647875253057,192379.92,1139750518.0
2017-07-18,601336.SH,601336.SH,59.936773838937896,61.79574331268184,58.8473777494858,61.52589290520289,180448.84,1093636858.0
2017-07-19,601336.SH,601336.SH,61.028261224021236,62.417538706847786,60.39858869583365,60.898328797569825,156986.61,960613883.0
2017-07-20,601336.SH,601336.SH,60.470394595208525,61.95966547036325,58.9811237200538,61.020125455164965,142805.24,859898639.0
2017-07-21,601336.SH,601336.SH,60.46917949311434,60.61910307863446,59.08988250632925,59.4397042058762,114816.19,685719625.0
2017-07-24,601336.SH,601336.SH,59.0018386877058,61.57061262345718,59.0018386877058,59.671519052279116,130851.21,787365615.0
2017-07-25,601336.SH,601336.SH,59.1408829938264,60.32030232681128,58.3712619036583,59.85053360943595,76115.81,453155864.0
2017-07-26,601336.SH,601336.SH,59.50841003053021,59.76827208306527,57.36954544428004,58.988685925460075,112643.28,658885140.0
2017-07-27,601336.SH,601336.SH,58.56989807666291,59.51941007619925,57.70034498235068,59.28952822367993,76443.52,448696830.0
2017-07-28,601336.SH,601336.SH,58.71797757624129,59.537530624964994,58.26822285438071,58.578053884995775,43414.77,255659280.0
2017-07-31,601336.SH,601336.SH,58.54933779342194,58.79920693729964,57.000149101380224,57.42992402884986,159917.49,925941356.0
2017-08-01,601336.SH,601336.SH,57.59143103969017,63.178659424137734,57.59143103969017,63.178659424137734,216939.89,1320355940.0
2017-08-02,601336.SH,601336.SH,62.96710558887788,65.09599344450184,61.10807675720625,63.69672443141567,211602.49,1327871239.0
2017-08-03,601336.SH,601336.SH,63.26569202354982,63.68546438768712,61.51664050631108,61.62658088739466,115495.04,722882882.0
2017-08-04,601336.SH,601336.SH,61.218600924004676,61.71834460501696,59.649405765626106,60.578929012308954,103025.83,623902814.0
2017-08-07,601336.SH,601336.SH,60.267585673883666,61.76677934736336,59.4680157146945,60.62739215551879,77613.86,472634195.0
2017-08-08,601336.SH,601336.SH,60.238829130695834,62.85747410037267,60.018942911868,62.39771200645994,91251.68,559663300.0
2017-08-09,601336.SH,601336.SH,61.76554957713556,62.3352318305169,60.96599553730209,61.255833876741725,74373.14,457981632.0
2017-08-10,601336.SH,601336.SH,61.55652566428396,62.211275159976715,59.481473416396135,60.99243379107173,83258.55,500592049.0
2017-08-11,601336.SH,601336.SH,59.915430521698326,61.39619183418819,59.63338074789074,61.08392244175835,107567.02,647388803.0
2017-08-14,601336.SH,601336.SH,60.54081744622381,62.10218628219131,59.332015766765096,60.973971381363185,98308.0,592584992.0
2017-08-15,601336.SH,601336.SH,60.99575484026277,63.96747204552743,60.72376716384872,62.31539875175317,98274.66,610275927.0
2017-08-16,601336.SH,601336.SH,61.44963504217987,62.19508963121615,60.44226397591463,61.530224727481084,72870.67,441841979.0
2017-08-17,601336.SH,601336.SH,61.44682872935272,61.648293741580105,59.81496213031089,60.348844412713454,87546.38,525256636.00000006
2017-08-18,601336.SH,601336.SH,59.84518188214499,61.42668222812998,59.82503538092226,60.348844412713454,86296.68,518384223.0
2017-08-21,601336.SH,601336.SH,59.935381032345106,60.600210469006406,58.72660023841545,59.310844288814785,101729.64,599591087.0
2017-08-22,601336.SH,601336.SH,59.0101477226902,60.6621900966269,58.979927435362086,60.289473219580216,99175.21,591510737.0
2017-08-23,601336.SH,601336.SH,59.68679895108464,62.94061094453617,59.68679895108464,61.98360741705043,111435.87,682677653.0
2017-08-24,601336.SH,601336.SH,61.60861064869608,63.36137360698142,61.145236533287324,61.568317247356184,72119.48,445608019.0
2017-08-25,601336.SH,601336.SH,61.469606485310095,65.45878448730662,61.177469712436604,64.65288994144873,134116.19,851401801.0
2017-08-28,601336.SH,601336.SH,64.8323073996991,67.35065370950718,64.3286381377375,65.8295725383831,158447.16,1038003777.0
2017-08-29,601336.SH,601336.SH,65.31363364264149,66.36123048083314,64.59844733964525,65.60575199175261,59644.26,387067494.0
2017-08-30,601336.SH,601336.SH,65.27632736473021,65.60875310593947,62.143466591515526,62.49603934734354,204529.11,1288401703.0
2017-08-31,601336.SH,601336.SH,62.45882237630363,63.00281857119401,60.998091852986846,61.91482618141325,125722.33,771301851.0
2017-09-01,601336.SH,601336.SH,61.95508930660089,63.13374710316549,60.3029535917582,60.72606151873011,218497.31,1331403487.0
2017-09-04,601336.SH,601336.SH,60.34398714645407,61.40176989276086,60.253320053913484,61.32117692161367,114554.66,691463050.0
2017-09-05,601336.SH,601336.SH,61.25196134090111,62.30976659432128,60.44601448115242,61.97731351467494,156911.13,958089009.0
2017-09-06,601336.SH,601336.SH,61.50183725363136,61.58242934176061,60.45414010795115,60.756360438435834,102401.52,617033834.0
2017-09-07,601336.SH,601336.SH,60.849923184392615,60.95066809032704,59.419345520123784,59.74172921911395,127142.48,756311882.0
2017-09-08,601336.SH,601336.SH,59.72017313236778,60.244034300195565,59.19631196453999,59.86121267755218,86239.27,511579308.0
2017-09-11,601336.SH,601336.SH,59.83880774902257,60.040285216190995,57.783737583904625,57.81395920397989,258438.76,1506633928.0
2017-09-12,601336.SH,601336.SH,57.91512363363162,58.28785968763134,56.73647178720009,58.24756389800975,292747.5,1667289856.0
2017-09-13,601336.SH,601336.SH,58.21593296058389,58.21593296058389,57.02723593872044,57.26900482452318,152041.29,868691548.0
2017-09-14,601336.SH,601336.SH,57.24857295100069,57.52056159602568,56.362091441289614,56.76503758206737,156485.01,883587819.0
2017-09-15,601336.SH,601336.SH,56.837780630930894,57.84518546309911,55.91096818533613,57.32133495037163,170184.72,963733919.0
2017-09-18,601336.SH,601336.SH,57.222498797557044,58.109044553575536,56.90011852264123,57.21242441396592,135830.9,775163882.0
2017-09-19,601336.SH,601336.SH,57.44574551955571,58.28194279737456,57.173729537614626,57.647238839512056,160111.34,915587452.0
2017-09-20,601336.SH,601336.SH,57.67544854272872,57.987752281562706,57.0709896933726,57.23217871986757,98637.63,562676801.0
2017-09-21,601336.SH,601336.SH,57.12079242894469,58.51103393779731,56.63723016499595,58.067768529177634,178783.48,1026904675.0
2017-09-22,601336.SH,601336.SH,57.82724070937187,58.74401403769119,57.63582649796455,58.38133447923519,132947.66,769300061.0
2017-09-25,601336.SH,601336.SH,57.940649312260604,59.62315469135076,57.93057442975108,59.50225610123651,162184.51,952105954.0
2017-09-26,601336.SH,601336.SH,59.49029130151355,59.913422924657254,58.94626492890022,59.62126061343899,94995.62,560737566.0
2017-09-27,601336.SH,601336.SH,59.13965423722295,59.341152207366804,58.031415401431715,58.17246398053242,123500.27,716739739.0
2017-09-28,601336.SH,601336.SH,57.929867023757716,58.28248360564146,57.214559100507834,57.6779980366979,92581.74,528610361.00000006
2017-09-29,601336.SH,601336.SH,57.669729533856,57.830930734509685,56.97454935603698,57.09545025652725,106042.79,602623543.0
2017-10-09,601336.SH,601336.SH,58.48544643761278,58.71717172065586,56.13796857026329,56.79284437016766,202379.88,1147207075.0
2017-10-10,601336.SH,601336.SH,56.57041527327555,57.0640840797565,53.91064864243944,54.958435497011244,452868.57,2460939618.0
2017-10-11,601336.SH,601336.SH,54.60677698581695,56.0978845492673,54.45565121925103,55.7553328117179,214219.58,1179589585.0
2017-10-12,601336.SH,601336.SH,55.46100319076493,57.929294885903424,55.4207045508443,57.76810032622092,228283.24,1291646177.0
2017-10-13,601336.SH,601336.SH,57.72707660280084,59.04684048324882,57.72707660280084,58.3919958097441,213041.19,1237594833.0
2017-10-16,601336.SH,601336.SH,58.43246550981026,59.691785887176856,57.87836454376895,59.01679016490836,170953.32,1004705394.0
2017-10-17,601336.SH,601336.SH,58.53588746098988,59.64414006352153,58.022061254361574,58.65678774490242,80507.97,470389163.0
2017-10-18,601336.SH,601336.SH,58.82787955617653,60.12755355219413,58.05210515545284,60.046953614456605,161101.56,952583028.0
2017-10-19,601336.SH,601336.SH,60.16949948069217,60.64303706870163,59.303026447313144,60.401230640781904,147321.45,878042497.0
2017-10-20,601336.SH,601336.SH,59.63291743742946,60.0359106284241,58.554910651518846,58.62543445994291,77147.32,451893065.0
2017-10-23,601336.SH,601336.SH,58.99699263270008,59.54102227787866,58.47311223363921,59.11788810940643,64262.31,377193337.0
2017-10-24,601336.SH,601336.SH,58.83657395822896,61.22429108632832,58.49403226052694,60.247039772296084,131190.64,785517934.0
2017-10-25,601336.SH,601336.SH,60.24744357283075,60.821708503207226,59.209736768817116,60.126545692751485,76646.0,456416258.0
2017-10-26,601336.SH,601336.SH,59.87357816864035,62.059774780216145,59.64186147709084,60.70977318597118,164250.71,998082595.0
2017-10-27,601336.SH,601336.SH,60.72231335200903,62.27387071988847,60.72231335200903,61.28651603123791,168163.7,1028251197.0
2017-10-30,601336.SH,601336.SH,61.69709365924096,65.08217260592694,61.455302305906244,64.63888845814662,208442.17,1310479695.0
2017-10-31,601336.SH,601336.SH,63.80529657496909,65.48783005483959,62.969067360422684,64.39972457085149,132385.28,841309575.0
2017-11-01,601336.SH,601336.SH,63.62557900412242,66.74892492514823,63.28301848375185,63.736407407771715,188155.46,1211697651.0
2017-11-02,601336.SH,601336.SH,63.91506990360285,64.78151000633139,62.0612910791604,64.03596852258823,132990.74,841148757.0
2017-11-03,601336.SH,601336.SH,63.92496606214049,64.47908318324652,62.524560974254356,63.42122322477138,138815.87,871532344.0
2017-11-06,601336.SH,601336.SH,63.333132124593774,63.42380953298088,60.965444238930466,62.01327206918146,136809.34,836512185.0
2017-11-07,601336.SH,601336.SH,61.81896712566084,64.4283400861475,61.506648354328455,62.93726982301226,189576.83,1192510201.0
2017-11-08,601336.SH,601336.SH,62.83832607962128,63.85591000362991,61.065110528873596,61.86104250903875,205452.77,1272991013.0
2017-11-09,601336.SH,601336.SH,61.4578401779512,62.334370029669515,61.20596378377927,62.29406980660201,102641.15,628185310.0
2017-11-10,601336.SH,601336.SH,62.01327477791252,68.52189793088272,61.90244682948733,67.85693024033156,377128.17,2470154417.0
2017-11-13,601336.SH,601336.SH,67.80963601622469,69.35122209504821,67.31592544196094,67.82978746823544,208578.13,1410996503.0
2017-11-14,601336.SH,601336.SH,68.64456926164961,71.82843597039486,67.36497726161593,70.80073215934416,237498.24,1638448552.0
2017-11-15,601336.SH,601336.SH,69.54157443269686,71.39547905391046,67.70782094867039,68.77583121958692,187539.96,1286628246.0
2017-11-16,601336.SH,601336.SH,67.55959785052329,71.30787084088789,67.40845781058924,70.63277866251576,221191.09,1537682049.0
2017-11-17,601336.SH,601336.SH,70.11822793049424,73.15107555329618,69.46329405846059,72.26439584961987,227688.52,1617048854.0
2017-11-20,601336.SH,601336.SH,70.806888698791,73.13453795016723,69.47680341229031,71.36109090149962,183782.2,1292260073.0
2017-11-21,601336.SH,601336.SH,70.53147427821126,73.23182215057707,70.0982095076451,71.58944639238443,216733.12,1549312117.0
2017-11-22,601336.SH,601336.SH,72.34328615790564,73.60274448238171,68.96793784830977,69.76391550937863,180625.84,1266450432.0
2017-11-23,601336.SH,601336.SH,69.79050400181211,70.04238253509425,65.89142430660478,66.86871301573943,178632.78,1200506781.0
2017-11-24,601336.SH,601336.SH,66.67685312527838,66.79775403756356,64.68198807257286,66.21339962818519,176539.54,1147778957.0
2017-11-27,601336.SH,601336.SH,65.48902957000568,65.89203898274418,63.27247779994394,64.74346215643946,172501.34,1098598560.0
2017-11-28,601336.SH,601336.SH,64.43423161437454,65.22013780138333,63.17476657109122,64.21256576675667,133574.02,848739536.0
2017-11-29,601336.SH,601336.SH,64.56703030760602,65.99782280193811,63.28737786549211,64.82900639811753,154640.64,991390994.0
2017-11-30,601336.SH,601336.SH,64.03359039043883,64.08397087068309,62.27027358189016,62.95544811321193,166191.11,1039596103.0
2017-12-01,601336.SH,601336.SH,62.80440363634925,64.74909317618808,62.31067416768551,62.653261962268516,177584.98,1115429322.0
2017-12-04,601336.SH,601336.SH,62.35835469550936,65.45158702569539,62.31805199413886,65.15939244075926,217164.08,1383801894.0
2017-12-05,601336.SH,601336.SH,64.31383126723439,67.05444886157682,64.24330066737998,66.87308446195122,242023.47,1587921161.0
2017-12-06,601336.SH,601336.SH,65.99858238598392,66.49231223894776,63.318334612751606,65.6559943247437,180287.68,1161699282.0
2017-12-07,601336.SH,601336.SH,65.39640110479696,65.39640110479696,62.675749595044245,63.52217450918953,186067.96,1171028065.0
2017-12-08,601336.SH,601336.SH,63.21081193031259,65.06491513375232,62.475216637643555,64.67192586780587,171212.34,1085375483.0
2017-12-11,601336.SH,601336.SH,64.46792437478844,66.45294799183023,63.581213317429686,66.21111770345965,157285.32,1017982122.0
2017-12-12,601336.SH,601336.SH,65.68521358419842,66.14870795831611,64.39549010839272,64.49624975494004,99146.99,642573890.0
2017-12-13,601336.SH,601336.SH,63.732431762609195,64.38738955937909,62.83564339472426,64.20601663104281,129410.3,818913471.0
2017-12-14,601336.SH,601336.SH,64.18889160228699,64.22919859858355,62.828530477277766,62.979681713389894,91108.25,572267375.0
2017-12-15,601336.SH,601336.SH,62.6395378830459,64.61465844692573,62.6395378830459,63.9999525571468,129705.07,821626297.0
2017-12-18,601336.SH,601336.SH,63.46342780995379,64.89432757956534,63.19135531854879,64.31995231993253,59959.97,382053255.0
2017-12-19,601336.SH,601336.SH,63.98763256627956,69.20741109688315,63.886864640978324,68.62295713013602,260374.55,1745680415.0
2017-12-20,601336.SH,601336.SH,68.39944006533212,69.12494974192373,67.88553737774639,69.0141079857778,169045.48,1153473491.0
2017-12-21,601336.SH,601336.SH,68.72298587376073,70.23448849561764,68.2292283506208,69.05551645056926,128404.96,884264725.0
2017-12-22,601336.SH,601336.SH,68.83271088787117,69.346613428536,67.7142171228948,68.02658925545578,91418.94,622133169.0
2017-12-25,601336.SH,601336.SH,68.19604947076469,70.13068917206297,66.78537468856801,67.61162706099749,163590.13,1110123060.0
2017-12-26,601336.SH,601336.SH,67.96274458496136,71.89239178853954,67.30780338436499,71.51957910512316,203983.78,1412841459.0
2017-12-27,601336.SH,601336.SH,70.53961099269006,70.81165348616278,67.96024512865225,68.27259021375058,118344.78,812499823.0
2017-12-28,601336.SH,601336.SH,68.27496149865507,70.97532892510719,66.90462578970923,70.08864111343634,138092.74,951857823.0
2017-12-29,601336.SH,601336.SH,70.22965706316371,71.53953588930594,68.718258417615,70.73345661167996,102667.5,713173084.0
2018-01-02,601336.SH,601336.SH,70.7455281889014,72.36780849632386,69.49607006393006,71.44079117779675,140363.84,989789473.0
2018-01-03,601336.SH,601336.SH,71.18544371020826,71.4171868390596,68.06194936482049,68.79748190421826,212346.54,1462166732.0
2018-01-04,601336.SH,601336.SH,68.76929254533295,68.9607381949097,66.6029338790697,67.31833604327757,263563.58,1770120965.0
2018-01-05,601336.SH,601336.SH,67.2883815459975,67.55036086917748,65.49483079499606,65.87772365195143,228564.51,1505589707.0
2018-01-08,601336.SH,601336.SH,65.46748980023183,65.46748980023183,62.79719815838768,64.19784169882668,444638.28,2801094366.0
2018-01-09,601336.SH,601336.SH,63.98711785894521,65.54900813739191,63.53366584262198,64.97463558338248,276328.68,1774822790.0
2018-01-10,601336.SH,601336.SH,64.69412156866969,64.69412156866969,62.98103735267688,63.83757946067329,238841.19,1506634920.0
2018-01-11,601336.SH,601336.SH,63.28573860559326,64.8779594176448,62.93303146368311,64.11208105235418,195334.25,1243665550.0
2018-01-12,601336.SH,601336.SH,64.0916062940403,65.48227322306194,63.51720038857485,65.3815002571908,222679.62,1428932847.0
2018-01-15,601336.SH,601336.SH,65.48372473874254,68.5271357684594,65.47364721877658,68.37597296897015,414423.62,2776035307.0
2018-01-16,601336.SH,601336.SH,68.4239296187812,69.49210878514214,66.9728182984418,67.08366707985661,295671.36,1992217878.0
2018-01-17,601336.SH,601336.SH,66.79134217261809,68.68584614492529,66.4084105186411,67.14404238022847,211566.2,1420311010.0
2018-01-18,601336.SH,601336.SH,67.49487579175978,68.07933425636445,64.00827874429055,64.2702773663547,351934.64,2296814376.0
2018-01-19,601336.SH,601336.SH,64.31266701274578,64.47390215411274,62.972399900132935,63.556877287588165,265404.54,1672845699.0
2018-01-22,601336.SH,601336.SH,63.37832264324783,63.851972057182095,60.76821204305683,61.21162851567615,470913.59,2885280358.0
2018-01-23,601336.SH,601336.SH,61.24459330964609,63.05865070568628,61.234515213001416,61.76865433516881,435121.93,2682778993.0
2018-01-24,601336.SH,601336.SH,62.01053589402877,62.363269317771824,59.763120079894456,60.42827453609564,436191.68,2610929371.0
2018-01-25,601336.SH,601336.SH,60.32804430761321,60.32804430761321,58.78608126400064,59.612492829858354,302695.02,1781744603.0
2018-01-26,601336.SH,601336.SH,59.45996367465072,61.737582622188185,59.449885714705864,60.97165766637912,342759.46,2059344984.0
2018-01-29,601336.SH,601336.SH,61.132173270477715,61.32365221741789,58.80419238925774,58.93520430032206,258048.78,1534486947.0
2018-01-30,601336.SH,601336.SH,58.59378187817702,59.79306981135608,58.251128182982995,59.43026001644476,141682.32,833770466.0
2018-01-31,601336.SH,601336.SH,59.079207358300714,60.7219761743026,59.05905068571174,60.60103613876873,198831.34,1191377621.0
2018-02-01,601336.SH,601336.SH,60.62223300341387,61.18662952015388,60.08807201435636,61.085844427878875,205349.97,1238902792.0
2018-02-02,601336.SH,601336.SH,60.36823498837026,62.18230548885551,59.96510821048465,61.879960405441295,210382.09,1280652487.0
2018-02-05,601336.SH,601336.SH,61.07192980496237,63.289062570159025,60.83006077603183,63.037115665023045,220570.87,1364241950.0
2018-02-06,601336.SH,601336.SH,61.87100488709292,62.42531426464466,60.82285624590419,61.971788410284155,186176.6,1138186276.0
2018-02-07,601336.SH,601336.SH,62.36271122669207,62.81622157013117,57.44464350228584,59.641649166057476,176234.21,1058913583.0000001
2018-02-08,601336.SH,601336.SH,58.64534576499009,59.46168414047801,56.33742616021561,57.21423404499893,198509.89,1129424903.0
2018-02-09,601336.SH,601336.SH,55.43286892341582,55.43286892341582,51.492095878132986,52.03634586392653,292042.8,1524231801.0
2018-02-12,601336.SH,601336.SH,52.311063449316784,52.56304352373546,49.89205473489751,51.95829134513065,149602.83,769175996.0
2018-02-13,601336.SH,601336.SH,52.41231708072165,53.964528009650714,52.41231708072165,52.644140790886375,154487.9,814892188.0
2018-02-14,601336.SH,601336.SH,52.83311643128258,53.014534992092024,51.55310769668264,52.349333602457406,94938.75,491218173.0
2018-02-22,601336.SH,601336.SH,53.063521231388556,55.31103599579495,53.063521231388556,55.008679749462246,125756.19,677049742.0
2018-02-23,601336.SH,601336.SH,55.18215483429307,56.42186351824157,54.43631383744601,55.5147596031573,102105.76,562898515.0
2018-02-26,601336.SH,601336.SH,55.634372649975845,56.67247779181415,55.634372649975845,56.319723617403085,115098.11,641295979.0
2018-02-27,601336.SH,601336.SH,56.54030659272728,56.671326911034846,53.73848747815007,54.3935890696879,168772.72,913853665.0
2018-02-28,601336.SH,601336.SH,53.716995952471734,53.868169487047176,52.43706002639971,53.14253652108508,146851.18,775477835.0
2018-03-01,601336.SH,601336.SH,52.455396451666765,53.71513219738402,52.405007021838074,53.009680179782364,132771.9,699478853.0
2018-03-02,601336.SH,601336.SH,52.41597176176881,52.990420981230606,51.891912824715945,52.41597176176881,98427.71,511871998.0
2018-03-05,601336.SH,601336.SH,52.387377030987466,53.01223608753253,52.05479075895542,52.588944468582646,91860.69,478182399.0
2018-03-06,601336.SH,601336.SH,52.92215161322335,54.343218719958166,52.12595089384711,54.292826269364724,158369.54,836328169.0
2018-03-07,601336.SH,601336.SH,53.92129559549226,55.312162659450756,53.66932692448529,53.891059354971425,141860.75,766925316.0
2018-03-08,601336.SH,601336.SH,53.65067918624188,55.2230079393987,53.52973082061443,54.22518392297225,98517.36,531062709.99999994
2018-03-09,601336.SH,601336.SH,54.42587642642163,54.919740860661385,53.75059240409381,54.355324364387386,95867.29,515342157.0
2018-03-12,601336.SH,601336.SH,54.478911260506074,54.73089512387567,53.45081709795814,54.04549901551037,127673.4,684531538.0
2018-03-13,601336.SH,601336.SH,54.045143972086166,54.407998351607816,52.361902822638505,52.47277499415901,145508.31,767881818.0
2018-03-14,601336.SH,601336.SH,52.21045134362286,52.76480941773469,52.109658966511624,52.59346237664558,103174.31,537206573.0
2018-03-15,601336.SH,601336.SH,52.410772459725,53.51946187714226,52.33014050209466,52.92480118961845,113463.46,596167497.0
2018-03-16,601336.SH,601336.SH,53.014641981632074,53.72016003081729,52.27888744462463,52.37967573736538,153979.05,808942659.0
2018-03-19,601336.SH,601336.SH,52.29820815978887,53.27583895406513,51.41128537735267,53.15489493827838,147235.94,766384765.0
2018-03-20,601336.SH,601336.SH,52.411627339565165,52.814793703715665,52.058856770933474,52.330994066735066,115318.21,599195798.0
2018-03-21,601336.SH,601336.SH,52.9165600274091,53.00727413031323,49.46942411705216,49.90283594203856,403162.77,2029691204.0
2018-03-22,601336.SH,601336.SH,49.54804137491151,49.568199243656395,47.27020220674024,47.55241236916854,355115.18,1689125097.0
2018-03-23,601336.SH,601336.SH,45.39552041346653,47.552412369168536,45.35520467597677,47.55241236916854,306313.78,1411842065.0
2018-03-26,601336.SH,601336.SH,46.76712949045348,46.96871194515371,45.5576347622521,46.27325247643791,196961.54,899920687.0
2018-03-27,601336.SH,601336.SH,46.93788366503594,47.01851563182148,46.02069504285035,46.675829772982915,192756.59,887382813.0
2018-03-28,601336.SH,601336.SH,46.04979991518105,46.956887241153105,45.09231884887723,45.424917535066974,197962.36,900153323.0
2018-03-29,601336.SH,601336.SH,45.55537751122093,47.67188841329093,45.05144634406141,47.319136596279264,309685.02,1429164076.0
2018-03-30,601336.SH,601336.SH,46.87607442068031,47.01717634325385,46.089935137770595,46.382217691672935,218420.02,1006169466.0
2018-04-02,601336.SH,601336.SH,46.36221127735172,46.89638458119946,45.68693559135551,45.79780174875786,199170.62,912897103.0
2018-04-03,601336.SH,601336.SH,45.235317045364866,45.95093814835527,45.13452534071833,45.47721713651655,132846.54,599818690.0
2018-04-04,601336.SH,601336.SH,45.607251992548655,46.46396280345841,45.15369921030231,45.85922576046329,180211.93,821063046.0
2018-04-09,601336.SH,601336.SH,45.66673977876317,46.7149280235196,45.38453525132875,46.68469182415163,177016.7,813094590.0
2018-04-10,601336.SH,601336.SH,46.70288194206963,47.942513896941136,46.42068930193628,47.851809119755416,221965.19,1037336616.0
2018-04-11,601336.SH,601336.SH,47.77357325703006,47.77357325703006,46.93703178438586,47.04789872654352,184550.44,866332497.0
2018-04-12,601336.SH,601336.SH,46.90525995496264,47.25800686051135,46.33078642306903,46.4315712532258,123617.25,573290341.0
2018-04-13,601336.SH,601336.SH,46.77186579517378,46.85248956728354,45.461729498390206,45.57258718504112,138091.81,629638079.0
2018-04-16,601336.SH,601336.SH,45.340204041281304,45.57199437089888,43.33471379806837,43.38510300015915,236530.86,1035836689.0
2018-04-17,601336.SH,601336.SH,43.48403560074152,43.91736434485088,41.97242370268562,42.02281076595415,235878.5,1006388775.0
2018-04-18,601336.SH,601336.SH,42.35709044632357,42.528413438849746,41.54078677605181,42.0648335767201,222890.15,930175418.0
2018-04-19,601336.SH,601336.SH,42.22486022216982,42.7892020294351,42.063619705808314,42.32563554489576,197524.65,831397733.0
2018-04-20,601336.SH,601336.SH,42.23698799413922,42.499016552442164,40.82606498789262,41.52144846954274,205664.4,847865155.0
2018-04-23,601336.SH,601336.SH,41.481687105233064,42.56004971948475,41.13902982593814,42.509658943117856,195100.31,811882122.0
2018-04-24,601336.SH,601336.SH,42.632571092234116,44.5071947856515,42.39068416405123,44.26530785746862,375898.12,1633681169.0
2018-04-25,601336.SH,601336.SH,43.84287829201645,43.933587695379245,43.21799129107277,43.34901598481902,167696.74,723372565.0
2018-04-26,601336.SH,601336.SH,43.52207746879894,43.73374111559023,41.52639165619538,41.788451409365535,196298.36,823292345.0
2018-04-27,601336.SH,601336.SH,42.232740820238874,44.21838519770595,41.597737795972755,43.643858651941365,331346.51,1408356276.0
2018-05-02,601336.SH,601336.SH,44.0251978753198,44.035276904137405,43.118085281734906,43.6220367226154,182899.22,791536025.0
2018-05-03,601336.SH,601336.SH,43.509165190756285,45.04110707377573,43.23704393521994,45.03102850875587,259815.41,1142515273.0
2018-05-04,601336.SH,601336.SH,44.646761004234534,45.18090961218587,44.142847223148365,44.36456928682628,186432.55,825441095.0
2018-05-07,601336.SH,601336.SH,44.36329309917222,46.00600477004115,44.36329309917222,45.89514692722178,231416.58,1044390357.0
2018-05-08,601336.SH,601336.SH,45.613696479616976,48.475890425752915,45.613696479616976,47.27659084973116,393497.28,1847581840.0
2018-05-09,601336.SH,601336.SH,47.24669160038295,47.901775848255156,46.56137269491665,47.730446121888576,177214.06,833235832.0
2018-05-10,601336.SH,601336.SH,47.729975010912185,48.25403723653876,46.83302235551287,47.37724082058661,146244.09,687559671.0
2018-05-11,601336.SH,601336.SH,47.40659827848237,47.58800107801738,46.89262367979985,47.074026479334854,109687.1,513446874.0
2018-05-14,601336.SH,601336.SH,47.21418422354884,48.37312364419091,46.418043230238204,46.80099712575471,179916.06,844514030.0
2018-05-15,601336.SH,601336.SH,46.809712208695515,47.142267752912296,46.23529808686653,47.08180310850924,146274.1,678581983.0
2018-05-16,601336.SH,601336.SH,46.811046056238425,46.962211974611634,45.14822095413307,45.26915368883164,216927.22,985318441.0
2018-05-17,601336.SH,601336.SH,45.55041399874951,45.98374758325089,45.28839834300449,45.50002637264469,132188.47,598973651.0
2018-05-18,601336.SH,601336.SH,45.4613479069827,46.92264151073187,45.25979016853454,46.61022701613722,166013.74,760970538.0
2018-05-21,601336.SH,601336.SH,46.89027455159853,47.263139404039784,46.34609341560319,47.07166826359698,156890.91,729146710.0
2018-05-22,601336.SH,601336.SH,46.85958200612719,46.87973666505456,45.4689105401389,45.861926389222546,195589.43,890078094.0
2018-05-23,601336.SH,601336.SH,45.689166704292624,45.689166704292624,44.67138861934917,44.70161965157522,157127.15,701178412.0
2018-05-24,601336.SH,601336.SH,44.38794901837716,44.97239874438531,44.07557071654522,44.19649134951242,114635.99,506687606.0
2018-05-25,601336.SH,601336.SH,44.13691254884425,44.68106626519987,43.925297214705964,44.29814327961629,86350.94,379435955.0
2018-05-28,601336.SH,601336.SH,44.45742477666987,45.12247238212323,44.17528336829572,44.67910731182099,112567.74,499667836.0
2018-05-29,601336.SH,601336.SH,44.656740247654305,44.75750004063186,42.77253211897395,44.18316922065978,186354.25,808867903.0
2018-05-30,601336.SH,601336.SH,43.136149245739446,43.73064417811473,42.60211142513113,42.63233998101462,126894.43,543113829.0
2018-05-31,601336.SH,601336.SH,42.875362078270435,43.69155580996019,42.63352689851051,43.54040882261024,138243.94,592700961.0
2018-06-01,601336.SH,601336.SH,43.330686458685534,43.53222453523756,42.726072229029455,42.88730269027108,103871.02,443669847.0
2018-06-04,601336.SH,601336.SH,43.21144677806274,44.42072234088165,42.96959166549895,44.28971748824294,180727.78,787359524.0
2018-06-05,601336.SH,601336.SH,44.34181160405093,46.30696007286683,43.97901496365415,45.92400806355911,268077.54,1204941889.0
2018-06-06,601336.SH,601336.SH,45.73240446594454,46.21613197021191,45.50061837014975,45.87349165468919,138157.77,627712990.0
2018-06-07,601336.SH,601336.SH,46.15481066846072,47.7873607401399,46.15481066846072,46.547831982013115,266015.3,1242036950.0
2018-06-08,601336.SH,601336.SH,46.355490685594425,46.53688173610327,44.97490324561042,45.45861271363401,175253.05,793631428.0
2018-06-11,601336.SH,601336.SH,45.3067585379952,46.334625390947934,44.81297936353751,45.790460586443544,150411.94,680506269.0
2018-06-12,601336.SH,601336.SH,45.889885442805166,47.66340758552227,45.32558294284972,47.260334371268385,304475.7,1410049249.0
2018-06-13,601336.SH,601336.SH,46.92585284018014,47.288603688848056,46.73440100338319,47.13745750190309,158493.88,739034456.0
2018-06-14,601336.SH,601336.SH,47.12842902615162,48.438391774366224,46.9772794782807,47.85394685593202,305832.85,1454214640.0
2018-06-15,601336.SH,601336.SH,47.76204863488961,48.21548580547401,47.248153174893964,47.590750148224394,194385.96,919650076.0
2018-06-19,601336.SH,601336.SH,46.80589087581591,47.944548716282476,46.59428189661416,47.57171384816511,447937.3,2106861221.0
2018-06-20,601336.SH,601336.SH,46.75634002951851,47.109027939223935,45.67812270556195,46.53465048627511,187514.38,862869102.0
2018-06-21,601336.SH,601336.SH,46.26334765451085,46.716811092640455,45.033957888915054,45.12465057654097,143343.68,654841081.0
2018-06-22,601336.SH,601336.SH,44.34056043824306,45.43899704909954,43.84676783336262,44.935127044119504,143871.45,636975106.0
2018-06-25,601336.SH,601336.SH,45.148069095036234,45.24884603498052,43.09221952017298,43.263540318078256,177052.14,772263811.0
2018-06-26,601336.SH,601336.SH,42.97108242366738,43.25325651087721,41.99355076440478,43.14240240518764,111439.8,471648483.0
2018-06-27,601336.SH,601336.SH,42.82781173078414,43.62390517236813,42.1224124787477,42.49526636910982,129252.26,547860848.0
2018-06-28,601336.SH,601336.SH,42.06133038719897,42.77679623710101,41.668328018942915,42.09156133860328,124610.06,521820297.0
2018-06-29,601336.SH,601336.SH,42.274013729135135,43.43289610788377,42.274013729135135,43.211196870210124,143360.29,609805800.0
2018-07-02,601336.SH,601336.SH,43.030226900411805,43.33254699573085,40.97445025224224,41.26669301105066,150379.61,629439789.0
2018-07-03,601336.SH,601336.SH,41.277161041080916,42.66784664256265,40.82367660581513,42.58722718740429,144668.17,599798689.0
2018-07-04,601336.SH,601336.SH,42.245685335292855,42.90073532260059,41.86273303502064,42.30615148796741,98829.53,414584227.0
2018-07-05,601336.SH,601336.SH,42.2772124913862,43.36563655552678,42.2671344907923,42.93228252998933,154188.31,655741165.0
2018-07-06,601336.SH,601336.SH,43.03122756352304,44.56301833393416,43.03122756352304,43.95836408245608,194288.32,844770442.0
2018-07-09,601336.SH,601336.SH,44.087552064673325,45.22627055228661,43.986780517096925,45.00457314761853,152919.1,678890713.0
2018-07-10,601336.SH,601336.SH,45.03362450129784,45.15454718959848,44.18716568319334,44.76154845262139,98752.86,437921575.0
2018-07-11,601336.SH,601336.SH,43.83618058675512,44.239271902495396,43.46332111969537,43.70517590913953,114130.28,496029816.0
2018-07-12,601336.SH,601336.SH,43.92592591379986,45.56848749304954,43.88561765418636,45.326637935368595,132258.05,590553585.0
2018-07-13,601336.SH,601336.SH,45.32574194368847,45.34589567509963,44.64051507570919,45.063743435343454,72846.14,325157568.0
2018-07-16,601336.SH,601336.SH,44.94276406707171,45.22491594910714,43.98546303873722,44.50945939108873,96179.67,422934564.0
2018-07-17,601336.SH,601336.SH,44.31682954334283,44.689663261647446,43.843229955226164,44.51836128296695,69473.18,305455507.0
2018-07-18,601336.SH,601336.SH,44.740233115883946,45.7378193948192,44.73015648680379,44.8611526648458,152897.56,686470834.0
2018-07-19,601336.SH,601336.SH,45.5479311032211,46.8478609953263,45.5479311032211,45.78977852500811,230839.4,1058924499.0000001
2018-07-20,601336.SH,601336.SH,45.64870968507992,50.26396554286505,45.51770897295939,50.05234900790111,420007.67,2006763291.0
2018-07-23,601336.SH,601336.SH,49.3771693732844,50.98948510792226,49.10509109306426,50.525944334213875,349224.06,1739657175.0
2018-07-24,601336.SH,601336.SH,49.88101345986072,52.50102628805542,49.699627956370314,49.82055162536391,304830.34,1536035379.0
2018-07-25,601336.SH,601336.SH,49.99184080732956,50.53599710718761,49.649223877789304,50.40499651648105,167070.06,829753150.0
2018-07-26,601336.SH,601336.SH,50.48563529931668,50.49571227243031,48.76247289688491,49.07485906340763,146267.39,717468406.0
2018-07-27,601336.SH,601336.SH,49.02445441938068,49.6290725622713,48.621375657453605,49.20583986224786,129585.03,631548854.0
2018-07-30,601336.SH,601336.SH,49.17559193624051,50.1530575956289,48.93374476278359,49.52828573086518,148125.07,726740223.0
2018-07-31,601336.SH,601336.SH,49.175575231897255,49.77011599802061,48.9034972541798,49.68950030091914,130171.21,636948290.0
2018-08-01,601336.SH,601336.SH,49.729811186566856,50.05227399466618,47.16018568452541,47.19041657278472,232952.17,1117959406.0
2018-08-02,601336.SH,601336.SH,46.75711347522557,46.968729721557416,44.318488160353894,45.31610760734685,198294.74,901105615.0
2018-08-03,601336.SH,601336.SH,45.306051629680525,45.72928431839196,44.32858565813271,44.37897050202692,139330.74,624300616.0
2018-08-06,601336.SH,601336.SH,44.47973970169748,45.49751353719169,43.31081133617938,44.07666095496711,186500.77,821465099.0
2018-08-07,601336.SH,601336.SH,44.31848810931907,45.32618451926266,44.08671793503205,45.29595362696436,221961.98,985467795.0
2018-08-08,601336.SH,601336.SH,45.03396230280051,45.2254246621098,43.33095500157579,43.552648259723384,169075.17,743117761.0
2018-08-09,601336.SH,601336.SH,43.33094897695103,45.437034636528416,43.23017932816742,45.22541837408284,191289.4,850231874.0
2018-08-10,601336.SH,601336.SH,45.123474435125466,45.85752101427798,45.07249897823988,45.745375009129674,153257.9,684510681.0
2018-08-13,601336.SH,601336.SH,45.1642715103887,45.43953907941365,44.022420853692644,45.1642715103887,122701.08,538309541.0
2018-08-14,601336.SH,601336.SH,45.01135366732209,45.57208400745861,44.67491546324018,45.439547745244525,92655.59,410209340.0
2018-08-15,601336.SH,601336.SH,45.44974657851481,45.61286814541841,43.24760542531625,43.65540934257525,159925.16,693029432.0
2018-08-16,601336.SH,601336.SH,42.89077695816574,44.950186738424705,42.839801468555365,44.22633478595744,143910.14,623494777.0
2018-08-17,601336.SH,601336.SH,44.59334795056394,45.521101645923174,44.287495083961986,44.58315285501054,148593.65,653827281.0
2018-08-20,601336.SH,601336.SH,44.807437887610845,45.86772765787513,44.45060959954113,45.49050918191571,214179.14,951168527.0
2018-08-21,601336.SH,601336.SH,45.41914142410801,47.43776993184615,45.18465427421924,47.18289259501053,311322.48,1430420731.0
2018-08-22,601336.SH,601336.SH,47.539699844199454,47.61106546695506,46.46921550286534,46.57116639251621,132926.86,610463258.0
2018-08-23,601336.SH,601336.SH,46.581373536405934,47.51932196392823,46.295910971507844,46.958591925735554,133277.87,613700255.0
2018-08-24,601336.SH,601336.SH,46.49981777210595,47.86596019294836,46.459037401334534,47.325620280227106,139804.79,647587564.0
2018-08-27,601336.SH,601336.SH,47.50911858925876,48.62038338029507,47.18287571482608,48.36550613464454,177852.24,835055301.0
2018-08-28,601336.SH,601336.SH,48.32471596614238,48.32471596614238,47.47852368234706,47.81496157831388,104834.09,491420229.0
2018-08-29,601336.SH,601336.SH,48.20235375004301,48.579571831420246,47.53967333681272,47.83533075194624,135085.38,635901375.0
2018-08-30,601336.SH,601336.SH,47.81496104767429,48.20237437812453,46.67311123161043,46.69350140689728,137312.76,638666969.0
2018-08-31,601336.SH,601336.SH,46.57117416908631,47.407171603820345,46.4080527184065,46.74449071043362,127293.25,586704878.0
2018-09-03,601336.SH,601336.SH,46.509999273730834,48.06984799992128,46.33668274859857,47.94750692335733,134422.01,624110142.0
2018-09-04,601336.SH,601336.SH,48.4164591611748,48.57958052284648,46.96875707633866,48.10041152293592,177586.98,833592356.0
2018-09-05,601336.SH,601336.SH,47.62122511399908,48.01883328771905,46.897374336201196,46.90756941757863,112551.83,523674503.0
2018-09-06,601336.SH,601336.SH,46.795410418486455,47.24399387347848,46.530338376900254,46.85658088962173,85300.67,392441325.0
2018-09-07,601336.SH,601336.SH,46.856561893438624,47.90665455554136,46.62207518248364,47.478461431188784,101902.15,473387326.0
2018-09-10,601336.SH,601336.SH,47.24395959166324,47.26434973391255,45.53118764272076,45.87782006095912,112422.66,508990925.0
2018-09-11,601336.SH,601336.SH,45.867609598013985,46.17346162911877,45.04180911403107,45.5719526346127,73249.19,327048504.0
2018-09-12,601336.SH,601336.SH,45.36806997953695,45.72489749622994,44.73597552139509,45.266119260481815,71213.76,315764765.0
2018-09-13,601336.SH,601336.SH,45.877836332495505,47.02987977817818,45.796275734571076,46.927929030772624,141295.77,641407567.0
2018-09-14,601336.SH,601336.SH,46.91772265275447,47.71293829093674,46.70362613478232,47.142014243011005,100861.27,467435203.0
2018-09-17,601336.SH,601336.SH,46.703606875555046,47.763893955899455,46.6016561947527,47.468236981572645,104645.39,486862511.0
2018-09-18,601336.SH,601336.SH,47.264358321037214,49.109666529861144,47.07065193447559,48.90576507032259,158309.94,749219321.0
2018-09-19,601336.SH,601336.SH,48.630497282626244,50.31268429554728,48.47757119054251,49.74176021843468,188573.93,919313430.0
2018-09-20,601336.SH,601336.SH,49.61940136030181,50.16993509226324,48.95672186812601,49.14023311211315,102451.21,496352175.0
2018-09-21,601336.SH,601336.SH,49.435912875031086,50.93458872420196,49.08928036569905,50.934588724201966,162824.04,803478097.0
2018-09-25,601336.SH,601336.SH,50.45541018657582,51.342381430510365,50.067997459340035,50.88360320088904,91070.94,452172734.0
2018-09-26,601336.SH,601336.SH,50.975376319722955,52.05605429770108,50.638938836012784,51.12830244868212,153879.05,776073713.0
2018-09-27,601336.SH,601336.SH,50.77148553862292,50.77148553862292,49.54807624853562,49.95587934523139,165528.57,811039901.0
2018-09-28,601336.SH,601336.SH,50.36367845114407,52.38230361983366,50.098606459295944,51.46474672497475,197163.99,989807028.0
2018-10-08,601336.SH,601336.SH,49.95588864993776,50.39427706053925,48.630528338816966,48.84462500445955,153535.8,744475642.0
2018-10-09,601336.SH,601336.SH,48.44701400710618,49.42574156280529,48.44701400710618,49.32379077575331,93380.9,448973179.0
2018-10-10,601336.SH,601336.SH,49.14028536373227,49.74179508084019,48.58975104637925,49.05872472412441,86329.67,415649208.0
2018-10-11,601336.SH,601336.SH,46.89738673692268,48.00865090090628,45.877878329598275,46.99933757765512,143986.22,667223170.0
2018-10-12,601336.SH,601336.SH,46.90759113000005,48.9262181771072,46.86681078561405,48.80387714394919,143471.79,673307131.0
2018-10-15,601336.SH,601336.SH,48.620387756961236,49.17092265712394,47.86595104192347,48.24316939944236,99982.89,474725092.0
2018-10-16,601336.SH,601336.SH,48.31455801669772,49.83362726010096,48.31455801669772,49.03840980382276,124272.21,598945073.0
2018-10-17,601336.SH,601336.SH,49.73166252837606,49.89478401268397,46.47942793498698,47.478547026372965,177679.6,839049603.0
2018-10-18,601336.SH,601336.SH,47.4071838633425,47.91693852853974,46.39786962625198,46.459040186075654,122856.04,567158165.0
2018-10-19,601336.SH,601336.SH,44.83803438716083,49.374852327653464,44.369059948368346,48.91607298535645,222150.94,1022644763.0
2018-10-22,601336.SH,601336.SH,49.14036975759408,52.555727406721466,49.07919917283359,51.29153532167133,283531.56,1413630480.0
2018-10-23,601336.SH,601336.SH,50.77159774819549,51.454669444807756,49.405454354970956,49.85403875274617,157284.35,777700725.0
2018-10-24,601336.SH,601336.SH,50.11911418874475,51.301745849829864,49.46662775504263,50.424967204542625,154559.09,766603475.0
2018-10-25,601336.SH,601336.SH,49.14036599279883,51.12840984520459,48.75295231899668,51.05704416845156,162649.64,797771455.0
2018-10-26,601336.SH,601336.SH,51.03664993008321,51.03664993008321,48.76314355085657,49.3952394948568,157411.64,766117070.0
2018-10-29,601336.SH,601336.SH,49.39526071937379,49.823454929944205,46.69355915267945,46.979021959726396,220576.56,1027600513.0
2018-10-30,601336.SH,601336.SH,46.69357843260064,48.477721713322275,46.030896642618316,47.4072357448893,181008.47,840396835.0
2018-10-31,601336.SH,601336.SH,47.448039491173255,47.87623408907383,46.459113872212406,47.69272211854502,141293.13,654943992.0
2018-11-01,601336.SH,601336.SH,48.42677642991026,48.75301997638545,47.22375335228302,47.611167563722304,204895.75,963963336.0
2018-11-02,601336.SH,601336.SH,48.75302459333476,50.77165672831599,48.10053743859334,50.598339827837805,309685.19,1496544729.0
2018-11-05,601336.SH,601336.SH,49.956041772606405,50.139553762791486,48.89575027375925,49.89487110921137,194377.2,945476391.0
2018-11-06,601336.SH,601336.SH,49.558445471545134,49.640006377484724,48.70205595917941,49.39532365966595,129566.28,625220751.0
2018-11-07,601336.SH,601336.SH,49.364714773750144,49.956031059763674,48.793788704495704,48.94671533018886,123881.63,599051058.0
2018-11-08,601336.SH,601336.SH,49.4768793165469,49.640001111120306,48.12092939915545,48.4063925396589,111186.29,533414975.0
2018-11-09,601336.SH,601336.SH,47.947614187486614,48.30444312573072,47.25434653604092,47.29512698612596,122190.89,571324013.0
2018-11-12,601336.SH,601336.SH,47.29513462845012,47.50923202599215,46.06152581404131,47.50923202599215,188636.77,864648934.0
2018-11-13,601336.SH,601336.SH,46.64264771971511,48.17191485806642,46.55089169141402,47.78450051635075,164970.82,766215538.0
2018-11-14,601336.SH,601336.SH,47.692743513458815,47.692743513458815,46.62225653848806,46.89752461776625,187909.07,865606810.0
2018-11-15,601336.SH,601336.SH,46.846541065156956,47.8762474084825,46.846541065156956,47.86605229617235,164749.94,766172509.0
2018-11-16,601336.SH,601336.SH,47.87624059973474,48.55931302737151,47.11160728521598,47.67233838252974,205778.52,965703861.0
2018-11-19,601336.SH,601336.SH,47.509216041491506,48.263654236141804,47.40726493410633,47.81506936364703,158721.06,743883695.0
2018-11-20,601336.SH,601336.SH,47.407282154250694,47.417477268692465,46.54069742669987,46.59167299890875,159395.2,733625235.0
2018-11-21,601336.SH,601336.SH,46.18386832042164,46.979087245144136,46.10230740506549,46.70381915581712,72099.18,330052850.0
2018-11-22,601336.SH,601336.SH,46.88733079034513,46.92811124765354,46.00035584388719,46.11250210148532,100514.36,455615212.0
2018-11-23,601336.SH,601336.SH,46.05131572542131,46.4183397161486,45.11336552689602,45.154145970310154,108247.34,483943407.0
2018-11-26,601336.SH,601336.SH,45.266303277808305,45.67410781184262,44.889084083826575,45.44981531812375,75880.63,337636095.0
2018-11-27,601336.SH,601336.SH,45.623120210109974,45.84741264466247,44.715755361238514,44.90946246380658,91583.51,406608697.0
2018-11-28,601336.SH,601336.SH,44.84830474168701,45.60274314834416,44.715768264841834,45.39884087627467,77743.29,344852908.0
2018-11-29,601336.SH,601336.SH,45.69451697948782,46.061541212254795,44.8279319854547,44.88910269091586,82767.76,368857193.0
2018-11-30,601336.SH,601336.SH,44.90949258193554,45.26632169439132,44.75656581945449,45.23573634189511,66678.3,294720324.0
2018-12-03,601336.SH,601336.SH,46.540690123031304,46.693616815659006,45.77605665989278,46.112495383673725,159463.67,723120483.0
2018-12-04,601336.SH,601336.SH,46.07172051210292,46.11250096840927,45.623135492733034,45.87801334464774,81329.2,365675787.0
2018-12-05,601336.SH,601336.SH,45.286712058840926,45.653736289844595,44.99105365053242,45.174565766034256,111910.86,496516900.0
2018-12-06,601336.SH,601336.SH,44.85849736184412,44.950253379175166,44.36913193607855,44.38952216215211,90282.98,395044580.0
2018-12-07,601336.SH,601336.SH,44.5526507670791,44.70557748595923,44.36913870442294,44.64440679840718,57205.24,249859096.0
2018-12-10,601336.SH,601336.SH,44.19580540318342,44.31814673301922,43.49234275662756,43.72683030547952,76200.76,327768667.0
2018-12-11,601336.SH,601336.SH,43.74722641889793,44.042884672486394,43.64527529697089,43.98171399933016,47178.47,202834133.0
2018-12-12,601336.SH,601336.SH,44.297775238647475,44.49148242611221,43.99192178475577,44.30797035377719,54050.66,234498172.0
2018-12-13,601336.SH,601336.SH,44.348740000463614,45.41922682806101,44.15503286023171,45.072592998172325,114321.67,504703806.0
2018-12-14,601336.SH,601336.SH,44.85850335267849,45.001234954255196,44.43030854794838,44.43030854794837,61125.9,267844537.0
2018-12-17,601336.SH,601336.SH,44.206030902333225,44.69539655807862,44.13466507753703,44.24681137364534,58053.37,252551048.0
2018-12-18,601336.SH,601336.SH,43.88996192642652,44.4099126948929,43.49235251524635,43.594303646318195,67692.32,290987320.0
2018-12-19,601336.SH,601336.SH,43.635081968707624,44.02249624786905,43.35981392825083,43.441374829126914,70420.52,301926967.0
2018-12-20,601336.SH,601336.SH,43.400595878094165,43.82879062248692,42.6869379707729,43.08454737628046,66889.67,283311454.0
2018-12-21,601336.SH,601336.SH,42.829662701973504,43.08454048525114,41.91210268217402,42.19756579944497,90644.65,375564344.0
2018-12-24,601336.SH,601336.SH,42.05481417327448,42.97237375523683,41.84071693748326,42.88061779704059,80342.95,335114094.0
2018-12-25,601336.SH,601336.SH,42.4830238441755,42.992779349865145,41.93248789803067,42.686926046451354,77599.21,322166973.0
2018-12-26,601336.SH,601336.SH,42.5951771037684,43.01317668760145,42.34029930874824,42.69712822177646,61454.48,257529222.0
2018-12-27,601336.SH,601336.SH,43.34960587234595,43.82877602192267,42.748094407983665,42.778679736680054,124100.26,527812790.99999994
2018-12-28,601336.SH,601336.SH,42.85004457035131,43.63506798979386,42.85004457035131,43.06414186656291,71473.73,302961797.0
2019-01-02,601336.SH,601336.SH,43.135501582282735,43.349598848467544,41.555259855680546,41.871308201000986,86492.52,358679516.0
2019-01-03,601336.SH,601336.SH,42.003835063508284,43.15588199607537,41.7999329515495,42.46261481541553,106067.65,442692616.0
2019-01-04,601336.SH,601336.SH,41.97324592920729,44.45065636418357,41.83051446381771,44.277339584781934,178708.28,765822271.0
2019-01-07,601336.SH,601336.SH,44.31810244469336,44.31810244469336,39.85264836814041,41.300352657799124,648806.3,2604852040.0
2019-01-08,601336.SH,601336.SH,40.21965584369,40.5560940294547,39.771071596003715,40.097314685230096,291918.74,1150405028.0
2019-01-09,601336.SH,601336.SH,40.280807574994085,40.749781796317734,39.84241862897415,40.35217321736942,282656.79,1119642962.0
2019-01-10,601336.SH,601336.SH,40.066713595304265,40.270615445662045,39.801641189839145,39.913787207535925,205746.62,807164826.0
2019-01-11,601336.SH,601336.SH,39.92400024512055,40.33180412913609,39.92400024512055,40.26043844943337,137951.58,543265301.0
2019-01-14,601336.SH,601336.SH,40.168667655733486,40.1992529356744,39.91379032289254,39.964765789460735,97894.94,384257955.0
2019-01-15,601336.SH,601336.SH,40.05650875325442,40.63762888533268,39.98514312299919,40.59684852518684,146623.54,580929100.0
2019-01-16,601336.SH,601336.SH,40.45412613049847,40.70900343726825,40.3113948387074,40.658027975914294,96844.63,385192327.0
2019-01-17,601336.SH,601336.SH,40.77017850189274,42.08534555034089,40.484715886725695,41.27993317183388,219927.02,891521038.0
2019-01-18,601336.SH,601336.SH,41.45325673428763,41.99359677533958,41.21876954666131,41.748914492599084,161496.63,660618989.0
2019-01-21,601336.SH,601336.SH,41.77949957488211,42.462570944212786,41.48384181800764,41.95281619098094,138618.65,571164212.0
2019-01-22,601336.SH,601336.SH,41.9018471116945,41.9018471116945,40.984288415817986,41.07604428540563,85389.35,345637138.0
2019-01-23,601336.SH,601336.SH,40.93331282109586,41.473652940527515,40.84155695175841,41.12701965636382,53011.66,214080611.0
2019-01-24,601336.SH,601336.SH,41.127006402840124,41.21876224260848,40.37256949807806,40.81095851030466,94386.79,377136202.0
2019-01-25,601336.SH,601336.SH,40.974074487292135,42.350411898534844,40.912903935681356,41.728511290491845,199260.73,816651328.0
2019-01-28,601336.SH,601336.SH,42.105723211131846,42.67664827162177,41.66733432539851,41.86104104235045,143178.81,592826527.0
2019-01-29,601336.SH,601336.SH,41.88143809021896,42.39119269209601,41.402268764454526,42.15670557523257,117293.98,482399440.0
2019-01-30,601336.SH,601336.SH,41.18816776168872,41.95279958894779,41.06582666932727,41.26972848992968,100400.48,409366643.0
2019-01-31,601336.SH,601336.SH,41.8100778484134,43.390317318421715,41.8100778484134,42.921343024096664,316564.57,1327079855.0
2019-02-01,601336.SH,601336.SH,43.4208848777839,43.68595719683118,42.42176613675952,42.71742372338918,212458.14,892057377.0
2019-02-11,601336.SH,601336.SH,42.51352636904719,43.12523178442916,42.238258932125305,43.0538661526346,192865.19,806952239.0
2019-02-12,601336.SH,601336.SH,42.92134908458951,43.46168910869479,42.6358864303452,43.38012835033927,174900.87,738813685.0
2019-02-13,601336.SH,601336.SH,43.44131683457,44.939996387417175,43.43112173557105,44.86863069442445,237858.53,1030221336.0
2019-02-14,601336.SH,601336.SH,44.56279702145803,45.14391791604122,44.42006557366567,44.75650398631909,157091.91,689512285.0
2019-02-15,601336.SH,601336.SH,44.725920656946066,45.011383565173674,43.655434751092564,43.73699558201473,157004.57,680770755.0
2019-02-18,601336.SH,601336.SH,44.144802733557,45.05216703916591,44.042851687982974,45.05216703916591,173585.7,760697489.0
2019-02-19,601336.SH,601336.SH,45.04197483565113,47.30528819316913,44.8074874157281,45.42938883378485,349698.08,1572951759.0
2019-02-20,601336.SH,601336.SH,45.612885969330236,46.44888432638993,45.47015454251516,45.87795861912964,168822.35,760278025.0
2019-02-21,601336.SH,601336.SH,45.97990963828327,46.57122554937427,45.21527699463111,45.419179032938345,176298.5,792349527.0
2019-02-22,601336.SH,601336.SH,45.35799247681876,46.999403308189365,44.34867774200081,46.69355035824453,309909.38,1383947372.0
2019-02-25,601336.SH,601336.SH,48.22281510796869,51.36290539406899,48.22281510796869,51.36290539406898,638546.07,3167497581.0
2019-02-26,601336.SH,601336.SH,52.90234471378652,53.9728296232002,51.179373764349265,51.49542168998568,489884.2,2522382736.0
2019-02-27,601336.SH,601336.SH,50.97549085580029,53.8301183437251,50.853149677746366,52.21929283268181,303374.19,1556959705.0
2019-02-28,601336.SH,601336.SH,52.19890482170025,52.219295018896226,50.56768904602212,51.13861456750946,216874.32,1087599164.0
2019-03-01,601336.SH,601336.SH,51.9950246294168,53.585460676904844,51.04688006264508,53.35097331092904,269166.7,1381581174.0
2019-03-04,601336.SH,601336.SH,54.18697379074846,57.286285179720714,53.67721862808855,54.849655502206346,414379.79,2238262000.0
2019-03-05,601336.SH,601336.SH,54.35006987812511,55.604066988425124,53.728168872203966,55.05353167170805,187825.15,1004907948.0
2019-03-06,601336.SH,601336.SH,54.5437948998291,55.95071895518918,53.21843165927251,55.14530590900479,262400.74,1400835717.0
2019-03-07,601336.SH,601336.SH,55.043345655390375,55.043345655390375,53.12666682908672,53.47330023384377,243158.44,1284918929.0
2019-03-08,601336.SH,601336.SH,51.23038169485877,52.351842786686525,49.966189191343844,50.10892060303102,346938.02,1732877966.0
2019-03-11,601336.SH,601336.SH,49.701137403039354,51.2813786948283,49.39528424978988,50.832794070062405,203949.12,1007448091.0
2019-03-12,601336.SH,601336.SH,51.66878943663311,52.95337259942233,50.90415660163953,51.50566776516782,241677.91,1237588759.0
2019-03-13,601336.SH,601336.SH,52.402831572788884,52.50478260697719,50.567712957399394,50.79200523261366,184331.09,927296862.0
2019-03-14,601336.SH,601336.SH,50.496346890092425,51.65858867193586,50.333225236500354,50.9755167475191,143846.85,721003244.0
2019-03-15,601336.SH,601336.SH,51.29156495135372,53.320390517904976,51.28136984800421,52.24990466620707,230581.4,1187488796.0
2019-03-18,601336.SH,601336.SH,52.59651443165328,53.921877268659465,51.79110163070336,53.62621940501963,170085.77,884727501.0
2019-03-19,601336.SH,601336.SH,54.03401961979695,54.920993149404936,52.912558835235124,53.09607059998161,185841.45,980179289.0
2019-03-20,601336.SH,601336.SH,52.22947320543973,54.370443217765,52.22947320543973,53.32034840219593,218467.33,1138852712.0
2019-03-21,601336.SH,601336.SH,54.4418222931837,56.82747518018838,54.4418222931837,56.29733009418734,349188.38,1913946147.0
2019-03-22,601336.SH,601336.SH,56.31771493683133,57.07215210289315,55.777374804381644,56.6337629388302,178564.2,988662824.0
2019-03-25,601336.SH,601336.SH,55.50213571536328,56.07306143175938,52.86160427703135,52.96355529781636,310416.98,1642668617.0
2019-03-26,601336.SH,601336.SH,53.473331020731756,53.52430655078012,51.65860215101007,52.08679660341632,168119.82,860139451.0
2019-03-27,601336.SH,601336.SH,52.42326040287618,53.503942161473006,52.02565107659999,52.831064840082526,155121.09,805072696.0
2019-03-28,601336.SH,601336.SH,51.99504027850959,52.484405363483795,51.48528498166146,51.79113815977034,103475.18,526107400.0
2019-03-29,601336.SH,601336.SH,51.9950518996771,54.90065774112965,51.89310081752087,54.73753600967968,180260.76,950261120.0
2019-04-01,601336.SH,601336.SH,55.87939529926037,57.490222604000955,55.87939529926037,56.735784499249036,225269.7,1254849611.0
2019-04-02,601336.SH,601336.SH,57.08240708053323,57.989771651022146,56.664407671656306,56.92948046752947,147069.15,827616945.0
2019-04-03,601336.SH,601336.SH,56.378969301207285,58.397601475102235,56.07311594152623,58.224284571282965,137275.37,770534671.0
2019-04-04,601336.SH,601336.SH,59.3355439483609,61.537687847475325,59.3355439483609,60.26329901696929,195972.43,1160974171.0
2019-04-08,601336.SH,601336.SH,60.273513485450536,63.40341345839258,60.273513485450536,61.1706835102678,246049.12,1489731504.0
2019-04-09,601336.SH,601336.SH,60.25310277032264,61.67022312312719,59.253981946043176,59.967639677671364,143468.62,846819314.0
2019-04-10,601336.SH,601336.SH,59.62101812722331,60.27350532971003,57.90823922069569,59.76374970276728,180781.24,1044046191.0
2019-04-11,601336.SH,601336.SH,59.84532931432337,61.78240130235087,58.632110542874564,59.67201234697354,163882.06,968832804.0
2019-04-12,601336.SH,601336.SH,59.69241737888578,60.100222109057505,57.48007671770419,58.30588129630192,157639.72,906258764.0
2019-04-15,601336.SH,601336.SH,59.76379512939041,63.37286771141092,59.76379512939041,60.86486812051532,277705.08,1681228420.0
2019-04-16,601336.SH,601336.SH,60.45706643136657,63.57677340067487,60.15121280692459,63.16896856808555,232753.97,1425712228.0
2019-04-17,601336.SH,601336.SH,62.75099219163503,65.17743185720921,62.70001656840868,63.49523629073972,205767.65,1289360617.0
2019-04-18,601336.SH,601336.SH,63.230187654546896,64.99394490450443,63.20979739732195,64.13755410105684,151165.27,952729111.0
2019-04-19,601336.SH,601336.SH,64.89202526367599,66.2581731639639,63.40353576037722,65.68724568324657,177073.99,1126651530.0
2019-04-22,601336.SH,601336.SH,65.70765984891813,65.90136745747196,62.088386110149166,63.20985121230293,191606.07,1192539017.0
2019-04-23,601336.SH,601336.SH,62.46561642519412,63.515715738364506,61.48688308476346,62.22093309008645,180481.72,1103223996.0
2019-04-24,601336.SH,601336.SH,62.70009106260889,62.81223756694852,60.243063103895274,61.99662662629669,157746.74,951790422.0
2019-04-25,601336.SH,601336.SH,61.486896679907034,62.80206989690388,60.62030967645949,61.02811532514068,123171.08,745154557.0
2019-04-26,601336.SH,601336.SH,60.44701011325806,61.782574006804495,59.44788597915463,60.2533023729727,153540.46,914097946.0
2019-04-29,601336.SH,601336.SH,60.355234074311944,60.45718548322125,58.11230307830711,59.223573435418594,295630.17,1711804525.0
2019-04-30,601336.SH,601336.SH,59.131840295197115,59.74354898790605,57.72491030196656,58.571107326880586,164840.05,946861212.0
2019-05-06,601336.SH,601336.SH,55.716445540143596,55.716445540143596,52.994342894357985,53.40214853417606,270935.05,1440484399.0
2019-05-07,601336.SH,601336.SH,53.932281048010225,54.42164768133811,51.944229100115706,53.13706026885241,201031.9,1047272083.0
2019-05-08,601336.SH,601336.SH,51.99519938317944,52.85159090243181,51.66895499489282,52.14812644018879,175241.58,897119709.0
2019-05-09,601336.SH,601336.SH,51.48546417201298,51.99522124302301,50.649462575556534,50.92473139390196,191600.01,962262371.0
2019-05-10,601336.SH,601336.SH,51.89327635934144,54.70713574542754,50.92473780253645,54.27893975189271,249946.19,1297719577.0
2019-05-13,601336.SH,601336.SH,53.147263002959576,53.38175121494271,51.68935803280358,52.17872473607272,164361.39,845917834.0
2019-05-14,601336.SH,601336.SH,51.78113733969461,52.88221291218664,51.49567330238186,51.8525033490228,129454.96,662033089.0
2019-05-15,601336.SH,601336.SH,52.30108425845396,53.73859943982668,52.29088911532366,53.37157428713577,163524.27,850704151.0
2019-05-16,601336.SH,601336.SH,53.014741316428044,53.473522731666364,52.57635018631143,52.93318017594123,116620.82,604761850.0
2019-05-17,601336.SH,601336.SH,53.116716264230206,53.116716264230206,50.71066155437256,50.83300331928058,175140.06,885079022.0
2019-05-20,601336.SH,601336.SH,49.956214936597334,51.291779050208405,49.66055570533992,50.2722644596656,218586.87,1079609384.0
2019-05-21,601336.SH,601336.SH,50.27225105106003,51.89327881766285,49.95620161228841,51.220399367374895,165882.7,831522368.0
2019-05-22,601336.SH,601336.SH,51.11844695443131,51.668984675919006,50.56790923294362,50.99610523854516,103514.59,517970859.0
2019-05-23,601336.SH,601336.SH,50.873765685308875,50.873765685308875,49.71151933498318,50.364008514113394,141295.37,695252080.0
2019-05-24,601336.SH,601336.SH,50.465965821196946,51.33255311307608,50.32323379665214,50.8126007379486,109225.92,544632820.0
2019-05-27,601336.SH,601336.SH,50.894167869319524,51.80153584615635,49.67075037246087,51.414120305484445,188914.44,939715208.0
2019-05-28,601336.SH,601336.SH,51.077690799521505,52.352084282543494,51.05730050379315,51.99525410729734,184622.11,937174718.0
2019-05-29,601336.SH,601336.SH,51.44472551035377,56.07332348532416,51.09809041971722,55.86942049083207,381389.06,2017850712.0
2019-05-30,601336.SH,601336.SH,54.18723844485888,54.54406880150423,53.21869890539292,53.81001778211951,218218.0,1150566420.0
2019-05-31,601336.SH,601336.SH,53.708063691148574,54.1056746410261,52.45405992615024,52.60698721456467,177821.43,928747992.0
2019-06-03,601336.SH,601336.SH,52.62737914524266,53.932358713354056,52.19918272445611,52.81089189700832,146517.74,759296702.0
2019-06-04,601336.SH,601336.SH,52.81089654529646,52.83128685284291,50.486401485001565,50.96557371234305,212948.42,1069834693.0
2019-06-05,601336.SH,601336.SH,51.4243452725283,51.50590648628331,50.50678161778454,50.50678161778454,145321.57,727523691.0
2019-06-06,601336.SH,601336.SH,50.496571821336204,50.95535351565482,49.915448341865954,50.12954646588131,124160.52,615019169.0
2019-06-10,601336.SH,601336.SH,50.46597312972317,51.65880522188026,50.16011874711879,51.54665861492532,182636.34,915067341.0
2019-06-11,601336.SH,601336.SH,51.485497875135735,53.361405124447614,51.281594913254004,53.02496523734276,212357.83,1096239234.0
2019-06-12,601336.SH,601336.SH,52.65794078290817,53.198283640893486,52.443842669366816,52.6477456346443,109389.02,565695866.0
2019-06-13,601336.SH,601336.SH,52.60693886611623,52.81084172993838,51.80152255401872,52.372450572720744,99168.82,508699001.0
2019-06-14,601336.SH,601336.SH,52.209343830962965,52.749686581019795,51.56704961863125,51.58743991108623,86045.91,439654820.0
2019-06-17,601336.SH,601336.SH,51.24082692851599,52.29092744058069,51.24082692851599,51.79136506105476,90166.97,458752114.0
2019-06-18,601336.SH,601336.SH,51.974881821365585,52.433663634225816,51.485514554314676,52.341907271653774,65118.96,332679930.0
2019-06-19,601336.SH,601336.SH,54.68681619899545,54.951890252159856,52.8312978268446,52.87207845040835,218862.8,1153697074.0
2019-06-20,601336.SH,601336.SH,52.87206207599171,56.022364270646825,52.83128146505766,55.50241148123772,286968.03,1544330042.0
2019-06-21,601336.SH,601336.SH,55.20675754236316,56.58310329826695,55.165976927373414,55.767490998472105,164830.09,901899825.0
2019-06-24,601336.SH,601336.SH,55.736905637928814,56.83798224464115,55.30870917976291,56.43017609400695,153829.12,850323568.0
2019-06-25,601336.SH,601336.SH,56.195683439155445,56.43017195858589,54.054701305225365,54.95187477087225,168567.35,910231032.0
2019-06-26,601336.SH,601336.SH,54.75815869517133,55.685917481479386,54.442108998736714,55.359672633546886,94880.04,514570713.0
2019-06-27,601336.SH,601336.SH,55.71650804757884,57.30695182716206,55.461629236748195,56.67485237630207,135011.49,751092796.0
2019-06-28,601336.SH,601336.SH,56.64425285829575,57.0928394540058,55.522786369020636,56.10390991346319,115408.91,637539286.0
2019-07-01,601336.SH,601336.SH,57.70453672177795,59.14205256590704,57.50063376516389,58.99932049627721,216379.12,1244681831.0
2019-07-02,601336.SH,601336.SH,58.64250569629348,58.97894566290991,58.20411422464178,58.44879783672645,112589.29,646423340.0
2019-07-03,601336.SH,601336.SH,58.17352211604148,58.17352211604148,56.24663889137765,56.57288367015671,230866.08,1292782632.0
2019-07-04,601336.SH,601336.SH,56.96032210184791,56.990907562078,54.81933988574122,55.45143939716319,214466.02,1169829434.0
2019-07-05,601336.SH,601336.SH,55.563577851151095,56.0427499904179,55.09460086378358,55.79806634483486,137587.86,751173088.0
2019-07-08,601336.SH,601336.SH,55.420839392553184,55.420839392553184,53.04536927142278,53.71824921989748,224504.09,1187531132.0
2019-07-09,601336.SH,601336.SH,53.504142295532446,54.024094897870896,52.91282364973579,53.37160535768148,133802.87,698928741.0
2019-07-10,601336.SH,601336.SH,53.687672004609674,54.003721725867344,53.08615801899023,53.68767200460967,131583.37,692031401.0
2019-07-11,601336.SH,601336.SH,54.03429202630283,54.83970883197791,53.72843754313508,54.156633819569926,149958.66,798753661.0
2019-07-12,601336.SH,601336.SH,54.16680301324567,56.43012510414356,54.16680301324567,55.8286115754815,238653.26,1298749296.0
2019-07-15,601336.SH,601336.SH,55.71646522900559,56.58305251985015,54.849877938161036,55.9611486993617,166340.45,907672967.0
2019-07-16,601336.SH,601336.SH,55.86941577222312,55.86941577222312,54.931462076777045,55.26790198927401,106879.53,579015144.0
2019-07-17,601336.SH,601336.SH,54.95186137866306,55.30869164735568,54.55425050783414,55.00283713133344,89552.97,482695971.0
2019-07-18,601336.SH,601336.SH,54.49305737310767,54.921253520847706,53.70803110225092,53.72842139500045,147006.9,782986781.0
2019-07-19,601336.SH,601336.SH,54.034275885937575,55.25769345316635,53.98330015396971,55.25769345316635,144607.41,778397194.0
2019-07-22,601336.SH,601336.SH,55.257697561545044,55.59413741754707,54.23818284638739,54.84989167548198,116319.11,628247233.0
2019-07-23,601336.SH,601336.SH,55.07418552611493,55.34945450227285,54.51345242653397,54.93145346440342,84101.29,453257359.0
2019-07-24,601336.SH,601336.SH,55.267897540776,56.705413414830495,55.17614120838954,56.12428997638293,187905.82,1036565665.0
2019-07-25,601336.SH,601336.SH,56.256823570343215,57.25594801939969,55.910188557405256,56.827751826946916,133937.49,742761191.0
2019-07-26,601336.SH,601336.SH,56.379193178922364,56.817584735286495,56.23646104429218,56.61368168581481,73662.67,408688967.0
2019-07-29,601336.SH,601336.SH,56.4607530448837,56.521923958258434,55.68592147547034,56.12431302132263,89940.45,494657839.0
2019-07-30,601336.SH,601336.SH,58.12256994259188,58.64252276965244,57.33754312526518,57.714763803720864,329805.72,1872570003.0
2019-07-31,601336.SH,601336.SH,57.48025225071747,57.755521284199084,56.613664552719776,56.634054851496195,180400.33,1010806088.0
2019-08-01,601336.SH,601336.SH,56.63406856225988,57.2763631292126,56.43016552513203,57.06226494022836,151597.11,845579417.0
2019-08-02,601336.SH,601336.SH,55.72668463652782,56.246637237417495,55.206732035638154,55.706294338453716,188266.38,1029011611.0
2019-08-05,601336.SH,601336.SH,55.20672535024393,55.71648274036622,53.748819214494176,53.88135613592598,213841.22,1146495571.0
2019-08-06,601336.SH,601336.SH,52.52541111542614,53.36141338861421,51.883116686025545,53.065754048096466,211960.95,1094196484.0
2019-08-07,601336.SH,601336.SH,53.371624638635346,53.483771318869344,52.046254781324436,52.046254781324436,147410.73,762338376.0
2019-08-08,601336.SH,601336.SH,52.505045985631675,52.78031515876023,51.7913851664095,52.78031515876023,155140.06,797473270.0
2019-08-09,601336.SH,601336.SH,52.97694026932357,53.27706358790344,51.54876723608141,51.610861715787586,170278.18,859054461.0
2019-08-12,601336.SH,601336.SH,51.69366778665031,52.935557703446705,51.53843154705075,52.93555770344671,144183.5,727272791.0
2019-08-13,601336.SH,601336.SH,52.22149258170455,52.46987066770553,51.538452845201874,51.714387322785896,116319.38,583171264.0
2019-08-14,601336.SH,601336.SH,52.625125939256,52.75966411766511,51.6212641465111,51.683358690392225,127672.41,642740012.0
2019-08-15,601336.SH,601336.SH,50.42074738583239,51.74543040417938,50.22411475029651,51.74543040417939,130114.27,641955418.0
2019-08-16,601336.SH,601336.SH,51.87996852323026,52.33532831078704,51.17623066973342,51.91101578147276,143233.2,717430574.0
2019-08-19,601336.SH,601336.SH,52.19043266840156,53.83593708923755,51.828214714129494,53.773842582790905,228101.61,1168136607.0
2019-08-20,601336.SH,601336.SH,53.4530108263497,53.76348329968764,52.98730211634278,53.02869844612117,135750.94,699706739.0
2019-08-21,601336.SH,601336.SH,52.976931880228655,53.60822565727377,52.83204478385765,53.183913446472964,102330.28,527126366.00000006
2019-08-22,601336.SH,601336.SH,53.40124470150679,53.48403732895099,52.728554603522696,53.41159377993731,90284.31,464043087.0
2019-08-23,601336.SH,601336.SH,53.297734346772934,54.518925153165014,53.23563989899028,54.00147142164294,177331.45,926598276.0
2019-08-26,601336.SH,601336.SH,52.78027598139158,52.976908382106565,52.27317136902135,52.57329450695475,143856.44,731321833.0
2019-08-27,601336.SH,601336.SH,52.97690673941174,54.02216315290668,52.89411415220422,53.40121874885028,164495.71,849213872.0
2019-08-28,601336.SH,601336.SH,53.08038165027853,53.3908537597557,52.63537162669461,52.76990954080138,112555.36,574708189.0
2019-08-29,601336.SH,601336.SH,52.8837270987669,52.8837270987669,50.399951266339485,50.50344192602395,470589.76,2323751200.0
2019-08-30,601336.SH,601336.SH,50.896723317488096,50.98986494210327,49.69623126689261,49.91356172432799,318055.89,1545516138.0
2019-09-02,601336.SH,601336.SH,49.69625152774163,51.10372554018912,49.69625152774163,50.84499869966568,249738.27,1223325411.0
2019-09-03,601336.SH,601336.SH,50.793245156178656,51.890246783431095,50.78289608422345,51.631519984550806,221662.37,1102572100.0
2019-09-04,601336.SH,601336.SH,51.65220798909382,52.07651985596476,51.445226590620194,52.03512357627004,180828.19,905248641.0
2019-09-05,601336.SH,601336.SH,52.25246166948897,54.07389824184588,52.25246166948897,53.04934016989512,315233.75,1626376598.0
2019-09-06,601336.SH,601336.SH,53.401211633626616,53.67028750619915,52.8941071045476,53.53574956991288,165782.52,852887056.0
2019-09-09,601336.SH,601336.SH,54.073894198693935,54.27052654123464,52.925147355429814,53.47364810041178,224292.22,1159448017.0
2019-09-10,601336.SH,601336.SH,53.50472055536585,53.618560386334714,52.85272879618054,53.19424828908713,128385.78,658764624.0
2019-09-11,601336.SH,601336.SH,53.6288843492688,53.72202598553731,53.12177988514024,53.48399735951779,139436.41,719793955.0
2019-09-12,601336.SH,601336.SH,53.6081666063299,54.51888449462277,53.07001512688412,54.34295035711164,212097.86,1102954410.0
2019-09-16,601336.SH,601336.SH,54.0531870295004,54.10493237415817,52.987232929550466,53.256308721770836,192508.6,995627601.0
2019-09-17,601336.SH,601336.SH,53.19420108105443,53.19420108105443,51.900567786281705,52.02475658257989,139309.87,705164369.0
2019-09-18,601336.SH,601336.SH,52.18001388012953,52.52153320937274,51.973032468466975,52.221410162462035,88376.26,445927591.0
2019-09-19,601336.SH,601336.SH,52.31455152905951,52.43874037541929,51.745352649910494,52.39734409329937,89532.09,451138026.0
2019-09-20,601336.SH,601336.SH,52.46976430859815,52.645698429553995,52.16964139637933,52.34557551733519,88950.15,450438981.0
2019-09-23,601336.SH,601336.SH,51.96267881926681,52.02477323729422,51.17614952425302,51.4762725447188,111488.3,553686062.0
2019-09-24,601336.SH,601336.SH,51.590109967511346,51.98337459715335,51.24859068387486,51.48661927550028,105423.85,525459652.0
2019-09-25,601336.SH,601336.SH,51.279637633843336,52.00407247428108,50.93811835192268,51.49696808597466,97767.85,486478302.0
2019-09-26,601336.SH,601336.SH,51.70396465881773,52.117927546398334,51.22790733810003,51.29000177123712,106806.78,533283459.99999994
2019-09-27,601336.SH,601336.SH,51.310721021555864,51.48665532114571,50.60698382319649,51.12443764551956,84900.11,418076579.0
2019-09-30,601336.SH,601336.SH,50.80363318586179,51.217596381509466,50.36897183043172,50.36897183043172,78054.02,383112370.0
2019-10-08,601336.SH,601336.SH,50.67942725496704,51.434909834018015,50.29651142722888,50.86571063062344,79076.66,388749622.0
2019-10-09,601336.SH,601336.SH,50.55524369545262,51.48666067244151,50.34826214501064,51.269330044477435,119315.06,589032007.0
2019-10-10,601336.SH,601336.SH,51.29004285381541,51.45562814147905,51.04166492231993,51.362486417168256,75035.6,371638146.0
2019-10-11,601336.SH,601336.SH,51.64191124019533,52.252506984317876,51.08306089811706,51.931685491643314,143882.98,719599278.0
2019-10-14,601336.SH,601336.SH,52.469832110584136,53.08042778997751,52.035170779490535,52.521577507142894,215939.86,1099599001.0
2019-10-15,601336.SH,601336.SH,52.32492371303221,52.666443191380715,51.890262558770466,52.14898943630722,86187.07,434469772.0
2019-10-16,601336.SH,601336.SH,52.24210749960642,53.297712682839354,52.05582423197708,52.1593149362156,149489.16,761566973.0
2019-10-17,601336.SH,601336.SH,52.221389582603685,52.64570130929547,51.44520959475286,52.469767178715955,104519.58,527793458.0
2019-10-18,601336.SH,601336.SH,52.728490313270655,52.78023564233176,51.00019632262959,51.04159258587848,129102.1,645009044.0
2019-10-21,601336.SH,601336.SH,51.0312529972972,52.36628273500788,50.813922574879186,52.159301380324045,146453.39,733441780.0
2019-10-22,601336.SH,601336.SH,52.15932684391999,52.645733264885116,51.94199631540366,52.573289755379676,107734.7,544914246.0
2019-10-23,601336.SH,601336.SH,52.48016427355906,52.89412731259325,52.107597538428294,52.387022589776365,78693.78,399253796.0
2019-10-24,601336.SH,601336.SH,52.36634316306733,52.60437199562672,51.86958733859554,52.211106967919896,65181.65,328372116.0
2019-10-25,601336.SH,601336.SH,51.838538175768676,51.8488872550611,50.731186691478946,51.590160272750424,118640.19,588035949.0
2019-10-28,601336.SH,601336.SH,51.53843539448994,51.838558813453844,51.238311975526045,51.600529894965234,126070.14,628267798.0
2019-10-29,601336.SH,601336.SH,51.72469645528087,51.73504553420351,50.89677014147086,51.00026093069711,90619.08,448140602.0
2019-10-30,601336.SH,601336.SH,51.02098291348961,51.59018252002956,50.731208568342005,51.0623792485107,86303.69,426644883.0
2019-10-31,601336.SH,601336.SH,51.33147670310059,51.33147670310059,49.28235727019455,49.38584815064435,287994.93,1388491815.0
2019-11-01,601336.SH,601336.SH,49.40654046233413,50.14132562631103,48.982227902854504,49.872249369080045,166634.5,799305282.0
2019-11-04,601336.SH,601336.SH,49.81016010432223,50.46215264256704,49.79981101641358,50.213774532759494,247713.6,1201308777.0
2019-11-05,601336.SH,601336.SH,50.50356735164487,51.27974922692629,50.110301868168946,50.7933419184166,251587.8,1232926005.0
2019-11-06,601336.SH,601336.SH,51.2280048081035,51.952441239733254,50.73124839784311,51.000324786734154,250258.21,1242563770.0
2019-11-07,601336.SH,601336.SH,50.97964705254451,51.383261797783895,50.71057055571825,51.18662897318009,143725.47,708819265.0
2019-11-08,601336.SH,601336.SH,51.538479870817056,51.60057442487829,50.58636337521161,50.586363375211604,137774.59,679672738.0
2019-11-11,601336.SH,601336.SH,50.203452478579834,50.36903797428326,49.57215777621056,49.69634689798813,120921.47,583239964.0
2019-11-12,601336.SH,601336.SH,49.623927062263704,49.903352720382806,49.07542484447434,49.63427616071255,118327.41,565660827.0
2019-11-13,601336.SH,601336.SH,49.51010758588844,49.51010758588844,48.76497218743861,49.034048859101055,116295.0,550848276.0
2019-11-14,601336.SH,601336.SH,49.15821917871671,49.15821917871671,48.413084066955115,48.57866964734658,118859.99,558581016.0
2019-11-15,601336.SH,601336.SH,48.53725168481685,48.60969534404792,47.491993173054276,47.60583320898881,185508.36,857394610.0
2019-11-18,601336.SH,601336.SH,47.595461420823995,48.04047225820069,47.18149785117125,47.75069775944377,129269.62,595671116.0
2019-11-19,601336.SH,601336.SH,47.657536363949056,48.102547018378985,47.60579093901535,48.08184884840551,108673.53,502673416.0
2019-11-20,601336.SH,601336.SH,47.99903544045678,48.08182808459728,47.398788770438124,47.45053417302594,110507.82,509396252.0
2019-11-21,601336.SH,601336.SH,47.21248570977363,47.274580167085915,46.92271157564964,47.08829679514906,84149.91,382755097.0
2019-11-22,601336.SH,601336.SH,47.30563311903617,47.69889806292665,46.850273710320884,47.04690618226613,86142.64,393158569.0
2019-11-25,601336.SH,601336.SH,47.0882942070569,47.76098412430056,46.95375622360816,47.76098412430056,108253.35,495915813.0
2019-11-26,601336.SH,601336.SH,47.84379287599061,48.09217077541172,47.243546285722935,47.37808431457604,119903.63,550570967.0
2019-11-27,601336.SH,601336.SH,47.14004973017331,47.20214419743589,46.45701059028496,46.550152291178826,123631.57,557826276.0
2019-11-28,601336.SH,601336.SH,46.374205333968085,46.53979053489277,45.805006205789496,46.04303493211873,101283.5,451036225.0
2019-11-29,601336.SH,601336.SH,45.94987907529731,46.26035123121149,45.753246709885005,46.07406793766298,78641.52,349414867.0
2019-12-02,601336.SH,601336.SH,46.218948211932755,46.38453333763605,45.908476101239074,46.043014015873005,90872.53,405394805.0
2019-12-03,601336.SH,601336.SH,45.84636054460912,46.05334185632293,45.39100165883874,46.02229465956586,107273.75,473659514.0
2019-12-04,601336.SH,601336.SH,45.74287703187607,45.8981130399028,45.45310315022618,45.79462236788498,72833.89,321265422.0
2019-12-05,601336.SH,601336.SH,46.01197273818385,47.233163197721794,45.91883109296485,47.119323409120796,203469.47,916038883.0
2019-12-06,601336.SH,601336.SH,47.07792570471558,47.854106058167694,46.964085919542605,47.7713134871328,169660.12,779570894.0
2019-12-09,601336.SH,601336.SH,47.916181064633825,47.96792640055676,47.171048227343626,47.38837863821994,94875.57,434725943.0
2019-12-10,601336.SH,601336.SH,47.29523201224181,47.59535492873087,47.06755255835355,47.471166135700905,80852.68,370041293.0
2019-12-11,601336.SH,601336.SH,47.64710061240933,47.71954407554723,47.3469776936952,47.46081742148332,74713.34,343031620.0
2019-12-12,601336.SH,601336.SH,47.574654535621214,47.63674892918522,47.28488069898919,47.47116387968121,75904.81,348020045.0
2019-12-13,601336.SH,601336.SH,47.978261525996494,49.24084735562798,47.81267649915958,49.06491326461375,246740.33,1157337406.0
2019-12-16,601336.SH,601336.SH,49.04419154380181,49.33396520137228,48.7440688270324,49.13733307659232,170561.72,808238552.0
2019-12-17,601336.SH,601336.SH,49.25119303880154,50.844948812698455,48.754437992392106,50.08946717961744,261791.12,1263747782.0
2019-12-18,601336.SH,601336.SH,50.04805366070704,50.907025632137696,49.84107246277193,50.39992169719671,168717.69,822619582.0
2019-12-19,601336.SH,601336.SH,50.39994129716626,50.58622444775126,49.84109184541122,50.29645065795236,88636.75,430018848.0
2019-12-20,601336.SH,601336.SH,50.1722847910982,50.77253077250986,49.84111459445729,49.88251086903741,84377.91,409684014.0
2019-12-23,601336.SH,601336.SH,49.96531877572953,50.2240455713785,48.45435428913953,48.48540150461741,173523.13,825137668.0
2019-12-24,601336.SH,601336.SH,48.588903963304546,48.92007434175518,48.412969699752644,48.826932672815936,58905.14,277065407.0
2019-12-25,601336.SH,601336.SH,48.640627472353835,49.00284491097774,48.43364607885445,48.9510995626029,64714.12,304691750.0
2019-12-26,601336.SH,601336.SH,48.83724375699396,49.251206408038634,48.48537550360601,49.15806481155358,75502.12,356701350.0
2019-12-27,601336.SH,601336.SH,49.14772606825914,50.25507639239132,49.054584452210634,49.27191488965714,144618.82,694402348.0
2019-12-30,601336.SH,601336.SH,49.054592709615726,50.834632782622876,48.64062990193965,50.782887431663376,219168.54,1063964362.9999999
2019-12-31,601336.SH,601336.SH,50.7932200702691,51.19683367718444,50.244719527537995,50.86566353817698,161862.83,792480173.0
2020-01-02,601336.SH,601336.SH,51.79707975786046,53.14245845286983,51.79707975786046,52.625005108635456,321391.99,1635438826.0
2020-01-03,601336.SH,601336.SH,52.78024577447124,53.60817119838451,52.29383958792219,52.71815136767775,181738.9,931414047.0
2020-01-06,601336.SH,601336.SH,52.6146385372503,52.93545950394084,51.703920954386795,51.96264754042756,189800.0,960694413.0
2020-01-07,601336.SH,601336.SH,52.04542157624697,52.83195011865993,52.04542157624697,52.42833678768486,108620.29,550396324.0
2020-01-08,601336.SH,601336.SH,52.05576030882235,52.09715653968424,51.289930037877454,51.331326268739346,122562.25,611719377.0
2020-01-09,601336.SH,601336.SH,52.055738821229305,52.44900285208551,51.70387100414744,52.14888030222156,82601.18,415535256.0
2020-01-10,601336.SH,601336.SH,52.38691716193814,52.759483147285785,51.81771912876813,52.07644550748177,84766.99,428336065.0
2020-01-13,601336.SH,601336.SH,51.96262033884793,53.038922373351056,51.786686352438764,53.038922373351056,132639.6,673146095.0
2020-01-14,601336.SH,601336.SH,53.02857983566111,53.63917433415916,52.593919345204874,52.60426840450145,118814.31,609835777.0
2020-01-15,601336.SH,601336.SH,52.5007538496422,53.028555632873385,52.12818788500844,52.46970668592273,78935.09,400344808.0
2020-01-16,601336.SH,601336.SH,52.46973155159057,52.71810897905371,51.70390115024585,51.75564644763401,85864.95,432178755.0
2020-01-17,601336.SH,601336.SH,52.004036338613965,52.335206321267826,51.559026674422846,51.81775322337117,76273.08,382562570.0
2020-01-20,601336.SH,601336.SH,52.27309344485903,53.535678556772076,52.26274438656466,52.91473505910993,132378.25,677804876.0
2020-01-21,601336.SH,601336.SH,52.469731118547415,52.65601418760735,51.14505151634346,51.21749493208899,168696.45,839635156.0
2020-01-22,601336.SH,601336.SH,51.020878386465085,51.41414276348044,49.99632119371458,51.165765262207586,110183.91,540520455.0
2020-01-23,601336.SH,601336.SH,50.596591787964876,50.9691582237118,49.4271471424259,49.66517569859756,136914.38,662323167.0
2020-02-03,601336.SH,601336.SH,44.697630339950386,46.55011374602844,44.697630339950386,45.10124404295063,269291.15,1180689844.0
2020-02-04,601336.SH,601336.SH,45.442772041621325,47.70921865449199,45.432422970329675,47.39874651574258,214643.94,972072647.0
2020-02-05,601336.SH,601336.SH,47.39874068333254,47.947241394296874,46.8812871824228,47.0986176528049,149585.48,683089894.0
2020-02-06,601336.SH,601336.SH,47.3987532645427,48.164584649166315,46.93304499010942,48.11283928534039,136668.18,627459477.0
2020-02-07,601336.SH,601336.SH,47.80237679359626,47.80237679359626,47.08829062802836,47.678187895236626,105083.53,481168646.0
2020-02-10,601336.SH,601336.SH,47.388426066130556,47.53331315172257,46.82957587884707,47.29528436824998,112105.14,510918196.0
2020-02-11,601336.SH,601336.SH,47.59541176743697,47.967978591448215,47.3470338847628,47.471222826099876,112735.01,519236193.0
2020-02-12,601336.SH,601336.SH,47.398774722582125,47.64715258139042,46.902019004965545,47.60575627158904,132411.21,605353231.0
2020-02-13,601336.SH,601336.SH,47.41945826117679,47.4401564096976,46.97444806797937,47.00549529076058,119750.84,545057402.0
2020-02-14,601336.SH,601336.SH,46.95377221094375,47.647160515579685,46.767488785817676,47.34703721954324,122833.63,560127878.0
2020-02-17,601336.SH,601336.SH,47.41949872036413,48.53719969413089,47.367753304911965,48.53719969413089,202585.56,937731009.0
2020-02-18,601336.SH,601336.SH,48.537183187722036,48.537183187722036,47.81274761775604,48.08182368660055,151920.88,705223056.0
2020-02-19,601336.SH,601336.SH,48.33021139226894,49.18918517076109,48.20602241224598,48.5061457806348,175920.81,828256752.0
2020-02-20,601336.SH,601336.SH,48.661389635076624,50.162006712296126,48.22672813684753,50.099912212549114,258690.29,1230031382.0
2020-02-21,601336.SH,601336.SH,49.75838711379873,50.37933204450337,49.49966005933846,49.66524537419304,230002.94,1107961877.0
2020-02-24,601336.SH,601336.SH,49.22024835625594,49.385833716579754,48.68209593520351,48.80628495544638,198585.27,938489740.0
2020-02-25,601336.SH,601336.SH,48.07150418191471,48.3302313303642,47.38846451000806,48.081853267852686,184198.52,853083351.0
2020-02-26,601336.SH,601336.SH,47.388462407030104,48.95117431431587,47.32636789415782,48.04045479218907,200651.34,933148858.0
2020-02-27,601336.SH,601336.SH,48.040434492231164,48.37160508761061,47.512631355845166,47.709263896851716,155991.56,720342814.0
2020-02-28,601336.SH,601336.SH,46.77782658600024,47.24353503652457,45.63942815138519,45.72222076481174,196659.26,881798494.0
2020-03-02,601336.SH,601336.SH,45.92920235905078,47.150393408705575,45.92920235905078,47.005506335017714,126705.43,571451105.0
2020-03-03,601336.SH,601336.SH,47.59538845908402,47.78167177986321,46.529433901291966,46.77781166233089,144442.24,658482634.0
2020-03-04,601336.SH,601336.SH,46.55013652597657,47.34701525263291,46.446645782254976,47.33666617826075,122378.43,555874738.0
2020-03-05,601336.SH,601336.SH,47.58506571577848,48.961493236482816,47.274593342687275,48.76486073352505,288688.19,1348676388.0
2020-03-06,601336.SH,601336.SH,48.19567143234414,48.3923039763026,47.60577380046877,47.64717012551265,147999.78,685067605.0
2020-03-09,601336.SH,601336.SH,46.57085804947186,46.6433016064377,45.68083720674862,45.76362984328101,196971.48,877673629.0
2020-03-10,601336.SH,601336.SH,45.649780686430546,46.74678289743976,45.53594083434468,46.72608474251505,123880.53,553205975.0
2020-03-11,601336.SH,601336.SH,46.777816576385604,46.777816576385604,45.856748949107214,45.89814524696242,97135.02,434042722.0
2020-03-12,601336.SH,601336.SH,45.53593142588389,45.76361108301331,45.15301563889351,45.44278974796731,92988.2,407961479.0
2020-03-13,601336.SH,601336.SH,43.7558832094743,45.401385912952634,43.341920265203015,44.84253593818641,127175.96,543874362.0
2020-03-16,601336.SH,601336.SH,44.99779132546893,44.99779132546893,41.96551145924023,42.14144578594975,203719.44,855060300.0
2020-03-17,601336.SH,601336.SH,42.22425615835536,43.00043733773689,40.878875447427376,42.151812581613086,120459.67,490077122.0
2020-03-18,601336.SH,601336.SH,42.3898216670957,42.907275544867865,41.303168523774154,41.32386667888504,102528.09,418289054.0
2020-03-19,601336.SH,601336.SH,41.17897276357985,41.69642655553235,39.347186340068006,40.12336702799676,195811.59,759135462.0
2020-03-20,601336.SH,601336.SH,40.361390670892554,40.92024069556645,40.1233619566796,40.85814624838046,144606.86,566664112.0
2020-03-23,601336.SH,601336.SH,39.4092746081647,39.91637924466682,39.20229312387813,39.23334034652111,132651.66,505658752.0
2020-03-24,601336.SH,601336.SH,39.84392718428213,40.73394737593103,39.657643888355615,40.65115479996369,143526.53,556878320.0
2020-03-25,601336.SH,601336.SH,41.60325493873342,42.38978413658012,41.18929220302463,42.327689726223795,174076.88,703334975.0
2020-03-26,601336.SH,601336.SH,42.30698960564556,42.710603254036016,41.81023434608808,41.93442316097745,130871.81,533469001.00000006
2020-03-27,601336.SH,601336.SH,42.48292376007217,42.710603254036016,41.913725025162556,41.93442316097745,105324.52,430846609.0
2020-03-30,601336.SH,601336.SH,41.396256061259336,42.17243586240795,41.106482268830526,41.7170770457341,122009.87,489735023.0
2020-03-31,601336.SH,601336.SH,42.15173548910889,42.41046207571034,40.982291317670324,41.189272586951475,129510.92,520706534.0
2020-04-01,601336.SH,601336.SH,40.961605857170014,41.8826727902898,40.940907723841484,41.49975732371191,116907.58,469727251.0
2020-04-02,601336.SH,601336.SH,41.292761416505634,42.22417708755464,41.09612921928418,42.22417708755463,78161.37,316052252.0
2020-04-03,601336.SH,601336.SH,42.21383964969355,42.410471901065,41.95511300315215,42.089650859353675,66727.82,272189696.0
2020-04-07,601336.SH,601336.SH,42.80375493294213,43.44539729412259,42.545028174401615,43.17632146524046,118397.74,491615321.0
2020-04-08,601336.SH,601336.SH,42.86584542387981,42.88654356266488,42.23455219093518,42.43118450939334,89296.4,366847235.0
2020-04-09,601336.SH,601336.SH,42.731323101981346,42.8348138336403,42.534690711829334,42.57608700449292,55199.99,227748349.0
2020-04-10,601336.SH,601336.SH,42.44153983722142,43.40400343265219,42.05862421323283,42.60712497191919,105123.11,434028693.0
2020-04-13,601336.SH,601336.SH,42.23455443970849,42.80375328660483,41.94478048128853,42.400139558805606,51185.91,209758389.0
2020-04-14,601336.SH,601336.SH,42.61746118037225,43.445386603983174,42.50362143462575,43.32119779044154,82812.4,344633847.0
2020-04-15,601336.SH,601336.SH,43.5799160511693,43.80759549859882,43.20734968264826,43.20734968264826,77471.29,326072747.0
2020-04-16,601336.SH,601336.SH,43.103868080158314,43.37294384728535,42.97967926456122,43.103868080158314,47830.49,199503012.0
2020-04-17,601336.SH,601336.SH,43.56958481784586,44.49065205033713,43.16597108675417,44.15948180944139,139563.17,593102457.0
2020-04-20,601336.SH,601336.SH,44.21120763261895,45.328906701982916,44.06632071621992,45.24611417832632,146049.72,632996915.0
2020-04-21,601336.SH,601336.SH,44.9563216154502,44.9563216154502,44.24223639642026,44.81143475941514,87494.53,377276740.0
2020-04-22,601336.SH,601336.SH,44.48024823713176,44.79071995586465,44.03523877361462,44.73897466940917,55577.4,239268263.0
2020-04-23,601336.SH,601336.SH,44.9356084406881,45.07014619051051,44.531995191220844,44.770023517829735,50550.46,218854843.0
2020-04-24,601336.SH,601336.SH,44.5009439004363,44.67687786469384,43.78685898668511,44.066283518152964,71032.84,303392750.0
2020-04-27,601336.SH,601336.SH,44.03525213555891,45.03911099740362,44.024903075127526,44.51130891540279,67697.67,292376237.0
2020-04-28,601336.SH,601336.SH,44.821774576335336,45.20468975973973,44.14908574062492,44.86317081237906,72100.0,311994970.0
2020-04-29,601336.SH,601336.SH,45.587597939036485,46.88123011664819,45.535852651932025,46.47761687723334,190766.28,856371759.0
2020-04-30,601336.SH,601336.SH,46.52937749470162,47.05717959706589,46.17750942645876,46.51902843387095,122280.87,550372619.0
2020-05-06,601336.SH,601336.SH,46.05332811297517,47.077885300207654,46.05332811297517,46.91230030025089,113697.06,513186555.0
2020-05-07,601336.SH,601336.SH,46.98473913301873,47.19172036267961,46.37414450551915,46.67426728852742,95233.36,430350218.0
2020-05-08,601336.SH,601336.SH,46.93297229384438,46.97436852078492,46.52935908117405,46.69494398893623,84212.09,380509700.0
2020-05-11,601336.SH,601336.SH,46.69494234979822,47.31588573210937,46.581102729707844,47.17099894290344,86241.22,392377671.0
2020-05-12,601336.SH,601336.SH,47.098565484443114,47.36764100687676,46.5811125566861,47.19170701143938,88877.3,404331611.0
2020-05-13,601336.SH,601336.SH,46.984715935783036,47.19169706325345,46.684593300950944,47.129602725012326,50486.88,228984536.0
2020-05-14,601336.SH,601336.SH,46.82949920684314,46.83984826744134,45.825640328818,45.83598938941619,94258.9,421336482.0
2020-05-15,601336.SH,601336.SH,46.10507760634915,47.005446125261024,46.08437947947761,46.425898572857975,103488.06,467061098.0
2020-05-18,601336.SH,601336.SH,46.42589306310871,46.67427055609012,45.898090890523214,46.04297776142904,56315.98,251883653.0
2020-05-19,601336.SH,601336.SH,46.49835313974574,47.11929709442741,46.49835313974574,46.643240062504795,71241.85,321998937.0
2020-05-20,601336.SH,601336.SH,46.51903041784763,47.11927597162631,46.38449262131103,47.0261344201779,65909.29,298519356.0
2020-05-21,601336.SH,601336.SH,47.160694306610196,47.274534033924816,46.59149567003711,46.663939132873686,51052.16,231146600.0
2020-05-22,601336.SH,601336.SH,46.46730905358506,46.57079971962868,44.84250559670024,44.842505596700235,80421.61,353874350.0
2020-05-25,601336.SH,601336.SH,44.95634723607351,45.10123417467965,43.673062922704936,43.92144053174401,95462.34,407839407.0
2020-05-26,601336.SH,601336.SH,44.28364189093412,44.66655723329555,44.1698021945564,44.604462853453164,47091.53,202332628.0
2020-05-27,601336.SH,601336.SH,44.70795764057293,45.18401459693087,44.34574039117014,44.55272167654316,45456.02,196258943.0
2020-05-28,601336.SH,601336.SH,44.64585401298295,45.84634521963711,44.500967143214346,45.49447710734193,70185.41,307794096.0
2020-05-29,601336.SH,601336.SH,45.194357487360925,45.48413124729821,44.811442161729516,45.27714999020015,56998.78,248480681.0
2020-06-01,601336.SH,601336.SH,45.53588939870527,46.21892773968585,45.53588939870527,45.887757634968,104943.63,466286465.0
2020-06-02,601336.SH,601336.SH,45.90843395321112,47.29520810779415,45.6083111884133,47.26416092522886,133369.03,603079882.0
2020-06-03,601336.SH,601336.SH,47.12962597522372,48.48535302896863,47.12962597522372,47.55393749586144,147852.62,684971003.0
2020-06-04,601336.SH,601336.SH,47.47116612444417,47.91617596602932,46.70533523427437,46.87092029160838,64673.63,293872301.0
2020-06-05,601336.SH,601336.SH,46.98476944659324,47.03651478739346,46.20858933459005,46.88127876499282,65885.96,296209796.0
2020-06-08,601336.SH,601336.SH,47.2434938999297,48.13351371929311,46.88127653158413,47.791994486281574,93804.31,433356754.0
2020-06-09,601336.SH,601336.SH,47.90585680740716,48.06109289557115,47.50224297818079,47.91620587995142,64013.55,295833453.0
2020-06-10,601336.SH,601336.SH,47.90584239883991,47.90584239883991,46.901982663975474,47.14001126090209,71685.53,326454092.0
2020-06-11,601336.SH,601336.SH,47.13998755892554,47.243478201206386,46.00159049383623,46.208571778397925,91102.11,409941140.0
2020-06-12,601336.SH,601336.SH,45.5359004264405,45.92916502103249,45.1943811732422,45.74288179201523,86589.16,381322896.0
2020-06-15,601336.SH,601336.SH,45.25646211372544,45.887755090843505,45.20471678773216,45.20471678773217,64974.79,285488713.0
2020-06-16,601336.SH,601336.SH,45.670435264168326,46.001605426972176,45.35996323653971,45.908463818683586,68153.12,301346369.0
2020-06-17,601336.SH,601336.SH,45.85671872767419,46.35347397455489,45.76357711888406,46.12579448640123,63295.44,281756270.0
2020-06-18,601336.SH,601336.SH,46.24996348254572,47.015794160036975,45.877397207009444,46.788114769431466,75226.57,338715998.0
2020-06-19,601336.SH,601336.SH,46.90196571083822,47.12964515603646,46.31206896646095,46.82952225100241,111778.22,504754407.0
2020-06-22,601336.SH,601336.SH,46.77777042563481,47.48150679487002,46.48799662653796,46.57078914056563,93570.57,423933602.0
2020-06-23,601336.SH,601336.SH,46.44661606094316,46.467314196442686,45.867068266956345,45.94986080895446,64495.02,287058958.0
2020-06-24,601336.SH,601336.SH,46.05333052508731,46.86055744215626,45.89809457949713,46.384500542346366,68372.94,307073252.0
2020-06-29,601336.SH,601336.SH,46.23960326958153,46.23960326958153,45.33923498747464,45.411678412471744,70540.87,310811806.0
2020-06-30,601336.SH,601336.SH,45.701462516042746,45.83600033594958,45.41168875008958,45.825651272879824,70558.57,311449744.0
2020-07-01,601336.SH,601336.SH,45.84636414679606,47.39872410661986,45.61868468602191,47.357327841024556,139616.75,629963115.0
2020-07-02,601336.SH,601336.SH,47.27451314562756,50.37923160965739,47.03648473005194,50.15155225562853,350728.33,1656409235.0
2020-07-03,601336.SH,601336.SH,50.896667449582395,52.71810166493955,50.86562027545699,52.314488401309276,393328.49,1971812572.0
2020-07-06,601336.SH,601336.SH,53.86685141808973,57.55111637579193,53.86685141808973,57.551116375791935,485982.79,2656232409.0
2020-07-07,601336.SH,601336.SH,59.71408190677813,61.75284692161959,57.778807501827075,58.679175807873825,494986.6,2854854853.0
2020-07-08,601336.SH,601336.SH,57.9547583514498,63.212082859045594,57.9547583514498,60.645514989195675,408643.23,2369110192.0
2020-07-09,601336.SH,601336.SH,60.32472176695647,63.59502749321454,59.19667327277252,60.717986379607765,379945.61,2252997590.0
2020-07-10,601336.SH,601336.SH,58.989699097222235,59.589945158211506,57.520131154800204,57.8306032553119,328313.41,1858614667.0
2020-07-13,601336.SH,601336.SH,57.4477031921931,59.13460206092441,56.361050546691345,57.892713323208106,262433.5,1462303033.0
2020-07-14,601336.SH,601336.SH,57.747801310769525,59.38295410774114,57.49942367072321,58.44118888923217,263362.7,1492720524.0
2020-07-15,601336.SH,601336.SH,59.434675422624075,60.02457207926513,57.219975694182224,57.88231579988445,217352.55,1225018795.0
2020-07-16,601336.SH,601336.SH,59.07246480226673,61.59763673845333,56.47484940889446,56.47484940889446,417860.05,2390857497.0
2020-07-17,601336.SH,601336.SH,56.79565131434633,57.48903845685018,53.77372526044889,54.384319908325416,291220.7,1549113965.0
2020-07-20,601336.SH,601336.SH,56.402379403570905,59.82791840954925,55.90562450240184,59.827918409549255,385203.46,2174629196.0
2020-07-21,601336.SH,601336.SH,62.09438437091012,63.11894171303014,57.9651078102446,58.42046662896461,482070.13,2808556058.0
2020-07-22,601336.SH,601336.SH,57.43729543089018,59.38291913197259,56.28854952227238,57.31310668401258,350367.55,1951448012.0
2020-07-23,601336.SH,601336.SH,56.39204393520973,57.230318032980314,55.574467963310006,56.35064768346796,240545.87,1305213731.0
2020-07-24,601336.SH,601336.SH,55.998756664994175,56.60935112872263,53.63917127973846,53.70126563198204,271885.03,1441280889.0
2020-07-27,601336.SH,601336.SH,53.711631682372136,54.43606602105538,52.656027360290835,53.42185794689883,151073.83,779621335.0
2020-07-28,601336.SH,601336.SH,53.86685399487797,54.332561666303434,53.3804482047225,53.711618104402824,118259.01,614275965.0
2020-07-29,601336.SH,601336.SH,53.71161930667743,56.174695490683064,53.19416632684431,55.481308497706685,206882.7,1101352525.0
2020-07-30,601336.SH,601336.SH,55.357114031978355,55.357114031978355,54.301510062776295,54.394651589470605,117637.5,621281251.0
2020-07-31,601336.SH,601336.SH,54.405013492759664,55.65724986951902,53.64953204231807,54.70513626074331,153696.39,812915302.0
2020-08-03,601336.SH,601336.SH,55.01558941466898,56.80597635385968,55.01558941466898,56.40236311323287,193440.29,1049720968.0000001
2020-08-04,601336.SH,601336.SH,56.76457432977686,62.04259309152458,56.50584791988727,60.83175349324128,481143.94,2781932483.0
2020-08-05,601336.SH,601336.SH,59.28971485521639,59.507044932360664,57.913291033302656,59.14482813712021,278172.5,1576682841.0
2020-08-06,601336.SH,601336.SH,59.14481992822595,60.852413154500184,58.67911268469661,60.02448916600358,252957.6,1458623910.0
2020-08-07,601336.SH,601336.SH,59.39866178463786,59.86536555580287,57.38335004551622,58.29554378006601,180923.26,1001555976.0
2020-08-10,601336.SH,601336.SH,57.83945992054482,63.21716140224594,57.83945992054482,62.63378155709098,397655.56,2318877186.0
2020-08-11,601336.SH,601336.SH,62.209479178938885,63.99143868483176,60.68208531674499,61.24425111324691,318998.41,1883854283.0
2020-08-12,601336.SH,601336.SH,61.201819973091084,63.959614287303154,60.52297829574657,62.474648118112036,336520.9,1981011888.0
2020-08-13,601336.SH,601336.SH,62.81404939087005,63.429249469335176,60.936628461760975,62.315525189355206,158127.38,923676621.0
2020-08-14,601336.SH,601336.SH,61.795799551188665,67.79930496587676,61.223026949787325,66.29312516219176,327262.44,1976095236.0
2020-08-17,601336.SH,601336.SH,65.77338706092017,72.92243767841093,65.77338706092017,71.28897507441452,572612.57,3806324357.0
2020-08-18,601336.SH,601336.SH,71.06620184557656,71.2783397615335,69.15696060196404,70.62071222206697,321588.26,2124202046.0
2020-08-19,601336.SH,601336.SH,69.87823228019724,69.91005296884943,66.62191514145702,67.57653580102256,278027.31,1787225782.0
2020-08-20,601336.SH,601336.SH,67.14165297005789,68.38265982590256,65.23241165337379,66.20824610412345,223735.23,1402818525.0
2020-08-21,601336.SH,601336.SH,66.2930966484104,67.88413096797225,65.76275187522312,67.19468276282879,206237.24,1296917164.0
2020-08-24,601336.SH,601336.SH,66.717385505305,66.89770276342745,65.05210259205653,65.40213021076481,162222.88,1005682993.0
2020-08-25,601336.SH,601336.SH,65.43394885394189,67.12044550944145,65.0733143489923,65.69912128405188,129330.39,805947749.0
2020-08-26,601336.SH,601336.SH,64.06563313786606,65.67788085921633,61.83818562810581,62.050323486178215,386077.54,2300219127.0
2020-08-27,601336.SH,601336.SH,62.05034724441761,65.08391977636691,61.732140335471875,63.715630067900264,178871.61,1067330902.0
2020-08-28,601336.SH,601336.SH,63.64141049946649,66.15524621419542,63.174706822470405,65.43397689520147,182181.46,1116730118.0
2020-08-31,601336.SH,601336.SH,65.23241564712481,66.68556051601198,63.42924318208233,63.48227766634829,231098.69,1414923157.0
2020-09-01,601336.SH,601336.SH,62.601890142737,64.02321397857683,62.59128324843968,63.386800320738104,137608.83,819009240.0
2020-09-02,601336.SH,601336.SH,63.567102707879535,63.736812977081286,62.31548947251665,62.98372365749853,128096.67,760397985.0
2020-09-03,601336.SH,601336.SH,63.16404555394506,63.354969621110634,61.94425290260943,62.251852788598406,135321.48,796583329.0
2020-09-04,601336.SH,601336.SH,61.435110880083435,61.997276086686405,61.21236617558037,61.626034912514626,78269.27,454188655.0
2020-09-07,601336.SH,601336.SH,61.42451750710936,62.46399302354809,60.1198696650485,60.247152381347114,114366.81,661977343.0
2020-09-08,601336.SH,601336.SH,60.24716419451425,64.94601872588217,60.24716419451425,64.91419804056817,313427.51,1873059863.0
2020-09-09,601336.SH,601336.SH,63.63078147853467,65.97490595040601,63.51410559984424,63.89595393010382,240627.99,1467855788.0
2020-09-10,601336.SH,601336.SH,65.21119967981387,66.75980656876196,63.6625927908658,64.48993071783806,245463.05,1506415233.0
2020-09-11,601336.SH,601336.SH,64.27779959197805,65.24302727561997,63.39742708931565,64.12930302526391,171322.55,1040592761.0
2020-09-14,601336.SH,601336.SH,64.93542173233719,65.10513207988986,61.52000098783987,61.976097546887644,221816.8,1304112182.0
2020-09-15,601336.SH,601336.SH,61.53061698889216,64.08687947713953,61.201803141856196,64.08687947713953,192917.27,1147495339.0
2020-09-16,601336.SH,601336.SH,63.641396226924144,66.27190727097033,63.21712025207798,64.60662406969915,176651.32,1082307406.0
2020-09-17,601336.SH,601336.SH,64.58541007005265,65.97491388335153,64.0232444051302,64.78694115747767,107973.23,662451081.0
2020-09-18,601336.SH,601336.SH,64.83999074714689,71.26777324228364,64.83999074714689,71.26777324228364,386483.87,2519092678.0
2020-09-21,601336.SH,601336.SH,73.43158928819092,73.48462380306033,68.40391727857043,68.75394507670858,345772.51,2274454484.0
2020-09-22,601336.SH,601336.SH,68.29786226974264,69.02973872518793,66.6962195918841,66.96139222066863,224569.83,1432736941.0
2020-09-23,601336.SH,601336.SH,67.30082731761702,67.6190345389769,65.97496389528413,66.92958555936382,132158.3,830536147.0
2020-09-24,601336.SH,601336.SH,66.04920760449814,68.60547210308238,65.97495925806622,66.39923552339141,198798.72,1262113222.0
2020-09-25,601336.SH,601336.SH,66.49469768308957,67.05686373464545,65.42340011314349,66.39923552339141,122273.36,763338719.0
2020-09-28,601336.SH,601336.SH,66.37802191918979,68.41454799916494,66.37802191918979,67.35385733251121,141144.91,898614436.0
2020-09-29,601336.SH,601336.SH,68.32969220991347,68.71154084691393,67.22657392524552,67.61902946882931,115481.1,738338575.0
2020-09-30,601336.SH,601336.SH,67.88420760089058,68.08573884220571,65.23248074148079,65.84768137286386,161035.3,1005851742.0
2020-10-09,601336.SH,601336.SH,66.6538280024627,68.393361387632,66.46290360652948,66.83414548751074,141826.98,901189976.0
2020-10-12,601336.SH,601336.SH,67.14176944132167,72.20126770727907,67.04630720988851,71.16179007611802,225228.98,1498228534.0
2020-10-13,601336.SH,601336.SH,70.33442730286562,70.41928259142283,68.00090686754207,70.03743379291535,189007.9,1231738783.0
2020-10-14,601336.SH,601336.SH,69.47529710872905,69.77229074522438,68.57370928365395,69.52833168667465,104581.15,680822967.0
2020-10-15,601336.SH,601336.SH,69.53892500614103,72.30732943362773,69.422248957473,70.52536796306157,190623.32,1275638730.0
2020-10-16,601336.SH,601336.SH,70.3874500382176,72.65732862594794,70.00560130383306,71.94666570362115,188323.93,1271958075.0
2020-10-19,601336.SH,601336.SH,71.9254593972581,74.56658008593487,71.5117898918027,71.59664517497303,202966.05,1400503971.0
2020-10-20,601336.SH,601336.SH,71.17235821662855,72.47700800211966,70.2283433311919,71.60724147845893,124222.98,835907802.0
2020-10-21,601336.SH,601336.SH,71.78755094405695,74.2059258872078,71.60723351408518,73.71800813551947,162266.7,1117539835.0
2020-10-22,601336.SH,601336.SH,72.25423963028423,73.49524756286546,70.58895548143593,72.8694401438715,150629.71,1022850233.0
2020-10-23,601336.SH,601336.SH,72.11635284265296,74.4498721286338,71.79814566729195,71.80875257313731,187884.61,1295346300.0
2020-10-26,601336.SH,601336.SH,70.55715241863984,70.97082183300049,68.09634974859709,69.58131687707116,198737.78,1301522027.0
2020-10-27,601336.SH,601336.SH,69.2100800711114,71.05568220634103,69.11461789170298,70.8117233034084,124576.56,826370049.0
2020-10-28,601336.SH,601336.SH,70.31321331096589,72.93312033884469,68.42518314512611,72.13760201054141,197369.49,1313540462.0
2020-10-29,601336.SH,601336.SH,71.07690706942392,73.74984850823824,69.44344285681517,73.29375135796437,199776.06,1348084541.0
2020-10-30,601336.SH,601336.SH,72.74217025877287,73.28312253103846,67.35386135071562,68.0963448616684,250448.61,1649592129.0
2020-11-02,601336.SH,601336.SH,68.09636322721389,68.93430912985406,63.64146096001298,65.28553203481331,305380.19,1884683060.0
2020-11-03,601336.SH,601336.SH,65.30674606344829,67.12052770659425,65.27492533286677,66.50532691535176,169966.93,1062053780.0
2020-11-04,601336.SH,601336.SH,64.70216297328558,65.3067569551671,62.57017366875601,63.59904412915088,291832.51,1758476129.0
2020-11-05,601336.SH,601336.SH,64.68094234315005,64.89308056008397,61.58372437591493,62.49591870873076,292679.6,1731033163.0
2020-11-06,601336.SH,601336.SH,62.59138099422942,62.729270835430064,59.92904636797089,60.438178089327096,285855.8,1646332983.0
2020-11-09,601336.SH,601336.SH,60.98973613464015,62.20953085733295,60.41696296050614,61.77464752141639,322513.05,1864668835.0
2020-11-10,601336.SH,601336.SH,62.050446787167985,63.991512045638366,61.87012924949587,62.358047292608646,291501.42,1725072396.0
2020-11-11,601336.SH,601336.SH,61.679174549514556,63.535383585828406,61.20186365446242,63.0686795995552,184224.81,1089155545.0
2020-11-12,601336.SH,601336.SH,62.77169539516156,63.14293725707955,62.05042549200661,62.824729946864124,107990.84,636296582.0
2020-11-13,601336.SH,601336.SH,62.05043650060423,62.37925077949632,60.544254965034,60.86246233170377,153176.28,881713699.0
2020-11-16,601336.SH,601336.SH,61.50951386322961,62.20957041004339,61.15948558982271,61.95500439302019,119830.53,697396184.0
2020-11-17,601336.SH,601336.SH,61.61555796051203,62.803532223135086,61.10642613367357,61.9761930045226,127201.1,741995501.0
2020-11-18,601336.SH,601336.SH,61.96559190493206,64.2991129968672,61.71102596763004,63.652091239557905,238065.52,1424684983.0
2020-11-19,601336.SH,601336.SH,63.15359755853667,64.33096560170051,63.02631452684328,64.22489640862268,157347.55,947358206.0
2020-11-20,601336.SH,601336.SH,63.67333208689378,64.1930710960988,63.08995156635752,63.535442145676114,104124.09,622759404.0
2020-11-23,601336.SH,601336.SH,63.63090737766766,64.45824706352498,61.97622800595301,63.73697656816219,171471.54,1021404021.0
2020-11-24,601336.SH,601336.SH,63.747581445551376,64.04457516942416,62.103509045541315,62.26261282618746,141934.54,841438876.0
2020-11-25,601336.SH,601336.SH,62.51717469486828,65.0416211789841,62.47474702286634,63.45058347891111,276217.89,1671985472.0
2020-11-26,601336.SH,601336.SH,63.31266815800862,65.58254769994426,62.90960543560884,65.17948497754448,216749.45,1318512012.0
2020-11-27,601336.SH,601336.SH,65.33859942954022,66.10229734495043,64.25669404937575,65.78408988019618,179417.85,1102015723.0
2020-11-30,601336.SH,601336.SH,66.22956869227164,68.81765561746612,64.94613214330225,64.94613214330225,362047.33,2297736353.0
2020-12-01,601336.SH,601336.SH,64.702196518823,66.29323413813833,63.64150477261279,65.93259894442686,236045.13,1447233780.0
2020-12-02,601336.SH,601336.SH,66.01744459120803,68.09640010854042,65.34920888920834,67.61908889282635,289952.1,1837261689.0
2020-12-03,601336.SH,601336.SH,67.46000492101108,68.30855844203009,66.88723129432324,67.87367476250785,140756.02,896827235.0
2020-12-04,601336.SH,601336.SH,67.19480226753325,67.7463618125864,65.83711723355626,67.19480226753325,140384.12,883108237.0
2020-12-07,601336.SH,601336.SH,67.19477439622243,68.10696865006221,65.51888262754001,65.72041391617903,131542.94,821425967.0
2020-12-08,601336.SH,601336.SH,65.32798938743747,67.3008755744911,65.32798938743747,65.86894205162959,104873.58,654138763.0
2020-12-09,601336.SH,601336.SH,66.08110158349379,66.54780599275122,64.21428394646412,64.37338772234733,118425.2,730554247.0
2020-12-10,601336.SH,601336.SH,64.40520526158026,64.98858574402212,62.686884567842455,63.30208580387203,130646.27,783782134.0
2020-12-11,601336.SH,601336.SH,63.21720614994439,63.83240714939015,61.90194884078447,62.665646633199906,112020.77,663051925.0
2020-12-14,601336.SH,601336.SH,62.88838254023495,63.83239772763264,61.99740191392702,63.23841064342734,91109.69,541174344.0
2020-12-15,601336.SH,601336.SH,62.89901987911229,63.11115822609075,61.286768442076024,61.965611152407085,126469.32,736317032.0
2020-12-16,601336.SH,601336.SH,62.05047470069606,63.85365088857954,61.93379859442125,63.174808088435164,128592.99,764637752.0
2020-12-17,601336.SH,601336.SH,63.00511917051966,64.15066679180184,62.061103075203796,63.93852834341625,143965.28,860708112.0
2020-12-18,601336.SH,601336.SH,63.662778463440205,64.45829802104734,62.48540951818164,62.89907968813734,107925.09,645061563.0
2020-12-21,601336.SH,601336.SH,62.379336202647515,64.30979687071108,61.753527524538995,63.8536990205642,122974.09,734808558.0
2020-12-22,601336.SH,601336.SH,63.85366877697988,63.959737994217384,61.18072450259468,61.36104217189844,146271.7,859785943.0
2020-12-23,601336.SH,601336.SH,61.09587657057291,61.912609642783686,60.06700503804764,61.8277542586579,121714.51,701628664.0
2020-12-24,601336.SH,601336.SH,61.66867289377769,62.35812314112815,61.05347113460344,61.19136118407353,63691.73,369069513.0
2020-12-25,601336.SH,601336.SH,61.0958914762651,61.0958914762651,59.20785871883886,60.35340668401882,115891.35,656056020.0
2020-12-28,601336.SH,601336.SH,59.71699626521339,61.49895991930857,59.685175485675984,60.65040579831087,102046.35,583140439.0
2020-12-29,601336.SH,601336.SH,60.47008944135676,61.50956826353761,60.45948251459982,60.74586953703741,74844.02,430519632.0
2020-12-30,601336.SH,601336.SH,60.45947326710513,60.84132257195001,59.82305775903034,60.33219016549018,107675.76,611829428.0
2020-12-31,601336.SH,601336.SH,60.40642972166142,62.33688981109818,60.35339510381974,61.488335925631475,193989.54,1120846453.0
2021-01-04,601336.SH,601336.SH,61.52018490260409,61.52018490260409,59.56851007121113,59.9185387094501,252986.82,1430616759.0
2021-01-05,601336.SH,601336.SH,59.451807836104756,59.451807836104756,55.87727451928633,58.232011600395204,396359.37,2146316660.9999998
2021-01-06,601336.SH,601336.SH,58.18959065675092,59.08057235838547,57.4471059053888,58.50779840733468,202315.57,1111503675.0
2021-01-07,601336.SH,601336.SH,58.51838961761183,59.33512262478169,57.542552777876416,58.772955749716715,193003.22,1065082320.0000001
2021-01-08,601336.SH,601336.SH,58.77296348440412,59.271488892050215,57.91380267548214,58.4335419302621,143099.86,790726337.0
2021-01-11,601336.SH,601336.SH,58.401716244458704,58.613854697943836,57.150099368896385,57.722873193306256,184039.37,1002559178.0
2021-01-12,601336.SH,601336.SH,57.563793818557016,60.09884941513617,56.26974870231158,60.04581477922448,277200.88,1526619038.0
2021-01-13,601336.SH,601336.SH,60.04580924610414,60.53372785153089,57.86078244788873,58.3593079795204,258677.26,1433005780.0
2021-01-14,601336.SH,601336.SH,58.210826436662465,59.34576784131314,57.56380376672143,58.28507493977045,155122.27,851914809.0
2021-01-15,601336.SH,601336.SH,58.33808600757153,60.40643632965816,58.115340588269895,59.31392308260728,281153.23,1578637438.0
2021-01-18,601336.SH,601336.SH,59.29271720311848,59.55789035697858,58.232024587678076,58.70933626462626,166561.98,921951786.0
2021-01-19,601336.SH,601336.SH,59.06997586173495,61.05347119054523,58.719947274297844,60.24734474675068,303895.03,1721991521.0
2021-01-20,601336.SH,601336.SH,60.4064320315245,60.60796358702915,58.50779264019124,58.6032549559566,203131.77,1133836753.0
2021-01-21,601336.SH,601336.SH,58.66688445595737,58.81538136110715,57.38344691859146,58.12593144434033,178146.2,974344764.0
2021-01-22,601336.SH,601336.SH,57.977417474134356,57.977417474134356,56.216668974188096,56.21666897418809,204412.81,1095451116.0
2021-01-25,601336.SH,601336.SH,56.23790606780417,56.53489991350362,55.283282992341626,56.428830682896674,175362.47,923092373.0
2021-01-26,601336.SH,601336.SH,56.42880532162446,56.42880532162446,53.67100656530447,53.80889650312046,193066.44,996710304.0
2021-01-27,601336.SH,601336.SH,53.692208602912544,54.61501029166272,53.67099477098726,53.9149538381281,106623.56,543489230.0
2021-01-28,601336.SH,601336.SH,53.26795143571344,53.6604074697878,52.50425320724443,52.8118538826,122673.8,611678087.0
2021-01-29,601336.SH,601336.SH,52.92853857585156,53.087642399225864,50.75411965640275,51.26325189120052,180011.03,881661848.0
2021-02-01,601336.SH,601336.SH,51.44358737842519,52.10121674285042,51.082951920514574,51.89968516342978,176935.56,860321983.0
2021-02-02,601336.SH,601336.SH,51.814806687610016,51.94208973372083,50.87079076228816,51.40113678774988,140072.75,677819614.0
2021-02-03,601336.SH,601336.SH,50.91322735734444,51.539035776945134,49.95860434439423,50.53137815216436,182953.9,880461547.0
2021-02-04,601336.SH,601336.SH,51.082926479288936,51.549630957089754,49.88434452493685,50.849574240388534,214337.97,1026875176.0
2021-02-05,601336.SH,601336.SH,50.59501945344566,52.30273394652841,50.01163872599502,51.61328399590493,206357.61,997795911.0
2021-02-08,601336.SH,601336.SH,51.390544463116676,51.95271140977203,49.9904305582392,50.06467902289179,197273.71,942262798.0
2021-02-09,601336.SH,601336.SH,50.255610375067924,50.88141894664433,48.74942703330776,50.70110122263079,161335.3,757327763.0
2021-02-10,601336.SH,601336.SH,50.38289285768991,52.90734096298048,50.38289285768991,51.99514542913599,180199.18,883787970.0
2021-02-18,601336.SH,601336.SH,53.18313800669663,55.39998600099252,52.780074735006465,54.15897540131492,276768.56,1412348801.0
2021-02-19,601336.SH,601336.SH,53.787757981345145,56.24856647112469,53.5119777195595,56.21674567168788,271739.88,1423456730.0
2021-02-22,601336.SH,601336.SH,56.37587441872,56.88500743322585,55.25153901168627,55.56974714575242,187176.33,988991179.0
2021-02-23,601336.SH,601336.SH,55.31517383652064,57.563844374074314,55.16667672555012,56.75771720023432,221687.83,1188208469.0
2021-02-24,601336.SH,601336.SH,56.725886883070636,57.850221963400756,56.004615322104144,56.38646497202758,188787.76,1010721089.0
2021-02-25,601336.SH,601336.SH,56.86377527899003,58.921520551163894,55.77126103654721,57.722936964794584,278264.29,1515421503.0
2021-02-26,601336.SH,601336.SH,56.93803223637868,57.55323452209216,55.02878376347478,55.2515294186469,215633.24,1137085743.0
2021-03-01,601336.SH,601336.SH,55.336409074652366,55.559154827109275,54.04236232228365,55.00759391626359,154267.28,796751920.0
2021-03-02,601336.SH,601336.SH,55.03942740668987,55.42127735593651,54.095409476607884,54.837895489031915,130521.26,674591180.0
2021-03-03,601336.SH,601336.SH,54.77425691922332,58.47608024703295,54.77425691922332,58.31697609254256,292543.17,1587938831.0
2021-03-04,601336.SH,601336.SH,57.80782378942892,59.918604878253944,57.595684986531936,58.83669698347931,274997.61,1530997639.0
2021-03-05,601336.SH,601336.SH,58.539727763548775,59.15493055577306,56.07891659465163,56.566836050553654,245921.13,1319580841.0
2021-03-08,601336.SH,601336.SH,56.65171567196932,58.317006696215564,55.94105007563495,56.18500990721242,161494.08,870699054.0
2021-03-09,601336.SH,601336.SH,56.365337189141286,57.160858508144976,54.997040520454945,55.69709928117818,174040.63,916899808.0
2021-03-10,601336.SH,601336.SH,55.983479303442465,56.18501134337528,53.9681589041143,54.08483534828593,152888.79,792943220.0
2021-03-11,601336.SH,601336.SH,53.936335982026876,55.856193762311406,53.936335982026876,55.1773490223213,146172.02,757406297.0
2021-03-12,601336.SH,601336.SH,55.156119862078654,55.177333754333304,54.106032195473695,54.50909614831197,107452.81,551277734.0
2021-03-15,601336.SH,601336.SH,54.20148557730556,55.113682790543976,53.671138360306486,54.76365362732459,92637.68,476747791.0
2021-03-16,601336.SH,601336.SH,55.145497085367204,55.66523729640451,54.54090132967074,55.19853180077917,118104.04,614091215.0
2021-03-17,601336.SH,601336.SH,55.050046865288664,55.050046865288664,52.38770355831613,52.928657776067524,202346.03,1016554431.0
2021-03-18,601336.SH,601336.SH,52.82257824095984,53.543850393647645,52.674081033053525,52.80136435411608,111447.22,557019140.0
2021-03-19,601336.SH,601336.SH,52.5043854872215,52.949877242870656,51.528546403418595,52.00585899875697,108428.18,532277567.00000006
2021-03-22,601336.SH,601336.SH,51.64524065114447,52.76957737511681,51.5922059000137,52.09073256064294,83280.81,409097781.0
2021-03-23,601336.SH,601336.SH,52.09073914353772,52.790797946932855,51.44371509797555,52.12255999823749,101558.48,498208727.0
2021-03-24,601336.SH,601336.SH,51.772505264480685,51.99525113839056,50.91334260797117,51.03001901811443,102379.02,495398722.0
2021-03-25,601336.SH,601336.SH,51.56037408951127,52.23921875968793,51.14670311862237,51.708871361112415,94712.23,461835128.0
2021-03-26,601336.SH,601336.SH,51.931612059726035,53.20444568864089,51.84675648446505,52.87563033450456,132490.83,658032764.0
2021-03-29,601336.SH,601336.SH,52.865014970956786,53.172616382304646,52.09070796997768,52.631662176141155,101172.99,503286957.0
2021-03-30,601336.SH,601336.SH,52.62107346743364,52.6316804163285,51.5497716290521,51.84676619810837,144445.64,706116662.0
2021-03-31,601336.SH,601336.SH,51.89981282982856,52.23923527220635,51.17854013977576,51.49674867950494,81621.25,396969296.0
2021-04-01,601336.SH,601336.SH,51.67706087870742,52.06951803234293,51.39067322605449,51.846772080279536,65214.31,318409574.0
2021-04-02,601336.SH,601336.SH,51.97407190782676,51.97407190782676,51.23158516628638,51.54979376980369,95850.74,465086772.0
2021-04-06,601336.SH,601336.SH,51.613416205667775,51.8149482459283,51.316421620020705,51.66645095310476,61166.94,297320201.0
2021-04-07,601336.SH,601336.SH,51.698296401848296,51.974077219749006,50.658814857453315,50.93459567535403,127425.33,614949052.0
2021-04-08,601336.SH,601336.SH,50.78611289453845,51.422530349357224,50.701257233895944,51.05128683404627,76448.17,368207589.0
2021-04-09,601336.SH,601336.SH,50.9558026858012,50.9558026858012,49.937535188333065,50.107246437911094,104840.76,496157332.0
2021-04-12,601336.SH,601336.SH,50.09666057587354,50.160302321258946,49.27992484342759,49.48145703714802,86745.52,406074347.0
2021-04-13,601336.SH,601336.SH,49.60876351655823,49.73604706631206,48.83445525555571,49.555728704160785,86600.93,402049634.0
2021-04-14,601336.SH,601336.SH,49.41786262512471,49.87396223724756,49.22693720609654,49.4284695928485,81679.42,380972477.0
2021-04-15,601336.SH,601336.SH,49.216307960710644,49.24812884947835,47.71011922570614,48.27228826060218,147002.39,668566626.0
2021-04-16,601336.SH,601336.SH,48.51625395164713,49.81030357606798,48.282900740685996,49.661806078183616,134134.88,622836083.0
2021-04-19,601336.SH,601336.SH,49.42843078549645,50.28759449657482,49.03597328784336,50.28759449657481,109031.84,511990804.0
2021-04-20,601336.SH,601336.SH,50.05423960068927,50.57398059251673,49.778458666250216,49.852707379368425,77494.08,365821338.0
2021-04-21,601336.SH,601336.SH,49.619355330031894,50.23455896601775,49.354181349003504,50.17091721057094,65658.73,309287269.0
2021-04-22,601336.SH,601336.SH,50.786103867701335,51.274023829671734,49.90572654501562,50.12847261461079,95476.22,454805519.0
2021-04-23,601336.SH,601336.SH,50.128449990349985,50.796687897542554,49.70417195403725,50.01177353036398,76716.88,362800384.0
2021-04-26,601336.SH,601336.SH,49.95874925210038,49.95874925210038,48.53741753240156,48.55863143866572,128361.32,595337576.0
2021-04-27,601336.SH,601336.SH,48.579831533834934,49.714775196306626,48.47376203266936,49.17382074036218,118882.21,549532283.0
2021-04-28,601336.SH,601336.SH,49.428386457968045,50.54211619575487,48.98289456285331,50.24512159901172,126173.55,594844734.0
2021-04-29,601336.SH,601336.SH,50.1708631543132,51.4330899440306,49.83144082430516,51.28459267465208,143276.07,686352263.0
2021-04-30,601336.SH,601336.SH,52.207373452544786,52.217980395546114,51.19971386741847,51.560349929463676,152183.32,740979051.0
2021-05-06,601336.SH,601336.SH,51.305778974030346,51.857339963620916,51.019391537127554,51.10424707398764,102149.11,493964135.0
2021-05-07,601336.SH,601336.SH,51.10426306011519,51.719465894794865,50.382990771180395,50.6587713522437,90619.96,436319744.0
2021-05-10,601336.SH,601336.SH,50.59512205217884,51.369428951509875,50.52087344539367,51.22093173793954,81337.3,390977732.0
2021-05-11,601336.SH,601336.SH,50.7860283743149,51.83611542716727,50.60571039554227,51.655797448394644,102311.49,493558527.0
2021-05-12,601336.SH,601336.SH,51.34818312315436,51.91035079626471,50.58448364270257,50.849657073414996,114300.08,549509911.0
2021-05-13,601336.SH,601336.SH,50.3829589207952,50.74359483728089,49.94807443326833,50.38295892079519,77190.24,366253043.0
2021-05-14,601336.SH,601336.SH,50.489005994048,54.392357717957594,50.446578257918546,53.99990115876015,337964.11,1684930825.0
2021-05-17,601336.SH,601336.SH,53.724110258161495,53.9786766246365,52.54674081321462,52.981625022609414,199194.66,997237960.0
2021-05-18,601336.SH,601336.SH,52.94978198931695,55.2833060353205,52.907354279389615,54.805994298637955,235448.44,1211970684.0
2021-05-19,601336.SH,601336.SH,54.39232286786364,54.6044614125901,53.458913271067225,54.07411505077395,124885.28,636244598.0
2021-05-20,601336.SH,601336.SH,53.724102057092594,54.63629806437985,53.22557633217979,54.19080699105352,159830.79,814766086.0
2021-05-21,601336.SH,601336.SH,54.158976855616835,54.572647066617435,52.92857315110223,52.992214722025395,126764.7,637617586.0
2021-05-24,601336.SH,601336.SH,52.93917147776326,53.925615666789916,52.73763986925245,53.26798620743881,96840.67,487959716.0
2021-05-25,601336.SH,601336.SH,53.49071698775995,55.50603251971997,52.822480785057415,55.26207327111429,307066.06,1584151260.0
2021-05-26,601336.SH,601336.SH,55.304506305827026,55.7393902257616,54.62566311373402,54.93326393515116,187023.27,971456170.0
2021-05-27,601336.SH,601336.SH,54.646880341734764,55.156012767278874,54.1907825438515,54.5620249374774,148341.21,763119255.0
2021-05-28,601336.SH,601336.SH,54.78478984139677,55.36817095297022,54.26505030563134,54.92267992231414,127007.95,655719407.0
2021-05-31,601336.SH,601336.SH,54.668126406443044,54.668126406443044,53.56500550107438,54.05292436306437,123297.9,626273727.0
2021-06-01,601336.SH,601336.SH,53.70292028079028,53.893845140567926,53.10893182814871,53.57563704093851,114205.46,575287989.0
2021-06-02,601336.SH,601336.SH,53.60745793757479,53.71352730428942,52.281590853641895,52.48312265039969,178619.42,888533377.0
2021-06-03,601336.SH,601336.SH,52.24977297590414,53.172576518109516,52.08006197963649,52.16491747777032,111490.59,553315711.0
2021-06-04,601336.SH,601336.SH,51.9739716417914,53.214982801401526,51.889116177886436,52.74827774992421,116848.67,579736867.0
2021-06-07,601336.SH,601336.SH,52.801338441725335,52.801338441725335,51.973997260838516,52.44070254236441,70404.55,347266020.0
2021-06-08,601336.SH,601336.SH,52.451333137387294,53.161998318419634,51.96341375936509,52.302835935380536,109227.28,541286108.0
2021-06-09,601336.SH,601336.SH,52.23920722411574,53.37415040644678,52.164958604710904,52.68469894054475,103903.05,517339947.0
2021-06-10,601336.SH,601336.SH,52.46196988302933,52.949889538229364,51.75130429828146,51.86798073756842,124355.27,612690910.0
2021-06-11,601336.SH,601336.SH,51.92103641596812,51.95285727587576,50.38302818709879,50.77548545929302,161402.3,774581399.0
2021-06-15,601336.SH,601336.SH,50.489120734702404,50.60579727421537,49.51328058604849,50.19212590685121,108179.77,509770145.0
2021-06-16,601336.SH,601336.SH,50.287570189534264,50.65881358895078,49.88450592731062,50.13907282976766,78130.34,370157645.0
2021-06-17,601336.SH,601336.SH,50.17088543279802,50.46788010343615,49.42839875620271,49.545075233953405,90353.4,424261901.0
2021-06-18,601336.SH,601336.SH,49.38596665443686,49.89510033128672,49.14200676761296,49.55567788005347,95480.49,445819477.0
2021-06-21,601336.SH,601336.SH,49.26929636156675,49.31172417328823,48.4843818447194,48.74955566797864,127155.68,584255160.0
2021-06-22,601336.SH,601336.SH,49.00413397260278,49.90572518205542,48.85563659692822,49.64055129692229,136687.65,636842210.0
2021-06-23,601336.SH,601336.SH,49.4602478381928,50.36183931712189,49.40721304531461,49.68299396828116,120129.71,563303746.0
2021-06-24,601336.SH,601336.SH,49.789070087978956,50.14970672687783,48.972334170472706,49.142045529954515,156680.89,731840725.0
2021-06-25,601336.SH,601336.SH,49.19505956827872,50.26636207289195,48.90867177001578,49.990581230120235,176234.87,825582791.0
2021-06-28,601336.SH,601336.SH,49.96938687750241,49.979993837145265,49.01476050964522,49.375397137502375,111030.61,516189966.0
2021-06-29,601336.SH,601336.SH,49.21628885138897,49.42842802747254,48.04952338292931,48.29348343542542,154266.83,706904483.0
2021-06-30,601336.SH,601336.SH,48.27226255718922,48.74957563455102,48.02830253987098,48.69654084817748,87041.74,397528695.0
2021-07-01,601336.SH,601336.SH,48.88747109730177,49.36478422365859,48.335909262400556,48.87686413893828,115445.7,531750649.0
2021-07-02,601336.SH,601336.SH,48.420771189770974,48.484412948180314,47.21157777999356,47.254005618933114,152708.89,685762578.0
2021-07-05,601336.SH,601336.SH,47.25401351007353,48.89809254353288,46.88276985735691,48.590490659853394,162344.58,734258719.0
2021-07-06,601336.SH,601336.SH,48.47379093672757,49.70419788391802,48.3146865901081,49.513272667974675,161786.43,750556101.0
2021-07-07,601336.SH,601336.SH,49.248100854883425,50.149692190800955,48.5480416999357,48.80260866537123,131693.36,610262007.0
2021-07-08,601336.SH,601336.SH,48.972307842188414,48.982914796453564,46.98880739460573,47.39187165668135,231054.35,1034644810.0
2021-07-09,601336.SH,601336.SH,47.179714992543865,47.614599955379816,47.031217688160865,47.37064009817916,99278.52,442890214.0
2021-07-12,601336.SH,601336.SH,47.62522294899821,47.678257718429165,46.74484577644434,47.041840485257694,144874.5,643625072.0
2021-07-13,601336.SH,601336.SH,46.99939519624708,47.47670794367003,46.75543534756423,47.360031494299974,106154.76,472691687.0
2021-07-14,601336.SH,601336.SH,47.285794340785664,47.285794340785664,46.06599480081475,46.246312993680014,147281.29,643923481.0
2021-07-15,601336.SH,601336.SH,46.66000142730427,48.2934727207357,46.352399690229525,48.10254750462034,239011.73,1071294324.0
2021-07-16,601336.SH,601336.SH,47.73131003817732,48.18740922298657,46.76607687962751,47.179748233291704,147078.29,655491543.0
2021-07-19,601336.SH,601336.SH,46.967593960589035,47.46612081608761,46.256928017644256,47.4555138617153,106907.28,471700193.0
2021-07-20,601336.SH,601336.SH,46.96761070757736,47.37067511744364,46.797899377107335,47.17974987066487,74201.69,329362886.0
2021-07-21,601336.SH,601336.SH,47.0736833598391,47.593424343307355,46.38423103483019,46.82972330637441,128294.11,567078635.0
2021-07-22,601336.SH,601336.SH,46.734282318797966,47.922262259720654,46.50092911611673,47.41312799932522,158853.96,711346705.0
2021-07-23,601336.SH,601336.SH,47.137365822150535,47.40254002232015,46.55398258177739,46.87219162198092,123610.19,546470016.0
2021-07-26,601336.SH,601336.SH,46.458524180871905,46.47973811885404,44.33713038265857,44.46441401055138,216278.79,917164632.0
2021-07-27,601336.SH,601336.SH,44.42198891503417,44.62352133847869,43.32947104057177,43.382505888846644,119360.02,493460878.0
2021-07-28,601336.SH,601336.SH,43.48857494554486,43.94467463399814,43.17036586057746,43.25522161656877,119338.64,489473065.0
2021-07-29,601336.SH,601336.SH,43.562832606145236,43.668902322741644,42.33242389362688,42.905200363247495,155506.18,627655759.0
2021-07-30,601336.SH,601336.SH,42.862753730103556,43.753738959831026,42.364226280137,42.92639553222694,114255.11,463389233.0
2021-08-02,601336.SH,601336.SH,42.5445544966103,44.07195809858285,41.87631542074731,43.340077205971006,191304.9,776264938.0
2021-08-03,601336.SH,601336.SH,42.96882610462466,43.647672036665135,42.73547281548574,42.96882610462466,159008.9,646118948.0
2021-08-04,601336.SH,601336.SH,42.96882201032461,43.1597474105186,42.449080643129875,42.74607571009829,106302.79,428308982.0
2021-08-05,601336.SH,601336.SH,42.72487707707671,43.74314624276672,42.608200401841394,42.9476234570714,150252.72,610566684.0
2021-08-06,601336.SH,601336.SH,42.94762887807488,43.145341747590315,42.519250994124775,42.64007552549531,112075.84,436364890.0
2021-08-09,601336.SH,601336.SH,42.61811972420648,44.43048821763279,42.45335895207682,43.936205901243795,192140.42,766186052.0
2021-08-10,601336.SH,601336.SH,43.826365386490686,44.70508950451557,43.62865245993509,44.65016924713901,151185.31,608212764.0
2021-08-11,601336.SH,601336.SH,44.37557004413116,45.16642178749191,44.13392090032649,44.44147435607789,134614.77,548280902.0
2021-08-12,601336.SH,601336.SH,44.4853911587007,44.836880669090434,43.83733237391962,43.91422070431738,102436.2,412014040.0
2021-08-13,601336.SH,601336.SH,43.8702899705503,44.210795476080364,43.474864222192814,43.99111450477064,78690.27,313850100.0
2021-08-16,601336.SH,601336.SH,43.980143526080475,44.69410689501035,43.92522326693203,44.35360128828995,94712.65,383210711.0
2021-08-17,601336.SH,601336.SH,44.33164163826032,45.03462108941212,43.881295427366204,43.89227948129045,138800.7,562344867.0
2021-08-18,601336.SH,601336.SH,43.71655410430954,45.7595890448627,43.46392075144544,45.53990786845914,213778.81,874237059.0
2021-08-19,601336.SH,601336.SH,45.14450360544644,45.48500959371136,44.5074278854669,44.562348206154795,135150.11,551305364.0
2021-08-20,601336.SH,601336.SH,44.4854715340507,44.727121009050485,43.82642751132403,44.35366272950537,117773.17,473456170.0
2021-08-23,601336.SH,601336.SH,44.14498385943125,44.58434672441689,43.95825464181237,44.210888289179096,83973.83,337824651.0
2021-08-24,601336.SH,601336.SH,44.06811167554655,44.59534730875349,43.78252570755946,44.49649062752719,130616.87,526176394.0
2021-08-25,601336.SH,601336.SH,44.375673313974175,44.83700457119866,44.02418283227933,44.21091215067972,92887.17,374723557.0
2021-08-26,601336.SH,601336.SH,44.12302146981791,44.1559736889888,43.60677003614068,43.60677003614068,91864.95,366496633.0
2021-08-27,601336.SH,601336.SH,43.99121615998942,45.22143244211647,43.99121615998942,44.70518096658102,174293.51,707706629.0
2021-08-30,601336.SH,601336.SH,44.69417485165964,44.69417485165964,43.639704272706744,44.10103515099864,152556.2,609830398.0
2021-08-31,601336.SH,601336.SH,43.738556474710094,44.71613847527493,43.17836903618417,44.61728186847623,156846.36,628694147.0
2021-09-01,601336.SH,601336.SH,44.6173014560397,47.52808060075918,44.485492589109,46.73722739917501,365745.89,1541440706.0
2021-09-02,601336.SH,601336.SH,46.528538247123095,47.01183751125751,46.144095650652524,46.627394914786954,194599.94,822529438.0
2021-09-03,601336.SH,601336.SH,47.01185775032654,47.68188656405783,46.01230656918642,46.945953276844776,185537.11,793022233.0
2021-09-06,601336.SH,601336.SH,46.57248222786912,47.703842055574434,46.473625543894876,47.2425108636946,150026.08,645206467.0
2021-09-07,601336.SH,601336.SH,47.20955786806808,47.5171119909871,46.396736257496414,47.286446398797835,170229.04,728349230.0
2021-09-08,601336.SH,601336.SH,47.28646160982254,48.03337900575005,46.95693922926629,47.12170041954442,157882.22,682141428.0
2021-09-09,601336.SH,601336.SH,47.06678462107478,47.27548214914956,46.45167611727544,47.220561747024625,120675.8,514909979.0
2021-09-10,601336.SH,601336.SH,47.28644987510433,48.604539070229194,47.275465798478294,47.35235433486057,207828.95,904522343.0
2021-09-13,601336.SH,601336.SH,47.23153846904887,47.45122004332352,46.80315939921331,47.09972952448408,112698.89,483229059.0
2021-09-14,601336.SH,601336.SH,47.06676647616146,47.34136838092319,45.80359771425748,45.9024543999717,141143.33,596502752.0
2021-09-15,601336.SH,601336.SH,45.759655689537915,46.18803460741886,45.23242009829985,45.342260846474446,110699.14,459153965.0
2021-09-16,601336.SH,601336.SH,45.265371267000106,45.79260684594114,45.111594223142305,45.21045089419374,85284.6,352678460.0
2021-09-17,601336.SH,601336.SH,45.11158570819102,45.419139737854856,44.683206881159265,44.924856475895126,78468.31,321369129.0
2021-09-22,601336.SH,601336.SH,43.95827668164173,44.408623844047355,43.71662698474115,44.166974147146774,96403.21,386317190.0
2021-09-23,601336.SH,601336.SH,44.43057893623818,45.30930484845055,44.43057893623818,44.946830409662944,80782.06,330370806.0
2021-09-24,601336.SH,601336.SH,45.07865178562237,45.36423778621354,44.485511630548395,44.562400169169095,64345.62,262827939.0
2021-09-27,601336.SH,601336.SH,44.56240391527731,45.56195500137299,44.54043575953894,45.07865557512893,102657.71,421353367.0
2021-09-28,601336.SH,601336.SH,44.96881688800987,45.605893434053975,44.67224677174796,45.34227555293228,86619.13,356426677.0
2021-09-29,601336.SH,601336.SH,45.067661333096666,45.29832691632724,44.48550533732428,45.221438388583714,87457.34,357535414.0
2021-09-30,601336.SH,601336.SH,45.13358552014486,45.28736264287107,43.7166391750247,44.11206606203498,137819.64,555164782.0
2021-10-08,601336.SH,601336.SH,44.760135113092424,46.440699695252704,44.760135113092424,46.33085887288929,242676.78,1014892869.0
2021-10-11,601336.SH,601336.SH,46.59445558722007,47.72581554136521,46.517567046647095,47.08873906233202,212879.02,915895080.0
2021-10-12,601336.SH,601336.SH,46.5944779023633,47.725838398342425,46.46266891254049,46.902032211949866,155652.88,667271589.0
2021-10-13,601336.SH,601336.SH,46.759258737345064,46.8800836953227,46.04529307656813,46.649417866456304,92219.3,389976099.0
2021-10-14,601336.SH,601336.SH,46.649422376973966,47.17665860821832,46.06726570497499,46.12218614572962,71270.91,300863211.0
2021-10-15,601336.SH,601336.SH,46.133166151980674,46.50662511606814,45.84757988532556,46.056277541727376,80939.3,339686322.0
2021-10-18,601336.SH,601336.SH,46.308918952250174,46.53958481989658,45.320350948051285,45.54003272676215,77601.7,322638622.0
2021-10-19,601336.SH,601336.SH,45.32034147341346,47.637983754288456,45.2873892134958,47.286492981833476,188113.51,805235412.0
2021-10-20,601336.SH,601336.SH,47.37435080781554,48.83523387237372,46.35283107094402,46.72628989947769,212257.18,913798033.0
2021-10-21,601336.SH,601336.SH,46.95697161123178,48.604584650222364,46.80319439425932,47.87963491306651,263049.19,1147364235.0
2021-10-22,601336.SH,601336.SH,47.83567528561351,48.15421365146491,47.19859855391074,47.758786714545934,146249.96,634856404.0
2021-10-25,601336.SH,601336.SH,47.561059584809904,47.615979976940174,46.923983036098825,47.41826656527122,117608.53,505735590.0
2021-10-26,601336.SH,601336.SH,47.2534842047535,47.725799365331,46.85805755868861,47.06675495522286,77194.12,331206122.0
2021-10-27,601336.SH,601336.SH,46.86902872991407,47.15461456234382,46.29785706505456,46.484586263181704,113499.42,481344504.0
2021-10-28,601336.SH,601336.SH,46.177028150924734,46.57245465269288,45.47404770333692,46.07817152548271,99328.37,415509086.0
2021-10-29,601336.SH,601336.SH,45.660794894913884,45.84752414995684,42.83788792161755,43.0246171766605,387360.97,1533764599.0
2021-11-01,601336.SH,601336.SH,42.728064486090055,43.15644353877837,42.123940181016806,43.04660275603777,140135.88,545267174.0
2021-11-02,601336.SH,601336.SH,42.82692954756968,43.36514948802387,42.167884722523716,42.44248673295953,125450.09,486872478.0
2021-11-03,601336.SH,601336.SH,42.43151968660628,42.7830104010695,42.2887265838556,42.464471941087204,71683.18,277408470.0
2021-11-04,601336.SH,601336.SH,42.508422174622325,42.57432670512561,42.21185178735751,42.409565378867384,75671.16,291625824.0
2021-11-05,601336.SH,601336.SH,42.387597478281634,42.46448609770323,42.06905891210641,42.13496344303922,86833.93,333934810.0
2021-11-08,601336.SH,601336.SH,42.11300566270733,42.42056021632125,41.50888064667996,42.178910209910306,77959.71,298726983.0
2021-11-09,601336.SH,601336.SH,42.33270518525397,42.47549843055971,41.81645268299478,42.036134598849756,63335.48,242537363.0
2021-11-10,601336.SH,601336.SH,42.05810034055631,42.069084435709236,41.21232501378096,41.673657010203875,95929.53,362524220.0
2021-11-11,601336.SH,601336.SH,41.5857767153239,42.442535982042145,41.47593578369335,42.442535982042145,123628.67,474645696.0
2021-11-12,601336.SH,601336.SH,42.42058389695344,42.56337716227203,41.94826771166887,42.13499736631626,68279.74,261939037.0
2021-11-15,601336.SH,601336.SH,42.17892831036886,42.39861022865204,41.805469049287474,42.20089650219718,81998.65,313966641.0
2021-11-16,601336.SH,601336.SH,42.24484352901657,42.61830288418728,42.23385943033508,42.464525502646396,110074.69,425424179.0
2021-11-17,601336.SH,601336.SH,42.60732001319288,42.914874785136526,42.398622132231125,42.69519280517678,87329.28,339560648.0
2021-11-18,601336.SH,601336.SH,42.56338584396826,42.56338584396826,42.10205366191751,42.20091055807125,68852.02,264989815.0
2021-11-19,601336.SH,601336.SH,42.189926654528215,42.706179336840854,42.06910155866781,42.55240194210943,92224.87,355458219.0
2021-11-22,601336.SH,601336.SH,42.43157543882693,42.60732102697636,42.21189345364015,42.38763904178958,56519.93,217908080.0
2021-11-23,601336.SH,601336.SH,42.398621680155244,42.81601743762827,42.31074888910829,42.71716054770045,89604.31,348047107.0
2021-11-24,601336.SH,601336.SH,42.81600094131906,43.03568283429658,42.39860534466177,42.991746455701076,80851.21,314979569.0
2021-11-25,601336.SH,601336.SH,42.947796893126664,42.947796893126664,42.39859232927594,42.50843324204609,67502.2,261726797.0
2021-11-26,601336.SH,601336.SH,42.37660357232333,42.387587658267435,41.94822422050358,42.080033251832745,55746.93,213452052.0
2021-11-29,601336.SH,601336.SH,41.651639418187955,42.00313004618954,41.49786226843726,41.82738473218874,60842.56,231073520.0
2021-11-30,601336.SH,601336.SH,41.90428533340262,42.069046612564094,41.60771503091196,41.64066728674425,55861.23,212442558.0
2021-12-01,601336.SH,601336.SH,41.60771496584908,42.178887399382376,41.58574679532856,42.145935143601605,66387.68,253580310.0
2021-12-02,601336.SH,601336.SH,42.02513044533009,42.3436690712879,41.849384996525785,42.10201907918197,44354.18,169839332.0
2021-12-03,601336.SH,601336.SH,42.102010776607074,42.39858116298025,41.84937674377066,42.38759707459606,66312.86,254721710.0
2021-12-06,601336.SH,601336.SH,42.837958711588634,43.398147402432485,42.37662684854075,42.44253140040474,143734.07,561536647.0
2021-12-07,601336.SH,601336.SH,42.72812832960336,43.244380779858204,42.37663729964261,43.11257164362293,125065.8,487933699.0
2021-12-08,601336.SH,601336.SH,43.05767012742695,43.07963832647155,42.56338564892332,43.035701928382345,86436.84,337195690.0
2021-12-09,601336.SH,601336.SH,42.89289932416802,44.03524542652743,42.89289932416802,43.51899286103808,166723.46,661446033.0
2021-12-10,601336.SH,601336.SH,43.28830707867159,43.497004829114324,43.123545696743136,43.25535480228591,94659.34,372906431.0
2021-12-13,601336.SH,601336.SH,43.49701872874052,44.13409627577763,43.310289102884816,43.310289102884816,118828.92,472795112.0
2021-12-14,601336.SH,601336.SH,43.178498948914005,43.475069661613226,42.94783283903682,43.123578446562284,79235.45,311462778.0
2021-12-15,601336.SH,601336.SH,43.079621756341695,43.21143089991031,42.69517842093324,42.91486032688093,61415.42,239989142.0
2021-12-16,601336.SH,601336.SH,43.00274914288513,43.26636752843538,42.8270035525183,43.222431130843674,54043.64,212010880.0
2021-12-17,601336.SH,601336.SH,43.16750013484351,43.365213875919125,42.87092952323008,42.903881813409356,50491.88,197750442.0
2021-12-20,601336.SH,601336.SH,43.01373410356617,43.277352494394975,42.62929061694084,42.72814751350163,60077.14,234972960.0
2021-12-21,601336.SH,601336.SH,42.662236496329164,43.134552708827144,42.662236496329164,43.06864812103672,51504.32,201486733.0
2021-12-22,601336.SH,601336.SH,43.10159233407276,43.11257642997849,42.70616488146659,42.826989936429584,53577.94,208949795.0
2021-12-23,601336.SH,601336.SH,42.92583440884274,42.991738965253454,42.519422977643366,42.69516846140525,42402.19,164860617.0
2021-12-24,601336.SH,601336.SH,42.59632231741096,42.68419508134579,42.16794259322864,42.23384716617977,59365.5,228681821.0
2021-12-27,601336.SH,601336.SH,42.27779610861999,42.508462182478404,42.21189151608901,42.3327166023958,43263.7,166749378.0
2021-12-28,601336.SH,601336.SH,42.3546871299582,43.0357012902428,42.3546871299582,42.72814650817878,70283.88,273433897.0
2021-12-29,601336.SH,601336.SH,42.83800536931677,42.947846408725276,42.50848225109126,42.662259706263164,44263.29,172034789.0
2021-12-30,601336.SH,601336.SH,42.66226541212095,42.92588394195897,42.53045614720193,42.70620183376062,46751.88,181813957.0
2021-12-31,601336.SH,601336.SH,42.70620183376062,42.85997930949947,42.58537667425153,42.70620183376062,49990.53,194247077.0
2022-01-04,601336.SH,601336.SH,42.706183635778594,42.9368497510953,42.53043802410872,42.89291334817783,74770.56,291092099.0
2022-01-05,601336.SH,601336.SH,42.9038988684813,43.738690551534184,42.84897836301729,43.15653319361572,141147.67,556587138.0
2022-01-06,601336.SH,601336.SH,43.07964658579486,43.32129682161523,42.7830758418335,42.8160281467181,100726.57,394314006.0
2022-01-07,601336.SH,601336.SH,42.94784729552078,44.090194128956625,42.92587908718547,43.80460742059767,197615.63,785459667.0
2022-01-10,601336.SH,601336.SH,43.87053252289406,44.21103991102869,43.45313636969678,43.95840539725139,136070.17,542412594.0
2022-01-11,601336.SH,601336.SH,43.7936492938225,44.43072771344671,43.683808186990746,43.7936492938225,114230.38,457554235.0
2022-01-12,601336.SH,601336.SH,43.88152071142009,43.89250482173584,43.34329930594835,43.67282261542084,83080.82,329876901.0
2022-01-13,601336.SH,601336.SH,43.69477486279884,44.243980177816425,43.4091880989897,43.50804505569286,96611.85,385394877.0
2022-01-14,601336.SH,601336.SH,43.332282078097414,43.47507540306959,42.28879239560837,42.398633414817745,144251.14,559953769.0
2022-01-17,601336.SH,601336.SH,42.39864533632884,42.56340691147001,41.871408295877075,42.18994734115001,100285.99,384965741.0
2022-01-18,601336.SH,601336.SH,42.255849009909376,42.67324497101584,42.091087446314724,42.475531094702255,79821.85,308170288.0
2022-01-19,601336.SH,601336.SH,42.28881893387486,42.94786546271447,42.28881893387486,42.59637398066668,66213.24,257050107.0
2022-01-20,601336.SH,601336.SH,42.48651851021164,44.87006931598101,42.464550300020214,44.51857795291824,356331.13,1430522667.0
2022-01-21,601336.SH,601336.SH,44.518578064186876,44.738260166650164,43.84854765167382,43.9474045977823,149316.17,599642930.0
2022-01-24,601336.SH,601336.SH,43.716757742580285,44.156122142003206,43.23345690321508,43.49707554286883,115586.52,457705529.0
2022-01-25,601336.SH,601336.SH,43.332312553601035,43.475105978999466,42.48653611085648,42.64031364590094,112943.28,442131626.0
2022-01-26,601336.SH,601336.SH,42.61836341932716,43.11264856207709,42.43163347651053,42.98083919067711,85892.17,334697619.0
2022-01-27,601336.SH,601336.SH,42.80510852833484,42.86002911921031,42.05818849242856,42.06917261060366,109266.49,420976674.0
2022-01-28,601336.SH,601336.SH,42.2009744867848,42.37672034617797,41.1025628655775,41.179451679062005,144191.91,545299605.0
2022-02-07,601336.SH,601336.SH,41.7835898080535,42.29984341504049,41.53095506420881,42.113113386981375,98158.85,374709854.0
2022-02-08,601336.SH,601336.SH,42.09115553619574,43.0248059069099,41.860488974019304,42.816107588750256,115672.63,448407994.0
2022-02-09,601336.SH,601336.SH,42.73919914725376,43.33234146386947,42.62935797751012,42.80510384909995,98074.95,383078948.0
2022-02-10,601336.SH,601336.SH,42.76114964700376,43.57397396600666,42.58540384830044,43.4092122797223,119705.06,471758151.0
2022-02-11,601336.SH,601336.SH,43.387256642607234,45.682936804203415,43.20052667730994,44.826175786956995,348210.13,1414792752.0
2022-02-14,601336.SH,601336.SH,44.55156714172258,44.661408283590724,43.409219266293796,43.705790349337796,165430.34,659834808.0
2022-02-15,601336.SH,601336.SH,43.53002622407731,43.88151773030252,43.11263006043488,43.376248690103786,92403.95,365152155.0
2022-02-16,601336.SH,601336.SH,43.628891804104065,44.11219272036302,43.42019368117406,43.606923580637755,77770.26,309383037.0
2022-02-17,601336.SH,601336.SH,43.47511468188474,43.82660626091968,43.05771843178074,43.21149599760854,92031.36,363063478.0
2022-02-18,601336.SH,601336.SH,43.178557235875395,44.134175266788944,43.112652544088256,43.8156359231511,113323.08,450413821.0
2022-02-21,601336.SH,601336.SH,43.617942952883716,44.00238717432691,43.16759400776454,43.90353008881294,78597.74,312478445.0
2022-02-22,601336.SH,601336.SH,43.519094432296214,43.80468162443143,43.11268188964227,43.36531671345418,86149.34,339952256.0
2022-02-23,601336.SH,601336.SH,43.365328498227264,43.62894751645357,42.90399521633124,43.16761423455754,95495.76,374884471.0
2022-02-24,601336.SH,601336.SH,42.94793295125226,43.002853581624706,41.75066320913295,42.12412349566558,140482.84,540686013.0
2022-02-25,601336.SH,601336.SH,42.33281156734888,42.5744622820561,41.90443075491332,42.113129099433216,68108.34,262042126.0
2022-02-28,601336.SH,601336.SH,42.08016745172658,42.211976903415625,41.62981849178902,41.84950091127076,87003.08,331057993.0
2022-03-01,601336.SH,601336.SH,41.98132917198659,42.2669164452654,41.75066252818446,42.168059312207355,82352.36,314804981.0
2022-03-02,601336.SH,601336.SH,41.87150045478048,42.09118303848867,41.83854806722426,42.025278263376215,44643.64,170545058.0
2022-03-03,601336.SH,601336.SH,42.15708050198123,42.376763047588206,41.86050906541178,42.17904875654192,64532.15,247645915.0
2022-03-04,601336.SH,601336.SH,41.97034331756075,42.058216321104446,41.57491480161409,42.02526394477556,66842.05,254574209.0
2022-03-07,601336.SH,601336.SH,41.8604864304866,41.87147055182758,41.20143915002761,41.53096279025711,88250.8,333558342.0
2022-03-08,601336.SH,601336.SH,41.53097658833555,41.7396749631513,39.839421339828895,40.03713558965435,147509.82,544937708.0
2022-03-09,601336.SH,601336.SH,40.2019109978209,40.39962531420363,37.38997405371103,38.82889491182976,135388.12,481155988.0
2022-03-10,601336.SH,601336.SH,39.64173164027965,39.76255709000065,38.66414391071886,38.66414391071886,91404.98,325856773.0
2022-03-11,601336.SH,601336.SH,38.23576621546227,39.04859204135833,37.7414802402552,39.015639643011205,96509.3,336623230.0
2022-03-14,601336.SH,601336.SH,38.334633985572225,38.88384077619647,38.22479262744737,38.22479262744737,67877.25,238200840.0
2022-03-15,601336.SH,601336.SH,38.07102939607204,38.092997676162106,35.25908954454451,35.346962664904744,177861.14,592875362.0
2022-03-16,601336.SH,601336.SH,36.04996474208164,36.895743927072594,34.96253436137899,36.74196589343787,132537.9,434060135.0
2022-03-17,601336.SH,601336.SH,37.56579193807568,37.950237177208024,36.687059962916,37.313156495217264,125422.73,425957612.0
2022-03-18,601336.SH,601336.SH,36.88475891628496,38.62025382658068,36.71999674125689,38.16990388150395,130893.46,450200608.0
2022-03-21,601336.SH,601336.SH,37.76347395834181,37.89528364056988,37.21426694905819,37.576743575185375,86456.7,295855950.0
2022-03-22,601336.SH,601336.SH,37.14836697402354,38.14792386185208,37.07147798265211,37.81839961311739,63320.15,217643890.0
2022-03-23,601336.SH,601336.SH,37.81839543665065,38.19185621064023,37.510839505129816,37.89528441953085,65532.02,225912511.0
2022-03-24,601336.SH,601336.SH,37.708549122568094,38.26874021061091,37.55477117683085,37.96118431913642,65424.95,226316831.0
2022-03-25,601336.SH,601336.SH,38.005125863720636,38.11496726795104,37.42296642129948,37.48887126383772,55582.39,190858181.0
2022-03-28,601336.SH,601336.SH,37.10442810097448,37.77446069841659,36.719983168015894,37.686587570883205,57233.17,194569200.0
2022-03-29,601336.SH,601336.SH,37.73051069516383,37.88428861357207,37.15933556964752,37.313113488055755,42171.0,143587672.0
2022-03-30,601336.SH,601336.SH,37.56574025115387,38.411518613533644,37.56574025115387,38.367582075228206,97491.86,337814265.0
2022-03-31,601336.SH,601336.SH,38.246738656910416,39.29023095225978,38.14788149208784,38.80692925757165,98030.13,346408150.0
2022-04-01,601336.SH,601336.SH,38.773985412164144,39.35614439993885,38.36757253390633,39.235318949645986,83778.27,297267914.0
2022-04-06,601336.SH,601336.SH,39.147432137757,40.01517824855464,38.99365434597008,39.88336871273729,100281.64,361977840.0
2022-04-07,601336.SH,601336.SH,39.8614029221903,40.015180723488356,39.0705456583717,39.0705456583717,83072.19,298831121.0
2022-04-08,601336.SH,601336.SH,39.15843017734593,39.729605035472716,38.99366819904012,39.53189066150575,74462.28,267070879.00000003
2022-04-11,601336.SH,601336.SH,39.41104869393914,39.520889966776195,38.806921693335276,38.89479471160492,68867.0,244985834.0
2022-04-12,601336.SH,601336.SH,38.88381446187113,39.8723860159865,38.576258867257465,39.43302088082412,85182.24,304591939.0
2022-04-13,601336.SH,601336.SH,39.42203532131833,39.7405750327472,39.15841624979098,39.334162297475885,57185.43,205260221.0
2022-04-14,601336.SH,601336.SH,39.5428607291017,39.773527416688125,39.15841624979098,39.334162297475885,60149.48,216141375.0
2022-04-15,601336.SH,601336.SH,39.15843569238728,39.707642364089764,39.11449915865108,39.356150094200174,55132.93,198159948.0
2022-04-18,601336.SH,601336.SH,39.16943084955025,39.16943084955025,38.2138109718411,38.521366794552094,59760.54,209463118.0
2022-04-19,601336.SH,601336.SH,38.642209690854074,38.74106696408253,38.10398675883251,38.33465372969889,48182.42,168259048.0
2022-04-20,601336.SH,601336.SH,38.38955815326573,38.56530434223633,37.708541671004646,37.80739890230061,42097.92,146010166.0
2022-04-21,601336.SH,601336.SH,37.67560483387864,38.60925684871236,37.57674756171978,37.84036695414342,82140.5,285235969.0
2022-04-22,601336.SH,601336.SH,37.56575876039251,39.40011013845845,37.52182220043883,38.9607445389217,118029.01,417128653.0
2022-04-25,601336.SH,601336.SH,35.80827959112924,36.796851727080664,35.061358421743726,35.061358421743726,206130.88,665849743.0
2022-04-26,601336.SH,601336.SH,34.325411986196606,34.46820570005918,31.788077532176953,32.08464909173769,236394.74,701597456.0
2022-04-27,601336.SH,601336.SH,31.304780920402095,32.28236881581114,31.249860252120687,32.20547988021717,139677.28,405639505.0
2022-04-28,601336.SH,601336.SH,31.886955492127296,32.55698797060465,31.86498721414443,32.29336863481028,99623.63,292044037.0
2022-04-29,601336.SH,601336.SH,32.40321480427956,33.095215662811626,31.941880898591503,32.765691444463016,100888.5,298155487.0
2022-05-05,601336.SH,601336.SH,32.513068530895744,32.74373557114872,31.6892576728494,31.711225962397304,150665.74,439941382.0
2022-05-06,601336.SH,601336.SH,31.282859124327054,31.282859124327054,30.32723807663869,30.513968626186994,125392.34,350508699.0
2022-05-09,601336.SH,601336.SH,30.470037452315292,30.964324289140887,30.327243477232347,30.964324289140887,69617.38,194858274.0
2022-05-10,601336.SH,601336.SH,30.51398038821525,31.19499794907534,30.459059617178145,30.931378248097243,95896.84,269412017.0
2022-05-11,601336.SH,601336.SH,31.00827365442201,31.513544851058004,30.876463777038705,31.00827365442201,116821.53,331874540.0
2022-05-12,601336.SH,601336.SH,30.843502912807725,31.17302751657704,30.579883229792276,30.832518759348748,70432.74,197896270.0
2022-05-13,601336.SH,601336.SH,31.05220045550911,31.359756738761412,30.821533243069883,31.05220045550911,72363.47,204694170.0
2022-05-16,601336.SH,601336.SH,31.21696982357331,31.304843067270912,30.667762050463296,30.733666983236496,66735.42,187421384.0
2022-05-17,601336.SH,601336.SH,30.733673513455937,30.84351509141682,30.4810378841459,30.810562618028555,70143.44,195922340.0
2022-05-18,601336.SH,601336.SH,30.85450118106886,30.90942197348799,30.568913060489365,30.700722962295284,64687.5,180574404.0
2022-05-19,601336.SH,601336.SH,30.20644965010404,30.37121210274097,30.008734706939723,30.37121210274097,79336.07,218003088.0
2022-05-20,601336.SH,601336.SH,30.49203298327076,30.986320261457784,30.4480963363208,30.986320261457784,104833.88,293703571.0
2022-05-23,601336.SH,601336.SH,30.93138448030696,31.08516267019485,30.799574603260197,30.997289418830338,77054.42,216977843.0
2022-05-24,601336.SH,601336.SH,30.942369046862012,31.24992543071438,29.821985077114075,29.83296923368023,133516.35,371425212.0
2022-05-25,601336.SH,601336.SH,29.843949030282417,30.107568749357416,29.80001241043658,30.07461628447304,76371.95,208268156.0
2022-05-26,601336.SH,601336.SH,30.107569785316773,30.711698328984202,30.008712387262104,30.645793396947752,79918.84,220885742.0
2022-05-27,601336.SH,601336.SH,30.700711872734736,31.030236508220263,30.63480694563763,30.777600954348028,86507.12,242864555.0
2022-05-30,601336.SH,601336.SH,30.93138950522492,31.118120194709586,30.656785550100413,30.810563764970137,79495.6,223635719.0
2022-05-31,601336.SH,601336.SH,30.700734593850573,31.052227798502887,30.5359721541698,30.975338659985194,82772.75,232897813.0
2022-06-01,601336.SH,601336.SH,30.8984594248167,31.052237751139998,30.700744433829605,30.843538593986953,71903.73,202141527.0
2022-06-02,601336.SH,601336.SH,30.810589860619345,30.953384038226492,30.579922342946258,30.920431535701763,68312.47,191377275.0
2022-06-06,601336.SH,601336.SH,30.898463363881387,31.260940893567877,30.689764180122506,31.19503588817033,106229.46,300338280.0
2022-06-07,601336.SH,601336.SH,31.206019182230076,31.49160753095869,31.140114178677322,31.39275002562955,108792.01,310039927.0
2022-06-08,601336.SH,601336.SH,31.4147082396779,32.13966304520893,31.304866602476228,31.77718564244341,168375.11,484820487.0
2022-06-09,601336.SH,601336.SH,31.777173041906604,32.10669782284584,31.535521535884502,31.63437897016627,130271.1,377103772.0
2022-06-10,601336.SH,601336.SH,31.370755719256884,32.326377479612404,31.18402503045179,32.183583423467326,202137.77,585069347.0
2022-06-13,601336.SH,601336.SH,31.79914154531341,31.930951458454608,31.326822689890797,31.513553400174157,129594.3,373049229.0
2022-06-14,601336.SH,601336.SH,31.195009796334368,32.76574444453008,31.052215737407487,32.76574444453008,173717.08,503808148.0
2022-06-15,601336.SH,601336.SH,32.688843760474725,36.03901087974381,32.60097052455947,35.42389822833702,553701.05,1764245703.0
2022-06-16,601336.SH,601336.SH,35.21518841000664,35.226172561101464,33.69937555892089,33.76528046548983,329312.19,1026683521.0
2022-06-17,601336.SH,601336.SH,33.446753979487006,34.49024876702437,33.36986488987899,34.105803318984286,196189.72,605712796.0
2022-06-20,601336.SH,601336.SH,33.919080985755414,34.43533642821996,33.67742950204861,34.06187504430944,127311.78,394613843.0
2022-06-21,601336.SH,601336.SH,34.061869446426876,35.47882564074776,33.99596450715613,34.68796636949889,174763.5,555124059.0
2022-06-22,601336.SH,601336.SH,34.43534799758613,35.07242939594657,34.25960140493497,34.51223713187101,135948.04,428635357.0
2022-06-23,601336.SH,601336.SH,34.51223677081992,35.74246290650795,34.281569370378406,35.69852625880481,184088.84,589395501.0
2022-06-24,601336.SH,601336.SH,35.423933106975824,36.01707803341821,35.33605978453991,35.70952140489252,110633.51,358776878.0
2022-06-27,601336.SH,601336.SH,35.91821885593174,35.929203020719484,35.18227981515271,35.48983642920962,112141.87,361823925.0
2022-06-28,601336.SH,601336.SH,35.34704337609346,35.43491669710301,34.86374011054091,35.292122550462494,96673.91,309074051.0
2022-06-29,601336.SH,601336.SH,35.28112622824795,35.67655603653466,34.808807290572155,34.84175977459604,92275.78,296064061.0
2022-06-30,601336.SH,601336.SH,34.8197863030409,35.588677483234235,34.76486550445566,35.358010129176236,101191.18,325581093.0
2022-07-01,601336.SH,601336.SH,35.35800416996104,35.599655643008305,35.149305170511134,35.193241801974274,54467.78,174960211.0
2022-07-04,601336.SH,601336.SH,35.017477695412744,35.03944600011501,34.46827007785608,34.74287388663441,116015.92,365889455.0
2022-07-05,601336.SH,601336.SH,34.786813560668925,35.84129227927462,34.76484525403131,35.16027477350844,103573.37,332225759.0
2022-07-06,601336.SH,601336.SH,34.9186349697844,35.017492382407255,34.32549049404726,34.57812610408345,75016.59,236219065.0
2022-07-07,601336.SH,601336.SH,34.52320386753665,34.69895037147575,34.4353306155671,34.47926724155188,40867.97,128549401.0
2022-07-08,601336.SH,601336.SH,34.589094924263215,34.85271457436875,34.19366544910492,34.237602057455845,46476.52,145801204.0
2022-07-11,601336.SH,601336.SH,34.22663259303699,34.22663259303699,33.51266240094861,33.71037722337308,72752.46,223312807.0
2022-07-12,601336.SH,601336.SH,33.74331544173223,34.30350720199536,33.69937883308414,33.88610941983852,52138.79,161194692.0
2022-07-13,601336.SH,601336.SH,33.90806841606279,34.149719697291616,33.358860958724556,33.61149638910015,50915.69,156239314.0
2022-07-14,601336.SH,601336.SH,33.402807298255546,33.55658543116432,32.97442535658111,33.139187641840515,66301.32,199804192.0
2022-07-15,601336.SH,601336.SH,32.95244293099295,33.35885639380853,32.40323554880973,32.42520384409706,68590.08,205498343.0
2022-07-18,601336.SH,601336.SH,32.52406473717072,33.10622462608327,32.480128141781094,32.87555750028773,58908.05,176228555.0
2022-07-19,601336.SH,601336.SH,32.85359606899306,33.051310789568745,32.56800813927263,32.9524534292809,41051.49,122684737.0
2022-07-20,601336.SH,601336.SH,33.040326638425654,33.10623154528422,32.80965946442069,32.886548522422345,44576.04,133603122.0
2022-07-21,601336.SH,601336.SH,32.78769352561309,32.83163013335261,32.29340668854355,32.304390840478426,47911.53,141641446.0
2022-07-22,601336.SH,601336.SH,32.46915113429523,32.82064397472062,31.930927722393857,32.33734131913571,53354.51,157208382.0
2022-07-25,601336.SH,601336.SH,32.271439229252984,32.337344142587064,31.952898814804946,32.20553431591891,30025.36,87880591.0
2022-07-26,601336.SH,601336.SH,32.34832539892652,32.42521445759969,32.09568992042896,32.392262003882614,29501.44,86793551.0
2022-07-27,601336.SH,601336.SH,32.359309483169035,32.359309483169035,31.72222871262463,31.83207022478746,55397.73,161326974.0
2022-07-28,601336.SH,601336.SH,32.06275096280148,32.447196417990945,31.98586187176359,32.09570343038915,46155.22,135357300.0
2022-07-29,601336.SH,601336.SH,32.22751621232895,32.381294408297805,31.766181624422405,31.854054879261746,40970.11,119343594.0
2022-08-01,601336.SH,601336.SH,31.62339526088798,31.711268537055783,31.304854634779694,31.678316058492857,43330.97,124401550.0
2022-08-02,601336.SH,601336.SH,31.458625423835215,31.480593737678674,30.42611467319258,30.821544322374862,74278.56,208497947.0
2022-08-03,601336.SH,601336.SH,30.76663842876775,31.2060049182896,30.535971021768777,30.546955184006823,53934.31,151245325.0
2022-08-04,601336.SH,601336.SH,30.821547464820036,31.249929628443695,30.73367420048698,31.19500883823553,45752.17,129207409.0
2022-08-05,601336.SH,601336.SH,31.293860207219854,31.810115535313688,31.085161244798943,31.799131379396798,49775.28,142657591.0
2022-08-08,601336.SH,601336.SH,31.788144796061516,32.018812052701904,31.42566767848376,31.645350780046034,54326.84,156330414.0
2022-08-09,601336.SH,601336.SH,31.656350467130476,31.777176232272193,31.568477183391042,31.70028710900019,55563.52,160238861.0
2022-08-10,601336.SH,601336.SH,31.57310487310971,31.72339793914795,30.995054619116488,31.07598165467554,86276.98,233430908.0
2022-08-11,601336.SH,601336.SH,31.2840797461131,32.62515633537737,31.260957735953372,32.53266829473846,116107.93,322454254.0
2022-08-12,601336.SH,601336.SH,32.278338001920645,32.81014443031904,32.11648387153852,32.521119197493825,69102.31,194127573.0
2022-08-15,601336.SH,601336.SH,32.48643116806266,32.671407288592555,32.18584497220158,32.289894039999645,45191.56,126512189.0
2022-08-16,601336.SH,601336.SH,32.28989360822296,32.486430733657905,31.943063386867184,31.98930741638129,38003.06,105658682.0
2022-08-17,601336.SH,601336.SH,32.11648148777868,32.613604851340405,31.908383335590045,32.53267779215594,65266.91,182929812.0
2022-08-18,601336.SH,601336.SH,32.54425345722488,32.56737548454796,32.058690883440356,32.13961797907111,42599.36,118723598.0
2022-08-19,601336.SH,601336.SH,32.139608726932074,32.60204914026922,32.11648670626521,32.128047716598644,43591.81,121965369.0
2022-08-22,601336.SH,601336.SH,32.03556470430756,32.42863911785735,32.00088166781787,32.13961381377662,43890.05,122314053.0
2022-08-23,601336.SH,601336.SH,32.18587110381458,32.28992025608984,31.677186359357737,32.03557788386142,46165.25,127410497.0
2022-08-24,601336.SH,601336.SH,32.208985437273085,33.041378456470376,31.966204140007203,32.01244819662928,131930.51,372011557.0
2022-08-25,601336.SH,601336.SH,31.96619931364913,32.948885368499106,31.79278412749914,32.92576334367911,104498.72,293567621.0
2022-08-26,601336.SH,601336.SH,32.81016848444472,32.891095608965905,32.22055657721898,32.6020701642474,76794.89,215948954.0
2022-08-29,601336.SH,601336.SH,32.19741962479726,32.55581101020793,32.08180950047124,32.44020088588191,48661.41,135869588.0
2022-08-30,601336.SH,601336.SH,32.405530129291996,32.960458936358,32.243675893897745,32.76392165052212,55945.1,158095230.0
2022-08-31,601336.SH,601336.SH,32.625178758655366,33.52693777466356,32.5326906544494,33.30727852717438,117808.69,338603861.0
2022-09-01,601336.SH,601336.SH,33.191654913161166,33.75814432129244,33.07604482986907,33.3535090297701,86875.67,251529946.0
2022-09-02,601336.SH,601336.SH,33.49222589005022,33.63095792687473,32.97198075195831,33.15695680105766,62638.41,179848380.0
2022-09-05,601336.SH,601336.SH,33.15695019718244,33.492219219399416,32.84480317649767,33.43441421556891,47019.77,135181269.0
2022-09-06,601336.SH,601336.SH,33.515331727414555,33.919966639611694,33.24942878511358,33.63094170232802,59644.88,173099387.0
2022-09-07,601336.SH,601336.SH,33.60781077863119,33.60781077863119,33.226297962774694,33.37659089023332,38501.86,111099298.0
2022-09-08,601336.SH,601336.SH,33.28409636366441,33.80434100984882,33.21473041083983,33.26097437938955,45110.09,130461495.0
2022-09-09,601336.SH,601336.SH,33.23785089515007,34.01243733340226,33.18004593707154,33.81590047593528,74019.99,216309325.0
2022-09-13,601336.SH,601336.SH,33.804350134528704,34.31303392588276,33.550008238851674,33.94308207762527,69313.48,203875907.0
2022-09-14,601336.SH,601336.SH,33.526878751640524,34.01244044390567,33.39970783223775,33.503756766294565,47865.51,139098944.0
2022-09-15,601336.SH,601336.SH,33.5962606387263,34.20899354094671,33.37660167377937,33.5962606387263,71501.02,209061700.0
2022-09-16,601336.SH,601336.SH,33.33034805506288,33.526884966938034,31.943028677120612,32.02395564083391,106528.87,299313736.0
2022-09-19,601336.SH,601336.SH,31.815865375505783,32.23206128884816,31.607767418834598,31.76962138513441,57412.03,158278951.0
2022-09-20,601336.SH,601336.SH,31.908361080189426,32.104898086842766,31.27250605866391,31.330311060620776,60335.9,164662876.0
2022-09-21,601336.SH,601336.SH,31.388111497033485,32.023966426071,31.01815953832075,31.792746451875537,53644.01,146674965.0
2022-09-22,601336.SH,601336.SH,31.549951059424835,32.00082980303699,31.388097151461498,31.619317019980556,37355.86,102092077.0
2022-09-23,601336.SH,601336.SH,31.59619892964889,32.40546856926668,31.58463793479721,31.87366280608928,55279.05,153442674.0
2022-09-26,601336.SH,601336.SH,31.711820039305152,32.128016000448056,31.01816010406698,31.041282101908255,51112.37,138785757.0
2022-09-27,601336.SH,601336.SH,31.318761458831347,31.480615523218074,31.14534638984557,31.422810500222813,34737.8,94116728.0
2022-09-28,601336.SH,601336.SH,31.39967812473108,31.804313152111636,31.214702112214255,31.37655612316648,41465.02,113062660.0
2022-09-29,601336.SH,601336.SH,31.630910773809877,31.781203844007074,30.833201401224763,30.91412843902325,49865.81,134594600.0
2022-09-30,601336.SH,601336.SH,31.01816420069598,31.422799216359177,31.01816420069598,31.145335205618704,42496.34,114826509.0
2022-10-10,601336.SH,601336.SH,31.145335205618704,31.850556232917416,30.948798198010863,31.145335205618704,55296.03,150235580.0
2022-10-11,601336.SH,601336.SH,31.156890956615488,31.549964905604327,30.451670048135508,30.740695010627306,56040.3,148817493.0
2022-10-12,601336.SH,601336.SH,30.72912560786741,31.526834286175482,30.578832668476036,31.49215130016209,51678.53,138989083.0
2022-10-13,601336.SH,601336.SH,31.376540202907282,31.75805303514602,31.249369258827702,31.711809055480717,42983.42,117248404.0
2022-10-14,601336.SH,601336.SH,31.896784037701337,32.12800392923958,31.746491108201475,31.896784037701334,62174.44,171844726.0
2022-10-17,601336.SH,601336.SH,31.688682974494032,32.08175675090147,31.5615120468328,31.873658869274003,45837.14,126322415.0
2022-10-18,601336.SH,601336.SH,32.09332118205404,32.11644317137829,31.445905480975142,31.515271448947885,40366.95,110554686.0
2022-10-19,601336.SH,601336.SH,31.56152671216055,31.654014702525853,31.041281766355706,31.041281766355706,38791.52,104937041.0
2022-10-20,601336.SH,601336.SH,31.01816726664606,31.272509301631608,30.844752242792282,31.087533276187575,40338.64,108293083.0
2022-10-21,601336.SH,601336.SH,31.203134756383477,31.318744740660556,30.40542586487164,30.555718844431837,55854.52,148839613.0
2022-10-24,601336.SH,601336.SH,30.64820799369694,30.752256983490703,28.890936166068894,28.971863158130713,116714.89,298546124.0
2022-10-25,601336.SH,601336.SH,28.659717996333175,28.87937698864069,27.838887025078773,27.862009024269042,109242.11,266867449.00000003
2022-10-26,601336.SH,601336.SH,27.862015949374847,28.312895045651032,27.76952792962588,27.908259959249325,67559.12,163653123.0
2022-10-27,601336.SH,601336.SH,27.9776327363713,28.4516339521528,27.93138871531945,28.220413846893532,59769.34,145908334.0
2022-10-28,601336.SH,601336.SH,28.104815657598163,28.393840911172806,27.468960099733955,27.60769222144978,68545.43,165803450.0
2022-10-31,601336.SH,601336.SH,26.80997660204976,27.388026981567865,26.359097306025635,27.018074738676276,86537.41,200819436.0
2022-11-01,601336.SH,601336.SH,27.04119668725307,28.17417542831797,27.0180746721293,28.162614420756082,83907.78,201366029.0
2022-11-02,601336.SH,601336.SH,27.804223688961184,28.336030046421566,27.757979657877677,28.13949291431664,57527.12,139506269.0
2022-11-03,601336.SH,601336.SH,28.000754346105424,28.24353545315258,27.81577826454569,28.19729143276265,43499.58,105337752.0
2022-11-04,601336.SH,601336.SH,28.17416058317378,29.3071387272653,28.10479457435185,29.11060170226983,84745.04,211723327.0
2022-11-07,601336.SH,601336.SH,28.937189836589084,29.91987506875451,28.8215798092755,29.677094011395997,73419.09,187564588.0
2022-11-08,601336.SH,601336.SH,29.67710351499459,29.80427458576395,29.434322379889455,29.71178653429532,41160.9,105457516.0
2022-11-09,601336.SH,601336.SH,29.76958515311602,29.93143920831743,29.330267003283627,29.515243066370953,35060.08,89646184.0
2022-11-10,601336.SH,601336.SH,29.237780123911516,29.804269339440054,29.14529208872319,29.630854273461928,35854.95,91735895.0
2022-11-11,601336.SH,601336.SH,30.440117080784095,30.890996141228676,30.093287034288267,30.544166094732848,98059.78,258464977.0
2022-11-14,601336.SH,601336.SH,31.075986201833217,31.44593841852171,30.77540002577382,30.97193714088958,117131.76,315146199.0
2022-11-15,601336.SH,601336.SH,30.867875991821936,31.81587817584044,30.844753987333682,31.41124309729596,98682.33,267731800.0
2022-11-16,601336.SH,601336.SH,31.41123679865683,31.526846797915777,30.948796801621025,31.018162801176395,48754.68,131453845.0
2022-11-17,601336.SH,601336.SH,30.752262615101536,31.22626365540949,30.71757961215217,31.22626365540949,47420.58,127271507.0
2022-11-18,601336.SH,601336.SH,31.237831945218364,31.399685996747994,30.856318823755668,30.867879827436354,40767.75,109540639.0
2022-11-21,601336.SH,601336.SH,30.740707389643845,30.81007340857497,30.3129502729019,30.521048329695276,43661.32,115159851.0
2022-11-22,601336.SH,601336.SH,30.601978074982956,31.43437037622919,30.417002008039347,31.180028284181727,61103.12,163898723.0
2022-11-23,601336.SH,601336.SH,31.156911754457067,32.000865208288374,31.01817967985466,31.295643829059475,81600.5,222913548.0
2022-11-24,601336.SH,601336.SH,31.353451324046116,31.758086573434614,31.01818211740993,31.041304131660706,41204.52,111464016.0
2022-11-25,601336.SH,601336.SH,31.214717701711766,31.977744134420277,31.041302603368926,31.70027997707173,74298.67,203845022.0
2022-11-28,601336.SH,601336.SH,31.214721793184335,31.50374699497308,30.833208526823196,31.399697922329135,66482.71,179491320.0
2022-11-29,601336.SH,601336.SH,31.677171957494753,33.57317787027911,31.584683864188204,33.341957637012726,180710.38,514712473.0
2022-11-30,601336.SH,601336.SH,33.064488376667285,34.09341825971742,32.948878277448166,33.15697645604258,120363.34,347551113.0
2022-12-01,601336.SH,601336.SH,33.64254311787818,33.815958288588895,32.92576041227391,32.98356546917748,80750.46,232519527.0
2022-12-02,601336.SH,601336.SH,32.948872119590156,33.12228723600905,32.32457770048214,32.71765196436497,75647.85,213768544.0
2022-12-05,601336.SH,601336.SH,33.445994903768046,35.26107309246199,32.94887157820219,35.1801460394629,216788.83,646687639.0
2022-12-06,601336.SH,601336.SH,34.914228546560494,35.226375622970146,34.463349436191,34.98359456354042,123159.73,371127771.0
2022-12-07,601336.SH,601336.SH,34.682991344340614,35.20323621450572,34.22055145974941,34.79860131548842,117977.85,354713854.0
2022-12-08,601336.SH,601336.SH,34.78702686355143,35.41132046628715,34.682977929762146,34.9720027458435,80545.38,243472041.0
2022-12-09,601336.SH,601336.SH,34.787025438320896,35.353514054631205,34.39395170455455,35.27258710944402,123037.01,371610494.0
2022-12-12,601336.SH,601336.SH,34.79857869747129,34.79857869747129,33.60779676862094,33.711845675025344,127780.27,377222185.0
2022-12-13,601336.SH,601336.SH,33.711846732832235,34.04711544176644,33.64248079305275,33.89682257224421,72441.38,212052447.0
2022-12-14,601336.SH,601336.SH,33.81591206736507,34.25522989935135,33.52688717790041,33.98932700104386,60708.49,177950997.0
2022-12-15,601336.SH,601336.SH,33.873704223135235,34.22053395920829,33.24941069820373,33.59624043427679,57591.06,167322579.0
2022-12-16,601336.SH,601336.SH,33.33034371523968,34.09336927375713,33.31878272192881,33.97775934064843,79855.22,232977099.0
2022-12-19,601336.SH,601336.SH,33.7003113377029,33.94309231131928,32.53265046459553,32.67138244951918,108580.16,309985541.0
2022-12-20,601336.SH,601336.SH,32.92571964290533,33.16850058128349,32.41703577201774,32.49796275147713,60038.15,169904213.0
2022-12-21,601336.SH,601336.SH,32.625147385555955,33.145392471434775,32.45173235692968,32.92573343517483,52003.36,147830117.0
2022-12-22,601336.SH,601336.SH,33.145385069811894,33.792801032110276,32.85636008664297,33.13382407048513,74219.86,214101684.0
2022-12-23,601336.SH,601336.SH,32.76386199845709,33.50376572742719,32.63669104504036,32.94883793069962,54478.09,155931530.0
2022-12-26,601336.SH,601336.SH,32.937292156569725,33.14539017651296,32.39392510449574,32.521096116683275,68619.21,193419111.0
2022-12-27,601336.SH,601336.SH,32.99510822065782,33.91998861927471,32.86793716584799,33.8043785694476,73866.07,214451422.0
2022-12-28,601336.SH,601336.SH,33.60784212685653,34.08184334020401,33.41130503839538,33.88530625174286,67860.5,198436864.0
2022-12-29,601336.SH,601336.SH,33.64252083288766,33.81593588872729,33.087592654200854,33.573154810551806,52413.37,151589502.0
2022-12-30,601336.SH,601336.SH,33.64253148038761,35.14546243999255,33.64253148038761,34.775510203782105,113476.54,340722412.0
2023-01-03,601336.SH,601336.SH,34.752376370206086,34.867986404704446,33.83905709766907,34.810181387455266,117649.83,351329609.0
2023-01-04,601336.SH,601336.SH,34.8101871296857,36.18594676715917,34.57896702254731,36.09345872430381,172689.8,534273951.0
2023-01-05,601336.SH,601336.SH,36.289990861571134,37.39984722433342,36.18594182756217,36.9258460694037,213773.72,682199010.0
2023-01-06,601336.SH,601336.SH,36.9258284517157,37.342024389180246,36.68304748819471,37.12236542218507,172787.83,554022631.0
2023-01-09,601336.SH,601336.SH,37.49232120221757,37.86227318447811,36.76397823714211,37.63105319556527,132754.8,429739109.0
2023-01-10,601336.SH,601336.SH,37.42297255393354,37.584826621204186,36.62526322238538,36.659946236800515,115846.47,370230636.0
2023-01-11,601336.SH,601336.SH,36.92583177766745,37.9431997164385,36.64836779436625,37.51544274218249,122502.53,396597168.0
2023-01-12,601336.SH,601336.SH,37.87383988420982,37.885400885395484,37.02988679765692,37.29578982492701,77687.93,250661249.0
2023-01-13,601336.SH,601336.SH,37.688864999575145,39.1917951989447,37.249546941297886,39.180234197411096,174848.26,582731361.0
2023-01-16,601336.SH,601336.SH,38.868083356604345,39.70047538565715,38.46344834248146,38.55593634570955,224280.14,757747800.0
2023-01-17,601336.SH,601336.SH,38.4749958428817,38.61372779904593,37.873824032836666,38.22065392324726,94164.85,310444933.0
2023-01-18,601336.SH,601336.SH,37.804470717861534,38.44032572993566,37.74666571676388,37.827592718300586,87085.21,285678467.0
2023-01-19,601336.SH,601336.SH,37.86225855472751,38.15128342919108,37.59635567022103,38.15128342919108,67906.84,222740618.0
2023-01-20,601336.SH,601336.SH,38.15126845887159,38.57902510522863,37.931609640472026,38.30156133461866,60791.88,201230278.0
2023-01-30,601336.SH,601336.SH,38.84494439173982,39.14553027096162,36.5558673115123,36.729282241832564,224961.47,724086842.0
2023-01-31,601336.SH,601336.SH,36.70614350216832,37.05297320455101,35.66565439502024,35.97780112716467,225091.98,703538465.0
2023-02-01,601336.SH,601336.SH,35.97778830019613,36.28993492105259,35.58471477763615,36.05871520189966,116422.79,361271032.0
2023-02-02,601336.SH,601336.SH,36.18588908245466,36.18588908245466,35.36505901061623,35.700327631507975,107504.36,331354657.0
2023-02-03,601336.SH,601336.SH,35.492225204454655,35.492225204454655,34.92573691943242,35.20320056923923,112142.29,340392933.0
2023-02-06,601336.SH,601336.SH,34.92574974691509,35.11072558139064,34.5673590676187,34.62516401589232,102639.0,308079358.0
2023-02-07,601336.SH,601336.SH,34.87951284517797,35.07604970907191,34.56736606134641,34.85639086119045,103562.91,311919233.0
2023-02-08,601336.SH,601336.SH,34.891088704207185,35.399772568682046,34.70611275348906,34.729234747328825,98190.57,297534015.0
2023-02-09,601336.SH,601336.SH,34.65986391320114,35.49225557489243,34.567375950790996,35.34196263597595,97632.3,297380412.0
2023-02-10,601336.SH,601336.SH,35.261029541539564,35.399761461047255,34.879516762893395,35.261029541539564,63779.69,193816246.0
2023-02-13,601336.SH,601336.SH,35.261022670276915,35.607852401459965,34.46331428855589,35.59629141042053,101328.08,309436282.0
2023-02-14,601336.SH,601336.SH,35.45755816944952,36.174339586634346,35.45755816944952,36.174339586634346,96999.89,301022157.0
2023-02-15,601336.SH,601336.SH,36.03559940961059,36.151209289012606,35.44598902466027,35.63096483170351,74706.06,230732165.0
2023-02-16,601336.SH,601336.SH,35.63096663609962,36.10496716565189,34.948868313085384,35.15696610654736,107053.45,330465664.0
2023-02-17,601336.SH,601336.SH,34.995119137111274,35.850632455957076,34.971997155520846,35.0991680542682,78209.52,239933612.0
2023-02-20,601336.SH,601336.SH,35.22635584373705,36.39401647393641,35.133867873028194,36.35933348492059,129122.82,400730427.0
2023-02-21,601336.SH,601336.SH,36.185905211800026,36.57897894253523,35.89688040978884,36.56741795045478,73487.07,230577923.0
2023-02-22,601336.SH,601336.SH,36.18592059167377,36.602116483462986,36.12811560670304,36.313091558609365,58642.49,184367829.0
2023-02-23,601336.SH,601336.SH,36.15123613525655,36.683041975429816,36.058748163052506,36.22060211440959,57445.33,180274527.0
2023-02-24,601336.SH,601336.SH,36.09343244500672,36.25528640215922,35.57318758273084,35.839090512338515,55496.09,172010114.0
2023-02-27,601336.SH,601336.SH,35.71191722403305,35.9084541592252,35.36508733839984,35.56162427359199,41267.07,127174769.0
2023-02-28,601336.SH,601336.SH,35.50381933821464,36.13967412935818,35.38820937618854,36.03562516353469,56181.13,173799904.0
2023-03-01,601336.SH,601336.SH,35.90844598046452,37.28420421345721,35.80439703847348,37.249521232793526,139904.75,445445690.0
2023-03-02,601336.SH,601336.SH,37.20329088784171,37.55012082153818,36.97207093204406,37.23797388121136,59543.6,191933669.0
2023-03-03,601336.SH,601336.SH,37.45762113516025,37.654158036178075,36.99518136805951,37.295767216674996,65968.93,212951100.0
2023-03-06,601336.SH,601336.SH,37.434507447294045,37.51543442448091,36.5789936884615,36.81021362328111,85578.0,272818831.0
2023-03-07,601336.SH,601336.SH,36.636803214798206,37.16860913082242,35.75816735354082,35.804411346238574,94333.21,297222494.0
2023-03-08,601336.SH,601336.SH,35.61943810561537,35.75817009434221,35.28416913285885,35.59631610749423,45819.66,140706215.0
2023-03-09,601336.SH,601336.SH,35.700355691905514,35.82752664806191,35.21479385930836,35.31884282343632,47895.1,146807233.0
2023-03-10,601336.SH,601336.SH,34.983571124388476,35.28415699657423,34.474887340689506,34.48644833577357,66791.9,200839855.0
2023-03-13,601336.SH,601336.SH,34.42864470307032,34.9720114932128,34.359278729860634,34.68298660483914,66221.95,198065799.0
2023-03-14,601336.SH,601336.SH,34.463315947485135,34.463315947485135,33.677168518961494,33.93151033407209,59567.05,175264796.0
2023-03-15,601336.SH,601336.SH,34.22054330188362,34.50956816085224,34.1627383300899,34.34771423982981,38164.49,113410908.0
2023-03-16,601336.SH,601336.SH,33.90839429427912,34.11649217948097,33.6656134282103,33.75810137718889,52522.06,154005257.0
2023-03-17,601336.SH,601336.SH,34.1049380091193,35.24947660671347,34.1049380091193,34.671426809948734,86088.27,258374753.0
2023-03-20,601336.SH,601336.SH,34.428657573132035,35.388220561234775,34.220559575712166,34.220559575712166,73212.43,220530486.0
2023-03-21,601336.SH,601336.SH,34.44021024347664,34.8795281317788,34.17430731108323,34.41708824935548,56990.23,169686146.0
2023-03-22,601336.SH,601336.SH,34.4980124440832,34.914208304668655,34.45176845957371,34.65986638986643,54198.44,162513218.0
2023-03-23,601336.SH,601336.SH,34.5673934998096,35.099199553652824,34.31305147405849,34.98358954194778,52750.56,158732896.0
2023-03-24,601336.SH,601336.SH,34.983587143073066,35.06451414571732,34.22056111814153,34.39397612380779,60968.07,181772350.0
2023-03-27,601336.SH,601336.SH,34.26681358131252,34.33617960070789,33.43442134856809,33.94310549080079,81121.78,237203476.0
2023-03-28,601336.SH,601336.SH,34.081823873632096,34.22055585683548,33.711871918423064,33.93153089182843,42214.89,123813267.0
2023-03-29,601336.SH,601336.SH,34.20899633276084,34.31304532464825,33.43440939315457,33.52689738594337,61407.51,179036510.0
2023-03-30,601336.SH,601336.SH,33.63093358597704,33.6771775647821,32.85634694099235,33.434396676055556,68056.49,195529998.0
2023-03-31,601336.SH,601336.SH,34.243650990927364,35.72345765089992,33.94306526312044,35.2610180696585,197224.14,597923017.0
2023-04-03,601336.SH,601336.SH,35.31881687588065,36.706135378370234,35.261011938276916,36.567403528121275,188398.6,593263256.0
2023-04-04,601336.SH,601336.SH,36.46333690770531,36.867971274150996,36.30148316112704,36.752361455166515,93369.85,296430734.0
2023-04-06,601336.SH,601336.SH,36.440225452625036,36.77549402436556,36.324615600300724,36.52115234925206,70317.14,222398158.0
2023-04-07,601336.SH,601336.SH,36.53270124978333,36.96045756188522,36.33616456584462,36.38240849147726,62432.08,197806008.0
2023-04-10,601336.SH,601336.SH,36.38241251106346,37.22636424710021,36.33616858032172,36.72924199162651,91858.5,293145227.0
2023-04-11,601336.SH,601336.SH,36.87952781383798,37.099186443450186,36.30147878854271,36.67143016473168,67130.9,212662128.0
2023-04-12,601336.SH,601336.SH,36.60204991174188,37.34195237363432,36.41707429626877,36.86795235898448,74451.11,237889803.0
2023-04-13,601336.SH,601336.SH,36.856407554347754,37.168554042417824,36.44021223692099,37.099188156180034,66296.33,211695115.0
2023-04-14,601336.SH,601336.SH,36.90264975940261,37.19167427192925,36.65986916888022,36.72923505188661,56604.96,180354930.0
2023-04-17,601336.SH,601336.SH,36.74079963905297,37.83909289446833,36.34772626343063,37.80440994956049,128806.57,417093548.0
2023-04-18,601336.SH,601336.SH,37.873787877217985,38.98364246702658,37.711934082870904,38.555886010537854,182506.31,609118842.0
2023-04-19,601336.SH,601336.SH,38.740855988925816,38.87958779193003,38.24373369482739,38.3130995963295,96506.04,321980476.0
2023-04-20,601336.SH,601336.SH,38.428699793205844,38.57899254209624,37.64255310670224,38.44026077388972,91666.94,302138034.0
2023-04-21,601336.SH,601336.SH,38.382442819248865,38.428686726260004,37.307271981239786,37.39975979526207,88890.17,290455952.0
2023-04-24,601336.SH,601336.SH,39.30733100699911,40.44030701837731,39.041428473716465,39.122355331672054,269734.96,923137028.0
2023-04-25,601336.SH,601336.SH,39.37669688524675,40.00098978947556,38.474940468027356,39.122355331672054,149255.55,505511590.0
2023-04-26,601336.SH,601336.SH,38.85646384058137,39.13392743242129,38.266853707921555,38.72929302765474,103010.18,343992778.0
2023-04-27,601336.SH,601336.SH,38.960523026204875,41.735159680890085,38.960523026204875,41.38833009905443,312029.7,1103603302.0
2023-04-28,601336.SH,601336.SH,42.428837192158724,45.03006018077881,41.63112880898189,44.91445027017347,586428.86,2227545216.0
2023-05-04,601336.SH,601336.SH,43.897080353040664,48.18620777231327,43.43464073910292,47.862500042556846,595593.36,2385471780.0
2023-05-05,601336.SH,601336.SH,47.862482874234,49.400094039034265,47.284433564158704,47.70062906741291,397100.62,1646560487.0
2023-05-08,601336.SH,601336.SH,47.94339037754701,50.13997686699334,47.561877987274755,49.77002545824448,408151.5,1732208774.0
2023-05-09,601336.SH,601336.SH,49.134186114286855,49.89721112217931,46.567647451375876,46.9491599553221,477701.66,1987201614.0
2023-05-10,601336.SH,601336.SH,47.006984950419834,47.27288771821611,45.804642000384504,46.220837636935194,308801.2,1237365563.0
2023-05-11,601336.SH,601336.SH,46.891397977077354,48.40588839497605,46.313348199253426,46.914519968190305,232121.95,949011158.0
2023-05-12,601336.SH,601336.SH,46.960775619310496,47.18043458946484,45.5965778046678,45.68906579210121,223770.76,894727154.0
2023-05-15,601336.SH,601336.SH,45.874040510759535,47.65443422009849,44.78730668817602,47.28448228049559,369619.69,1478284088.0
2023-05-16,601336.SH,601336.SH,47.49257282206439,47.49257282206439,45.66593540583114,45.85091134671552,245256.65,982346934.0
2023-05-17,601336.SH,601336.SH,45.781546543974876,46.01276647601515,44.62544688377349,45.04164276144599,199445.86,778307747.0
2023-05-18,601336.SH,601336.SH,45.134117897739394,46.035875376229065,44.77572710500632,45.52719167041438,148061.22,582421690.0
2023-05-19,601336.SH,601336.SH,45.1919283667422,45.804661086987096,44.57919564649729,45.00695245119656,96335.86,375034193.0
2023-05-22,601336.SH,601336.SH,44.91446449342375,45.89714904475992,44.6370006201053,45.00695245119656,117438.84,459032315.0
2023-05-23,601336.SH,601336.SH,44.85666097175497,45.145685849150304,43.81617141313179,43.93178136408992,129257.88,495200876.0
2023-05-24,601336.SH,601336.SH,43.93179083725032,44.26705976732407,42.72944708802031,42.89130105426281,165892.78,620221876.0
2023-05-25,601336.SH,601336.SH,42.810358018694856,43.04157788377017,42.26699133576786,42.856601991709915,125680.35,463260808.0
2023-05-26,601336.SH,601336.SH,42.77567334450504,43.342161991499836,42.19762370471443,42.90284426525897,91302.01,338238204.0
2023-05-29,601336.SH,601336.SH,43.03002808798641,43.06471107677307,42.33636831225315,42.451978274875366,95557.51,352208212.0
2023-05-30,601336.SH,601336.SH,42.48667902269738,43.353754104793246,42.220775997521315,42.92599706429262,107826.24,399627819.0
2023-05-31,601336.SH,601336.SH,42.72946073093515,42.72946073093515,41.81614162981398,42.532923709174895,101555.74,371616430.0
2023-06-01,601336.SH,601336.SH,42.29013477157729,43.2150147009721,41.92018279981937,42.521354753926,140779.05,518370441.0
2023-06-02,601336.SH,601336.SH,42.752560984978246,43.34217175032003,42.37104813681592,43.203439805533726,166835.08,620689566.0
2023-06-05,601336.SH,601336.SH,43.01846020374321,43.49246097459875,42.25543457260989,43.030021198154316,112473.91,417315844.0
2023-06-06,601336.SH,601336.SH,42.810374726121715,44.6023293797941,42.71788674399669,43.11096066802805,184250.28,696482301.0
2023-06-07,601336.SH,601336.SH,43.08785900802323,44.024300268997166,42.914443959694715,43.28439606279553,101154.81,379365230.0
2023-06-08,601336.SH,601336.SH,42.74103756093411,44.1630412450009,42.55606147194982,43.87401610596293,140936.81,530399045.00000006
2023-06-09,601336.SH,601336.SH,43.87402222385362,44.174608410367505,43.4347039512564,43.52719200864529,101094.02,382152022.0
2023-06-12,601336.SH,601336.SH,43.58499580438152,45.35382985161503,43.180360564818294,44.69485246146921,222368.02,857730431.0
2023-06-13,601336.SH,601336.SH,44.637048347360235,45.28446474400675,43.93182691529886,44.86826848901971,110307.32,425790518.0
2023-06-14,601336.SH,601336.SH,44.85670612017369,45.585049544289916,44.163045716253485,44.5561199451416,107041.32,413994437.0
2023-06-15,601336.SH,601336.SH,44.55611744775824,46.059048238679,43.65435897320579,44.13992122873403,190547.55,738743372.0
2023-06-16,601336.SH,601336.SH,44.26711059071586,44.55613586226663,43.74686510192448,44.19774452554367,110871.16,422552711.0
2023-06-19,601336.SH,601336.SH,44.20931321105574,44.22087422392474,42.77574761529975,43.087894962762746,133303.25,498251960.0
2023-06-20,601336.SH,601336.SH,42.77574175736318,43.08788906207908,42.31330130593223,42.46359445264728,101107.26,372092420.0
2023-06-21,601336.SH,601336.SH,42.62545325919924,42.833551485037475,41.87398744367227,41.87398744367227,74843.98,274135568.0
2023-06-26,601336.SH,601336.SH,41.61965531243626,41.64277734316539,40.440431745250564,40.694774083271014,118446.31,417881073.0
2023-06-27,601336.SH,601336.SH,40.78728037423307,41.827772220514525,40.60230404600525,41.527185687144325,105022.99,374977573.0
2023-06-28,601336.SH,601336.SH,41.61967680104686,41.908702334387456,41.16879696903551,41.75840905705034,60338.34,217039561.0
2023-06-29,601336.SH,601336.SH,42.0127420105827,42.49830479661584,41.249714775387744,42.058986085442996,68399.99,247948137.0
2023-06-30,601336.SH,601336.SH,41.96649063124627,42.83356688395798,41.75839233059547,42.509858416278945,70061.96,257654273.0
2023-07-03,601336.SH,601336.SH,42.544544743176594,45.80475170447436,42.53298372558334,45.78162966928786,255228.24,986385676.0
2023-07-04,601336.SH,601336.SH,45.48106018839388,46.38281989726391,45.30764485976502,45.83945186756017,176257.9,698322309.0
2023-07-05,601336.SH,601336.SH,45.758503728877635,45.758503728877635,45.00703764944938,45.24981899818774,97147.92,380939115.0
2023-07-06,601336.SH,601336.SH,45.07641239387868,46.3712465021409,44.914558130345895,45.57353620330078,134949.57,533579084.99999994
2023-07-07,601336.SH,601336.SH,45.36544030020114,46.960860983541544,45.284513164089674,46.50998122520621,170778.06,684032550.0
2023-07-10,601336.SH,601336.SH,46.86837628069007,47.00710852424416,44.92612487093281,45.35388262189125,131847.8,519086541.0
2023-07-11,601336.SH,601336.SH,45.296061753226155,45.75850240410136,44.77581602099155,45.43479394848871,84758.97,332331727.0
2023-07-12,601336.SH,601336.SH,45.874090104483365,46.625555794198945,45.365405637598975,45.80472404081731,129373.02,515904695.0
2023-07-13,601336.SH,601336.SH,46.24405049841612,46.72961302864949,45.85097606917958,46.72961302864949,141796.67,569110804.0
2023-07-14,601336.SH,601336.SH,46.68338887446165,46.97241431325846,45.978166803797414,46.60246175159854,98132.68,394436833.0
2023-07-17,601336.SH,601336.SH,46.128449834911976,46.798988704692654,45.897229534987616,46.336548104843914,76539.93,306178923.0
2023-07-18,601336.SH,601336.SH,46.47528159264563,46.47528159264563,45.88566981124639,46.012840979783476,61828.62,246526946.0
2023-07-19,601336.SH,601336.SH,45.90877553203599,46.452143059108685,45.839409464750105,46.20936182360812,75075.62,299738479.0
2023-07-20,601336.SH,601336.SH,46.33654279407779,46.452152930789566,44.62551277074358,44.718000880112996,132261.34,516921285.0
2023-07-21,601336.SH,601336.SH,44.71801899373361,44.97236139752424,44.34806640640179,44.75270204879597,75662.2,292347053.0
2023-07-24,601336.SH,601336.SH,44.41741450195437,45.0648312672093,44.128389160322705,44.38273146095857,74689.27,287597831.0
2023-07-25,601336.SH,601336.SH,45.75848748849988,48.82215580190373,45.515706225928255,48.77591175189009,360998.73,1487179984.0
2023-07-26,601336.SH,601336.SH,48.417513070396794,48.83370945782141,47.27297300497911,48.34814700582602,218075.67,908042708.0
2023-07-27,601336.SH,601336.SH,48.10535237042916,49.978235591772474,47.90881524226351,48.856817860474315,202949.76,864531366.0
2023-07-28,601336.SH,601336.SH,48.556218731752175,53.12281549342887,48.34812065147324,52.695058328411044,384861.64,1711799841.0
2023-07-31,601336.SH,601336.SH,52.660391778644815,53.966785691045885,52.00141431840711,52.51009867367832,401865.13,1839179530.0
2023-08-01,601336.SH,601336.SH,52.51011671822637,53.874316139791915,51.57367474240595,52.34826254956605,229919.08,1046108953.0
2023-08-02,601336.SH,601336.SH,51.8164427303837,53.18064180271419,51.492734475932394,52.02454089395954,173093.89,779935979.0
2023-08-03,601336.SH,601336.SH,51.67768863081798,54.452329631130354,51.40022453078674,54.33671958945067,250626.88,1157535381.0
2023-08-04,601336.SH,601336.SH,54.91478739873684,56.776109666357186,54.01302878461022,54.105516847597556,344324.48,1656641485.0
2023-08-07,601336.SH,601336.SH,53.14597938128711,53.3193945848371,51.97831701071718,52.55636768921715,220261.41,1001362804.0
2023-08-08,601336.SH,601336.SH,52.278905983278214,52.55637032286218,50.85690124291041,52.140173813486236,153257.85,685122812.0
2023-08-09,601336.SH,601336.SH,51.81648497502947,52.46390201175451,51.57370358625757,52.070827382314306,103154.18,464379918.0
2023-08-10,601336.SH,601336.SH,51.58520244055787,52.92369334200059,51.58520244055787,52.90000323755028,107904.25,477476473.0
2023-08-11,601336.SH,601336.SH,52.674971240954214,53.835786887820305,50.55470592678043,50.75607190633884,190192.3,829112599.0
2023-08-14,601336.SH,601336.SH,49.950587107113364,51.02848690003423,49.63077068503793,50.578374898594745,135207.61,574017526.0
2023-08-15,601336.SH,601336.SH,50.45993858596335,51.98795081074957,50.3414880259024,51.30093756239607,125836.74,545050217.0
2023-08-16,601336.SH,601336.SH,50.79162406025288,51.82214441781864,50.29413147384182,50.68501850602194,111783.63,480278579.0
2023-08-17,601336.SH,601336.SH,50.42441575662438,50.7916125826651,49.76109245797017,50.16382446072451,116864.01,495132049.0
2023-08-18,601336.SH,601336.SH,50.15197342995224,52.90002676857975,50.15197342995224,50.73238124716236,181196.46,790542596.0
2023-08-21,601336.SH,601336.SH,50.93374684160129,50.93374684160129,48.75425627907695,48.837171680912114,216447.61,899485217.0
2023-08-22,601336.SH,601336.SH,48.94375448940844,50.187484939889536,48.94375448940844,49.96242895361201,115326.55,483342073.0
2023-08-23,601336.SH,601336.SH,49.74922144444275,50.10457302618877,49.03851828095071,49.204349019098856,87494.54,365291846.0
2023-08-24,601336.SH,601336.SH,49.32279751690096,49.464938143750814,47.877701143927396,48.363348285664415,129214.98,528530221.99999994
2023-08-25,601336.SH,601336.SH,48.114597096635016,49.997960203076424,47.71186536318214,49.358327449945385,141631.04,584738204.0
2023-08-28,601336.SH,601336.SH,54.27403480950195,54.297724916359,49.86767493409062,50.10457600266111,276767.46,1202972083.0
2023-08-29,601336.SH,601336.SH,49.749200131891016,50.42436784796668,48.71868098630185,49.53598927418291,168287.43,702246812.0
2023-08-30,601336.SH,601336.SH,49.52414236590347,49.855803687655516,47.97244118199212,48.5528484950582,184273.74,758914483.0
2023-08-31,601336.SH,601336.SH,48.70684077134265,49.287248163802715,47.96060269532257,47.97244774414828,130685.65,535015381.00000006
2023-09-01,601336.SH,601336.SH,48.28040520935127,50.51911879732168,48.28040520935127,49.71365570746989,181695.86,760638423.0
2023-09-04,601336.SH,601336.SH,49.393853865489525,51.38382207877543,49.27540337660346,50.63758399879322,197105.83,843161652.0
2023-09-05,601336.SH,601336.SH,50.36513497910893,50.47174039181165,48.458082596315755,48.57653305487434,147151.33,607671148.0
2023-09-06,601336.SH,601336.SH,48.410685068441914,49.299063189345546,48.31592473554553,49.227992939673264,87615.63,361598567.0
2023-09-07,601336.SH,601336.SH,48.80156220761669,48.95554771943684,48.18562016033609,48.327760632785456,89169.86,365226712.0
2023-09-08,601336.SH,601336.SH,48.25671023778443,48.552836343809126,47.92504899903677,48.39885076867628,46634.38,189946718.0
2023-09-11,601336.SH,601336.SH,48.754217956271944,49.737356948101535,48.35148632106465,49.228019880045245,121545.56,503952279.0
2023-09-12,601336.SH,601336.SH,48.576560378208164,48.67132079835586,45.1414951478545,45.413931355779106,397300.51,1549772365.0
2023-09-13,601336.SH,601336.SH,45.39021939181958,46.05354201341193,45.23623378323563,45.65081042173085,186297.72,717485179.0
2023-09-14,601336.SH,601336.SH,45.816624906549734,46.006145588686444,45.04669713536935,45.307288073307326,131309.0,502821397.0
2023-09-15,601336.SH,601336.SH,45.544168773682216,46.33778627897134,45.14143750234146,45.508633661505094,128758.32,497390141.0
2023-09-18,601336.SH,601336.SH,45.23618774899207,45.46124340943482,44.57286580242398,45.30725795755294,104199.9,397192489.0
2023-09-19,601336.SH,601336.SH,45.354635999061365,45.354635999061365,44.47810346734798,44.82160945950593,112386.0,425896080.0
2023-09-20,601336.SH,601336.SH,44.774251614506895,44.774251614506895,44.00432400737913,44.53735081231374,86469.0,324729108.0
2023-09-21,601336.SH,601336.SH,44.288611601459806,44.69134302549019,44.00433059626188,44.30045664334305,88361.13,330747335.0
2023-09-22,601336.SH,601336.SH,44.00431037240154,44.97560336043301,43.9450851902045,44.84530795959952,115997.33,435627484.0
2023-09-25,601336.SH,601336.SH,44.64396353073777,44.64396353073777,44.07540151177375,44.17016184826775,93661.0,350142197.0
2023-09-26,601336.SH,601336.SH,44.14645690272145,44.466272930726134,44.028006521978966,44.193837055018435,67101.78,250679398.0
2023-09-27,601336.SH,601336.SH,44.21751662651657,44.37150208489983,43.72002514558603,43.826630462928286,78296.42,290373030.0
2023-09-28,601336.SH,601336.SH,43.98059800903246,44.158273465573124,43.50679679159068,43.62524709595113,67740.0,250045430.0
2023-10-09,601336.SH,601336.SH,43.35282067821842,43.67263656846757,42.99746968905269,43.48311604091252,79573.95,290777694.0
2023-10-10,601336.SH,601336.SH,43.684470586406825,43.802920886261504,42.57103776777281,42.70133309761296,105485.72,382420265.0
2023-10-11,601336.SH,601336.SH,42.87900974446391,43.05668519920616,42.16830792549489,42.42889859245019,105957.36,379781570.0
2023-10-12,601336.SH,601336.SH,43.81477402766085,44.418870668755936,43.03300190389075,43.85030912419586,225072.81,831424486.0
2023-10-13,601336.SH,601336.SH,43.19882049588443,43.72000176866176,42.44073864457196,43.494946219053375,103715.24,379232949.0
2023-10-16,601336.SH,601336.SH,43.47127218746942,43.933228485919365,42.831640389615636,43.69632782004759,118615.19,435849556.0
2023-10-17,601336.SH,601336.SH,43.708179018055695,45.129583213764825,43.35282796912841,44.7623871298733,193498.58,727542918.0
2023-10-18,601336.SH,601336.SH,44.39518193958274,44.786068013223684,43.94507070326894,43.94507070326894,90667.03,338805689.0
2023-10-19,601336.SH,601336.SH,43.58969969984872,43.684459916587535,42.76054780338421,42.79608288466127,95762.32,348080431.0
2023-10-20,601336.SH,601336.SH,42.40521191468668,43.2225190717016,42.29860663333691,42.440747008469934,76656.66,275912897.0
2023-10-23,601336.SH,601336.SH,42.15648349265404,42.49998953965797,41.52869657916411,41.89589269837519,84612.89,299425168.0
2023-10-24,601336.SH,601336.SH,42.29861817841418,42.4762936958256,41.706366453709414,42.192012867967314,78737.54,279932346.0
2023-10-25,601336.SH,601336.SH,42.83164724298297,43.021167806005025,41.24441252767332,41.59976358333966,134361.25,473645892.0
2023-10-26,601336.SH,601336.SH,41.05489196465126,41.81297421673946,40.983821753518,41.59976358333966,66443.87,232511816.0
2023-10-27,601336.SH,601336.SH,40.82982023965227,41.04303078920659,39.443951667549186,40.72321496487511,169261.56,575639953.0
2023-10-30,601336.SH,601336.SH,39.89407428754317,40.5337061199444,38.2949947065401,39.50318816774242,271670.49,897464057.0
2023-10-31,601336.SH,601336.SH,39.384727982224405,39.97697953082928,39.20705251764294,39.56240344680587,110588.99,369247145.0
2023-11-01,601336.SH,601336.SH,39.870376430128154,39.941446619843184,38.91092886897535,39.02937918516705,89210.12,294801584.0
2023-11-02,601336.SH,601336.SH,38.95829343606595,39.42024948471495,38.50818241430538,38.55556252185912,84588.94,277945691.0
2023-11-03,601336.SH,601336.SH,38.65030954451328,38.80429484150336,38.38971904191465,38.52001429321397,104384.82,339782747.0
2023-11-06,601336.SH,601336.SH,38.662142586238055,39.822954465359174,38.531847375316296,39.751884350310945,159089.68,529204826.0
2023-11-07,601336.SH,601336.SH,39.526833511596806,39.526833511596806,38.55554182806341,38.89904742345938,153585.32,504380830.0
2023-11-08,601336.SH,601336.SH,38.79242513447168,39.20700067025993,38.62659492015638,38.79242513447168,100644.5,330117873.0
2023-11-09,601336.SH,601336.SH,38.69765641647665,39.14776689821099,38.437066137577816,38.662121378444986,115642.54,378021345.0
2023-11-10,601336.SH,601336.SH,38.49628504155732,38.51997506312136,37.667134286816086,37.90403450245644,132244.26,422971817.0
2023-11-13,601336.SH,601336.SH,38.105418685015145,38.18833380183053,37.7026881176261,38.010658551511845,83472.07,267280455.00000003
2023-11-14,601336.SH,601336.SH,38.01064423827135,38.31861455618816,37.76189898149238,37.99879922604377,96079.48,307899188.0
2023-11-15,601336.SH,601336.SH,38.38966941921078,39.34911502950269,38.27121934386611,38.745019645244824,199183.26,651825687.0
2023-11-16,601336.SH,601336.SH,38.519973950383125,38.602889023462055,38.11724359542831,38.29491875202602,84321.74,272621494.0
2023-11-17,601336.SH,601336.SH,38.046177440106455,38.212007603294964,37.690827090416796,38.176472568326,77033.23,246666220.0
2023-11-20,601336.SH,601336.SH,38.15278068332723,38.626581126460756,37.986950528230494,38.354145871658986,86198.46,278276980.0
2023-11-21,601336.SH,601336.SH,38.43704203253862,39.04113730023029,38.40150701679205,38.46073204303633,124868.56,408124216.0
2023-11-22,601336.SH,601336.SH,38.247525322636946,38.48442544851268,37.99878019046742,37.99878019046742,64088.6,206740396.0
2023-11-23,601336.SH,601336.SH,37.904020513211144,38.54365085937158,37.785570449107354,38.50811584014044,76776.1,247586245.0
2023-11-24,601336.SH,601336.SH,38.50811936163793,38.614724429080184,37.85664394949088,37.951404009439536,74621.1,240020212.0
2023-11-27,601336.SH,601336.SH,37.78557042999384,38.05800557729474,36.4826197255113,37.098560058539405,171932.57,535414671.0
2023-11-28,601336.SH,601336.SH,37.063019638003325,38.11722505436072,36.980104605256116,37.063019638003325,119116.43,376689615.0
2023-11-29,601336.SH,601336.SH,37.08670965929617,37.31176474825389,36.54183944392484,36.80242954692852,90892.58,282153462.0
2023-11-30,601336.SH,601336.SH,37.347286030444664,37.76186104188316,36.83795101639166,37.01562602129387,113502.04,356659215.0
2023-12-01,601336.SH,601336.SH,36.84979601671847,37.430201032732356,36.50629100724086,37.299906029137404,91698.62,285928839.0
2023-12-04,601336.SH,601336.SH,37.16960393420835,37.54864387235197,36.7194940076628,36.75502900186377,81119.1,253404244.0
2023-12-05,601336.SH,601336.SH,36.54180034871481,36.70763023684512,35.80741084413772,35.80741084413772,82567.54,252382944.0
2023-12-06,601336.SH,601336.SH,35.78370789500285,36.18643747740275,35.653413030108766,35.96138271076751,79846.4,242086637.0
2023-12-07,601336.SH,601336.SH,35.831081119459824,36.26934558273917,35.45204158365066,36.09167080032862,85361.78,258748863.0
2023-12-08,601336.SH,601336.SH,35.87845894394058,36.281188426969294,35.72447414160607,35.72447414160607,63964.84,194091060.0
2023-12-11,601336.SH,601336.SH,35.71264482699512,36.36411927657546,35.03748039743003,36.28120434662887,102106.7,307156714.0
2023-12-12,601336.SH,601336.SH,36.15092158475985,36.7431712830685,35.973246675267255,36.71948129513615,94204.19,289817728.0
2023-12-13,601336.SH,601336.SH,36.56548309897326,36.60101806797129,35.84293872934664,35.89031868801068,74561.38,227378942.0
2023-12-14,601336.SH,601336.SH,36.245658376692866,36.52993805023555,35.5941841248242,35.62971908401703,56178.0,170367497.0
2023-12-15,601336.SH,601336.SH,35.77186652171458,36.48256585658308,35.62972665474087,35.67710661039878,76016.2,230529824.0
2023-12-18,601336.SH,601336.SH,35.463902518412574,35.73633730729818,34.80058303243024,35.32176262855921,63776.18,190365469.0
2023-12-19,601336.SH,601336.SH,35.203311446660386,35.45205624490395,34.990101619594476,35.35729632176354,57786.39,171944326.0
2023-12-20,601336.SH,601336.SH,35.440197136844816,35.440197136844816,34.480753297244405,34.492598282918486,80777.45,237876402.0
2023-12-21,601336.SH,601336.SH,34.362303067000326,35.025622257538764,34.326768110364334,34.87163744544948,90631.27,265678777.0
2023-12-22,601336.SH,601336.SH,34.871649582960266,35.33360418001714,34.69397473793839,34.84795960362402,90432.64,267004493.00000003
2023-12-25,601336.SH,601336.SH,34.70581311697419,35.0966977015681,34.504448330971265,34.824262991093555,68492.85,200868824.0
2023-12-26,601336.SH,601336.SH,34.81240549481278,34.990080242149354,34.480745966451174,34.942700309526266,58664.88,172342466.0
2023-12-27,601336.SH,601336.SH,34.942690781864286,35.155900420533285,34.40966668519178,34.75317110304739,75993.75,222485775.0
2023-12-28,601336.SH,601336.SH,34.64655429666938,36.86156477649064,34.5991743933577,36.8378748248348,194482.84,591652698.0
2023-12-29,601336.SH,601336.SH,36.577298868948894,36.991873176077526,36.48253902731949,36.87342337404077,131834.47,409204476.0
2024-01-02,601336.SH,601336.SH,36.81421188896587,37.122181486492615,36.48255232239861,36.95635170320898,128784.89,400883408.0
2024-01-03,601336.SH,601336.SH,36.743127060771435,38.02238486946367,36.70759212164109,37.3353760462771,156490.95,494205614.0
2024-01-04,601336.SH,601336.SH,37.24060696762907,37.726251015234915,36.19824901179212,36.66020310585622,121957.97,378604654.0
2024-01-05,601336.SH,601336.SH,36.375913179361696,37.3708909413501,36.34037825929068,36.57727772643077,121010.6,376442709.0
2024-01-08,601336.SH,601336.SH,36.518061380928216,36.69573602274266,35.46385850616253,35.73629295694467,127169.48,385545487.0
2024-01-09,601336.SH,601336.SH,35.89026178746318,35.98502155455879,35.179563534246086,35.357238097550365,78835.05,235869442.0
2024-01-10,601336.SH,601336.SH,35.29803042196427,35.33356535191926,34.61102177616765,34.682091636077644,84075.62,247724535.0
2024-01-11,601336.SH,601336.SH,34.58733598659236,34.95453030699797,34.125381841565954,34.63471589890276,111202.31,324375467.0
2024-01-12,601336.SH,601336.SH,34.362275153245164,34.468879936554096,33.52128186269694,33.86478616447015,117536.93,337013168.0
2024-01-15,601336.SH,601336.SH,33.50945061013357,34.23199443735808,33.094876283037536,33.781885167939535,84612.18,239973978.0
2024-01-16,601336.SH,601336.SH,33.6160393857786,34.81238187272844,33.59234943554197,34.72946704690023,121382.55,351927265.0
2024-01-17,601336.SH,601336.SH,34.46889157819763,34.71763615659699,34.00693736117024,34.101697200560466,88853.45,257649713.0
2024-01-18,601336.SH,601336.SH,33.817408149807264,34.55179669806928,33.071174624960385,34.45703688539031,158915.58,452796811.0
2024-01-19,601336.SH,601336.SH,34.22012973339176,34.433339264440924,33.69895087971601,34.149059889708695,105300.78,303019530.0
2024-01-22,601336.SH,601336.SH,34.113522625203856,34.56363160428641,33.18961472077125,33.46204910284754,143335.9,411885841.0
2024-01-23,601336.SH,601336.SH,33.22514669468052,33.75817043844545,32.39599864882396,33.402821275935494,122413.1,342093042.0
2024-01-24,601336.SH,601336.SH,33.41467644578099,35.23880270336705,33.18962190750739,34.93083333520317,211094.54,609412174.0
2024-01-25,601336.SH,601336.SH,34.70578030877643,37.24060521870072,34.52810566555744,36.98001574197953,296179.46,902948004.0
2024-01-26,601336.SH,601336.SH,36.837890236467125,37.53674410268949,36.494385793747654,37.15770471761974,184552.02,576243395.0
2024-01-29,601336.SH,601336.SH,37.15769573417722,38.081604011915765,36.75496648490657,37.03924595497997,220883.17,696698398.0
2024-01-30,601336.SH,601336.SH,36.49438849521271,36.873427908340524,35.6889297423161,35.783689595598055,200035.09,611567114.0
2024-01-31,601336.SH,601336.SH,35.77185758999909,37.074806045263955,35.32174812363486,36.24565702827722,211417.68,645394232.0
2024-02-01,601336.SH,601336.SH,35.925825680832695,35.9850505830431,34.954537284582024,35.108522030329084,187873.45,562997105.0
2024-02-02,601336.SH,601336.SH,35.12036003480785,35.47570937748719,33.62789279555464,34.58733602078885,164083.34,481819132.0
2024-02-05,601336.SH,601336.SH,34.10170273759486,35.03745630351011,33.21332909906773,34.35044735638246,168940.18,487725226.0
2024-02-06,601336.SH,601336.SH,34.35045078571165,35.7836937322879,33.2133324148743,35.594174003815006,244872.15,712587904.0
2024-02-07,601336.SH,601336.SH,35.57048690728786,35.97321636278163,35.12037751585365,35.97321636278163,218401.57,656516638.0
2024-02-08,601336.SH,601336.SH,36.364101167142465,36.77867561041607,35.66524710562409,36.23380634211362,227200.02,694207576.0
2024-02-19,601336.SH,601336.SH,36.42331704892645,37.01556610663257,36.09165757661102,36.94449621970784,186930.48,576599894.0
2024-02-20,601336.SH,601336.SH,36.60097772701729,36.95632702533785,36.293008335139476,36.77865237617757,138287.66,427559469.0
2024-02-21,601336.SH,601336.SH,36.482530282525865,40.46244267698322,36.340390554152386,39.08842530270628,386464.78,1265761629.0
2024-02-22,601336.SH,601336.SH,38.614607939824666,40.05969449462792,38.496158222217844,40.05969449462792,263674.47,877799713.0
2024-02-23,601336.SH,601336.SH,40.03601046214428,40.74670887271489,39.73988612440653,39.95309564757771,199232.38,673959720.0
2024-02-26,601336.SH,601336.SH,39.621422923835496,39.79909746609485,38.67382536511895,38.75674015150665,161983.56,535084208.0
2024-02-27,601336.SH,601336.SH,38.61458250068021,38.993621347312654,38.37768322153493,38.993621347312654,155119.64,505512902.0
2024-02-28,601336.SH,601336.SH,39.06470586056458,39.609574408043656,38.15264329195832,38.20002316565215,212469.96,697809096.0
2024-02-29,601336.SH,601336.SH,37.90388913240895,38.85148636071917,37.83281934028568,38.85148636071917,142172.62,461015626.0
2024-03-01,601336.SH,601336.SH,38.60275233577283,39.31345044566738,38.18817843833433,39.26607057167441,192745.04,630802514.0
2024-03-04,601336.SH,601336.SH,38.531691887167575,38.531691887167575,37.08660537925658,37.53671429155673,313289.23,993774895.0
2024-03-05,601336.SH,601336.SH,37.27611555259947,37.82098409896731,37.01552624781486,37.79729416216871,240804.14,761105745.0
2024-03-06,601336.SH,601336.SH,37.52485317963485,37.79728740410821,37.22872902259859,37.43009344938325,139827.03,442050518.0
2024-03-07,601336.SH,601336.SH,37.4893158898901,37.93942457987931,37.0392071999009,37.14581188963518,168696.52,534491395.99999994
2024-03-08,601336.SH,601336.SH,37.07474134177686,37.26426078633546,36.55356286924069,37.24057085576564,141374.32,440522127.0
2024-03-11,601336.SH,601336.SH,37.19320662553553,37.951284722361734,37.12213680395807,37.880214900784274,161227.69,513043936.0
2024-03-12,601336.SH,601336.SH,37.880228215117235,38.60277165511791,37.619638777739944,38.28295734560941,205251.11,659731866.0
2024-03-13,601336.SH,601336.SH,38.15265474261205,38.23556954646125,36.612808385412556,36.6838782172833,308223.23,961669775.0
2024-03-14,601336.SH,601336.SH,36.423286320585696,36.93262008051584,36.245611753168205,36.56542597451969,123032.69,379696156.0
2024-03-15,601336.SH,601336.SH,36.48250227764083,36.62464189690437,36.22191297565768,36.518037182456716,100582.07,309102201.0
2024-03-18,601336.SH,601336.SH,36.6009631799824,37.15767685941903,36.41144362953589,37.133986915613214,137344.09,427725319.0
2024-03-19,601336.SH,601336.SH,36.968169877907734,37.41827896325233,36.71942538337519,36.754960311165554,118779.86,370975562.0
2024-03-20,601336.SH,601336.SH,36.71942739475772,37.25245134081066,36.660202511862956,37.19322645791589,101282.25,316314493.0
2024-03-21,601336.SH,601336.SH,37.252444483805974,38.02236781971929,36.920785200643316,37.32351433019797,156217.21,494745915.0
2024-03-22,601336.SH,601336.SH,36.83785978595528,36.92077458290117,35.9257970195506,36.24561123634186,151705.86,465587612.0
2024-03-25,601336.SH,601336.SH,35.79548484281548,36.42326799856308,35.71257008639599,35.8665546340322,80729.09,245792177.0
2024-03-26,601336.SH,601336.SH,35.771811246562855,36.31667989468931,35.75996627595141,36.31667989468931,83924.68,255256031.0
2024-03-27,601336.SH,601336.SH,36.127152596909426,36.24560227755504,35.61781897013333,35.807338459166296,81644.26,247955682.0
2024-03-28,601336.SH,601336.SH,35.44012954926333,36.067912592749614,34.764966653438464,35.72440866329486,107418.71,321544699.0
2024-03-29,601336.SH,601336.SH,35.42829209478897,36.304819548822536,35.19139278288801,35.32168740443354,138814.06,418125813.0
2024-04-01,601336.SH,601336.SH,35.32170383312536,36.24561157926345,35.179564179873346,36.16269678153311,114405.74,346394377.0
2024-04-02,601336.SH,601336.SH,35.99686335861688,36.648336700085764,35.96132844908221,36.31667754442888,115663.61,354765752.0
2024-04-03,601336.SH,601336.SH,36.198235484138166,36.470669848056744,35.97318100959673,36.15085559476102,62791.68,191998812.0
2024-04-08,601336.SH,601336.SH,35.831041628113624,36.032406159577405,35.45200251006416,35.53491731713748,63324.13,191023456.0
2024-04-09,601336.SH,601336.SH,35.475704355543535,35.77182876585692,35.144045015992546,35.30987468576804,69480.14,207206457.0
2024-04-10,601336.SH,601336.SH,35.250639530867005,35.3098643956702,34.243816829212534,34.38595650474023,79007.15,231434885.0
2024-04-11,601336.SH,601336.SH,34.19643890322367,34.69392779616977,34.05429921952478,34.409648428771995,59874.23,173926423.0
2024-04-12,601336.SH,601336.SH,34.3385946985049,34.51626938649303,32.78690242340861,33.07118192418962,142425.26,402125511.0
2024-04-15,601336.SH,601336.SH,33.07119435423605,34.57550727794234,33.01196943597989,34.539972326988654,150108.99,431996718.0
2024-04-16,601336.SH,601336.SH,34.4215248535651,34.622889589460016,33.69898080123631,33.81743064588038,99527.44,286550097.0
2024-04-17,601336.SH,601336.SH,33.91220375222438,34.6110581082779,33.49762913422653,34.6110581082779,103410.36,298562381.0
2024-04-18,601336.SH,601336.SH,34.52813056927935,36.790522658038306,34.45706066073195,36.11535852683799,258094.42,781525021.0
2024-04-19,601336.SH,601336.SH,35.724464022203335,36.21010826123196,35.32173465325277,35.47571941196916,130871.77,394250256.0
2024-04-22,601336.SH,601336.SH,35.534959959756804,36.423333958750725,35.45204505318404,35.523114973103546,115707.89,350997024.0
2024-04-23,601336.SH,601336.SH,35.46389009986418,35.74816978002341,34.82426081950591,34.99009063293213,87763.41,260988671.0
2024-04-24,601336.SH,601336.SH,35.16775177407099,36.079815393674714,35.15590679199821,35.92583062672863,130534.6,394087305.0
2024-04-25,601336.SH,601336.SH,35.759992334846785,36.24563648381291,35.487557812256036,35.996891919708304,83197.94,251990577.0
2024-04-26,601336.SH,601336.SH,36.03241104314119,37.05107881096174,35.72444171798613,36.73126451176227,180443.76,554567765.0
2024-04-29,601336.SH,601336.SH,36.62465709291238,38.2118834999144,36.589122173352635,37.45380521597314,208390.49,659587946.0
2024-04-30,601336.SH,601336.SH,37.548567504703456,37.89207175001462,37.11030346758231,37.31166802517852,141956.49,449197390.0
2024-05-06,601336.SH,601336.SH,38.792305890889374,39.337174920196524,38.15267703039837,38.484336439541856,244724.54,797535327.0
2024-05-07,601336.SH,601336.SH,38.36587596773883,38.69753528453312,38.05790660214414,38.413255870138016,115834.91,375169152.0
2024-05-08,601336.SH,601336.SH,38.36588500999686,38.36588500999686,37.38275180350419,37.44197669546158,120136.14,383094209.0
2024-05-09,601336.SH,601336.SH,37.54856742467668,37.963141512961755,37.441962659117664,37.821001825549736,79562.11,253299274.0
2024-05-10,601336.SH,601336.SH,38.022351442026185,38.91072413926978,37.99866150343301,38.61459990685525,159685.27,520245806.0
2024-05-13,601336.SH,601336.SH,38.31847567444072,39.0291738322356,37.939436656950114,38.61459990685525,122233.12,397940389.0
2024-05-14,601336.SH,601336.SH,38.68566023794709,38.95809446497489,38.354001178956736,38.650125338769556,77957.93,254286675.0
2024-05-15,601336.SH,601336.SH,38.66195671080344,38.66195671080344,37.93941401492139,37.998638826059256,87386.49,281770436.0
2024-05-16,601336.SH,601336.SH,38.11709119551255,39.810920916133526,38.057866380106226,39.44372706061429,216626.62,716260763.0
2024-05-17,601336.SH,601336.SH,39.65693501670536,40.98357083566326,38.99361710722643,40.865121208970585,238408.64,804844822.0
2024-05-20,601336.SH,601336.SH,41.658742089850435,42.08516083174256,40.72298985069826,41.208633417853186,294574.76,1029278881.0
2024-05-21,601336.SH,601336.SH,40.794061664342834,41.42184484326565,40.687456973582364,41.315240152505176,130024.83,451330146.0
2024-05-22,601336.SH,601336.SH,41.1257278159025,42.23915477866023,40.924363365191,41.635061426525716,187988.35,661620098.0
2024-05-23,601336.SH,601336.SH,41.29156643861482,41.575845725627666,40.86514750809557,40.95990727043318,126614.38,439725885.0
2024-05-24,601336.SH,601336.SH,40.68746821342443,41.208646845561454,40.1544446123752,40.261049332585046,106749.15,366428281.0
2024-05-27,601336.SH,601336.SH,40.509812393825584,40.92438649727116,40.13077321353248,40.64010711205133,91399.98,312690745.0
2024-05-28,601336.SH,601336.SH,40.438742009153096,40.54534677719128,39.029190076203705,39.147639818468356,218101.71,728045436.0
2024-05-29,601336.SH,601336.SH,38.981827482084235,39.56223147680382,38.73308291291871,38.82784274879129,102750.47,339136092.0
2024-05-30,601336.SH,601336.SH,38.49616876675643,39.01734766698329,38.08159464157598,38.34218409168941,100221.42,325413447.0
2024-05-31,601336.SH,601336.SH,38.531715020447926,39.47931329946294,38.51987004196024,38.555404977423294,88764.97,291775698.0
2024-06-03,601336.SH,601336.SH,38.56725375330174,39.00551800049835,38.14083448575909,38.496183875377966,101670.71,330703746.0
2024-06-04,601336.SH,601336.SH,38.25929306542182,38.88707713120119,38.25929306542182,38.697557413230065,100393.9,327418159.0
2024-06-05,601336.SH,601336.SH,38.7331066887353,39.02923135760942,38.448827006616135,38.51989692714593,60380.54,197210463.0
2024-06-06,601336.SH,601336.SH,38.50805942471453,38.68573426057141,37.54861531108738,37.785515092229886,126857.75,405998990.0
2024-06-07,601336.SH,601336.SH,37.85658193720914,38.24746654419535,37.28802250886558,37.73813205630423,84668.94,269517333.0
2024-06-11,601336.SH,601336.SH,37.38278284451495,37.71444251487186,36.87344835075255,36.99189823302287,83776.09,262181130.0
2024-06-12,601336.SH,601336.SH,36.83792371301789,37.11035851861255,36.577333898970814,36.8023887383751,77844.18,241762426.0
2024-06-13,601336.SH,601336.SH,36.81423372992269,37.07482354396977,36.54179892432803,36.8023887383751,66809.22,207413595.0
2024-06-14,601336.SH,601336.SH,36.612865764755725,37.80920980947922,36.6010207742139,37.52493003647562,109961.89,346178261.0
2024-06-17,601336.SH,601336.SH,37.19328019414391,37.31173013106793,36.766860421217416,37.05114026983508,88234.53,276048773.0
2024-06-18,601336.SH,601336.SH,37.063001647038284,37.48942160846154,36.8734816641835,37.29990162560676,98672.31,309858991.0
2024-06-19,601336.SH,601336.SH,37.32357617056448,37.50125108092895,36.743171463373855,36.99191633788412,93506.0,292774164.0
2024-06-20,601336.SH,601336.SH,37.051128810691395,37.22880366112629,36.64839914970562,36.83791899016951,81443.85,253480243.0
2024-06-21,601336.SH,601336.SH,36.66024413973461,37.051128810691395,36.62470916964763,36.83791899016951,64399.68,200141749.0
2024-06-24,601336.SH,601336.SH,36.60102471155384,36.75500960516232,35.92586017803974,36.11538004709633,99939.78,305962846.0
2024-06-25,601336.SH,601336.SH,36.067993248142585,36.47072289360625,35.77186850883107,36.02061328985275,82977.94,252857594.0
2024-06-26,601336.SH,601336.SH,35.89033570123672,36.15092559741732,35.74819575786549,36.05616563516983,68465.93,207895931.0
2024-06-27,601336.SH,601336.SH,35.973237343001834,36.00877231568178,35.46390273458923,35.55866266173576,70205.29,211321228.0
2024-06-28,601336.SH,601336.SH,35.54681371725034,35.99692332113421,35.44020881106731,35.57050369640211,88187.04,266134314.0
2024-07-01,601336.SH,601336.SH,35.39282794554977,36.672086786955184,34.89533839611433,36.50625693714337,149191.35,449537213.0
2024-07-02,601336.SH,601336.SH,36.26936042255137,37.726294234430476,36.24567044187041,37.0392847946826,165962.39,521322711.0
2024-07-03,601336.SH,601336.SH,36.95635737481248,37.51307173270229,36.71945764805086,37.1932571015741,75186.05,236081059.0
2024-07-04,601336.SH,601336.SH,37.2998720954667,37.41832199097469,36.60101771196954,36.68393263882514,71716.48,223654109.0
2024-07-05,601336.SH,601336.SH,36.8260803309855,36.897150283377236,35.298076354563136,35.487596227607774,131825.84,399077690.0
2024-07-08,601336.SH,601336.SH,35.45205355786345,35.83109322169627,35.13223884150451,35.36913863140002,78979.84,236453522.0
2024-07-09,601336.SH,601336.SH,35.36914297558979,36.10353241446674,34.97825827425206,36.067997441617855,91509.68,275019243.0
2024-07-10,601336.SH,601336.SH,35.902153256525054,36.81421719606726,35.902153256525054,36.399642678093535,89424.3,275000736.0
2024-07-11,601336.SH,601336.SH,36.75499851626506,36.932673339901534,36.30488896305266,36.42333884547698,93453.82,288460913.0
2024-07-12,601336.SH,601336.SH,36.50625758551048,37.11035204912535,36.50625758551048,36.766847354128664,99283.34,308394127.0
2024-07-15,601336.SH,601336.SH,36.76685378744001,36.95637365232373,36.553643939445834,36.82607874521617,67908.0,210750413.0
2024-07-16,601336.SH,601336.SH,36.60101886473497,36.73131375389746,35.42836486227259,35.949544418922535,113674.43,343899984.0
2024-07-17,601336.SH,601336.SH,35.854785371486514,36.778694608016394,35.77187044000306,36.52994981356604,106610.51,327851987.0
2024-07-18,601336.SH,601336.SH,36.42333146959966,36.89713090335054,36.044291922598944,36.873440931663005,98720.56,304814327.0
2024-07-19,601336.SH,601336.SH,36.7076061067034,37.157715507172824,36.3048766431255,37.134025538727066,123702.43,383932290.0
2024-07-22,601336.SH,601336.SH,36.94452372884709,37.13404356843078,36.36411922012201,36.83791881908125,125180.37,388486825.0
2024-07-23,601336.SH,601336.SH,36.7313275622981,37.2169723317448,36.29306277035839,36.32859775348864,111944.13,348181396.0
2024-07-24,601336.SH,601336.SH,36.32858008236503,36.529944888820914,36.07983532144893,36.21013019621451,82607.15,253213425.0
2024-07-25,601336.SH,601336.SH,36.210139075920566,36.340433982637975,35.67711445753116,35.98508423704504,72113.11,219299649.0
2024-07-26,601336.SH,601336.SH,35.89030915249552,36.766838154899695,35.81923923338166,36.30488368065966,96112.18,294017856.0
2024-07-29,601336.SH,601336.SH,36.1746050055331,36.90899449811433,35.89032520195328,36.553644743639545,72177.58,222193417.0
2024-07-30,601336.SH,601336.SH,36.399650670060936,36.47072060303209,36.00876603871957,36.35227071474683,57516.23,175851667.0
2024-07-31,601336.SH,601336.SH,36.26934198631405,37.89210483808578,36.26934198631405,37.868414869446774,165331.31,521312777.0
2024-08-01,601336.SH,601336.SH,37.856560762061704,38.17637526161604,37.47752135518249,37.79733585473682,117302.84,374600436.0
2024-08-02,601336.SH,601336.SH,37.524893238277244,37.79732775358039,36.93264429196605,37.02740412337584,84764.13,266971419.99999997
2024-08-05,601336.SH,601336.SH,36.89711983637971,37.72626859674779,36.778670013469984,36.9444997655436,103963.18,326495904.0
2024-08-06,601336.SH,601336.SH,37.2287888999326,37.31170379725985,35.48757605606048,35.842925616034385,176478.41,538956353.0
2024-08-07,601336.SH,601336.SH,35.807393480645864,35.866618411973434,35.14407424977714,35.48757885147702,79529.81,238878316.0
2024-08-08,601336.SH,601336.SH,35.45203619913579,35.8073857099858,35.226981508930784,35.36912131327079,82738.44,247692922.0
2024-08-09,601336.SH,601336.SH,35.64954284082791,35.83242353255583,35.16186099622015,35.33254964183287,80695.46,235339366.0
2024-08-12,601336.SH,601336.SH,35.235017333315476,35.29597757091637,34.759527480028524,35.12528890563387,72696.94,208540347.0
2024-08-13,601336.SH,601336.SH,35.22281586251464,35.661729455817,35.015551110121855,35.637345367300206,62285.48,180653344.0
2024-08-14,601336.SH,601336.SH,35.64952091810042,35.86897761321869,35.186223450628525,35.259375682334614,51464.37,149791936.0
2024-08-15,601336.SH,601336.SH,35.23498584657151,36.125004520204634,35.027721223944624,35.808011567951745,96297.71,282442062.0
2024-08-16,601336.SH,601336.SH,35.63732892018211,36.3322751221836,35.63732892018211,35.929937847340625,83186.05,246024932.0
2024-08-19,601336.SH,601336.SH,35.9055564873186,36.966263928539895,35.9055564873186,36.89311169121429,109632.6,329267523.0
2024-08-20,601336.SH,601336.SH,36.83216350925802,37.02723620576518,36.45421015977539,36.62489876921916,70243.3,211065590.0
2024-08-21,601336.SH,601336.SH,36.454202960161346,36.612699494770744,35.86898498621896,36.05186560307595,68415.8,202615051.0
2024-08-22,601336.SH,601336.SH,36.16160309048894,36.36886784185047,35.82022585295229,35.83241789715003,56056.0,165661716.0
2024-08-23,601336.SH,601336.SH,35.74706765151378,37.11257637490039,35.74706765151378,37.00284799534254,105570.1,317601090.0
2024-08-26,601336.SH,601336.SH,36.966259385131444,37.307636450693344,36.62488231956954,37.18571607013552,85055.49,257924649.0
2024-08-27,601336.SH,601336.SH,37.00282092647221,37.36858192409796,36.89309262718449,37.14912532552251,63197.0,192390597.0
2024-08-28,601336.SH,601336.SH,37.05157569742317,37.12472787056714,36.63704671627398,36.91746337999255,55379.25,167605721.0
2024-08-29,601336.SH,601336.SH,36.96622275995661,37.89281673415077,36.73457426640807,36.73457426640807,124434.9,379944625.0
2024-08-30,601336.SH,601336.SH,37.917187810504444,40.40436025852467,37.81965163607227,40.29463206228848,472919.12,1541438725.0
2024-09-02,601336.SH,601336.SH,40.08735608610958,41.03833351150998,39.965435903365936,40.42873259779177,328759.81,1092671814.0
2024-09-03,601336.SH,601336.SH,40.392140754984204,40.538444917091,39.74596403901253,40.05076437673502,163158.28,536565241.00000006
2024-09-04,601336.SH,601336.SH,40.172667983915744,40.69692434910797,39.39237944037383,39.70937166118773,156878.76,513802016.0
2024-09-05,601336.SH,601336.SH,39.611849487305754,40.45309836838427,39.55088942345948,40.35556226623024,132378.93,435223875.0
2024-09-06,601336.SH,601336.SH,40.2458374262844,41.28215859600091,39.96542110977288,40.45310166022771,161150.55,538902402.0
2024-09-09,601336.SH,601336.SH,39.90447395985213,40.599418969235444,39.69720965880799,39.84351387130974,141266.54,463945640.0
2024-09-10,601336.SH,601336.SH,39.7337827668721,40.014199153382705,39.16075797704608,39.477750413971116,95592.1,309041702.0
2024-09-11,601336.SH,601336.SH,39.160763254114684,39.69721206581489,38.77061866378727,38.90473086671232,105191.27,337038166.0
2024-09-12,601336.SH,601336.SH,39.19735788372134,39.307086101747316,38.5024125028902,38.95351739921919,130966.43,418372057.0
2024-09-13,601336.SH,601336.SH,38.91694472858682,40.00203497947787,38.831600551550444,39.051057006786834,122406.0,395561892.0
2024-09-18,601336.SH,601336.SH,38.941330671733986,39.941076794176745,38.89256256820019,39.63627614709054,130373.45,422152298.0
2024-09-19,601336.SH,601336.SH,39.514365845294414,40.19711946681138,39.05106874497933,39.9167028008312,138521.38,450907546.0
2024-09-20,601336.SH,601336.SH,39.79477520524866,40.16053600676749,39.599702777771945,39.97765560600807,101813.97,333402359.0
2024-09-23,601336.SH,601336.SH,39.81917119005587,40.92864595377145,39.75821103820336,40.52630895154493,121911.35,404090481.0
2024-09-24,601336.SH,601336.SH,40.97740539821789,44.122948567732976,40.47753225887635,43.988836262055976,369548.37,1294449054.0
2024-09-25,601336.SH,601336.SH,45.963927882676586,47.000249864116235,44.988566017792195,45.147062320835914,433248.1,1629735928.0
2024-09-26,601336.SH,601336.SH,45.35434474737412,48.609616265532416,45.17146432500567,48.60961626553242,389689.89,1498762186.0
2024-09-27,601336.SH,601336.SH,50.59692021241091,51.84050716702921,49.414293402626846,51.450362240090136,363433.79,1506833764.0
2024-09-30,601336.SH,601336.SH,54.98605064047548,56.595398464099155,54.02288035209465,56.595398464099155,494558.0,2261006990.0
2024-10-08,601336.SH,601336.SH,62.25250470837512,62.25250470837512,59.19230520155918,62.25250470837512,670596.13,3397669768.0
2024-10-09,601336.SH,601336.SH,61.00889811004129,64.8615783264228,58.76556532581915,59.74092740591573,838915.41,4264107610.9999995
2024-10-10,601336.SH,601336.SH,61.935475324159526,65.71500236165745,59.1313101027901,63.06933343540891,734111.51,3763963747.0
2024-10-11,601336.SH,601336.SH,60.85035557042306,62.752310182522045,59.72869002995444,60.58213120205013,379767.6,1898621738.0
2024-10-14,601336.SH,601336.SH,60.89912910847314,61.66722623236379,59.00936634334534,61.06981735822662,366020.8,1820967129.0
2024-10-15,601336.SH,601336.SH,60.594359501344776,61.93548214624375,58.47294731759548,58.64363565421899,329523.45,1628330411.0
2024-10-16,601336.SH,601336.SH,57.42445768310805,59.14353380483166,57.24157724462682,57.59514609235721,282049.06,1342321945.0
2024-10-17,601336.SH,601336.SH,58.521733880315786,59.96039317154022,57.48541150951853,57.66829192789451,256892.31,1234206167.0
2024-10-18,601336.SH,601336.SH,57.30253780131172,61.93550894269437,55.57126963795294,60.38712121912702,532991.96,2556275241.0
2024-10-21,601336.SH,601336.SH,59.81407616542448,60.67970996235582,59.009402495037605,60.22860502592681,294705.71,1449290038.0
2024-10-22,601336.SH,601336.SH,60.28955499742121,62.21589467175742,59.70433788116717,60.801619974143485,253000.83,1259610362.0
2024-10-23,601336.SH,601336.SH,60.25297635521907,62.142739879107964,60.17982421881046,60.82600142375312,336603.14,1687290250.0
2024-10-24,601336.SH,601336.SH,60.22861838432302,60.423690832531356,59.253256143281355,59.984777824062604,173131.95,850036649.0
2024-10-25,601336.SH,601336.SH,59.9969438198251,60.49681675146761,59.25323043372282,59.57022302452051,151181.78,741129629.0
2024-10-28,601336.SH,601336.SH,59.52145459105903,59.71652695350412,58.716781095973026,59.314190205961125,143240.71,695490699.0
2024-10-29,601336.SH,601336.SH,59.253233131947646,60.77723604171996,59.21665706211311,59.42392145784215,170255.22,837518434.0
2024-10-30,601336.SH,601336.SH,59.43608426697035,60.00910907939037,57.241521155574524,58.24126657298818,204635.5,978278593.0
2024-10-31,601336.SH,601336.SH,58.838671106041794,60.16760089273027,58.082766089760284,58.533870696250865,238190.36,1151369771.0
2024-11-01,601336.SH,601336.SH,59.3019825419993,59.679935144549056,57.558523762495625,58.229084831535495,235214.34,1134390489.0
2024-11-04,601336.SH,601336.SH,58.05842338888646,58.899673118796834,57.31470985954541,58.88748109372566,196528.26,936025739.0
2024-11-05,601336.SH,601336.SH,58.87529404180235,64.05690513473381,58.04623626693332,63.508263960188124,530871.13,2678483533.0
2024-11-06,601336.SH,601336.SH,63.58142783013786,64.61775023964155,61.05767796228771,62.60606556236969,491724.25,2532963171.0
2024-11-07,601336.SH,601336.SH,61.399034050536706,68.87274490696622,61.25272975970938,68.87274490696622,618156.88,3292829904.0
2024-11-08,601336.SH,601336.SH,70.7259165282468,70.75030057118018,66.81227763744052,67.9095595694423,572427.95,3227664845.0
2024-11-11,601336.SH,601336.SH,66.55627610371282,67.2512216501337,65.47118568912582,67.19026151448276,382478.02,2079315509.0
2024-11-12,601336.SH,601336.SH,67.6535265789627,68.47039201071445,63.67892761252877,64.0690722963505,388482.72,2091596852.0
2024-11-13,601336.SH,601336.SH,64.00808264541953,64.59329940103478,62.81326510270503,63.92273853522564,226368.81,1183043121.0
2024-11-14,601336.SH,601336.SH,64.13002239845842,66.42212205832728,63.64234161976293,63.80083787283896,280719.42,1493425945.0
2024-11-15,601336.SH,601336.SH,63.27655572259641,63.947116525051676,61.20391324228016,61.41117749031177,232807.61,1197356157.0
2024-11-18,601336.SH,601336.SH,61.533117019262896,63.08150335994972,59.667738199380345,60.301723157771804,260259.38,1305912678.0
2024-11-19,601336.SH,601336.SH,60.47238646985531,60.63088264407065,58.716736540085314,59.99689794720927,236562.49,1157553737.0
2024-11-20,601336.SH,601336.SH,60.045643182742225,62.288972796067014,59.57015484078751,61.11853995433234,210326.84,1048031689.0
2024-11-21,601336.SH,601336.SH,60.89907013348529,61.203870284303534,60.22850980168515,60.972222169681665,130483.51,649091738.0
2024-11-22,601336.SH,601336.SH,60.96003031925845,61.25263846479089,57.30242850010294,57.3146205061668,260754.84,1257904434.0
2024-11-25,601336.SH,601336.SH,57.351222655005,57.55848685252522,55.607764993511445,56.46120580682997,219816.03,1018204203.0
2024-11-26,601336.SH,601336.SH,56.473398874255814,57.02203940736063,55.851606270070356,56.08325449515905,104106.3,481429250.0
2024-11-27,601336.SH,601336.SH,55.69311011606229,57.24149562060256,55.57118999759455,57.204919585062235,146161.64,678035950.0
2024-11-28,601336.SH,601336.SH,57.302441991258405,58.143690607725816,56.66845752667427,56.75380158921444,129724.81,609928457.0
2024-11-29,601336.SH,601336.SH,56.9758086440692,60.2322740006473,56.766112011259246,58.41901488164359,232232.13,1101172315.0
2024-12-02,601336.SH,601336.SH,58.25867951478362,59.70188626964911,57.60491918993004,59.46751936073933,184108.02,882970156.0
2024-12-03,601336.SH,601336.SH,59.30717200483221,60.627027954191,58.82610301394443,60.15829406563368,170657.99,826420812.0
2024-12-04,601336.SH,601336.SH,59.55389337849806,60.38034550284756,59.307191251826566,59.78826039883597,117017.27,566964763.0
2024-12-05,601336.SH,601336.SH,59.5168712087784,59.948599808220315,59.085142609336486,59.20849363774846,103739.44,499553200.0
2024-12-06,601336.SH,601336.SH,59.578546722984385,65.12934300152331,59.40585528320762,63.16806164977289,481954.88,2461201413.0
2024-12-09,601336.SH,601336.SH,62.489647604070115,65.35139222391699,62.35396143674979,64.54961032611507,419667.5,2179043947.0
2024-12-10,601336.SH,601336.SH,67.84305346093991,68.38579788862742,65.51171944200942,65.6474055489313,455080.44,2471628584.0
2024-12-11,601336.SH,601336.SH,65.12936418962616,65.98048656255878,63.291433268365886,63.747832221967435,246978.0,1285584073.0
2024-12-12,601336.SH,601336.SH,63.402425845190535,65.8817814083974,62.847346241487514,64.74695199638232,268922.14,1403837076.0
2024-12-13,601336.SH,601336.SH,63.747792402137904,63.957489087671256,61.35478316722793,61.527474555314214,263635.79,1334618533.0
2024-12-16,601336.SH,601336.SH,61.05873097485965,61.92218777652434,60.664007865527225,61.09573626635957,150243.39,746218472.0
2024-12-17,601336.SH,601336.SH,60.92306724159708,62.13190720711166,60.688700309507524,60.89839703821923,164962.74,819909672.0
2024-12-18,601336.SH,601336.SH,61.354767712199695,62.39091577971573,60.923039350734676,61.24375184782298,169396.37,847352835.0
2024-12-19,601336.SH,601336.SH,60.19525584439276,61.293079157948284,59.84987322889215,61.009372009501355,141898.56,697106354.0
2024-12-20,601336.SH,601336.SH,60.93534296220084,61.83580450799855,60.244577940766995,61.23138511424393,149909.14,742700718.0
2024-12-23,601336.SH,601336.SH,60.68865858489057,62.62526821859541,60.68865858489057,61.55211510947234,200803.47,1006632359.0
2024-12-24,601336.SH,601336.SH,61.5768036158564,63.37772776007015,61.342436775171045,63.02000995060304,255878.57,1301089700.0
2024-12-25,601336.SH,601336.SH,63.15567127104876,63.809431149440464,62.05784807903248,63.27902219150002,194544.6,991855774.0
2024-12-26,601336.SH,601336.SH,62.78560261927943,62.982964042051236,61.95915166142251,62.871948241742096,149388.9,756883054.0
2024-12-27,601336.SH,601336.SH,62.66227483048182,63.11867328889282,61.243739081366584,62.40323786759991,199425.9,1007843785.0
2024-12-30,601336.SH,601336.SH,62.18117876033536,64.14245775714022,62.10716823215405,64.13012266911001,262533.57,1351106214.0
2024-12-31,601336.SH,601336.SH,64.031437416961,64.38915494443006,61.30538315590372,61.30538315590372,259585.91,1322413890.0
2025-01-02,601336.SH,601336.SH,60.56526128080935,60.922978709962806,57.62951134499822,58.344946203305135,283599.87,1362561568.0
2025-01-03,601336.SH,601336.SH,58.34492510411497,58.591626690178884,56.8770506670347,56.96339622215707,153259.31,716577094.0
2025-01-06,601336.SH,601336.SH,56.86472696565402,57.23477941879277,55.92726075103587,56.346653531259776,139173.75,637199874.0
2025-01-07,601336.SH,601336.SH,56.469984948235,56.48232002576847,55.19947196228738,56.297293862766395,138669.0,628276085.0
2025-01-08,601336.SH,601336.SH,56.26026259837838,57.43209442184823,55.261121780472514,57.04970719524228,160320.17,732395140.0
2025-01-09,601336.SH,601336.SH,56.716635542798585,57.95014218792252,56.37125368216389,56.61795501118868,115317.0,533521221.0
2025-01-10,601336.SH,601336.SH,56.60561868711425,57.08668626802457,55.52013286352173,55.52013286352173,110001.13,501842004.0
2025-01-13,601336.SH,601336.SH,54.76768094378864,55.55712499342884,54.58265499465422,55.32275879119191,89076.15,398039041.0
2025-01-14,601336.SH,601336.SH,55.52009644117531,57.703401722243534,55.15004469862138,57.30867986351933,165807.62,760607434.0
2025-01-15,601336.SH,601336.SH,57.0496293100241,57.43201601458859,56.43287656072654,56.753587990361275,105115.27,484591452.0
2025-01-16,601336.SH,601336.SH,57.308639513403996,57.9253919834148,56.753562290394264,57.66635594601026,120931.46,562955582.0
2025-01-17,601336.SH,601336.SH,57.271627109506426,59.04787399810623,56.86457053086897,58.418786558393805,155558.12,735153393.0
2025-01-20,601336.SH,601336.SH,58.887543712697266,59.627646901378,58.492822012067535,58.71485296867176,130842.39,624892462.0
2025-01-21,601336.SH,601336.SH,59.84968497235701,59.94836540924465,57.72805557927262,58.11044227221225,175127.02,830323540.0
2025-01-22,601336.SH,601336.SH,57.55534380563056,57.71569945703931,56.27249859436061,56.56853979696137,184799.16,853287291.0
2025-01-23,601336.SH,601336.SH,59.20823124070282,61.52722029763035,58.51746854289462,59.9730042275619,437521.87,2132584494.0
2025-01-24,601336.SH,601336.SH,59.20823480100009,60.52808503510571,59.035544116163834,59.89899754034509,219032.01,1060124575.9999999
2025-01-27,601336.SH,601336.SH,60.36770263104768,60.68841376067728,58.751811939452416,58.75181193945241,170667.95,824149476.0
2025-02-05,601336.SH,601336.SH,58.94914409622258,58.94914409622258,57.35792426186127,57.8636607983637,164577.95,772886151.0
2025-02-06,601336.SH,601336.SH,57.6662769048574,58.9984604141033,57.57993167740628,58.81343492670804,151982.72,719384357.0
2025-02-07,601336.SH,601336.SH,58.591399296496476,60.65134954544698,57.94997766209272,59.59053684239463,301629.61,1452740694.0
2025-02-10,601336.SH,601336.SH,59.30682839910138,60.157945528788986,59.07246281266566,59.43017870775175,142872.3,689725129.0
2025-02-11,601336.SH,601336.SH,59.34385738483646,59.45487270731901,58.098018765865675,58.332384446662154,154526.07,734723564.0
2025-02-12,601336.SH,601336.SH,58.2830363728407,58.96146325125471,57.9376554165572,58.92445814879578,135913.82,643225095.0
2025-02-13,601336.SH,601336.SH,58.83811726718666,59.861925177705835,58.344715864526805,58.62842167105622,185129.89,883693155.0
2025-02-14,601336.SH,601336.SH,58.34471127374087,61.52715007049038,58.25836603506937,60.35532183137719,291151.07,1413054543.0
2025-02-17,601336.SH,601336.SH,60.57736505213869,62.95802712810342,60.57736505213869,61.10777162864897,274561.63,1369083254.0
2025-02-18,601336.SH,601336.SH,60.7993953102598,61.44081721249829,59.55355661552735,59.72624712766848,198775.2,976377758.0
2025-02-19,601336.SH,601336.SH,59.51656411273707,60.725397953783336,59.29453340723878,60.09631095487151,170838.81,831341479.0
2025-02-20,601336.SH,601336.SH,59.849629921355884,59.88663505115061,58.751811070778665,59.208207671580425,151310.96,725488365.0
2025-02-21,601336.SH,601336.SH,59.33155810422955,61.527195805384,58.480440118950575,60.9474487719331,272745.98,1329309089.0
2025-02-24,601336.SH,601336.SH,60.45407093766135,63.525497924700254,60.0223442527362,63.25412686560445,397007.93,2011567755.0
2025-02-25,601336.SH,601336.SH,62.304353231541185,64.78369890557401,60.89815717761212,61.05851286797245,320526.0,1626859527.0
2025-02-26,601336.SH,601336.SH,61.26820096970615,63.0321133390776,61.26820096970615,62.970438081407266,227395.83,1148300199.0
2025-02-27,601336.SH,601336.SH,63.03210617633745,63.36515252991105,61.68758571191068,62.415353669719664,214445.0,1081975249.0
2025-02-28,601336.SH,601336.SH,61.77391436370836,61.98361015927207,59.26989986374174,59.31924005093322,254011.73,1244906431.0
2025-03-03,601336.SH,601336.SH,59.46723808306084,59.812619262551756,58.443429586712774,58.801145808328364,160202.97,768352738.0
2025-03-04,601336.SH,601336.SH,58.45573714627022,58.961473635613345,58.28304663771404,58.66543276380274,96850.65,460611016.0
2025-03-05,601336.SH,601336.SH,58.59144559580625,59.146522448819155,58.46809518402561,59.07251220175077,120184.47,573111470.0
2025-03-06,601336.SH,601336.SH,59.35619296521477,61.00908778178559,59.023146994711695,60.355330876724,216015.11,1049860730.0
2025-03-07,601336.SH,601336.SH,59.849581632936705,59.94826189943784,59.08480956755293,59.60288096668388,153596.75,741038252.0
2025-03-10,601336.SH,601336.SH,59.479505945819234,59.479505945819234,58.09798278822244,58.96143476172043,126816.84,603336004.0
2025-03-11,601336.SH,601336.SH,58.22132724801741,59.20812940476346,57.98696173579021,59.20812940476346,109752.51,520226072.0
2025-03-12,601336.SH,601336.SH,59.208129404763454,61.243408853052195,58.97376389253626,60.61432247812659,258808.38,1265812474.0
2025-03-13,601336.SH,601336.SH,60.44160207173852,61.40373369655395,59.82485103019017,60.231906717612084,139135.12,683107469.0
2025-03-14,601336.SH,601336.SH,60.120915450882805,66.25142324306351,60.08391037366643,66.25142324306351,660078.49,3453488602.0
2025-03-17,601336.SH,601336.SH,65.85672936080037,66.97921716223,65.37566316018767,66.75718660810107,478127.59,2571579979.0
2025-03-18,601336.SH,601336.SH,67.09025699877812,67.22594238708231,66.1281242453483,66.44883516315824,224079.42,1209865380.0
2025-03-19,601336.SH,601336.SH,66.36251361606816,67.57134750721588,66.11581282195638,66.69555968811906,218300.31,1180910400.0
2025-03-20,601336.SH,601336.SH,66.9669558576631,66.97929090202811,63.340452814348865,63.611823790379184,269377.35,1408210628.0
2025-03-21,601336.SH,601336.SH,63.056750218641064,64.2902547221356,61.98360130060081,62.23030220129973,228924.16,1168563613.0
2025-03-24,601336.SH,601336.SH,62.40297731589332,63.957192603855866,62.353637148021484,63.50079605104146,205722.64,1054246737.9999999
2025-03-25,601336.SH,601336.SH,63.50076466243579,63.9448259537815,62.427616541683676,62.78533258193438,137320.9,700774533.0
2025-03-26,601336.SH,601336.SH,62.66200396713275,63.24175085423024,62.2549476421494,62.56332364592466,118560.0,603357003.0
2025-03-27,601336.SH,601336.SH,62.279631295748146,63.67349113659178,61.675214196621255,63.38978515128732,214517.5,1094950168.0
2025-03-28,601336.SH,601336.SH,64.52461975557542,65.65944388432956,63.93253760144282,64.11756327460925,329858.73,1727064695.0
2025-03-31,601336.SH,601336.SH,63.77220267278913,65.05504775556864,63.03209974041633,63.52550169533152,219125.38,1132878131.0
2025-04-01,601336.SH,601336.SH,63.51315248315795,64.56163140354413,63.266451560714145,63.61183285213548,172021.74,889473029.0
2025-04-02,601336.SH,601336.SH,63.722835390597446,65.07969018985523,63.525474692523595,64.27791235393018,229305.09,1196151436.0
2025-04-03,601336.SH,601336.SH,63.52547511191507,65.32639149372858,63.15542380058353,63.52547511191507,251067.55,1306440026.0
2025-04-07,601336.SH,601336.SH,59.20820168176956,60.04698453892796,57.17291974895873,58.381753866628195,405706.76,1920837658.0
2025-04-08,601336.SH,601336.SH,58.81345882673856,58.96147927680585,57.41959958860486,58.61609822664884,286387.24,1351298850.0
2025-04-09,601336.SH,601336.SH,57.78963630287453,58.579078506371644,57.333240028977755,58.566743471942,282969.78,1328697783.0
2025-04-10,601336.SH,601336.SH,59.306874170307935,60.022306512628624,58.71479223183565,59.47956473569569,270122.49,1298819101.0
2025-04-11,601336.SH,601336.SH,59.23285836482845,59.29453356096009,58.11036979523258,58.838137109585944,194103.49,924479389.0
2025-04-14,601336.SH,601336.SH,59.25752252861826,59.67691382045278,58.96148161673507,59.31919771859393,178357.81,857764667.0
2025-04-15,601336.SH,601336.SH,59.195870741652016,59.70160749939482,58.714804069652764,59.405566470472195,153746.89,737448064.0
2025-04-16,601336.SH,601336.SH,59.38092220679478,59.51660773738779,58.75183474677265,59.45493249620915,131084.51,628046554.0
2025-04-17,601336.SH,601336.SH,59.14654124894396,60.66375179610144,59.02319079795554,60.1456799019501,174648.15,849217377.0
2025-04-18,601336.SH,601336.SH,59.837299769043234,61.14481446199698,59.837299769043234,60.44171693842751,134458.02,661071593.0
2025-04-21,601336.SH,601336.SH,60.30601542242249,60.713071775243094,60.133324848498596,60.33068550441162,103722.61,508025239.0
2025-04-22,601336.SH,601336.SH,60.44173006102166,60.87345670431467,60.195029121997074,60.61442071833886,133308.0,654211205.0
2025-04-23,601336.SH,601336.SH,60.87348653193931,61.601254658663606,60.38008441212622,61.02150716788323,132928.53,657149449.0
2025-04-24,601336.SH,601336.SH,60.92281856316882,62.82241646937007,60.81180310111809,61.638251540829025,201333.46,1011386152.0
2025-04-25,601336.SH,601336.SH,61.687606940418824,62.144003952375535,60.56511699209287,60.99684389529516,162715.29,808603097.0
2025-04-28,601336.SH,601336.SH,60.40474977952034,60.42941988357569,59.282260045002,59.57830129366617,161210.0,780453179.0
2025-04-29,601336.SH,601336.SH,59.56596085615374,59.80032682349002,58.6284969868086,58.66550213954591,145888.55,697256624.0
2025-04-30,601336.SH,601336.SH,59.71396140936153,60.6267548702772,59.31923991274936,59.343910006287615,196089.71,953631589.0
2025-05-06,601336.SH,601336.SH,59.92365763598571,60.50340483830999,59.52893613653089,59.948327729701646,163119.16,794407518.0
2025-05-07,601336.SH,601336.SH,61.18185796477322,61.638254889107216,60.31840432414134,60.8488115605295,200484.91,988704189.0
2025-05-08,601336.SH,601336.SH,60.56511346145528,62.72374785162935,60.441762924873906,61.724608505320205,250326.15,1253954120.0
2025-05-09,601336.SH,601336.SH,61.57655841012785,61.72457898322912,60.83645554462151,61.07082145203185,122357.31,607170684.0
2025-05-12,601336.SH,601336.SH,61.42852903889044,62.24264207434562,61.255838395006,62.18096684438689,162786.55,814892316.0
2025-05-13,601336.SH,601336.SH,62.48936393608353,62.53870413658577,61.57657022679214,61.872611429805566,106596.68,534470299.0
2025-05-14,601336.SH,601336.SH,61.87260994727199,66.97932057689133,61.50255845237204,65.89383619185148,476330.96,2497057681.0
2025-05-15,601336.SH,601336.SH,64.77132941827469,65.88148360750431,63.883206066891,63.95721634617297,261360.0,1370871314.0
2025-05-16,601336.SH,601336.SH,63.69817583920315,64.12990243764857,62.797717505302714,63.31578942343721,150463.71,770715366.0
2025-05-19,601336.SH,601336.SH,63.130786171959265,63.61185312403164,62.8470800207371,62.93342537110907,135224.51,691659861.0
2025-05-20,601336.SH,601336.SH,63.032102530935155,63.661190051302604,62.908752036745454,63.3404787664094,128267.69,657956604.0
2025-05-21,601336.SH,601336.SH,63.315780094788714,64.2779135152823,63.21709974396886,63.41446044560856,146124.0,755305756.0
2025-05-22,601336.SH,601336.SH,63.03208336102395,63.772186101075114,62.98274317835388,63.29111932004186,103869.92,532985493.99999994
2025-05-23,601336.SH,601336.SH,63.217129467895106,63.722866503638265,61.897279155101984,61.9342843040588,184623.39,938675132.0
2025-05-26,601336.SH,601336.SH,61.73690451836758,62.71137314113503,61.428528371922184,62.03294561895516,118028.29,593317022.0
2025-05-27,601336.SH,601336.SH,61.92193107262201,62.63736374238537,61.61355492186194,61.71223529010516,84509.38,424615550.0
2025-05-28,601336.SH,601336.SH,61.958911429613146,62.35363274471321,61.58886019670684,61.773885813159986,91020.71,457360346.0
2025-05-29,601336.SH,601336.SH,61.860254214259115,62.477006499545844,61.576548163027226,62.32898595107704,104784.76,528281983.0
2025-05-30,601336.SH,601336.SH,62.04526440702772,62.31663534479207,61.588867829878616,62.04526440702772,94355.88,473646111.0
2025-06-03,601336.SH,601336.SH,61.786207577659646,63.229407075880076,61.625852077857374,62.98270630695351,145239.36,735845319.0
2025-06-04,601336.SH,601336.SH,62.822334482196666,65.03030579032806,62.822334482196666,64.74659997978604,216849.48,1126875465.0
2025-06-05,601336.SH,601336.SH,64.64793878610209,66.8312406684032,64.64793878610209,66.42418438526231,256216.32,1368973168.0
2025-06-06,601336.SH,601336.SH,66.67090249059768,66.9669435007317,65.40039315543922,65.73343929183997,145721.6,779945300.0
2025-06-09,601336.SH,601336.SH,65.96777650795957,66.51051812470419,65.27701445028461,65.64706555261048,109465.8,583656658.0
2025-06-10,601336.SH,601336.SH,65.8074067761493,66.85588467230164,64.89461425479315,65.37568058361599,153546.0,819596901.0
2025-06-11,601336.SH,601336.SH,65.68404330338952,68.41008528837526,65.53602292411426,67.86734389769936,247197.73,1351716238.0
2025-06-12,601336.SH,601336.SH,67.47259742493159,70.0382830308522,67.1765567780946,68.64442498532802,272718.69,1518897971.0
2025-06-13,601336.SH,601336.SH,68.5211041731202,68.89115514075182,67.32460604444465,67.57130668953239,153709.48,846548067.0
2025-06-16,601336.SH,601336.SH,67.57130676230707,69.05151063442771,67.4726265041657,68.71846476320057,157855.6,874984815.0
2025-06-17,601336.SH,601336.SH,68.8171419216913,69.53257376099191,68.37308078005644,69.28587312675032,172996.95,968419404.0
2025-06-18,601336.SH,601336.SH,69.00214105153869,69.28584667259436,67.81797845930635,69.03914613254595,148884.8,828515963.0
2025-06-19,601336.SH,601336.SH,68.4594022424738,69.17483383347623,67.60828534972953,68.15102655669689,134849.02,746259433.0
2025-06-20,601336.SH,601336.SH,67.9906444581372,70.4329789288758,67.85495920976282,69.77922273216294,185299.57,1042694594.0
2025-06-23,601336.SH,601336.SH,69.08845975627924,70.46998225095935,68.58272384304813,70.21094678320682,171928.41,973078917.0
2025-06-24,601336.SH,601336.SH,70.60563578807054,73.4796946872006,70.43294555378806,72.07350277947174,246982.29,1441583387.0
2025-06-25,601336.SH,601336.SH,71.81448499664835,74.78722475690122,71.54311456210243,74.77488973714912,304302.14,1809972407.0
2025-06-26,601336.SH,601336.SH,74.25681142402992,75.28061796027484,73.84975581323373,74.41716666464659,164360.06,994584482.0
2025-06-27,601336.SH,601336.SH,74.38015413679179,75.88502624370533,71.80213552740715,72.19685608004019,272961.79,1626561169.0
2025-06-30,601336.SH,601336.SH,71.76509871492722,72.57920949443654,71.33337330155108,72.15981909287113,146054.32,851815800.0
2025-07-01,601336.SH,601336.SH,72.048802149532,73.14661817269726,71.67875180464482,72.56687263237403,117939.0,693829443.0
2025-07-02,601336.SH,601336.SH,72.43121268590927,73.38100890130693,72.04882719659334,72.13517230708403,109482.03,644417696.0
2025-07-03,601336.SH,601336.SH,72.0118293479904,73.1219808795627,71.93781924588558,73.04797077745788,104327.34,615377654.0
2025-07-04,601336.SH,601336.SH,72.65327632344538,75.95906207126939,72.09820035832568,74.33083924025159,197983.34,1190343246.0
2025-07-07,601336.SH,601336.SH,74.01014356271207,75.19430585971547,73.8867933234409,74.84892518975614,126792.0,767134515.0
2025-07-08,601336.SH,601336.SH,74.50355873436976,75.14498010095706,73.83746731522142,74.73792423369973,134475.81,812612821.0
2025-07-09,601336.SH,601336.SH,74.66390677851385,74.82426210448784,72.97400834324928,73.07268854384867,143053.86,852664689.0
2025-07-10,601336.SH,601336.SH,72.88766497768694,74.34319797267206,72.8753299523057,73.51675127212965,131443.28,785147983.0
2025-07-11,601336.SH,601336.SH,73.5044023825008,78.24105123547618,73.49206735944617,75.86039178593387,328267.29,2025047966.0
2025-07-14,601336.SH,601336.SH,75.86039972879063,77.63664323463547,75.49034899840628,76.57583114086701,162215.69,1007882835.0
2025-07-15,601336.SH,601336.SH,76.57583745741698,77.45162425823473,75.42868009859936,76.56350243205334,179593.96,1113140629.0
2025-07-16,601336.SH,601336.SH,76.53880594956352,76.98286670930314,74.21982198203446,75.00926333268265,172446.18,1049533267.0
2025-07-17,601336.SH,601336.SH,74.92293763256284,75.81105938257016,74.87359753534021,75.41633860478913,94638.8,578204075.0
2025-07-18,601336.SH,601336.SH,75.26832598610515,77.0692397183194,74.9969554237167,76.23045798002782,129336.3,797681284.0
2025-07-21,601336.SH,601336.SH,75.99607415550331,77.46394184329829,75.63835850049445,76.67450039776149,161023.29,997718310.0
2025-07-22,601336.SH,601336.SH,76.51415454395423,77.88334221997857,74.81192121700506,76.78552507433744,201099.88,1242287755.0
2025-07-23,601336.SH,601336.SH,76.47713183225545,79.3018517015436,76.1194162156207,78.88246097859252,243076.19,1544117068.0
2025-07-24,601336.SH,601336.SH,78.33970373761622,79.4128503641589,78.00665823282712,78.52472901805461,184979.05,1178745422.0
2025-07-25,601336.SH,601336.SH,78.03132058818817,79.53619272093539,78.01898557070663,78.6850765147095,199606.62,1275391921.0
2025-07-28,601336.SH,601336.SH,78.32735507456465,83.0886714617744,78.32735507456465,82.39791053513257,287640.62,1903570903.0
2025-07-29,601336.SH,601336.SH,81.87984431310146,83.37238139684436,81.06573317651444,81.28776348649272,199257.71,1319583995.0
2025-07-30,601336.SH,601336.SH,81.16440617894952,84.71689082629565,81.16440617894952,84.18648513242105,292031.01,1968978974.0
2025-07-31,601336.SH,601336.SH,83.40937755430859,83.81643307919651,81.9415106615309,82.36090120232451,238152.9,1595867702.0
2025-08-01,601336.SH,601336.SH,81.6824948133614,82.96533677358333,79.95559217460111,80.30097270235316,218099.88,1436203593.0
2025-08-04,601336.SH,601336.SH,79.68424849553247,81.33714157578036,79.31419780592475,80.88074572526416,172734.41,1128203317.0
2025-08-05,601336.SH,601336.SH,80.91772880518525,83.68077320341109,80.91772880518525,83.38473273217261,185941.46,1243393225.0
2025-08-06,601336.SH,601336.SH,82.8049736579503,84.71690139770637,82.45959316302664,83.87812019574886,139849.2,944201332.0
2025-08-07,601336.SH,601336.SH,83.44638453692049,83.87811010363033,81.5714620757805,82.01552265868207,160113.26,1068389411.0000001
2025-08-08,601336.SH,601336.SH,82.47324739496734,82.85471477422251,80.50233260214898,80.84565324347864,165594.62,1061460127.0000001
2025-08-11,601336.SH,601336.SH,80.74394636286897,81.12541382600062,78.2008299419912,79.5741128092652,276056.32,1722589949.0
2025-08-12,601336.SH,601336.SH,79.5486671885889,80.71850052959755,79.040043996846,79.62496066735032,175963.94,1105814483.0
2025-08-13,601336.SH,601336.SH,79.87929729416528,81.49417643398684,79.52326094837785,80.42606739662455,213455.93,1349422328.0
2025-08-14,601336.SH,601336.SH,80.10817903460502,84.64764251323261,80.00645436281503,82.65129582935437,273893.33,1785679388.0
2025-08-15,601336.SH,601336.SH,82.1426602467925,86.87285678112792,80.96011111320865,85.4487115879947,307844.27,2039105981.0
2025-08-18,601336.SH,601336.SH,85.4487115879947,86.74570096031246,84.94008830473281,85.4487115879947,232677.84,1568164918.0
2025-08-19,601336.SH,601336.SH,85.44871572469482,87.17803497150412,83.49051598933723,84.05000162801082,185869.58,1243975460.0
2025-08-20,601336.SH,601336.SH,83.88473188550643,85.80478562428338,83.12179662506527,85.76663886126131,130521.24,868095319.0
2025-08-21,601336.SH,601336.SH,85.83019157047853,86.42782401548779,84.76208251982368,85.43600846845115,121492.5,818495871.0
2025-08-22,601336.SH,601336.SH,85.13085211382969,86.27525490550177,84.71123775688325,85.75391585596226,180881.96,1214874803.0
2025-08-25,601336.SH,601336.SH,86.8855960379149,87.10176099220212,84.31704775756091,85.57589072664528,259905.46,1742159819.0
2025-08-26,601336.SH,601336.SH,85.32158082255941,86.78387319135142,83.92286638284533,84.06273782681674,187319.64,1256113727.0
2025-08-27,601336.SH,601336.SH,84.26619409977975,84.54593701062858,80.87113240902357,81.06186621187504,343585.04,2224978512.0
2025-08-28,601336.SH,601336.SH,80.74396873940702,82.28255460042564,79.72672188914677,82.25712342916914,238721.18,1521842472.0
2025-08-29,601336.SH,601336.SH,85.14355279503192,90.4840982212436,85.14355279503192,86.77114759159167,574666.02,3969841346.0
2025-09-01,601336.SH,601336.SH,85.44871465512706,86.17350285979107,83.36335911890075,83.60495518712207,329242.52,2184793335.0
2025-09-02,601336.SH,601336.SH,83.32519125847965,84.08812601744634,81.8628996371268,82.80385250651908,220958.86,1442504753.0
2025-09-03,601336.SH,601336.SH,83.41422936852038,83.97371505330925,79.99373734106123,80.6040853608309,212758.64,1362131700.0
2025-09-04,601336.SH,601336.SH,80.51505255977749,80.54048371977743,78.49327533978307,79.86655797977929,227111.63,1420999921.0
2025-09-05,601336.SH,601336.SH,79.62496697641659,80.69307576370802,78.25168424989903,80.52777321329387,209025.35,1306861236.0
2025-09-08,601336.SH,601336.SH,80.20989850006488,80.74395299229741,79.56140375949683,79.76485308987112,174827.69,1099553060.0
2025-09-09,601336.SH,601336.SH,79.53600715930759,81.36705192844272,79.34527332918934,80.4896763098988,189962.26,1204251520.0
2025-09-10,601336.SH,601336.SH,80.10819623371347,80.80755350242049,79.47241689852527,80.40065472790005,116397.52,733125589.0
2025-09-11,601336.SH,601336.SH,80.10822123815507,82.40974314991794,79.72675351797338,82.37159637789978,209755.31,1341034089.0
2025-09-12,601336.SH,601336.SH,82.14267832938913,82.53686146069116,80.3624964460897,80.73124840763029,194132.32,1244859961.0
2025-09-15,601336.SH,601336.SH,80.36246899956413,80.98553244592149,78.72215911017427,79.07819536523564,204526.87,1282358210.0
2025-09-16,601336.SH,601336.SH,79.24349650316788,79.2816432441033,77.45059967920338,77.94650731136377,242264.95,1487441398.0
2025-09-17,601336.SH,601336.SH,78.02282185617999,78.62045429217093,77.08186865908785,77.2471712477662,247257.1,1509731955.0
2025-09-18,601336.SH,601336.SH,77.5650877962438,77.69224367787699,75.3907222203163,75.9247769231757,260106.01,1564622174.0
2025-09-19,601336.SH,601336.SH,75.65777479099587,75.92480223143468,74.66595858365173,74.7676833228665,196883.63,1163403153.0
2025-09-22,601336.SH,601336.SH,74.89484634592188,75.44161687102792,74.38622260163717,75.12372703084999,123493.53,727404738.0
2025-09-23,601336.SH,601336.SH,75.12371237379027,76.70044567344328,74.41163927072118,75.86121665911185,225911.12,1345285238.0
2025-09-24,601336.SH,601336.SH,75.58150889695409,76.14099516738915,74.76771068541218,75.81038964395024,178536.04,1060344195.0000001
2025-09-25,601336.SH,601336.SH,75.54339473113336,75.91214720499347,75.02205502671046,75.31451388528916,107527.35,637939338.0
2025-09-26,601336.SH,601336.SH,75.18735762318612,76.9802575766563,74.64058671539024,76.76409233403932,232645.69,1392044695.0
2025-09-29,601336.SH,601336.SH,76.42073703551918,81.02378309323264,75.65780122484844,78.46794812748567,446570.88,2751822341.0
2025-09-30,601336.SH,601336.SH,78.08645311659153,79.58689302340765,77.17093046158507,77.7685633058254,256288.43,1571804349.0
2025-10-09,601336.SH,601336.SH,76.54784114789031,78.68405997062213,75.53059408944658,78.53147291185556,246369.58,1493411011.0
2025-10-10,601336.SH,601336.SH,77.88296201254238,81.5450506753362,77.71765939929126,79.726721929574,307071.24,1937090178.0
2025-10-13,601336.SH,601336.SH,78.01015412640638,80.18452028054094,77.69226433779022,79.06554822461204,205519.34,1271615473.0
2025-10-14,601336.SH,601336.SH,83.92287439242654,85.19443309534209,82.6131689284235,83.28709504096875,620871.73,4089334025.0
2025-10-15,601336.SH,601336.SH,83.07091353786096,86.52955252183436,83.07091353786096,86.30067200083613,443638.34,2966881600.0
2025-10-16,601336.SH,601336.SH,86.31339797362953,88.9455242819002,86.08451742508426,87.2670669259015,427559.67,2945175856.0
2025-10-17,601336.SH,601336.SH,87.27981667565788,88.00460536308685,84.9274323392656,85.14359738639352,325297.8,2211241443.0
2025-10-20,601336.SH,601336.SH,86.94918648899154,87.22892941130183,84.95283927068624,85.52504070268458,294770.58,1988041824.0
2025-10-21,601336.SH,601336.SH,84.94009149809034,87.54678592280717,84.83836683761359,86.84742888202949,279330.24,1901172755.0
2025-10-22,601336.SH,601336.SH,86.21167636568306,87.72483115735213,85.80477759817542,87.3306479763291,200834.73,1370858748.0
2025-10-23,601336.SH,601336.SH,86.84743544233835,88.37330546475133,86.03363809705144,87.48321461834375,161363.98,1104156474.0
2025-10-24,601336.SH,601336.SH,86.84740917850209,88.08082040695227,86.13533671671642,87.4577570028898,200023.72,1368459072.0
2025-10-27,601336.SH,601336.SH,87.95370046088334,89.64487324696074,87.06360952084259,88.9073693252127,285681.19,1992344078.0
2025-10-28,601336.SH,601336.SH,88.64032889227171,89.00908079843667,87.07631218681348,87.76295366725856,167628.94,1158846152.0
2025-10-29,601336.SH,601336.SH,87.71207312932367,89.32695183147271,87.30517455870343,89.07264022483507,169110.54,1173994920.0
2025-10-30,601336.SH,601336.SH,89.13620140559601,93.06531499109234,89.13620140559601,90.15344764132323,315622.01,2262065982.0
2025-10-31,601336.SH,601336.SH,90.12797036476682,90.64930879379554,85.8428227895797,86.22428993277143,323920.24,2227520604.0
2025-11-03,601336.SH,601336.SH,85.71569591325586,86.21160336624756,84.06267106995023,84.6221564015306,217609.38,1451457526.0
2025-11-04,601336.SH,601336.SH,84.58398781558837,86.5549015425,84.4441165188398,84.8764459815172,168311.68,1130180437.0
2025-11-05,601336.SH,601336.SH,83.94821014407425,84.58398877285397,83.56674296680643,84.26609945846411,117798.0,779850830.0
2025-11-06,601336.SH,601336.SH,84.78744783323152,87.2161224787245,84.76201668511116,86.14801425766998,229362.66,1555783997.0
2025-11-07,601336.SH,601336.SH,85.43591415683919,86.89820469531762,85.37233630734012,85.49949200633824,132073.08,892651910.0
2025-11-10,601336.SH,601336.SH,85.28328570793069,87.48307822730926,84.57121414096423,87.25419808078433,174703.75,1187056585.0
2025-11-11,601336.SH,601336.SH,87.2287407678603,87.44490528579816,85.30869122617709,85.30869122617709,150388.09,1018708957.0
2025-11-12,601336.SH,601336.SH,85.44857979923026,89.08523066568559,85.23241523723816,88.34772804241842,273502.23,1887425202.0
2025-11-13,601336.SH,601336.SH,88.34775131996915,88.71650272876003,86.88546125062597,88.22059566176539,177719.25,1226246178.0
2025-11-14,601336.SH,601336.SH,87.7119298286822,89.13607249913919,86.74554730230066,86.74554730230066,164625.19,1138064434.0
2025-11-17,601336.SH,601336.SH,86.47855524518849,86.83459105563773,84.55850498169437,86.08437274076253,157378.76,1061069973.9999999
2025-11-18,601336.SH,601336.SH,86.08434961361763,86.33866083847322,84.81279348933967,85.19426032662305,125980.96,846389635.0
2025-11-19,601336.SH,601336.SH,85.1560761841937,87.77548064797509,85.1560761841937,86.72008952907288,152595.65,1036829897.0
2025-11-20,601336.SH,601336.SH,86.21147620398487,87.43216967235989,86.07160507740024,86.21147620398487,127807.01,870422310.0
2025-11-21,601336.SH,601336.SH,85.35955424850452,86.12248784822303,83.08346900934436,83.15976236931621,198604.39,1318891509.0
2025-11-24,601336.SH,601336.SH,83.47762970678708,83.97353641791652,81.67202065600814,82.32051404748508,163588.18,1063485358.0
2025-11-25,601336.SH,601336.SH,82.80371357278526,84.54574501619304,82.6511268770123,83.77009597934723,116424.15,767153191.0
2025-11-26,601336.SH,601336.SH,83.84637553938691,84.22784221609022,82.91813995940886,83.8209444276067,95684.49,628006760.0
2025-11-27,601336.SH,601336.SH,83.47761383923122,84.36770263873558,82.65110281112003,83.47761383923122,124508.85,815750607.0
2025-11-28,601336.SH,601336.SH,83.07074551291565,84.27872359706183,82.39682089754989,83.50307451145218,109192.23,716524800.0
2025-12-01,601336.SH,601336.SH,83.50309407633554,83.65568081745266,82.26968458563896,83.63024969393312,130787.17,853182454.0
2025-12-02,601336.SH,601336.SH,83.3123816599201,84.45678250689704,82.71475010649883,82.99449253575985,97505.43,639657825.0
2025-12-03,601336.SH,601336.SH,82.8546150735405,83.2742286857914,81.5194808527422,81.78650769690185,125194.74,810355249.0
2025-12-04,601336.SH,601336.SH,81.87554934406938,82.49861222927817,81.26520202794649,81.50679784057846,94674.91,606974720.0
2025-12-05,601336.SH,601336.SH,81.40508664692166,85.91911441319114,81.3542243622313,85.23247356987129,265045.31,1748960571.0
2025-12-08,601336.SH,601336.SH,85.32145489046951,87.72469706249615,85.32145489046951,86.27512241905151,204213.06,1390922446.0
2025-12-09,601336.SH,601336.SH,86.0462445838478,86.84732532993652,85.04171475938732,85.34688837694495,113669.17,766604792.0
2025-12-10,601336.SH,601336.SH,85.53764259689464,86.75833736265976,84.81285507972161,86.55488823503222,122755.08,830221375.0
2025-12-11,601336.SH,601336.SH,86.56759079713915,87.21608479400373,85.19430939201413,85.29603394054192,109008.28,738647613.0
2025-12-12,601336.SH,601336.SH,85.54008778781494,86.8244734903347,84.15295122909363,86.46484549362916,165950.15,1105322213.0
2025-12-15,601336.SH,601336.SH,85.77125660035216,89.86844600668825,85.65566191490694,88.71249915223605,267891.69,1848527508.0
2025-12-16,601336.SH,601336.SH,88.44276963348939,89.45743399611584,86.14372000171555,86.6574741093745,188997.59,1284836593.0
2025-12-17,601336.SH,601336.SH,86.81157377822676,89.49593816935702,86.56754065176038,88.77668263871925,229868.09,1578432063.0
2025-12-18,601336.SH,601336.SH,88.49415736928461,91.44824389975419,88.21159257071795,90.4592671047709,240848.5,1687639433.0
2025-12-19,601336.SH,601336.SH,90.36936894953375,93.14364178823462,89.65011302838909,91.39687740831185,214494.99,1524794267.0
2025-12-22,601336.SH,601336.SH,91.3968547888612,92.55280151890584,90.16384494348029,91.96198430132746,176302.17,1251720939.0
2025-12-23,601336.SH,601336.SH,91.96200302003695,94.33811622656026,91.85925217867378,93.38767094395094,222773.65,1616584924.0
2025-12-24,601336.SH,601336.SH,93.0280778487753,93.20789188852163,91.20424973134797,91.4739707909675,178034.51,1271863264.0
2025-12-25,601336.SH,601336.SH,91.12720194322424,93.9656954780308,91.07582649463045,92.28314953658438,177723.64,1282892757.0
2025-12-26,601336.SH,601336.SH,92.06478870809103,92.80973258993663,90.93452902529079,91.57672202688182,188833.63,1348157956.0
2025-12-29,601336.SH,601336.SH,91.37124973265836,92.54004137247729,91.088684720834,91.2042794983985,133955.91,957179315.0
2025-12-30,601336.SH,601336.SH,91.06297364200039,91.19141225080432,89.80427527572166,90.00977704980798,138706.1,974940774.0
2025-12-31,601336.SH,601336.SH,89.90706001011583,90.48503396732373,89.23917899289783,89.52174403864392,107265.19,750325984.0
