Date,Symbol,Name,Open,High,Low,Close,Volume,Amount
2017-01-03,601699.SH,601699.SH,8.04,8.23,8.04,8.12,156609.62,127639476.0
2017-01-04,601699.SH,601699.SH,8.059878413625304,8.249875547445255,7.9498800729927,8.219876,336305.35,271713347.0
2017-01-05,601699.SH,601699.SH,8.199899563763589,8.509895766783922,8.17989980873002,8.459896379199998,508664.03,428461936.0
2017-01-06,601699.SH,601699.SH,8.45991664242486,8.559915657110732,8.329917923333223,8.349917726270398,266073.92,224710211.0
2017-01-09,601699.SH,601699.SH,8.350017130052853,8.500017437778354,8.290017006962652,8.40001723262802,202541.46,169684026.0
2017-01-10,601699.SH,601699.SH,8.449938730390766,8.819936047579475,8.399939092932835,8.599937642764568,462650.84,399027664.0
2017-01-11,601699.SH,601699.SH,8.560114224426126,9.040120629534133,8.550114090986376,8.74011662634163,577943.38,511043973.0
2017-01-12,601699.SH,601699.SH,8.700360878967416,8.86036751582199,8.520353412506022,8.530353827309431,193385.53,167465721.0
2017-01-13,601699.SH,601699.SH,8.520315971523091,8.580318196674662,8.340309296068378,8.42031226293714,175323.12,148155305.0
2017-01-16,601699.SH,601699.SH,8.530184196440661,8.880191754325098,8.400181389226445,8.650186787715326,573309.7,497315837.0
2017-01-17,601699.SH,601699.SH,8.600290345271238,8.750295409432946,8.370282580223286,8.63029135810358,434956.48,372609622.0
2017-01-18,601699.SH,601699.SH,8.580300395411765,8.84030949830303,8.530298644855751,8.80030809785822,328873.36,287825234.0
2017-01-19,601699.SH,601699.SH,8.750227069328504,8.840229404898741,8.670224993266073,8.830229145390938,169788.61,148386646.0
2017-01-20,601699.SH,601699.SH,8.800206366296612,8.890208476861009,8.710204255732213,8.80020636629661,164201.78,144562312.0
2017-01-23,601699.SH,601699.SH,8.750049114292494,9.070050910472336,8.630048440725055,8.970050349166135,307775.28,272141782.0
2017-01-24,601699.SH,601699.SH,8.900432629409522,9.280451101227007,8.890432143309063,9.210447698523787,347473.9,318595031.0
2017-01-25,601699.SH,601699.SH,9.2107212761782,9.280726758190411,9.000704830141563,9.09071187844298,248909.05,227063721.0
2017-01-26,601699.SH,601699.SH,8.990672550899983,9.440706215850481,8.96067030656995,9.420704719630459,352579.21,325756211.0
2017-02-03,601699.SH,601699.SH,9.381147944353655,9.471158958745109,9.20112591557075,9.251132034677111,239629.73,223197722.0
2017-02-06,601699.SH,601699.SH,9.261007290962224,9.291010554323872,9.020981184069035,9.19099967645171,239767.66,218649111.0
2017-02-07,601699.SH,601699.SH,9.191032574884558,9.241038192811025,8.80098875505812,8.941004485252224,499838.4,449179230.0
2017-02-08,601699.SH,601699.SH,8.93089353055763,9.370937556699324,8.840884525210463,9.27092755075803,389214.68,352995699.0
2017-02-09,601699.SH,601699.SH,9.22114449559488,9.321156908779205,9.04112215186309,9.141134565047418,345810.07,317453317.0
2017-02-10,601699.SH,601699.SH,9.15140275450375,9.661480940820352,9.101395089178592,9.531461010974942,615164.38,579295561.0
2017-02-13,601699.SH,601699.SH,9.621937652137857,9.992012177220083,9.381889311543983,9.50191348184092,710998.9,688110009.0
2017-02-14,601699.SH,601699.SH,9.442191619071448,9.782270554504105,9.342168402767726,9.762265911243361,556086.29,529505167.99999994
2017-02-15,601699.SH,601699.SH,9.682166315210106,9.832199884144147,9.482121556631386,9.562139460062873,484190.33,465469461.0
2017-02-16,601699.SH,601699.SH,9.522281275413512,9.772341182856094,9.502276482818106,9.602300445795137,540021.55,520750543.0
2017-02-17,601699.SH,601699.SH,9.502520914367501,9.542531528743785,9.252454574515724,9.332475803268293,380425.56,356083712.0
2017-02-20,601699.SH,601699.SH,9.352127469764445,9.612186629351479,9.352127469764445,9.602184353982747,402829.55,380560987.0
2017-02-21,601699.SH,601699.SH,9.602184353982747,9.77222303525119,9.472154774189232,9.602184353982747,389520.98,373836026.0
2017-02-22,601699.SH,601699.SH,9.542413042613573,9.552415572008348,9.252339690165153,9.452390278060616,563584.58,527162925.00000006
2017-02-23,601699.SH,601699.SH,9.422510850685462,9.422510850685462,9.142436218181011,9.192449545413949,422806.39,391425832.0
2017-02-24,601699.SH,601699.SH,9.132638628399382,9.132638628399382,8.902572156928205,9.042612617823702,506113.31,455324817.0
2017-02-27,601699.SH,601699.SH,9.062787379071592,9.17282122142235,8.95275353672083,9.012771996184883,292391.8,264784242.00000003
2017-02-28,601699.SH,601699.SH,9.002867851134132,9.172922021655554,8.90283598612153,9.102899716146732,347229.86,314688357.0
2017-03-01,601699.SH,601699.SH,9.10294945876813,9.242994835056871,9.092946217604648,9.152965664585539,374008.99,342734220.0
2017-03-02,601699.SH,601699.SH,9.183309867311973,9.183309867311973,8.963230545873124,9.0632666010726,240596.33,218065586.0
2017-03-03,601699.SH,601699.SH,8.982974437655207,8.982974437655207,8.712885005788069,8.872938002450075,386778.47,341942130.0
2017-03-06,601699.SH,601699.SH,8.872997808993516,9.113078922201908,8.822980910408434,9.053058643899812,331100.33,298488332.0
2017-03-07,601699.SH,601699.SH,9.022589791109693,9.122618502762792,8.882549594795353,8.952569692952522,229667.62,205584662.0
2017-03-08,601699.SH,601699.SH,8.912472510616205,8.912472510616205,8.772433660842212,8.842453085729208,251759.56,222197960.0
2017-03-09,601699.SH,601699.SH,8.772878402827807,8.792884967030378,8.532799632396944,8.602822607105946,320765.43,276451329.0
2017-03-10,601699.SH,601699.SH,8.682848863916234,8.712858710220093,8.59281932500466,8.602822607105946,198935.29,171915731.0
2017-03-13,601699.SH,601699.SH,8.602436397336831,8.952535553042399,8.572427898276354,8.912524220961762,361637.51,318628106.0
2017-03-14,601699.SH,601699.SH,8.902315869134867,9.152380921638656,8.882310664934565,9.012344492236535,433658.11,392840744.0
2017-03-15,601699.SH,601699.SH,9.012702172798319,9.132738161781205,8.952684178306876,8.972690176470692,203725.24,183889805.0
2017-03-16,601699.SH,601699.SH,9.002895272114259,9.252975696339654,9.002895272114259,9.0929242248354,292945.99,267009398.99999997
2017-03-17,601699.SH,601699.SH,9.122969324856935,9.142975836534255,8.692829323794603,8.752848858826557,466265.61,413643797.0
2017-03-20,601699.SH,601699.SH,8.942530924571958,9.022553572666562,8.772482797370925,8.832499783441879,384431.49,340918036.0
2017-03-21,601699.SH,601699.SH,8.842502614453704,8.862508276477355,8.732471473323624,8.832499783441879,216004.55,190082990.0
2017-03-22,601699.SH,601699.SH,8.782351606636745,8.782351606636745,8.57229536091992,8.652316787859665,336823.74,291145335.0
2017-03-23,601699.SH,601699.SH,8.682705802573238,8.722718271709521,8.602680864300673,8.662699568005097,227438.83,196810198.0
2017-03-24,601699.SH,601699.SH,8.663008594111668,8.703022490620265,8.52295995633157,8.693019016493116,255027.31,219250423.0
2017-03-27,601699.SH,601699.SH,8.70267905753135,8.70267905753135,8.492614390625421,8.542629787507785,250617.62,215066637.0
2017-03-28,601699.SH,601699.SH,8.532985238690173,8.562995737771148,8.442953741447253,8.522981738996515,161488.32,137281125.0
2017-03-29,601699.SH,601699.SH,8.582822042363997,8.772884535143618,8.582822042363997,8.742874667862626,376201.57,326962190.0
2017-03-30,601699.SH,601699.SH,8.79260637204518,8.902638988760195,8.662567825018346,8.77260044173336,306479.32,269043014.0
2017-03-31,601699.SH,601699.SH,8.712561041235519,8.902616907806673,8.592525757085316,8.872608086769121,443082.8,388261560.0
2017-04-05,601699.SH,601699.SH,9.05231237659655,9.192348148168207,8.98229449081072,9.142335372606901,640360.44,583427401.0
2017-04-06,601699.SH,601699.SH,9.14228129964851,9.18229128345441,9.012248852279328,9.132278803697034,322116.92,292513250.0
2017-04-07,601699.SH,601699.SH,9.05261489159945,9.172649564195243,8.98259466591857,9.002600444684536,354313.97,321351567.0
2017-04-10,601699.SH,601699.SH,9.022202978479621,9.09222007476494,8.912176112888407,8.952185882194302,325637.59,293133540.0
2017-04-11,601699.SH,601699.SH,8.952134901636889,9.02215159919159,8.582046643133465,8.782094350432612,489202.39,429746503.0
2017-04-12,601699.SH,601699.SH,8.752294320299185,8.752294320299185,8.562244500772689,8.622260233254739,334231.12,288685294.0
2017-04-13,601699.SH,601699.SH,8.622429688080132,8.75246633070779,8.6024240507528,8.65243814407113,212472.92,184132835.0
2017-04-14,601699.SH,601699.SH,8.682380823951522,8.75240002414468,8.44231499471784,8.582353395104155,363817.85,312516110.0
2017-04-17,601699.SH,601699.SH,8.552463129831551,8.572468891538758,8.322396870198656,8.412422797881092,338062.15,285277338.0
2017-04-18,601699.SH,601699.SH,8.412730370724308,8.502759589911607,8.242675178926074,8.262681672078807,278058.79,233164036.0
2017-04-19,601699.SH,601699.SH,8.192464370394273,8.202467379393534,7.832356046420899,8.002407199408326,572794.69,456362146.0
2017-04-20,601699.SH,601699.SH,8.022811846635038,8.102839894980526,7.962790810375925,8.052822364764598,231168.15,185563727.0
2017-04-21,601699.SH,601699.SH,8.042818858721411,8.172864437282827,7.992801328505482,8.052822364764598,278783.64,224905924.0
2017-04-24,601699.SH,601699.SH,8.033117494889934,8.033117494889934,7.692985496351631,7.7129932609715315,245283.38,191759066.0
2017-04-25,601699.SH,601699.SH,7.72320209974413,7.863260168910474,7.72320209974413,7.8032352821248985,169159.77,131882786.0
2017-04-26,601699.SH,601699.SH,7.8030950442636025,7.883126788307332,7.763079172241738,7.793091076258136,182169.76,142347523.0
2017-04-27,601699.SH,601699.SH,7.823464352036568,7.9335130833312,7.67339790027116,7.883490932742731,199466.76,155260261.0
2017-04-28,601699.SH,601699.SH,7.863371151853424,7.953409752828844,7.843362573858885,7.943405463831576,204294.7,161610055.0
2017-05-02,601699.SH,601699.SH,7.933508711985781,7.963521985801616,7.783442342906605,7.823460041327719,217424.6,170532616.0
2017-05-03,601699.SH,601699.SH,7.8034735457533895,7.8034735457533895,7.603384480477661,7.683420106587953,268742.13,206575621.0
2017-05-04,601699.SH,601699.SH,7.613043711247286,7.613043711247286,7.37294772035381,7.412963718836056,387067.84,289864226.0
2017-05-05,601699.SH,601699.SH,7.333208766623415,7.333208766623415,7.083099327106928,7.123116837429566,421114.04,302897403.0
2017-05-08,601699.SH,601699.SH,7.1332177988799925,7.193244877131438,7.06318620758664,7.093199746712362,229095.75,163166105.0
2017-05-09,601699.SH,601699.SH,7.083237653920462,7.193287956453125,7.053223935047917,7.183283383495609,192968.36,137891049.0
2017-05-10,601699.SH,601699.SH,7.183153917341604,7.243180273196828,6.833000174852808,6.883022138065494,346706.97,243963390.0
2017-05-11,601699.SH,601699.SH,6.83329128491943,6.903325016975705,6.653204545346151,6.763257552863155,383661.98,258825313.0
2017-05-12,601699.SH,601699.SH,6.743132883256592,6.823170068814534,6.673100345893393,6.803160772425048,282784.42,191262518.0
2017-05-15,601699.SH,601699.SH,6.833094679823716,6.8731128038636795,6.783072024773763,6.833094679823717,186182.98,127004687.0
2017-05-16,601699.SH,601699.SH,6.8331093851924685,6.993182225841194,6.733063859787015,6.973173120760103,237560.6,162662644.0
2017-05-17,601699.SH,601699.SH,6.962899378678619,7.112961865288073,6.942891047130693,7.0129202075484365,269946.95,190040445.0
2017-05-18,601699.SH,601699.SH,6.912736924933068,7.082804258831565,6.89272900329795,6.982764650655978,203228.68,142092161.0
2017-05-19,601699.SH,601699.SH,6.9927964236214235,7.112844430893894,6.962784421803305,7.042816426651619,185051.35,130462705.0
2017-05-22,601699.SH,601699.SH,7.022840807265132,7.15289341480708,6.932804386659169,6.942808433393166,204048.74,143894519.0
2017-05-23,601699.SH,601699.SH,6.922898217514665,7.062956851973054,6.782839583056276,6.792843771231875,232466.71,161199089.0
2017-05-24,601699.SH,601699.SH,6.763015195495259,6.8630597989789175,6.622952750618139,6.803033036888723,188944.0,127515420.0
2017-05-25,601699.SH,601699.SH,6.7930662632453584,7.263278508271179,6.753048199838906,7.213255929013113,532180.55,375418019.0
2017-05-26,601699.SH,601699.SH,7.173111930953121,7.283159673268999,7.103081549479381,7.123090229900449,283577.75,203639767.0
2017-05-31,601699.SH,601699.SH,7.1333539553680785,7.203386883401145,7.003292803306668,7.043311619325564,203424.25,144349401.0
2017-06-01,601699.SH,601699.SH,7.0033753163293895,7.013380138209859,6.743249947437155,6.793274056839507,339026.62,232812910.0
2017-06-02,601699.SH,601699.SH,6.773021120534992,6.983114833284231,6.702989882951913,6.963105908260494,289558.65,198023455.0
2017-06-05,601699.SH,601699.SH,6.963034185281181,7.083086498820512,6.95302982581957,6.993047263666013,211443.92,148327966.0
2017-06-06,601699.SH,601699.SH,7.0030653931729505,7.173139838435723,6.923030360108117,7.123117942770201,232275.09,163781794.0
2017-06-07,601699.SH,601699.SH,7.1227711464332915,7.252821743208056,7.092759470254499,7.232813959088863,320435.99,230223014.0
2017-06-08,601699.SH,601699.SH,7.212562080003414,7.242572740530473,7.172547865967333,7.212562080003414,160593.55,115754136.0
2017-06-09,601699.SH,601699.SH,7.222818826804894,7.282842251958398,7.132783689074639,7.16279540165139,272094.51,195971248.0
2017-06-12,601699.SH,601699.SH,7.10270025145128,7.21274208633292,7.072688841938106,7.132711660964454,253448.54,180769210.0
2017-06-13,601699.SH,601699.SH,7.15292101067052,7.563088509184493,7.122908754681692,7.413027229240357,657016.07,483958337.0
2017-06-14,601699.SH,601699.SH,7.373031615261767,7.603126224693273,7.353023388354679,7.473072749797204,511088.95,381296252.0
2017-06-15,601699.SH,601699.SH,7.462780290509983,7.542810105957811,7.402757928924112,7.482787744371941,247049.99,184389802.0
2017-06-16,601699.SH,601699.SH,7.473060120304259,7.543088796130403,7.423039637571299,7.473060120304258,188143.23,140639850.0
2017-06-19,601699.SH,601699.SH,7.503264144258551,7.7533729490671695,7.473251087681517,7.6733381315284115,388884.47,297407769.0
2017-06-20,601699.SH,601699.SH,7.68363682577099,7.703646296671436,7.553575264918096,7.573584735818542,224200.09,170599371.0
2017-06-21,601699.SH,601699.SH,7.583467610136491,7.603476759503606,7.463412713933803,7.533444736718705,209276.23,157313675.0
2017-06-22,601699.SH,601699.SH,7.563790050802557,7.733875276812668,7.523769997623707,7.553785037507844,341109.36,259954038.0
2017-06-23,601699.SH,601699.SH,7.50380399570165,7.693900363592759,7.493798923707381,7.67389021960422,320732.22,243467291.0
2017-06-26,601699.SH,601699.SH,7.684163835898221,7.864261425802086,7.644142149252917,7.844250582479433,351396.25,272469936.0
2017-06-27,601699.SH,601699.SH,7.844043263023124,7.974110306925294,7.804022634130149,7.874058734692856,341787.99,269265378.0
2017-06-28,601699.SH,601699.SH,7.864053577469613,7.914079363585831,7.784012319683662,7.874058734692856,269829.26,212029929.0
2017-06-29,601699.SH,601699.SH,7.965495611623138,8.188165120461395,7.884524881136498,7.904767563758158,492329.46,391377543.0
2017-06-30,601699.SH,601699.SH,7.874557604242753,7.9555299189393365,7.823949907557388,7.915043761591044,251713.4,196381811.0
2017-07-03,601699.SH,601699.SH,7.915351238228401,8.117789888822477,7.895107373168992,8.077302158703661,315568.26,250311642.0
2017-07-04,601699.SH,601699.SH,8.067436164632909,8.067436164632909,7.90548010612083,7.976335881719865,335448.03,264067357.00000003
2017-07-05,601699.SH,601699.SH,8.027023597120602,8.097880047536547,7.976411846823499,8.077635347417706,328022.11,261297634.0
2017-07-06,601699.SH,601699.SH,8.10807637936877,8.330770112634829,8.067586609684032,8.209300803580614,629234.8,509353950.0
2017-07-07,601699.SH,601699.SH,8.128092255885315,8.411512658332127,8.0774814697341,8.371024029411153,481306.25,392769965.0
2017-07-10,601699.SH,601699.SH,8.371024029411153,8.573467174016018,8.320413243259937,8.371024029411153,576258.31,481080360.0
2017-07-11,601699.SH,601699.SH,8.421722648563513,8.452089436959776,8.158543815795904,8.249644180984692,412990.69,339476249.0
2017-07-12,601699.SH,601699.SH,8.23917193849281,8.350512099823792,8.026613448679113,8.340390266975522,431676.18,348734700.0
2017-07-13,601699.SH,601699.SH,8.32992998549438,8.64369405542187,8.269201455830993,8.370415671936636,752012.25,626361717.0
2017-07-14,601699.SH,601699.SH,8.360666599565793,8.492250940721187,8.31005723758295,8.431519706341774,346211.21,286718674.0
2017-07-17,601699.SH,601699.SH,8.42138173569367,8.704793621029514,8.026629466833029,8.471991000932213,880074.49,733910383.0
2017-07-18,601699.SH,601699.SH,8.33065634020015,8.95823919936468,8.320534036020076,8.948116895184606,1093062.61,939231994.0
2017-07-19,601699.SH,601699.SH,9.05932184321654,9.798238596909064,9.028955401283971,9.66665068186793,1635409.6,1522301122.0
2017-07-20,601699.SH,601699.SH,9.666684822410197,10.16267179235585,9.545218625688811,10.03108341257435,1525978.18,1487547746.0
2017-07-21,601699.SH,601699.SH,9.920192125356238,10.051786510692596,9.646880709657646,9.980927995511479,1098610.26,1066951779.0000001
2017-07-24,601699.SH,601699.SH,9.829347252903148,10.102665868586344,9.515536990452068,9.6066431956798,834768.55,803057528.0
2017-07-25,601699.SH,601699.SH,9.677722168007369,9.738461010065992,9.384151098057353,9.546121343547018,651788.07,611825769.0
2017-07-26,601699.SH,601699.SH,9.596318700107728,9.717791088716686,9.403987418143544,9.636809496310715,888924.2,840866127.0
2017-07-27,601699.SH,601699.SH,9.555563116718133,9.555563116718133,8.836871399253106,9.059564607481704,1242296.2,1122534625.0
2017-07-28,601699.SH,601699.SH,9.00876274741004,9.21120685409341,8.958151720739195,9.130229211420062,697588.81,626992794.0
2017-07-31,601699.SH,601699.SH,9.282240461049328,9.859217239980422,9.282240461049328,9.808605241828571,1241521.83,1168813839.0
2017-08-01,601699.SH,601699.SH,9.727502238635948,9.747746780235609,9.413711843841241,9.464323197840388,885236.48,832858376.0
2017-08-02,601699.SH,601699.SH,9.4335888940769,9.868829583395899,9.332370129118994,9.484198276555853,1062715.93,1010953247.0
2017-08-03,601699.SH,601699.SH,9.413536549041785,9.747565265298107,9.322437808244606,9.707076936054916,558359.87,527218011.00000006
2017-08-04,601699.SH,601699.SH,9.818727773879539,10.67913175406486,9.788360574578881,10.102154967352352,1847732.81,1884324429.0
2017-08-07,601699.SH,601699.SH,10.072157752092151,10.487191388108009,9.657124116076293,10.41633198683701,1425441.44,1409961623.0
2017-08-08,601699.SH,601699.SH,10.305020286950004,10.568213339465427,9.879862279040475,9.950721947025396,1241521.33,1249691184.0
2017-08-09,601699.SH,601699.SH,10.102611755128157,10.942808925143826,9.940646035607065,10.942808925143826,2128193.37,2203458030.0
2017-08-10,601699.SH,601699.SH,10.5378859492092,11.094642651616986,10.477148854401076,11.064274104212924,1519724.58,1611553041.0
2017-08-11,601699.SH,601699.SH,10.831293684400512,10.973011545691735,9.960741107897293,10.122704377944405,1629835.17,1677011215.0
2017-08-14,601699.SH,601699.SH,10.122704377944407,10.345403874259185,9.99110922103113,10.24417683047974,787055.07,791316398.0
2017-08-15,601699.SH,601699.SH,10.021024685544782,10.142491651430174,9.737601765145536,9.95016895544497,737289.67,721973425.0
2017-08-16,601699.SH,601699.SH,10.00083919583368,10.284263788428158,9.818637672022945,10.12230687837417,666860.54,663072504.0
2017-08-17,601699.SH,601699.SH,10.618299915414504,10.760012211711743,10.344997629698403,10.53732146038751,1162354.72,1212650801.0
2017-08-18,601699.SH,601699.SH,10.253772185194935,10.64853735323304,10.20316126621569,10.405604942132666,617701.0,636801312.0
2017-08-21,601699.SH,601699.SH,10.32434212258458,11.042997309548802,10.243366890250584,10.840559228713811,908832.78,961395031.0
2017-08-22,601699.SH,601699.SH,10.688483452723746,10.769456812214079,10.496171723934209,10.546780073615666,560106.21,586766751.0
2017-08-23,601699.SH,601699.SH,10.375013720173483,10.395257649383577,9.980257100576637,10.152330498862442,634798.42,638652033.0
2017-08-24,601699.SH,601699.SH,10.263236240732725,10.415059262045338,9.898860989582449,10.010197871878368,553989.39,555742591.0
2017-08-25,601699.SH,601699.SH,10.253322697734015,10.77965318172431,10.101496596582969,10.627827080573264,1111724.44,1153467705.0
2017-08-28,601699.SH,601699.SH,10.556974900036108,10.95172276302883,10.374783578654851,10.840383622184728,1097412.42,1157916015.0
2017-08-29,601699.SH,601699.SH,10.809699200467744,11.08297811283912,10.52629884689743,10.728727670876225,888764.91,949030477.0
2017-08-30,601699.SH,601699.SH,10.526375471456822,11.447433325209294,10.465646382198416,11.12354484916447,1374705.68,1495135454.0
2017-08-31,601699.SH,601699.SH,11.184085061648139,11.568696131641467,10.961415494809893,11.447240004275153,1257567.15,1401364406.0
2017-09-01,601699.SH,601699.SH,11.85182785613935,12.550184920250038,11.6696477524583,12.135219128532093,1642984.99,1956029168.0
2017-09-04,601699.SH,601699.SH,12.418875982841023,12.499846649395813,11.710382650486606,11.83183865031879,927838.91,1099330253.0
2017-09-05,601699.SH,601699.SH,11.86165610875697,11.892018709717952,11.436579695303223,11.730084837926048,746714.53,861278007.0
2017-09-06,601699.SH,601699.SH,11.608932425821699,11.92268735624931,11.507721157941821,11.710143693701573,530787.06,616135059.0
2017-09-07,601699.SH,601699.SH,11.649681221347127,11.700288003368618,11.244826965175202,11.376404598431078,543555.13,614891497.0
2017-09-08,601699.SH,601699.SH,11.426460778664177,11.719965971384514,11.29488948537575,11.426460778664175,557905.51,634656038.0
2017-09-11,601699.SH,601699.SH,11.264205035607143,11.638666478839365,11.031431706030355,11.618425319745732,634696.11,706481546.0
2017-09-12,601699.SH,601699.SH,11.871439808416152,12.124454297086574,11.567822422011647,11.618425319745732,1018868.17,1194573444.0
2017-09-13,601699.SH,601699.SH,11.527187874832567,11.861162589379955,11.355140294611186,11.64863322557707,547079.03,629094450.0
2017-09-14,601699.SH,601699.SH,11.618074419061195,11.638314966829594,11.162662094272209,11.253744559230006,721012.96,806167177.0
2017-09-15,601699.SH,601699.SH,11.213817098302021,11.213817098302021,10.32318902551269,10.495242175937902,1116310.3,1175414290.0
2017-09-18,601699.SH,601699.SH,10.424768343600437,10.576585358313064,10.25270906025946,10.50573741811384,707404.47,728291214.0
2017-09-19,601699.SH,601699.SH,10.496000146570386,10.607336695858985,10.384663597281792,10.516243155531951,405067.25,421062943.0
2017-09-20,601699.SH,601699.SH,10.56711758801896,10.789796311138135,10.39504766560869,10.73918751042923,499443.52,524255723.0
2017-09-21,601699.SH,601699.SH,10.67862605124285,10.810211016803187,10.344602677128144,10.354724597555863,409270.55,426911177.0
2017-09-22,601699.SH,601699.SH,10.233057085703571,10.577195504016055,10.07110959473299,10.435491449416798,518797.75,530550561.0
2017-09-25,601699.SH,601699.SH,10.324558762314277,10.324558762314277,10.122116433641448,10.213215481544221,403300.46,406793596.0
2017-09-26,601699.SH,601699.SH,10.243472257693078,10.445912420888595,10.233350249533304,10.31432631481151,294848.44,301238775.0
2017-09-27,601699.SH,601699.SH,10.314804947020175,10.669091672383967,10.314804947020175,10.557744415841062,391417.78,407183733.0
2017-09-28,601699.SH,601699.SH,10.466327610134893,10.587793694585203,10.263884136051049,10.476449783839087,344123.18,354879505.0
2017-09-29,601699.SH,601699.SH,10.40519357182639,10.587385677169655,10.223001466483126,10.374828220935846,337455.12,346745398.0
2017-10-09,601699.SH,601699.SH,10.526812717471115,10.607788199913202,10.101691434650167,10.132057240565947,548310.52,555535643.0
2017-10-10,601699.SH,601699.SH,10.05080313470757,10.071046444143033,9.787640112046546,9.858491695070668,528289.66,515923610.0
2017-10-11,601699.SH,601699.SH,9.878931163624953,9.990271576329741,9.79795631802147,9.889053019325388,369143.66,361125928.0
2017-10-12,601699.SH,601699.SH,9.909061629825677,9.909061629825677,9.382737620887031,9.726872549808453,638332.54,605210568.0
2017-10-13,601699.SH,601699.SH,9.797943565239052,10.071233313443033,9.767578037660833,10.020624100812668,515160.59,504765147.0
2017-10-16,601699.SH,601699.SH,10.02042207210096,10.212733202777645,9.777502749140938,10.040665349014295,440952.46,435290607.0
2017-10-17,601699.SH,601699.SH,9.828045962178383,9.969747963692797,9.787559676031405,9.79768124756815,241757.14,236126422.0
2017-10-18,601699.SH,601699.SH,9.807460615392822,9.918794017631546,9.645521121227409,9.746733305080795,255411.68,246698836.0
2017-10-19,601699.SH,601699.SH,9.645374341558176,9.797190307060141,9.50367944042301,9.776948178326547,272751.66,259717318.0
2017-10-20,601699.SH,601699.SH,9.706063320879892,9.999573056339242,9.695942295519224,9.979331005617906,268442.54,262473999.0
2017-10-23,601699.SH,601699.SH,9.918449907108812,9.979175110621721,9.786878632830838,9.84760383634375,183608.28,179027177.0
2017-10-24,601699.SH,601699.SH,9.848094210913606,9.949307923255986,9.817730097210891,9.939186552021749,245149.41,239663471.0
2017-10-25,601699.SH,601699.SH,9.919288120014473,10.060992236014679,9.899044674871584,10.03062706830035,250156.1,247243972.0
2017-10-26,601699.SH,601699.SH,10.050961884993356,10.16230184545149,9.929500109948119,10.131936401690181,365575.93,363203410.0
2017-10-27,601699.SH,601699.SH,10.171922502898111,10.171922502898111,9.655735390810742,9.655735390810744,610348.66,594181457.0
2017-10-30,601699.SH,601699.SH,9.64526294974983,9.655383897231205,9.311271682864474,9.452964947603718,369414.55,343944497.0
2017-10-31,601699.SH,601699.SH,9.382118315234095,9.523811579973339,9.3416345253086,9.452964947603718,233893.21,218017607.0
2017-11-01,601699.SH,601699.SH,9.443187005050346,9.534278841111925,9.341973853870815,9.362216484106721,301162.19,280761886.0
2017-11-02,601699.SH,601699.SH,9.453435244286453,9.544528303385574,9.38258508720936,9.423070891253415,241168.08,225170414.0
2017-11-03,601699.SH,601699.SH,9.413109660658407,9.413109660658407,8.93739336597997,9.038609598890275,560434.71,504608189.0
2017-11-06,601699.SH,601699.SH,9.06881295273577,9.159905939984233,8.765169661907564,9.149784496956626,462407.29,411205121.0
2017-11-07,601699.SH,601699.SH,9.10912999693156,9.341918874630922,8.97755367475366,9.179978785796584,584828.3,529954669.0
2017-11-08,601699.SH,601699.SH,9.169696004307637,9.361996472389142,9.05836415436571,9.250664622447218,428206.4,390504051.0
2017-11-09,601699.SH,601699.SH,9.361837076328515,9.604738795065687,9.361837076328515,9.392199791170661,541373.99,506859398.0
2017-11-10,601699.SH,601699.SH,9.321222916796925,9.341464443217765,9.209894521482303,9.250377574323984,284142.02,260043121.0
2017-11-13,601699.SH,601699.SH,9.179589357695406,9.493334969700431,9.118864400533141,9.432610012538166,369147.43,340782427.0
2017-11-14,601699.SH,601699.SH,9.432464744454727,9.898015579481461,9.412223403801391,9.725964183928102,718991.53,690846955.0
2017-11-15,601699.SH,601699.SH,9.614273121878604,9.755957146832605,9.462468809427888,9.685115134355604,431534.04,411880036.0
2017-11-16,601699.SH,601699.SH,9.654828862458857,9.695310325194534,9.300616063521685,9.300616063521687,384796.34,359579921.0
2017-11-17,601699.SH,601699.SH,9.280695274375244,9.361660991054636,8.916349549317983,9.159246699356158,575410.5,515545466.0
2017-11-20,601699.SH,601699.SH,9.088763449346697,9.291185797884484,8.886341100808908,9.281064680457595,301500.83,270731937.0
2017-11-21,601699.SH,601699.SH,9.291233944051243,9.422809152409268,9.08881054657736,9.179901075440608,339944.64,310339863.0
2017-11-22,601699.SH,601699.SH,9.351679136732573,9.716030271929945,9.34155827186598,9.705909407063352,686946.54,644795346.0
2017-11-23,601699.SH,601699.SH,9.847314852031136,10.120570248747313,9.634782876807442,9.665144587553685,984734.32,968209306.0
2017-11-24,601699.SH,601699.SH,9.573872761155583,10.201335880808486,9.482789405076934,10.120372897627465,778899.7,761059117.0
2017-11-27,601699.SH,601699.SH,10.120372897627464,10.494826694839679,10.029289541548817,10.140613643422718,860448.74,872844389.0
2017-11-28,601699.SH,601699.SH,10.049158659021732,10.474198602303618,9.83663868738079,10.45395860500448,813122.08,817865404.0
2017-11-29,601699.SH,601699.SH,10.332475735273295,10.666434304581832,10.251516082107589,10.484275084958993,838586.67,870011643.0
2017-11-30,601699.SH,601699.SH,10.67641190717073,10.899047984855805,10.544854224902274,10.625812798605939,812450.21,861225491.0
2017-12-01,601699.SH,601699.SH,10.625456227706657,10.716531566801285,10.240915907084892,10.554619852855279,590705.52,609208405.0
2017-12-04,601699.SH,601699.SH,10.67585424120403,10.898478689835772,10.331798275136792,10.402633326974163,608591.83,638901254.0
2017-12-05,601699.SH,601699.SH,10.47384554533979,10.726836983633023,10.200614791983101,10.453606230276334,642751.61,664769464.0
2017-12-06,601699.SH,601699.SH,10.332351249619702,10.828223150923682,10.069235546886974,10.807983481482703,656213.35,679571434.0
2017-12-07,601699.SH,601699.SH,10.635419200090746,10.81756719780876,10.18004920579571,10.29136187106783,594156.17,617587399.0
2017-12-08,601699.SH,601699.SH,10.160149532079691,10.34230360735602,9.917277431711254,10.311944594809965,513075.74,514174770.0
2017-12-11,601699.SH,601699.SH,10.413528863893802,10.46412910132769,10.140287581750815,10.332568483999585,423931.38,430831210.0
2017-12-12,601699.SH,601699.SH,10.312084509292468,10.372803358218626,9.876932758655004,9.927531799426802,445091.65,444276858.0
2017-12-13,601699.SH,601699.SH,9.85631211046489,10.068819866440005,9.674162605343362,9.947386863025654,408357.16,399036061.0
2017-12-14,601699.SH,601699.SH,9.876143842732283,10.00769084063753,9.683882845793848,9.795191844021362,300354.53,292295615.0
2017-12-15,601699.SH,601699.SH,9.795450270359373,9.876404404825154,9.501991532920922,9.512110799729143,319460.85,303746121.0
2017-12-18,601699.SH,601699.SH,9.674019068660707,10.463321879702061,9.674019068660707,10.46332187970206,876176.81,877831764.0
2017-12-19,601699.SH,601699.SH,10.746412438690717,11.080340508819523,10.574388887412239,11.009507281822506,1360625.78,1458091727.0
2017-12-20,601699.SH,601699.SH,10.97961712548084,11.080811753365456,10.77722786971161,11.040333902211609,861154.18,930537780.0
2017-12-21,601699.SH,601699.SH,10.929019811538533,11.070692290576995,10.676033241826993,11.040333902211609,695214.75,749898851.0
2017-12-22,601699.SH,601699.SH,10.989372609802242,11.384018587502323,10.88818133346889,11.060206503235591,862446.68,949674620.0
2017-12-25,601699.SH,601699.SH,11.059971179692967,11.343300725009897,10.827236196039776,10.938544231699998,743618.8,812479484.0
2017-12-26,601699.SH,601699.SH,10.978734944580355,11.231701187543036,10.685294102743645,11.150751989794978,683748.12,740159908.0
2017-12-27,601699.SH,601699.SH,11.008602042407384,11.757348872497591,10.958011040374261,11.210966050539874,1094182.82,1232688858.0
2017-12-28,601699.SH,601699.SH,11.200808856755181,11.878725923966199,11.079390874568132,11.625771794409848,1266076.96,1436178864.0
2017-12-29,601699.SH,601699.SH,11.524282280073832,11.584989649415746,11.321924382267442,11.514164385183513,600622.19,679583910.0
2018-01-02,601699.SH,601699.SH,11.6860194131879,12.525793968421317,11.6860194131879,12.363909716810056,1122978.3,1348627378.0
2018-01-03,601699.SH,601699.SH,12.242946088629857,12.73873481453305,12.202473539576536,12.34412746126316,870375.2,1069239398.0
2018-01-04,601699.SH,601699.SH,12.313852493170259,12.617398569419322,12.182315860128998,12.546571151627875,563657.31,693667445.0
2018-01-05,601699.SH,601699.SH,12.496105937377472,12.496105937377472,11.939599195227059,12.061018848059875,698838.92,842649251.0
2018-01-08,601699.SH,601699.SH,12.060981216175794,13.2650556832269,12.060981216175794,12.971625771088396,1593936.91,2038017131.0
2018-01-09,601699.SH,601699.SH,12.839574620738714,12.991342642260449,12.657452994912633,12.950871169854654,890227.46,1128185169.0
2018-01-10,601699.SH,601699.SH,12.828882452414925,13.112170077547118,12.44442067544981,12.656886394298953,723793.68,909948143.0
2018-01-11,601699.SH,601699.SH,12.585723312052924,12.808300412426851,12.069749124822458,12.241740520565948,787944.72,958661768.0
2018-01-12,601699.SH,601699.SH,12.079364610172727,12.443566558218135,11.866913473812906,12.180531817963118,773887.42,928839708.0
2018-01-15,601699.SH,601699.SH,12.109796799098321,12.130030377710014,11.148701815042898,11.35103760115983,1105978.11,1262557114.0
2018-01-16,601699.SH,601699.SH,11.279865467474508,11.492311364171336,10.885323087894681,11.198933697304287,1125219.51,1242226169.0
2018-01-17,601699.SH,601699.SH,11.158171587423444,11.512238682219294,10.824336898044502,11.279566019924879,900001.04,1000111321.0
2018-01-18,601699.SH,601699.SH,11.330673434103653,11.522890215575055,11.097989961796168,11.431840161193865,750573.1,843045441.0
2018-01-19,601699.SH,601699.SH,11.43190932530893,11.887162351538045,11.340858720063107,11.705061141046398,928354.94,1071422112.0
2018-01-22,601699.SH,601699.SH,11.806225455555525,12.241244902504015,11.654474485689772,11.84669238085306,799985.73,947697791.0
2018-01-23,601699.SH,601699.SH,11.796108724231141,11.87704257482621,11.533073709797172,11.84669238085306,552114.48,637692466.0
2018-01-24,601699.SH,601699.SH,11.886638723387273,11.886638723387273,11.41117317445178,11.573033786855353,527385.96,602021231.0
2018-01-25,601699.SH,601699.SH,11.673796074801764,12.189709072908256,11.673796074801764,12.027854014678768,789774.53,936022718.0
2018-01-26,601699.SH,601699.SH,11.734190120233572,11.987082148686882,11.461066729504,11.885925337305558,689945.63,804521975.0
2018-01-29,601699.SH,601699.SH,12.118754987749583,12.71558849716296,12.118754987749583,12.695356852776067,1229755.01,1521362151.0
2018-01-30,601699.SH,601699.SH,12.634130926361102,13.382670308707558,12.472284573421328,12.876900455770764,1084246.58,1388819277.0
2018-01-31,601699.SH,601699.SH,12.846584209942492,13.129815987799493,12.452082805070244,13.018546360784242,824404.45,1041431593.0
2018-02-01,601699.SH,601699.SH,12.948264705608423,13.464172127472509,12.18957732051418,12.816758892192087,1178948.78,1506396196.0
2018-02-02,601699.SH,601699.SH,12.796099453719524,14.100998133189735,12.603905074572749,14.100998133189735,1506211.52,2006786245.0
2018-02-05,601699.SH,601699.SH,14.141115965920555,15.112179723236986,13.979272006367816,14.464803885026031,1642346.91,2352160843.0
2018-02-06,601699.SH,601699.SH,14.039517778073387,14.363195421371907,13.280898301592476,14.019287925367228,1321674.22,1809175851.0
2018-02-07,601699.SH,601699.SH,14.433737469481535,15.05073675864648,13.341345285386225,13.46272219473015,1705531.95,2415108221.0
2018-02-08,601699.SH,601699.SH,13.12935127136893,13.513723650653999,12.380836638024322,12.84612951821151,1226408.46,1568201554.0
2018-02-09,601699.SH,601699.SH,12.239246881766165,12.482008803387973,11.561536517238618,11.723377798319824,1205190.21,1410411356.0
2018-02-12,601699.SH,601699.SH,11.723348665675763,12.036915368554064,11.33897657827656,11.80426910512823,713559.8,827301152.0
2018-02-13,601699.SH,601699.SH,11.935825100878983,12.320199129551357,11.784098510613573,12.016745949020537,665074.28,791703203.0
2018-02-14,601699.SH,601699.SH,12.036839043345385,12.481898638225383,11.713159337978114,12.431323684261747,539054.97,644948969.0
2018-02-22,601699.SH,601699.SH,12.59303950578743,12.936945805543875,12.502005485263666,12.734647982157732,631519.63,793091645.0
2018-02-23,601699.SH,601699.SH,12.694534795635224,13.786972849761602,12.472001117942813,13.493633001894334,838628.74,1081050944.0
2018-02-26,601699.SH,601699.SH,13.807315189432838,13.999504924670365,13.271206980612368,13.71627794642559,790861.17,1068950111.0
2018-02-27,601699.SH,601699.SH,13.656086545176873,13.656086545176873,12.502905903584159,12.816490113140071,1185347.02,1516527781.0
2018-02-28,601699.SH,601699.SH,12.452277916134854,12.897363398108803,12.05777032983976,12.624242761442972,776067.09,958388513.0
2018-03-01,601699.SH,601699.SH,12.361221868860607,12.927693574798571,12.300528471795824,12.634342155652124,644593.11,805411570.0
2018-03-02,601699.SH,601699.SH,12.351458606212834,12.503196426927978,12.098562238354258,12.19972078549769,629760.67,763818454.0
2018-03-05,601699.SH,601699.SH,12.179289927796674,12.371488024663899,11.461075986871789,11.754430976827024,824845.37,968913368.0
2018-03-06,601699.SH,601699.SH,11.724368129116593,12.412251677675634,11.380426354837073,12.351556070449837,1155033.83,1356827485.0
2018-03-07,601699.SH,601699.SH,12.139452228417433,12.230498120130564,11.694338980042128,11.805617292135954,724115.6,856782574.0
2018-03-08,601699.SH,601699.SH,11.724830372353509,11.927157039693515,11.562969038481501,11.714714038986507,573330.9,662863563.0
2018-03-09,601699.SH,601699.SH,11.63323374448962,11.714160587929548,11.410684925029818,11.562422756479682,587372.02,668285067.0
2018-03-12,601699.SH,601699.SH,11.571984490354703,11.946253219500791,11.48094615083268,11.703484314108735,798075.96,926688797.0
2018-03-13,601699.SH,601699.SH,11.602494213349777,11.905959624335384,11.541801131152654,11.7643424325421,550614.99,640369986.0
2018-03-14,601699.SH,601699.SH,11.663231474286654,12.18924017911138,11.521613746064615,12.017275794841758,910068.8,1070916914.0000001
2018-03-15,601699.SH,601699.SH,11.936134354144356,12.249710765143062,11.865326777467228,12.23959539704633,737955.63,879937492.0
2018-03-16,601699.SH,601699.SH,12.168882806570748,12.280152724170316,11.63276411268193,11.663110453845448,670295.77,791242235.0
2018-03-19,601699.SH,601699.SH,11.349761552985465,11.349761552985465,10.823747648569025,10.833863300577036,872760.66,957760323.0
2018-03-20,601699.SH,601699.SH,10.570489564236917,10.975101604973258,10.47945185507124,10.873948594789173,448766.96,478887949.0
2018-03-21,601699.SH,601699.SH,11.07628061575503,11.07628061575503,10.5705143775927,10.772820872857633,581103.83,619908258.0
2018-03-22,601699.SH,601699.SH,10.74205668777212,10.863435859385365,10.630792447126646,10.782516411643204,329318.19,350233241.0
2018-03-23,601699.SH,601699.SH,10.145519944961316,10.620933142781041,9.821834363467039,10.590587619515953,1004394.64,1003391169.0
2018-03-26,601699.SH,601699.SH,10.25713243996443,10.408865168366269,10.115515226789377,10.327941046551956,405642.63,411499168.0
2018-03-27,601699.SH,601699.SH,10.509834729055822,10.560411412063788,10.246835977414387,10.36822001663351,530683.31,543678736.0
2018-03-28,601699.SH,601699.SH,10.075304295466196,10.35854578168412,9.994378156546789,10.095535830196047,435418.93,436036519.0
2018-03-29,601699.SH,601699.SH,10.075283165180734,10.783385395665322,10.024704434431833,10.611417711119065,743416.45,765882097.0
2018-03-30,601699.SH,601699.SH,10.621609468242738,10.904852387395879,10.560914556995638,10.742999290736941,576110.01,610453054.0
2018-04-02,601699.SH,601699.SH,10.875048657018917,11.219003684310678,10.723303792037257,10.804234386694143,593312.8,643909157.0
2018-04-03,601699.SH,601699.SH,10.55151084969654,10.55151084969654,10.248015810874971,10.409879831579806,353971.07,364577067.0
2018-04-04,601699.SH,601699.SH,10.450051031280077,10.682723997126585,10.35900508812275,10.399469951748227,342579.43,355295645.0
2018-04-09,601699.SH,601699.SH,10.287911080805275,10.54080958328328,10.13617197931847,10.389070481796477,253155.06,258963393.0
2018-04-10,601699.SH,601699.SH,10.439692175272233,10.824099445291946,10.439692175272233,10.813983464501954,467111.29,492233816.0
2018-04-11,601699.SH,601699.SH,10.87463914900545,10.975798582949686,10.571160847172738,10.672320281116978,445200.52,471869798.0
2018-04-12,601699.SH,601699.SH,10.571171090545652,10.581287043742348,10.348620120218376,10.439663698988626,343318.65,354704178.0
2018-04-13,601699.SH,601699.SH,10.489774084743772,10.661737594329734,10.41896558079661,10.489774084743772,351473.24,365649651.0
2018-04-16,601699.SH,601699.SH,10.338207852478755,10.36855484226098,10.004390964874254,10.125778924003162,463982.72,465300392.0
2018-04-17,601699.SH,601699.SH,10.156044092025763,10.257199909675423,10.024541529081207,10.044772692611138,334785.4,334990759.0
2018-04-18,601699.SH,601699.SH,10.297547482727955,10.429048580248057,10.145815447127838,10.348124827927995,524119.09,533151914.0
2018-04-19,601699.SH,601699.SH,10.347641849858555,10.681436748241088,10.347641849858555,10.640976760558356,530991.36,554124190.0
2018-04-20,601699.SH,601699.SH,10.529280432324484,10.569738762515932,10.22584295588862,10.468592937037311,492251.49,504793794.0
2018-04-23,601699.SH,601699.SH,10.519604980039801,10.762365094963796,10.337534893846804,10.661215047078798,350136.2,366397217.0
2018-04-24,601699.SH,601699.SH,10.80324895701701,11.025787793210245,10.540248514243187,10.570594719178628,810044.18,866474260.0
2018-04-25,601699.SH,601699.SH,10.398571542344513,10.469378936115342,10.226610728901072,10.28730278070464,386874.28,394096057.0
2018-04-26,601699.SH,601699.SH,10.297590083485344,10.469553768573016,10.135741909285182,10.297590083485344,341506.57,347540070.0
2018-04-27,601699.SH,601699.SH,10.328361410421952,10.419404752923223,10.196854360142337,10.37894104514488,280673.48,286506806.0
2018-05-02,601699.SH,601699.SH,10.277695614654197,10.318158983215826,9.984336192582374,10.13607382468849,403919.24,402966337.0
2018-05-03,601699.SH,601699.SH,10.115922584480362,10.227197732909644,10.065342971557959,10.176618119987245,289621.85,290745249.0
2018-05-04,601699.SH,601699.SH,10.115846817448858,10.166426051536105,9.984340808822024,9.994456655639473,283253.93,281579989.0
2018-05-07,601699.SH,601699.SH,10.024796341201165,10.338387346829052,9.96410130785383,10.328271507937831,426566.34,430911530.0
2018-05-08,601699.SH,601699.SH,10.277662977548937,10.378821077721662,10.206852307428028,10.277662977548937,324201.43,329649122.0
2018-05-09,601699.SH,601699.SH,10.318612253004137,10.500705410410093,10.257914533868819,10.308495966481583,353810.01,362339255.0
2018-05-10,601699.SH,601699.SH,10.3890829299207,10.672329592080175,10.358735073260757,10.561054117660381,584905.73,609546058.0
2018-05-11,601699.SH,601699.SH,10.520870594676111,10.915403241976465,10.43994082087091,10.783892359543014,666384.6,706583341.0
2018-05-14,601699.SH,601699.SH,10.85423423654595,10.925044711528077,10.570992336617444,10.662034375880179,408511.01,434217718.0
2018-05-15,601699.SH,601699.SH,10.773439608186425,10.904946382746447,10.490194247595607,10.76332370245104,330533.85,348877202.0
2018-05-16,601699.SH,601699.SH,10.681961098523683,10.884270967813903,10.57069067041406,10.722423072381726,358881.99,380695122.0
2018-05-17,601699.SH,601699.SH,10.722033910894856,10.782724668881055,10.5197313842742,10.590537268591431,321862.82,337273837.0
2018-05-18,601699.SH,601699.SH,10.591023705565432,11.208074752403531,10.591023705565432,11.187843570539988,909663.99,984368238.0
2018-05-21,601699.SH,601699.SH,11.116610539762354,11.13684095020778,10.94465205097622,11.035688897980643,697601.67,760800087.0
2018-05-22,601699.SH,601699.SH,11.036046450179299,11.066393049034053,10.692118329825407,10.833735791147598,579523.51,621056343.0
2018-05-23,601699.SH,601699.SH,10.590885686279654,10.590885686279654,10.054766353545343,10.11545910819451,952934.61,967785163.0
2018-05-24,601699.SH,601699.SH,10.034535435328955,10.186267321951872,9.963727221571594,10.064881812653539,295752.37,295062628.0
2018-05-25,601699.SH,601699.SH,10.115307072235971,10.155768300524914,9.913000930791252,10.0950764580915,269741.93,267151610.99999997
2018-05-28,601699.SH,601699.SH,10.095056247728218,10.206324402763297,10.034364526799992,10.105171534549589,198398.96,198672521.0
2018-05-29,601699.SH,601699.SH,10.165802563756888,10.287185280936072,10.12534165803049,10.165802563756888,302447.44,304941832.0
2018-05-30,601699.SH,601699.SH,9.97379596783393,9.97379596783393,9.35675585217686,9.38710208737311,487772.58,465507773.0
2018-05-31,601699.SH,601699.SH,9.488692725107192,9.58985149616377,9.357186322733638,9.49880860221285,322660.18,302952839.0
2018-06-01,601699.SH,601699.SH,9.559885053785957,9.913954870592844,9.54976877330576,9.7419781024295,487575.22,470808003.0
2018-06-04,601699.SH,601699.SH,9.843444319513043,10.035659573439812,9.78274476564143,9.813094542577236,270834.84,265073886.0
2018-06-05,601699.SH,601699.SH,9.85400558534305,9.874239683054226,9.641547559375693,9.864122634198637,239158.25,231216143.0
2018-06-06,601699.SH,601699.SH,9.803594336862238,10.016056133636344,9.763125423190981,9.975587219965083,183821.92,180619757.0
2018-06-07,601699.SH,601699.SH,9.975875112795043,10.188343041160861,9.975875112795043,10.026462714786906,268809.94,268371864.0
2018-06-08,601699.SH,601699.SH,10.00641081455802,10.00641081455802,9.621938002674092,9.895116053223198,247386.94,239249255.0
2018-06-11,601699.SH,601699.SH,9.793963254898317,9.915376022521025,9.662432756640387,9.804080985533544,156405.76,151611543.0
2018-06-12,601699.SH,601699.SH,9.813775690362041,10.097059937094143,9.773306512257456,9.975652402780383,293481.86,289327349.0
2018-06-13,601699.SH,601699.SH,9.955417813728092,10.086942642567996,9.87447945751892,9.975652402780383,283294.48,279817596.0
2018-06-14,601699.SH,601699.SH,9.945456717758804,10.198393053408823,9.894869450628798,10.178158146556823,356484.08,356240664.0
2018-06-15,601699.SH,601699.SH,10.187928978217082,10.400388271705221,10.106992104507313,10.28910007035429,468598.6,476953713.0
2018-06-19,601699.SH,601699.SH,10.116739252015366,10.319074037055673,9.600785550162582,9.904287727723041,822166.47,822744711.0
2018-06-20,601699.SH,601699.SH,9.893821144775718,10.187196209395857,9.721842658619085,10.15684706477998,291882.74,287620194.0
2018-06-21,601699.SH,601699.SH,10.13621241827016,10.672359382509999,10.126096437812805,10.308184086045202,615270.62,633892113.0
2018-06-22,601699.SH,601699.SH,10.126265531894246,10.520795357812204,9.792432602271358,10.480330760282156,420175.26,425577197.0
2018-06-25,601699.SH,601699.SH,10.57096121226317,10.651887231113031,10.125868108588932,10.206794127438792,345943.68,352660733.0
2018-06-26,601699.SH,601699.SH,9.956768671123818,10.029673881058825,9.613072681430213,9.852618371216666,334019.64,314666147.0
2018-06-27,601699.SH,601699.SH,9.873292927048048,9.977441586616065,9.581676680257598,9.65458074195521,260518.17,244090932.0
2018-06-28,601699.SH,601699.SH,9.612529796921178,9.747917540539786,9.383412076951226,9.487556495119385,183307.15,169076212.0
2018-06-29,601699.SH,601699.SH,9.55036801249879,9.664930769464425,9.10253178072404,9.644101177288855,283830.15,257470962.0
2018-07-02,601699.SH,601699.SH,9.58116072750023,9.591575032638818,9.02920255515511,9.10210269112522,304418.72,272006417.0
2018-07-03,601699.SH,601699.SH,9.070513414591133,9.164238581906082,8.664371022893022,8.945546524837868,282093.57,241369889.0
2018-07-04,601699.SH,601699.SH,8.914100297759967,9.03906432062576,8.809963612038473,8.85161828632707,182804.9,156749383.0
2018-07-05,601699.SH,601699.SH,8.788756497400813,8.903301901987792,8.413880627843433,8.434707065041065,238045.12,196632147.0
2018-07-06,601699.SH,601699.SH,8.444889485321571,8.52819295743325,8.12208853088881,8.382411881237811,260760.96,209643654.0
2018-07-09,601699.SH,601699.SH,8.413309589333071,8.923522670864408,8.392484565597098,8.861047599656489,309950.36,257639219.0
2018-07-10,601699.SH,601699.SH,8.83002977294145,8.954983024445337,8.736314834313534,8.871680856776077,212530.34,180194175.0
2018-07-11,601699.SH,601699.SH,8.621782827256608,8.632195608448946,8.330224953871118,8.476003890563863,254397.1,206733137.0
2018-07-12,601699.SH,601699.SH,8.528437615579293,8.799181666867524,8.507611150095583,8.78876843412567,267695.68,223429604.0
2018-07-13,601699.SH,601699.SH,8.74679285506544,8.819682795524319,8.642664368695613,8.694728611880526,193502.58,161950442.0
2018-07-16,601699.SH,601699.SH,8.684500973769302,8.924001600144233,8.684500973769302,8.788631680888836,251281.92,212553428.0
2018-07-17,601699.SH,601699.SH,8.757362710623225,8.757362710623225,8.517862898085372,8.58034111005177,224184.96,184834054.0
2018-07-18,601699.SH,601699.SH,8.601243073358827,8.663721836603566,8.48669867407681,8.497111801284266,157111.67,129293336.0
2018-07-19,601699.SH,601699.SH,8.549595490007968,8.622490944855782,8.466286398753324,8.518354580787475,171426.46,140790315.0
2018-07-20,601699.SH,601699.SH,8.455868929017505,8.612073404307237,8.2267690319259,8.591246140935274,266275.54,215048883.0
2018-07-23,601699.SH,601699.SH,8.497526437348611,8.955726392303683,8.44545826064917,8.903658215604244,507361.23,428675710.0
2018-07-24,601699.SH,601699.SH,8.85158934192921,9.288961991765714,8.85158934192921,9.257721088205964,637653.93,559833559.0
2018-07-25,601699.SH,601699.SH,9.393099815606634,9.476408904880307,9.143172547785616,9.19524072858166,412652.98,367399536.0
2018-07-26,601699.SH,601699.SH,9.247313439097873,9.403518058001552,9.174417950276156,9.226486156577382,324141.95,288194401.0
2018-07-27,601699.SH,601699.SH,9.216075674515661,9.341039412475197,9.132766515875971,9.174421095195816,237850.63,210595163.0
2018-07-30,601699.SH,601699.SH,9.268139588618526,9.486826028349974,9.216071388682467,9.382689628477856,328480.05,294594808.0
2018-07-31,601699.SH,601699.SH,9.393099025042705,9.41392629560821,9.07027633127738,9.174412684104905,271590.8,239611782.0
2018-08-01,601699.SH,601699.SH,9.247309466082882,9.361859470730304,8.862004904996093,8.872418541782222,271748.04,237995034.0
2018-08-02,601699.SH,601699.SH,8.851590245643463,8.851590245643463,8.414217551152845,8.653731169564375,332436.87,274886192.0
2018-08-03,601699.SH,601699.SH,8.653733564434166,9.101520018430158,8.653733564434166,8.955729079919834,479505.72,411728340.0
2018-08-06,601699.SH,601699.SH,8.955727628760027,9.216068548200726,8.914073081649516,8.99738217587054,402737.08,349637309.0
2018-08-07,601699.SH,601699.SH,9.143176706933653,9.278554038585291,8.85159476183782,9.268140397689011,432704.46,377876442.0
2018-08-08,601699.SH,601699.SH,9.163999818531,9.28896345242006,9.10151800158647,9.153586182373576,271589.49,239066124.0
2018-08-09,601699.SH,601699.SH,9.039033075542934,9.27854662477967,8.851587689183749,9.143169401298035,424986.86,371152980.0
2018-08-10,601699.SH,601699.SH,9.132758834115085,9.132758834115085,8.914072476627723,8.997381565194338,305672.09,264754473.0
2018-08-13,601699.SH,601699.SH,8.851592634076637,8.986969933186044,8.674560781395103,8.966142656399981,308726.0,261416365.0
2018-08-14,601699.SH,601699.SH,8.95572578137506,9.122343935447153,8.851589435080001,8.903657608227531,314661.59,271569163.0
2018-08-15,601699.SH,601699.SH,8.903656688651715,8.903656688651715,8.549593147816443,8.5704204149244,284532.63,237362964.0
2018-08-16,601699.SH,601699.SH,8.435040914142121,8.580831744756924,8.33090460656012,8.455868175658521,219194.23,178141108.0
2018-08-17,601699.SH,601699.SH,8.549589930467622,8.695380745359882,8.455867263751166,8.497521782291814,253001.46,208123816.0
2018-08-20,601699.SH,601699.SH,8.518349866583836,8.6016589117338,8.393386298858891,8.6016589117338,184462.72,150655572.0
2018-08-21,601699.SH,601699.SH,8.455867422751172,8.601658240384815,8.362144754272403,8.539176461398966,288952.14,235800390.0
2018-08-22,601699.SH,601699.SH,8.57042109071037,8.70579833758672,8.528766553209955,8.591248359460577,262547.09,217523096.0
2018-08-23,601699.SH,601699.SH,8.54959251548189,8.580833413833224,8.393388023725217,8.518351617130554,186486.07,151881909.0
2018-08-24,601699.SH,601699.SH,8.507941907859484,8.528769183031722,8.382978256826053,8.445460082342768,176196.58,142836116.0
2018-08-27,601699.SH,601699.SH,8.487116498212442,8.622493816588836,8.445461938712011,8.622493816588836,190823.42,156833163.0
2018-08-28,601699.SH,601699.SH,8.601665630315683,8.726629295647147,8.58083835276044,8.695388379314279,251891.94,209445602.0
2018-08-29,601699.SH,601699.SH,8.653730778593586,8.684971683931467,8.560008062579938,8.580835332805192,129343.6,106908836.0
2018-08-30,601699.SH,601699.SH,8.622486877849791,8.622486877849791,8.393386984960063,8.393386984960063,163091.04,132713381.0
2018-08-31,601699.SH,601699.SH,8.393385829424933,8.455867609792858,8.320490418995684,8.320490418995684,143858.71,115963041.0
2018-09-03,601699.SH,601699.SH,8.268425490558538,8.310080027034903,8.070566442295801,8.258011856439445,180573.54,142016660.0
2018-09-04,601699.SH,601699.SH,8.23718319469259,8.341319518266454,8.101805974046568,8.310078621194297,155879.46,123300872.0
2018-09-05,601699.SH,601699.SH,8.25801205979699,8.31008023167465,8.049739372286348,8.06015300666188,167518.57,131284416.99999999
2018-09-06,601699.SH,601699.SH,8.049738272190558,8.122633702857225,7.862292879047699,7.924774676761985,178334.17,137046399.0
2018-09-07,601699.SH,601699.SH,8.00808638553823,8.16429093141999,7.956018203577642,8.039327294714582,201304.83,156100789.0
2018-09-10,601699.SH,601699.SH,8.018497397693976,8.101806461566122,7.99767013172594,8.018497397693976,151512.12,117060950.0
2018-09-11,601699.SH,601699.SH,7.966432747375017,8.008087297688089,7.758159995809657,7.789400908544461,177797.93,133948214.0
2018-09-12,601699.SH,601699.SH,7.820641025604862,7.87270920819877,7.706091023898267,7.7789864795297365,108566.53,80994165.0
2018-09-13,601699.SH,601699.SH,7.862298911599742,7.903953475369808,7.768576143117097,7.893539834427291,123046.9,92716233.0
2018-09-14,601699.SH,601699.SH,7.883126548957309,7.956022038841986,7.841471983308922,7.851885624721019,106850.53,80944994.0
2018-09-17,601699.SH,601699.SH,7.831059615239645,7.841473258345017,7.654027682448323,7.685268611764438,124351.93,92232690.0
2018-09-18,601699.SH,601699.SH,7.674853141312646,7.8935395944572395,7.664439500686713,7.872712313205373,140745.87,105213849.0
2018-09-19,601699.SH,601699.SH,7.831057628341362,8.1122259208483,7.820643987878142,7.997675875752881,233040.91,178743537.0
2018-09-20,601699.SH,601699.SH,7.9976785556023895,8.060160419318034,7.92478304793414,7.9560239797919605,138724.55,106364554.0
2018-09-21,601699.SH,601699.SH,7.966441379783602,8.247609899070081,7.945614082058676,8.216368952482695,285082.69,222023845.0
2018-09-25,601699.SH,601699.SH,8.153890546439822,8.216372466335914,8.091408626543732,8.205958813019897,206137.53,161123766.0
2018-09-26,601699.SH,601699.SH,8.174717562967796,8.41423158073628,8.174717562967796,8.21637217475362,270626.16,215979170.0
2018-09-27,601699.SH,601699.SH,8.216371159246947,8.414230540775074,8.205957507587572,8.341334979159448,319587.52,255978973.0
2018-09-28,601699.SH,601699.SH,8.362159630299862,8.393400575369478,8.289264091804098,8.3725732786564,176229.55,141364384.0
2018-10-08,601699.SH,601699.SH,8.23719244295932,8.382983459648866,8.216365154860812,8.258019731057825,217355.11,172933584.0
2018-10-09,601699.SH,601699.SH,8.310091097046387,8.487123112898253,8.226781913116097,8.445468520933106,315117.05,254025818.0
2018-10-10,601699.SH,601699.SH,8.445465468602604,8.653738353155074,8.424638180147356,8.52877462242359,358967.65,294371169.0
2018-10-11,601699.SH,601699.SH,8.205952061664847,8.445465890875877,8.028920100943651,8.122642903678402,401624.78,317240247.0
2018-10-12,601699.SH,601699.SH,8.122642295240732,8.372569750478908,7.883128483970814,8.341328818574135,309363.25,242726033.0
2018-10-15,601699.SH,601699.SH,8.351741548037609,8.351741548037609,7.893541263606619,7.893541263606619,249314.43,193826091.0
2018-10-16,601699.SH,601699.SH,7.862303501149668,8.028921853491912,7.716512442850204,7.758167030935765,152814.5,115366407.0
2018-10-17,601699.SH,601699.SH,7.893543540666885,8.226780207291345,7.841475311506813,8.205952915627316,320723.44,247188267.0
2018-10-18,601699.SH,601699.SH,8.080989421168493,8.101816713491091,7.862302851781201,7.903957436426399,175421.16,134640809.0
2018-10-19,601699.SH,601699.SH,7.831061682971952,8.153884704477445,7.716511578566777,8.14347105862243,219705.72,168610991.0
2018-10-22,601699.SH,601699.SH,8.174709952509478,8.632910255580072,8.153882666006268,8.497532893309215,448132.27,361625952.0
2018-10-23,601699.SH,601699.SH,8.466290261787172,8.58084031452968,8.226776515143747,8.289258362094206,244236.84,196698442.0
2018-10-24,601699.SH,601699.SH,8.237191668838316,8.476705459461934,8.16429616734417,8.393396314897197,225497.16,180849824.0
2018-10-25,601699.SH,601699.SH,8.03933450824339,8.310089297381122,7.987266279563057,8.299675651645055,278964.57,218170909.0
2018-10-26,601699.SH,601699.SH,8.33091335245551,8.643322603172594,8.320499710764942,8.49753161950462,410623.64,334718361.0
2018-10-29,601699.SH,601699.SH,8.403811543630859,8.487120703914684,8.22677957802773,8.299675093276075,222368.77,178225406.0
2018-10-30,601699.SH,601699.SH,8.299675195237684,8.476707163015654,8.153884162949947,8.476707163015654,211288.49,169865641.0
2018-10-31,601699.SH,601699.SH,8.487124881997053,8.653743284588407,8.393402030539416,8.591261383616647,327037.77,268836961.0
2018-11-01,601699.SH,601699.SH,8.622505008575953,8.695400582319953,8.382990980559956,8.393404633951956,370931.15,303959819.0
2018-11-02,601699.SH,601699.SH,8.507953150611009,8.601676012735243,8.351748380403953,8.591262361388106,352398.15,287409588.0
2018-11-05,601699.SH,601699.SH,8.539191758719975,8.570432704178707,8.403814328398804,8.52877811023373,208903.61,170263548.0
2018-11-06,601699.SH,601699.SH,8.528778204997932,8.549605502201835,8.362159827366714,8.435055367580372,177539.8,143642385.0
2018-11-07,601699.SH,601699.SH,8.414225335752347,8.507948142709985,8.330916174012225,8.330916174012225,205103.47,165517467.0
2018-11-08,601699.SH,601699.SH,8.382984400099803,8.445466271404893,8.32050252879471,8.330916174012225,181392.25,145951767.0
2018-11-09,601699.SH,601699.SH,8.258020657489618,8.29967523835968,8.091402334009373,8.12264326966192,183818.46,144721195.0
2018-11-12,601699.SH,601699.SH,8.122646761063578,8.237196907693962,8.039337563514207,8.237196907693962,212520.19,166395066.0
2018-11-13,601699.SH,601699.SH,8.112233091089326,8.362160683112617,8.080992142086414,8.330919734109706,233948.7,184907929.0
2018-11-14,601699.SH,601699.SH,8.258024186436247,8.382987982447892,8.226783237433335,8.226783237433335,232850.63,185330760.0
2018-11-15,601699.SH,601699.SH,8.22678569624775,8.362163182388535,8.174717432347448,8.362163182388535,199188.65,158161449.0
2018-11-16,601699.SH,601699.SH,8.41423437252527,8.45588899813183,8.330925121312148,8.41423437252527,257579.66,207742032.0
2018-11-19,601699.SH,601699.SH,8.382991435673976,8.549609898991719,8.362164127759256,8.518368937119641,284170.99,230907427.0
2018-11-20,601699.SH,601699.SH,8.44547208302417,8.518367649708718,8.247612687737536,8.26843999250455,202197.6,162836878.0
2018-11-21,601699.SH,601699.SH,8.205959196238927,8.205959196238927,8.008099773994589,8.10182265821559,336892.21,261773687.0
2018-11-22,601699.SH,601699.SH,8.10182265821559,8.133063619622591,8.049754389203922,8.10182265821559,112318.83,87310699.0
2018-11-23,601699.SH,601699.SH,8.06016823593581,8.0914091980906,7.758172268439508,7.831067846800684,249056.57,188768005.0
2018-11-26,601699.SH,601699.SH,7.799829232980869,7.862311176102211,7.695692661111965,7.747760947046418,136317.87,101692731.0
2018-11-27,601699.SH,601699.SH,7.768586264674623,7.851895500756924,7.737345301143759,7.778999919184909,89516.87,67062395.00000001
2018-11-28,601699.SH,601699.SH,7.8102398869878495,7.862308152901102,7.6956897019786945,7.841480846535802,100630.43,75274621.0
2018-11-29,601699.SH,601699.SH,7.872724540706253,7.893551854306005,7.664451404708734,7.674865061508609,130150.08,97372475.0
2018-11-30,601699.SH,601699.SH,7.664449421454462,7.747758654296359,7.591553842717802,7.726931346085883,90549.97,66789479.00000001
2018-12-03,601699.SH,601699.SH,7.935206559418932,8.07058409914655,7.84148364729981,7.987274843929554,229054.31,174901466.0
2018-12-04,601699.SH,601699.SH,7.956037349461647,8.028932979626871,7.914382703652947,8.008105656722522,145427.48,111289695.0
2018-12-05,601699.SH,601699.SH,7.903966895059576,8.008103481292245,7.851898601943242,7.935207870929378,121277.55,92286404.0
2018-12-06,601699.SH,601699.SH,7.914383363025873,7.976865336944499,7.820660402147936,7.86231505142702,99796.87,75552216.0
2018-12-07,601699.SH,601699.SH,7.862318463182902,8.049764466278654,7.862318463182902,8.039350799440001,202684.18,155317488.0
2018-12-10,601699.SH,601699.SH,7.976871867242984,7.997699208932913,7.851907817103407,7.903976171328231,96869.17,73661719.0
2018-12-11,601699.SH,601699.SH,7.945627417907442,7.95604108424808,7.831077088160415,7.87273175352297,67280.17,50915731.0
2018-12-12,601699.SH,601699.SH,7.89356104655974,7.91438838441346,7.862320039779161,7.8831473776328815,49731.4,37655652.0
2018-12-13,601699.SH,601699.SH,7.883147160949512,8.008111184636954,7.851906155027651,7.956042841433852,122697.45,93676669.0
2018-12-14,601699.SH,601699.SH,7.935218011128326,7.96645902692017,7.779012932169106,7.779012932169107,99445.8,75099244.0
2018-12-17,601699.SH,601699.SH,7.737358244446648,7.799840276030336,7.716530900585419,7.779012932169107,64477.94,48026062.0
2018-12-18,601699.SH,601699.SH,7.71652752460315,7.7685958614763155,7.601977183482186,7.664459187729985,102134.58,75189775.0
2018-12-19,601699.SH,601699.SH,7.6644561005072624,7.685283426867335,7.435355510546446,7.445769173726485,136761.12,98888985.0
2018-12-20,601699.SH,601699.SH,7.445770687943218,7.497839014432332,7.3624613655606375,7.424943357347573,107179.63,76494774.0
2018-12-21,601699.SH,601699.SH,7.393700998900384,7.435355652415316,7.23749604821939,7.289564365113055,120210.49,84411636.0
2018-12-24,601699.SH,601699.SH,7.279153786120211,7.404117799615837,7.268740118328909,7.372876796241931,64514.03,45551880.0
2018-12-25,601699.SH,601699.SH,7.289564360083466,7.289564360083466,6.977154458937031,7.164600399624892,147823.64,100891358.0
2018-12-26,601699.SH,601699.SH,7.143775123112634,7.185429788553524,6.956329128628628,6.966742794988852,161482.12,108926849.0
2018-12-27,601699.SH,601699.SH,7.102119323899504,7.122946653295103,6.893846029943506,6.914673359339105,166051.57,112050342.0
2018-12-28,601699.SH,601699.SH,6.925086691299991,6.997982340682095,6.89384569870766,6.935500355497434,81983.6,54703780.0
2019-01-02,601699.SH,601699.SH,6.977155118646279,6.997982447358656,6.779295495878698,6.831363817659641,128841.04,84738159.0
2019-01-03,601699.SH,601699.SH,6.831366487627788,6.9042621666116215,6.779298145496479,6.820952819201527,119921.54,78652440.0
2019-01-04,601699.SH,601699.SH,6.758472372170784,6.987573130549454,6.695990347158419,6.977159459714061,163594.09,107999242.0
2019-01-07,601699.SH,601699.SH,7.008397895602424,7.143775566691326,6.987570561588746,7.081293564650294,198227.86,134460093.0
2019-01-08,601699.SH,601699.SH,7.060467069919378,7.060467069919378,6.997985060451064,7.008398728695783,87364.66,58923533.0
2019-01-09,601699.SH,601699.SH,7.039640548106348,7.143777242604964,7.008399539756764,7.018813209206626,190474.33,129653945.0
2019-01-10,601699.SH,601699.SH,7.00839781655208,7.029225150330838,6.935502148326426,6.945915815215805,104559.34,70013385.0
2019-01-11,601699.SH,601699.SH,6.925090136553502,7.122949854740745,6.925090136553502,7.102122515984194,183579.49,124108479.0
2019-01-14,601699.SH,601699.SH,7.133360662597837,7.4145296230214015,7.122946997396964,7.268738310209183,330922.01,232011848.0
2019-01-15,601699.SH,601699.SH,7.185428947247213,7.268738268374717,7.09170596097877,7.237497272951903,178959.06,123566271.0
2019-01-16,601699.SH,601699.SH,7.227085490924301,7.477013519428887,7.206258155215585,7.393704176594024,238380.37,169209508.0
2019-01-17,601699.SH,601699.SH,7.352052372271108,7.612394170156062,7.34163870035571,7.477016435255886,354044.79,255668772.0
2019-01-18,601699.SH,601699.SH,7.456190658977982,7.674877815177057,7.445776984873264,7.529086377711008,281195.65,204277129.0
2019-01-21,601699.SH,601699.SH,7.570741074129877,7.622809444653468,7.466604333082699,7.529086377711008,218181.3,157887043.0
2019-01-22,601699.SH,601699.SH,7.529087454818265,7.529087454818265,7.331227618522902,7.352054969711888,170486.43,121114130.0
2019-01-23,601699.SH,601699.SH,7.352055987369215,7.44577908069262,7.320814956261414,7.372883341441083,143645.44,101939181.0
2019-01-24,601699.SH,601699.SH,7.4041254678958754,7.435366503625393,7.2687476464012954,7.320816039283827,98287.07,69224174.0
2019-01-25,601699.SH,601699.SH,7.372887940062939,7.393715307125263,7.3104058388759645,7.3104058388759645,80885.71,57077435.0
2019-01-28,601699.SH,601699.SH,7.3624743200013825,7.4249564217269945,7.2375101165501565,7.247923800171092,128702.63,90625973.0
2019-01-29,601699.SH,601699.SH,7.279164603232542,7.362474069363959,7.122959354236135,7.341646702831104,139144.2,97203885.0
2019-01-30,601699.SH,601699.SH,7.341644922403231,7.4249543683312105,7.268749157216249,7.299990199439241,120040.59,84606294.0
2019-01-31,601699.SH,601699.SH,7.310405863377829,7.35206059764209,7.15420060988685,7.216682711283241,177370.8,123313392.0
2019-02-01,601699.SH,601699.SH,7.2479235291570685,7.456197193788019,7.2479235291570685,7.456197193788019,229145.14,161625860.0
2019-02-11,601699.SH,601699.SH,7.445780405593252,7.6123992678163175,7.393712011148543,7.591571910038435,235231.07,170286199.0
2019-02-12,601699.SH,601699.SH,7.570747610841351,7.862330737531251,7.5186791953610115,7.810262322050912,342298.96,254506376.0
2019-02-13,601699.SH,601699.SH,7.810264918547695,7.831092291663821,7.65405962017674,7.831092291663822,291061.38,217166352.0
2019-02-14,601699.SH,601699.SH,7.768606334934844,7.862329467661941,7.716537927864236,7.758192653520724,191260.73,142724957.0
2019-02-15,601699.SH,601699.SH,7.7477763260072265,7.758190003864763,7.591571158144177,7.622812191716788,195949.78,144289295.0
2019-02-18,601699.SH,601699.SH,7.685293029214924,7.841498172085147,7.622810972066835,7.810257143511103,336313.73,249636939.0
2019-02-19,601699.SH,601699.SH,7.799846102402008,7.841500821239936,7.6332272270502965,7.70612298501667,281882.8,209320176.0
2019-02-20,601699.SH,601699.SH,7.7061205450832695,7.935221426153313,7.695706868670994,7.893566720504214,335812.35,252766792.0
2019-02-21,601699.SH,601699.SH,7.893563617952589,8.008114013463775,7.706117516207013,7.789426894760602,374743.5,283464879.0
2019-02-22,601699.SH,601699.SH,7.76859670299148,7.956042736039532,7.737355697483471,7.956042736039532,396919.85,299683221.0
2019-02-25,601699.SH,601699.SH,8.018522304458749,8.362173260364122,7.9560403124759524,8.341345929703191,616914.58,485180945.0
2019-02-26,601699.SH,601699.SH,8.341345674460047,8.851615260038752,8.226795359330135,8.507964314649012,832334.39,684357151.0
2019-02-27,601699.SH,601699.SH,8.560033630978431,8.903684616163698,8.487137967454284,8.632929294502578,802378.97,669063020.0
2019-02-28,601699.SH,601699.SH,8.653759010163556,8.716241024677371,8.445485628450834,8.507967642964651,299947.71,246159825.0
2019-03-01,601699.SH,601699.SH,8.518382298497341,8.632932671704518,8.424659265873288,8.632932671704518,380722.02,312063476.0
2019-03-04,601699.SH,601699.SH,8.716245186498202,8.89327764548323,8.549626401571118,8.695417838382316,728398.29,609666651.0
2019-03-05,601699.SH,601699.SH,8.695419665150768,8.695419665150768,8.528800845219735,8.674592312659389,397186.94,327609040.0
2019-03-06,601699.SH,601699.SH,8.685003224556379,8.820380972660976,8.57045282231403,8.768312608005361,554702.1,464350055.0
2019-03-07,601699.SH,601699.SH,8.76831402989389,9.05989691924903,8.653763609075801,8.86203710147233,700250.24,594821564.0
2019-03-08,601699.SH,601699.SH,8.643353435559746,8.65376711439777,8.226806282038794,8.226806282038794,620410.74,503550699.0
2019-03-11,601699.SH,601699.SH,8.247632309451351,8.393423789668926,8.205977600817759,8.393423789668926,302963.36,241221034.0
2019-03-12,601699.SH,601699.SH,8.43507522031409,8.518384605206082,8.289283796753107,8.414247874091094,379155.29,306840656.0
2019-03-13,601699.SH,601699.SH,8.383006685402924,8.403834031205168,8.2268015918861,8.247628937688342,311451.5,248847505.0
2019-03-14,601699.SH,601699.SH,8.216389004759238,8.38300779319542,8.122665936263886,8.195561656204715,213957.76,169268201.0
2019-03-15,601699.SH,601699.SH,8.205973833794653,8.362178919463332,8.205973833794653,8.278869540440036,206168.38,163901279.0
2019-03-18,601699.SH,601699.SH,8.3101142565864,8.58086985893132,8.22680484048027,8.539215150878254,490560.09,396721307.0
2019-03-19,601699.SH,601699.SH,8.539211781520857,8.560039127329446,8.383006687956453,8.445488725382214,331488.82,269180979.0
2019-03-20,601699.SH,601699.SH,8.466317623873302,8.528799672757975,8.258044127591054,8.403835574988628,301191.49,243297018.0
2019-03-21,601699.SH,601699.SH,8.35176851689131,8.466318957896055,8.32052748752638,8.393423222711219,333940.6,269414856.0
2019-03-22,601699.SH,601699.SH,8.403839050211023,8.403839050211023,8.205979146922287,8.299702259006425,325397.59,258732549.0
2019-03-25,601699.SH,601699.SH,8.185154612611816,8.185154612611816,8.028949371913118,8.028949371913118,337136.44,262054568.0
2019-03-26,601699.SH,601699.SH,8.060191936641319,8.101846675331972,7.883159297206044,7.914400351224033,214773.91,164714776.0
2019-03-27,601699.SH,601699.SH,7.945643878593433,8.039367069821926,7.935230190679156,8.02895338190765,168450.02,129249328.0
2019-03-28,601699.SH,601699.SH,7.987300411059866,7.987300411059866,7.883163508699242,7.893577198935305,176146.32,134135073.0
2019-03-29,601699.SH,601699.SH,7.924821872753716,8.15392316211059,7.893580787841414,8.15392316211059,339541.29,263033297.00000003
2019-04-01,601699.SH,601699.SH,8.226816530561612,8.507986209454224,8.153920687885748,8.47674513402171,526628.75,423569232.0
2019-04-02,601699.SH,601699.SH,8.487154597950719,8.497568284573969,8.37260404509494,8.445499851457708,355616.79,287723064.0
2019-04-03,601699.SH,601699.SH,8.435089160568086,8.622535586358488,8.39343439928133,8.591294515393422,502740.25,412109147.0
2019-04-04,601699.SH,601699.SH,8.632952882327247,8.851640470419976,8.54964332495859,8.72667613436699,611046.4,510931934.0
2019-04-08,601699.SH,601699.SH,8.85164415433971,9.059918134441821,8.695438669263126,9.007849639416294,766232.53,653233285.0
2019-04-09,601699.SH,601699.SH,8.955778056190372,8.966191751604546,8.685021975421826,8.75791784332105,411403.31,347128928.0
2019-04-10,601699.SH,601699.SH,8.6954348707717,8.71626225968373,8.476747287195407,8.601711620667574,347175.6,286412113.0
2019-04-11,601699.SH,601699.SH,8.591299591763796,8.768332431836505,8.47674893054028,8.487162627015145,259379.6,213965266.0
2019-04-12,601699.SH,601699.SH,8.48716267901982,8.549644858251867,8.414266803249097,8.497576375558493,188912.96,153691379.0
2019-04-15,601699.SH,601699.SH,8.632958347857478,8.737095360497499,8.435098023841444,8.445511725105447,274126.74,226963413.0
2019-04-16,601699.SH,601699.SH,8.403855774068951,8.705853069543547,8.383028374381048,8.705853069543547,321072.82,265163033.0
2019-04-17,601699.SH,601699.SH,8.716263241863063,8.997433023858648,8.716263241863063,8.851641285046123,668315.17,568899653.0
2019-04-18,601699.SH,601699.SH,8.830811796206694,8.966189807233446,8.705847478335844,8.768329637271268,302054.54,255610189.0
2019-04-19,601699.SH,601699.SH,8.737084730317513,9.247355471420681,8.570465712814437,9.080736453917606,587999.91,504376338.0
2019-04-22,601699.SH,601699.SH,9.164045962669144,9.309837602984333,8.976599567978182,9.080736453917606,709246.66,622509203.0
2019-04-23,601699.SH,601699.SH,9.049493867567124,9.330663412359199,8.903702251749012,8.924529625437314,578802.79,508202694.0
2019-04-24,601699.SH,601699.SH,8.945356750643477,9.15363048174111,8.830806198539776,8.997425183417885,383583.57,331103775.0
2019-04-25,601699.SH,601699.SH,8.955769428097463,9.341075787213287,8.872459945045394,8.872459945045394,755485.94,661667926.0
2019-04-26,601699.SH,601699.SH,8.778738053518984,8.976598104547287,8.497568507320867,8.591291689386907,560802.35,469145576.0
2019-04-29,601699.SH,601699.SH,8.580878533485606,8.65377434627007,8.362191095132209,8.4142595328354,325357.08,265646979.0
2019-04-30,601699.SH,601699.SH,8.43509017970796,8.591295553406257,8.414262796548188,8.591295553406257,259288.78,211812118.0
2019-05-06,601699.SH,601699.SH,8.37260721259114,8.37260721259114,7.872750065570774,7.997714352325866,443458.11,344147903.0
2019-05-07,601699.SH,601699.SH,8.09144023673241,8.16433609472099,7.966475908751988,8.081026542734042,237661.17,184333789.0
2019-05-08,601699.SH,601699.SH,7.945650755468899,8.081028815522759,7.8519274831239185,7.997719240104998,167241.52,128076632.0
2019-05-09,601699.SH,601699.SH,7.914411682704045,7.976893880199077,7.758206188966465,7.841515785626508,196726.63,148657787.0
2019-05-10,601699.SH,601699.SH,7.956063027237763,8.070613672917888,7.758202821063002,8.060199977856058,185658.6,142119855.0
2019-05-13,601699.SH,601699.SH,7.966476474315883,8.1226818953809,7.935235390102879,8.02895864274189,140049.72,107926421.0
2019-05-14,601699.SH,601699.SH,7.93523702106035,7.9977192023285415,7.862341142914126,7.903995930426254,148580.75,113035611.0
2019-05-15,601699.SH,601699.SH,7.9768926514914575,8.08102963127594,7.924824161599216,8.08102963127594,146478.82,112829720.0
2019-05-16,601699.SH,601699.SH,8.122687951224382,8.26847978624636,8.049792033713395,8.247652381243219,200288.13,157895840.0
2019-05-17,601699.SH,601699.SH,8.226828399626287,8.237242106461256,7.987313142421977,8.008140556091917,187678.98,146020850.0
2019-05-20,601699.SH,601699.SH,8.00813838065216,8.081034308694507,7.820691708543266,7.9352424526098115,162190.1,123123345.0
2019-05-21,601699.SH,601699.SH,7.945658261961697,8.174759810799387,7.914417141665648,8.174759810799387,154035.63,119355455.0
2019-05-22,601699.SH,601699.SH,8.174760494659603,8.299724986297711,8.070623418294513,8.09145083356753,174936.99,137520726.0
2019-05-23,601699.SH,601699.SH,8.081037105183816,8.268483842159728,7.966486321476313,8.112278228013134,152483.96,118792490.0
2019-05-24,601699.SH,601699.SH,8.164343271594511,8.174756974747055,7.935241802238544,8.02896513061144,105927.37,81890639.0
2019-05-27,601699.SH,601699.SH,8.028963926266668,8.153928345352531,7.9352406119522705,8.122687240581065,148297.41,114791079.0
2019-05-28,601699.SH,601699.SH,8.122685995724783,8.185168195691897,8.028962695774112,8.15392709570834,179147.25,139593845.0
2019-05-29,601699.SH,601699.SH,8.070613659072627,8.14350952438038,8.008131488808841,8.039372573940733,122727.89,94991007.0
2019-05-30,601699.SH,601699.SH,8.247648970261784,8.310131159430433,8.070616100950609,8.122684591924482,257507.79,201822972.0
2019-05-31,601699.SH,601699.SH,8.070619869331665,8.122688384617675,7.987310244874048,8.028965057102857,140520.34,108753509.0
2019-06-03,601699.SH,601699.SH,8.018552723837606,8.101862362526829,7.831106036786856,7.924829380312232,156560.33,119569384.0
2019-06-04,601699.SH,601699.SH,7.945655354774279,8.070619790235998,7.872759434088276,7.956069057729422,133442.99,102466562.0
2019-06-05,601699.SH,601699.SH,8.049793919595393,8.185172083831796,8.018552804771607,8.081035034419179,151867.71,118310463.0
2019-06-06,601699.SH,601699.SH,8.122687616300285,8.205997232877722,8.060205403867204,8.164342424589003,145533.34,113604634.0
2019-06-10,601699.SH,601699.SH,8.174755960253933,8.195583363974325,8.101860047232561,8.18516966211413,89547.54,70135184.0
2019-06-11,601699.SH,601699.SH,8.174759004367745,8.507997587985283,8.164345298629696,8.445515353556994,262531.21,211458711.0
2019-06-12,601699.SH,601699.SH,8.424688661879745,8.674617620946636,8.393447541996386,8.653790207691063,275114.1,226778016.0
2019-06-13,601699.SH,601699.SH,8.63296053466115,8.716270165876216,8.52882349564232,8.63296053466115,168332.42,139269870.0
2019-06-14,601699.SH,601699.SH,8.632963720255443,8.737100797701228,8.435103273108455,8.46634439634219,244324.94,201321623.0
2019-06-17,601699.SH,601699.SH,8.497583779106602,8.664203068893007,8.466342662271652,8.643375657669706,181185.6,149797912.0
2019-06-18,601699.SH,601699.SH,8.685027333366131,8.737095842558976,8.570476613141878,8.62254512233472,125007.81,103741389.0
2019-06-19,601699.SH,601699.SH,8.799575670149656,8.830816767203443,8.601715388809014,8.612129087826942,157638.98,131721046.99999999
2019-06-20,601699.SH,601699.SH,8.60171507249445,8.87247123700396,8.59130137385947,8.77874794928913,215965.93,181625245.0
2019-06-21,601699.SH,601699.SH,8.768338462790934,8.9141303137162,8.674615130053265,8.757924759153417,231248.19,194917327.0
2019-06-24,601699.SH,601699.SH,8.757925823883244,8.88289028272581,8.705857299365507,8.73709841407615,163999.85,138000411.0
2019-06-25,601699.SH,601699.SH,8.737097052861543,8.768338162704909,8.528822987239097,8.622546316769197,206296.14,170742373.0
2019-06-26,601699.SH,601699.SH,8.676374112930976,8.805550898731434,8.611785720030744,8.708668309381089,148943.48,120337658.0
2019-06-27,601699.SH,601699.SH,8.70866530152433,8.73019475838842,8.60101801720388,8.633312202500015,145984.77,117238401.0
2019-06-28,601699.SH,601699.SH,8.644077475269397,8.687136391709096,8.514900725950303,8.547194913280077,102204.78,81758061.0
2019-07-01,601699.SH,601699.SH,8.697900906585003,8.751724550808921,8.62254780467152,8.740959821964136,160597.38,129672446.0
2019-07-02,601699.SH,601699.SH,8.730194047587005,9.010076964032457,8.676370409809035,8.98854750892127,318882.05,264093463.0
2019-07-03,601699.SH,601699.SH,8.977781108822008,9.03160473657274,8.837839676670107,8.956251657721715,151873.34,125872385.0
2019-07-04,601699.SH,601699.SH,8.956248192182985,9.01007179910716,8.848600978334632,8.902424585258808,96039.46,79520452.0
2019-07-05,601699.SH,601699.SH,8.902427973575557,8.967016326467279,8.81631016971993,8.880898522611652,87687.78,72298607.0
2019-07-08,601699.SH,601699.SH,8.913191864488908,8.923956588962929,8.590250130268297,8.622544303690358,141768.19,114605200.0
2019-07-09,601699.SH,601699.SH,8.654842285241347,8.676371743662347,8.568724451557355,8.611783368399351,67857.48,54236001.0
2019-07-10,601699.SH,601699.SH,8.63331282682035,8.676371743662347,8.385724054978867,8.428782971820866,121590.4,95912018.0
2019-07-11,601699.SH,601699.SH,8.493371980917544,8.676372391152777,8.461077790876033,8.654842931125101,145424.26,116226555.0
2019-07-12,601699.SH,601699.SH,8.697905954582078,8.708670689674381,8.547199663289815,8.579493868566727,90676.93,72488065.0
2019-07-15,601699.SH,601699.SH,8.601023884338638,8.719435977865201,8.439552847711504,8.654847563214348,107513.1,85977599.0
2019-07-16,601699.SH,601699.SH,8.687143669840337,8.751732098612385,8.622555241068289,8.665614193582988,81583.44,65891698.99999999
2019-07-17,601699.SH,601699.SH,8.708673146097684,8.719437884226359,8.611790502939614,8.665614193582988,87809.47,70636901.0
2019-07-18,601699.SH,601699.SH,8.633322653234123,8.633322653234123,8.504145755679499,8.514910497142385,77595.52,61553378.0
2019-07-19,601699.SH,601699.SH,8.557970399526434,8.654853083294658,8.525676171603692,8.557970399526434,85671.07,68330749.0
2019-07-22,601699.SH,601699.SH,8.59026879109785,8.611798286814887,8.407268077503034,8.439562321078588,74335.52,58477689.0
2019-07-23,601699.SH,601699.SH,8.439558182136144,8.547205607928698,8.385734469239868,8.42879343955689,94891.2,74242473.0
2019-07-24,601699.SH,601699.SH,8.46108555202274,8.590262430679577,8.4395560722466,8.525673991351157,73232.11,58027862.0
2019-07-25,601699.SH,601699.SH,8.514911300163057,8.63332346742196,8.504146557684974,8.590264497509633,83479.39,66473850.00000001
2019-07-26,601699.SH,601699.SH,8.579496348938017,8.633320039960212,8.53643739612026,8.622555301755774,80635.95,64388623.0
2019-07-29,601699.SH,601699.SH,8.644083728757613,8.644083728757613,8.536436359781803,8.60102478116729,62708.23,49994725.0
2019-07-30,601699.SH,601699.SH,8.654852616121559,8.880912199378466,8.590264163762443,8.687146842301118,212414.88,172193377.0
2019-07-31,601699.SH,601699.SH,8.719443840924317,8.956268241542015,8.68714960447645,8.870150277681033,307266.31,253033547.0
2019-08-01,601699.SH,601699.SH,8.859381546557977,8.923969990396794,8.80555784335896,8.80555784335896,160860.28,132359393.00000001
2019-08-02,601699.SH,601699.SH,8.611793031878282,8.956264753153413,8.590263549298587,8.913205787994022,244251.76,200880494.0
2019-08-05,601699.SH,601699.SH,8.870148740704211,8.988560920495166,8.71944233006118,8.762501304530618,169587.68,139492551.0
2019-08-06,601699.SH,601699.SH,8.665618785721124,8.773266224053062,8.536441859722796,8.590265578888765,184959.69,148321270.0
2019-08-07,601699.SH,601699.SH,8.611791773809982,8.94549870504512,8.590262294375457,8.78402760928618,204226.73,167009384.0
2019-08-08,601699.SH,601699.SH,8.848616734860904,8.977793621501208,8.794793032094109,8.87014621596762,191382.45,157977461.0
2019-08-09,601699.SH,601699.SH,8.89167899350045,8.9455027162214,8.7409725698818,8.827090526235315,148718.08,121928922.0
2019-08-12,601699.SH,601699.SH,8.848620667556126,8.859385412893786,8.654855251478253,8.76250270485485,160475.18,129918412.0
2019-08-13,601699.SH,601699.SH,8.676380657821614,8.697910138362115,8.224261566471109,8.278085267822359,275322.19,214762433.0
2019-08-14,601699.SH,601699.SH,8.374968539544607,8.385733280598007,8.105850013209627,8.138144236369824,234495.88,178642573.0
2019-08-15,601699.SH,601699.SH,7.987440171767974,7.987440171767974,7.707556823431091,7.890557474266745,315655.98,229210395.0
2019-08-16,601699.SH,601699.SH,7.825967197500497,7.944379355922101,7.793672972476425,7.8582614225245715,185862.11,135987638.0
2019-08-19,601699.SH,601699.SH,7.890553648607881,8.095083688612723,7.869024170712634,8.073554210717477,229279.2,169573772.0
2019-08-20,601699.SH,601699.SH,8.084316290349657,8.310375733888062,8.052022084129886,8.181198909008973,246199.67,187562348.0
2019-08-21,601699.SH,601699.SH,8.138142977526849,8.235025632021218,8.095084019973797,8.148907716915113,128504.92,97404827.0
2019-08-22,601699.SH,601699.SH,8.170437195691639,8.191966674468166,8.062789801809009,8.148907716915113,122263.23,92285650.0
2019-08-23,601699.SH,601699.SH,8.148907879459816,8.202731577474742,8.07355470223892,8.09508418144489,73639.23,55606291.0
2019-08-26,601699.SH,601699.SH,7.976669290038712,8.04125770534267,7.922845610618748,7.976669290038713,126050.79,93324257.0
2019-08-27,601699.SH,601699.SH,8.008962616167194,8.170433636654435,7.987433146768895,8.019727350866344,149770.62,112515632.0
2019-08-28,601699.SH,601699.SH,8.07355000034694,8.105844200348328,7.879784800338613,8.062785267013144,165618.1,122976535.0
2019-08-29,601699.SH,601699.SH,8.01972928258683,8.052023494463018,7.912081909666201,7.933611384250327,136991.48,101273114.0
2019-08-30,601699.SH,601699.SH,7.9766670932326535,8.019726024910023,7.912078695716599,7.9766670932326535,124979.58,92428229.0
2019-09-02,601699.SH,601699.SH,7.9874316264662015,8.213491012120905,7.9766668938159775,8.181196814170233,228025.35,172649276.0
2019-09-03,601699.SH,601699.SH,8.191959819924744,8.224254011067679,8.13813616801985,8.170430359162786,98169.02,74501869.0
2019-09-04,601699.SH,601699.SH,8.181196700349014,8.310373490354525,8.138137770347178,8.310373490354525,150774.43,115458797.0
2019-09-05,601699.SH,601699.SH,8.353429686505752,8.407253331393031,8.25654712570865,8.288841312641017,218318.36,169010648.0
2019-09-06,601699.SH,601699.SH,8.321137981883586,8.331902714072308,8.159666999052726,8.299608517506137,151255.54,115693807.0
2019-09-09,601699.SH,601699.SH,8.310372830955124,8.407255415771958,8.224254977784605,8.331902294247755,167034.57,128619487.0
2019-09-10,601699.SH,601699.SH,8.267313647021572,8.35343149751138,8.256548915710347,8.29960784095525,116917.13,90158865.0
2019-09-11,601699.SH,601699.SH,8.28884297006506,8.396490281364606,8.256548776675196,8.31037243232497,147268.11,113791355.0
2019-09-12,601699.SH,601699.SH,8.353431185051855,8.418019570503287,8.321136992326139,8.374960646868999,156156.86,121452157.0
2019-09-16,601699.SH,601699.SH,8.52566653026591,8.557960721668433,8.364195573253298,8.407254495123327,162802.65,127893419.0
2019-09-17,601699.SH,601699.SH,8.418020478403095,8.439549942542234,8.170431640803004,8.245784765289988,124181.76,95470864.0
2019-09-18,601699.SH,601699.SH,8.245784765289988,8.299608425637835,8.191961104942143,8.245784765289988,83609.9,63896746.0
2019-09-19,601699.SH,601699.SH,8.24578848291772,8.24578848291772,8.138141113689027,8.213494272149111,77818.75,59086510.0
2019-09-20,601699.SH,601699.SH,8.213495602887892,8.224260341554848,8.073554000217456,8.105848216218327,135882.51,102490660.0
2019-09-23,601699.SH,601699.SH,8.116614880119622,8.116614880119622,7.912084796933584,7.987437985475809,121758.32,90059002.0
2019-09-24,601699.SH,601699.SH,7.96590718617767,8.019730883381573,7.933612967855328,7.944377707296109,117551.75,86972349.0
2019-09-25,601699.SH,601699.SH,7.9336142791963145,7.9336142791963145,7.782907902115245,7.815202125775474,128909.56,93928096.0
2019-09-26,601699.SH,601699.SH,7.847494540959179,7.9336124508736825,7.836729802219866,7.847494540959178,146015.24,107085725.0
2019-09-27,601699.SH,601699.SH,7.912083221659597,7.944377438890862,7.84749478719707,7.890553743505421,96783.33,71033530.0
2019-09-30,601699.SH,601699.SH,7.901320949016179,7.922850433890883,7.750614554893255,7.793673524642662,90867.93,65938274.99999999
2019-10-08,601699.SH,601699.SH,7.8044382670800125,7.84749723682942,7.761379297330606,7.793673524642662,65564.46,47593598.0
2019-10-09,601699.SH,601699.SH,7.804438140178579,7.955144531850992,7.761379171129318,7.944379789588677,116459.95,85365058.0
2019-10-10,601699.SH,601699.SH,7.944379682086921,7.998203392670165,7.890555971503677,7.95514442420357,66695.92,49213967.0
2019-10-11,601699.SH,601699.SH,7.976672474791422,7.987437214973326,7.912084033699993,7.965907734609517,72282.78,53371045.0
2019-10-14,601699.SH,601699.SH,7.987439144823927,8.062792344303398,7.976674402041146,8.019733373172272,96712.47,72118222.0
2019-10-15,601699.SH,601699.SH,8.030500186232722,8.030500186232722,7.933617476211148,7.933617476211149,87136.2,64444186.0
2019-10-16,601699.SH,601699.SH,7.955144301041532,7.998203268841486,7.804437913741692,7.836732139591658,98597.33,72256019.0
2019-10-17,601699.SH,601699.SH,7.847496881541646,7.8690263654416235,7.804437913741692,7.836732139591658,51449.64,37453153.0
2019-10-18,601699.SH,601699.SH,7.858262666912266,7.87979215367093,7.664497286084292,7.782909463256943,95450.11,68779150.0
2019-10-21,601699.SH,601699.SH,7.729082861409058,7.750612340131647,7.664494425241295,7.729082861409058,75089.36,53728981.0
2019-10-22,601699.SH,601699.SH,7.729086341631451,7.804439551090254,7.6967921090062505,7.793674806881853,61748.99,44474725.0
2019-10-23,601699.SH,601699.SH,7.793670937219049,7.815200414946173,7.707553026310551,7.718317765174112,54028.4,38878057.0
2019-10-24,601699.SH,601699.SH,7.7290832620001835,7.804436441434726,7.707553782161743,7.793671701515507,47939.62,34581491.0
2019-10-25,601699.SH,601699.SH,7.782904701354812,7.858257858905964,7.718316280596681,7.858257858905965,58897.86,42651254.0
2019-10-28,601699.SH,601699.SH,7.8474963339109465,7.912084781103629,7.815202110314605,7.890555298706069,70428.57,51472911.0
2019-10-29,601699.SH,601699.SH,7.890553471988473,7.91208294940181,7.836729778455127,7.8582592558684645,71380.54,52163764.0
2019-10-30,601699.SH,601699.SH,7.8152031310586105,7.836732616268138,7.7075557050109715,7.7290851902204984,71940.36,51739795.0
2019-10-31,601699.SH,601699.SH,7.707554759433525,7.7398489832859,7.470730451182774,7.5460836401716485,169452.47,118839324.0
2019-11-01,601699.SH,601699.SH,7.524554157603399,7.556848381455774,7.3953772621938985,7.5460836401716485,114901.6,79871178.0
2019-11-04,601699.SH,601699.SH,7.556846863533916,7.567611602655759,7.416905254949954,7.449199472315484,149111.64,103283663.0
2019-11-05,601699.SH,601699.SH,7.459962279360264,7.513785961029531,7.416903334024851,7.481491752027971,125466.02,87017273.0
2019-11-06,601699.SH,601699.SH,7.492256763004657,7.492256763004657,7.320020975349377,7.341550448806288,158060.51,108396755.0
2019-11-07,601699.SH,601699.SH,7.330786974899312,7.384610667813405,7.309257497733676,7.373845929230586,91743.16,62567411.0
2019-11-08,601699.SH,601699.SH,7.3953721532985375,7.4169016209937295,7.3415484840605565,7.3415484840605565,76398.24,52237175.0
2019-11-11,601699.SH,601699.SH,7.3523150144009755,7.363079750878868,7.12625554836522,7.137020284843113,128397.05,86155894.0
2019-11-12,601699.SH,601699.SH,7.126258452448309,7.169317415907211,7.083199488989407,7.158552675042485,81592.98,54093496.0
2019-11-13,601699.SH,601699.SH,7.158549470531046,7.158549470531046,7.072431582163755,7.093961054255577,59942.9,39521740.0
2019-11-14,601699.SH,601699.SH,7.0939617518463,7.137020700264183,7.0724322776373585,7.1154912260552425,64169.31,42374418.0
2019-11-15,601699.SH,601699.SH,7.115492344979818,7.126257083777064,7.040139173399093,7.05090391219634,58972.8,38752211.0
2019-11-18,601699.SH,601699.SH,7.050902692867091,7.190844273030865,7.018608482060065,7.15855006222384,81086.62,53557211.0
2019-11-19,601699.SH,601699.SH,7.10472780909481,7.212375200141702,7.10472780909481,7.212375200141702,89678.67,59746542.0
2019-11-20,601699.SH,601699.SH,7.201607293173174,7.406137246193039,7.158548355695307,7.34154883997624,191851.85,130743441.0
2019-11-21,601699.SH,601699.SH,7.298493167612279,7.37384634190916,7.244669471685935,7.3630816027238915,76837.25,52299762.0
2019-11-22,601699.SH,601699.SH,7.373847191920266,7.492259336608037,7.29849400893714,7.470729855755716,162656.55,112072094.0
2019-11-25,601699.SH,601699.SH,7.513787287455943,7.761376266842027,7.492257810987588,7.718317313905317,315072.62,224771376.0
2019-11-26,601699.SH,601699.SH,7.718314166951904,7.718314166951904,7.524548957739723,7.524548957739723,184297.87,130060780.0
2019-11-27,601699.SH,601699.SH,7.567610801243814,7.610669753171232,7.449198683443412,7.535316587298249,130609.87,91222497.0
2019-11-28,601699.SH,601699.SH,7.503021282797107,7.503021282797107,7.373844445790557,7.406138655042195,99614.3,68646936.0
2019-11-29,601699.SH,601699.SH,7.427668471352603,7.481492155927621,7.330785839117568,7.44919794518261,112461.56,77518074.0
2019-12-02,601699.SH,601699.SH,7.395371968474048,7.459960369945437,7.330783567002658,7.363077767738353,93160.49,63884386.0
2019-12-03,601699.SH,601699.SH,7.341548128345487,7.3630775949975265,7.244665528411309,7.341548128345487,87601.95,59318501.0
2019-12-04,601699.SH,601699.SH,7.2984919764449705,7.341550926158511,7.25543302673143,7.2877272390165855,75729.01,51260613.0
2019-12-05,601699.SH,601699.SH,7.309255948449716,7.309255948449716,7.2554322669441955,7.298491212148613,103989.89,70373240.0
2019-12-06,601699.SH,601699.SH,7.298490673116765,7.298490673116765,7.233902260080334,7.287725937610693,76791.08,51804916.0
2019-12-09,601699.SH,601699.SH,7.298490725548453,7.503020701633143,7.255431783214833,7.492255966049738,200278.33,137830000.0
2019-12-10,601699.SH,601699.SH,7.42766849710819,7.481492181869843,7.373844812346535,7.44919797101285,112369.74,77499739.0
2019-12-11,601699.SH,601699.SH,7.470726153149078,7.51378509351305,7.384608272421135,7.470726153149078,111850.22,77298209.0
2019-12-12,601699.SH,601699.SH,7.427666535556626,7.44919600377563,7.298489726242598,7.320019194461603,131835.59,90056181.0
2019-12-13,601699.SH,601699.SH,7.35230999195612,7.459957283199986,7.35230999195612,7.438427824951213,127370.73,87663017.0
2019-12-16,601699.SH,601699.SH,7.492253095141226,7.556841483892444,7.373841049097328,7.546076752433907,170872.96,118904556.0
2019-12-17,601699.SH,601699.SH,7.535314000591242,7.6752555463165075,7.492255063445006,7.621431874883712,160192.8,113005136.0
2019-12-18,601699.SH,601699.SH,7.632194440932599,7.664488634617786,7.556841322333828,7.57837078479062,126506.27,89388269.0
2019-12-19,601699.SH,601699.SH,7.589134149761145,7.675251984084676,7.5676046911802635,7.6537225255037935,103756.28,73441334.0
2019-12-20,601699.SH,601699.SH,7.6537247542156095,7.68601895149078,7.578371627240209,7.578371627240209,111197.88,78685989.0
2019-12-23,601699.SH,601699.SH,7.567606894815152,7.61066582451538,7.459959570564581,7.459959570564581,90807.37,63673080.0
2019-12-24,601699.SH,601699.SH,7.470724186259572,7.578371508828153,7.406135792718422,7.578371508828153,87662.63,61031638.0
2019-12-25,601699.SH,601699.SH,7.556843432084569,7.556843432084569,7.449196089747182,7.503019760915874,100115.57,69779385.0
2019-12-26,601699.SH,601699.SH,7.492252639391771,7.578370485821562,7.470723177784325,7.567605755017838,85727.92,59933466.0
2019-12-27,601699.SH,601699.SH,7.567606875749296,7.772136791310087,7.556842143351359,7.632195270136915,193061.71,137414293.0
2019-12-30,601699.SH,601699.SH,7.589139621483946,7.815199099570703,7.5568454103286955,7.793669625467203,208571.09,149609376.0
2019-12-31,601699.SH,601699.SH,7.76137207884483,7.8259604733983235,7.696783684291336,7.815195740972742,141259.95,101850731.0
2020-01-02,601699.SH,601699.SH,7.869019403100652,7.922843065228565,7.793666276121577,7.815195740972742,207551.78,151639906.0
2020-01-03,601699.SH,601699.SH,7.8259604733983235,7.858254670675071,7.772136811270412,7.815195740972742,116750.95,84661650.0
2020-01-06,601699.SH,601699.SH,7.8044324021955545,7.890550276978402,7.7721381991519864,7.836726605239123,165051.82,120180934.0
2020-01-07,601699.SH,601699.SH,7.836730332979346,8.073554601283666,7.825965593510967,7.965907206599884,300890.87,222557751.0
2020-01-08,601699.SH,601699.SH,7.912080026635265,7.944374230825614,7.7506090056835255,7.825962148794337,247030.57,179677566.0
2020-01-09,601699.SH,601699.SH,7.858256602281093,7.901315542567565,7.782903456779769,7.804432926923004,155208.26,112674945.0
2020-01-10,601699.SH,601699.SH,7.793664673876161,7.815194134301232,7.73984102281348,7.750605753026016,139227.11,100496608.0
2020-01-13,601699.SH,601699.SH,7.750602289068137,7.76136701446962,7.642955035053301,7.707543387462203,149783.2,106876874.0
2020-01-14,601699.SH,601699.SH,7.707546513299244,7.825958540738198,7.707546513299244,7.750605432367955,170576.14,122935992.0
2020-01-15,601699.SH,601699.SH,7.750603683289156,7.750603683289156,7.610662227896435,7.632191682572238,113919.36,81101608.0
2020-01-16,601699.SH,601699.SH,7.632195024351082,7.664489220504895,7.589136096145999,7.621430292299811,77594.72,55002444.0
2020-01-17,601699.SH,601699.SH,7.632191751872538,7.696780116486411,7.589132842129957,7.632191751872538,66938.9,47525154.0
2020-01-20,601699.SH,601699.SH,7.632192707238311,7.686016351153955,7.589133792105796,7.65372216480457,102642.67,72747906.0
2020-01-21,601699.SH,601699.SH,7.6321898902058125,7.6321898902058125,7.481483742867475,7.524542642107,124682.97,87295428.0
2020-01-22,601699.SH,601699.SH,7.492247305087077,7.513776751366064,7.416894243110626,7.492247305087076,100603.72,69771266.0
2020-01-23,601699.SH,601699.SH,7.470720356480927,7.470720356480927,7.169308007804462,7.212366914758244,176265.57,119208487.0
2020-02-03,601699.SH,601699.SH,6.491130223282418,6.555718583713089,6.491130223282418,6.491130223282419,147634.7,89092229.0
2020-02-04,601699.SH,601699.SH,6.275836472992979,6.56648413126195,6.265071744908943,6.45883685042159,245364.21,146492481.0
2020-02-05,601699.SH,601699.SH,6.46959943979436,6.6203055831506346,6.415775817167119,6.512658337896152,128570.14,78086079.0
2020-02-06,601699.SH,601699.SH,6.6095404342565915,6.717187672599533,6.544952091250827,6.706422948765239,172985.25,106210419.0
2020-02-07,601699.SH,601699.SH,6.6633667940052135,6.695660978790376,6.598778424434888,6.674131522266935,114905.76,70954060.0
2020-02-10,601699.SH,601699.SH,6.620310178226051,6.867899014159707,6.588015982234704,6.824840086171244,176219.95,111266568.0
2020-02-11,601699.SH,601699.SH,6.835607720076066,7.007843505148848,6.792548773807869,6.846372456643115,181236.34,115995165.0
2020-02-12,601699.SH,601699.SH,6.803315856345094,6.867904298019256,6.760256895228986,6.867904298019257,142981.1,90605480.0
2020-02-13,601699.SH,601699.SH,6.878671737522842,6.932495460038671,6.781789036994351,6.803318526000684,113752.68,72201165.0
2020-02-14,601699.SH,601699.SH,6.792554893978768,6.83561387904361,6.771025401446348,6.83561387904361,79858.48,50514526.0
2020-02-17,601699.SH,601699.SH,6.835610925383291,6.975552566375391,6.8140814421537375,6.975552566375391,129197.68,82886842.0
2020-02-18,601699.SH,601699.SH,6.9755514398886405,7.029375139270497,6.878668781001298,6.932492480383155,159847.0,102854253.0
2020-02-19,601699.SH,601699.SH,6.921724697989096,6.975548373712185,6.846371551976773,6.85713628712139,159294.02,102044813.0
2020-02-20,601699.SH,601699.SH,6.867901906042418,6.954019798281194,6.8140782233931825,6.943255061751348,176990.97,113228319.0
2020-02-21,601699.SH,601699.SH,6.932493016405633,6.975551979240451,6.889434053570816,6.932493016405633,188819.82,121568621.0
2020-02-24,601699.SH,601699.SH,6.889430826873853,6.910960298207834,6.771018734536958,6.80331294153793,203571.22,128896162.0
2020-02-25,601699.SH,601699.SH,6.674135422361374,6.706429626017962,6.55572334228722,6.652605953256983,256791.72,158178038.0
2020-02-26,601699.SH,601699.SH,6.5880201352121945,6.857138604787856,6.566490657646141,6.792550172089697,261446.2,164090972.0
2020-02-27,601699.SH,601699.SH,6.738723585557476,6.846370927179801,6.727958851395243,6.771017788044173,138919.64,87568722.0
2020-02-28,601699.SH,601699.SH,6.641840824655514,6.67413502639614,6.491134549865924,6.5234287516065494,207214.68,126370420.0
2020-03-02,601699.SH,601699.SH,6.555721206524446,6.9109573310159185,6.555721206524446,6.867898406835133,272503.31,172313926.0
2020-03-03,601699.SH,601699.SH,6.964780920225016,6.986310382111339,6.771015763248123,6.814074687020766,255977.72,163299535.0
2020-03-04,601699.SH,601699.SH,6.781781907501682,6.932488172112831,6.760252441128661,6.92172343892632,199745.39,127333601.0
2020-03-05,601699.SH,601699.SH,6.96478025241901,7.083192281440045,6.943250792597005,7.040133361796032,258371.89,168625775.0
2020-03-06,601699.SH,601699.SH,6.964778315339501,7.007837223007752,6.867895773085938,6.889425226920064,232462.84,149275577.0
2020-03-09,601699.SH,601699.SH,6.727954323164124,6.738719050081187,6.6310717809105615,6.652601234744687,205805.31,127738779.0
2020-03-10,601699.SH,601699.SH,6.566481143584042,6.824834500052923,6.566481143584042,6.771010884121907,216018.34,134422692.0
2020-03-11,601699.SH,601699.SH,6.792537585039203,6.792537585039203,6.6741256778515154,6.68489039668676,113876.51,71181502.0
2020-03-12,601699.SH,601699.SH,6.6095383121353075,6.663361914025661,6.566479430623025,6.6095383121353075,132710.0,81313820.0
2020-03-13,601699.SH,601699.SH,6.448067335087041,6.534185095822761,6.318890693983461,6.480361495362935,282324.06,168273489.0
2020-03-16,601699.SH,601699.SH,6.512655896848299,6.5234206173389575,6.37271453046974,6.394243971451058,157710.5,94588456.0
2020-03-17,601699.SH,601699.SH,6.405005494837883,6.480358500659504,6.286593628546762,6.383476064603133,123555.7,73146924.0
2020-03-18,601699.SH,601699.SH,6.394241062940713,6.469594072099946,6.318888053781479,6.318888053781479,105794.01,62722672.0
2020-03-19,601699.SH,601699.SH,6.275828743910868,6.351181747697105,6.071299162205367,6.189711025298025,188077.17,108190574.0
2020-03-20,601699.SH,601699.SH,6.254301470912593,6.297360345066897,6.15741900406541,6.243536752374017,91887.93,53111712.0
2020-03-23,601699.SH,601699.SH,6.146655593325619,6.168185034983502,6.049773105865145,6.071302547523027,104351.17,59210434.0
2020-03-24,601699.SH,601699.SH,6.1358936043020025,6.222011409274662,6.092834701815673,6.189717232409915,106840.09,61171368.0
2020-03-25,601699.SH,601699.SH,6.286601115542833,6.297365843480406,6.222012747917393,6.254306931730112,92655.49,53904513.0
2020-03-26,601699.SH,601699.SH,6.243542203792539,6.27583638760526,6.200483292042246,6.254306931730112,63067.0,36528846.0
2020-03-27,601699.SH,601699.SH,6.28660004617254,6.340423676704839,6.232776415640242,6.265070593959621,79368.71,46340581.0
2020-03-30,601699.SH,601699.SH,6.243538110078167,6.383479481510953,6.189714505680941,6.340420597993173,135383.77,79231786.0
2020-03-31,601699.SH,601699.SH,6.372713197512794,6.394242633990878,6.23277186040525,6.275830733361417,84205.28,49419398.0
2020-04-01,601699.SH,601699.SH,6.222009208992109,6.297362261696165,6.178950321732647,6.222009208992109,83743.92,48523728.0
2020-04-02,601699.SH,601699.SH,6.222011531591437,6.286599886590655,6.168187902425421,6.286599886590656,98021.35,56735096.0
2020-04-03,601699.SH,601699.SH,6.286601880960276,6.286601880960276,6.200484046974519,6.243542963967397,80187.43,46393286.0
2020-04-07,601699.SH,601699.SH,6.297366824769538,6.351190472844492,6.286602095154548,6.31889628399952,103560.97,60869215.0
2020-04-08,601699.SH,601699.SH,6.29736585183171,6.405013131350201,6.275836395928012,6.340424763639106,126323.39,74514105.0
2020-04-09,601699.SH,601699.SH,6.361951575050761,6.415775192436977,6.318892681141787,6.318892681141788,82609.85,48771851.0
2020-04-10,601699.SH,601699.SH,6.318890006934647,6.372713601542268,6.286595850170075,6.308125288013123,72914.86,42873794.0
2020-04-13,601699.SH,601699.SH,6.318889616075471,6.340419052586801,6.23277187003015,6.265066024797145,47985.02,27950785.0
2020-04-14,601699.SH,601699.SH,6.297362015404735,6.3834797865555695,6.254303129829318,6.351185622374007,74387.12,43805921.0
2020-04-15,601699.SH,601699.SH,6.351184542240398,6.372713981366636,6.286596224861682,6.329655103114159,57855.16,34010814.0
2020-04-16,601699.SH,601699.SH,6.318888359783762,6.361947224245662,6.286594211437337,6.318888359783762,65620.58,38530265.0
2020-04-17,601699.SH,601699.SH,6.318887383520875,6.361946241330216,6.308122669068539,6.340416812425545,58639.45,34534280.0
2020-04-20,601699.SH,601699.SH,6.329652321748788,6.394240610746225,6.3081228920829755,6.394240610746225,96911.88,57146934.0
2020-04-21,601699.SH,601699.SH,6.3727114031260985,6.383476118334082,6.135887668550467,6.1789465293824,159791.4,92100892.0
2020-04-22,601699.SH,601699.SH,6.146654361003272,6.232772110369343,6.08206604897872,6.157419079674031,132444.73,75541276.0
2020-04-23,601699.SH,601699.SH,6.157416033600987,6.157416033600987,6.09282775352825,6.09282775352825,93846.21,53339427.0
2020-04-24,601699.SH,601699.SH,6.103589826312426,6.135883952377571,6.017472156805372,6.071295700247281,89259.36,50346469.0
2020-04-27,601699.SH,601699.SH,6.060531899018084,6.1251201608193435,6.028237768117455,6.0390024784176655,67984.15,38380288.0
2020-04-28,601699.SH,601699.SH,6.0282371850944605,6.060531312871753,5.812942999912516,5.899060673985294,121465.25,66837914.00000001
2020-04-29,601699.SH,601699.SH,5.899063347660276,6.0067104890409375,5.899063347660276,5.985181060764805,60173.18,33346180.999999996
2020-04-30,601699.SH,601699.SH,6.02824148805564,6.135888657485205,5.995947337226771,6.114359223599291,85161.6,48143858.0
2020-05-06,601699.SH,601699.SH,6.092831667713454,6.1681847095402995,6.06053750693052,6.146655269018343,112196.83,63917922.0
2020-05-07,601699.SH,601699.SH,6.146658078917895,6.168187529281881,5.9959519263699965,6.028246101915974,118567.85,66717630.00000001
2020-05-08,601699.SH,601699.SH,6.039008279887777,6.135890765661377,6.028243559246264,6.125126045019866,126469.96,71537344.0
2020-05-11,601699.SH,601699.SH,6.12512818446992,6.200481255280622,6.0605398380607465,6.0713045624622755,127035.8,72232395.0
2020-05-12,601699.SH,601699.SH,6.060542279717085,6.0820717371938775,5.920600806117934,5.985189178548311,154439.45,86007320.0
2020-05-13,601699.SH,601699.SH,5.985187273677975,5.985187273677975,5.920598921803753,5.952893097740865,121467.31,67064058.00000001
2020-05-14,601699.SH,601699.SH,5.931365015892351,5.942129743688889,5.8452471935200485,5.877541376909662,165368.68,90308654.0
2020-05-15,601699.SH,601699.SH,5.8883061047062,5.920600288095813,5.856011921316587,5.877541376909662,93220.56,50998913.0
2020-05-18,601699.SH,601699.SH,5.8990707473176,6.028247479010686,5.866776564394328,5.963659113164143,168393.88,93103927.0
2020-05-19,601699.SH,601699.SH,6.028244588021663,6.157421257764985,6.017479865543053,6.060538755457494,222132.46,125656042.0
2020-05-20,601699.SH,601699.SH,6.049772788392098,6.16818471129657,5.974419746543798,6.017478627599969,177213.05,99803522.0
2020-05-21,601699.SH,601699.SH,6.017480829648308,6.049775002258228,5.920598311818551,5.942127760225162,129713.09,72014015.0
2020-05-22,601699.SH,601699.SH,5.94212740939843,5.9528921329661815,5.8237154501531725,5.834480173720923,160772.59,87628074.0
2020-05-25,601699.SH,601699.SH,5.8237149178208645,5.920597421074816,5.812950195237092,5.888303253323499,119056.0,64868598.0
2020-05-26,601699.SH,601699.SH,5.90983496160302,5.931364415015053,5.845246601366921,5.931364415015053,124764.57,68166588.0
2020-05-27,601699.SH,601699.SH,5.89907059305484,6.092835685527444,5.877541138335661,6.028247321369909,212629.22,118488192.0
2020-05-28,601699.SH,601699.SH,6.028248187186399,6.071307102809159,5.96365981375226,5.99595400046933,126189.26,70407451.0
2020-05-29,601699.SH,601699.SH,5.9851872549323,6.0282461560469205,5.952893079096334,5.974422529653645,121122.85,67213529.0
2020-06-01,601699.SH,601699.SH,5.995954274036002,6.060542650417,5.963660085845502,6.0497779210201665,174584.78,97709361.0
2020-06-02,601699.SH,601699.SH,6.039010566893219,6.092834190484067,6.028245842175048,6.092834190484067,144096.26,81106576.0
2020-06-03,601699.SH,601699.SH,6.092833712614719,6.13589260811023,6.039010093245332,6.039010093245331,201140.85,113378270.0
2020-06-04,601699.SH,601699.SH,6.049772345168208,6.060537064643595,5.985184028315877,6.006713467266654,122914.47,68615904.0
2020-06-05,601699.SH,601699.SH,6.006713467266654,6.017478186742042,5.952889869889713,6.006713467266654,125459.46,69743123.0
2020-06-08,601699.SH,601699.SH,6.028240160256249,6.071299018543794,6.017475445684363,6.049769589400022,145834.91,81915306.0
2020-06-09,601699.SH,601699.SH,6.060532594035443,6.060532594035443,6.00670903636195,6.028238459431347,145453.12,81530666.0
2020-06-10,601699.SH,601699.SH,6.039004915082486,6.039004915082486,5.952887197933359,5.963651912576999,112659.88,62534221.0
2020-06-11,601699.SH,601699.SH,5.9636542020960155,5.9636542020960155,5.877536451885242,5.888301170661589,140690.22,77414403.0
2020-06-12,601699.SH,601699.SH,5.823713753959335,5.888302076554077,5.812949033526878,5.87753735612162,120947.66,65738609.0
2020-06-15,601699.SH,601699.SH,5.856007958474477,5.888302120010181,5.834478517450673,5.834478517450673,111435.57,60632377.0
2020-06-16,601699.SH,601699.SH,5.866771825637626,5.93136013931437,5.866771825637626,5.920595420368246,105905.83,58045723.0
2020-06-17,601699.SH,601699.SH,5.920598096948454,5.995951163636889,5.899068649323187,5.952892268386354,115224.67,63757407.0
2020-06-18,601699.SH,601699.SH,5.974420702230013,6.544950967488014,5.942126536272013,6.534186245502014,856327.39,501766389.0
2020-06-19,601699.SH,601699.SH,6.437300953472799,6.5126539746672965,6.351183214964801,6.448065670786298,463914.15,277212954.0
2020-06-22,601699.SH,601699.SH,6.44806392627538,6.501887498281018,6.27582849585734,6.286593210258467,333968.01,197539222.0
2020-06-23,601699.SH,601699.SH,6.28659535585342,6.372713100454152,6.2220070474028715,6.308124792003603,231813.23,135303707.0
2020-06-24,601699.SH,601699.SH,6.318892577710526,6.501892873828207,6.275833684506366,6.297363131108446,338660.14,199740454.0
2020-06-29,601699.SH,601699.SH,6.29736172789166,6.29736172789166,6.1851092906743395,6.196334534396072,186219.79,103357253.0
2020-06-30,601699.SH,601699.SH,6.2187852004760895,6.274911420696992,6.207559956431909,6.252460932608631,93441.81,51950832.0
2020-07-01,601699.SH,601699.SH,6.263688304982799,6.398391279283505,6.252463057124407,6.37594078356672,177835.49,100456386.0
2020-07-02,601699.SH,601699.SH,6.409619472100841,6.690250797499302,6.353493207021149,6.645349785435548,469514.29,273065189.0
2020-07-03,601699.SH,601699.SH,6.679025378802109,7.307639532101131,6.645349620589661,7.240288015676236,1027314.59,654927432.0
2020-07-06,601699.SH,601699.SH,7.397438498536,7.846448422574605,7.172933536516698,7.74542118966592,1133841.24,755175727.0
2020-07-07,601699.SH,601699.SH,7.76787156835088,7.812772560075452,7.34131214696745,7.419888882485451,888285.91,595120070.0
2020-07-08,601699.SH,601699.SH,7.341308880520527,7.655615682744648,7.2739574229010735,7.543363253378891,614065.92,409375133.0
2020-07-09,601699.SH,601699.SH,7.476008368361477,7.902567404394113,7.36375599045815,7.835215977652119,737187.86,499549284.0
2020-07-10,601699.SH,601699.SH,7.66683952498563,7.66683952498563,7.352532780183876,7.40865898461276,466169.79,313085997.0
2020-07-13,601699.SH,601699.SH,7.318859457151809,7.588265326740219,7.318859457151809,7.532139103909301,444377.45,296279693.0
2020-07-14,601699.SH,601699.SH,7.509688885208934,8.284230788167703,7.386211190534348,8.10462686864103,754692.96,523747444.0
2020-07-15,601699.SH,601699.SH,7.891344390905866,8.037272523312376,7.565812403229806,7.655614330864581,670261.56,465955109.0
2020-07-16,601699.SH,601699.SH,7.633160214115959,7.734187334596905,7.296403145846138,7.307628381455132,405628.44,272316508.0
2020-07-17,601699.SH,601699.SH,7.363751681452517,7.476003993669782,7.229048906791801,7.352526450230791,293751.42,192394773.0
2020-07-20,601699.SH,601699.SH,7.453553969670654,7.700509071075406,7.33007641896828,7.6331576797832,480374.86,322159390.0
2020-07-21,601699.SH,601699.SH,7.588258575259688,7.64438474815362,7.431105291156677,7.476006229471823,322208.21,215369617.0
2020-07-22,601699.SH,601699.SH,7.520907236158853,7.588258644243857,7.386204419988844,7.408654889350511,330610.33,220253635.0
2020-07-23,601699.SH,601699.SH,7.341303930962503,7.386204872436281,7.139249694330508,7.330078695594059,309263.06,200460627.0
2020-07-24,601699.SH,601699.SH,7.2851795202239815,7.453558091569682,7.01577380607086,7.038224282250287,327012.97,210738027.0
2020-07-27,601699.SH,601699.SH,7.09434973606502,7.12802544683748,6.914745945278564,7.026998314520098,154248.01,96277632.0
2020-07-28,601699.SH,601699.SH,7.094348184527359,7.2627267015651915,7.004546308773848,7.083122950058169,186722.61,118646552.0
2020-07-29,601699.SH,601699.SH,7.0718957013708525,7.172922782819008,6.982093851194715,7.172922782819007,191865.42,121427617.0
2020-07-30,601699.SH,601699.SH,7.217824102631809,7.33007642149078,7.139247479430531,7.184148406974119,197276.85,126814105.0
2020-07-31,601699.SH,601699.SH,7.161694345489072,7.251496155463856,7.094342988007983,7.150469119242224,204694.58,130529640.0
2020-08-03,601699.SH,601699.SH,7.195372840765895,7.352526069737381,7.161697148843434,7.341300839096561,271061.04,175923776.0
2020-08-04,601699.SH,601699.SH,7.341303930170598,7.341303930170598,7.2178263411310315,7.251502047232732,208560.52,134939756.0
2020-08-05,601699.SH,601699.SH,7.217825799794056,7.273951972420761,7.09434822001531,7.184150096218035,193728.76,123593215.0
2020-08-06,601699.SH,601699.SH,7.184150096218035,7.206600565268716,7.038222047388605,7.139249158116672,231985.74,146865251.0
2020-08-07,601699.SH,601699.SH,7.128021003952733,7.184147153590157,6.959642555040464,7.015768704677886,187531.92,118020160.0
2020-08-10,601699.SH,601699.SH,6.937192095185495,7.116795774025248,6.937192095185495,7.0718948543153095,148368.61,93059316.0
2020-08-11,601699.SH,601699.SH,7.071894281228207,7.1280204263173195,6.903515845960869,6.925966303996514,185834.2,116337241.0
2020-08-12,601699.SH,601699.SH,6.925964936449026,7.08311811166829,6.881064029243523,7.049442431264163,259490.55,160963896.0
2020-08-13,601699.SH,601699.SH,7.0606671657210445,7.206595103963291,7.026991487665141,7.083117617758313,204248.08,129541875.0
2020-08-14,601699.SH,601699.SH,7.083116099947394,7.094341323560624,6.993314311041564,7.071890876334166,138380.6,86893636.0
2020-08-17,601699.SH,601699.SH,7.0943425315754,7.318847042068292,7.049441629476822,7.251495688920424,315278.38,202731362.0
2020-08-18,601699.SH,601699.SH,7.2627218001427405,7.520902018694955,7.2290461194620175,7.363748842184911,448690.81,295797252.0
2020-08-19,601699.SH,601699.SH,7.3300744187296,7.509678079831704,7.262723045816311,7.3300744187296,324453.33,213670133.0
2020-08-20,601699.SH,601699.SH,7.330073939937803,7.397425308451779,7.16169551865286,7.217821659081174,232488.97,149997548.0
2020-08-21,601699.SH,601699.SH,7.195368527131183,7.229044198865027,7.128017183663496,7.184143303219902,181996.74,116317278.0
2020-08-24,601699.SH,601699.SH,7.229040555882125,7.229040555882125,7.07188750031947,7.128013591591846,117590.76,74689835.0
2020-08-25,601699.SH,601699.SH,7.150461295439384,7.1616865094039674,7.026983941828971,7.049434369758138,127096.02,80100980.0
2020-08-26,601699.SH,601699.SH,7.049437911502942,7.071888350711549,6.959636154668509,6.970861374272813,117758.61,73468399.0
2020-08-27,601699.SH,601699.SH,7.015765525218109,7.049441199739157,6.959639401016365,7.026990750058458,68946.65,43101269.0
2020-08-28,601699.SH,601699.SH,7.038215218818734,7.128017007894571,6.982089100646336,7.105566560625611,119113.57,75015403.0
2020-08-31,601699.SH,601699.SH,7.1055689629838295,7.206596009850898,7.071893280694806,7.071893280694806,141177.39,89845813.0
2020-09-01,601699.SH,601699.SH,7.1167940792135935,7.1841454427392755,7.083118397450753,7.1841454427392755,111320.99,70812637.0
2020-09-02,601699.SH,601699.SH,7.161691390518946,7.184141833749414,7.049439174366612,7.150466168903713,105560.07,66969016.0
2020-09-03,601699.SH,601699.SH,7.150469185506628,7.352523259822356,7.12801873280488,7.18414486455925,201472.22,129914300.0
2020-09-04,601699.SH,601699.SH,7.105568280103133,7.12801873280488,7.0494421483487635,7.094343053752259,102162.17,64492245.0
2020-09-07,601699.SH,601699.SH,7.083116656265845,7.184143676719717,7.026990533791473,7.060666207276097,101190.71,63964199.0
2020-09-08,601699.SH,601699.SH,7.049442871416502,7.229046511452591,7.026992416411989,7.206596056448078,179033.62,114130479.0
2020-09-09,601699.SH,601699.SH,7.161694406733454,7.296397122847563,7.116793501362085,7.1729196330762965,216208.93,139160947.0
2020-09-10,601699.SH,601699.SH,7.2290441709851425,7.352521633533025,7.049440589097313,7.128017156173238,209577.41,134423868.0
2020-09-11,601699.SH,601699.SH,7.038212766851258,7.071888426022795,6.914735349888956,6.993311887955876,161011.15,100114994.0
2020-09-14,601699.SH,601699.SH,7.004535824839055,7.038211477843087,6.8810584304909295,6.925959301162974,125958.0,77852017.0
2020-09-15,601699.SH,601699.SH,6.9371846417118705,6.982085513179261,6.881058552377632,6.970860295312414,82039.84,50689919.0
2020-09-16,601699.SH,601699.SH,6.959635077445567,7.026986384646652,6.903508988111328,6.970860295312414,81651.96,50707258.0
2020-09-17,601699.SH,601699.SH,6.948409286166254,7.038211021690211,6.903508418404275,6.937184069225759,96940.56,60158511.0
2020-09-18,601699.SH,601699.SH,6.948407017297916,7.251487775726096,6.92595659074768,7.150460856250036,255884.23,161931603.0
2020-09-21,601699.SH,601699.SH,7.195359613505275,7.273936083543554,7.128008353472463,7.206584823510743,216748.67,139028465.0
2020-09-22,601699.SH,601699.SH,7.161686806845054,7.161686806845054,6.982083375952389,7.004533804813971,146688.0,92523936.0
2020-09-23,601699.SH,601699.SH,7.071882003834122,7.083107213364017,6.982080327594959,6.993305537124855,93397.79,58355368.0
2020-09-24,601699.SH,601699.SH,6.93717596420933,6.9708515756860745,6.85859953743026,6.869824741255841,127716.64,78395354.0
2020-09-25,601699.SH,601699.SH,6.903500442827207,7.004527278575897,6.869824830910976,6.881050034883052,97024.63,59843706.0
2020-09-28,601699.SH,601699.SH,6.937173183432019,7.206577967254622,6.937173183432019,7.105551173321146,272638.21,172180153.0
2020-09-29,601699.SH,601699.SH,7.139230032990437,7.150455237444824,7.015752783992174,7.026977988446561,172799.02,108667776.0
2020-09-30,601699.SH,601699.SH,7.015753543073622,7.049429160080376,6.780024224026348,6.8473754580398545,237949.85,145771745.0
2020-10-09,601699.SH,601699.SH,6.92594973336231,7.2514805960325,6.914724531201269,7.184129383066255,379184.25,240730719.0
2020-10-12,601699.SH,601699.SH,7.195354585227296,7.330057011159789,7.161678978744173,7.273931000354583,319085.68,206302520.0
2020-10-13,601699.SH,601699.SH,7.330057011159789,7.386183021964993,7.217804989549378,7.273931000354583,228432.68,148370855.0
2020-10-14,601699.SH,601699.SH,7.251481323453753,7.273931730027913,7.128004087295871,7.161679697157111,161466.16,103289971.0
2020-10-15,601699.SH,601699.SH,7.161677026700275,7.532108597046841,7.128001429396042,7.285154216815797,416981.88,272412869.0
2020-10-16,601699.SH,601699.SH,7.251475296819122,7.610681503472701,7.2177997149453486,7.520879951809306,569958.5,379693070.0
2020-10-19,601699.SH,601699.SH,7.47598253727057,7.47598253727057,7.229028159162534,7.240253358167444,397247.39,259852763.0
2020-10-20,601699.SH,601699.SH,7.206574500766517,7.2514752764722274,7.150448531134379,7.1953493068400896,218711.87,139861867.0
2020-10-21,601699.SH,601699.SH,7.1728966304909125,7.184121820835969,7.026969156005182,7.071869917385406,195830.02,123595731.0
2020-10-22,601699.SH,601699.SH,7.071867787979252,7.127993722804484,7.026967040119066,7.0830929749442975,136463.8,86069424.0
2020-10-23,601699.SH,601699.SH,7.060643625764568,7.11676956873567,6.993292494199246,7.0381932485761265,133130.24,83743022.0
2020-10-26,601699.SH,601699.SH,7.00451549388169,7.038191049140735,6.9708399386226425,7.004515493881689,95206.02,59399780.0
2020-10-27,601699.SH,601699.SH,6.982068162303732,7.02696892218993,6.9371674024175345,7.015743732218381,88620.36,55150554.0
2020-10-28,601699.SH,601699.SH,6.982068162303732,7.02696892218993,6.914717022474436,7.02696892218993,107174.29,66444020.99999999
2020-10-29,601699.SH,601699.SH,6.948390238901271,7.004516169748616,6.903489494223395,6.95961542507074,72140.39,44737900.0
2020-10-30,601699.SH,601699.SH,6.8698132347135665,6.8810384197376075,6.5779584240884805,6.6004087941365635,345950.2,207710867.0
2020-11-02,601699.SH,601699.SH,6.634087323108569,6.667762893276634,6.488159852380293,6.510610232492335,143668.69,83985050.0
2020-11-03,601699.SH,601699.SH,6.533062819719451,6.667765145899233,6.533062819719451,6.645314758202603,98004.21,57751526.0
2020-11-04,601699.SH,601699.SH,6.656537441840564,6.712663389916793,6.600411493764337,6.667762631455811,92986.52,55179826.0
2020-11-05,601699.SH,601699.SH,6.678987798658345,6.712663367391077,6.634087040348037,6.690212988235922,115331.02,68595412.0
2020-11-06,601699.SH,601699.SH,6.712663367391077,6.768789315278962,6.667762609080769,6.690212988235922,109568.96,65469729.0
2020-11-09,601699.SH,601699.SH,6.712666513259718,6.869819240994895,6.701441318421491,6.802468071965533,240192.6,145555347.0
2020-11-10,601699.SH,601699.SH,6.824921857123808,6.869822658815412,6.7351202537406,6.768795855009304,159589.08,96680038.0
2020-11-11,601699.SH,601699.SH,6.757570665646255,6.948399073147894,6.723895064322437,6.858597469617711,322080.84,197291314.0
2020-11-12,601699.SH,601699.SH,6.847369821269054,6.847369821269054,6.757568249842574,6.813694231984125,151559.87,91818031.0
2020-11-13,601699.SH,601699.SH,6.791242375011917,6.813692763028485,6.634089658895939,6.76879198699535,174353.5,104408210.0
2020-11-16,601699.SH,601699.SH,6.746340032292818,7.127996539943327,6.746340032292818,7.105546157140356,507977.92,317324863.0
2020-11-17,601699.SH,601699.SH,7.094320965738871,7.206572879753726,7.038195008731442,7.105546157140356,392640.43,249458171.0
2020-11-18,601699.SH,601699.SH,7.105548458937,7.262701189466412,7.015746898634479,7.17289962916389,302463.72,192735248.0
2020-11-19,601699.SH,601699.SH,7.139222470048293,7.2290240105520445,7.038195736981571,7.127997277485323,206109.34,130286259.0
2020-11-20,601699.SH,601699.SH,7.10554667203235,7.2514741708260635,7.026970326528043,7.240248978611163,291086.86,185755301.0
2020-11-23,601699.SH,601699.SH,7.2739241857531685,7.767832618119123,7.240248610819125,7.73415704318508,1035928.37,696957398.0
2020-11-24,601699.SH,601699.SH,7.633126789328612,7.678027535148192,7.464748992505187,7.599451229963926,531228.12,358292111.0
2020-11-25,601699.SH,601699.SH,7.644353169496125,7.745379863366119,7.464750158171695,7.475975346379472,426868.53,288499233.0
2020-11-26,601699.SH,601699.SH,7.431074615931119,7.543326498346997,7.363723486481592,7.453524992414295,280035.77,185522991.0
2020-11-27,601699.SH,601699.SH,7.50965021413472,7.565776149965324,7.318822032310669,7.498425026968599,315676.68,208984956.0
2020-11-30,601699.SH,601699.SH,7.498425529146225,7.666803347914478,7.374948462049506,7.374948462049506,475291.99,319104435.0
2020-12-01,601699.SH,601699.SH,7.520878649085362,7.565779417139603,7.386176344922639,7.475977881031121,405486.94,269616417.0
2020-12-02,601699.SH,601699.SH,7.4984318315189515,7.678034989160125,7.4872066341663785,7.599458607692112,484792.57,327429911.0
2020-12-03,601699.SH,601699.SH,7.599455623855604,7.599455623855604,7.273925028446724,7.318825800227258,432788.04,284486426.0
2020-12-04,601699.SH,601699.SH,7.273925028446724,7.341276186117526,7.20657387077592,7.318825800227258,194579.11,126191366.0
2020-12-07,601699.SH,601699.SH,7.352500689765655,7.442302224907831,7.161672427588531,7.184122811374076,271239.24,176496796.0
2020-12-08,601699.SH,601699.SH,7.184122811374076,7.240248770837936,7.139222043802988,7.161672427588531,183518.11,117404243.0
2020-12-09,601699.SH,601699.SH,7.217799908944764,7.408628211358545,7.2065747146851304,7.240250297464033,355328.95,231093425.0
2020-12-10,601699.SH,601699.SH,7.318828297513102,7.374954281389737,7.1953511329845075,7.262702313636469,266117.93,172628066.0
2020-12-11,601699.SH,601699.SH,7.408631110346024,7.509657898214379,7.161676740001156,7.184127137305236,394444.2,257399220.0
2020-12-14,601699.SH,601699.SH,7.105546988433127,7.105546988433127,6.74634082156131,6.791241592420287,373206.08,228002369.0
2020-12-15,601699.SH,601699.SH,6.791242320853792,6.8473682904476245,6.723891157341193,6.802467514772558,154267.88,93308339.0
2020-12-16,601699.SH,601699.SH,6.847369422244036,6.9371709884374,6.791243443373183,6.791243443373183,126465.39,77108646.0
2020-12-17,601699.SH,601699.SH,6.802467490820655,7.04942175616398,6.757566715303687,6.982070592888527,287815.93,177879932.0
2020-12-18,601699.SH,601699.SH,7.083095467191429,7.63312982201295,7.083095467191429,7.565778676524601,964974.92,640535934.0
2020-12-21,601699.SH,601699.SH,7.610680975671458,7.7341581006454785,7.464753464338525,7.678032134748196,642095.18,435460895.0
2020-12-22,601699.SH,601699.SH,7.610678182761008,7.689254506181844,7.34127364531814,7.3412736453181395,497021.79,332569418.0
2020-12-23,601699.SH,601699.SH,7.363720997859928,7.599449871267029,7.341270628964014,7.431072104547671,375444.59,250401077.0
2020-12-24,601699.SH,601699.SH,7.498422104540421,7.576998384079019,7.341269545463227,7.4535213733755095,285338.71,189744781.0
2020-12-25,601699.SH,601699.SH,7.442293218037198,7.756598210654154,7.307591078344217,7.644346427576669,534069.26,362121274.0
2020-12-28,601699.SH,601699.SH,7.689243848637332,7.790270410152276,7.565766940119069,7.655568328132352,492871.77,336935576.0
2020-12-29,601699.SH,601699.SH,7.666796506827761,7.666796506827761,7.251464924466666,7.27391528026997,363308.13,239692825.0
2020-12-30,601699.SH,601699.SH,7.240236386209469,7.5769915669633985,7.206560868134076,7.352488113127445,333314.99,219834464.0
2020-12-31,601699.SH,601699.SH,7.363710227046032,7.4198360671912,7.184107538581495,7.296359218871831,326382.57,212147251.0
2021-01-04,601699.SH,601699.SH,7.307584936343297,7.554538651549985,7.2065584164860175,7.464737300565735,449383.27,298593179.0
2021-01-05,601699.SH,601699.SH,7.464734762324306,7.498410257492686,7.13920497569663,7.262681791314023,378045.55,243354575.0
2021-01-06,601699.SH,601699.SH,7.240232498778246,7.330033832096426,7.071854998806659,7.127980832130521,279924.2,178634607.0
2021-01-07,601699.SH,601699.SH,7.1504337073444075,7.41983780306853,7.127983366034064,7.262685413896125,451910.46,292437680.0
2021-01-08,601699.SH,601699.SH,7.262682056617018,7.3861588767449735,7.094304574624352,7.1392052364890635,411354.59,264754463.99999997
2021-01-11,601699.SH,601699.SH,7.071852989570062,7.0830781530455695,6.813674229633378,6.8361245565843936,385601.7,237366486.0
2021-01-12,601699.SH,601699.SH,6.836123819355274,6.903474792944982,6.79122317029547,6.869799306150128,346740.2,211457984.0
2021-01-13,601699.SH,601699.SH,6.881024468415079,6.98205092879964,6.768772845765567,6.869799306150128,269733.25,164955200.0
2021-01-14,601699.SH,601699.SH,6.85857313963472,6.892248621498719,6.735096372800051,6.746321533421384,263716.02,159951648.0
2021-01-15,601699.SH,601699.SH,6.77999530913482,6.869796571507467,6.757544993541659,6.824895940321144,207086.23,125776349.0
2021-01-18,601699.SH,601699.SH,6.802445624727982,6.937147518286952,6.77999530913482,6.824895940321144,282864.12,172586573.0
2021-01-19,601699.SH,601699.SH,6.824894141337042,6.937145689714296,6.77999352198614,6.813668986499316,247879.67,151074142.0
2021-01-20,601699.SH,601699.SH,6.813666775741491,6.836117078132731,6.72386556617653,6.74631586856777,207986.02,125292736.0
2021-01-21,601699.SH,601699.SH,6.757541019763389,6.892242834110832,6.735090717372149,6.74631586856777,471337.27,285860902.0
2021-01-22,601699.SH,601699.SH,6.791217799032919,6.791217799032919,6.5330392711358,6.555489577909462,368974.52,217827906.0
2021-01-25,601699.SH,601699.SH,6.52181393721432,6.533039090290422,6.409562406453317,6.488138477986021,223219.49,128597898.0
2021-01-26,601699.SH,601699.SH,6.420786231090613,6.611613793902746,6.420786231090613,6.510587437119852,189795.69,110023506.0
2021-01-27,601699.SH,601699.SH,6.521814393219551,6.62284077796822,6.465688623914736,6.488138931636663,181272.45,105573938.0
2021-01-28,601699.SH,601699.SH,6.420785769192504,6.454461219030927,6.274858819892675,6.308534269731097,220076.17,124417257.0
2021-01-29,601699.SH,601699.SH,6.330982946294002,6.3422080933619,6.10648000493606,6.128930299071853,230867.48,127700294.0
2021-02-01,601699.SH,601699.SH,6.140155423730423,6.19628115886507,6.072804541568847,6.151380570757353,142982.65,78043134.0
2021-02-02,601699.SH,601699.SH,6.16260398633129,6.185054274077487,6.0503525476003,6.072802835346499,148303.67,80389650.0
2021-02-03,601699.SH,601699.SH,6.084026245718977,6.128926808418011,5.960549698296636,6.106476527068494,164202.68,88530263.0
2021-02-04,601699.SH,601699.SH,6.072799309021711,6.140150133151342,5.9829982101822035,6.072799309021711,140294.49,75540741.0
2021-02-05,601699.SH,601699.SH,6.084027105997093,6.1177025327830545,5.983000825639207,5.983000825639207,104809.24,56297538.0
2021-02-08,601699.SH,601699.SH,5.982998767934251,6.072799875145272,5.971773629532874,6.005449044737006,153076.0,81939106.0
2021-02-09,601699.SH,601699.SH,6.005451217394824,6.072802072169345,5.926875220157883,6.050351787244504,171676.78,91970955.0
2021-02-10,601699.SH,601699.SH,6.106478333282315,6.128928621272323,6.01667718132228,6.084028045292306,189030.39,102331752.0
2021-02-18,601699.SH,601699.SH,6.1962819940326455,6.499361004610329,6.1962819940326455,6.432010113370845,415978.39,236267866.0
2021-02-19,601699.SH,601699.SH,6.398337113530908,6.611615017315271,6.364661655038639,6.577939558823004,374171.41,216626872.0
2021-02-22,601699.SH,601699.SH,6.600388533496808,7.00449395391498,6.5891633829296365,6.791216093138722,578449.99,351557075.0
2021-02-23,601699.SH,601699.SH,6.7350900529696585,6.7687655032345075,6.555487651557135,6.577937951733701,354566.85,210445461.0
2021-02-24,601699.SH,601699.SH,6.589165914407955,6.678967153445883,6.510589830249768,6.521814985129509,206646.91,121146179.0
2021-02-25,601699.SH,601699.SH,6.6003909231120845,6.746317933316944,6.577940613849799,6.5891657684809415,201701.24,119477979.0
2021-02-26,601699.SH,601699.SH,6.45446447612397,6.555490876619824,6.420789009292019,6.432014164902671,202829.85,116981449.0
2021-03-01,601699.SH,601699.SH,6.476917263162529,6.611619181980467,6.432016623556551,6.5779437022759835,238331.77,138481631.0
2021-03-02,601699.SH,601699.SH,6.5779437022759835,6.735095940896912,6.49936758296552,6.5779437022759835,250230.86,147553166.0
2021-03-03,601699.SH,601699.SH,6.56671681601587,6.802445111975414,6.5330413451645075,6.7463193272231425,401682.51,240083666.0
2021-03-04,601699.SH,601699.SH,6.72387115071106,6.847347916416938,6.69019566915491,6.779996953304641,344843.18,207957548.0
2021-03-05,601699.SH,601699.SH,6.712642906003645,6.802444148893326,6.589166197030334,6.645291973836384,257436.38,152647622.0
2021-03-08,601699.SH,601699.SH,6.690191700272181,6.8136683927268695,6.690191700272181,6.712642007991216,285750.45,171949068.0
2021-03-09,601699.SH,601699.SH,6.7350909530547565,6.869792772115852,6.577938830816812,6.7687664078200305,357164.79,214722884.0
2021-03-10,601699.SH,601699.SH,6.746318660065947,6.869795374310083,6.65651741334294,6.667742569183317,231058.82,138942830.0
2021-03-11,601699.SH,601699.SH,6.634066927653872,6.869795194118731,6.622841772107926,6.847344883026839,292200.46,176583184.0
2021-03-12,601699.SH,601699.SH,6.836117166719432,7.015719588176757,6.768766258672935,6.8922429234248455,340065.04,208446971.0
2021-03-15,601699.SH,601699.SH,6.847344677692166,7.02694716104147,6.813669212064173,6.970821384994812,301136.66,186435016.0
2021-03-16,601699.SH,601699.SH,6.925921183566763,6.948371495344938,6.768769001119544,6.858570248232241,251174.23,153298537.0
2021-03-17,601699.SH,601699.SH,6.847345092343153,6.858570248232241,6.70141806578502,6.858570248232241,304030.31,183686882.0
2021-03-18,601699.SH,601699.SH,6.802446362133848,6.836121839174115,6.723870249039893,6.735095408053316,210306.2,126906434.0
2021-03-19,601699.SH,601699.SH,6.690194771999627,6.779996044107004,6.622843817919094,6.667744453972783,207258.68,123231329.0
2021-03-22,601699.SH,601699.SH,6.667747737585629,6.779999382999528,6.634072243961459,6.701423231209798,190261.62,113648008.0
2021-03-23,601699.SH,601699.SH,6.824902652733981,6.8473529904074475,6.589174107162577,6.600399275999311,257283.2,153115824.0
2021-03-24,601699.SH,601699.SH,6.521820249051565,6.723873199968826,6.510595085111717,6.690197708149282,228250.31,134700031.0
2021-03-25,601699.SH,601699.SH,6.667744668718984,6.813671740593305,6.634069190594141,6.735095624968671,202428.94,121479573.0
2021-03-26,601699.SH,601699.SH,6.712643053653237,6.746318520477583,6.656517275612657,6.690192742437005,120665.64,72017675.0
2021-03-29,601699.SH,601699.SH,6.779991012852956,7.049394629257709,6.779991012852956,6.9595934237894586,436918.2,269445263.0
2021-03-30,601699.SH,601699.SH,6.959595694456153,6.959595694456153,6.813668687959493,6.881019614034875,222510.83,136036413.0
2021-03-31,601699.SH,601699.SH,6.847344150997182,6.925920231418462,6.836118996651286,6.881019614034875,148023.59,90646501.0
2021-04-01,601699.SH,601699.SH,6.869792255536685,6.914692858514049,6.779991049581957,6.892242557025366,151383.64,92239063.0
2021-04-02,601699.SH,601699.SH,6.892244797852996,6.903469952246894,6.802443562701816,6.836119025883509,105964.07,64517163.0
2021-04-06,601699.SH,601699.SH,6.824894614794885,6.88102039287708,6.791219147945568,6.802444303562006,104314.71,63447929.0
2021-04-07,601699.SH,601699.SH,6.779995168563764,6.88102158663839,6.746319695872223,6.858571271510696,154124.6,93671676.0
2021-04-08,601699.SH,601699.SH,6.90346992775231,7.038171780001135,6.858569310336034,6.9483705451685855,331578.93,205350234.0
2021-04-09,601699.SH,601699.SH,6.914694358857764,7.094296809737187,6.869793746137908,7.083071656557222,334688.99,209544610.0
2021-04-12,601699.SH,601699.SH,7.083073169555123,7.1840995697548,7.026947391666413,7.094298325132865,260608.53,164866526.0
2021-04-13,601699.SH,601699.SH,7.0942963871782005,7.0942963871782005,6.8810184894624,6.903468794485116,201797.94,124505132.0
2021-04-14,601699.SH,601699.SH,6.881017824629697,7.015719641751322,6.8248920674956866,6.970819036044114,164823.96,101701243.0
2021-04-15,601699.SH,601699.SH,6.948366807343427,7.150419477023849,6.925916510712268,7.127969180392691,236468.78,148770693.0
2021-04-16,601699.SH,601699.SH,7.139191243871215,7.374919256640548,7.105515813475597,7.273892965453691,360134.0,233931884.0
2021-04-19,601699.SH,601699.SH,7.453493958976422,8.003525892696068,7.453493958976422,7.711672213579521,902346.55,627674006.0
2021-04-20,601699.SH,601699.SH,7.644320759061825,7.958624696291974,7.6218704778311,7.936174415061249,529590.73,368135952.0
2021-04-21,601699.SH,601699.SH,7.857595505506469,8.41885232732836,7.835145232633594,8.261700417218231,744224.07,543164906.0
2021-04-22,601699.SH,601699.SH,8.250477392903464,8.531105875655282,8.228027114283318,8.418854482554556,651074.38,482464070.0
2021-04-23,601699.SH,601699.SH,8.340275697317164,8.340275697317164,8.104547851228793,8.329050561789147,413517.33,302479326.0
2021-04-26,601699.SH,601699.SH,8.755606103895866,9.137260728937482,8.654579879620146,9.025009368631125,1186036.15,942980505.0
2021-04-27,601699.SH,601699.SH,8.991334815838524,9.541366533661355,8.968884541641675,9.44034029977553,1065034.82,883484670.0
2021-04-28,601699.SH,601699.SH,9.474014901938649,10.383250929257407,9.361763540541272,10.383250929257407,848987.61,762318544.0
2021-04-29,601699.SH,601699.SH,10.439376609956096,10.641429060471376,10.147523070322913,10.383250929257407,1232814.02,1139852569.0
2021-04-30,601699.SH,601699.SH,10.394480710973042,10.484281840225508,9.900574500084474,10.046501335119732,998748.76,900408967.0
2021-05-06,601699.SH,601699.SH,10.383259624016054,10.47306078833187,10.046505257831749,10.349584187397625,1209878.61,1108576274.0
2021-05-07,601699.SH,601699.SH,10.428159445144518,11.382296746368722,10.428159445144518,11.382296746368722,1112660.0,1095051598.0
2021-05-10,601699.SH,601699.SH,12.08948611155719,12.516041796087528,11.876208269292022,12.516041796087526,803753.53,879593805.0
2021-05-11,601699.SH,601699.SH,12.381339669920807,13.122199523243358,11.90988339962464,12.594617506483363,2151688.17,2403589017.0
2021-05-12,601699.SH,601699.SH,12.325212610202747,13.021171792199624,12.078259352074824,12.852794570748767,1247292.84,1400117779.0
2021-05-13,601699.SH,601699.SH,12.212960537522276,12.302761717945234,11.573127127008702,11.58435227456157,1568258.35,1642660533.0
2021-05-14,601699.SH,601699.SH,11.741504883261484,11.932332400484663,11.27004866423951,11.651703698685871,1220863.79,1269003944.0
2021-05-17,601699.SH,601699.SH,11.674156025117426,12.212963226276694,11.584354824924215,11.61803027499667,968616.54,1017574318.0
2021-05-18,601699.SH,601699.SH,11.7864043815548,11.876205557795217,11.382299088472921,11.573126587983808,785730.0,812771947.0
2021-05-19,601699.SH,601699.SH,11.528231833563474,11.528231833563474,10.978199350754702,11.157801794120832,844115.71,840764063.0
2021-05-20,601699.SH,601699.SH,10.663890905357405,11.12412198653599,10.32713645571454,10.966969910035985,1322393.24,1256841099.0
2021-05-21,601699.SH,601699.SH,10.83226771439481,11.37107481314191,10.76491682705142,11.112896411658923,990668.54,982347053.0
2021-05-24,601699.SH,601699.SH,11.112898661233096,11.4047525654675,10.955746558953031,11.090448360907372,735850.83,729320538.0
2021-05-25,601699.SH,601699.SH,11.157794208452412,11.618025156688377,10.663887824979671,11.202694788768117,910591.33,903938796.0
2021-05-26,601699.SH,601699.SH,11.213919400908273,11.662925182726422,11.090442810908282,11.337395990908265,837325.73,845515572.0
2021-05-27,601699.SH,601699.SH,11.292497998794104,12.190509768081904,11.236372263213616,11.763954177670199,978553.18,1025686309.0
2021-05-28,601699.SH,601699.SH,12.06703513342672,12.190511772001317,11.213923812365854,11.47210223847638,876565.51,903936099.0
2021-05-31,601699.SH,601699.SH,11.595583702956638,11.76396100745262,11.337405169396131,11.651709471121965,422824.47,438373230.0
2021-06-01,601699.SH,601699.SH,11.674163192722043,12.819129198162088,11.606812251225568,12.819129198162088,971105.15,1059774997.0
2021-06-02,601699.SH,601699.SH,13.110987860879485,14.020225888902806,13.088537539199896,13.616120098670219,1308871.38,1567027253.0
2021-06-03,601699.SH,601699.SH,13.638573249507806,14.255957223765359,13.458970638814698,13.582447433666209,995220.41,1228302310.0
2021-06-04,601699.SH,601699.SH,13.189563879253189,13.649795469933514,12.65075616333476,13.537543862450509,786901.34,918128916.0
2021-06-07,601699.SH,601699.SH,13.515088741804448,14.81720692623079,13.515088741804448,14.098796893443843,772031.23,979422973.0
2021-06-08,601699.SH,601699.SH,14.188599003136073,14.222274475453641,13.391612824953587,13.402837982392775,624544.3,759914209.0
2021-06-09,601699.SH,601699.SH,13.75081561711137,14.738629310422228,13.526312504995266,14.57025197633515,957631.84,1226611861.0
2021-06-10,601699.SH,601699.SH,14.267176322491643,14.873334875925591,14.143699580125467,14.536580124017842,712225.07,921161201.0
2021-06-11,601699.SH,601699.SH,14.64883800421208,15.030493553747107,14.12125533279601,14.233506965012195,505582.23,650872260.0
2021-06-15,601699.SH,601699.SH,14.693739674446311,14.929468118421386,13.919203358528211,14.267183442491415,547183.58,701542523.0
2021-06-16,601699.SH,601699.SH,14.435559174939273,14.682512753359697,13.661022951711583,13.694698439678005,765446.79,961554462.0
2021-06-17,601699.SH,601699.SH,13.829404214304773,14.255960513122615,13.48142407579548,13.806953882788045,513723.1,633043032.0
2021-06-18,601699.SH,601699.SH,13.91920749112597,14.087585001099267,13.133445777917244,13.616127973174033,556211.61,676467751.0
2021-06-21,601699.SH,601699.SH,13.470197039990076,14.480461817989333,13.212018263390267,14.042680414189656,649373.82,803019828.0
2021-06-22,601699.SH,601699.SH,14.031450717263027,14.345755213329719,13.762046863491577,14.177377804722564,509866.17,637806519.0
2021-06-23,601699.SH,601699.SH,14.435557403725577,14.570259339063607,13.627345791697396,14.132478049215008,644995.92,809527397.0
2021-06-24,601699.SH,601699.SH,14.076350568879572,15.210091723151374,14.076350568879572,14.536582126554261,767032.84,1003198810.0
2021-06-25,601699.SH,601699.SH,14.58148455740549,15.636649721682716,14.28963036303094,15.535623269783832,772580.35,1035717984.0
2021-06-28,601699.SH,601699.SH,14.547808793224576,14.570259115436341,13.986550737930417,13.986550737930417,899930.34,1127267046.0
2021-06-29,601699.SH,601699.SH,13.655975628902677,13.826960298713646,12.949238993684007,13.09742570752018,836692.09,977591749.0
2021-06-30,601699.SH,601699.SH,12.960634130669467,13.541981835739074,12.960634130669467,13.462189013474617,423675.7,495375527.0
2021-07-01,601699.SH,601699.SH,13.313996122702095,13.758555924744375,13.040420859906847,13.222804368437012,329646.48,388875089.0
2021-07-02,601699.SH,601699.SH,13.222810633048217,13.598976797609073,13.108820886211596,13.47358807608879,320807.87,377208973.0
2021-07-05,601699.SH,601699.SH,13.76996148536382,14.05493585385231,13.405194293698553,13.952345081196453,458533.27,552389820.0
2021-07-06,601699.SH,601699.SH,14.02074117474801,14.328513541998577,13.610378018413922,14.23732172947989,453588.59,556330762.0
2021-07-07,601699.SH,601699.SH,13.883956082975278,14.077738721243406,13.564784678768952,13.735769359593771,471964.41,569132639.0
2021-07-08,601699.SH,601699.SH,13.484992759859662,13.621780513974889,12.367892767918624,12.367892767918624,777738.15,861523253.0
2021-07-09,601699.SH,601699.SH,12.356499077618567,12.618675718564349,11.934736655227528,12.516084859063826,773976.91,830911690.0
2021-07-12,601699.SH,601699.SH,12.561680956205395,12.823857600481915,12.345100250063924,12.561680956205395,420808.05,464335670.0
2021-07-13,601699.SH,601699.SH,12.561686532265094,13.815575387572862,12.561686532265094,13.815575387572864,588891.85,686665669.0
2021-07-14,601699.SH,601699.SH,13.975166139931627,14.647706761673849,13.815580229687708,14.180348024530948,832652.45,1043454153.0
2021-07-15,601699.SH,601699.SH,14.362735979481972,14.419730963527535,13.690195167744324,14.203150024154395,422056.54,517932255.0
2021-07-16,601699.SH,601699.SH,14.191748168896607,14.944081806765826,14.157551185357098,14.48812202623903,534003.44,684673305.0
2021-07-19,601699.SH,601699.SH,14.989684994306115,15.331654994176215,14.488128994496634,14.670512994427352,482613.35,627683232.0
2021-07-20,601699.SH,601699.SH,14.442532751782302,15.023881741790904,14.020769759030966,14.92129074355409,470150.57,601605845.0
2021-07-21,601699.SH,601699.SH,14.852891674417208,15.046674604935314,14.19174991147308,14.659108743899102,441972.7,562106804.0
2021-07-22,601699.SH,601699.SH,14.80729258675204,14.875686547891773,14.408327813436935,14.681903657995864,387072.11,497039710.0
2021-07-23,601699.SH,601699.SH,14.887087885837984,15.445638656439868,14.374133096509722,14.476724054375373,615411.99,800414548.0
2021-07-26,601699.SH,601699.SH,14.248750422474254,14.613518433289595,13.929578413010832,14.237351422136276,462127.93,579084240.0
2021-07-27,601699.SH,601699.SH,14.225953743524927,14.784504811980636,13.940978708598548,13.986574714186768,426387.72,539974604.0
2021-07-28,601699.SH,601699.SH,13.815588256501563,14.237351264332057,13.542012251422324,13.701598254385212,384062.31,467213703.0
2021-07-29,601699.SH,601699.SH,14.020767472286007,14.33993941474455,13.542009558598192,13.872580499001684,369096.16,448708584.0
2021-07-30,601699.SH,601699.SH,14.15755739570501,14.476729382081613,13.84978440884186,14.248749391812613,459645.15,570495723.0
2021-08-02,601699.SH,601699.SH,13.667400416626657,14.271547390839512,13.462218425384556,14.191754394245361,713937.27,870562429.0
2021-08-03,601699.SH,601699.SH,14.13476011600429,14.647715120214123,13.336830109455661,13.439421110297626,455571.42,556481974.0
2021-08-04,601699.SH,601699.SH,13.747196391656782,14.784505572121764,13.610408367859202,14.784505572121764,633480.93,803820212.0
2021-08-05,601699.SH,601699.SH,14.784498495065598,15.115069394338459,13.940972752093467,14.168952682626475,582216.02,733927573.0
2021-08-06,601699.SH,601699.SH,14.191746293093168,15.06946875459371,13.678791607800644,14.875685873483201,551895.75,707036231.0
2021-08-09,601699.SH,601699.SH,15.183455662190358,15.320243551038919,14.248738421725186,14.60210713458397,414492.31,529126855.0
2021-08-10,601699.SH,601699.SH,14.419728468037395,14.852890271820335,14.26014254032789,14.61351138025608,358893.04,458745745.0
2021-08-11,601699.SH,601699.SH,14.773097391784578,16.07258281050637,14.510920509060005,16.07258281050637,730580.18,993842948.0
2021-08-12,601699.SH,601699.SH,16.072590183250778,17.668450201445893,15.867408180911406,17.39487419832673,927267.09,1380208443.0
2021-08-13,601699.SH,601699.SH,17.406266540703715,17.58865047302281,16.63113482834756,16.927508718366088,638756.87,949743014.0
2021-08-16,601699.SH,601699.SH,16.961706671466988,17.08709563207595,15.9016000045003,16.015589968690268,679241.66,979724059.0
2021-08-17,601699.SH,601699.SH,15.844597971141306,16.10677477210264,15.012471602872735,15.240451429795629,633036.98,861858031.0
2021-08-18,601699.SH,601699.SH,15.400031596670466,15.673607287506952,14.647698446870132,14.966870086179366,644063.42,850894402.0
2021-08-19,601699.SH,601699.SH,14.818682015913836,15.240444504059074,14.670495195754697,14.875676946744274,477863.3,627871254.0
2021-08-20,601699.SH,601699.SH,14.72749167142676,14.864279519768184,14.260133189593557,14.670496734617831,426996.07,544050191.0
2021-08-23,601699.SH,601699.SH,15.263243628511729,15.548218304174755,15.012465913928263,15.115056797166954,527418.13,705554254.0
2021-08-24,601699.SH,601699.SH,15.559623063505073,15.650814993547595,15.023870474505264,15.240451308356251,435470.51,584466953.0
2021-08-25,601699.SH,601699.SH,15.194851747688539,16.129568809436822,15.194851747688539,15.992780946741949,628155.03,865556485.0
2021-08-26,601699.SH,601699.SH,16.004182302268116,17.32646517054668,15.628015624223355,16.80211161933277,860262.98,1240363904.0
2021-08-27,601699.SH,601699.SH,15.958589995258972,16.881908416413243,15.719211145330087,16.528539637946793,626562.05,906072895.0
2021-08-30,601699.SH,601699.SH,16.756522919378764,16.893310861577774,15.742012348069437,16.73372492901226,649487.62,936404258.0
2021-08-31,601699.SH,601699.SH,16.64252886448152,18.329579735675537,16.334756070412343,18.124397872962753,908645.88,1400994892.0
2021-09-01,601699.SH,601699.SH,18.238383419479007,19.059110673355562,17.041489507575697,17.098484455761568,765881.0,1197900217.0
2021-09-02,601699.SH,601699.SH,17.08708000699166,18.728533990318407,17.04148406301036,17.839413082683087,798082.9,1244017836.0
2021-09-03,601699.SH,601699.SH,17.440451220688107,17.543042110221567,16.414542325353512,16.89329980984299,676768.76,1005909127.0
2021-09-06,601699.SH,601699.SH,17.280857904910878,17.691221285238576,16.813499610648776,17.25805993933712,604556.69,910963350.0
2021-09-07,601699.SH,601699.SH,17.66841991265118,18.694328165643828,17.280854572631736,18.44355059269007,771897.78,1222619819.0
2021-09-08,601699.SH,601699.SH,18.226963612423773,19.868416245437544,18.10157486962411,19.503648993656707,981719.26,1653895657.0
2021-09-09,601699.SH,601699.SH,19.503650444431496,21.430077636195918,19.024893390856906,20.38137170931824,1168436.3,2079950666.0
2021-09-10,601699.SH,601699.SH,19.83422079094728,21.293289906603174,19.640438174024236,20.38137170931824,909189.4,1636243492.0
2021-09-13,601699.SH,601699.SH,20.757537239237866,22.421787891038377,20.757537239237866,22.14821244142733,834864.43,1604059435.0
2021-09-14,601699.SH,601699.SH,21.54406334882833,21.943027484917746,20.347170940560094,20.56375147158006,934170.88,1719411383.0
2021-09-15,601699.SH,601699.SH,20.17617918980055,20.996905122944984,19.9481997639271,20.153381247213208,729280.68,1301250284.0
2021-09-16,601699.SH,601699.SH,20.791725981069188,21.79483556787516,20.062191736119395,20.244575297356846,865945.93,1588996600.0
2021-09-17,601699.SH,601699.SH,20.23317571854201,20.632139746794955,18.215557632805712,18.261153521748902,1016557.63,1685558668.0
2021-09-22,601699.SH,601699.SH,18.249752137938398,19.298457445052904,18.124363459913834,19.150270825569333,608915.26,1010716428.0
2021-09-23,601699.SH,601699.SH,19.720215521222823,19.913997985882236,18.38653620562567,18.728505260906992,631093.34,1051370071.0
2021-09-24,601699.SH,601699.SH,18.420737058453756,18.682913390350066,17.21244613754033,17.394829672772545,856503.91,1328040240.0
2021-09-27,601699.SH,601699.SH,17.85078165879661,17.998968224291087,16.824874666911747,17.22383849708919,658417.07,1001140007.0
2021-09-28,601699.SH,601699.SH,17.417626813678098,17.71400004480089,16.802082410576908,17.61140931095069,931003.44,1415042398.0
2021-09-29,601699.SH,601699.SH,17.55442206696172,17.8507954265338,15.947166540051589,16.175146047414728,886943.14,1294662402.0
2021-09-30,601699.SH,601699.SH,16.175143385681835,17.189652026503317,16.049754677265696,17.109859212056683,719237.32,1047365987.0
2021-10-08,601699.SH,601699.SH,17.60001749177036,17.7368051924836,15.798979432379351,16.33473126017288,617468.86,882866925.0
2021-10-11,601699.SH,601699.SH,16.55131772318575,16.916085055928136,15.912974890886577,16.779297306149743,654973.69,944114473.0
2021-10-12,601699.SH,601699.SH,16.927480447794956,17.292247703235653,16.33473365770382,17.212454866108,800490.93,1185970136.0
2021-10-13,601699.SH,601699.SH,16.984475331457563,16.984475331457563,15.491209379497201,15.491209379497201,818368.22,1136745956.0
2021-10-14,601699.SH,601699.SH,15.06944429440457,15.798978662666213,14.887060702339161,15.684988917625333,630129.72,851200820.0
2021-10-15,601699.SH,601699.SH,15.673593045522551,16.813490721560555,15.38861862651305,16.585511186352957,651966.95,926541313.0
2021-10-18,601699.SH,601699.SH,16.699494815233244,17.862190017386002,16.56270714439174,17.52022084028225,692490.47,1049543828.0
2021-10-19,601699.SH,601699.SH,17.46322440324977,18.215556525060794,17.235244972397947,17.577214118675684,618990.29,960336169.0
2021-10-20,601699.SH,601699.SH,15.821776836781696,16.220740950101117,15.821776836781696,15.89017068477931,786050.26,1095895364.0
2021-10-21,601699.SH,601699.SH,15.627998396012387,16.813492074484515,15.627998396012387,16.482921721833634,570609.47,820622600.0
2021-10-22,601699.SH,601699.SH,16.18655222043541,16.642511437912464,15.331628687665933,15.445618492035198,589297.04,816363918.0
2021-10-25,601699.SH,601699.SH,15.650798088083395,16.04976235107168,15.137844035669882,15.650798088083395,420180.12,579340177.0
2021-10-26,601699.SH,601699.SH,15.696394780353538,16.380333550739312,15.468415190224947,16.129556001597862,683956.19,957688129.0
2021-10-27,601699.SH,601699.SH,15.707788268037337,15.707788268037337,14.978253834688724,15.160637443025877,658490.8,882965790.0
2021-10-28,601699.SH,601699.SH,14.830073707640599,15.160644143860106,13.815564437863493,14.442508368624628,1018107.01,1276849088.0
2021-10-29,601699.SH,601699.SH,14.465303758630032,15.217636341821192,14.465303758630032,14.750278221960018,566505.85,736803610.0
2021-11-01,601699.SH,601699.SH,14.60208638139269,15.21763100636943,14.567889457782869,14.955454592027483,457147.87,601226546.0
2021-11-02,601699.SH,601699.SH,15.012447928664525,15.240427396070212,13.735762911192676,14.260115686225756,631605.26,793135694.0
2021-11-03,601699.SH,601699.SH,14.465291767415891,15.331613417789104,14.18031754031944,15.126431974279658,597661.52,778151120.0
2021-11-04,601699.SH,601699.SH,14.761664740645774,14.966846181056297,14.089125574855736,14.33990289091304,559567.73,704857948.0
2021-11-05,601699.SH,601699.SH,14.294305752217888,14.294305752217888,13.359590384050533,13.41658522357293,503813.32,604937641.0
2021-11-08,601699.SH,601699.SH,13.450787265530817,13.655968766191457,13.302600626164798,13.427989321012967,343867.89,406355882.0
2021-11-09,601699.SH,601699.SH,13.382387681638782,13.393786648999633,12.949226921926453,13.05181762817411,420090.38,482442999.0
2021-11-10,601699.SH,601699.SH,12.766845233357843,12.858036985024684,12.185497816481726,12.607259667940871,619266.95,677929709.0
2021-11-11,601699.SH,601699.SH,12.66424967749542,12.915026898831963,12.561658996039561,12.778239323557486,384104.16,429101135.0
2021-11-12,601699.SH,601699.SH,12.721248841260474,12.721248841260474,12.504668439841165,12.52746637683267,272744.95,301453503.0
2021-11-15,601699.SH,601699.SH,12.481867612674844,12.595857271238087,12.18549450041042,12.356478988255281,340597.83,369174898.0
2021-11-16,601699.SH,601699.SH,12.379272828413491,12.379272828413491,12.117096700371587,12.139894624549143,319325.7,342868419.0
2021-11-17,601699.SH,601699.SH,12.12849276410662,12.447663626319951,12.014503170459,12.402067788860904,386119.91,415695638.0
2021-11-18,601699.SH,601699.SH,12.584449659532956,12.744035071882106,12.333672582984292,12.413465289158868,413908.26,455314021.0
2021-11-19,601699.SH,601699.SH,12.367872532313136,12.721240318950656,12.322276688876038,12.652846553795007,393943.7,434977989.0
2021-11-22,601699.SH,601699.SH,12.823824583781835,13.029005777122345,12.481855928214319,12.59584548007016,370580.15,410961467.0
2021-11-23,601699.SH,601699.SH,12.630047406641207,12.92642036022665,12.527456768861631,12.801031802940502,366805.11,412284417.0
2021-11-24,601699.SH,601699.SH,12.960616943893486,13.040409660346656,12.721238794533976,12.994813822373416,431451.79,489383308.0
2021-11-25,601699.SH,601699.SH,12.994816624489602,13.165801053759202,12.561656070339946,12.687044651804323,384432.7,430209083.0
2021-11-26,601699.SH,601699.SH,12.493262035976688,12.755438155344809,12.345075533725138,12.47046411255337,333265.48,366976610.0
2021-11-29,601699.SH,601699.SH,12.13989329163575,12.595851725124415,12.09429744828688,12.481862116752247,283172.03,308279159.0
2021-11-30,601699.SH,601699.SH,12.561650131992197,12.573049088554804,12.219681435114008,12.310873087614858,316807.91,343761571.0
2021-12-01,601699.SH,601699.SH,12.379267720800371,12.641443740669994,12.208283360015837,12.630044783284358,343361.25,376999583.0
2021-12-02,601699.SH,601699.SH,12.584453521681954,12.721241059961107,12.481862867972591,12.68704417539132,385914.37,427123868.0
2021-12-03,601699.SH,601699.SH,12.573050666427262,13.712946465740703,12.288076716598901,13.177195440063388,835222.92,955426132.0
2021-12-06,601699.SH,601699.SH,13.04040638708214,13.496364652364731,12.94921473402562,12.983411603921816,477807.92,552705665.0
2021-12-07,601699.SH,601699.SH,13.074599406857686,13.22278579943759,12.926413014277781,13.199987892886835,313336.81,359798952.0
2021-12-08,601699.SH,601699.SH,13.131600293699334,13.188595086640738,12.972014873463406,13.108802376522773,269400.03,308352184.0
2021-12-09,601699.SH,601699.SH,13.131595686120283,13.34817582330456,12.972010321879239,12.994808231056531,488826.34,562418713.0
2021-12-10,601699.SH,601699.SH,12.99481448524231,13.405177047934172,12.755436323672056,12.78963320389638,590214.48,676059094.0
2021-12-13,601699.SH,601699.SH,12.892226002542966,13.291189671940847,12.858029116594574,13.21139693806127,574134.24,661949576.0
2021-12-14,601699.SH,601699.SH,13.165800394088627,13.211396239609279,12.675645054741603,12.721240900262258,488414.15,548570098.0
2021-12-15,601699.SH,601699.SH,12.709835839938675,13.302581547272137,12.56164941310531,13.017607649515666,508702.91,579384934.0
2021-12-16,601699.SH,601699.SH,13.097397198372361,13.975116592867288,13.017604526145549,13.872526014289958,800852.05,963677380.0
2021-12-17,601699.SH,601699.SH,14.248685987009269,14.305680730957306,13.769930137845757,13.895318574531437,652492.67,797025260.0
2021-12-20,601699.SH,601699.SH,13.895321867091956,13.997912430507728,13.302576389578599,13.325374292559882,424490.87,504399879.0
2021-12-21,601699.SH,601699.SH,13.302579658855846,13.61035142474197,13.256983841687532,13.45076606465287,271321.15,320082225.0
2021-12-22,601699.SH,601699.SH,13.496355710749706,13.496355710749706,13.268376729149205,13.46215886350963,218430.53,256580922.0
2021-12-23,601699.SH,601699.SH,13.462160977867079,13.75853370049582,13.359570420034053,13.644544191792459,294159.38,349804710.0
2021-12-24,601699.SH,601699.SH,13.576150705540611,13.849725530841178,13.405166439727756,13.427964341836136,256514.87,305310553.0
2021-12-27,601699.SH,601699.SH,13.302574010812071,13.678739342737348,13.27977611190751,13.302574010812071,212106.88,249802434.0
2021-12-28,601699.SH,601699.SH,13.17718865706191,13.325375034693229,12.778225332669898,12.880815901799274,301313.58,341591656.0
2021-12-29,601699.SH,601699.SH,12.892216560749324,13.268382030691612,12.823822838941634,12.915014468018551,251681.39,288148246.0
2021-12-30,601699.SH,601699.SH,12.892210229340478,13.006199709705998,12.789619697011508,12.812417593084612,191288.04,215898498.0
2021-12-31,601699.SH,601699.SH,12.812420674408736,13.029000739189666,12.755425920519016,12.892213329854343,227277.15,257375583.0
2022-01-04,601699.SH,601699.SH,13.199990296661188,13.610352689303504,13.12019760920296,13.325378805524117,491566.68,576074724.0
2022-01-05,601699.SH,601699.SH,13.291183580357252,13.507763758767876,12.90361905056982,12.926416964086727,364053.78,419473209.0
2022-01-06,601699.SH,601699.SH,12.926423274620992,13.15440252108697,12.880827425327798,13.029013935530683,223432.5,255064883.0
2022-01-07,601699.SH,601699.SH,12.994811028489966,13.313981825680948,12.949215200319825,13.188593298213064,332514.77,384960874.0
2022-01-10,601699.SH,601699.SH,13.313980176855905,13.53056033384243,13.12019793113112,13.530560333842432,339227.92,397355313.0
2022-01-11,601699.SH,601699.SH,13.393774753679718,13.484966411577112,13.222790395122104,13.427971625391239,272965.73,320092254.0
2022-01-12,601699.SH,601699.SH,13.439367794187577,13.484963613675916,13.177191832129635,13.405170929571325,225628.42,263743392.0
2022-01-13,601699.SH,601699.SH,13.439371549786703,14.294293404098834,13.439371549786703,14.032117368776447,892127.62,1100404832.0
2022-01-14,601699.SH,601699.SH,13.895334801173115,14.009324422183559,13.165801226706277,13.496371127636563,610092.47,719461144.0
2022-01-17,601699.SH,601699.SH,13.621756847718094,14.100513155336637,13.541964129781672,13.883932920937774,397829.1,481860118.0
2022-01-18,601699.SH,601699.SH,13.781341894470687,14.852844076505628,13.735746056937286,14.533673213771817,641794.19,808752390.0
2022-01-19,601699.SH,601699.SH,14.69326121989199,15.217613443410245,14.533675760560348,14.636266412987831,612133.23,796215287.0
2022-01-20,601699.SH,601699.SH,14.488074864346503,15.342996669874424,14.282893631019801,15.17201230876884,511347.73,667975504.0
2022-01-21,601699.SH,601699.SH,15.388586548660163,16.10672058759764,15.251799112672073,15.94713524561153,685549.87,944598930.0
2022-01-24,601699.SH,601699.SH,15.798953058843013,15.810352014873922,15.115015696988337,15.51397915807023,522350.14,706605570.0
2022-01-25,601699.SH,601699.SH,15.263196538620026,15.263196538620026,14.248689823207641,14.294285630641905,556517.6,715060623.0
2022-01-26,601699.SH,601699.SH,14.362684743335965,14.522270129373032,13.997918146679813,14.488073260936519,348172.06,436446701.0
2022-01-27,601699.SH,601699.SH,14.522272576687238,14.864241318681442,14.260096541158347,14.339889247623661,296153.52,378162763.0
2022-01-28,601699.SH,601699.SH,14.339885001403355,14.51086932176985,13.610351901172976,13.78133622153947,309985.6,379082082.0
2022-02-07,601699.SH,601699.SH,13.393776439932715,13.975123332219155,13.108802473125635,13.838335828151758,500252.96,602641862.0
2022-02-08,601699.SH,601699.SH,14.29429522981037,14.830046326940424,14.20310355370313,14.830046326940426,621974.85,793643204.0
2022-02-09,601699.SH,601699.SH,14.636266111097596,15.217613129529042,14.2487014321433,14.3284941601633,768282.51,986697705.0
2022-02-10,601699.SH,601699.SH,14.123314264129895,14.567873793025024,13.929531905380736,14.55647483074566,603314.03,752504156.0
2022-02-11,601699.SH,601699.SH,14.41968901508786,15.286010252357961,14.305699378604952,14.807253779129747,677268.19,885032029.0
2022-02-14,601699.SH,601699.SH,14.818658876589158,15.172026895953978,14.590679509257019,14.898451655155407,515312.67,674866010.0
2022-02-15,601699.SH,601699.SH,14.681877908548072,14.693276882079553,14.168924099631408,14.339908702603628,365863.81,461834779.0
2022-02-16,601699.SH,601699.SH,14.305714953558493,14.545093450789352,14.248720073265432,14.499497546554904,240992.65,304510802.0
2022-02-17,601699.SH,601699.SH,14.385503669431563,14.750270798925866,14.168923186294322,14.659079016552289,275917.22,351238145.0
2022-02-18,601699.SH,601699.SH,14.624888583697496,15.571003745386422,14.533696760884105,15.422817033314661,647903.33,865345637.0
2022-02-21,601699.SH,601699.SH,15.684993384718915,16.8932850262743,15.66219542921787,16.699502404515414,995003.18,1428280038.0
2022-02-22,601699.SH,601699.SH,16.517122498712904,16.76790006598115,15.890178580542296,16.368935754418033,580030.67,831424183.0
2022-02-23,601699.SH,601699.SH,16.38033349154661,16.448727368338037,15.696394723632348,16.220747779033285,454773.97,641038420.0
2022-02-24,601699.SH,601699.SH,15.958564504525684,16.14094809886312,15.445610645451644,15.7191860369578,386848.9,536727540.99999994
2022-02-25,601699.SH,601699.SH,15.662196068528514,15.855978698197355,14.818671680558275,15.069449201306185,546650.93,735337703.0
2022-02-28,601699.SH,601699.SH,15.18343789270003,15.901573468706113,15.023852209143124,15.867376536515348,494522.95,673770112.0
2022-03-01,601699.SH,601699.SH,15.958574146841299,16.699507946516075,15.616604700837556,16.585518131181495,560151.37,797433050.0
2022-03-02,601699.SH,601699.SH,16.813500495299195,17.73681814961732,16.73370761159269,17.17826796367179,751591.75,1134979308.0
2022-03-03,601699.SH,601699.SH,17.14407001663616,18.238372358123577,17.052878154845544,17.839407962789625,555217.72,870621475.0
2022-03-04,601699.SH,601699.SH,17.782420514640613,18.808329390485262,17.440450889359063,18.055996214865853,590073.45,939440316.0
2022-03-07,601699.SH,601699.SH,18.922315348204336,19.7316432938203,18.19278029863501,18.50055289767207,675473.11,1112111734.0
2022-03-08,601699.SH,601699.SH,18.135780065709902,18.660133229143376,17.349250320559694,17.645623847717744,613883.56,964547517.0
2022-03-09,601699.SH,601699.SH,17.645631604035927,19.150297864845193,17.645631604035927,18.67154041822406,823021.14,1322636376.0
2022-03-10,601699.SH,601699.SH,18.181392633220728,19.617665656283936,17.451857129442594,18.979322090478064,583353.46,950017111.0
2022-03-11,601699.SH,601699.SH,18.751341859490346,19.879842068663322,18.375175123099357,19.378286420142,628695.28,1069558522.0000001
2022-03-14,601699.SH,601699.SH,18.92233622454363,19.708867067612008,18.010416406493334,18.192800370103395,605101.35,998456492.0
2022-03-15,601699.SH,601699.SH,18.101600875374555,18.101600875374555,16.36895394020016,16.36895394020016,596241.98,879269632.0
2022-03-16,601699.SH,601699.SH,16.437351876051483,16.745124761386705,15.639422173330539,16.39175589303886,559935.73,793600137.0
2022-03-17,601699.SH,601699.SH,16.471543534930717,17.246674995398045,15.628018122069214,16.984498177887037,749513.62,1081836886.0
2022-03-18,601699.SH,601699.SH,16.97310703587971,18.580365660499616,16.97310703587971,18.23839574036772,610166.41,960229794.0
2022-03-21,601699.SH,601699.SH,18.352385713745026,19.423891463491625,17.86222882822264,18.694355633876917,598038.98,982933112.0
2022-03-22,601699.SH,601699.SH,18.73995293831216,19.76586277070151,18.73995293831216,19.492286815397684,526283.59,889211357.0
2022-03-23,601699.SH,601699.SH,19.16170961112543,19.537876426810826,18.523365923901743,19.19590659436956,421705.63,704185807.0
2022-03-24,601699.SH,601699.SH,19.492273588610956,19.948233204718814,19.070510943711188,19.173101857335453,399607.41,680486666.0
2022-03-25,601699.SH,601699.SH,19.18450417289441,19.309893089057123,18.238387805484884,18.54616059970244,431689.2,708140466.0
2022-03-28,601699.SH,601699.SH,18.694346567611355,19.184503215420676,18.48916471504001,18.728543543039912,410295.96,678584537.0
2022-03-29,601699.SH,601699.SH,18.44357657668395,19.355496308534825,18.42077858338768,19.093319385627698,456537.69,759021922.0
2022-03-30,601699.SH,601699.SH,18.831138111717227,19.230102902219713,18.272587405013752,18.500567285300885,432193.36,708227037.0
2022-03-31,601699.SH,601699.SH,18.60315297547756,19.036314625641864,18.033203435787684,18.92232471770389,380878.18,624257646.0
2022-04-01,601699.SH,601699.SH,18.79693948666691,19.138909277206636,18.23838882878536,18.694348549504994,428998.84,703472122.0
2022-04-06,601699.SH,601699.SH,18.50055908185664,18.7855338058532,17.440453108589438,17.93060963386352,370715.52,580724348.0
2022-04-07,601699.SH,601699.SH,17.77102032985949,18.73993420287941,17.70262640941102,18.215580812774512,357387.79,573509240.0
2022-04-08,601699.SH,601699.SH,18.27256991079557,19.013503812356213,17.896403468464783,18.77412516723662,345591.39,563109608.0
2022-04-11,601699.SH,601699.SH,18.23836664195462,18.409351329222943,17.736811559300868,17.89639726741797,374749.77,593430288.0
2022-04-12,601699.SH,601699.SH,18.21556408085529,18.774113918128077,17.565822433415523,18.044579436792194,391620.66,625125239.0
2022-04-13,601699.SH,601699.SH,18.044570936987313,19.33265464885059,17.793793577155522,19.093276259920245,486888.89,801079632.0
2022-04-14,601699.SH,601699.SH,19.047682757274515,20.746129633895638,18.80830433842187,20.518150187369315,590083.36,1042196388.0
2022-04-15,601699.SH,601699.SH,21.521250133645037,22.569955118970963,20.153374065828615,20.40415134492829,1048097.59,1992335344.0
2022-04-18,601699.SH,601699.SH,19.834194285130227,21.145074941906078,19.606215040473558,19.754401549500393,546263.54,968146431.0
2022-04-19,601699.SH,601699.SH,20.17616089943682,21.156471542008326,19.617611812390265,21.133673620088057,569612.35,1028695227.0
2022-04-20,601699.SH,601699.SH,20.723308712110143,21.088075422114283,19.36683250928225,19.40102938834514,499038.68,879088249.0
2022-04-21,601699.SH,601699.SH,19.629002737636096,20.01656725161962,19.013459097779915,19.218640311065307,480027.2,819929609.0
2022-04-22,601699.SH,601699.SH,18.979263307987498,20.552319365946826,18.78548103997802,20.44972875347122,482571.56,844367231.0
2022-04-25,601699.SH,601699.SH,18.58030052832624,18.956466121844503,18.40931616763612,18.40931616763612,501664.9,815175405.0
2022-04-26,601699.SH,601699.SH,18.238339960258017,18.24973892273318,16.574091438884473,16.574091438884473,514265.3,757089929.0
2022-04-27,601699.SH,601699.SH,15.958549571754025,17.30362732137329,15.627979616339122,17.098445969736456,511741.05,736494287.0
2022-04-28,601699.SH,601699.SH,16.870466690139974,18.73989678283116,16.870466690139974,18.329534079557483,480107.06,754162463.0
2022-04-29,601699.SH,601699.SH,18.15854099191143,18.238333701857055,17.052842011236347,17.65698681511036,481576.47,742205137.0
2022-05-05,601699.SH,601699.SH,17.725386274064867,18.010360329918,16.81346929533484,17.098443351187974,549873.24,829136252.0
2022-05-06,601699.SH,601699.SH,16.585484299788934,17.16683117215267,16.19791971821311,16.437297842127588,336438.2,491760083.0
2022-05-09,601699.SH,601699.SH,16.106726108635794,16.197917763886387,15.274602254474143,16.0611302810105,564168.11,775825423.0
2022-05-10,601699.SH,601699.SH,15.525375170217877,15.525375170217877,14.773044214832872,15.103613877047495,852493.85,1125485675.0
2022-05-11,601699.SH,601699.SH,15.012421706852432,15.958534844034476,14.966825893012334,15.86734321635428,766845.52,1041612736.0
2022-05-12,601699.SH,601699.SH,15.730553666244635,15.810346329769063,14.75024380008736,14.966823886796526,743917.74,992394872.0
2022-05-13,601699.SH,601699.SH,14.96682863977438,15.34299417299034,14.909833862014386,15.183408795262357,451437.93,600772268.0
2022-05-16,601699.SH,601699.SH,15.388585658514456,15.87874060911899,15.18340451640093,15.855942704439709,743418.81,1017922955.0
2022-05-17,601699.SH,601699.SH,16.01553013257847,16.34609979367795,15.582369886999832,16.118120717057618,656855.82,919370484.0
2022-05-18,601699.SH,601699.SH,15.8901457816455,16.04973117687006,15.502581250385855,15.57097499119638,448924.32,617489061.0
2022-05-19,601699.SH,601699.SH,15.137811713530986,15.639365716087736,14.944029485270423,15.60516885227705,383487.08,513267752.0
2022-05-20,601699.SH,601699.SH,15.627959787371116,16.893243183722827,15.627959787371116,16.75645578952264,945038.2,1360688771.0
2022-05-23,601699.SH,601699.SH,16.756457377812286,17.24661225348979,16.59687206945217,16.836250031992346,599896.05,890282992.0
2022-05-24,601699.SH,601699.SH,16.756454279015372,17.53158277627595,16.61966689714586,16.642464794124113,598831.93,898177527.0
2022-05-25,601699.SH,601699.SH,16.71085870727774,17.34919983115738,16.53987447766712,17.144018755624636,476970.84,713687772.0
2022-05-26,601699.SH,601699.SH,17.166810414365738,18.112922807720558,17.03002308038673,18.067327029727554,647663.56,1000227560.0
2022-05-27,601699.SH,601699.SH,18.06733127142235,18.409299686654318,17.816554433585573,17.96474074685276,511228.58,810007253.0
2022-05-30,601699.SH,601699.SH,18.090135930999494,18.249721251121734,17.406198844761327,18.044540125250283,431451.89,675541043.0
2022-05-31,601699.SH,601699.SH,18.352309636664526,18.51189493785291,17.497388380298165,18.158527485221484,413134.77,650539661.0
2022-06-01,601699.SH,601699.SH,17.93055026441108,18.60308838621671,17.645576483984968,18.47769992282922,429695.87,682083630.0
2022-06-02,601699.SH,601699.SH,18.261128394441947,18.306724220645297,17.56579204484085,17.588589957942528,474292.12,738482118.0
2022-06-06,601699.SH,601699.SH,17.71397022145772,18.751274783975514,17.702571270221263,18.55749261295571,604269.48,967583787.0
2022-06-07,601699.SH,601699.SH,18.4093105837432,19.275631081801702,18.158533597463105,18.774077109241514,466521.17,767075692.0
2022-06-08,601699.SH,601699.SH,19.036258844530938,19.606206714127673,18.819678654084182,19.583408799343804,584309.08,986179294.0
2022-06-09,601699.SH,601699.SH,19.549212133673766,20.176154796852806,19.161647578253994,19.423823601037956,578545.28,993859630.0
2022-06-10,601699.SH,601699.SH,19.036263509292716,20.06216992596119,18.95647078799628,19.83419072225708,529017.02,910664007.0
2022-06-13,601699.SH,601699.SH,19.537807873604525,20.03936186802611,19.05905178802028,19.37822251174311,516695.31,882673334.0
2022-06-14,601699.SH,601699.SH,19.03626275906813,19.674604504282392,18.94507108118038,19.54921594718673,554444.01,940735171.0
2022-06-15,601699.SH,601699.SH,19.401027207939258,19.77719283535524,19.047659497336372,19.059058455742914,479128.65,816841585.0
2022-06-16,601699.SH,601699.SH,18.922264260946672,19.195839165924212,17.748171960418052,18.04454477414372,804569.53,1291118604.0
2022-06-17,601699.SH,601699.SH,17.98755407143638,18.169937382680352,17.463202051609976,17.736777018475927,697010.67,1081907562.0
2022-06-20,601699.SH,601699.SH,17.166832721768944,17.166832721768944,16.28911285485247,16.31191077347368,861628.19,1248835955.0
2022-06-21,601699.SH,601699.SH,16.30050377152,16.505684937874797,16.14091841991071,16.403094354697398,464666.58,666529938.0
2022-06-22,601699.SH,601699.SH,16.50568879037942,16.608279397501946,15.890145147644276,15.969937842072905,532304.8,760191903.0
2022-06-23,601699.SH,601699.SH,15.992729825752564,16.368895245745318,15.696357070606759,16.357496293624326,538957.55,759407095.0
2022-06-24,601699.SH,601699.SH,16.34553905949156,16.51294033735029,16.0824799085707,16.357496293624326,424064.74,579219531.0
2022-06-27,601699.SH,601699.SH,16.38141679353901,17.278209683696254,16.35750231646815,17.146680059806528,588743.14,834841668.0
2022-06-28,601699.SH,601699.SH,17.182550057157638,17.505395465329705,17.003191497062048,17.45756651597088,481750.62,698775122.0
2022-06-29,601699.SH,601699.SH,17.577130986839556,18.1152064252122,17.43364420327352,17.553216522911885,610886.87,909034565.0
2022-06-30,601699.SH,601699.SH,17.43364758983642,17.792364618433876,17.373861418403507,17.481476526982746,352135.04,518135543.0
2022-07-01,601699.SH,601699.SH,17.230377106468158,18.043469155905935,16.8597027898127,17.80432443548306,575109.99,840217966.0
2022-07-04,601699.SH,601699.SH,17.708673458898733,18.04347619816218,17.337998997571344,17.49344312651509,378368.72,556864050.0
2022-07-05,601699.SH,601699.SH,17.720631646226273,18.402194401850362,17.68475992224606,18.354365436543407,610491.77,926732780.0
2022-07-06,601699.SH,601699.SH,17.876082976436486,17.876082976436486,16.835802562423126,17.086904731322903,610233.73,879809100.0
2022-07-07,601699.SH,601699.SH,17.039069452307526,17.31408601188863,16.620565992075413,17.12277014435395,369640.35,525880468.0
2022-07-08,601699.SH,601699.SH,17.37387350744671,17.469531448299826,16.776011377114752,16.787968619721394,306835.32,437642599.0
2022-07-11,601699.SH,601699.SH,16.656430829514623,16.668388066291016,16.178141358458927,16.3814143836576,448851.5,613758224.0
2022-07-12,601699.SH,601699.SH,16.453159348655678,16.71621858242779,16.285758018073427,16.56077448974427,315535.97,435624378.0
2022-07-13,601699.SH,601699.SH,16.381417344702754,16.52490421195563,16.094443610197015,16.51294697301789,269948.7,368091594.0
2022-07-14,601699.SH,601699.SH,17.09884948061165,17.158635667606795,16.54881656025631,16.632517222049515,497449.73,696676232.0
2022-07-15,601699.SH,601699.SH,16.572732247107833,17.337995496613534,16.489031579193146,16.5129460557402,478059.48,678335337.0
2022-07-18,601699.SH,601699.SH,16.728181723237046,17.302129344906366,16.62056654417405,17.21842865007959,403604.59,575481390.0
2022-07-19,601699.SH,601699.SH,17.25429845662303,17.337999142136795,16.967324677718697,17.19451225268463,273327.84,392126958.0
2022-07-20,601699.SH,601699.SH,17.13471937382119,17.314077915766283,16.871660178968387,16.943403595746425,281673.09,400783400.0
2022-07-21,601699.SH,601699.SH,16.776007145161863,16.799921624342424,16.142273446877063,16.15423068646734,478785.53,653986068.0
2022-07-22,601699.SH,601699.SH,16.03465458842741,16.285756561847972,16.01074011476831,16.106398009404714,229003.2,308866242.0
2022-07-25,601699.SH,601699.SH,16.202050371631785,16.4651094920568,16.09443527691246,16.1781359061386,251581.28,342244674.0
2022-07-26,601699.SH,601699.SH,16.10639148982197,16.512937377464098,16.022690865895648,16.429236753537776,252208.02,344859440.0
2022-07-27,601699.SH,601699.SH,16.369449935994112,16.787953038813537,16.178134231848087,16.668380723722272,288779.11,399366447.0
2022-07-28,601699.SH,601699.SH,16.907532469155054,17.266249565388893,16.72817392103813,17.218420619224382,465360.01,662403900.0
2022-07-29,601699.SH,601699.SH,17.206463382683253,17.51735153275258,16.441200244051057,16.465114717133314,393067.89,551667212.0
2022-08-01,601699.SH,601699.SH,16.465114231820806,16.76404513653796,16.178140563292338,16.63251553846241,299741.74,414117421.0
2022-08-02,601699.SH,601699.SH,16.273806141019573,16.381421317558278,15.508542663411015,16.046618546104533,398598.14,533413032.0
2022-08-03,601699.SH,601699.SH,16.046624181164248,16.26185460982368,15.807479260431549,15.867265490614724,279773.76,375009096.0
2022-08-04,601699.SH,601699.SH,15.939010057204865,15.939010057204865,15.305275973910149,15.556378157857111,337910.32,440528927.0
2022-08-05,601699.SH,601699.SH,15.472673621584216,15.652032280257911,15.054170084678924,15.448759133761055,280061.02,358769063.0
2022-08-08,601699.SH,601699.SH,15.38897598038342,15.879223078437592,15.221574532267361,15.843351339555579,277635.5,363845192.0
2022-08-09,601699.SH,601699.SH,15.891179472809846,16.776015651130333,15.83139324454495,16.72818666851842,529885.97,728906244.0
2022-08-10,601699.SH,601699.SH,16.62057333123329,16.90754725925459,16.345556650212885,16.441214626219985,285187.43,393811643.0
2022-08-11,601699.SH,601699.SH,16.548823900690998,16.74013978393598,16.40533698825726,16.63252459961068,169517.41,235359440.0
2022-08-12,601699.SH,601699.SH,16.70426297396572,17.122766341244745,16.692305734900604,16.97927947246336,300788.15,427721017.0
2022-08-15,601699.SH,601699.SH,17.05102526522513,17.553229375421104,16.991239061630374,17.290170079604167,422477.03,611947760.0
2022-08-16,601699.SH,601699.SH,17.29017763135779,17.493450812362685,17.051032712528496,17.302134877299252,282287.92,407727771.0
2022-08-17,601699.SH,601699.SH,17.36192076191013,17.62498016739362,17.278220041983566,17.445621481836696,271809.74,396375044.0
2022-08-18,601699.SH,601699.SH,17.36192448403699,17.58911220111461,17.051036029088667,17.29018099443353,211297.5,305614267.0
2022-08-19,601699.SH,601699.SH,17.457588524014017,17.995664882630887,17.338015999876934,17.79239159159785,455671.32,676630549.0
2022-08-22,601699.SH,601699.SH,17.87609722528335,18.294601173701356,17.76848192426158,18.270686662363183,452778.35,685429051.0
2022-08-23,601699.SH,601699.SH,18.270690146978676,18.72506594906323,17.95980144028925,18.55766433776892,537710.04,828359923.0
2022-08-24,601699.SH,601699.SH,18.964216124919272,19.90883975283139,18.964216124919272,19.52620739722142,1085124.59,1768178594.0
2022-08-25,601699.SH,601699.SH,19.729480310019724,20.66214665194793,19.502292354934646,20.626274869566075,1072003.78,1820007903.0
2022-08-26,601699.SH,601699.SH,20.387128190775908,21.080649267060366,20.04036765263368,20.82954680840565,856519.71,1481763084.0
2022-08-29,601699.SH,601699.SH,20.721924925214363,21.152386146973004,20.100147604896332,20.901283767613798,641654.16,1104792748.0
2022-08-30,601699.SH,601699.SH,20.745828747646982,20.8056149976402,19.59793274777718,19.95665024773649,634575.56,1066151193.0
2022-08-31,601699.SH,601699.SH,19.71750973296802,19.956654787339982,18.83267303179177,18.976160064414948,470070.18,755571247.0
2022-09-01,601699.SH,601699.SH,18.976161754552056,19.872955788321057,18.88050372428336,19.46640915967911,430785.12,701756033.0
2022-09-02,601699.SH,601699.SH,19.394666125508206,19.51423866635598,18.856589691693245,18.98811948662579,335964.33,536420337.00000006
2022-09-05,601699.SH,601699.SH,19.310964196082505,20.207758198996554,19.023990115150013,20.06427115853031,480680.52,796440668.0
2022-09-06,601699.SH,601699.SH,19.956659937559188,20.590394495192882,19.825130123710682,20.339292123300286,405835.95,686853500.0
2022-09-07,601699.SH,601699.SH,20.159928992803977,20.387116804703904,19.968612940677723,20.10014272651452,351779.55,593756409.0
2022-09-08,601699.SH,601699.SH,19.60989646214571,20.08818661975902,19.39466589121972,19.69359723972804,338853.1,559564869.0
2022-09-09,601699.SH,601699.SH,19.813164085965003,20.076223597064114,19.41857481931633,19.932736591010055,262865.25,435489630.0
2022-09-13,601699.SH,601699.SH,20.040345308783483,20.064259801992055,19.334867759130606,19.502269211590605,256812.26,420491638.0
2022-09-14,601699.SH,601699.SH,19.13159025986941,19.6457517481034,19.012017820745225,19.227248211168753,277885.86,447962288.0
2022-09-15,601699.SH,601699.SH,19.597916418895917,20.506666661626905,19.597916418895917,20.064248780297348,693660.38,1164399437.0
2022-09-16,601699.SH,601699.SH,19.741395958932248,20.004455141910142,18.772859876149983,18.844603289689413,453026.0,730775649.0
2022-09-19,601699.SH,601699.SH,18.629368262277314,19.72943365388804,18.617411029759804,19.358759445845298,360624.41,585063977.0
2022-09-20,601699.SH,601699.SH,19.57399723738945,20.207730807078903,19.227237359634838,19.9087998779801,307247.08,508223624.0
2022-09-21,601699.SH,601699.SH,19.705530887133285,20.112077034076567,19.621830209821432,19.82510328329307,283996.09,471712273.0
2022-09-22,601699.SH,601699.SH,19.669664444382153,20.434927985075444,19.633792715912158,20.32731279966545,414235.48,699878189.0
2022-09-23,601699.SH,601699.SH,20.327310347637372,20.566455175256632,19.777277244113066,19.825106209636917,350893.87,590366012.0
2022-09-26,601699.SH,601699.SH,19.58595216080105,19.968583704846004,19.143534437999076,19.251149559761718,313498.75,512642372.0
2022-09-27,601699.SH,601699.SH,19.526161452463207,19.55007591841846,18.222823057901977,19.07178659931342,383034.48,600492791.0
2022-09-28,601699.SH,601699.SH,19.071788599850475,19.32289051871998,18.65328540173463,18.80872944674909,240391.63,381372106.0
2022-09-29,601699.SH,601699.SH,19.10765266865184,20.07618825448463,19.10765266865184,19.932701501027925,384012.78,631834596.0
2022-09-30,601699.SH,601699.SH,19.64571867170448,20.470767112573384,19.64571867170448,20.18379374183637,379381.07,639760857.0
2022-10-10,601699.SH,601699.SH,20.446859432291806,20.865362403128184,20.12401428336088,20.231629333004523,470780.65,808613180.0
2022-10-11,601699.SH,601699.SH,20.171840205892398,20.434899177160705,19.729422845122972,20.339241369426777,338550.72,570725197.0
2022-10-12,601699.SH,601699.SH,20.17184440201023,20.638176311718826,19.562025750852836,20.578390169448493,352782.28,593530983.0
2022-10-13,601699.SH,601699.SH,20.35120574705883,20.446863588408114,18.820680285470388,19.095696579349564,499018.58,805137768.0
2022-10-14,601699.SH,601699.SH,19.25114057154214,19.454413484409354,19.035910428506263,19.095696579349564,326288.2,523533943.0
2022-10-17,601699.SH,601699.SH,18.713069589222233,18.713069589222233,17.19450100274861,18.46196769697069,754765.44,1122013616.0
2022-10-18,601699.SH,601699.SH,18.151074033019345,18.60544874530837,18.10324511593629,18.270646325726982,322780.73,493266251.0
2022-10-19,601699.SH,601699.SH,18.04345724431149,18.461960228771996,17.732569312997974,18.00758555992916,294537.73,448223968.0
2022-10-20,601699.SH,601699.SH,17.816274526251508,17.959761300959574,17.481472051932688,17.72061667644613,225407.66,334583206.0
2022-10-21,601699.SH,601699.SH,17.58908908995851,17.995634996864418,17.373858903949497,17.624960787626677,217061.57,321148531.0
2022-10-24,601699.SH,601699.SH,17.72061769679622,17.876061711680396,17.24232842022952,17.37385797128536,199147.6,292342759.0
2022-10-25,601699.SH,601699.SH,17.194495663545652,17.421683019322682,16.775992639745862,17.074923371031424,228830.08,326159996.0
2022-10-26,601699.SH,601699.SH,17.09883304329555,17.266234205957183,16.787945169781082,17.086875817391146,242635.85,346063462.0
2022-10-27,601699.SH,601699.SH,17.15862443956039,17.58908470424623,17.003180455090508,17.218410587433425,247165.25,357518218.0
2022-10-28,601699.SH,601699.SH,18.019544968932067,18.94025164617677,18.00758773935746,18.94025164617677,894430.41,1399891462.0
2022-10-31,601699.SH,601699.SH,19.107657412372028,20.339252351967975,19.000042320562674,20.076193238656217,1048809.54,1735219920.0
2022-11-01,601699.SH,601699.SH,19.56202700613812,19.78921436134388,18.86850771129948,19.33483965093236,504589.81,812424799.0
2022-11-02,601699.SH,601699.SH,19.227230235264365,19.53811828633207,19.07178620973051,19.215273002530992,434128.22,698956579.0
2022-11-03,601699.SH,601699.SH,19.167442969469466,19.585946091073602,18.784811544002828,19.131571273331968,348349.13,559695730.0
2022-11-04,601699.SH,601699.SH,19.1435285053778,20.15989322927356,19.107656809240304,19.96857751654024,482155.55,795703922.0
2022-11-07,601699.SH,601699.SH,19.944671939827366,21.164310151975084,19.908800227705374,20.662106182267202,481792.37,830372210.0
2022-11-08,601699.SH,601699.SH,20.590369550720204,21.104530927422278,20.578412309401553,20.877343342367876,362264.79,631200168.0
2022-11-09,601699.SH,601699.SH,20.697980899932812,21.10452702968308,20.32730648751345,20.458836117726772,270770.25,467309131.0
2022-11-10,601699.SH,601699.SH,20.171871859388975,20.925178277374457,19.87294074114077,20.709947872235748,244429.03,417355220.0
2022-11-11,601699.SH,601699.SH,21.044744658142246,21.52303430946366,20.56645500682083,21.403461896633306,421037.43,743652275.0
2022-11-14,601699.SH,601699.SH,21.499124313459543,22.599190741067037,20.87734763698574,21.200193219000983,653111.29,1189158690.0
2022-11-15,601699.SH,601699.SH,21.128459688808142,21.76219390697839,20.84148570322161,21.594792415386248,308270.46,551901512.0
2022-11-16,601699.SH,601699.SH,21.762198505781626,22.360061102094306,21.6665404903716,22.180702323200503,351188.9,649357107.0
2022-11-17,601699.SH,601699.SH,22.02525278896353,22.061124536176823,20.6142973985739,20.78169888556928,510871.29,898928416.0
2022-11-18,601699.SH,601699.SH,20.76974628172143,21.200207344555036,20.32732796714245,20.42298598110547,373020.04,643122488.0
2022-11-21,601699.SH,601699.SH,20.14796596728671,20.602341460910978,19.96860721980344,20.327324714769972,203125.25,345894167.0
2022-11-22,601699.SH,601699.SH,20.33927584936408,20.42297657302401,19.717499045033133,19.884900492353005,318517.46,531412427.0
2022-11-23,601699.SH,601699.SH,19.99251695427608,20.183832905991643,19.765329261613857,19.956645213329416,240775.42,401990864.0
2022-11-24,601699.SH,601699.SH,20.05229825215572,20.865390846757144,19.801196127352338,20.4947162815712,315096.45,537284332.0
2022-11-25,601699.SH,601699.SH,20.434939334748943,21.917638268341022,20.207751594924346,21.869809270483216,490820.51,876690233.0
2022-11-28,601699.SH,601699.SH,21.164335099043974,21.83394118127362,21.15237784757559,21.54696714603234,320896.14,576689462.0
2022-11-29,601699.SH,601699.SH,21.79807698634972,22.31223897779955,21.72633345265905,22.204623677263537,379281.71,701597419.0
2022-11-30,601699.SH,601699.SH,22.204620475233384,23.232944309843006,22.132876951888527,22.80248316977386,424639.43,811216953.0
2022-12-01,601699.SH,601699.SH,22.778571914352657,23.244904882677986,22.395939735213922,22.61117033597946,308271.97,587503994.0
2022-12-02,601699.SH,601699.SH,22.45572664626471,22.694871764968273,22.240496039431502,22.479641158135067,158667.25,298178142.0
2022-12-05,601699.SH,601699.SH,22.718786276838628,22.934016883671838,22.336154086912927,22.479641158135067,207115.53,391468641.0
2022-12-06,601699.SH,601699.SH,22.300277124758942,22.75465274445913,22.13287558065888,22.58725120035906,170478.85,320154817.0
2022-12-07,601699.SH,601699.SH,22.59920261078688,22.778561361666142,21.917639357445687,22.061126358149096,261955.56,487487486.0
2022-12-08,601699.SH,601699.SH,22.061124696740972,22.37201317485223,21.786107966104094,22.228526184954728,215759.49,401012231.0
2022-12-09,601699.SH,601699.SH,22.419840458019934,22.65898542290548,22.18069549313439,22.21656723786722,202331.88,378358556.0
2022-12-12,601699.SH,601699.SH,22.2165746312693,23.352513592502124,21.845899812340697,21.917643325681716,312070.3,586223200.0
2022-12-13,601699.SH,601699.SH,22.108961739993433,22.28832054264346,21.774158641713385,21.8937311768134,122872.51,226096204.0
2022-12-14,601699.SH,601699.SH,21.941563594760318,22.41985380936,21.64263221063552,22.120922425235197,182738.2,339159405.0
2022-12-15,601699.SH,601699.SH,22.120932790606783,22.192676356414154,21.283924522854093,21.690471395762543,191559.84,346220192.0
2022-12-16,601699.SH,601699.SH,21.57090566890327,22.097025319364324,21.523076609770445,21.810050964567385,172050.39,314018023.0
2022-12-19,601699.SH,601699.SH,21.6187355075285,21.642650037957182,21.092615838097498,21.224145755455247,164935.85,294173876.0
2022-12-20,601699.SH,601699.SH,21.12848344395544,21.451329540722156,20.889338187091194,21.10456891826901,106067.74,187404915.0
2022-12-21,601699.SH,601699.SH,21.2241475490036,21.415463808600254,20.985002224507788,21.140446685430067,97703.31,173052467.0
2022-12-22,601699.SH,601699.SH,21.164365767228325,21.367639336744077,20.387143295550448,20.470844177115758,141529.95,246346490.0
2022-12-23,601699.SH,601699.SH,20.4110644863375,20.626295394805034,19.849072669783396,20.54259448595655,131266.72,223287354.0
2022-12-26,601699.SH,601699.SH,20.43497199099845,20.43497199099845,20.040382128094443,20.267570230978563,129153.25,218184122.0
2022-12-27,601699.SH,601699.SH,20.255603217437276,21.02086803793077,20.147987852055376,20.877380884088243,133750.62,232210716.0
2022-12-28,601699.SH,601699.SH,20.721934731556477,20.8773791351977,20.42300318609259,20.554533066096702,106850.72,184238609.0
2022-12-29,601699.SH,601699.SH,20.4708268495257,20.4708268495257,19.849049398488706,20.004493761247954,167971.07,280966815.0
2022-12-30,601699.SH,601699.SH,20.231686827024085,20.530618369976565,20.100156948124987,20.147985994997388,132937.74,225748448.0
2023-01-03,601699.SH,601699.SH,19.96861992069372,20.38712393100766,19.849047346318308,20.20776506944454,140721.38,237205442.0
2023-01-04,601699.SH,601699.SH,20.136020660082174,20.147977917006216,19.430542501563856,19.490328786184055,220898.35,363365326.0
2023-01-05,601699.SH,601699.SH,19.562064171939827,19.9566534859215,19.46640615642912,19.789251958777758,201876.7,332650713.0
2023-01-06,601699.SH,601699.SH,19.741426425795535,20.147973063274062,19.681640155578105,20.040357776882686,129724.56,216727728.0
2023-01-09,601699.SH,601699.SH,20.147970553655796,20.49473087772465,19.669680451491857,20.351243847075466,177600.07,300068094.0
2023-01-10,601699.SH,601699.SH,20.267540645163663,20.387113156344572,19.86099410714858,20.112096380628486,132823.3,223198669.0
2023-01-11,601699.SH,601699.SH,20.291446260794554,21.82197373361819,20.052301343165865,21.678486783040974,412974.23,728248513.0
2023-01-12,601699.SH,601699.SH,21.654568757979554,22.228516466639423,21.200193488623828,22.204601978778594,372168.27,677075870.0
2023-01-13,601699.SH,601699.SH,22.216569973041906,22.47962946680236,22.001339478146992,22.264398971907447,242730.56,450683374.0
2023-01-16,601699.SH,601699.SH,22.264408522449845,22.264408522449845,21.833947348009353,21.965477151310616,179210.31,329821815.0
2023-01-17,601699.SH,601699.SH,21.738299002858003,22.037230507297746,21.391538457707906,21.55894010019416,196995.76,355783832.0
2023-01-18,601699.SH,601699.SH,21.714383415368523,21.88178504962797,21.582853559878956,21.65459711741872,136304.74,247745403.0
2023-01-19,601699.SH,601699.SH,23.818865826319133,23.818865826319133,23.723207730631103,23.818865826319133,195239.99,388903833.0
2023-01-20,601699.SH,601699.SH,24.524350592651345,25.205914699809377,24.500436062575623,24.906983073862868,667386.9,1388908483.0
2023-01-30,601699.SH,601699.SH,24.93089118445403,25.050463804043737,23.41231891566474,23.543848797213425,442520.59,883693917.0
2023-01-31,601699.SH,601699.SH,23.65147374682685,23.998234484267687,23.436242944277364,23.675388280443457,255035.0,505892519.0
2023-02-01,601699.SH,601699.SH,23.591682848202215,23.81887087360305,23.30470850032748,23.484067467749192,244656.88,480918257.0
2023-02-02,601699.SH,601699.SH,23.400361687468347,24.7276177668291,23.304703591658562,24.297156335685074,333359.91,672960578.0
2023-02-03,601699.SH,601699.SH,24.189540413162707,24.703702666136508,24.093882319586186,24.584130049165854,229221.82,467624513.0
2023-02-06,601699.SH,601699.SH,24.321059833181312,24.954794430604426,24.273230806960704,24.691734786391056,194047.41,400503717.0
2023-02-07,601699.SH,601699.SH,24.84718562232351,24.990672738525568,24.572168649602894,24.67978398675444,162426.41,335980077.0
2023-02-08,601699.SH,601699.SH,24.87109994870429,25.014587063792973,24.63195475688983,24.655869276071275,150741.69,312522310.0
2023-02-09,601699.SH,601699.SH,24.476514131189926,24.787402928166447,24.189539857057753,24.356941516968188,169587.71,346448443.0
2023-02-10,601699.SH,601699.SH,24.189537787168014,24.33302491195596,23.531888465223258,23.615589288016228,238834.73,474935139.0
2023-02-13,601699.SH,601699.SH,23.68734065019052,23.806913293553425,23.04164837603086,23.60363979983649,208118.23,409630718.0
2023-02-14,601699.SH,601699.SH,23.65146481153566,24.046054467137616,23.292746942806605,23.62755028695372,151600.33,300431788.0
2023-02-15,601699.SH,601699.SH,23.62754211881229,24.15366147773321,23.36448243935183,23.51992679539665,176835.86,350347223.0
2023-02-16,601699.SH,601699.SH,23.73516379854719,23.794950105344537,23.029685378338485,23.173172514652116,134994.06,264952554.0
2023-02-17,601699.SH,601699.SH,23.17317888814052,24.117802795345426,23.16122162349236,23.99823014886379,360210.23,720975563.0
2023-02-20,601699.SH,601699.SH,24.09389663214105,25.289623512148047,24.09389663214105,25.241794436947767,453067.31,946564559.0
2023-02-21,601699.SH,601699.SH,25.983136092916656,27.202777087614077,25.361358330914047,27.035375382459527,451998.13,1007659591.0
2023-02-22,601699.SH,601699.SH,26.724485720585747,27.824554036600908,26.64078487045416,27.41800705024748,316437.55,722602396.0
2023-02-23,601699.SH,601699.SH,28.15934326991946,28.219129561363026,26.676643242119027,26.927745666182005,378741.65,863058792.0
2023-02-24,601699.SH,601699.SH,26.87992064887953,27.16689489068251,26.509245586550676,26.89187790895465,180700.1,405085220.0
2023-02-27,601699.SH,601699.SH,26.975574053400237,28.09955630562525,26.975574053400237,27.453864373495986,267779.11,617059791.0
2023-02-28,601699.SH,601699.SH,27.33428179132761,27.39406805946262,26.580974812826454,26.66467558821547,214901.57,482527743.0
2023-03-01,601699.SH,601699.SH,26.592923993599076,27.0951284934782,26.569009493604835,26.784239993553026,211943.92,475936088.0
2023-03-02,601699.SH,601699.SH,26.66467505132636,27.64516982899845,26.521188010691418,26.999478146141215,179426.31,407065033.0
2023-03-03,601699.SH,601699.SH,27.011423643008442,27.59732880392363,26.60487720482239,27.14295337300981,193523.11,439991695.0
2023-03-06,601699.SH,601699.SH,26.963605998179613,27.095135783536588,25.88745320889528,26.138555526394956,291314.82,638093664.0
2023-03-07,601699.SH,601699.SH,26.282037987891876,26.676627275244208,26.00702121185843,26.09072196978165,231513.8,509940097.0
2023-03-08,601699.SH,601699.SH,26.377683119269626,26.521170062801463,26.00700851514571,26.353768628680985,139504.58,306389723.0
2023-03-09,601699.SH,601699.SH,26.329857238528067,26.83206160002588,26.090712304481492,26.40160071874204,179000.78,395691972.0
2023-03-10,601699.SH,601699.SH,26.401612098530922,26.54509912080555,25.58851897230805,25.7439632464389,163695.2,354783568.0
2023-03-13,601699.SH,601699.SH,25.720041103576353,26.162459290853118,25.600468620528577,26.00701506289101,159732.56,345990758.0
2023-03-14,601699.SH,601699.SH,25.76787843891168,25.815707447614994,24.8710845257245,24.930870786603645,265347.3,558965510.0
2023-03-15,601699.SH,601699.SH,25.27762576454037,25.373283761757172,24.63193428332695,24.643891532979048,189558.36,394882262.0
2023-03-16,601699.SH,601699.SH,24.297139326499394,24.392797355343877,23.44817432050458,23.615575870982433,247230.83,492369326.0
2023-03-17,601699.SH,601699.SH,23.782969910413854,24.14168740529189,23.55578216365776,23.66339741212117,186376.79,371743536.0
2023-03-20,601699.SH,601699.SH,23.436203836607667,23.890579217113324,23.06552918408989,23.12531541836695,215669.28,420016327.0
2023-03-21,601699.SH,601699.SH,23.38838638680862,23.60361693638048,22.981839793172888,23.220984848252733,172713.95,335922470.0
2023-03-22,601699.SH,601699.SH,23.077502501349787,23.73515153636235,22.957929949529323,23.436220156811185,179183.17,350980763.0
2023-03-23,601699.SH,601699.SH,23.30469357537135,24.416718461215137,23.268821804860263,24.18953058131157,281733.3,565280495.0
2023-03-24,601699.SH,601699.SH,24.129734346716397,24.452580148183863,23.651444270468303,24.356922132934244,231638.38,467439528.0
2023-03-27,601699.SH,601699.SH,24.20148926994536,24.87109569243397,23.531882847456753,24.572164253822983,265652.91,542322898.0
2023-03-28,601699.SH,601699.SH,24.500411344958366,25.014573222866233,24.356924309263153,24.560197609831373,168423.41,348057344.0
2023-03-29,601699.SH,601699.SH,24.679761046405705,24.966735012061584,24.440616075025805,24.859119774940627,157949.03,326974605.0
2023-03-30,601699.SH,601699.SH,24.85911828024671,26.49726123570309,24.751503049596295,26.449432244302905,296031.11,637846306.0
2023-03-31,601699.SH,601699.SH,26.35378574473325,26.53314454063661,26.018982659046987,26.234213214131014,171641.09,376962220.0
2023-04-03,601699.SH,601699.SH,26.29400694460549,26.975570562542057,26.078776328414992,26.533152073706038,194817.97,431425923.0
2023-04-04,601699.SH,601699.SH,26.246176588499644,26.772295845854536,25.947245192275275,26.186390309254772,174356.08,383257917.0
2023-04-06,601699.SH,601699.SH,25.983112917187317,26.162471727016033,25.22980591590669,25.361335709781084,173731.04,371396269.0
2023-04-07,601699.SH,601699.SH,25.516771518510847,25.516771518510847,24.177559517539333,24.464533517747515,243641.94,501755396.0
2023-04-10,601699.SH,601699.SH,24.416696821142917,24.619970007215116,24.15363740387301,24.201466388831175,172336.65,350218102.0
2023-04-11,601699.SH,601699.SH,24.273204011922456,24.273204011922456,23.32858178682794,23.4003252469617,289817.88,569941234.0
2023-04-12,601699.SH,601699.SH,23.28074136683342,23.615544016176685,22.92202424253707,22.98181042991979,256625.78,496882738.0
2023-04-13,601699.SH,601699.SH,22.802459372070594,23.041604200304157,22.47961385395528,22.599186268072057,226162.33,429869849.0
2023-04-14,601699.SH,601699.SH,22.70679477300311,22.778538200405965,22.30024868438694,22.395906587590748,237934.22,446872974.0
2023-04-17,601699.SH,601699.SH,22.371997487104977,23.197047100472286,22.32416852401122,23.04160297041758,325963.08,623588069.0
2023-04-18,601699.SH,601699.SH,23.065511850818886,24.7873541040682,23.065511850818886,24.619952773891182,477295.38,968452261.0
2023-04-19,601699.SH,601699.SH,24.34493762107532,24.942799546936698,24.20145075886859,24.512338960316505,265313.0,546202481.0
2023-04-20,601699.SH,601699.SH,24.36886242389456,24.404734154646125,23.567727103776342,23.98623062921123,236736.46,471749640.0
2023-04-21,601699.SH,601699.SH,23.86665155221563,23.99818119503846,23.197046097844847,23.376404701694167,179302.17,353754903.0
2023-04-24,601699.SH,601699.SH,23.304661505725157,23.424233909551354,22.5274408808549,22.69484224621157,232709.78,443935412.0
2023-04-25,601699.SH,601699.SH,22.69485079015218,23.07748262644558,22.06111681129124,22.360047933395457,179975.24,337237421.0
2023-04-26,601699.SH,601699.SH,22.18069597103526,23.11336135418391,22.085037983020012,22.92204537815342,223040.34,425439794.0
2023-04-27,601699.SH,601699.SH,25.217848016548853,25.217848016548853,23.472088978893026,23.651447784131644,782433.35,1576163139.0
2023-04-28,601699.SH,601699.SH,23.735154072589328,24.65586281998952,23.615581507991898,24.093871766381607,433223.1,874514799.0
2023-05-04,601699.SH,601699.SH,23.902555663025723,24.297145126197236,23.209034788360647,24.093871766381607,455308.56,907131799.0
2023-05-05,601699.SH,601699.SH,24.022132311384947,24.297149256711904,23.699286332088086,23.91451698495266,297690.69,594875887.0
2023-05-08,601699.SH,601699.SH,23.986260535907512,24.966755732290572,23.97430327741504,24.65586701148619,517327.24,1057853007.9999999
2023-05-09,601699.SH,601699.SH,24.703703080127635,26.282061650590776,24.703703080127635,25.11024998464087,589205.29,1259157559.0
2023-05-10,601699.SH,601699.SH,25.110247557357155,25.301563729222735,24.45259821656923,24.7395724743676,300689.32,621241105.0
2023-05-11,601699.SH,601699.SH,24.643917930923696,25.074379379498783,24.392815419254894,24.954806754894594,308953.82,640231448.0
2023-05-12,601699.SH,601699.SH,24.703698514301774,24.82327111117642,24.1895363477408,24.285194425240512,238631.49,487394973.0
2023-05-15,601699.SH,601699.SH,24.177582958331175,24.847189608017896,23.914523203097108,24.7993605616117,292266.13,596447386.0
2023-05-16,601699.SH,601699.SH,24.835228372779174,25.49287765564044,24.751527554960465,25.110245345612068,312519.7,657845639.0
2023-05-17,601699.SH,601699.SH,25.098297656290917,25.337442941248433,24.691750671863147,25.086340392043045,156627.25,327329023.0
2023-05-18,601699.SH,601699.SH,25.086340392043045,25.468972847975063,24.990682278060035,25.086340392043045,219782.41,463173659.0
2023-05-19,601699.SH,601699.SH,24.82328335668968,25.050471402825085,24.416736326763164,24.787411559931456,184793.32,383822929.0
2023-05-22,601699.SH,601699.SH,24.54827857673365,24.871124909696054,24.06998771308565,24.285218601727248,245663.59,500292671.0
2023-05-23,601699.SH,601699.SH,24.380883190477054,24.512413212593408,23.783019453584533,23.85476310201163,246312.5,494619085.0
2023-05-24,601699.SH,601699.SH,23.747144236921315,23.77105878298065,23.197109677556572,23.436255138149942,264951.98,520377016.0
2023-05-25,601699.SH,601699.SH,23.34060134170106,23.448216819198656,22.647079375605433,22.89818215643316,256216.94,491836114.0
2023-05-26,601699.SH,601699.SH,22.718815109182046,22.718815109182046,21.798105233704668,22.300310620328688,266073.0,495414581.0
2023-05-29,601699.SH,601699.SH,22.324218145344382,22.61119256178159,21.810055649227717,22.443790818859885,305147.55,568167617.0
2023-05-30,601699.SH,601699.SH,22.252471564276966,23.161223761421006,22.120941641006123,23.149266495669107,376354.73,718659416.0
2023-05-31,601699.SH,601699.SH,23.077520729155584,23.077520729155584,22.228554940673693,22.360084851565254,382641.31,719141918.0
2023-06-01,601699.SH,601699.SH,22.360077460771205,22.957940494481665,22.14484676863544,22.790538845042732,266439.64,506280004.0
2023-06-02,601699.SH,601699.SH,22.814450549221807,23.699287729852003,22.802493290024103,23.627544174665776,332923.54,649089377.0
2023-06-05,601699.SH,601699.SH,23.53189003907323,23.782992524246268,23.149257680714314,23.436231949483503,243890.24,478435292.0
2023-06-06,601699.SH,601699.SH,23.42427849517554,23.8069109157195,23.209047758619562,23.54385112659553,245729.22,482907542.0
2023-06-07,601699.SH,601699.SH,23.376459841469362,23.43624618377491,22.802510955336096,23.3047162307027,333150.23,645793162.0
2023-06-08,601699.SH,601699.SH,23.02461939549688,23.71087629962057,22.940587937849077,23.430771440794572,389120.35,649196715.0
2023-06-09,601699.SH,601699.SH,23.388757706360696,24.215067110357868,23.276715753276335,23.486794415309515,398735.18,671847552.0
2023-06-12,601699.SH,601699.SH,23.40276578124961,23.528812993715942,23.178681847976122,23.388760535420012,321239.97,535556383.00000006
2023-06-13,601699.SH,601699.SH,23.528804453311945,23.528804453311945,22.940584341979143,23.150662953169434,219290.57,361945647.0
2023-06-14,601699.SH,601699.SH,23.108638743453394,23.710863874343392,23.08062827224921,23.374738219893164,258210.56,432249308.0
2023-06-15,601699.SH,601699.SH,23.374735235290547,23.52879280724273,23.150651494269187,23.472771871987394,185585.12,309232917.0
2023-06-16,601699.SH,601699.SH,23.54280716161767,24.3551110375093,23.402754769222565,23.57081764009669,299703.44,508195248.0
2023-06-19,601699.SH,601699.SH,23.598838338092353,24.00499045192302,23.17868097895718,23.22069671487069,176470.26,295558795.0
2023-06-20,601699.SH,601699.SH,23.234700847648032,23.304727070817556,22.744517285461363,22.814543508630887,142050.81,232837126.0
2023-06-21,601699.SH,601699.SH,23.052643656449696,23.094659410380036,22.47842835273497,22.53444935797543,151173.78,245231911.0
2023-06-26,601699.SH,601699.SH,22.380396259136496,22.380396259136496,21.722149310338363,21.834191344176343,197547.68,308678283.0
2023-06-27,601699.SH,601699.SH,21.848188920522492,22.47842513938372,21.61009968228603,22.19832015322317,163100.89,257265558.0
2023-06-28,601699.SH,601699.SH,22.114282708262106,22.758524003119646,22.100277462721724,22.6464820387966,175783.21,282565373.0
2023-06-29,601699.SH,601699.SH,22.68850809096899,22.68850809096899,22.184319022280793,22.24034002991282,128109.17,204159702.0
2023-06-30,601699.SH,601699.SH,22.22633891820443,22.996627916629915,22.18432315465395,22.856575371461645,201424.33,327025243.0
2023-07-03,601699.SH,601699.SH,22.800545794828476,23.93497098486601,22.800545794828476,23.87894998782712,344216.79,580534750.0
2023-07-04,601699.SH,601699.SH,23.89295328436429,24.03300576551531,23.69687981075286,23.990990021170003,170546.08,291190642.0
2023-07-05,601699.SH,601699.SH,23.990987414056633,24.341118578885247,23.836929701532046,24.229076606140094,181626.73,312717330.0
2023-07-06,601699.SH,601699.SH,24.21507388341078,24.31311061978087,23.990989914564874,24.187063387305045,115980.41,200023228.0
2023-07-07,601699.SH,601699.SH,24.061016154829222,24.383136860045216,23.990989914564874,24.187063387305045,106048.7,183425207.0
2023-07-10,601699.SH,601699.SH,24.38313875415555,24.56520699298612,24.159054767902543,24.159054767902543,116513.19,201985551.0
2023-07-11,601699.SH,601699.SH,24.257085447615356,24.31310643017336,23.766901850232827,23.80891758715133,122270.8,208741993.0
2023-07-12,601699.SH,601699.SH,23.920965184041215,24.004996677661975,23.640860205305373,23.794917943610088,86638.76,147452321.0
2023-07-13,601699.SH,601699.SH,23.73890130948588,24.089032597236407,23.682880303445796,23.934974830626178,105254.71,180130649.0
2023-07-14,601699.SH,601699.SH,23.864946196310658,24.15905644872998,23.822930445965042,24.047014447808337,79653.27,136696618.0
2023-07-17,601699.SH,601699.SH,23.82294148551664,23.864957255332364,23.458804813780347,23.724904689279946,97879.17,165345923.0
2023-07-18,601699.SH,601699.SH,23.780913902953497,23.794919152601878,23.50080890998585,23.57083515822776,79425.77,133808864.0
2023-07-19,601699.SH,601699.SH,23.38876958698837,23.864948129477952,23.346753833239294,23.640864109482855,88745.29,149749654.0
2023-07-20,601699.SH,601699.SH,23.766911039868223,24.411152588385573,23.7529057888135,24.145052818345796,214756.97,370310619.0
2023-07-21,601699.SH,601699.SH,24.089039757463556,24.14506078015533,23.332755951124586,23.444797996508132,182580.25,307847812.0
2023-07-24,601699.SH,601699.SH,23.444807625112897,23.444807625112897,23.01064452094414,23.052660305218538,110872.22,183199869.0
2023-07-25,601699.SH,601699.SH,23.192723364411698,24.173092105660988,23.192723364411698,23.69691300276848,275865.2,470243656.0
2023-07-26,601699.SH,601699.SH,23.79495027089612,24.299139917601398,23.61288178736366,23.68290812718384,183788.19,314198154.0
2023-07-27,601699.SH,601699.SH,23.752939816380536,23.878987256443878,23.374797496190517,23.44482385178126,97818.51,164741250.0
2023-07-28,601699.SH,601699.SH,23.388799390756155,23.93500488551034,23.220736161601017,23.864978540029032,133736.03,225902689.0
2023-07-31,601699.SH,601699.SH,23.949005464469977,24.10306339435838,22.716542025362745,22.88460522160464,557127.52,925645238.0
2023-08-01,601699.SH,601699.SH,22.968636819725585,23.01065261878606,22.772563090776714,22.88460522160464,221228.02,361155484.0
2023-08-02,601699.SH,601699.SH,22.96863256254556,22.96863256254556,22.296379902178376,22.366406220966624,282357.35,453005781.0
2023-08-03,601699.SH,601699.SH,22.240369453018904,22.46445378000146,22.212358912146083,22.408432698255822,155097.41,247421094.0
2023-08-04,601699.SH,601699.SH,22.464453780001456,22.64652229567479,22.08631147821839,22.156337830400442,249997.07,397887555.0
2023-08-07,601699.SH,601699.SH,22.12832237212156,22.28238031268696,22.00227496620441,22.05829603550092,144499.76,228238741.0
2023-08-08,601699.SH,601699.SH,22.04428697457231,22.49245545181901,22.030281709658347,22.380413332507338,197281.42,314317118.0
2023-08-09,601699.SH,601699.SH,22.394412570875293,22.408417832020305,22.07229156454,22.17032839255509,120135.2,190523893.0
2023-08-10,601699.SH,601699.SH,22.22635485386978,22.92661808177998,22.19834432475337,22.814575965314347,265169.73,429463481.0
2023-08-11,601699.SH,601699.SH,22.688530689266074,22.940625474702365,22.338399042826783,22.492456967260072,228159.26,367634561.0
2023-08-14,601699.SH,601699.SH,22.436428508735865,22.534465337425722,22.114307500183475,22.52046007618431,143731.03,229019445.0
2023-08-15,601699.SH,601699.SH,22.548462596252424,22.96862028438135,22.534457339981458,22.730530927774957,180815.04,294093983.0
2023-08-16,601699.SH,601699.SH,22.702520415233028,22.828567721671707,22.632494133878208,22.730530927774957,87809.22,142621869.0
2023-08-17,601699.SH,601699.SH,22.632494162010577,22.716525699740814,22.25435224222451,22.53445736799197,143984.94,230655977.0
2023-08-18,601699.SH,601699.SH,21.9882571460462,22.086293961347042,21.582104625514138,21.806188774773208,349579.11,544463250.0
2023-08-21,601699.SH,601699.SH,21.708143199292934,21.73615370664686,21.301990842661002,21.34400660369189,183541.54,281218519.0
2023-08-22,601699.SH,601699.SH,21.358011032735195,21.820184386230448,21.189947995100557,21.764163373685566,167703.21,257184913.0
2023-08-23,601699.SH,601699.SH,21.680131257918433,22.702514708711742,21.652120752417247,22.380393895448098,458442.31,733411808.0
2023-08-24,601699.SH,601699.SH,22.380386151076944,22.632480613354407,22.142296936703783,22.422401894789854,158538.0,253164057.0
2023-08-25,601699.SH,601699.SH,22.436404813309213,22.45041005975947,21.90420544819951,21.98823692690104,172193.15,272093435.0
2023-08-28,601699.SH,601699.SH,22.912592289425117,23.02463430551033,22.506439981116237,22.576466241169495,296263.69,480853665.0
2023-08-29,601699.SH,601699.SH,22.478428530634755,22.758533559053877,22.352381267846148,22.618481044844312,177031.17,285594262.0
2023-08-30,601699.SH,601699.SH,22.66050723852523,22.912601880239357,22.562470433414184,22.800559817255305,189468.39,307947231.0
2023-08-31,601699.SH,601699.SH,22.730533527890266,22.996633427477402,22.66050723852523,22.800559817255305,119049.09,194373873.0
2023-09-01,601699.SH,601699.SH,22.996626822489873,24.061026115126428,22.954611060938426,23.990999845874022,586364.92,995045173.0
2023-09-04,601699.SH,601699.SH,24.341135607822945,25.209461504074397,24.341135607822945,24.859330094295586,589171.35,1044819359.0
2023-09-05,601699.SH,601699.SH,24.76130403822697,25.27949874943421,24.719288250831788,25.02740402506312,379542.45,678183141.0
2023-09-06,601699.SH,601699.SH,24.999384973208084,25.419542703850233,24.64925353100629,25.29349538465759,334039.75,598321817.0
2023-09-07,601699.SH,601699.SH,25.279486774689307,26.04977584538621,25.223465751365897,25.769670728769153,418874.06,772297585.0
2023-09-08,601699.SH,601699.SH,25.64361329269715,25.993744550106996,25.475550289140426,25.517566040029603,282417.39,517099640.0
2023-09-11,601699.SH,601699.SH,25.657626364065866,26.17582078299078,25.433542291017257,25.545584327541558,281850.5,518359494.0
2023-09-12,601699.SH,601699.SH,25.76966019532261,25.93772319659646,25.251465941394933,25.335497442031855,176268.78,321132038.0
2023-09-13,601699.SH,601699.SH,25.377522554928,26.329879913501458,25.33550678910858,25.965743276399838,306573.65,567591304.0
2023-09-14,601699.SH,601699.SH,25.965753760221062,27.04415885166498,25.79769062908695,26.848085198675182,522634.18,989965968.0
2023-09-15,601699.SH,601699.SH,27.03016674437245,27.08618781534524,26.539982373360512,26.708045586278892,251960.6,481117924.0
2023-09-18,601699.SH,601699.SH,26.848094494087093,27.03016294918523,26.399925989230134,26.93212608874777,227062.09,434248447.0
2023-09-19,601699.SH,601699.SH,26.94612356421295,27.422302462956836,26.876097255574145,27.12819196667385,227679.79,441229631.0
2023-09-20,601699.SH,601699.SH,26.960132817440304,27.11419071925425,26.708038069017487,26.960132817440304,150101.87,288302202.0
2023-09-21,601699.SH,601699.SH,26.820084341881874,27.28225811905269,26.820084341881874,27.07217912942959,181801.81,351079305.0
2023-09-22,601699.SH,601699.SH,27.044157980558452,27.17020532484899,26.553973863873036,26.79206329197738,291331.95,557099656.0
2023-09-25,601699.SH,601699.SH,26.890096621278587,27.43630170889831,26.862086103964756,26.94611765590625,204903.36,395987951.0
2023-09-26,601699.SH,601699.SH,26.87609827482081,27.12819299548093,26.65201407867848,26.79206670126743,191297.51,365896628.0
2023-09-27,601699.SH,601699.SH,27.016149722794506,27.04416024609445,26.315886640295943,26.413923471845745,149323.12,282895745.0
2023-09-28,601699.SH,601699.SH,26.876099908541892,27.03015780275448,26.497957804565534,26.59599464633718,147910.65,282291002.0
2023-10-09,601699.SH,601699.SH,26.413928079998463,27.058170228291107,26.329896495438554,26.736049154144787,161211.81,307903363.0
2023-10-10,601699.SH,601699.SH,26.652014181133925,26.7640562796358,26.161830000188214,26.21785104943915,181334.04,341240968.0
2023-10-11,601699.SH,601699.SH,26.175837062880806,26.51196338150528,25.89573179736041,26.06379495667265,138389.46,257913974.0
2023-10-12,601699.SH,601699.SH,25.9657690238406,26.27388494537485,25.85372687055542,25.9657690238406,172124.22,320202668.0
2023-10-13,601699.SH,601699.SH,25.9237503374795,26.46995577408765,25.839718731847473,26.23186622479692,100381.63,187409885.0
2023-10-16,601699.SH,601699.SH,26.245862438270926,26.56798348207041,26.189841387175363,26.469946642653177,134755.19,253771762.0
2023-10-17,601699.SH,601699.SH,26.385917567044437,26.666022849072508,26.07780175681356,26.59599652856549,126442.96,238739234.0
2023-10-18,601699.SH,601699.SH,26.595986661632455,26.89009709864893,26.44192881367145,26.652007697254646,129536.06,246427664.0
2023-10-19,601699.SH,601699.SH,26.609996761291857,26.70803359146504,26.14782313333258,26.329891532225627,113147.67,213495381.0
2023-10-20,601699.SH,601699.SH,26.385918783170638,26.51196616589279,26.17583981196705,26.203850341460864,83190.42,156169792.0
2023-10-23,601699.SH,601699.SH,25.9377543591948,26.329901833307897,25.559612152014314,25.75568588907086,132637.96,245401500.0
2023-10-24,601699.SH,601699.SH,25.75567331931028,26.469941584282996,25.75567331931028,26.343894243405458,139805.82,261301719.0
2023-10-25,601699.SH,601699.SH,26.609993402611146,27.49232476280299,26.609993402611146,27.14219327066337,342943.84,664779911.0
2023-10-26,601699.SH,601699.SH,27.11417724237888,27.11417724237888,25.937735667812856,26.469935427735578,195485.41,368017996.0
2023-10-27,601699.SH,601699.SH,26.30187747299548,27.044156230220587,26.203840656003482,26.58198266440118,205866.47,392343609.0
2023-10-30,601699.SH,601699.SH,26.553961147585454,26.946108253140512,26.035766758101982,26.1057930269511,204081.14,384307662.0
2023-10-31,601699.SH,601699.SH,25.979737976446064,26.82005295142545,25.979737976446064,26.609974207680605,178352.67,337758560.0
2023-11-01,601699.SH,601699.SH,26.511945837199193,26.69401413930357,26.39990380513496,26.595977361247364,79900.75,151468029.0
2023-11-02,601699.SH,601699.SH,26.53996035706911,26.87608650407157,26.343886771317674,26.497944588693805,96169.11,182398925.0
2023-11-03,601699.SH,601699.SH,26.736046327587445,27.14219894335488,26.595993701460742,26.848088428488808,139053.98,267244938.00000003
2023-11-06,601699.SH,601699.SH,26.834070775353904,26.890091799937103,25.741660795981456,25.993755406605867,282256.83,523872083.0
2023-11-07,601699.SH,601699.SH,25.951744922085762,26.51195528197968,25.783681814117585,26.413918468998244,145547.72,272558779.0
2023-11-08,601699.SH,601699.SH,26.34388355751058,26.34388355751058,25.783673380849006,26.11979948684595,149641.22,277678689.0
2023-11-09,601699.SH,601699.SH,26.11981114152445,27.81444768207376,26.077795359527364,27.46431616543134,358013.88,694990508.0
2023-11-10,601699.SH,601699.SH,27.450308682013198,28.374655811101395,27.2402297890386,28.19258743719008,311421.38,619866709.0
2023-11-13,601699.SH,601699.SH,28.220597956253357,28.360650551569755,27.632377055924508,28.19258743719008,176682.55,353145726.0
2023-11-14,601699.SH,601699.SH,27.88446006799198,28.178570395178237,27.548333979779123,27.800428545938768,108948.63,216025577.0
2023-11-15,601699.SH,601699.SH,27.95448578308938,28.4026538918363,27.660375461724207,28.30461711804791,161660.76,324089060.0
2023-11-16,601699.SH,601699.SH,28.094544705918242,29.0609074101597,27.92648162691973,28.822818048245136,218692.01,445998679.0
2023-11-17,601699.SH,601699.SH,28.68276534229206,28.892844190013925,28.29061815987791,28.668760085777265,170716.96,348930889.0
2023-11-20,601699.SH,601699.SH,28.66876578575165,28.71078156364967,28.26261326607075,28.52871319275824,121286.94,246964612.0
2023-11-21,601699.SH,601699.SH,28.444695587804574,29.411058953416845,28.430690321636284,28.612758781824102,212844.47,438497677.0
2023-11-22,601699.SH,601699.SH,28.57073204553108,29.018900391343333,28.30463209020506,28.388663655044855,187006.73,381964416.0
2023-11-23,601699.SH,601699.SH,28.36064980504198,28.878844394072377,28.164576176760207,28.640754988301655,146624.09,299303478.0
2023-11-24,601699.SH,601699.SH,28.528714022371407,29.186961228582234,28.528714022371407,28.864840255330126,158121.11,325875478.0
2023-11-27,601699.SH,601699.SH,29.200972704666366,30.853593701860913,29.158956916602097,30.65752002422766,397288.53,862270811.0
2023-11-28,601699.SH,601699.SH,30.643518630670222,30.657523895126655,29.901239614479405,30.50346598610592,197849.39,429775652.0
2023-11-29,601699.SH,601699.SH,30.57348786335511,31.0916825729035,30.293382614950573,30.825582586919193,211527.61,465047246.0
2023-11-30,601699.SH,601699.SH,30.615495797256145,30.74154312670505,30.223348550081774,30.629501056083804,150329.13,327592447.0
2023-12-01,601699.SH,601699.SH,30.797573320312182,31.231736473076932,30.47545227148673,30.89561016125906,190366.52,418776847.0
2023-12-04,601699.SH,601699.SH,30.811590579279187,31.721933028212437,30.671537894827917,31.511854001535536,218737.14,487610623.0
2023-12-05,601699.SH,601699.SH,31.455832927755026,31.455832927755026,30.82559584772432,30.881616921504822,197132.27,437954925.0
2023-12-06,601699.SH,601699.SH,30.81159605876862,31.035680393741487,30.391437930694504,30.713559162217994,196972.49,430818059.0
2023-12-07,601699.SH,601699.SH,30.657537293103264,31.189737575030133,30.50347931675601,30.615521481372195,204975.6,449532452.0
2023-12-08,601699.SH,601699.SH,30.5314817314404,31.049676604863933,29.88723945637331,29.88723945637331,365203.27,795957246.0
2023-12-11,601699.SH,601699.SH,30.195343109593484,31.60987448903177,30.139322064863258,31.5678587054841,347823.47,770023878.0
2023-12-12,601699.SH,601699.SH,31.539849217212364,31.70791235691332,30.993644013184262,31.609875525421096,173439.45,389121852.0
2023-12-13,601699.SH,601699.SH,31.60986719305232,31.931988125901327,31.10567790685388,31.665888224852146,168847.38,381110374.0
2023-12-14,601699.SH,601699.SH,31.76391283080692,32.04401788222497,31.455797274247065,31.83393909366143,125337.88,284675286.0
2023-12-15,601699.SH,601699.SH,31.833935602105946,32.072024869697586,31.203699305539836,31.539825330375095,118971.88,268133419.99999997
2023-12-18,601699.SH,601699.SH,31.371751430192234,31.889945538637374,31.28771995314708,31.637851107501902,87320.43,197518368.0
2023-12-19,601699.SH,601699.SH,31.79191085010019,31.79191085010019,31.189685226067457,31.511805908689617,139928.63,314146549.0
2023-12-20,601699.SH,601699.SH,31.707868854454414,32.04399467269951,31.581821672612502,31.67985836960066,165148.85,375442967.0
2023-12-21,601699.SH,601699.SH,31.581821672612502,31.9179474908576,31.385748278636196,31.67985836960066,134833.36,304573082.0
2023-12-22,601699.SH,601699.SH,31.833923017049383,32.47816430995931,31.69387056206896,31.805912526053298,156516.09,357307410.0
2023-12-25,601699.SH,601699.SH,31.665848162075243,32.40812589431319,31.581816720689815,32.32409445292775,112070.32,256012730.0
2023-12-26,601699.SH,601699.SH,32.47816511618719,32.70224904971845,30.83955135223984,30.88156708977695,283918.59,638829565.0
2023-12-27,601699.SH,601699.SH,31.091637240340994,31.931951760350213,31.03561627234038,31.623836436346828,200995.21,452505380.0
2023-12-28,601699.SH,601699.SH,31.623845713450134,31.777903420645863,30.15329487203638,30.363373563666915,348409.48,760370532.0
2023-12-29,601699.SH,601699.SH,30.111283421578413,30.867566819143637,30.08327292537229,30.68549859380386,197789.7,431997845.0
2024-01-02,601699.SH,601699.SH,30.797545537669187,32.17006007277222,30.755529786594607,31.833934064175565,231797.57,524157941.0
2024-01-03,601699.SH,601699.SH,31.749900996012006,32.35212673171051,31.48380125233127,32.08602698802977,192024.82,439345764.0
2024-01-04,601699.SH,601699.SH,32.21206273870639,32.56219385543146,31.86193162198132,32.296094206720404,220882.78,509047249.0
2024-01-05,601699.SH,601699.SH,32.32408967001922,32.814273005569774,32.10000585948183,32.47814728976368,228026.39,529293084.00000006
2024-01-08,601699.SH,601699.SH,32.702237785209306,32.772263990316816,31.97396525209115,32.33810151865023,161753.18,373918469.0
2024-01-09,601699.SH,601699.SH,32.21206769385738,32.81429330726427,31.889947016918804,32.590209358089616,154177.31,357254124.0
2024-01-10,601699.SH,601699.SH,32.57618913467367,32.77226250005863,32.07200048082661,32.35210528851942,127238.11,294165877.0
2024-01-11,601699.SH,601699.SH,32.19804835663455,32.324095522884974,31.329723433576124,31.651843969549414,196431.66,444333897.0
2024-01-12,601699.SH,601699.SH,31.651843969549414,31.79189637649432,31.147655304547737,31.651843969549414,156028.91,350708907.0
2024-01-15,601699.SH,601699.SH,31.553814234865794,32.128029229818964,31.441772284631025,31.791903379114665,144683.66,328416374.0
2024-01-16,601699.SH,601699.SH,32.086009829895396,32.086009829895396,31.511794900595653,31.847920712868667,144598.0,327558146.0
2024-01-17,601699.SH,601699.SH,31.791896134347578,32.04399046492831,31.259696992010486,31.32972319494958,123726.41,279835258.0
2024-01-18,601699.SH,601699.SH,31.245681694039067,31.25968693011887,30.013220919016458,30.979582208522825,209240.07,456980203.0
2024-01-19,601699.SH,601699.SH,30.82551787165891,31.175648697098016,30.1252562207807,30.489392279237364,158733.84,346056953.0
2024-01-22,601699.SH,601699.SH,30.39135684777319,30.783503387744457,29.621069001401054,29.803137037816292,162769.37,352006379.0
2024-01-23,601699.SH,601699.SH,29.761113730428708,31.007579199609015,29.621061430520808,30.68545890982085,178009.57,387695854.0
2024-01-24,601699.SH,601699.SH,30.7974923267336,31.53976931323514,30.65744006512954,31.441732730112292,197647.39,439759481.0
2024-01-25,601699.SH,601699.SH,31.553771904283753,32.758221253492984,31.511756229311338,32.70220035352977,232600.22,536032144.0
2024-01-26,601699.SH,601699.SH,32.64619066046397,32.940300486233916,32.310065145298324,32.84226387764394,143223.13,334051144.0
2024-01-29,601699.SH,601699.SH,32.85625868243378,33.37445202056253,32.618169851401646,32.88426913314344,128774.8,303836152.0
2024-01-30,601699.SH,601699.SH,32.89826900918537,33.29041525535701,32.52012798609128,32.73020633225467,152566.02,359472032.0
2024-01-31,601699.SH,601699.SH,32.758227518128955,33.87864573166051,32.46411773707692,33.19238957587243,238758.69,569779786.0
2024-02-01,601699.SH,601699.SH,33.122357376838934,33.444477554288106,32.576153597685995,32.91227900024165,163339.12,384533933.0
2024-02-02,601699.SH,601699.SH,32.91228387923261,33.44448251217339,32.352074791926526,33.06634137824178,176823.54,415415336.0
2024-02-05,601699.SH,601699.SH,33.010314448760894,33.934659274224714,32.49212113751603,33.40246073835161,235149.85,556762249.0
2024-02-06,601699.SH,601699.SH,33.4024636067467,33.556521090886825,32.18400895945656,32.61817096021512,291593.95,680370837.0
2024-02-07,601699.SH,601699.SH,32.548129140411184,33.36043184701353,32.04394125355456,33.206374437140674,249054.78,580004817.0
2024-02-08,601699.SH,601699.SH,33.3324090133165,33.3324090133165,32.57612746427487,33.066309949764815,164023.38,385754388.0
2024-02-19,601699.SH,601699.SH,32.92624588162693,35.531214717859434,32.772188584860494,35.447183465077735,279897.1,687966033.0
2024-02-20,601699.SH,601699.SH,35.265105779590414,35.65725151502669,34.66288197159899,35.06903291187228,204157.3,511889083.0
2024-02-21,601699.SH,601699.SH,34.87297769414209,35.321144475753556,34.00465455476988,34.31276921712776,370772.0,912571748.0
2024-02-22,601699.SH,601699.SH,34.186732213253265,36.30151982660896,34.04668005342838,36.259504178661494,351558.73,891498037.0
2024-02-23,601699.SH,601699.SH,36.189477675480305,36.539608070947416,35.55924296363951,35.9233785749253,220026.17,563456996.0
2024-02-26,601699.SH,601699.SH,35.839330816708795,37.25385696461329,35.153075556834345,35.67126830408648,310117.42,797981389.0
2024-02-27,601699.SH,601699.SH,35.36315583546942,36.69365080749699,35.293129784310075,36.371530972163995,179657.68,464064749.0
2024-02-28,601699.SH,601699.SH,36.30149842862012,37.04377443815595,35.335139095450835,36.41354009043685,202951.56,523975620.0
2024-02-29,601699.SH,601699.SH,36.049399109129276,36.38552404254773,35.64324814791531,36.189451164720296,171050.79,438969084.0
2024-03-01,601699.SH,601699.SH,36.10542744368826,37.5339587079459,36.049406609795795,37.155818079171816,226888.48,599777770.0
2024-03-04,601699.SH,601699.SH,37.043787095026765,38.78043344655165,36.80569848231771,38.65438653394097,243101.33,661033479.0
2024-03-05,601699.SH,601699.SH,38.51434902739749,38.878484690929255,37.870109007302844,38.37429684911604,174529.3,477357768.0
2024-03-06,601699.SH,601699.SH,38.30426505103504,39.52271882048295,38.30426505103504,39.46669795751983,239984.91,670486844.0
2024-03-07,601699.SH,601699.SH,39.17259384637084,40.02691212475075,39.074557322622326,39.48070863529475,168527.89,476132206.0
2024-03-08,601699.SH,601699.SH,39.74680462953675,39.74680462953675,38.37429340554288,39.15858553353938,171768.11,476171444.0
2024-03-11,601699.SH,601699.SH,38.780456975897096,39.004540512052515,36.329543299197205,36.945773023624604,432403.42,1144046464.0
2024-03-12,601699.SH,601699.SH,36.59565836728869,36.805736773530306,34.52288475903812,34.81699452777638,547461.13,1375460256.0
2024-03-13,601699.SH,601699.SH,34.42485220119767,34.66294108948912,33.570533249093096,34.200768541629266,366114.35,891967018.0
2024-03-14,601699.SH,601699.SH,33.976684826498,34.52288874580279,33.62655410899493,34.25678940050046,363385.74,884949150.0
2024-03-15,601699.SH,601699.SH,34.13074607660628,34.14475130683878,31.973940620801038,33.02433288823865,570644.63,1336119166.0
2024-03-18,601699.SH,601699.SH,32.43612904936174,32.646207605380916,31.37173103219788,31.67984624769268,586704.72,1331762906.0
2024-03-19,601699.SH,601699.SH,31.581795935736515,32.50614118263612,31.525775011681997,31.74985870790008,571882.07,1305503337.0
2024-03-20,601699.SH,601699.SH,31.525775011681997,32.15601040729536,31.175644236341235,31.74985870790008,451056.5,1019460077.0
2024-03-21,601699.SH,601699.SH,31.623819031592234,31.90392371743451,31.273688174289397,31.469761454378986,282525.01,636938186.0
2024-03-22,601699.SH,601699.SH,31.59581381273027,32.18403375073323,31.5397928662538,31.77788188877881,324606.6,738833161.0
2024-03-25,601699.SH,601699.SH,29.971213969756068,31.049617463060383,29.284957201289693,29.971213969756068,706962.31,1532591967.0
2024-03-26,601699.SH,601699.SH,30.04122518672513,30.26530891772168,28.09449777369259,28.640701867996686,694936.74,1428368999.0
2024-03-27,601699.SH,601699.SH,28.360594375263744,28.822767024342113,28.010463580507402,28.08048973945867,382546.48,775221633.0
2024-03-28,601699.SH,601699.SH,28.066484507668413,28.402610070634505,27.87041126260486,28.08048973945867,299516.88,601165855.0
2024-03-29,601699.SH,601699.SH,27.98244770707612,29.088860804603154,27.828390187167294,28.97681897194219,390618.35,796609291.0
2024-04-01,601699.SH,601699.SH,28.64068787186766,29.228907378282546,28.220531081571313,28.64068787186766,369254.8,755457791.0
2024-04-02,601699.SH,601699.SH,28.514641666513537,29.396970951872255,28.444615532754906,28.80875142829978,365563.33,755489598.0
2024-04-03,601699.SH,601699.SH,28.710710174373165,30.041206499527043,28.69670494989786,29.98518560162583,464916.06,978574342.0
2024-04-08,601699.SH,601699.SH,29.789097177357576,30.139227609625532,28.864752836170176,29.10284153011239,454980.6,961405192.0
2024-04-09,601699.SH,601699.SH,29.060822522880688,29.38294248337527,28.22050958246004,28.62666083699669,371240.12,757712913.0
2024-04-10,601699.SH,601699.SH,28.59865772904206,30.447346671369946,28.570647290521936,29.971169216527915,529481.27,1123343987.0
2024-04-11,601699.SH,601699.SH,29.62102615879497,31.777829009128034,29.551000092225717,31.00754227686623,543601.22,1197291774.0
2024-04-12,601699.SH,601699.SH,30.78345366020986,31.007537035352424,30.111203534782163,30.48934423033524,354404.91,772760237.0
2024-04-15,601699.SH,601699.SH,30.50333936852452,31.483703811039085,30.153209210483606,31.469698604717443,418843.98,923023441.0
2024-04-16,601699.SH,601699.SH,31.483700174623447,33.164324739105126,31.30163251347127,32.25398643334422,645998.99,1480897144.0
2024-04-17,601699.SH,601699.SH,31.889843393090548,32.61811386144395,31.651754970744243,32.46405664698458,393107.6,902548499.0
2024-04-18,601699.SH,601699.SH,33.430418213232365,35.01300608842937,32.77217369876989,33.59848064245682,617620.66,1485034867.0
2024-04-19,601699.SH,601699.SH,32.49207900756026,34.480818326126446,32.38003735581005,33.36040180862437,570509.97,1368483274.0
2024-04-22,601699.SH,601699.SH,32.92623968543134,33.33239066411169,30.55935984415618,30.629385874963138,618714.02,1391873041.0
2024-04-23,601699.SH,601699.SH,29.971128358745283,30.699398767462462,29.45293595254268,29.747045156063074,400163.51,852358574.0
2024-04-24,601699.SH,601699.SH,29.494947631751444,29.873087986004666,28.5706045435769,29.0747916825812,363776.15,753593176.0
2024-04-25,601699.SH,601699.SH,29.10278993146234,30.25121571316586,29.10278993146234,29.929096286590482,333083.94,710787095.0
2024-04-26,601699.SH,601699.SH,29.691018352591342,30.223215851364206,28.75267013107077,29.24285203783525,372913.18,777471359.0
2024-04-29,601699.SH,601699.SH,28.990747054357904,29.66299626141548,28.65462245082912,29.550954726905886,308567.55,643038946.0
2024-04-30,601699.SH,601699.SH,29.270858644499672,29.971118420683876,29.200832666881258,29.606983337068094,263043.71,557618473.0
2024-05-06,601699.SH,601699.SH,29.69100064337612,30.195187446754204,28.99074119423989,30.167177068788757,325591.64,688434093.0
2024-05-07,601699.SH,601699.SH,30.251196825928055,30.979466379144842,30.05512425390815,30.909440460566305,280380.87,613868539.0
2024-05-08,601699.SH,601699.SH,30.86743220706331,32.71611689460068,30.86743220706331,32.225935348662745,458234.65,1050239125.9999999
2024-05-09,601699.SH,601699.SH,32.071886319901395,32.21193822522848,31.665735794452864,31.88981884297619,177328.34,404440286.0
2024-05-10,601699.SH,601699.SH,31.87582179213529,32.35199839184205,31.5116867453007,32.029878927334536,158588.73,361690139.0
2024-05-13,601699.SH,601699.SH,31.86182562960925,31.931851620003997,30.62936819866173,31.0775345371881,290654.76,644732909.0
2024-05-14,601699.SH,601699.SH,31.231603189480442,31.3436448152723,29.41092677036275,30.04116091544195,392152.6,835923591.0
2024-05-15,601699.SH,601699.SH,30.027161567095135,30.419307333829583,29.70504183013469,30.167213626643147,159227.87,342968127.0
2024-05-16,601699.SH,601699.SH,30.153193484201278,30.46130786258141,29.691021916631072,30.139188285183998,190095.3,407996168.0
2024-05-17,601699.SH,601699.SH,30.13917434287019,30.57333531156395,29.831060107023006,30.517314541409917,135029.53,291548237.0
2024-05-20,601699.SH,601699.SH,30.53132677344902,32.281976244403666,30.53132677344902,31.889830762909824,347275.35,780225748.0
2024-05-21,601699.SH,601699.SH,31.86182037137455,32.04388791635383,31.51169047718362,31.889830762909824,187602.07,425937544.0
2024-05-22,601699.SH,601699.SH,32.05787853664719,33.52842342364935,31.903821453246962,33.05224698404865,426861.28,1006297580.0
2024-05-23,601699.SH,601699.SH,32.632105361544504,32.98223524739798,32.2399598893886,32.506058602637246,188743.75,438505109.0
2024-05-24,601699.SH,601699.SH,32.2819795985845,33.052265445839225,32.225958809693246,32.239964006916054,150351.01,349405432.0
2024-05-27,601699.SH,601699.SH,32.21194518031324,33.444402213299135,32.057888051190005,32.422023083663106,276546.99,647083407.0
2024-05-28,601699.SH,601699.SH,32.42201070025151,32.842166346475075,32.239943253554635,32.26795362996954,155144.78,359995185.0
2024-05-29,601699.SH,601699.SH,32.1419078155732,33.10826582832899,32.029866306847886,32.7581361135624,163864.43,382853788.0
2024-05-30,601699.SH,601699.SH,32.74414395329379,32.74414395329379,31.539697255268443,31.749775167714727,201821.7,461606791.0
2024-05-31,601699.SH,601699.SH,31.77778201116447,32.253958559590906,31.553698929552027,31.763776818563688,181159.3,412037055.0
2024-06-03,601699.SH,601699.SH,31.763784707057795,31.93184706000519,31.09153529526821,31.805800295294645,201911.23,454264231.0
2024-06-04,601699.SH,601699.SH,31.581729861688466,31.721781878813466,30.825448969213443,31.161573810313453,183043.83,406828816.0
2024-06-05,601699.SH,601699.SH,31.10554769655609,31.4136620816638,30.783428112125296,30.783428112125296,153420.28,340337054.0
2024-06-06,601699.SH,601699.SH,30.769430451590043,31.21759693973337,30.71340964057213,30.867466870871397,226724.0,501559382.0
2024-06-07,601699.SH,601699.SH,30.97951802506369,31.161585716892727,30.685408676724478,31.13357530276518,125172.66,276729034.0
2024-06-11,601699.SH,601699.SH,30.99351555848988,31.161578001644816,30.447312618236328,30.489328229025062,187057.36,409090024.0
2024-06-12,601699.SH,601699.SH,30.391297136129396,31.973885420176686,30.363286724022363,31.609750062785277,207542.47,463635837.0
2024-06-13,601699.SH,601699.SH,31.581732697030635,31.70777952375936,30.88147254853772,31.231602622784177,141126.01,315114750.0
2024-06-14,601699.SH,601699.SH,31.231593923955057,31.539708303473894,30.951489942574295,31.175573127678902,161062.88,358697611.0
2024-06-17,601699.SH,601699.SH,31.021528062933633,31.119564494735233,29.831085676771398,30.027158540374593,253632.06,547682974.0
2024-06-18,601699.SH,601699.SH,30.11117644041218,30.573347985776643,29.91510366359089,30.37727520895536,156607.4,338838221.0
2024-06-19,601699.SH,601699.SH,30.513293618937865,30.876007361807854,30.316823674883285,30.34704982012245,161549.76,326043604.0
2024-06-20,601699.SH,601699.SH,30.27148253502552,30.96668383138656,30.27148253502552,30.467952466605816,137669.29,278553024.0
2024-06-21,601699.SH,601699.SH,30.301719317948013,30.679546242111954,29.80298777805161,30.301719317948013,130714.49,260564047.0
2024-06-24,601699.SH,601699.SH,30.15058011673515,30.362163135098204,28.669498988193773,29.18334346136119,233470.54,450486967.0
2024-06-25,601699.SH,601699.SH,29.228682433575045,29.304247796640134,28.56370723860229,28.729951037345483,174671.95,332626644.0
2024-06-26,601699.SH,601699.SH,28.593932951055287,28.714837530129515,27.551130956540057,27.95918391091558,259060.24,478261421.0
2024-06-27,601699.SH,601699.SH,27.883610066698722,28.01962767678018,27.27908735522558,27.32442655858606,163311.05,298710753.0
2024-06-28,601699.SH,601699.SH,27.23373493305738,27.656900625690906,27.173282691252595,27.39997859802055,175255.7,317816476.0
2024-07-01,601699.SH,601699.SH,27.399985316284535,28.548578192201592,27.29419386718691,28.29165610153593,179273.13,332573145.0
2024-07-02,601699.SH,601699.SH,28.216083955261272,28.66947577028957,27.732466019231087,27.98938804774712,135022.83,250429327.0
2024-07-03,601699.SH,601699.SH,27.883603423596295,28.04984712964484,26.991932636608663,27.022158764981125,152331.0,275104199.0
2024-07-04,601699.SH,601699.SH,27.112836229458875,27.29419299353552,26.59899206457504,26.70478351028642,144821.1,256569556.0
2024-07-05,601699.SH,601699.SH,26.704787193704835,26.90125704855382,26.462978141583,26.735013325220063,82784.64,146140554.0
2024-07-08,601699.SH,601699.SH,26.73501400205585,26.765240134336295,26.175830554867566,26.266508951708907,106082.91,184644519.0
2024-07-09,601699.SH,601699.SH,26.175827591565994,26.49320194458152,25.78288791640392,26.432749686864273,153195.8,264828108.0
2024-07-10,601699.SH,601699.SH,26.22117228436547,26.2816245547617,25.133031417233294,25.148144484832354,253854.34,427218447.0
2024-07-11,601699.SH,601699.SH,25.22370006274646,25.329491495004834,24.649403716201,24.997004136478512,230929.35,381959304.0
2024-07-12,601699.SH,601699.SH,24.93653980280023,25.178348673615265,23.90885210183634,24.196000135929197,301106.48,484270982.0
2024-07-15,601699.SH,601699.SH,24.13554918618947,24.99699333372409,23.6972705848122,24.740071394985698,280543.99,455279480.0
2024-07-16,601699.SH,601699.SH,24.740070815021042,24.7854099796179,24.392470553111764,24.49826193717111,155898.25,253279276.0
2024-07-17,601699.SH,601699.SH,24.498259454968363,24.543598614971387,23.81817205492297,24.01464174826942,144041.4,229045241.0
2024-07-18,601699.SH,601699.SH,23.923966286633604,24.316905720273827,23.72749656981349,24.28667960999381,117775.95,186935516.0
2024-07-19,601699.SH,601699.SH,24.165765617783183,24.301783060284773,23.95418292944737,24.090200371948963,99306.23,158141141.0
2024-07-22,601699.SH,601699.SH,23.999530543822605,24.27156552479792,23.379895309378824,24.07509581631575,238567.06,375836322.0
2024-07-23,601699.SH,601699.SH,23.98441430064419,24.165770930516736,23.51590967347345,23.531022725962828,131477.98,207072335.0
2024-07-24,601699.SH,601699.SH,23.546145035255588,23.667049502702344,23.228770808207855,23.334562217223766,130478.34,202170270.0
2024-07-25,601699.SH,601699.SH,23.213658479957594,23.31944989230115,23.00207565527048,23.06252789089537,154999.9,237384051.0
2024-07-26,601699.SH,601699.SH,23.047419923859866,23.78795997387241,23.002080737124405,23.395020355498406,155781.58,241786691.0
2024-07-29,601699.SH,601699.SH,23.425241763912602,23.440354823115126,22.760267159001536,22.820719395811633,155683.65,236202376.0
2024-07-30,601699.SH,601699.SH,22.74514377510169,22.74514377510169,22.23129999546484,22.306865257176142,188119.08,279003584.0
2024-07-31,601699.SH,601699.SH,22.397542822244326,23.63681307286783,22.185960096528117,23.50079560633598,255545.09,392538892.0
2024-08-01,601699.SH,601699.SH,23.712367841214668,24.150646150580652,23.062506899740974,23.228750396397036,179312.08,278158803.0
2024-08-02,601699.SH,601699.SH,23.047385200309378,23.319419910870405,22.654446173943448,22.699785292370283,199093.37,301292962.0
2024-08-05,601699.SH,601699.SH,22.654436699986324,22.911358263628596,22.201045705323487,22.2614978379452,195540.39,291281836.0
2024-08-06,601699.SH,601699.SH,22.533523728605363,22.72999308371728,22.21615015496303,22.609088865186873,144497.15,214875258.0
2024-08-07,601699.SH,601699.SH,22.593977157226824,22.911350749401915,22.32194264964817,22.775333495612593,141494.45,212510729.0
2024-08-08,601699.SH,601699.SH,22.790445833656566,22.941576111068084,22.306828945939717,22.45795922335123,116954.59,174077860.0
2024-08-09,601699.SH,601699.SH,22.518401887714422,22.866001379940887,22.45794980210982,22.624193037522478,139873.99,209524414.0
2024-08-12,601699.SH,601699.SH,22.44283542232644,23.228712487620026,22.367270319894367,22.97179113935097,161450.51,245119726.0
2024-08-13,601699.SH,601699.SH,23.077579821147097,23.168257934393253,22.427720009549635,22.669528311539388,191596.03,287666542.0
2024-08-14,601699.SH,601699.SH,22.563729467957085,22.684633577631338,22.110339056678647,22.110339056678647,153824.17,227013384.0
2024-08-15,601699.SH,601699.SH,22.337035750471205,23.319381707021023,22.080114500296638,22.911330309684946,272099.43,410492576.0
2024-08-16,601699.SH,601699.SH,22.835773665918648,23.319390315362327,22.760208564443076,22.926451787689338,163710.49,249194884.0
2024-08-19,601699.SH,601699.SH,22.88110775133401,23.274046193562995,22.745090598254745,22.865994734325202,143795.31,219139220.0
2024-08-20,601699.SH,601699.SH,22.896227209897965,22.896227209897965,21.581394360220656,21.702298530305924,254901.64,370807912.0
2024-08-21,601699.SH,601699.SH,21.656960808645383,21.853430097209507,20.946648765375087,21.460491520081256,225214.45,318000491.0
2024-08-22,601699.SH,601699.SH,21.430260649729735,21.702294988019677,21.14311329264591,21.475599706111396,145430.06,206207685.0
2024-08-23,601699.SH,601699.SH,21.46049355706273,22.306822880439853,21.35470239164059,21.717414958802213,182239.86,263934425.99999997
2024-08-26,601699.SH,601699.SH,21.762747109323747,21.91387729758294,21.27913050689433,21.672068996368232,130493.09,185885036.0
2024-08-27,601699.SH,601699.SH,21.626740663393687,21.974340268745227,21.475610400197365,21.823210005548905,105639.2,152296247.0
2024-08-28,601699.SH,601699.SH,21.82321734108168,22.065025843475937,21.505843681689218,21.581408838687423,122124.44,175698261.0
2024-08-29,601699.SH,601699.SH,21.581399334392366,21.74764260657606,21.21868674053703,21.551173284904422,111623.0,158645681.0
2024-08-30,601699.SH,601699.SH,21.460494085926836,22.080128070097963,21.369815941901795,21.611624325968577,277083.19,399562445.0
2024-09-02,601699.SH,601699.SH,21.5965113019644,22.21614528613553,21.233798725864233,21.611624325968577,246961.59,357412563.0
2024-09-03,601699.SH,601699.SH,21.59651819935978,21.91389180480874,21.09778824794,21.294257622741732,220089.24,310989073.0
2024-09-04,601699.SH,601699.SH,21.067567560141978,21.09779362550804,20.553724448919002,20.871098135262606,205043.15,282485295.0
2024-09-05,601699.SH,601699.SH,20.840879544599385,21.279157649598215,20.55373182063464,20.68974916356531,149589.96,205470230.0
2024-09-06,601699.SH,601699.SH,20.64441265471144,20.68975177474375,20.327038814485277,20.357264894506816,109310.28,148063056.0
2024-09-09,601699.SH,601699.SH,20.357275235687766,20.357275235687766,19.843431614296986,19.873657709672912,158666.21,209453020.0
2024-09-10,601699.SH,601699.SH,19.873657709672912,20.08524037730441,19.662075042041412,19.873657709672912,115921.73,152243546.0
2024-09-11,601699.SH,601699.SH,19.72253107778138,19.828322432221583,19.465609216998022,19.767870229684323,109846.55,142738064.0
2024-09-12,601699.SH,601699.SH,19.949221691061563,20.236369579038968,19.782978176969383,19.918995597590257,123935.87,164053434.0
2024-09-13,601699.SH,601699.SH,20.009671451658452,20.07012363127071,19.69229750869408,19.69229750869408,96525.28,126796403.0
2024-09-18,601699.SH,601699.SH,19.677182743140357,20.296817529982718,19.631843612395794,20.221252312075112,150009.17,198632460.0
2024-09-19,601699.SH,601699.SH,20.32704227098393,20.78043354840365,19.9492162064675,20.538624867113132,189765.08,256849151.0
2024-09-20,601699.SH,601699.SH,20.538617311992617,20.901330200504628,20.34214783071528,20.87110412646196,160310.94,219898904.0
2024-09-23,601699.SH,601699.SH,20.810658655189986,21.17337166007347,20.70486736209897,20.96178907389144,114041.74,158395017.0
2024-09-24,601699.SH,601699.SH,21.12803263372225,22.69978899560144,21.12803263372225,22.51843249230769,412281.58,601430943.0
2024-09-25,601699.SH,601699.SH,23.258982447667943,23.546130379120633,22.79047792792934,22.896269271096124,384782.57,589557862.0
2024-09-26,601699.SH,601699.SH,22.790484903153693,24.211111946188474,22.71491963490716,24.19599889253917,414903.18,645903684.0
2024-09-27,601699.SH,601699.SH,24.6191610963163,25.11789179992492,24.392465321948748,25.042326541802403,213440.03,349623189.0
2024-09-30,601699.SH,601699.SH,26.64430919881976,27.3848487057637,25.525943412822787,26.674535301143997,753896.46,1318890573.0
2024-10-08,601699.SH,601699.SH,29.168193702326672,29.168193702326672,25.76775661267719,26.221148224630454,816350.7,1462722010.0
2024-10-09,601699.SH,601699.SH,25.88866772507296,25.88866772507296,23.651935195411085,23.712387425942484,576511.34,931204904.0
2024-10-10,601699.SH,601699.SH,23.651924754466723,25.918882398664806,23.651924754466723,25.16322985059878,578967.42,958544864.0
2024-10-11,601699.SH,601699.SH,25.45036807257959,25.495707208100814,24.1959853231591,24.468020136286437,391585.99,637777204.0
2024-10-14,601699.SH,601699.SH,24.48314252312582,25.38992557953789,24.301785911843407,25.072551509793666,323454.33,534222154.0
2024-10-15,601699.SH,601699.SH,24.891193767093306,25.238793922917925,24.25644565645705,24.27155870671029,217521.9,354783817.0
2024-10-16,601699.SH,601699.SH,24.19600048256202,24.437809356841218,23.803061061858326,23.833287171143223,182809.6,291334488.0
2024-10-17,601699.SH,601699.SH,23.87862355025655,24.301789030894003,23.42523196385927,23.45545806961909,179089.9,282430660.0
2024-10-18,601699.SH,601699.SH,23.4554673801826,24.029763617583978,23.04741479045004,23.757728557762274,310944.51,483222332.0
2024-10-21,601699.SH,601699.SH,24.014649534882906,24.483154340157522,23.727501428424265,24.105327884290894,259305.52,413721825.0
2024-10-22,601699.SH,601699.SH,24.105316641134237,24.45291681840451,23.893733924534942,24.301786306547868,199265.88,318975913.0
2024-10-23,601699.SH,601699.SH,24.301775338351693,24.483131870727455,24.05996662851735,24.37734056017493,224397.68,360422576.0
2024-10-24,601699.SH,601699.SH,24.22619892691299,24.24131196429721,23.727468693233554,23.787920842770458,226455.99,358199634.0
2024-10-25,601699.SH,601699.SH,23.742584365355732,24.12041034188908,23.69724524817173,23.96927995127574,176144.01,278385339.0
2024-10-28,601699.SH,601699.SH,23.923949890380076,24.528471681672055,23.833271621686276,24.513358636889752,249176.12,399758282.0
2024-10-29,601699.SH,601699.SH,24.407559980920485,24.407559980920485,23.71236013007074,23.71236013007074,247177.2,391521442.0
2024-10-30,601699.SH,601699.SH,23.57633923533634,23.81814784287825,23.04738290633841,23.198513286052105,246466.54,380938003.0
2024-10-31,601699.SH,601699.SH,22.669555404344795,22.86602488451578,21.83833837285215,22.065033926895598,517147.22,756867759.0
2024-11-01,601699.SH,601699.SH,22.080156000726905,22.473095121889738,21.913912526388785,22.155721216335145,305323.49,448940552.0
2024-11-04,601699.SH,601699.SH,22.382416286136902,22.382416286136902,21.838346747783806,22.27662498701269,224188.1,327324902.0
2024-11-05,601699.SH,601699.SH,22.231296700456337,22.699801253627065,22.034827049126672,22.684688203524786,239509.82,355171406.0
2024-11-06,601699.SH,601699.SH,22.68468561312805,23.25898145143509,22.669572564751547,22.896268290399064,267867.58,406847272.0
2024-11-07,601699.SH,601699.SH,22.896261633656525,23.651913832787102,22.63933988595213,23.651913832787102,321375.63,495905242.0
2024-11-08,601699.SH,601699.SH,23.848381265692588,24.13552907560904,23.31942477374123,23.5914595410305,320590.39,502418715.0
2024-11-11,601699.SH,601699.SH,23.56124061129674,23.56124061129674,22.85092739209793,23.289205761390814,236594.66,362006647.0
2024-11-12,601699.SH,601699.SH,23.22876502183741,23.98441775514377,23.198538912505157,23.395008623164813,298964.06,466172943.0
2024-11-13,601699.SH,601699.SH,23.198538672416788,23.682156416727757,23.13808645437792,23.364782272023685,213264.85,330620233.0
2024-11-14,601699.SH,601699.SH,23.304323598577284,23.4554541018106,22.805592937907342,22.805592937907342,182421.91,279095350.0
2024-11-15,601699.SH,601699.SH,22.745129856526706,23.017164632219384,22.488208123928064,22.684677684150554,167014.14,251936375.0
2024-11-18,601699.SH,601699.SH,22.91137066959453,23.863492273937837,22.835805462900616,23.032275000304793,466769.07,719102653.0
2024-11-19,601699.SH,601699.SH,23.10784057378982,23.122953615368495,22.442866744328242,22.85091886695239,244874.06,368200057.0
2024-11-20,601699.SH,601699.SH,22.77535066820497,23.032272341303496,22.68467243064078,23.017159301709466,174491.86,264173131.0
2024-11-21,601699.SH,601699.SH,23.0171507187869,23.500767805458718,22.926472515035933,23.304298363998292,224595.38,345914582.0
2024-11-22,601699.SH,601699.SH,23.394966923289534,23.530984172843542,22.21615076048812,22.21615076048812,293193.3,440359205.0
2024-11-25,601699.SH,601699.SH,22.216160796531582,22.442856314863537,21.91390010542231,22.08014348553241,167696.73,245909491.0
2024-11-26,601699.SH,601699.SH,22.065030786219122,22.095256855789287,21.823222229657816,21.883674368798147,110588.07,160603593.0
2024-11-27,601699.SH,601699.SH,21.823218899683855,22.185931679179987,21.536071282582753,22.185931679179987,111655.44,161656849.0
2024-11-28,601699.SH,601699.SH,22.170827110250006,22.170827110250006,21.838340268787494,21.853453307035792,98390.08,142998352.0
2024-11-29,601699.SH,601699.SH,21.913902586074162,22.276615456464356,21.717433114612806,22.125485093801775,155013.18,225855620.0
2024-12-02,601699.SH,601699.SH,22.155718616661574,22.39752727823496,21.944136037784858,22.291735988796603,169723.79,249922751.0
2024-12-03,601699.SH,601699.SH,22.291740504340687,22.473097037257357,21.95925352732679,22.382418770799024,171078.72,252248101.0
2024-12-04,601699.SH,601699.SH,22.24639401910791,23.002045989865653,22.15571578261698,22.956706871620185,298939.14,450138155.0
2024-12-05,601699.SH,601699.SH,22.94159192549012,23.002044078126456,22.563765971513007,22.730009391262936,169420.51,255274875.0
2024-12-06,601699.SH,601699.SH,22.714901179642254,22.92648375882721,22.684675096901547,22.760240303753317,157750.98,237767863.0
2024-12-09,601699.SH,601699.SH,22.775355291215277,22.820694419200443,22.50332052330428,22.639337907259776,165899.56,249152337.0
2024-12-10,601699.SH,601699.SH,23.002048324242004,23.576343880300605,22.578883177672502,22.66956142336597,299289.37,456133568.0
2024-12-11,601699.SH,601699.SH,22.563770136723598,23.697248207891896,22.563770136723598,23.621683003147343,481969.18,743730860.0
2024-12-12,601699.SH,601699.SH,23.621676422057895,23.803032862918222,23.289189613813956,23.379867834244124,271739.16,422492526.0
2024-12-13,601699.SH,601699.SH,23.319425279228355,23.42521657991183,22.412642701941447,22.412642701941447,456402.78,688764061.0
2024-12-16,601699.SH,601699.SH,22.518428153487736,23.37987137815136,22.518428153487736,22.866028051159024,284141.12,433335590.0
2024-12-17,601699.SH,601699.SH,22.80558566243037,23.576350983029407,22.79047261692843,22.97182916295173,269920.97,414062251.0
2024-12-18,601699.SH,601699.SH,23.062507435963383,23.364768346002222,22.926490026445904,22.97182916295173,198243.53,303350049.0
2024-12-19,601699.SH,601699.SH,22.80558073149293,22.866032900429957,22.185945999888418,22.367302506699495,240219.58,356776251.0
2024-12-20,601699.SH,601699.SH,22.35220046485923,22.412652663547153,22.065052521091598,22.110391670107543,130331.41,190833133.0
2024-12-23,601699.SH,601699.SH,22.11040132716873,22.201079664805786,21.838366314257563,21.86859242680325,137422.87,200138539.0
2024-12-24,601699.SH,601699.SH,21.82325650825648,22.019726269064886,21.793030391209037,22.019726269064886,98667.5,142900168.0
2024-12-25,601699.SH,601699.SH,22.04994269613326,22.321977630012903,21.89881217731124,22.216186266837486,123617.52,181224579.0
2024-12-26,601699.SH,601699.SH,22.18595985663717,22.231299011657544,21.687229151413035,21.883698823167997,148117.84,214329328.0
2024-12-27,601699.SH,601699.SH,21.838361369049068,21.853474421899623,21.611665576290775,21.732569999095197,153797.68,220842461.0
2024-12-30,601699.SH,601699.SH,21.732566678633717,22.110392942170463,21.672114476467836,21.95926243675576,141933.54,205652997.0
2024-12-31,601699.SH,601699.SH,21.944147858070185,22.095278352960474,21.641886868289603,21.70233906624572,145194.75,209785407.0
2025-01-02,601699.SH,601699.SH,21.70233403291869,21.8232384007901,21.007133917658063,21.11292523954555,181957.88,256937084.0
2025-01-03,601699.SH,601699.SH,21.128041380340726,21.687224163654463,21.06758918755005,21.460528440689433,222425.89,314839247.0
2025-01-06,601699.SH,601699.SH,21.309403399410098,21.641890544649122,21.06759456650899,21.309403399410098,140456.12,198665321.0
2025-01-07,601699.SH,601699.SH,21.33962529570847,21.59654713000524,21.082703461411697,21.460529688318715,107567.55,151747587.0
2025-01-08,601699.SH,601699.SH,21.384961374793203,21.566317937688975,20.85600473301387,21.0675873897256,117126.29,163535999.0
2025-01-09,601699.SH,601699.SH,20.99201622766517,21.00712927030568,20.644416246933496,20.659529289574003,99744.14,137052571.0
2025-01-10,601699.SH,601699.SH,20.659519243131296,20.7955365607525,20.37237157259765,20.387484607888894,87663.66,118860995.0
2025-01-13,601699.SH,601699.SH,20.26658091452811,20.523502521945694,20.206128771606327,20.281693950258557,61698.2,82915768.0
2025-01-14,601699.SH,601699.SH,20.357268334965237,20.735094399088574,20.221250951880837,20.71998135652364,93363.9,126735620.0
2025-01-15,601699.SH,601699.SH,20.65952806296842,20.76531935517089,20.478171562049898,20.568849812509157,94642.91,128885809.0
2025-01-16,601699.SH,601699.SH,20.689757266338404,21.143148587003235,20.629305090249762,20.94667901471514,133945.81,185787649.0
2025-01-17,601699.SH,601699.SH,20.961781677077724,21.082685969375216,20.689747019408365,20.750199165557113,87264.0,120034678.0
2025-01-20,601699.SH,601699.SH,20.20613539730043,20.22124843798652,19.67717897328733,19.873648502206482,333485.64,437978527.0
2025-01-21,601699.SH,601699.SH,19.87365144301117,19.87365144301117,19.23890364026861,19.40514711241547,263489.67,339476902.0
2025-01-22,601699.SH,601699.SH,19.374922187843453,19.374922187843453,19.118000442762845,19.163339574247658,121134.2,153793475.0
2025-01-23,601699.SH,601699.SH,19.254019368960943,19.40514981926676,18.981984558410478,18.99709760344106,174602.92,221415634.0
2025-01-24,601699.SH,601699.SH,19.027315028192387,19.133106295227613,18.891297684861385,18.98197591374872,148684.28,186837289.0
2025-01-27,601699.SH,601699.SH,18.966856121105945,19.13309948152998,18.951743088340123,19.01219521940341,126495.31,159494518.0
2025-02-05,601699.SH,601699.SH,19.102881673369428,19.102881673369428,18.709942651607083,18.740168730204186,120179.34,149266740.0
2025-02-06,601699.SH,601699.SH,18.679714197211368,19.01220101949183,18.55880989820029,19.01220101949183,135673.44,168668463.0
2025-02-07,601699.SH,601699.SH,18.891297642733036,19.269123595587697,18.83084549027629,19.193558405016763,168472.39,213251308.0
2025-02-10,601699.SH,601699.SH,19.23890130058918,19.23890130058918,18.96686656106789,19.223788259504666,131535.25,166304945.0
2025-02-11,601699.SH,601699.SH,19.193567450966135,19.299358767625,18.815741320041603,18.921532636700473,157239.94,197360183.0
2025-02-12,601699.SH,601699.SH,18.861076210493284,18.891302294163946,18.634380582963317,18.800624043151956,146739.74,181900434.0
2025-02-13,601699.SH,601699.SH,18.755282262030402,19.012203936852735,18.725056182639538,18.785508341421263,156859.15,196013873.0
2025-02-14,601699.SH,601699.SH,18.78549903941834,18.921516329325634,18.67970781393489,18.77038600720642,120120.76,149040634.0
2025-02-17,601699.SH,601699.SH,18.69482794199122,18.770393131732497,18.543697562508672,18.634375790198202,164492.63,202753666.0
2025-02-18,601699.SH,601699.SH,18.589028560876145,18.70993281167859,18.316993996570638,18.34722005927125,188014.61,230322784.0
2025-02-19,601699.SH,601699.SH,18.34722707305677,18.422792258695388,18.090305441885466,18.422792258695388,149665.16,180837083.0
2025-02-20,601699.SH,601699.SH,18.407679221567665,18.558809592844902,18.301887961673597,18.422792258695388,121283.12,147922042.0
2025-02-21,601699.SH,601699.SH,18.468131992770488,18.513471105682363,18.271662503485693,18.377453766946736,109719.81,133275268.00000001
2025-02-24,601699.SH,601699.SH,18.28676690736667,18.453010242888183,18.196088724354933,18.437897212386225,124267.68,150762281.0
2025-02-25,601699.SH,601699.SH,18.362325464426565,18.77037714141382,18.180969163543338,18.513455715162586,216430.08,265825262.0
2025-02-26,601699.SH,601699.SH,18.528575518980844,18.770384008624966,18.437897335364298,18.589027641391876,151532.09,186299541.0
2025-02-27,601699.SH,601699.SH,18.58902916508267,18.679707356131853,18.33210762377665,18.437898846667363,121829.22,148471947.0
2025-02-28,601699.SH,601699.SH,18.468126442974896,18.498352509166345,18.180978814156138,18.211204880347587,127215.93,154265734.0
2025-03-03,601699.SH,601699.SH,18.226320090392317,18.483241683706307,18.211207055491496,18.3472243695989,121098.79,147283654.0
2025-03-04,601699.SH,601699.SH,18.271650157826006,18.39255437723263,18.135632910993557,18.211198048122696,96273.27,115885861.0
2025-03-05,601699.SH,601699.SH,18.211205200324635,18.211205200324635,17.84849239965427,17.893831499738063,143817.43,171017157.0
2025-03-06,601699.SH,601699.SH,17.908938792669694,18.120521191907986,17.772921536016508,18.105408163390965,132793.82,158190373.0
2025-03-07,601699.SH,601699.SH,18.075180816343927,18.34721531023539,17.999615679151855,18.21119806328966,135302.0,163261810.0
2025-03-10,601699.SH,601699.SH,18.241419479248133,18.573905998339647,18.180967384867856,18.42277576238896,152516.12,185786068.0
2025-03-11,601699.SH,601699.SH,18.28675225459187,18.437882438514116,18.22630018102297,18.437882438514116,95143.99,115397048.0
2025-03-12,601699.SH,601699.SH,18.498334512083016,18.679690732789712,18.362317346552995,18.437882438514116,144751.73,177346297.0
2025-03-13,601699.SH,601699.SH,18.437888796404614,19.45046137784651,18.437888796404614,19.284218118206795,538054.04,680106891.0
2025-03-14,601699.SH,601699.SH,19.072627966170597,19.269097192446523,18.981949861735554,19.16330607060564,282254.63,357660519.0
2025-03-17,601699.SH,601699.SH,19.178416262350982,19.34465942932172,19.012173095380252,19.284207368605088,212814.72,270264615.0
2025-03-18,601699.SH,601699.SH,19.329540363154116,19.329540363154116,19.04239316463971,19.117958216880343,143110.77,180882497.0
2025-03-19,601699.SH,601699.SH,19.042385444750586,19.11795046635674,18.845916388574587,19.012159436108124,133870.37,168319839.0
2025-03-20,601699.SH,601699.SH,19.012163515578685,19.344649681987853,18.815694417245997,18.876146447502208,231454.25,291801195.0
2025-03-21,601699.SH,601699.SH,18.86102814799352,18.98193217458322,18.58899408816669,18.906367157964656,211750.84,263375960.00000003
2025-03-24,601699.SH,601699.SH,18.906366502340628,19.07260953313659,18.588993443548343,18.74012347154467,147868.13,183774122.0
2025-03-25,601699.SH,601699.SH,18.785461883579682,19.1481739392562,18.619218858061277,19.042382923017215,254704.09,319642926.0
2025-03-26,601699.SH,601699.SH,19.02726125155631,19.435312128277534,18.861018301780998,19.238843187633982,285520.95,362572094.0
2025-03-27,601699.SH,601699.SH,19.223721518452802,19.314399450143615,18.86100979168954,18.891235768919813,211982.4,266161961.0
2025-03-28,601699.SH,601699.SH,18.86100979168954,18.876122780304676,18.39250714462033,18.39250714462033,196795.36,241696077.0
2025-03-31,601699.SH,601699.SH,18.332049582349057,18.46806643827745,18.135580790452487,18.180919742428618,139309.61,168273702.0
2025-04-01,601699.SH,601699.SH,18.211143484111275,18.55874207343456,18.211143484111275,18.543629091290068,122957.1,149968417.0
2025-04-02,601699.SH,601699.SH,18.468063954243295,18.694758683632532,18.422725008365447,18.49828991816186,90896.3,111640661.0
2025-04-03,601699.SH,601699.SH,18.377386421947477,18.57385519126106,18.332047475182808,18.54362922675128,70577.13,86177299.0
2025-04-07,601699.SH,601699.SH,18.075117698759072,18.075117698759072,16.68472402962376,16.850966750933416,337220.06,384842512.0
2025-04-08,601699.SH,601699.SH,16.850973137174044,17.63684811756243,16.850973137174044,17.546170235209924,258629.51,298668387.0
2025-04-09,601699.SH,601699.SH,17.455485905197182,17.470598880006875,17.01720963571604,17.470598880006875,180971.6,207131420.0
2025-04-10,601699.SH,601699.SH,17.803076984342084,17.89375479580732,17.440365738481123,17.591495424256525,187546.2,218411152.0
2025-04-11,601699.SH,601699.SH,17.531044704503827,17.59149658279522,17.410140947921043,17.440366887066737,100055.86,115742516.0
2025-04-14,601699.SH,601699.SH,17.531040805408992,17.833300129640186,17.4554759743512,17.803074197217065,159746.31,186335392.0
2025-04-15,601699.SH,601699.SH,17.787965551595576,17.787965551595576,17.470593184064985,17.546158033477028,121212.34,140750449.0
2025-04-16,601699.SH,601699.SH,17.576377861695047,17.576377861695047,17.228779675264278,17.515926003185346,135426.99,155785503.0
2025-04-17,601699.SH,601699.SH,17.41014290161405,17.500820729226625,17.36480398780777,17.4705947866891,83264.0,96085949.0
2025-04-18,601699.SH,601699.SH,17.425251051183288,17.47058995244396,17.22878247905373,17.25900841322751,84757.5,96926516.0
2025-04-21,601699.SH,601699.SH,17.259002483752226,17.304341369436337,17.19855063617341,17.243889521857522,68005.0,77606284.0
2025-04-22,601699.SH,601699.SH,17.228778652895183,17.334569399009453,17.153213834242134,17.168326797972743,105642.42,120517481.0
2025-04-23,601699.SH,601699.SH,17.198547368008686,17.289225122145815,17.032304818757282,17.07764369582585,114096.0,129171882.0
2025-04-24,601699.SH,601699.SH,17.07764445080568,17.243887007406443,17.032305571732742,17.092757410496656,111620.8,126771191.0
2025-04-25,601699.SH,601699.SH,17.077639850048655,17.107865761287677,16.790493693277924,16.941623249473047,142795.35,160334087.0
2025-04-28,601699.SH,601699.SH,16.911396833187766,16.911396833187766,16.68470250566514,16.699815460833317,135919.3,150690306.0
2025-04-29,601699.SH,601699.SH,16.624251060766642,16.86605834892325,16.45800855015898,16.714928793825372,130198.09,143620325.0
2025-04-30,601699.SH,601699.SH,16.7753844871062,16.835836323095776,16.488238266155737,16.50335122515313,158802.27,174648562.0
2025-05-06,601699.SH,601699.SH,16.53358118234452,16.594033033102637,16.44290340620735,16.57892007041311,142263.52,155564809.0
2025-05-07,601699.SH,601699.SH,16.68471393949525,16.85095656026921,16.65448800844544,16.835843594744304,177815.4,197096163.0
2025-05-08,601699.SH,601699.SH,16.805611863390485,16.835837784008095,16.624256339684834,16.63936929999364,176410.51,194938667.0
2025-05-09,601699.SH,601699.SH,16.65448668131046,16.69982557427229,16.548695931066202,16.624260752669244,101478.26,111610153.0
2025-05-12,601699.SH,601699.SH,16.699833123922183,16.714946095075053,16.594042325852087,16.714946095075053,89129.3,98211930.0
2025-05-13,601699.SH,601699.SH,16.74516826971709,17.062540592518584,16.730055301964637,16.926523882746515,235208.48,263421517.0
2025-05-14,601699.SH,601699.SH,16.85096379073328,17.183449174945057,16.805624874704403,17.168336202935432,244740.6,275841825.0
2025-05-15,601699.SH,601699.SH,17.153224458347864,17.289241216167362,16.896303915799923,16.896303915799923,194040.1,219163685.0
2025-05-16,601699.SH,601699.SH,16.85097113239383,16.896310068176057,16.730067303641228,16.85097113239383,123020.3,136687389.0
2025-05-19,601699.SH,601699.SH,16.820750327506005,16.86608927717583,16.714959444943073,16.775411377836175,72465.06,80352661.0
2025-05-20,601699.SH,601699.SH,16.775408046978317,16.805634007423322,16.639391224975792,16.745182086533312,93034.28,102970383.0
2025-05-21,601699.SH,601699.SH,16.760292167357907,17.591505935802168,16.760292167357907,17.123003629951764,344344.28,391685169.0
2025-05-22,601699.SH,601699.SH,17.032329604482847,17.138120471591435,16.88119979432772,17.092781528544897,149428.0,167997462.0
2025-05-23,601699.SH,601699.SH,17.09278890430201,17.304370729819453,16.88120707878457,16.88120707878457,153082.01,172938891.0
2025-05-26,601699.SH,601699.SH,16.82075689197934,16.86609585934316,16.548723087796382,16.578949066038934,193546.4,213329152.0
2025-05-27,601699.SH,601699.SH,16.533606899115373,16.563832871508637,16.231347175182734,16.322025092362527,184297.9,198911958.0
2025-05-28,601699.SH,601699.SH,16.397588807583684,16.412701792659796,16.26157194189866,16.306910897126997,98822.52,106849873.0
2025-05-29,601699.SH,601699.SH,16.27668621829848,16.397590108499397,16.261573232023366,16.382477122224284,74258.7,80413546.0
2025-05-30,601699.SH,601699.SH,16.36736565991231,16.38247864759459,16.21623578308948,16.231348770771763,141748.21,152792879.0
2025-06-03,601699.SH,601699.SH,16.261582808469925,16.261582808469925,16.110452856718346,16.15579184224382,122092.73,130428660.0
2025-06-04,601699.SH,601699.SH,16.216244120217485,16.503391033809404,16.14067914295645,16.488278038357198,217894.77,235052246.0
2025-06-05,601699.SH,601699.SH,16.33715245254326,16.458056448491778,16.20113545710118,16.276700454569003,161982.16,174443498.0
2025-06-06,601699.SH,601699.SH,16.337159988130182,16.518516065704244,16.291820968736666,16.3824990075237,183948.91,199540011.0
2025-06-09,601699.SH,601699.SH,16.382498405225935,16.518515458405854,16.261594357954895,16.442950428861458,153892.32,167190483.0
2025-06-10,601699.SH,601699.SH,16.4127292936192,16.503407356014886,16.24648617922711,16.27671220002567,162047.21,175368561.0
2025-06-11,601699.SH,601699.SH,16.27671970773425,16.4731889335472,16.246493672993797,16.382510829325838,191793.53,207931947.0
2025-06-12,601699.SH,601699.SH,16.397624759365296,16.42785079578809,16.261607595462728,16.29183363188552,109728.6,118468744.0
2025-06-13,601699.SH,601699.SH,16.32205258741478,16.47318270396492,16.291826564104753,16.44295668065489,282640.1,306782397.0
2025-06-16,601699.SH,601699.SH,16.39761279611716,16.458064824858607,16.27670873863427,16.352273774561077,187093.57,202394906.0
2025-06-17,601699.SH,601699.SH,16.352272586384963,16.714984732478527,16.26159454986157,16.639419702042368,349360.83,382093913.0
2025-06-18,601699.SH,601699.SH,16.654529295315523,16.74520731325735,16.322043229528827,16.594077283354306,264453.96,288295878.0
2025-06-19,601699.SH,601699.SH,16.503397974643818,16.5185109764521,16.201137938478183,16.231363942094745,206270.4,222716069.0
2025-06-20,601699.SH,601699.SH,16.246476943903026,16.382493960177563,16.1860249366699,16.231363942094745,113218.87,121969399.0
2025-06-23,601699.SH,601699.SH,16.27670494301657,16.56385201257768,16.17091391738879,16.518513001594343,258653.26,281396383.0
2025-06-24,601699.SH,601699.SH,16.382503850930817,16.473181916526375,16.276712774402665,16.427842883728594,213702.65,232051569.0
2025-06-25,601699.SH,601699.SH,16.4435501739648,16.474960967038275,16.192263829376987,16.34931779474437,235607.39,244401683.0
2025-06-26,601699.SH,601699.SH,16.380732355858395,16.726251159145917,16.286499954961798,16.317910755260666,278408.34,291752669.0
2025-06-27,601699.SH,601699.SH,16.365028784376747,16.63202061675142,16.349323382472356,16.58490441103824,362167.19,381698591.0
2025-06-30,601699.SH,601699.SH,16.600609309417028,16.679136316557123,16.490671499420888,16.569198506560987,204557.7,215884103.0
2025-07-01,601699.SH,601699.SH,16.537780020920433,16.58489620331622,16.30219910894151,16.396431473733077,287884.9,300228301.0
2025-07-02,601699.SH,601699.SH,16.380727002458958,16.72624569282722,16.302200027375264,16.72624569282722,413936.49,436537225.0
2025-07-03,601699.SH,601699.SH,16.726244591381125,16.930414713153848,16.553485257573428,16.69483380341609,293707.3,311874201.0
2025-07-04,601699.SH,601699.SH,16.726244591381125,16.977530895101403,16.663423015451052,16.69483380341609,292532.45,312582463.0
2025-07-07,601699.SH,601699.SH,16.726244591381125,16.78906616731119,16.600601439520982,16.69483380341609,163875.4,174028944.0
2025-07-08,601699.SH,601699.SH,16.694834760051666,16.993237262818347,16.647718575404294,16.993237262818347,324346.0,348257002.0
2025-07-09,601699.SH,601699.SH,16.993237262818347,17.087469632113088,16.883299498641147,16.993237262818347,222949.47,240789794.0
2025-07-10,601699.SH,601699.SH,16.99323245166587,17.33875104125612,16.96182167079403,17.30734026038428,384989.56,421231829.0
2025-07-11,601699.SH,601699.SH,17.40158028434793,17.542928860664833,17.213115515925388,17.291642502768113,394516.07,436512896.0
2025-07-14,601699.SH,601699.SH,17.307353569240576,17.370175179292264,17.071772531546735,17.21312115416304,312726.1,342945327.0
2025-07-15,601699.SH,601699.SH,17.150300185843797,17.150300185843797,16.74195970522847,16.789075914530237,330942.37,355296999.0
2025-07-16,601699.SH,601699.SH,16.773370511429647,16.851897526932596,16.71054889902729,16.789075914530237,167381.91,178569841.0
2025-07-17,601699.SH,601699.SH,16.83619368011867,16.899015298328063,16.72625584825222,16.82048827556632,148878.6,159060889.0
2025-07-18,601699.SH,601699.SH,16.930430724821704,17.26024431037018,16.930430724821704,17.103190222013765,404564.61,441550946.0
2025-07-21,601699.SH,601699.SH,17.24453358509591,17.982687572800376,17.19741737311477,17.982687572800376,737797.44,831561918.0
2025-07-22,601699.SH,601699.SH,18.12404145896062,19.788814764549723,17.998398190614274,19.788814764549723,912553.01,1098047639.0
2025-07-23,601699.SH,601699.SH,21.20230763251849,21.767702502718983,20.338509914156624,20.74685065374587,2203361.99,2939466837.0
2025-07-24,601699.SH,601699.SH,20.60549770756312,22.537263117647164,20.134335412420672,22.270271150399775,1826368.03,2492280776.0
2025-07-25,601699.SH,601699.SH,22.28596760841802,23.80939175078345,22.113208169593076,22.443021643713426,1524044.33,2209141851.0
2025-07-28,601699.SH,601699.SH,21.327934981213694,22.443018474340477,21.327934981213694,21.909034829744552,1284092.54,1791050166.0
2025-07-29,601699.SH,601699.SH,21.89332026897876,23.181162637742215,21.61062316364044,23.086930269296108,1165874.24,1665597459.0
2025-07-30,601699.SH,601699.SH,23.54237757411117,23.777958403738705,22.30165187140618,22.647170421526557,1198114.66,1762032141.0
2025-07-31,601699.SH,601699.SH,21.940420768422598,22.176001521125773,21.092330058691157,21.54778618058397,936929.65,1288311861.0
2025-08-01,601699.SH,601699.SH,21.532078713320672,21.98753479113708,21.375024893383976,21.422141039364984,492691.59,680858306.0
2025-08-04,601699.SH,601699.SH,20.809623326641233,21.610597507515728,20.809623326641233,21.57918675532457,466406.73,633051147.0
2025-08-05,601699.SH,601699.SH,21.28078658078126,22.584332917463804,21.21796507057969,22.380163009308706,579007.89,803063040.0
2025-08-06,601699.SH,601699.SH,22.317341108670796,23.03978846334979,22.050349694985076,22.442984126875835,692714.44,994864894.0
2025-08-07,601699.SH,601699.SH,22.238822472175336,22.80421626384081,21.94042019324078,22.39587630319352,443675.51,630601689.0
2025-08-08,601699.SH,601699.SH,22.301634455709685,22.647152736009414,21.98752692816448,22.301634455709685,350095.6,496527718.0
2025-08-11,601699.SH,601699.SH,22.395857204051076,22.819902186175465,22.08174980988486,22.191687397843037,331555.95,472519726.0
2025-08-12,601699.SH,601699.SH,22.615741968418348,23.27536777583055,22.364455946547036,22.92984949575749,638760.79,926931522.0
2025-08-13,601699.SH,601699.SH,22.537204423815133,22.662847375306786,21.704819870182938,21.90898966635687,671474.5,942074904.0
2025-08-14,601699.SH,601699.SH,21.79904671812758,21.95610036883455,21.327885766006666,21.375001861218756,413397.54,569173779.0
2025-08-15,601699.SH,601699.SH,21.327883508843804,21.97180340859535,21.23365132839236,21.814749774509608,300490.97,416292433.0
2025-08-18,601699.SH,601699.SH,21.971801307641886,22.08173884098963,21.374997555182706,21.516345812344092,411437.35,564457006.0
2025-08-19,601699.SH,601699.SH,21.500647473660578,21.579174308845605,20.9980757284764,21.15512939884646,308013.19,416490573.0
2025-08-20,601699.SH,601699.SH,21.155132037312935,21.28077498927916,20.85673002639315,21.02948908534671,292807.14,391907931.0
2025-08-21,601699.SH,601699.SH,21.108025041250436,21.375016429421013,20.982382035052513,21.249373423223094,288150.93,389263792.0
2025-08-22,601699.SH,601699.SH,21.202263874834593,21.35931768131485,20.88815626187408,21.35931768131485,313999.78,422098597.0
2025-08-25,601699.SH,601699.SH,21.516366527248362,22.160286985363097,21.170848232650215,21.79906331373776,649466.12,897681255.0
2025-08-26,601699.SH,601699.SH,21.736243271709828,21.76765402788282,21.42213570997992,21.42213570997992,310428.92,426322149.0
2025-08-27,601699.SH,601699.SH,21.39073408139179,21.406439466179894,20.43270560931771,20.46411637889391,523430.33,695365671.0
2025-08-28,601699.SH,601699.SH,20.22852631497669,20.825330662778796,20.13429404953425,20.479812356156522,375014.69,489091602.0
2025-08-29,601699.SH,601699.SH,20.558341272912976,21.02950264662374,20.27564444868652,20.36987672342867,520375.93,682248298.0
2025-09-01,601699.SH,601699.SH,20.448399185200707,21.01379271105879,20.307050803736185,20.71539057241147,459705.83,605634910.0
2025-09-02,601699.SH,601699.SH,20.68397043216379,20.7624972751105,20.354157691787602,20.448389903323655,248686.09,324731894.0
2025-09-03,601699.SH,601699.SH,20.448393647395047,20.636858104974728,19.930116389050934,20.07146473223569,274815.64,352510828.0
2025-09-04,601699.SH,601699.SH,19.961526036912776,20.18140122536028,19.820177701482233,20.04005288992974,250283.24,319036888.0
2025-09-05,601699.SH,601699.SH,20.087168034411988,20.982374115695404,19.898703596247064,20.87243652676586,442553.36,576280780.0
2025-09-08,601699.SH,601699.SH,20.55831997904924,20.935248687603238,20.47979316476716,20.88813259903399,400353.13,528061480.0
2025-09-09,601699.SH,601699.SH,20.825320318967826,21.123722344654393,20.479802183962324,20.68397199101103,268944.93,356412198.0
2025-09-10,601699.SH,601699.SH,20.652568183459017,20.652568183459017,20.29134455743654,20.35416605761436,181515.76,235954541.0
2025-09-11,601699.SH,601699.SH,20.495513428640095,20.71538866848757,20.259932814517793,20.511218802914915,197423.82,256632318.0
2025-09-12,601699.SH,601699.SH,20.432699322416575,21.108030660513357,20.307056282770663,20.84103920126579,401983.03,530320203.0
2025-09-15,601699.SH,601699.SH,20.731096803900297,21.59489250406281,20.636864545700753,21.57918712769622,583589.72,788859019.0
2025-09-16,601699.SH,601699.SH,22.128879678020784,22.427281888015386,21.28078918645718,21.594896775925182,706084.89,981198053.0
2025-09-17,601699.SH,601699.SH,21.35931608382418,23.243961620632195,21.155146150669978,22.976970169584394,1045377.93,1499157395.0
2025-09-18,601699.SH,601699.SH,22.615738542111522,22.819908403950027,21.98752358260842,22.30163106235997,604910.83,863303375.0
2025-09-19,601699.SH,601699.SH,22.42727345619995,23.85646245095779,22.19169285266844,23.558060353151205,853403.35,1262200630.0
2025-09-22,601699.SH,601699.SH,23.65229259456381,24.21768604303944,23.212542134638323,23.4638281117386,492205.63,738427140.0
2025-09-23,601699.SH,601699.SH,23.165417323031203,24.17056085433561,22.867015337175207,23.526640779593723,527453.51,789108132.0
2025-09-24,601699.SH,601699.SH,23.259647363212693,23.36958492671201,22.537200517360038,23.27535272942688,478111.47,698429545.0
2025-09-25,601699.SH,601699.SH,23.228245800665903,23.259656545494394,22.58432553168193,22.83561149030982,412821.93,600749863.0
2025-09-26,601699.SH,601699.SH,22.61573236840868,22.94554513211464,22.144571277400164,22.17598201680073,339132.07,485286513.0
2025-09-29,601699.SH,601699.SH,21.987524965987554,22.474391590234422,21.814765841254793,22.44298084028301,313283.17,442955971.0
2025-09-30,601699.SH,601699.SH,22.31733672774493,22.584328089019852,22.144577611625863,22.36445285032286,172993.0,246154923.0
2025-10-09,601699.SH,601699.SH,22.364444014983462,22.89842652657717,22.144568863150756,22.89842652657717,416847.4,597654227.0
2025-10-10,601699.SH,601699.SH,22.89841701396967,23.84073870178735,22.60001514616074,23.21252424324223,579302.84,862290352.0
2025-10-13,601699.SH,601699.SH,22.285916727240238,23.102595846208875,22.270211359567764,22.88272069879424,354811.24,514298675.0
2025-10-14,601699.SH,601699.SH,22.772775169400354,24.563186458580798,22.75706980721456,24.186257766121756,842038.22,1279372194.0
2025-10-15,601699.SH,601699.SH,24.186257766121756,24.359016750165484,23.74650762491954,24.186257766121756,550090.09,842107969.0
2025-10-16,601699.SH,601699.SH,24.107740640659088,25.112884224373868,24.107740640659088,25.018652013400605,735090.96,1153388537.0
2025-10-17,601699.SH,601699.SH,24.657435975390346,25.55264224965611,24.060631792546502,24.1077479122447,625907.89,988439272.0
2025-10-20,601699.SH,601699.SH,24.626032036240478,25.882462242171115,23.825057779959696,25.85105148702285,787543.19,1250194854.0
2025-10-21,601699.SH,601699.SH,25.128604180812253,25.41130097784639,24.73596974048706,25.379890222620375,612677.78,979336446.0
2025-10-22,601699.SH,601699.SH,24.97156257355953,25.207143352555377,24.343347162903946,24.751687179830075,415575.99,651714461.0
2025-10-23,601699.SH,601699.SH,24.516117915495816,25.568379222567067,24.264831633210143,24.34335859642442,567306.35,904299054.0
2025-10-24,601699.SH,601699.SH,23.997848032924946,24.374777583180315,23.008407963504613,23.338221319978057,925860.02,1379507071.0
2025-10-27,601699.SH,601699.SH,23.165451010413953,23.96642592670623,22.537235389792556,23.495264211240187,607327.38,903095059.0
2025-10-28,601699.SH,601699.SH,23.196853259265975,23.6051932624758,23.055504796616418,23.228264028743652,369217.64,545486691.0
2025-10-29,601699.SH,601699.SH,23.212565446108066,24.327648089324352,23.02410077401517,23.903602577115343,512804.67,775540206.0
2025-10-30,601699.SH,601699.SH,23.432436508198528,24.076357350581997,23.11832878020659,23.479552667397318,495620.17,741294641.0
2025-10-31,601699.SH,601699.SH,23.25968770894173,23.589500971526316,23.008401413639184,23.243982315485322,398708.35,590066608.0
2025-11-03,601699.SH,601699.SH,23.30679668566262,24.735987048462686,23.30679668566262,24.390468499214318,771938.76,1194814364.0
2025-11-04,601699.SH,601699.SH,24.296235678838425,24.924451210288673,24.02924407797207,24.20200334912089,437175.95,681117832.0
2025-11-05,601699.SH,601699.SH,24.029253598129728,25.269979764307667,23.997842809112562,24.735996351015896,514783.56,807701352.0
2025-11-06,601699.SH,601699.SH,24.6574584680883,25.30137935801927,24.45328842981751,24.845923118799806,434126.41,687666038.0
2025-11-07,601699.SH,601699.SH,24.845917597483556,25.348489887698143,24.296229155061354,24.453282995753412,359943.02,565419152.0
2025-11-10,601699.SH,601699.SH,24.34333880513765,24.783089441617555,23.966409688154872,24.107758107023415,411955.61,637730300.0
2025-11-11,601699.SH,601699.SH,23.982104305793996,24.06063116992561,23.08689805469363,23.448121629699042,438742.27,654196426.0
2025-11-12,601699.SH,601699.SH,23.369585047828494,23.715103106331334,23.212531384872655,23.416701146715244,215897.83,322841412.0
2025-11-13,601699.SH,601699.SH,23.40098573148311,24.09202155174167,23.2439321359698,23.699387562958396,348251.3,524079755.0
2025-11-14,601699.SH,601699.SH,23.636562706838216,23.777910922360835,23.086875202028022,23.133991273868897,270545.62,401774826.0
2025-11-17,601699.SH,601699.SH,23.149694489685015,23.558033741199132,22.866998084790623,23.259631980477277,282124.13,416563748.0
2025-11-18,601699.SH,601699.SH,23.008351504437943,23.039762223215334,21.83044955028583,21.95609242539539,451642.01,641666122.0
2025-11-19,601699.SH,601699.SH,21.846161633974177,22.144563554208187,21.45352752840311,21.940393819311232,239223.56,333071680.0
2025-11-20,601699.SH,601699.SH,21.6734003325019,21.987507583697578,20.966659017311617,21.060891192670322,324812.61,442959150.0
2025-11-21,601699.SH,601699.SH,20.982366339499965,20.982366339499965,20.479794690649666,20.6839644229951,321545.3,424774779.0
2025-11-24,601699.SH,601699.SH,20.8410120403978,20.8881281188614,20.275619098834635,20.542610210128352,224969.71,293700429.0
2025-11-25,601699.SH,601699.SH,20.574019861139636,20.66825201317539,20.41696627441338,20.574019861139636,184830.14,242142452.0
2025-11-26,601699.SH,601699.SH,20.25991735945792,20.605435329929293,20.25991735945792,20.432676344693608,153855.93,200326129.0
2025-11-27,601699.SH,601699.SH,20.307036019386345,20.80960767647866,20.307036019386345,20.699670126489714,225272.7,296018223.0
2025-11-28,601699.SH,601699.SH,20.652557264558343,20.71537873152278,20.369860663218383,20.479798230406143,232045.45,302913426.0
2025-12-01,601699.SH,601699.SH,20.495510624177058,20.950966415825437,20.448394507799637,20.888144927322212,348443.12,459697882.0
2025-12-02,601699.SH,601699.SH,20.88813887278745,20.950960343081547,20.307040272567047,20.589736888890485,254307.69,332598919.0
2025-12-03,601699.SH,601699.SH,20.542627570888705,20.793913535058596,20.448395334324992,20.542627570888705,227205.37,298055315.0
2025-12-04,601699.SH,601699.SH,20.542631931719427,20.77821257313823,20.43269429905732,20.71539106875988,207530.83,272642853.0
2025-12-05,601699.SH,601699.SH,20.699683643508475,20.715389018048317,20.02435253829538,20.30704928001249,335581.5,432661453.0
2025-12-08,601699.SH,601699.SH,20.134285431803935,20.322749882023626,19.851588756474396,20.197106915210497,285705.11,366289606.0
2025-12-09,601699.SH,601699.SH,20.29134277362168,20.29134277362168,19.553190211423367,19.64742245340613,324198.97,408940098.0
2025-12-10,601699.SH,601699.SH,19.67883160006307,19.804474579153656,19.44325101426822,19.69453697244939,293563.7,366984559.0
2025-12-11,601699.SH,601699.SH,19.67883020687145,19.820178548341396,19.474660380303753,19.521776494127067,232856.5,291134959.0
2025-12-12,601699.SH,601699.SH,19.490366160576986,19.61600913340907,19.01920501245667,19.458955417368966,754685.17,922665774.0
2025-12-15,601699.SH,601699.SH,19.286199778659714,19.80447713427516,19.17626215777159,19.584601892498913,352540.61,440214199.0
2025-12-16,601699.SH,601699.SH,19.47467200300378,19.521788144946527,18.783635254510095,18.830751396452847,275993.88,334012542.0
2025-12-17,601699.SH,601699.SH,18.78363207454197,19.003507366384433,18.689399806609487,18.924980476440698,207972.33,249554417.0
2025-12-18,601699.SH,601699.SH,19.160558571766543,19.427549961700993,19.066326316495562,19.286201578794522,300414.65,367988259.0
2025-12-19,601699.SH,601699.SH,19.191962716452135,19.270489568810774,19.05061438220658,19.160551975508675,181965.11,222029229.0
2025-12-22,601699.SH,601699.SH,19.160551975508675,19.30190030975423,19.082025123150036,19.160551975508675,192320.4,234678234.0
2025-12-23,601699.SH,601699.SH,19.17625195761057,19.223368055786516,18.924966100672183,19.00349293096543,172665.4,209863746.0
2025-12-24,601699.SH,601699.SH,19.003501799262132,19.03491254603777,18.673688958117914,18.84644806538393,237179.6,283840806.0
2025-12-25,601699.SH,601699.SH,18.84644806538393,18.862153438771752,18.642278211342273,18.84644806538393,161215.04,192262389.0
2025-12-26,601699.SH,601699.SH,18.736504180033897,18.972084701995765,18.705093443772313,18.767914916295478,188714.87,226253201.0
2025-12-29,601699.SH,601699.SH,18.720790217212496,19.01919207470162,18.689379495371536,18.81502238273538,257633.21,309854475.0
2025-12-30,601699.SH,601699.SH,18.76791425059754,18.79932498574498,18.548039104565433,18.610860574860318,190160.87,225713574.0
2025-12-31,601699.SH,601699.SH,18.61086822423945,18.673689720355025,18.438109109921616,18.53234135409498,149971.7,176880197.0
