Date,Symbol,Name,Open,High,Low,Close,Volume,Amount
2017-01-03,601601.SH,601601.SH,27.63,28.25,27.52,28.02,73418.41,205917441.0
2017-01-04,601601.SH,601601.SH,28.0197156238467,28.24971328956707,27.899716841731724,28.179714,81961.74,230102881.0
2017-01-05,601601.SH,601601.SH,28.18033645945533,28.47033992195505,28.150336101265705,28.3403383698,50137.51,142174846.0
2017-01-06,601601.SH,601601.SH,28.390751510720456,28.500754422526697,27.900738539947188,27.94073959878582,33348.47,93918866.0
2017-01-09,601601.SH,601601.SH,28.081454485450937,28.471474686637755,28.05145293151349,28.35146847088797,51931.18,147149928.0
2017-01-10,601601.SH,601601.SH,28.342463542992046,28.402468758679397,28.012434856711618,28.04243746455529,26326.64,74125009.0
2017-01-11,601601.SH,601601.SH,28.283308715435385,28.303311055403867,28.003275955876617,28.07328414576631,26856.77,75505769.0
2017-01-12,601601.SH,601601.SH,28.033104257832683,28.193121977463548,27.78307657090945,27.843083215771024,31470.97,88316664.0
2017-01-13,601601.SH,601601.SH,27.864258613269335,28.504356442145586,27.82425249896457,28.124298356250314,62575.15,176615513.0
2017-01-16,601601.SH,601601.SH,28.115426498756978,28.865571282608553,27.905385959278536,28.675534604032823,174423.61,495778522.0
2017-01-17,601601.SH,601601.SH,28.51480366514443,29.08489970474921,28.324771651942832,28.884866006642266,74413.4,214142513.0
2017-01-18,601601.SH,601601.SH,28.783484307401306,29.13352668084086,28.763481886061903,29.023513363474144,39709.93,115220365.0
2017-01-19,601601.SH,601601.SH,28.782021523696194,29.22205242954839,28.461999046712776,28.65201239242168,38414.37,110474216.0
2017-01-20,601601.SH,601601.SH,28.770834501016513,29.05084262268091,28.6508310203032,28.740833630838186,82321.77,237935639.0
2017-01-23,601601.SH,601601.SH,28.801659106998738,29.06167408504803,28.801659106998738,28.88166371562929,109591.88,317269226.0
2017-01-24,601601.SH,601601.SH,28.99253499734869,29.062541118418526,28.802518383016295,28.962532374033053,40369.53,116898252.0
2017-01-25,601601.SH,601601.SH,28.831538124516182,29.13155412997421,28.72153225584824,29.10155252942841,99458.45,287428096.0
2017-01-26,601601.SH,601601.SH,28.952971153462773,29.16299270587131,28.82295781149558,29.02297833759895,59416.79,172463360.0
2017-02-03,601601.SH,601601.SH,29.182660176376135,29.182660176376135,28.242574481866416,28.26257630515386,34011.67,96837571.0
2017-02-06,601601.SH,601601.SH,28.503464086320143,28.593475025540105,28.313440992411344,28.443456793506844,110855.03,315420632.0
2017-02-07,601601.SH,601601.SH,28.503648756650854,28.643666680367737,28.28362059081004,28.403635953995938,57862.69,164369298.0
2017-02-08,601601.SH,601601.SH,28.25245123808504,28.302455576559527,27.92242260415343,28.122439958051377,78517.23,220466334.0
2017-02-09,601601.SH,601601.SH,28.121519952515605,28.171522655133877,27.89150752047156,28.001513466231756,148811.72,417934005.0
2017-02-10,601601.SH,601601.SH,28.122724730235813,28.122724730235813,27.92270535093115,28.012714071618248,151315.9,423754520.0
2017-02-13,601601.SH,601601.SH,28.0119291164218,28.201942202181176,27.941924295352557,28.051931871318512,225840.61,634386841.0
2017-02-14,601601.SH,601601.SH,28.060930348165545,28.080931011278988,27.68091774901006,27.720919075236953,133777.32,371665157.0
2017-02-15,601601.SH,601601.SH,27.801414630519215,27.84141666595881,27.601404453321233,27.751412086219716,119557.69,331676160.0
2017-02-16,601601.SH,601601.SH,27.751512452990376,27.811515723159,27.55150155242828,27.651507002709327,98228.59,271300671.0
2017-02-17,601601.SH,601601.SH,27.632564820688813,27.862586170987708,27.602562035867223,27.66256760551041,200539.09,556553678.0
2017-02-20,601601.SH,601601.SH,27.703418831152288,27.993454623969406,27.663413894212,27.983453389734333,296065.82,824044278.0
2017-02-21,601601.SH,601601.SH,27.993504773476076,28.07351479069216,27.833484739043918,27.91349475626,192992.72,539198710.0
2017-02-22,601601.SH,601601.SH,27.943472255724288,27.943472255724288,27.653436215847407,27.67343870135616,166632.77,461989892.0
2017-02-23,601601.SH,601601.SH,27.69290006228366,27.702901109615645,27.31286026366799,27.382867594991925,117425.27,322163666.0
2017-02-24,601601.SH,601601.SH,27.35273949067104,27.602764531719224,27.302734482461403,27.582762528435367,107415.47,294380909.0
2017-02-27,601601.SH,601601.SH,27.531757059573046,27.731769824263004,27.281741103710594,27.41174940075907,225248.11,620508437.0
2017-02-28,601601.SH,601601.SH,27.3604792026114,27.460480954082936,27.320478502022787,27.340478852317094,119878.22,328047795.0
2017-03-01,601601.SH,601601.SH,27.350181608588713,27.440182206203815,27.19018054616187,27.2201807453669,132754.81,362734254.0
2017-03-02,601601.SH,601601.SH,27.28010375319217,27.320103905322945,26.780101851557415,26.790101889590105,210736.68,569384615.0
2017-03-03,601601.SH,601601.SH,26.738857950571003,26.96884812740838,26.64886179441725,26.808854960912814,140057.25,375397781.0
2017-03-06,601601.SH,601601.SH,26.807839277460996,26.93782880025361,26.737844919034202,26.86783444182682,79748.12,213918471.0
2017-03-07,601601.SH,601601.SH,26.838746701093584,27.00873876291124,26.778749502805,26.988739696815042,93346.03,250879624.0
2017-03-08,601601.SH,601601.SH,26.969535709146328,27.069533987637787,26.86953743065487,26.999535192693767,67868.37,183068736.0
2017-03-09,601601.SH,601601.SH,26.939139033763645,27.219130085339508,26.709146384254897,27.129132961618694,134656.82,363395618.0
2017-03-10,601601.SH,601601.SH,27.07920104185335,27.349193075874787,26.959204582288272,27.289194846092244,136255.34,371267644.0
2017-03-13,601601.SH,601601.SH,27.30041079348853,27.94042042381207,27.30041079348853,27.810418467652603,249656.91,692683995.0
2017-03-14,601601.SH,601601.SH,27.789944692937798,28.049944175491376,27.68994489195566,27.87994451382173,136855.71,382032756.0
2017-03-15,601601.SH,601601.SH,27.749463375653548,27.999458541199978,27.599466276325693,27.899460474981403,83560.24,232709344.0
2017-03-16,601601.SH,601601.SH,27.999237360557995,28.139233547360785,27.7592438974675,27.849241446126435,98469.54,275087988.0
2017-03-17,601601.SH,601601.SH,27.930246501410707,28.05024756049303,27.490242618108855,27.59024350067746,95702.48,265300614.0
2017-03-20,601601.SH,601601.SH,27.65021066794977,27.670210820331654,27.18020708697558,27.350208382221567,86867.81,237559307.0
2017-03-21,601601.SH,601601.SH,27.351148045813652,27.571157280551457,27.3011459470096,27.361148465574455,113961.42,312425403.0
2017-03-22,601601.SH,601601.SH,27.29995209682367,27.38995193890111,26.51995346548585,26.709953132093784,141768.69,380281491.0
2017-03-23,601601.SH,601601.SH,26.74119525813632,27.08121045588375,26.53118587129232,26.651191235203175,176573.83,474106448.0
2017-03-24,601601.SH,601601.SH,26.782255630548402,27.12228426812818,26.582238784913233,27.072280056719386,163285.71,438010837.0
2017-03-27,601601.SH,601601.SH,27.06167349194689,27.21168276850979,26.881662360071413,27.03167163663431,123960.43,335519189.0
2017-03-28,601601.SH,601601.SH,27.071406995196416,27.271417390432443,26.961401277816602,27.061406475434612,109593.96,297001935.0
2017-03-29,601601.SH,601601.SH,27.07114878500577,27.19115387751411,26.581127990596727,26.631130112475198,106835.56,285610383.0
2017-03-30,601601.SH,601601.SH,26.71187806181217,27.35192306217008,26.71187806181217,27.05190196825231,158191.58,427458529.0
2017-03-31,601601.SH,601601.SH,27.14248736339895,27.512521273658997,27.0424781984638,27.422513025217366,130946.36,357763428.0
2017-04-05,601601.SH,601601.SH,27.221220619287198,27.601237659527065,27.221220619287198,27.521234072108147,149816.72,411822218.0
2017-04-06,601601.SH,601601.SH,27.581623867749705,27.651627989241454,27.251604437860024,27.36161091448992,140059.49,384518578.0
2017-04-07,601601.SH,601601.SH,27.33226638917741,27.552284633071267,27.252259755034192,27.2822622428379,187850.43,515213356.0
2017-04-10,601601.SH,601601.SH,27.28317398425107,27.37318445560674,27.133156531991624,27.29317514773503,100456.63,274122466.0
2017-04-11,601601.SH,601601.SH,27.202069902591756,27.28207599054056,26.73203413589256,27.01205544371336,143106.26,385542263.0
2017-04-12,601601.SH,601601.SH,26.962500509733978,27.202522769464544,26.752481032469728,27.152518132020674,142852.45,385924847.0
2017-04-13,601601.SH,601601.SH,27.002184426892978,27.19219979878593,26.892175527376004,27.02218604498697,80314.65,217366610.0
2017-04-14,601601.SH,601601.SH,27.00116654350097,27.07116956787301,26.411141052365206,26.741155310119108,145609.14,387762067.0
2017-04-17,601601.SH,601601.SH,26.59140484038244,26.671409067055276,26.301389518693426,26.591404840382438,110175.1,291212814.0
2017-04-18,601601.SH,601601.SH,26.59073124672904,26.59073124672904,25.48070072082196,25.660705670969055,251314.5,650327330.0
2017-04-19,601601.SH,601601.SH,25.600252477811036,25.940255831031962,25.500251491569585,25.74025385854906,236913.37,608662657.0
2017-04-20,601601.SH,601601.SH,25.800902668100115,26.200916662954377,25.620896370415696,26.110913514112166,204786.9,528815616.00000006
2017-04-21,601601.SH,601601.SH,26.05969422084616,26.679686945977576,26.039694455519342,26.669687063314168,161619.7,426228188.0
2017-04-24,601601.SH,601601.SH,26.489733275854213,27.08972723453721,26.489733275854213,27.02972783866891,152005.87,408556594.0
2017-04-25,601601.SH,601601.SH,26.880288234459872,27.600295955025764,26.820287591079385,27.270292416433062,235096.31,643451183.0
2017-04-26,601601.SH,601601.SH,27.301154020875387,28.10118783833694,27.101145566510002,27.64116839329655,369353.61,1025055880.0
2017-04-27,601601.SH,601601.SH,27.60002527088981,28.15002577447638,27.550025225109213,27.760025417387723,312316.55,867584982.0
2017-04-28,601601.SH,601601.SH,27.75892101853869,27.968912856214953,27.468932290319085,27.74892140722077,168315.5,464933344.0
2017-05-02,601601.SH,601601.SH,27.687585256133605,27.747580023752526,27.327616650420055,27.407609673911956,140146.23,386284320.0
2017-05-03,601601.SH,601601.SH,27.40745852164531,27.5774427591017,27.097487265107187,27.377461303270653,190069.32,519985825.0
2017-05-04,601601.SH,601601.SH,27.3572268340673,27.487213657474786,27.09725318725234,27.31723088840346,236082.1,644208841.0
2017-05-05,601601.SH,601601.SH,27.286359619831437,27.39634494625802,26.78642631789242,27.33635295002534,316142.71,857406248.0
2017-05-08,601601.SH,601601.SH,27.236878392640737,27.856807342840344,27.236878392640737,27.54684286774054,335936.26,930048340.0
2017-05-09,601601.SH,601601.SH,27.50747123526432,27.797444577984297,27.107508003926412,27.33748686194571,214448.04,586749286.0
2017-05-10,601601.SH,601601.SH,27.31703226618253,28.506902998128254,27.197045301616573,27.886970347870818,551801.55,1544258370.0
2017-05-11,601601.SH,601601.SH,27.647395467919086,28.15734742772519,27.56740300363578,27.987363441123154,502838.1,1404122431.0
2017-05-12,601601.SH,601601.SH,27.896643450003374,29.136494270003528,27.846649465325953,28.98651231597125,523287.91,1505048940.0
2017-05-15,601601.SH,601601.SH,28.87620035001883,29.466122725590544,28.576239820067112,28.766214822369868,252372.71,730715674.0
2017-05-16,601601.SH,601601.SH,28.675670930305756,28.98562413771143,28.565687534129548,28.68566942086723,247734.37,712332739.0
2017-05-17,601601.SH,601601.SH,28.59456585965096,28.764533558816716,27.934691262889785,28.074664662202757,317091.85,892533717.0
2017-05-18,601601.SH,601601.SH,27.944777725494816,28.16473661993521,27.654831910096124,27.82480014670915,189171.91,528074763.00000006
2017-05-19,601601.SH,601601.SH,27.775938838175666,28.09589205733392,27.595965152399152,27.835930066767837,151359.56,423026123.0
2017-05-22,601601.SH,601601.SH,27.786574036243582,28.906435962137532,27.71658266587521,28.626470480664043,306879.24,878947303.0
2017-05-23,601601.SH,601601.SH,28.647317054950392,29.367249630153335,28.477332974694143,29.047279596729805,485488.11,1410085507.0
2017-05-24,601601.SH,601601.SH,28.998128860102884,29.12812047223438,27.988194027388957,28.838139183633352,248392.08,709453382.0
2017-05-25,601601.SH,601601.SH,28.57944701959253,29.759424188351076,28.57944701959253,29.74942438183617,356644.65,1050731747.9999999
2017-05-26,601601.SH,601601.SH,29.78982159618713,30.19981914081408,29.6498224346072,29.939820697879917,312657.69,934907017.0
2017-05-31,601601.SH,601601.SH,29.99999628478505,31.069996152275714,29.849996303361124,30.349996241440873,327887.65,994959817.0
2017-06-01,601601.SH,601601.SH,30.510070539577566,30.810071233182065,29.900069129248415,30.790071186941763,337482.08,1024597511.0
2017-06-02,601601.SH,601601.SH,30.51037868115378,30.800382280548558,30.00037235118366,30.100373592354273,214670.18,655067665.0
2017-06-05,601601.SH,601601.SH,29.84902011552465,29.99901519148206,29.019047361893644,29.399034887652416,230680.71,676849358.0
2017-06-06,601601.SH,601601.SH,29.200148525704265,29.740151272412493,29.13014816964949,29.540150255113147,197087.65,580250788.0
2017-06-07,601601.SH,601601.SH,29.649731109296617,31.09971795949831,29.559731925490997,30.659721949781936,390400.35,1186313758.0
2017-06-08,601601.SH,601601.SH,30.650780349258138,31.420799953464627,30.22076940145452,31.22079486146294,306083.3,941486713.0
2017-06-09,601601.SH,601601.SH,31.451818041389036,32.62188567599715,31.301809370285433,32.091855038097755,412313.82,1325478683.0
2017-06-12,601601.SH,601601.SH,32.25327001147584,33.50339675610668,32.0532497323349,32.743319695371135,324887.45,1070406708.0000001
2017-06-13,601601.SH,601601.SH,32.6022439045373,32.88226317733701,32.01220329399506,32.802257670822804,184816.07,597628175.0
2017-06-14,601601.SH,601601.SH,32.543636349157595,32.78366316918826,31.453514541518327,31.693541361548995,249727.37,793067547.0
2017-06-15,601601.SH,601601.SH,31.56239927910805,32.06243729050077,31.24237495181671,31.522396238196634,210152.99,662792278.0
2017-06-16,601601.SH,601601.SH,31.63218065447577,32.03220823151625,31.502171691937615,31.642181343901782,191103.52,608191189.0
2017-06-19,601601.SH,601601.SH,31.653208909587665,32.58330319982199,31.64320789571418,32.1832626448825,216026.84,696014314.0
2017-06-20,601601.SH,601601.SH,32.184491866719625,32.38451978385275,31.22435786448063,31.684422073886818,242791.72,768438459.0
2017-06-21,601601.SH,601601.SH,31.785651000656674,32.45577013754906,31.36557631782861,32.23573101797245,222567.28,711738284.0
2017-06-22,601601.SH,601601.SH,32.24553083550805,33.68577787034464,32.20552397342926,33.21569724091881,364759.52,1213307741.0
2017-06-23,601601.SH,601601.SH,33.21554939360478,33.37557612961733,32.70546417256478,33.25555607760791,232535.83,768631550.0
2017-06-26,601601.SH,601601.SH,33.20458531448779,34.36474552427109,33.05456459770546,33.644646083715934,355487.93,1199771439.0
2017-06-27,601601.SH,601601.SH,33.62322085503112,33.95325246961055,32.873149003714246,33.853242889434966,187351.73,625020122.0
2017-06-28,601601.SH,601601.SH,33.51247756520032,33.642487176763325,32.902432464789335,32.932434682842334,161843.7,538242493.0
2017-06-29,601601.SH,601601.SH,33.42242832833765,33.84245884592897,32.882389091434526,33.75245230644511,161079.03,537289106.0
2017-06-30,601601.SH,601601.SH,33.42390850674014,33.99397516888382,33.3338979811385,33.873961134748306,172224.99,580416464.0
2017-07-03,601601.SH,601601.SH,33.8034796317549,33.97349713286136,32.71336741877819,33.213418892620716,262974.45,870650024.0
2017-07-04,601601.SH,601601.SH,33.103926091662956,33.15393202231501,32.15381340927383,33.07392253327171,295022.75,962086839.0
2017-07-05,601601.SH,601601.SH,32.78280485006517,34.69296828092619,32.61279030386287,34.472949456429106,351666.0,1197155625.0
2017-07-06,601601.SH,601601.SH,34.30245372447894,35.552543145924965,34.08243798630444,34.86249378528676,286498.5,999215825.0
2017-07-07,601601.SH,601601.SH,34.75258804105008,35.33263123713092,34.43256420872962,34.71258506201003,103102.79,359847682.0
2017-07-10,601601.SH,601601.SH,34.75233513266109,35.73240098676203,34.522319677106786,35.042354620099125,112238.54,395099064.0
2017-07-11,601601.SH,601601.SH,35.04391600096321,36.06402999414194,35.003911530642476,35.55397299755257,181964.48,649020271.0
2017-07-12,601601.SH,601601.SH,35.50459534296913,36.15467948305166,34.35444647974619,34.494464602225506,217429.32,766322882.0
2017-07-13,601601.SH,601601.SH,34.58291335687885,35.302974016709754,34.43290071941408,35.14296053674734,167461.27,585861659.0
2017-07-14,601601.SH,601601.SH,35.00457890743834,35.33462207999419,34.484510877956396,35.30461815521638,222635.82,777748907.0
2017-07-17,601601.SH,601601.SH,35.40469080813644,36.5048365677113,34.80461130291379,35.664725260399585,278567.27,998515735.0
2017-07-18,601601.SH,601601.SH,35.70566336916152,36.465783933883166,35.015553909085284,35.98570778774317,179146.81,642121246.0
2017-07-19,601601.SH,601601.SH,35.804283213761586,36.38435260661024,35.154205445913966,35.604259285193095,242490.57,862527151.0
2017-07-20,601601.SH,601601.SH,35.35434942279954,35.65438633444988,34.7242719083338,35.34434819241119,270460.47,949823789.0
2017-07-21,601601.SH,601601.SH,35.14300630387526,35.20301143700652,34.60296010569391,34.79297636060957,152234.73,531016883.99999994
2017-07-24,601601.SH,601601.SH,34.92207127110724,35.452102707925306,34.572050510944365,34.6120528835344,226839.39,790650253.0
2017-07-25,601601.SH,601601.SH,34.73129085536752,35.44131724486682,34.391278218142496,34.59128565180428,233007.06,813619701.0
2017-07-26,601601.SH,601601.SH,34.50299532142991,34.58300226710279,33.42290155484602,34.36298316650237,281603.84,955430641.0
2017-07-27,601601.SH,601601.SH,34.0929597248564,34.43298924396614,33.49290763230979,34.36298316650237,225723.58,766750656.0
2017-07-28,601601.SH,601601.SH,34.13459646846767,34.63466380612468,33.804552025614036,34.194604548986504,140957.17,482523225.0
2017-07-31,601601.SH,601601.SH,34.194090178874184,34.50412726443871,33.7740399339158,34.17408778625712,225653.58,771251362.0
2017-08-01,601601.SH,601601.SH,34.41378764524944,35.80394064806539,34.19376342897642,35.79393954732571,346677.64,1226243368.0
2017-08-02,601601.SH,601601.SH,36.05757412604181,36.61858305869592,35.282361782737944,36.16977591257263,248201.92,876767417.0
2017-08-03,601601.SH,601601.SH,35.90489412373433,36.41490682435556,35.20107659687704,35.21127685088946,135542.67,473398911.0
2017-08-04,601601.SH,601601.SH,35.191898279320476,35.824332393325655,34.579865265767076,34.84507957164021,152086.01,526387010.0
2017-08-07,601601.SH,601601.SH,34.89462188310706,35.96563483187239,34.680419293353985,35.486229035758384,155474.72,542991945.0
2017-08-08,601601.SH,601601.SH,35.46447069740152,35.780662411988644,34.77088887185556,35.37267310284396,137099.48,473528961.0
2017-08-09,601601.SH,601601.SH,35.12884461393061,35.62864524868166,34.782044173491116,35.047244510297794,97451.29,336746450.0
2017-08-10,601601.SH,601601.SH,35.04671037878709,35.22010795633057,33.92472605350578,34.801913798725714,204863.55,696200924.0
2017-08-11,601601.SH,601601.SH,34.34326778288329,34.85326581945714,33.710870217531706,34.669666526290555,222808.09,750872311.0
2017-08-14,601601.SH,601601.SH,34.466465399990184,35.2416803660746,34.20126028001393,34.71127012612211,127413.96,434133964.0
2017-08-15,601601.SH,601601.SH,34.73260645771561,36.028066375521746,34.73260645771561,35.08962297049683,151259.74,525219823.0
2017-08-16,601601.SH,601601.SH,34.78352766507441,35.07934065694748,34.43671243322323,34.977336176991244,85910.37,292493304.0
2017-08-17,601601.SH,601601.SH,35.09846586248049,35.18006648058565,34.221259217850054,34.3232599904815,113618.68,383847074.0
2017-08-18,601601.SH,601601.SH,34.32432242551379,34.875143647201085,34.04891181467015,34.43652674845009,151143.65,511200439.0
2017-08-21,601601.SH,601601.SH,34.485822283216585,34.679620160584555,34.230825076153465,34.302224294131136,93857.85,316942777.0
2017-08-22,601601.SH,601601.SH,34.343956535634725,35.58837670116708,34.27255537859598,35.567976370584574,252794.05,866972228.0
2017-08-23,601601.SH,601601.SH,35.62005631411764,36.140280504272276,35.46704919936628,35.824065800452786,165469.24,579739248.0
2017-08-24,601601.SH,601601.SH,35.907426422563425,36.723504295803494,35.805416688408414,36.193053678197444,172074.46,613534104.0
2017-08-25,601601.SH,601601.SH,36.214841487990284,37.96947606149291,35.93940466540556,37.95927469769348,238195.35,872964690.0
2017-08-28,601601.SH,601601.SH,38.64161445328754,39.988154344479184,38.64161445328754,39.09046108368475,362603.84,1401319012.0
2017-08-29,601601.SH,601601.SH,38.94878944072836,39.642481866597805,38.45912419893817,39.203823420827426,151736.0,581603618.0
2017-08-30,601601.SH,601601.SH,39.30515762738136,40.75372559600014,38.8155008492567,39.07053042119662,250972.66,972372727.0
2017-08-31,601601.SH,601601.SH,39.335318622971094,40.25341475265662,38.94767803488165,38.98848230731211,204446.19,789650498.0
2017-09-01,601601.SH,601601.SH,39.27228503398714,39.98632658005963,38.3440310240929,39.02747078961942,204659.94,785706857.0
2017-09-04,601601.SH,601601.SH,38.86551914934961,38.8859209966721,38.08004802743362,38.641098828802185,200788.38,755750157.0
2017-09-05,601601.SH,601601.SH,38.8237323521998,40.65985211662333,38.466709064673,40.44563814410725,274140.11,1066366490.0
2017-09-06,601601.SH,601601.SH,39.87557124495542,40.25300694105758,39.54914037265085,39.62054712596747,193069.24,754417025.0
2017-09-07,601601.SH,601601.SH,39.680239079753264,40.037259225715054,39.24161432900021,39.46602699217619,155270.88,602421722.0
2017-09-08,601601.SH,601601.SH,39.770566301087435,39.770566301087435,38.985151167672775,39.0871531330513,106975.49,411499189.0
2017-09-11,601601.SH,601601.SH,39.37217990655976,39.37217990655976,37.729972402685114,37.75037249590095,251999.12,949847965.0
2017-09-12,601601.SH,601601.SH,38.00606412365002,38.873083836615734,37.43485113628438,38.85268337278125,243871.59,912645111.0
2017-09-13,601601.SH,601601.SH,38.56564790380795,38.94304250112106,38.116854328624775,38.677846297603736,132694.89,501194645.0
2017-09-14,601601.SH,601601.SH,38.63773469450716,38.96413583236994,37.30153003638138,37.587131032011314,204699.16,760208316.0
2017-09-15,601601.SH,601601.SH,37.51409144882922,37.69768406603393,36.8307189292339,37.463093499605684,164778.3,602472331.0
2017-09-18,601601.SH,601601.SH,37.4937396903618,38.044518238588005,37.07555597781968,37.09595518330954,223446.82,821676002.0
2017-09-19,601601.SH,601601.SH,37.308340919840624,38.022278553626535,37.02276586632626,37.35933646511105,157898.69,578293852.0
2017-09-20,601601.SH,601601.SH,37.24680548934479,37.31819859953795,36.64506356057388,36.67566060779952,186889.07,677674554.0
2017-09-21,601601.SH,601601.SH,36.78739306275982,37.81748086407358,36.51202305646802,37.46051974480643,235854.94,863971139.0
2017-09-22,601601.SH,601601.SH,37.316044887155236,38.24410175644496,37.316044887155236,37.84636309817794,175079.12,649974190.0
2017-09-25,601601.SH,601601.SH,37.73349323726228,38.81450682730277,37.71309675443133,38.64113672323967,204443.43,770908196.0
2017-09-26,601601.SH,601601.SH,38.39662151854843,38.77395883493258,38.049879119708955,38.41701813024488,153664.3,579162558.0
2017-09-27,601601.SH,601601.SH,38.25402500884223,38.356008546589074,37.25458633892313,37.32597481534592,165898.58,612426298.0
2017-09-28,601601.SH,601601.SH,37.38696124872713,37.49914252906974,36.91783953093078,37.43795273979196,166557.31,606827439.0
2017-09-29,601601.SH,601601.SH,37.2138521756799,38.07051525673145,37.122066845567225,37.66258045623071,187612.82,693467728.0
2017-10-09,601601.SH,601601.SH,38.650637924099335,38.691430154098384,37.30449433413071,37.406474909128335,231363.18,860128748.0
2017-10-10,601601.SH,601601.SH,37.49764461463714,37.99734126574326,36.16172091474117,36.69201123836399,384139.07,1382562503.0
2017-10-11,601601.SH,601601.SH,36.660224496003366,37.67998039297147,36.476668434549104,37.414843859759756,255102.92,930423554.0
2017-10-12,601601.SH,601601.SH,37.27249715795328,38.32285754297905,37.17052042154302,38.088311049235436,151533.45,562439044.0
2017-10-13,601601.SH,601601.SH,38.242141061550605,38.49708866862761,37.84442279451048,37.87501650735972,124657.9,466302104.0
2017-10-16,601601.SH,601601.SH,37.73213823663581,39.50656852127761,37.477191356658544,39.333204642893065,266777.32,1017910568.0
2017-10-17,601601.SH,601601.SH,39.242718986255994,39.74243136419949,38.81439409087587,39.51807070471466,162940.11,629854433.0
2017-10-18,601601.SH,601601.SH,39.44817854751986,40.58022296809243,39.06063180894546,40.35585380365462,206741.33,809175280.0
2017-10-19,601601.SH,601601.SH,40.28498572747146,40.72353114171988,40.0708123856292,40.68273621946422,163958.21,650323394.0
2017-10-20,601601.SH,601601.SH,40.37758744591809,40.37758744591809,39.480081081876456,39.65346299311177,106932.12,417556602.0
2017-10-23,601601.SH,601601.SH,39.97974741457945,40.448897511791344,39.63298429924891,40.01034416004978,110724.92,434753369.0
2017-10-24,601601.SH,601601.SH,39.78549735336915,40.92776233762379,39.5713226688214,40.3464310509942,147584.87,586388503.0
2017-10-25,601601.SH,601601.SH,40.28624211286894,40.714602155588054,39.95987255651152,40.43922784241148,89771.77,355226540.0
2017-10-26,601601.SH,601601.SH,40.23530144277263,41.81615612556851,40.17410706795473,41.35719831443422,200816.59,811674924.0
2017-10-27,601601.SH,601601.SH,41.509329453609645,42.63120322262611,41.254358142469535,42.3456353541492,173385.65,716613575.0
2017-10-30,601601.SH,601601.SH,42.61056237476476,43.73242974221908,42.22300819328054,42.896128613753135,205887.64,869588535.0
2017-10-31,601601.SH,601601.SH,42.528202562508525,43.84382321731994,42.20184705123748,43.62965241304831,165568.27,700713121.0
2017-11-01,601601.SH,601601.SH,43.64939397111745,45.02618560338401,43.35363873159353,43.996141493317914,250766.73,1085104030.0
2017-11-02,601601.SH,601601.SH,43.75157920297388,44.05753430229538,42.37478125602715,44.02693879236323,188706.55,803916542.0
2017-11-03,601601.SH,601601.SH,43.65113669701891,44.31406283844561,43.243182148448646,44.242670792445814,151946.75,652161858.0
2017-11-06,601601.SH,601601.SH,43.93829125353839,43.98928741330341,42.337011836916865,43.16314962511014,222674.0,934809845.0
2017-11-07,601601.SH,601601.SH,43.194902054246114,44.97981536227282,42.98071245728291,44.5616356729637,260404.07,1132104776.0
2017-11-08,601601.SH,601601.SH,44.30459734643226,44.8757431685778,42.631956010148905,43.23369892990938,296887.46,1269684440.0
2017-11-09,601601.SH,601601.SH,43.048791725255306,43.47713791157625,42.63064425765628,43.35475328691312,190433.11,801363902.0
2017-11-10,601601.SH,601601.SH,43.334548077978674,46.04741929208607,42.967392575317525,45.29271075883814,407945.75,1789461832.0
2017-11-13,601601.SH,601601.SH,45.487764268191064,46.66065505089106,44.59024784316846,45.12059845795455,254375.14,1137271640.0
2017-11-14,601601.SH,601601.SH,45.417083492328125,45.99843847976641,44.009592470109105,44.72353719152455,303048.63,1334828784.0
2017-11-15,601601.SH,601601.SH,44.3571281067409,45.489259911718655,43.928753910262834,44.49991950556693,220503.1,960892459.0
2017-11-16,601601.SH,601601.SH,44.26551719400722,47.55993241374554,44.17372234268324,46.97856502202701,313901.41,1423520334.0
2017-11-17,601601.SH,601601.SH,47.000135406301894,48.75448073830795,46.71454430574276,48.693282645330996,391396.54,1833316022.0
2017-11-20,601601.SH,601601.SH,48.07246829653752,50.10226273553835,47.74606919076854,48.6640666757438,317861.99,1513738146.0
2017-11-21,601601.SH,601601.SH,48.447544184776554,49.97746663271687,47.91717106949058,48.71273074241954,319254.1,1531707859.0
2017-11-22,601601.SH,601601.SH,49.210643542677914,49.669602912506,46.722063848498976,47.44619974311662,288025.71,1356541952.0
2017-11-23,601601.SH,601601.SH,47.58945550231441,48.26260253685208,45.366030448841514,46.008579890900194,334552.69,1530636106.0
2017-11-24,601601.SH,601601.SH,45.60876225757834,46.37366770688924,44.62968328246038,45.79233956541296,368008.69,1641325251.0
2017-11-27,601601.SH,601601.SH,45.53695489144567,45.842914274814845,44.09894578961054,45.75112645980409,315217.06,1391592407.0
2017-11-28,601601.SH,601601.SH,45.44352614411498,45.89225036995454,44.566474248155856,44.96420708469546,167116.36,738341067.0
2017-11-29,601601.SH,601601.SH,45.1687290614133,45.63785562199696,43.088254749259704,43.62877013428,240979.6,1039461372.0
2017-11-30,601601.SH,601601.SH,43.4660601167495,43.49665565413812,41.52834274880431,42.568591020017,312306.88,1296122728.0
2017-12-01,601601.SH,601601.SH,42.34348381005917,42.771813848600225,41.497022067228016,41.67039374949464,271945.74,1120336323.0
2017-12-04,601601.SH,601601.SH,41.6618751668817,43.97699038423351,41.559887712372806,43.30387318447483,334652.99,1408968740.0
2017-12-05,601601.SH,601601.SH,42.93710009541788,44.874878959581636,42.84531057027328,44.507720859003236,336408.12,1449862284.0
2017-12-06,601601.SH,601601.SH,44.2953502363705,44.325947991541845,42.32689465368124,43.55080486053467,244790.7,1043517497.0
2017-12-07,601601.SH,601601.SH,43.24270101921253,43.599657277625845,42.23302474541488,42.93673851200113,161801.84,676803981.0
2017-12-08,601601.SH,601601.SH,42.92748990651317,44.11057112037763,42.121770803967536,43.774004912985156,231602.47,979607935.0
2017-12-11,601601.SH,601601.SH,43.57142344703963,44.77494122951872,43.17365062062704,44.75454262303602,257016.09,1112908724.0
2017-12-12,601601.SH,601601.SH,44.46788371236922,44.620869550829205,42.75444232161738,42.897229104180035,275794.29,1176007406.0
2017-12-13,601601.SH,601601.SH,42.85787056618556,43.39843866233211,41.633942801325425,43.05165912895508,233816.25,975049786.0
2017-12-14,601601.SH,601601.SH,42.83877766518734,42.96117417280215,42.17579658227372,42.491987560278666,151000.82,629015946.0
2017-12-15,601601.SH,601601.SH,42.21661982668038,42.787803859126406,42.12482239289441,42.33901640506166,155137.04,646315743.0
2017-12-18,601601.SH,601601.SH,42.33747476255451,42.827043249329414,41.41953384985157,42.2966773886566,221090.19,912612157.0
2017-12-19,601601.SH,601601.SH,42.22626453604617,44.551768959770456,42.12426872798809,44.05198950028585,329254.5,1413144415.0
2017-12-20,601601.SH,601601.SH,44.04048625015933,44.754435772510234,43.66311293120244,44.44845740578842,157443.54,684107085.0
2017-12-21,601601.SH,601601.SH,44.20356041849132,45.90683558920845,43.601804519854724,44.96850435743614,234859.39,1029920909.0
2017-12-22,601601.SH,601601.SH,44.87504201474246,45.33399130807506,44.36509835548403,44.75265553652044,133054.29,583627936.0
2017-12-25,601601.SH,601601.SH,44.56819207749408,45.75123790838408,43.609517007634935,44.02766251682882,237010.73,1034869262.0
2017-12-26,601601.SH,601601.SH,44.058762138811964,44.864466353850425,43.44683488688402,44.7012857533363,212011.5,918765233.0
2017-12-27,601601.SH,601601.SH,44.273864879113944,44.36565589130285,42.79500968273719,43.100979723366855,261746.23,1114387305.0
2017-12-28,601601.SH,601601.SH,42.989386592696945,43.37695401630845,41.90827746367539,43.26476344631565,241113.85,1009678536.0
2017-12-29,601601.SH,601601.SH,43.12081775532073,43.32479513353889,42.01933991294262,42.243715028982606,176106.2,733769982.0
2018-01-02,601601.SH,601601.SH,42.40563818233779,43.49688476374956,41.967099836536796,42.7421908663246,305573.39,1282868566.0
2018-01-03,601601.SH,601601.SH,42.855515488659904,43.3960538801161,41.23390031429128,41.468473578508124,416359.15,1723716374.0
2018-01-04,601601.SH,601601.SH,41.54168659601355,41.786469428889646,40.30757314692992,40.572754549212355,574725.6,2300686906.0
2018-01-05,601601.SH,601601.SH,40.880212254991655,41.05360636884766,40.22743441459259,40.309031644642474,313472.54,1246952699.0
2018-01-08,601601.SH,601601.SH,40.43971176139003,40.572300980279834,38.93023450018304,39.62377810668355,524887.53,2031631451.0
2018-01-09,601601.SH,601601.SH,39.77838514224495,40.27816485300649,39.45199839235986,39.706988040707586,414088.97,1619053867.0
2018-01-10,601601.SH,601601.SH,39.47162625279361,39.92039926445328,39.06365078764845,39.512423799308124,357736.83,1381592664.0
2018-01-11,601601.SH,601601.SH,39.37948146174901,40.18522583768223,39.22649202328068,39.89964555254134,328072.3,1281803809.0
2018-01-12,601601.SH,601601.SH,39.98177908171047,41.246508828172736,39.818588146683076,41.14451449378062,422731.47,1682590197.0
2018-01-15,601601.SH,601601.SH,41.307493295008626,43.3881670313498,41.307493295008626,43.296372601805345,699731.65,2927674883.0
2018-01-16,601601.SH,601601.SH,43.18619087011722,43.29838928758801,42.13560568834536,42.482400796891405,453278.79,1898896226.0
2018-01-17,601601.SH,601601.SH,42.35920183458042,43.552562444897276,41.91041664779459,42.35920183458042,397299.94,1665215929.0
2018-01-18,601601.SH,601601.SH,42.87020812236337,43.727000290404895,41.717618658212274,42.05421558137144,449052.49,1880041891.0
2018-01-19,601601.SH,601601.SH,42.340165802493374,42.625765571818796,41.58536641213334,41.86076618969713,322608.75,1330720882.0
2018-01-22,601601.SH,601601.SH,41.98322315533418,42.84002362789202,41.72822301469196,42.024023177836945,364320.96,1506435739.0
2018-01-23,601601.SH,601601.SH,42.686273368819094,43.0942664237182,41.707090037061235,41.78868864804106,491722.16,2040923571.0
2018-01-24,601601.SH,601601.SH,42.12483698561698,42.52262600315671,40.26848823709827,40.56428007065345,456419.87,1840926503.0
2018-01-25,601601.SH,601601.SH,40.49186378773498,40.49186378773498,39.165933739270095,40.0328880017279,462369.25,1796703190.0
2018-01-26,601601.SH,601601.SH,39.932820839229095,41.22821502737268,39.65742207482062,40.67741749855572,412374.68,1632868756.0
2018-01-29,601601.SH,601601.SH,40.71856899209588,41.157170812401525,39.15796251519441,39.208962726857855,375139.49,1469338050.0
2018-01-30,601601.SH,601601.SH,38.933675615227166,39.58648023649374,38.7908746043251,39.0050761206782,192164.06,738414712.0
2018-01-31,601601.SH,601601.SH,38.75898793488267,40.37054585428042,38.67739006554608,40.31954718594505,318854.83,1244766079.0
2018-02-01,601601.SH,601601.SH,40.18688741705702,41.05386341463313,39.65650210089282,40.83966934464374,363310.04,1438485526.0
2018-02-02,601601.SH,601601.SH,40.494095301473095,42.421899838495364,40.392095061419006,42.10569909432769,360695.0,1468572461.0
2018-02-05,601601.SH,601601.SH,41.331986588044394,44.249298573281486,41.331986588044394,43.933086435021515,515481.93,2182834233.0
2018-02-06,601601.SH,601601.SH,42.84198747156411,44.19865040816364,42.55637422175368,43.70902769420291,615120.99,2611785458.0
2018-02-07,601601.SH,601601.SH,44.0675773487438,45.10806181392246,42.12942001164626,43.39432269480465,492611.97,2112477628.0
2018-02-08,601601.SH,601601.SH,42.924971060927874,43.25139669637219,40.435975590664945,41.649870922473504,377501.16,1541856114.0
2018-02-09,601601.SH,601601.SH,40.25329819997631,40.57973143423866,37.48881674731701,38.08047698441752,594316.24,2226987642.0
2018-02-12,601601.SH,601601.SH,38.15137335631477,38.26358327795099,36.56003264947384,37.63112735600139,310928.92,1146458645.0
2018-02-13,601601.SH,601601.SH,38.25246492889575,39.97637601502465,38.25246492889575,39.38473789079106,303956.27,1170248929.0
2018-02-14,601601.SH,601601.SH,39.425305687560716,40.241353412012174,38.87447347355599,39.73132358423002,137961.8,535739784.0
2018-02-22,601601.SH,601601.SH,40.191708948357764,41.47702755939662,40.191708948357764,41.34441532174976,152013.12,609932268.0
2018-02-23,601601.SH,601601.SH,41.71194693543514,42.82385747981333,41.06928304281288,42.303605757214356,161398.78,668851212.0
2018-02-26,601601.SH,601601.SH,42.53912667875187,43.447036097075355,41.89644922533188,43.36542626172043,215179.75,904175770.0
2018-02-27,601601.SH,601601.SH,43.45732361718128,43.559336113935224,42.21277115678313,42.6412236431497,173305.82,723353791.0
2018-02-28,601601.SH,601601.SH,41.82706707981072,42.133118790150796,40.78649126465445,40.837499883044465,169353.86,684442901.0
2018-03-01,601601.SH,601601.SH,40.560146382096626,41.70268571680358,40.386725233078614,40.98859863261173,171648.32,693166635.0
2018-03-02,601601.SH,601601.SH,40.29310957020928,40.65013712336303,39.42604265540731,39.68106233623141,217806.66,850620174.0
2018-03-05,601601.SH,601601.SH,39.78367174652679,40.24271411283287,38.99819925306972,39.804073629473734,169108.88,656381392.0
2018-03-06,601601.SH,601601.SH,40.140309154635204,41.23179913673075,39.436451128797884,41.201196613868255,182538.29,723746032.0
2018-03-07,601601.SH,601601.SH,41.12046044550359,41.61011117767529,39.916735728914794,40.23296849344236,182001.92,727205204.0
2018-03-08,601601.SH,601601.SH,40.101395541324045,41.27454753502852,40.091194219639654,40.876695989337435,154083.64,616570047.0
2018-03-09,601601.SH,601601.SH,40.93829511063287,41.570783098885855,40.62205111650638,41.1015178172788,116193.99,468167246.0
2018-03-12,601601.SH,601601.SH,41.621698626774275,41.815525164497004,40.58115616110492,40.80558688899439,181961.18,733639026.0
2018-03-13,601601.SH,601601.SH,40.7239757152164,41.05042041032836,39.37739134787959,39.60182207576905,181991.82,713699529.0
2018-03-14,601601.SH,601601.SH,39.284734207984386,39.98861544931156,39.27453303057385,39.7641895462797,131566.12,511565143.0
2018-03-15,601601.SH,601601.SH,39.449845138044715,41.11271681053017,39.449845138044715,41.09231347712545,228271.93,910352515.0
2018-03-16,601601.SH,601601.SH,41.36708051776881,42.61166345813079,41.2038565255902,41.58131200750325,244668.85,1008177261.0
2018-03-19,601601.SH,601601.SH,41.550573091837954,42.94817400359386,41.46896135976461,42.88696520453885,189743.95,787487485.0
2018-03-20,601601.SH,601601.SH,42.34795449615085,42.888653505617484,42.092907793572245,42.500982517698006,135062.07,562163617.0
2018-03-21,601601.SH,601601.SH,43.33685972672892,43.67351612291114,40.613003430345536,41.204702550908216,222034.83,913119894.0
2018-03-22,601601.SH,601601.SH,40.8181030317642,41.29759586917808,39.44083637110732,40.25699439223733,266332.58,1044258602.0
2018-03-23,601601.SH,601601.SH,38.552040952889136,40.08228867528484,38.4602260895454,40.05168372083693,330281.37,1273560510.0
2018-03-26,601601.SH,601601.SH,39.67282019835146,39.67282019835146,36.95927682659484,37.63256202409837,404768.77,1504041363.0
2018-03-27,601601.SH,601601.SH,38.256040068147314,38.34785456431087,36.2769275952885,36.868621015009175,506976.29,1835633209.0
2018-03-28,601601.SH,601601.SH,36.23495645769315,36.84703342488391,34.83738071594091,35.10261406839023,434162.88,1522546144.0
2018-03-29,601601.SH,601601.SH,35.102751843155346,35.99026692898927,33.95000236385383,35.86785105508114,465536.52,1597825775.0
2018-03-30,601601.SH,601601.SH,35.540780229368146,35.693797365832125,34.35744770737999,34.6124762681533,447483.41,1526335743.0
2018-04-02,601601.SH,601601.SH,34.42736622178343,35.172017402284226,34.039739579878905,34.141746590906415,389320.56,1320142260.0
2018-04-03,601601.SH,601601.SH,33.72230936881846,34.20172514024449,33.497901986448824,33.84471339556553,350007.42,1158811210.0
2018-04-04,601601.SH,601601.SH,34.12012245574644,34.24252648249351,33.62030601319589,33.84471339556553,313344.7,1043520874.0
2018-04-09,601601.SH,601601.SH,33.967446751739566,34.57947281933848,33.773638496999915,34.50806977811861,279394.8,939604928.0
2018-04-10,601601.SH,601601.SH,34.4257050439558,35.221321338305,34.242101283721375,35.149919875991614,379915.24,1293094014.0
2018-04-11,601601.SH,601601.SH,35.1493614193207,35.35336235617107,34.802559826675044,34.92496038878527,252871.53,868651580.0
2018-04-12,601601.SH,601601.SH,34.98704920725422,35.02785043081954,34.04862106525208,34.0588213711434,259017.84,874783277.0
2018-04-13,601601.SH,601601.SH,34.425304822753,34.49670545497797,33.52769687478196,33.63989786827834,234247.93,777058226.0
2018-04-16,601601.SH,601601.SH,33.58910316797494,33.925708210350635,32.895492777625016,33.30349888959556,285848.11,936706945.0
2018-04-17,601601.SH,601601.SH,33.588722303648865,33.75192289789678,32.70131907242583,32.83391955525226,238098.36,776582556.0
2018-04-18,601601.SH,601601.SH,33.0795117293365,33.25291650867623,32.487895423353926,32.62049907814312,303058.79,974863788.0
2018-04-19,601601.SH,601601.SH,32.82600822233541,33.12182992477411,32.499584274816854,32.82600822233542,350469.41,1127362590.0
2018-04-20,601601.SH,601601.SH,32.69292440266726,32.825532208356705,31.377046946210452,31.79527156415409,352953.35,1105108217.0
2018-04-23,601601.SH,601601.SH,31.61180681015204,32.285049549574445,31.397593211244914,32.23404631173942,220425.42,690632658.0
2018-04-24,601601.SH,601601.SH,32.24463791713558,33.78495437568903,32.24463791713558,33.65234434945595,430678.07,1412213471.0
2018-04-25,601601.SH,601601.SH,33.42929983776155,33.561915308585746,33.07225818554255,33.19467246630335,180300.12,588053913.0
2018-04-26,601601.SH,601601.SH,33.39893851607786,33.460146100407876,31.940157756212518,32.34820831841262,236472.26,751225182.0
2018-04-27,601601.SH,601601.SH,32.459410402894555,32.67363027041837,31.06188079095346,32.23498958929817,342433.68,1071383886.0
2018-05-02,601601.SH,601601.SH,32.387678986867044,33.071135519818256,32.33667476799009,32.5508924872733,189036.02,605405342.0
2018-05-03,601601.SH,601601.SH,32.439562715634004,33.765708361241686,32.35795375282738,33.67389827808422,270329.66,879959474.0
2018-05-04,601601.SH,601601.SH,33.612888187651144,34.163751909087615,33.2558468867201,33.306852786853106,223807.02,740648688.0
2018-05-07,601601.SH,601601.SH,33.31774213264473,34.858152133266096,33.31774213264473,34.572513192753526,348860.84,1175133157.0
2018-05-08,601601.SH,601601.SH,34.50164485955656,37.27646668149606,34.50164485955656,36.47054416703569,521416.13,1850829910.0
2018-05-09,601601.SH,601601.SH,36.48089814436578,36.87876028855769,35.930012098561605,36.62372045253724,219357.92,783498505.0
2018-05-10,601601.SH,601601.SH,36.747192091173034,37.20627694517158,36.135078952508294,36.685980777306554,214227.61,768192846.0
2018-05-11,601601.SH,601601.SH,36.7479201702691,36.86014313580851,35.880742709282735,36.04397611370369,204156.7,727119134.0
2018-05-14,601601.SH,601601.SH,36.39170631245881,37.28951123410062,36.2386713826335,36.90182274520984,241618.09,873304660.0
2018-05-15,601601.SH,601601.SH,36.981910173538346,37.134938767359884,36.06373861060912,36.665651079640504,143892.63,515215048.0
2018-05-16,601601.SH,601601.SH,36.33069244411929,36.41231152290417,35.07579910780178,35.18802534113099,294177.14,1026653712.0
2018-05-17,601601.SH,601601.SH,35.46198292313973,35.47218487449852,34.58461510628414,34.83966389025379,249840.04,854189979.0
2018-05-18,601601.SH,601601.SH,34.83804262868959,35.735772570512346,34.35857322794335,35.6235563277845,263069.41,904338881.0
2018-05-21,601601.SH,601601.SH,35.65431935611033,36.1745969776158,35.04222803669212,35.776737619993966,281558.45,983831183.0
2018-05-22,601601.SH,601601.SH,35.70441408117519,35.70441408117519,34.69448922573623,35.071935888880084,179779.01,617900897.0
2018-05-23,601601.SH,601601.SH,34.89770708756024,34.958913238546906,34.03061994858257,34.04082097374701,211011.88,709647319.0
2018-05-24,601601.SH,601601.SH,34.07136780889453,34.31619200871892,33.76533755911404,33.989759742286395,142979.54,477118487.0
2018-05-25,601601.SH,601601.SH,34.020395518516196,34.35702911735009,33.36753035714137,33.9081843189049,157634.85,523430856.0
2018-05-28,601601.SH,601601.SH,33.85675335170421,34.305592504302886,33.46911953809627,34.060771148339974,178947.64,595579821.0
2018-05-29,601601.SH,601601.SH,33.866850598291705,34.0300643361148,32.84676473689738,33.999461760272965,299291.48,982723723.0
2018-05-30,601601.SH,601601.SH,33.458919745278216,33.55072775677441,32.948875236966046,32.979477907464776,197764.89,644846420.0
2018-05-31,601601.SH,601601.SH,33.26590571392223,34.02078980555984,32.97007275909128,33.939180714572,259213.75,853744242.0
2018-06-01,601601.SH,601601.SH,33.745746883877025,34.31701708505511,33.46011178328798,33.73554563028456,159397.86,528433718.0
2018-06-04,601601.SH,601601.SH,34.07207587230873,35.173807666982185,33.82724658460352,35.03099058248749,263140.94,895820878.0
2018-06-05,601601.SH,601601.SH,35.00974886080945,35.7850230197318,34.5813078782471,35.234170327865925,292270.3,1008331680.0
2018-06-06,601601.SH,601601.SH,35.19191191606202,35.52853020395479,34.70228531549073,34.99810138666922,182951.35,629595606.0
2018-06-07,601601.SH,601601.SH,35.15068621653179,36.25233279557573,35.14048578524435,35.2220892355439,310112.86,1085441233.0
2018-06-08,601601.SH,601601.SH,34.989140750094094,35.09114990679991,33.856839110659564,34.09146017108294,235327.21,789323778.0
2018-06-11,601601.SH,601601.SH,33.836725893128786,34.448786053993345,33.622504836826195,34.20396198964752,171668.0,573561218.0
2018-06-12,601601.SH,601601.SH,34.15384463925372,35.78604748939727,33.82740406922501,35.52081452624895,302662.27,1037981528.0
2018-06-13,601601.SH,601601.SH,35.192750220364,35.96801080492853,35.192750220364,35.6415852956382,193241.81,675188271.0
2018-06-14,601601.SH,601601.SH,35.480042459389374,37.275467264694875,35.480042459389374,36.71439701303691,381244.09,1373473292.0
2018-06-15,601601.SH,601601.SH,36.7155734178997,37.11343598063882,36.317710855160584,36.868597480491665,228065.56,822913696.0
2018-06-19,601601.SH,601601.SH,36.57151308155867,37.18358861430442,35.837022442263766,37.07137476663437,586069.21,2107464350.0
2018-06-20,601601.SH,601601.SH,36.50088656271424,36.694714635573824,35.21550039532968,35.888797911578735,253070.52,889074143.0
2018-06-21,601601.SH,601601.SH,35.60374013052515,35.970999341040596,34.49176085424228,34.60397894634422,232461.53,803321438.0
2018-06-22,601601.SH,601601.SH,34.22593961473012,35.18487801228144,33.930096917613234,34.76661764739203,176232.07,595173152.0
2018-06-25,601601.SH,601601.SH,34.58292378993797,34.848161553518615,33.389353853825064,33.52197273561539,194341.41,646402594.0
2018-06-26,601601.SH,601601.SH,32.94964209116072,33.398491704786444,32.31717218105175,33.12306126006157,201181.69,648758555.0
2018-06-27,601601.SH,601601.SH,32.99038731853144,33.41883390708379,31.745851989879352,32.357918544954146,250021.77,793983116.0
2018-06-28,601601.SH,601601.SH,31.88989210997938,32.28775064877951,31.298205052276625,31.665459088092128,270360.23,842227463.0
2018-06-29,601601.SH,601601.SH,31.828827007632324,32.644950777058796,31.808423913396663,32.49192757029133,177408.6,561415140.0
2018-07-02,601601.SH,601601.SH,32.3901242601093,32.3901242601093,30.26818856054939,30.370204699951305,284115.13,870048229.0
2018-07-03,601601.SH,601601.SH,30.502428170945503,30.788069638767066,29.686309691455325,30.686054828830795,308228.9,916242947.0
2018-07-04,601601.SH,601601.SH,30.298658832617555,30.910752950448217,30.278255695356535,30.400674518922667,194748.11,584831845.0
2018-07-05,601601.SH,601601.SH,30.604685657016596,31.369802798442013,30.461863790617187,30.8597247041584,256355.69,778531175.0
2018-07-06,601601.SH,601601.SH,31.052314618153687,32.4498727990627,30.7156765161829,31.93981506880394,296101.57,920156072.0
2018-07-09,601601.SH,601601.SH,31.94125348271814,33.46129397103657,31.931051868702582,33.38988267292765,228906.36,741040753.0
2018-07-10,601601.SH,601601.SH,33.327917238931285,33.3891255350542,32.75663980845067,33.24630617743406,120300.45,389731947.0
2018-07-11,601601.SH,601601.SH,32.54117545967143,32.877808309254235,32.38816052804288,32.70439138674188,125282.77,400813658.0
2018-07-12,601601.SH,601601.SH,32.84565945625117,34.28393212188204,32.743654302660325,34.02891923790493,177663.94,588930105.0
2018-07-13,601601.SH,601601.SH,34.21224669099606,34.2530484163282,33.50841692901672,33.6818242616783,103300.86,342098521.0
2018-07-16,601601.SH,601601.SH,33.69119632123417,33.76259758500912,32.13056869872469,32.69157862838496,248277.55,791737026.0
2018-07-17,601601.SH,601601.SH,32.52952990741135,33.029356487989325,32.39692285542128,32.917150520920806,139132.1,446224774.0
2018-07-18,601601.SH,601601.SH,33.078839854025006,33.73164458749944,32.436235194511106,32.44643526847164,184343.77,597631855.0
2018-07-19,601601.SH,601601.SH,32.742977111765576,33.67120481181874,32.7225765029732,33.140788983216936,191145.55,623313097.0
2018-07-20,601601.SH,601601.SH,33.14080021129684,35.5582731722317,32.793989744327284,34.83405131473644,290167.97,976745322.0
2018-07-23,601601.SH,601601.SH,35.24205865311334,36.21108776224381,34.854447009461154,35.762274280120224,281517.59,981930716.0
2018-07-24,601601.SH,601601.SH,35.680687129426886,37.00672753160685,34.65045574004092,35.10946972541091,413219.18,1445674625.0
2018-07-25,601601.SH,601601.SH,35.04825580587668,35.67047454981104,34.813648738491594,35.2318613368737,167367.18,577995409.0
2018-07-26,601601.SH,601601.SH,35.2318445046915,35.3338475287352,33.895604889719124,34.16081275223274,236227.65,795528456.0
2018-07-27,601601.SH,601601.SH,34.21183084811478,34.558641297976415,34.028225315835094,34.42603730244108,142496.53,479323174.0
2018-07-30,601601.SH,601601.SH,34.27303269220801,34.997254513977886,33.803818554159925,34.42603730244108,155897.04,523505355.0
2018-07-31,601601.SH,601601.SH,34.171022131640065,35.150251422576616,33.865012978222396,34.915644404956396,171173.94,581145281.0
2018-08-01,601601.SH,601601.SH,34.96664549831844,35.70106745744298,33.77320981474106,33.83441164466811,161380.61,550682917.0
2018-08-02,601601.SH,601601.SH,33.752793884716795,33.752793884716795,32.13094612779024,32.518557541395325,205323.53,658388654.0
2018-08-03,601601.SH,601601.SH,32.44715450340235,33.14077490775047,32.416553603210524,32.54915750404178,139928.84,450101252.0
2018-08-06,601601.SH,601601.SH,33.07958194362091,33.66099920257447,32.64096892370858,32.916377099002375,183086.67,594273292.0
2018-08-07,601601.SH,601601.SH,32.926568711463084,34.120003822752174,32.89596781117362,34.04860172207676,180022.17,590926239.0
2018-08-08,601601.SH,601601.SH,34.257629374918565,34.39348940599664,33.452919960071476,33.77689388033459,160422.02,521782150.0
2018-08-09,601601.SH,601601.SH,33.567887005784314,35.63714031436006,33.54698545721285,35.4176740543596,201385.49,675929206.0
2018-08-10,601601.SH,601601.SH,35.49083717836438,35.66850037978729,34.84288903199848,35.38632941282149,101170.39,341200188.0
2018-08-13,601601.SH,601601.SH,34.85332868137091,35.11459801181597,33.85005445246188,34.89513177424212,136832.24,451449947.0
2018-08-14,601601.SH,601601.SH,34.8219782667763,35.28181231351644,34.48755350551074,34.95783832604043,98953.87,329937487.0
2018-08-15,601601.SH,601601.SH,34.80107417462562,34.8637788127781,33.40067058922027,33.58878450367771,142849.48,465742953.0
2018-08-16,601601.SH,601601.SH,33.0453308566065,34.62339694115665,32.93037240011609,33.99635081484533,142291.35,462996109.0
2018-08-17,601601.SH,601601.SH,34.22625425044967,34.863750894503845,34.19490195647979,34.23670501510629,185414.39,613338038.0
2018-08-20,601601.SH,601601.SH,34.53977652830839,35.166822395690694,34.090393656684405,34.9055532842814,218627.33,726348652.0
2018-08-21,601601.SH,601601.SH,34.90555633546612,36.15964817985413,34.74879485491762,35.86702674949693,242885.42,832014926.0
2018-08-22,601601.SH,601601.SH,36.00288254227129,36.12829171222985,35.34448439998882,35.480344334110605,126844.16,432307945.0
2018-08-23,601601.SH,601601.SH,35.48035217536143,36.10739816373305,34.71744622284261,35.22953378001277,149783.95,506352645.0
2018-08-24,601601.SH,601601.SH,34.8010673786437,35.84614447710147,34.48754424910637,35.65803059937907,164611.8,554080791.0
2018-08-27,601601.SH,601601.SH,35.79389074675128,36.107413877379756,35.13549217243147,36.03425848023311,298893.85,1021308997.0
2018-08-28,601601.SH,601601.SH,35.846157282416286,35.846157282416286,34.60251509098552,34.97874298083013,293468.53,985749754.0
2018-08-29,601601.SH,601601.SH,34.79061581504606,34.90557429325739,34.226274194735915,34.40393729742615,161343.42,532195006.00000006
2018-08-30,601601.SH,601601.SH,34.18447799033258,34.811524361295575,34.18447799033258,34.27853494597703,116210.44,383370530.0
2018-08-31,601601.SH,601601.SH,34.059052081674196,34.7697042883492,33.933642868731546,34.23671513334294,166370.97,548245950.0
2018-09-03,601601.SH,601601.SH,34.23670625677525,34.71744144841495,34.09039554627621,34.665187623236726,130906.22,430532891.0
2018-09-04,601601.SH,601601.SH,34.51886538253088,35.34447554457143,34.19489177464155,35.19816488294399,208980.18,697200478.0
2018-09-05,601601.SH,601601.SH,34.936882428555556,35.15634833672178,33.964961978105165,33.964961978105165,171056.95,564330908.0
2018-09-06,601601.SH,601601.SH,33.94406046304171,34.23668167393,33.45287485905065,33.69324228228032,91862.33,297469886.0
2018-09-07,601601.SH,601601.SH,33.80819515785937,34.372535973477426,33.66188457603247,34.184422368271406,127129.17,415132385.0
2018-09-10,601601.SH,601601.SH,33.88134968184613,34.22622461691736,33.44241794630093,33.70368683650641,81945.43,264193425.99999997
2018-09-11,601601.SH,601601.SH,33.640994931660344,33.964968477134555,32.554115940392045,32.710877333363435,160004.79,505505449.0
2018-09-12,601601.SH,601601.SH,32.52276438867947,32.91989325974946,32.52276438867947,32.73177958397946,93865.12,293968198.0
2018-09-13,601601.SH,601601.SH,33.25432418565846,33.48424094621298,32.78403990270603,33.421536375152655,129161.35,409316350.0
2018-09-14,601601.SH,601601.SH,33.651438682235245,33.78729852784675,33.28566217481964,33.578283380752126,84854.35,272919639.0
2018-09-17,601601.SH,601601.SH,33.243855307576105,33.82909765187798,33.18115077068662,33.494673455134055,109863.93,352858636.0
2018-09-18,601601.SH,601601.SH,33.25429926582714,34.61289728737256,33.25429926582714,34.50838974725369,138083.06,450737596.0
2018-09-19,601601.SH,601601.SH,34.69651053750524,35.323555908664964,34.49794616997132,34.863722636481164,190304.75,637547680.0
2018-09-20,601601.SH,601601.SH,34.98912772165504,35.06228300661668,34.37253317697832,34.466589971929004,112983.55,374909975.0
2018-09-21,601601.SH,601601.SH,34.69649800378002,36.00284205512716,34.654694994136904,35.84608076896549,317063.66,1076804666.0
2018-09-25,601601.SH,601601.SH,35.84606461738839,36.128234805338685,35.595246672543695,35.95057209440702,148842.87,511527029.0
2018-09-26,601601.SH,601601.SH,36.159576380083834,37.403214989687875,36.159576380083834,36.838874780287725,263482.85,933812073.0
2018-09-27,601601.SH,601601.SH,36.82842693762239,36.82842693762239,36.00281804770407,36.47310159259425,198811.09,692557197.0
2018-09-28,601601.SH,601601.SH,36.494020657329365,37.83171671807913,36.494020657329365,37.110614935331206,236896.13,841731071.0
2018-10-08,601601.SH,601601.SH,35.79381051621786,36.629870323895936,35.52209107872249,35.626598554682246,195586.26,672289144.0
2018-10-09,601601.SH,601601.SH,35.53255023887645,35.90877724140573,34.86370223437995,35.313084487401035,144492.19,487445936.0
2018-10-10,601601.SH,601601.SH,35.34443744218702,35.53255094720162,34.591983422128635,35.12497168633666,147941.15,496382882.0
2018-10-11,601601.SH,601601.SH,33.68276712097776,35.06226611569357,33.526005871578235,34.27845986869595,219728.62,721450465.0
2018-10-12,601601.SH,601601.SH,34.60241760707503,35.56388617241811,34.13213406967897,35.438477229112486,182568.93,610521763.0
2018-10-15,601601.SH,601601.SH,35.428019047143174,35.58478019336947,34.362043252804355,34.80097446223798,140121.85,467442558.0
2018-10-16,601601.SH,601601.SH,34.82187905472405,35.94010866422449,34.82187905472405,35.14585211915876,190383.52,644827319.0
2018-10-17,601601.SH,601601.SH,35.53253257489141,36.149126522514536,34.48745808739461,34.759177454143774,198813.58,669516265.0
2018-10-18,601601.SH,601601.SH,34.64420952560143,35.062239203135086,33.50507865432223,33.5468816220756,195694.35,640812486.0
2018-10-19,601601.SH,601601.SH,33.44238911943464,36.567162352781814,33.0243592554417,36.31634443438605,369766.66,1236222305.0
2018-10-22,601601.SH,601601.SH,36.89113549737634,38.981284817341006,36.89113549737634,37.7689982117615,428799.61,1549415493.0
2018-10-23,601601.SH,601601.SH,37.41368878490581,38.458763890629434,36.47312118975455,37.047912497902544,271054.87,974467701.0
2018-10-24,601601.SH,601601.SH,37.19422077897259,38.21839432107411,36.556725002766534,37.41368653799434,280056.39,1008065079.0
2018-10-25,601601.SH,601601.SH,36.431319741229444,38.64687905997317,36.36861523220839,38.64687905997317,269976.95,967464304.0
2018-10-26,601601.SH,601601.SH,38.207946538966425,38.4587645687627,36.36861432046038,37.51819695702666,296733.75,1057726273.0
2018-10-29,601601.SH,601601.SH,37.8108105447165,37.8108105447165,34.727839535680744,35.020460512809564,309364.07,1060595852.0
2018-10-30,601601.SH,601601.SH,34.79055782488899,36.10735274406472,33.87089153213133,35.13543268467311,282137.58,950105432.0
2018-10-31,601601.SH,601601.SH,35.2713006513047,35.522118789269534,34.173971297708555,35.17724384956788,222785.01,743950590.0
2018-11-01,601601.SH,601601.SH,35.428069167619945,36.06556539747977,34.832375969226334,35.271307799621624,293628.75,997085669.0
2018-11-02,601601.SH,601601.SH,36.42090779431833,37.340574906484754,35.762509748108265,37.19426422954919,369347.7,1289240333.0
2018-11-05,601601.SH,601601.SH,36.682188592673505,36.99571157209806,35.75207042038064,36.4000179111914,253497.48,879357928.0
2018-11-06,601601.SH,601601.SH,36.20146810315515,36.20146810315515,35.27134955200596,35.68938036151121,200146.08,681662080.0
2018-11-07,601601.SH,601601.SH,35.89840342332089,36.1596727349899,35.40721711738317,35.52217561451753,190620.99,652798826.0
2018-11-08,601601.SH,601601.SH,35.98202430515368,36.12833517947031,35.40723158462407,35.50128857525619,162663.15,556365990.0
2018-11-09,601601.SH,601601.SH,35.19820181060772,35.50127421337126,34.48754927998975,34.48754927998975,243954.06,810530004.0
2018-11-12,601601.SH,601601.SH,34.48755986873684,34.48755986873684,33.24391755831875,34.03817651287148,443010.13,1430214949.0
2018-11-13,601601.SH,601601.SH,33.44246989796992,34.456194766752134,33.34841295138188,34.163573155144896,319004.93,1035911038.0
2018-11-14,601601.SH,601601.SH,34.14267650722829,34.184479600594955,33.421573146653216,33.52608088006989,333540.55,1072592806.0000001
2018-11-15,601601.SH,601601.SH,33.60967328030539,34.45618557374591,33.536517896921644,34.44573480469109,293556.35,955046608.0
2018-11-16,601601.SH,601601.SH,34.445747574817176,34.85332771905803,33.96501202007155,34.278535207949126,297539.36,980381828.0
2018-11-19,601601.SH,601601.SH,34.43530348429846,34.73837595806012,34.01727248600652,34.46665580917035,236510.37,778588877.0
2018-11-20,601601.SH,601601.SH,34.226284760085726,34.226284760085726,33.40067361625465,33.494730582007556,294899.11,951919796.0
2018-11-21,601601.SH,601601.SH,33.16030540115803,33.67239331942362,33.02444534121001,33.50518093794914,159097.63,509584933.0
2018-11-22,601601.SH,601601.SH,33.6514892995588,33.682841618781985,32.878132092053406,33.00354136894617,253016.33,801480564.0
2018-11-23,601601.SH,601601.SH,32.95127590472099,33.33795437236281,32.512343590100535,32.658654361640686,218156.25,685026910.0
2018-11-26,601601.SH,601601.SH,32.72135897801503,33.07668513746968,32.491442051309086,32.69000666982786,167658.28,524886627.0
2018-11-27,601601.SH,601601.SH,32.71092345904593,32.98264359001564,32.51235874795268,32.63776803916947,144168.74,450815090.0
2018-11-28,601601.SH,601601.SH,32.64821402958816,33.05579416632118,32.51235398401049,32.95128643895374,160514.87,504565419.0
2018-11-29,601601.SH,601601.SH,33.139414770482155,33.233471766046435,32.6482282380909,32.658679015375824,210136.27,661220733.0
2018-11-30,601601.SH,601601.SH,32.543720465241705,32.91994844749883,32.53326968795678,32.80498989736471,130970.04,410443717.0
2018-12-03,601601.SH,601601.SH,33.599254104958945,33.96503136582164,33.28573073850521,33.78736812483119,333126.34,1073801381.0
2018-12-04,601601.SH,601601.SH,33.77691487678394,33.77691487678394,33.1916713021862,33.452940755131614,193027.51,616712492.0
2018-12-05,601601.SH,601601.SH,32.95131432295082,33.2230346440408,32.72139712818237,32.8990604150489,184332.4,580985197.0
2018-12-06,601601.SH,601601.SH,32.481041820171434,32.65870517633068,32.25112453573007,32.261575321386495,207919.23,646121814.0
2018-12-07,601601.SH,601601.SH,32.292939265818056,32.501955053946325,31.84355532134227,31.97941558362565,191112.2,587676329.0
2018-12-10,601601.SH,601601.SH,31.62409385993923,31.822658890784847,30.74622740777965,31.0074971852081,267007.56,796961900.0
2018-12-11,601601.SH,601601.SH,31.049309141223073,31.446439315361907,31.007505964997932,31.446439315361904,128048.73,382270036.0
2018-12-12,601601.SH,601601.SH,31.780849984251308,32.115275238935965,31.54048183244671,31.927161033175846,156456.44,475810251.0
2018-12-13,601601.SH,601601.SH,32.08391380951699,32.65870705366143,31.927152015659416,32.3765358247178,198308.69,614169174.0
2018-12-14,601601.SH,601601.SH,32.167512100020026,32.32427385489341,31.7181284027163,31.77038232100743,192039.17,586356428.0
2018-12-17,601601.SH,601601.SH,31.665861281715287,32.21975258466278,31.665861281715287,32.083892453751126,115683.35,354174013.0
2018-12-18,601601.SH,601601.SH,31.770372653891073,32.08389606823868,31.258284410456646,31.54045548336949,136633.34,414105257.0
2018-12-19,601601.SH,601601.SH,31.55089649310953,32.15704157313614,31.352331725514603,31.519544161384015,161706.65,492057961.0
2018-12-20,601601.SH,601601.SH,31.3418930451391,31.6345149208523,30.71484616861081,30.976115700497594,141429.41,419952765.0
2018-12-21,601601.SH,601601.SH,30.746203252387996,30.90296499568705,30.07735314764536,30.36997506847026,134205.21,389940613.0
2018-12-24,601601.SH,601601.SH,30.077350885097747,30.45357904071398,30.01464619249504,30.286366527106765,97883.04,283533574.0
2018-12-25,601601.SH,601601.SH,30.098261882454903,30.359531516851213,29.157691198628182,30.077360311703195,170451.6,484847027.0
2018-12-26,601601.SH,601601.SH,29.941486874563264,30.087797805189403,29.42939861737178,29.523455644202873,141584.3,402399220.0
2018-12-27,601601.SH,601601.SH,29.910134532286236,30.098248585948415,29.52345564420287,29.523455644202873,156443.01,446233245.0
2018-12-28,601601.SH,601601.SH,29.70112831950036,30.150512034397796,29.565268126624385,29.711579103567736,148326.37,422742324.0
2019-01-02,601601.SH,601601.SH,29.73249101296312,29.826548102283564,28.269380734645075,28.635158304224582,239814.64,661114291.0
2019-01-03,601601.SH,601601.SH,28.593353310664366,29.52347335622326,28.530648588491857,29.189048171303206,199312.04,555746013.0
2019-01-04,601601.SH,601601.SH,28.865074191746306,30.35953675851666,28.844172617385883,30.286381248255175,240600.76,687207862.0
2019-01-07,601601.SH,601601.SH,30.495399013416062,30.495399013416062,29.366713923131986,29.638434407830005,244008.85,693654373.0
2019-01-08,601601.SH,601601.SH,29.722034962281782,29.722034962281782,29.09498781117879,29.178594097992523,158003.3,442753744.0
2019-01-09,601601.SH,601601.SH,29.41895812192054,30.014652833447883,29.15768851160153,29.753383223128875,247931.06,706146389.0
2019-01-10,601601.SH,601601.SH,29.57572287950892,29.638427592327666,29.199494602596438,29.241297744475602,183471.36,515621966.0
2019-01-11,601601.SH,601601.SH,29.36670662238399,29.617525468980862,29.00092913776355,29.13678934633685,190632.67,532535626.00000006
2019-01-14,601601.SH,601601.SH,29.05319501283082,29.147252118987463,28.447049217599094,28.562007902901662,200579.77,551103490.0
2019-01-15,601601.SH,601601.SH,28.71877496900889,29.826558865193366,28.58291467985419,29.711600158985547,311963.8,873042234.0
2019-01-16,601601.SH,601601.SH,29.784743309668603,30.234127156095184,29.513022844387415,30.098266923454588,234603.78,672829573.0
2019-01-17,601601.SH,601601.SH,30.255042144423356,30.93434360880592,29.910166016352214,30.171435810345507,268084.46,780924578.0
2019-01-18,601601.SH,601601.SH,30.599932746676437,31.24788214226863,30.42226920272374,31.174726565346926,276317.26,818437047.0
2019-01-21,601601.SH,601601.SH,31.164276984050577,31.550956477145775,31.007515027390365,31.352391332042835,164094.91,491347437.0
2019-01-22,601601.SH,601601.SH,31.300126714649295,31.341929888892565,30.599923546074503,30.76713624304759,127072.59,375349802.0
2019-01-23,601601.SH,601601.SH,30.714888916299135,31.321035073885163,30.63128254973554,30.934355628528557,139802.07,414513112.0
2019-01-24,601601.SH,601601.SH,31.101574182804892,31.341942531663936,30.558132698427922,31.268786947228573,133555.85,396796159.0
2019-01-25,601601.SH,601601.SH,31.310588147068078,32.03169314778493,31.2896865528444,31.550956480640366,184186.87,559448908.0
2019-01-28,601601.SH,601601.SH,31.79132862705925,32.03169698945976,31.143379128414384,31.456903079371575,103595.43,313333894.0
2019-01-29,601601.SH,601601.SH,31.14338005285506,31.83313276543507,30.829856092591417,31.686821583978702,139886.65,418849635.0
2019-01-30,601601.SH,601601.SH,31.153843396697294,31.509170694747514,30.997081353439842,31.143392593813466,113282.23,338987971.0
2019-01-31,601601.SH,601601.SH,31.46736176558539,32.33477824733351,31.300148949826717,32.20936863551451,177280.58,542944470.0
2019-02-01,601601.SH,601601.SH,32.407940717825326,32.554251962601064,32.00035939309292,32.272080276247856,98656.84,304654785.0
2019-02-11,601601.SH,601601.SH,31.718198217880236,32.407951457544186,31.64504257124921,32.29299258426686,149515.27,457705186.0
2019-02-12,601601.SH,601601.SH,32.230288259158236,32.825984248383925,32.0108213157593,32.711025373270196,145421.34,451661114.0
2019-02-13,601601.SH,601601.SH,32.763279610911425,33.86061433472185,32.47065701789531,33.65159819685321,221442.75,704018748.0
2019-02-14,601601.SH,601601.SH,33.4634969695199,33.65161156834918,32.95140722826241,33.13952182709169,133478.59,424548326.0
2019-02-15,601601.SH,601601.SH,32.92005993151059,33.24403512448736,32.08399491737699,32.08399491737699,168711.88,525231426.0
2019-02-18,601601.SH,601601.SH,32.3870531743787,33.23356860100815,32.27209428928087,33.16041294685499,195781.04,616236306.0
2019-02-19,601601.SH,601601.SH,33.18132634730834,34.74894806450401,32.920056061109065,33.662063673915014,322840.21,1049406122.0
2019-02-20,601601.SH,601601.SH,34.05920419455352,34.675802245329415,33.766581390795466,34.58174491555005,312979.41,1029739871.0
2019-02-21,601601.SH,601601.SH,34.52949004337683,35.09383400897681,34.06965421955463,34.27867050311017,176973.89,584247445.0
2019-02-22,601601.SH,601601.SH,34.27866804365399,35.166987185029164,33.379898088850865,34.9579709164703,256181.68,838165100.0
2019-02-25,601601.SH,601601.SH,35.752217241121386,38.458976745783886,35.752217241121386,38.458976745783886,587803.04,2099882507.0000002
2019-02-26,601601.SH,601601.SH,38.45898888958257,39.190545743460504,36.77640812566333,37.06903086721451,436264.57,1583188120.0
2019-02-27,601601.SH,601601.SH,36.995858621262784,37.60200545743036,35.720860103806835,36.4210642076556,410182.48,1442407414.0
2019-02-28,601601.SH,601601.SH,36.36882342617623,36.36882342617623,35.17743093462907,35.55366014248607,303706.62,1037849391.0
2019-03-01,601601.SH,601601.SH,35.79403133804926,37.10038284673718,35.626818344937206,36.891366605347116,359426.74,1247037024.0
2019-03-04,601601.SH,601601.SH,37.215352812556304,38.60531122987447,36.295681077789396,36.6614596086626,572037.33,2037556229.0
2019-03-05,601601.SH,601601.SH,36.49424230726146,36.52559474910618,35.60592312166088,36.18071788881419,349330.61,1202179023.0
2019-03-06,601601.SH,601601.SH,36.13890704115993,36.77640655808033,35.53275995949791,36.5151362642605,448476.97,1546196669.0
2019-03-07,601601.SH,601601.SH,36.483785995930766,36.483785995930766,35.33419663484444,35.54321288231468,382205.15,1306796939.0
2019-03-08,601601.SH,601601.SH,34.50858991693871,34.85346679981544,33.965147556042034,34.13236059016408,421648.71,1390817297.0
2019-03-11,601601.SH,601601.SH,34.17415009148317,34.42496954169589,33.682962001483254,34.26820738531294,318507.54,1036094180.0
2019-03-12,601601.SH,601601.SH,34.592166394462865,34.89523975562281,33.95466725547125,34.10097853327261,352435.99,1163436244.0
2019-03-13,601601.SH,601601.SH,34.445871230636456,34.56083014554453,33.59935558449521,34.24730583215889,318936.72,1041702852.0
2019-03-14,601601.SH,601601.SH,34.069625432433085,34.748927780012274,33.82925690944352,34.08007623778045,254862.76,837071564.0
2019-03-15,601601.SH,601601.SH,34.27863055437347,34.98928509025682,34.22637654438205,34.372687772358034,289351.12,958637329.0
2019-03-18,601601.SH,601601.SH,34.37267250245847,34.96836795172577,33.776977053191175,34.9579171543702,419768.55,1380784653.0
2019-03-19,601601.SH,601601.SH,34.9579239746535,35.33415275285604,34.38313000795515,34.5503427982674,349851.9,1164698055.0
2019-03-20,601601.SH,601601.SH,34.48764545697454,34.68621068839349,33.860597357756824,34.132318200751165,319337.47,1044981841.0
2019-03-21,601601.SH,601601.SH,34.195018382464376,34.94747599968242,33.86059277481191,34.59214879155168,519787.62,1719249498.0
2019-03-22,601601.SH,601601.SH,34.832501220761564,34.98926315244816,34.393567812039095,34.63393610729188,314684.18,1044042600.0
2019-03-25,601601.SH,601601.SH,35.11468166052157,35.33414842089983,34.33087180202778,34.393576590707276,604027.69,2015972127.0
2019-03-26,601601.SH,601601.SH,34.7488961969334,34.91610893051263,34.27861038374182,34.822051767874314,279879.41,928476375.0
2019-03-27,601601.SH,601601.SH,35.051984617676695,35.52227063669741,34.80116540753232,34.95792741387256,404381.68,1360510036.0
2019-03-28,601601.SH,601601.SH,34.70709792092582,34.70709792092582,33.91283732412053,34.2159104465857,258963.6,848443805.0
2019-03-29,601601.SH,601601.SH,34.27862246087472,35.60587400128054,34.25772086181321,35.57452160268828,553117.4,1864313987.0
2019-04-01,601601.SH,601601.SH,35.84624581128481,36.78681785881124,35.82534421022867,36.35833503716031,558456.91,1943040709.0
2019-04-02,601601.SH,601601.SH,36.389675921962336,36.818158608004964,36.13885678866908,36.389675921962336,359584.09,1254475502.0
2019-04-03,601601.SH,601601.SH,36.326985228601174,36.91223009994803,36.05526439547585,36.85997609357778,303648.67,1061028448.0000001
2019-04-04,601601.SH,601601.SH,37.1003280766586,37.696023485213395,36.69274700764742,37.225737636354346,385972.28,1375981209.0
2019-04-08,601601.SH,601601.SH,37.48700147116147,38.41712222135199,37.309337957080146,37.62286180545897,502232.73,1822370463.0
2019-04-09,601601.SH,601601.SH,37.413850131705864,37.84233277287904,36.91221191764948,37.016719878911225,269058.21,962489887.0
2019-04-10,601601.SH,601601.SH,36.9958226700996,37.19438782002387,36.222463665131414,36.69274954653099,336275.05,1175994181.0
2019-04-11,601601.SH,601601.SH,36.818170155069566,37.413865783465525,36.13886812268821,36.42103973613893,298354.36,1046591343.0
2019-04-12,601601.SH,601601.SH,36.473285868570706,36.75545742113558,36.159761921276406,36.567343052759,183329.48,640070212.0
2019-04-15,601601.SH,601601.SH,37.31981453417043,38.96059047420537,37.20485571034633,37.56018298398446,576892.72,2104900294.0000002
2019-04-16,601601.SH,601601.SH,37.31981868854659,39.34727453440994,37.225761458583854,39.24276650111801,540667.77,1988575384.0
2019-04-17,601601.SH,601601.SH,39.04418395429693,40.09971462329693,38.772463188019714,39.19049513613852,382569.71,1446912209.0
2019-04-18,601601.SH,601601.SH,39.26365072705932,40.38188618827714,38.79336478542565,40.09971462329694,281368.64,1067613565.0
2019-04-19,601601.SH,601601.SH,40.29826927137998,41.897241055228825,40.23556449554277,41.165685337128046,361811.82,1415240480.0
2019-04-22,601601.SH,601601.SH,41.134331252948286,41.134331252948286,38.96056578023151,39.53535953503643,329883.96,1261421610.0
2019-04-23,601601.SH,601601.SH,39.54579593970993,39.86977048361347,38.82469130973107,39.08596110320167,309423.37,1164584789.0
2019-04-24,601601.SH,601601.SH,39.38903448819274,39.598050325222154,38.14539025786774,38.78288856080744,295013.8,1094637064.0
2019-04-25,601601.SH,601601.SH,38.636559689462324,39.054591171090266,38.20807742079369,38.45889630977045,212177.72,784067338.0
2019-04-26,601601.SH,601601.SH,38.249865357736375,38.73060137042924,37.65417073331261,37.84228482523591,271342.48,990399409.0
2019-04-29,601601.SH,601601.SH,38.17672837425333,39.02324219804597,37.810950796071324,38.43799807295476,264483.07,974456858.0
2019-04-30,601601.SH,601601.SH,38.56341590611982,38.56341590611982,37.1630100168461,37.810959010390654,260354.38,936654941.0
2019-05-06,601601.SH,601601.SH,36.379216490034125,36.38966728477415,35.020613173830604,35.84622595829274,368105.07,1259992057.0
2019-05-07,601601.SH,601601.SH,36.13883801609892,36.452361769853404,34.97880012720737,35.56404446754906,224382.06,767501630.0
2019-05-08,601601.SH,601601.SH,34.95788668760459,35.21915639378998,34.50850279296573,34.72796934616145,261549.91,871932999.0
2019-05-09,601601.SH,601601.SH,34.37265975883224,34.696634356741576,33.4843423129518,33.55749786731843,277807.33,899813925.0
2019-05-10,601601.SH,601601.SH,33.97551565393879,35.65809271339254,33.77695065934487,35.27141351339385,298757.46,992704890.0
2019-05-13,601601.SH,601601.SH,34.66527964470445,34.92654946415504,34.00687969968896,34.23679714080547,143558.21,473084819.0
2019-05-14,601601.SH,601601.SH,33.99641193988586,34.74886864436535,33.77694540107934,34.17407532844352,175447.62,576520654.0
2019-05-15,601601.SH,601601.SH,34.55030759398145,35.42817384863796,34.36219339655506,35.06239624253108,215233.92,720705365.0
2019-05-16,601601.SH,601601.SH,34.81156204989562,35.219142632287074,34.59209558245407,34.801111265731734,157506.37,525142768.00000006
2019-05-17,601601.SH,601601.SH,34.968321020900326,35.041476504207644,33.9441442545978,34.03820130456436,156002.48,512041730.0
2019-05-20,601601.SH,601601.SH,33.954602610981524,34.76976389250093,33.85009475437647,34.2994785377782,206456.16,676239677.0
2019-05-21,601601.SH,601601.SH,34.226330882325385,35.22960653566989,34.05911827343464,35.020590774556446,247373.93,824395806.0
2019-05-22,601601.SH,601601.SH,35.11465608137691,35.219163986381005,34.498059441852725,35.11465608137691,147990.14,494258946.0
2019-05-23,601601.SH,601601.SH,34.91608936330586,34.91608936330586,34.18453406386515,34.37264828372133,150065.66,493545851.0
2019-05-24,601601.SH,601601.SH,34.42490072693794,34.88473546645989,34.22633572578074,34.383097568799585,134841.98,444857944.0
2019-05-27,601601.SH,601601.SH,34.27858542489813,34.89518193101673,33.787398377651115,34.571207495598486,180490.8,591885926.0
2019-05-28,601601.SH,601601.SH,34.53986141649326,35.06240092355065,34.45625509536408,34.91608986157458,251935.75,837037779.0
2019-05-29,601601.SH,601601.SH,34.63392563637296,37.70645856850743,34.4667129597942,37.424287176780794,575875.78,2016981298.0
2019-05-30,601601.SH,601601.SH,36.69271811051693,36.8912830903232,36.065670805865544,36.52550549594323,321094.26,1119646420.0
2019-05-31,601601.SH,601601.SH,36.43143067140296,36.724052604506596,35.90889150514646,35.97159620509724,157806.8,548615009.0
2019-06-03,601601.SH,601601.SH,36.055190526010335,36.87035135529405,35.85662570862072,36.274656903125184,183764.48,637972526.0
2019-06-04,601601.SH,601601.SH,36.27465525427715,36.35826148937776,35.48039602082136,35.86707485816167,139124.82,476120948.0
2019-06-05,601601.SH,601601.SH,36.201514095106745,36.368726631342795,35.355000630411695,35.355000630411695,166647.13,572446491.0
2019-06-06,601601.SH,601601.SH,35.49086159128759,35.80438510357811,35.156436511511025,35.40725532134345,125014.09,425388528.0
2019-06-10,601601.SH,601601.SH,35.6580575182234,36.5777260591389,35.54309895060897,36.159694904177314,190162.65,656732081.0
2019-06-11,601601.SH,601601.SH,36.03428167203942,37.19431800196877,36.00292933879809,36.82854078081988,244736.34,859774331.0
2019-06-12,601601.SH,601601.SH,36.682212012921035,36.84942437537309,36.431393469242934,36.53590119577548,158227.03,554431872.0
2019-06-13,601601.SH,601601.SH,36.48363234778241,36.78670463024753,36.09695391843038,36.64039387319541,144406.51,503256892.0
2019-06-14,601601.SH,601601.SH,36.577679397025065,36.891202363285274,36.26415643076485,36.42091791389496,123352.55,430777342.0
2019-06-17,601601.SH,601601.SH,36.45225656944662,36.89118855795486,36.45225656944662,36.72397637185648,120724.23,423754817.0
2019-06-18,601601.SH,601601.SH,36.7344213371283,37.152451736412836,36.4940538575397,37.08974717652016,121212.31,427661754.0
2019-06-19,601601.SH,601601.SH,38.22888814431013,38.54241101044718,37.64364546085432,37.64364546085432,214972.26,782327784.0
2019-06-20,601601.SH,601601.SH,37.72726697392699,39.50389727463822,37.706365440977436,38.876851286151904,267378.24,991225866.0
2019-06-21,601601.SH,601601.SH,38.9395731167522,39.263547020836825,38.46928841727452,38.73055769476212,206223.65,764282550.0
2019-06-24,601601.SH,601601.SH,38.49017724007383,39.10677253118552,38.312514190092486,38.77234796651477,207305.05,768026636.0
2019-06-25,601601.SH,601601.SH,38.751440218995384,38.929103240495635,37.42419294072883,37.810871281641134,247723.19,899016677.0
2019-06-26,601601.SH,601601.SH,37.800413437878454,38.11393635829215,37.62275044964402,37.84221649393361,136540.28,494259661.0
2019-06-27,601601.SH,601601.SH,38.0512444229637,38.63648740227871,37.51825528108753,37.88403214315941,235286.74,857353113.0
2019-06-28,601601.SH,601601.SH,37.936270394613864,38.2288917640489,37.601845972402394,38.15573642169014,143365.11,520549416.0
2019-07-01,601601.SH,601601.SH,39.20080152438021,39.58747965192009,38.77232035602522,39.04404012132351,229187.19,859442367.0
2019-07-02,601601.SH,601601.SH,39.08585540284545,39.08585540284545,38.61557104639411,38.70962791768437,150831.23,559385828.0
2019-07-03,601601.SH,601601.SH,38.98135397956746,39.002255509851416,37.967629760795866,38.30205424533907,217669.47,802052449.0
2019-07-04,601601.SH,601601.SH,38.54242489064757,38.626031018393,37.18382531478417,37.67501131528863,263954.3,954181429.0
2019-07-05,601601.SH,601601.SH,37.67501553031061,38.09304621580643,37.52870479038707,37.831777037371545,111733.0,404517871.0
2019-07-08,601601.SH,601601.SH,37.64365827153082,37.72726439761972,35.98198651551377,36.50452480356944,303498.99,1062839098.9999999
2019-07-09,601601.SH,601601.SH,36.28504858732733,36.79713596658397,36.28504858732733,36.44181002995691,170508.61,595431841.0
2019-07-10,601601.SH,601601.SH,36.78668617099157,37.17336440631165,36.60902319800667,36.96434914397646,162027.55,572639737.0
2019-07-11,601601.SH,601601.SH,37.24652193910071,38.30204907598319,37.19426812044316,37.84221547179676,313404.33,1134475519.0
2019-07-12,601601.SH,601601.SH,37.91535793454205,39.79649476701657,37.91535793454205,39.3680135996196,456491.02,1714944265.0
2019-07-15,601601.SH,601601.SH,39.399357558832385,40.33992577641724,39.14853936747642,39.733781813973664,308928.39,1174616450.0
2019-07-16,601601.SH,601601.SH,39.80694177581324,40.17271834765715,39.48296824075149,39.67108190627122,149928.76,570313712.0
2019-07-17,601601.SH,601601.SH,39.65016978678341,40.39217349128041,39.29484406913696,39.8696356712121,208075.64,796480010.0
2019-07-18,601601.SH,601601.SH,39.83828309398004,40.810203431792246,39.723324774453864,40.548934523778215,253536.16,980932566.0
2019-07-19,601601.SH,601601.SH,40.684813240068735,40.74751780709684,40.13092289798714,40.52805182249847,217840.97,842437458.0
2019-07-22,601601.SH,601601.SH,40.3294675219258,40.7579485191787,39.92188803673401,40.02639559703959,177721.03,685572856.0
2019-07-23,601601.SH,601601.SH,40.50929812258521,40.73464786048568,39.7474013896836,39.8869036083839,167678.19,627775355.0
2019-07-24,601601.SH,601601.SH,40.34831945880851,41.93649799069778,40.262471970598284,41.26044902104221,265689.48,1025005917.0
2019-07-25,601601.SH,601601.SH,41.7111665726558,41.79701409840349,41.00292448523741,41.47508587684967,143085.54,551099995.0
2019-07-26,601601.SH,601601.SH,40.97072068877889,41.743348213554185,40.97072068877889,41.46434382960756,121548.41,468767860.0
2019-07-29,601601.SH,601601.SH,41.46435199357163,41.83993489206413,40.77757183632821,41.42142823374392,140645.73,543531451.0
2019-07-30,601601.SH,601601.SH,42.06526825175677,42.58035316912521,41.764802049958504,42.440851004004585,219472.52,864686836.0
2019-07-31,601601.SH,601601.SH,42.35501339329546,42.35501339329546,41.29265050352189,41.42142176288839,208459.36,809454382.0
2019-08-01,601601.SH,601601.SH,40.97072832533843,41.60385377614906,40.84195704720746,41.23900182144463,211316.45,810954368.0
2019-08-02,601601.SH,601601.SH,40.251737383943755,40.670243851012216,40.05858055298908,40.30539205920895,201690.74,757508492.0
2019-08-05,601601.SH,601601.SH,39.89759748391692,40.65949350902668,39.36105098736075,39.4790912166031,238085.56,886858505.0
2019-08-06,601601.SH,601601.SH,38.738661771479606,40.02637352011604,38.631352459093236,39.54348161437738,270106.3,989469092.0
2019-08-07,601601.SH,601601.SH,39.790296011181375,39.96199092385098,39.33959686542365,39.42544432175846,193491.13,715574143.0
2019-08-08,601601.SH,601601.SH,40.24100441746452,40.24100441746452,39.36106778753596,39.822497971522886,175788.89,650210300.0
2019-08-09,601601.SH,601601.SH,40.02639369992925,40.30539805279739,39.167918768027285,39.5435015507344,167740.71,621011274.0
2019-08-12,601601.SH,601601.SH,39.23231845528008,40.55222413635214,39.23231845528008,40.40199096940084,187076.8,696283971.0
2019-08-13,601601.SH,601601.SH,40.047890121530905,40.11227579696745,39.071374044076634,39.16795255723146,173735.97,640040631.0
2019-08-14,601601.SH,601601.SH,39.779635646098086,39.97279276550185,38.867504804469185,38.96408336417107,151694.94,556340958.0
2019-08-15,601601.SH,601601.SH,38.30949776030067,39.747445295281146,38.105609676982546,39.54355721196302,156066.49,565434290.0
2019-08-16,601601.SH,601601.SH,39.38259148973864,39.962062863157136,38.93189153263536,39.45770814925585,187050.76,688389016.0
2019-08-19,601601.SH,601601.SH,39.69377979929067,41.15318884300614,39.48989177112453,41.0351484056468,247930.78,934334261.0
2019-08-20,601601.SH,601601.SH,40.61664962661891,41.1531971778292,40.60591867559471,40.69176628378835,151105.82,575128225.0
2019-08-21,601601.SH,601601.SH,40.39129714243253,41.58243263202073,40.39129714243253,41.400006475957674,149920.05,576141349.0
2019-08-22,601601.SH,601601.SH,41.42148112825572,42.29068837472948,41.18540014773198,41.968759764924386,153925.77,600266399.0
2019-08-23,601601.SH,601601.SH,41.74342171243222,43.35306522319439,41.74342171243222,42.94528886713465,235454.66,940367375.0
2019-08-26,601601.SH,601601.SH,42.226293292434136,42.27994804884129,41.20685292069811,41.52878145914107,262683.07,1019801835.0
2019-08-27,601601.SH,601601.SH,41.9902162145372,42.07606383266045,40.72396384721918,40.96004479705814,407919.26,1571982189.0
2019-08-28,601601.SH,601601.SH,41.00296842004115,41.067354133341404,39.908411293936936,40.19814700378806,291497.22,1093113729.0
2019-08-29,601601.SH,601601.SH,40.19814895630014,40.59519420760368,39.79037275225865,40.20887990903807,242448.77,906641766.0
2019-08-30,601601.SH,601601.SH,40.49861380088206,40.64884713241687,39.86548761798539,40.56299951439697,202844.26,761494366.0
2019-09-02,601601.SH,601601.SH,40.25178587526838,40.75614043035705,40.112283551520456,40.434211990938756,287995.04,1086452939.0
2019-09-03,601601.SH,601601.SH,40.34837882182056,40.72396213532155,40.16595264097722,40.36984072544918,165724.47,624311281.0
2019-09-04,601601.SH,601601.SH,40.35909660938073,40.99222255991343,40.35909660938073,40.99222255991343,244647.29,927416901.0
2019-09-05,601601.SH,601601.SH,41.14246630078201,42.59114469165461,41.131735349738506,41.34635437060852,392476.0,1527990166.0
2019-09-06,601601.SH,601601.SH,41.528769033825135,42.043854541221414,41.0029525783581,41.990199800867636,259635.68,1005642212.0
2019-09-09,601601.SH,601601.SH,42.2155334314412,42.38722853436521,41.15316998209888,41.324865085022886,335918.89,1298500495.0
2019-09-10,601601.SH,601601.SH,41.29265873925917,41.29265873925917,40.43418350559474,40.723918896956484,214955.06,815017909.0
2019-09-11,601601.SH,601601.SH,40.80976118967016,41.228267812440905,40.72391367730694,41.02437997057823,170195.88,650298436.0
2019-09-12,601601.SH,601601.SH,41.196067603588226,41.77553820806693,40.82048480438906,41.625305088387265,214378.62,825397819.0
2019-09-16,601601.SH,601601.SH,41.58238346022429,41.58238346022429,40.54148250651029,40.61659907018038,225279.44,857402845.0
2019-09-17,601601.SH,601601.SH,40.40199033878198,40.44491410009808,39.91909802397582,40.01567648693705,197305.56,737828021.0
2019-09-18,601601.SH,601601.SH,40.23028255049852,40.2410134874285,39.77958319943932,39.90835444259909,166847.02,620674382.0
2019-09-19,601601.SH,601601.SH,40.08006739072226,40.11226021593569,39.489865595142675,39.854717614228235,172527.36,638583756.0
2019-09-20,601601.SH,601601.SH,39.91912283789283,40.165934618879795,39.79035147389962,39.91912283789283,190686.49,710290592.0
2019-09-23,601601.SH,601601.SH,39.747439462917505,39.747439462917505,38.964080099852445,39.11431340235808,163901.02,597601136.0
2019-09-24,601601.SH,601601.SH,39.23237376922722,39.23237376922722,37.37591844590219,38.051968650350034,522263.51,1847613109.0
2019-09-25,601601.SH,601601.SH,37.84807691926672,38.44901037758226,37.719305463913386,38.18073651226282,226559.6,805131511.0
2019-09-26,601601.SH,601601.SH,38.30952230818849,38.93191790871368,38.21294368052078,38.29879134955874,203883.66,732192067.0
2019-09-27,601601.SH,601601.SH,38.30951135338688,38.491937597926814,37.57980637522713,38.20220179777515,143153.09,505981993.0
2019-09-30,601601.SH,601601.SH,37.8266035999936,38.29876546053252,37.40809649633409,37.41882744770997,126156.59,444244577.0
2019-10-08,601601.SH,601601.SH,37.42956635655102,38.449006953991486,37.38664254192195,38.159271205245254,225159.58,798355471.0
2019-10-09,601601.SH,601601.SH,37.794420373565636,39.09286582081193,37.71930369479932,38.706551472870885,206403.0,743616816.0
2019-10-10,601601.SH,601601.SH,38.71728643444531,38.8460578970876,38.38462682261943,38.56705306136266,136505.67,490285922.0
2019-10-11,601601.SH,601601.SH,38.86750896424621,39.50063514560748,38.38461611405541,39.15724467436069,210958.87,766346847.0
2019-10-14,601601.SH,601601.SH,39.39333100819486,40.31619302582079,39.39333100819486,39.8011072485412,250597.81,933016342.0
2019-10-15,601601.SH,601601.SH,39.91916561196063,39.91916561196063,39.2753081020903,39.61869877402114,102236.6,376694947.0
2019-10-16,601601.SH,601601.SH,39.62941757201932,40.34839157075349,39.26456509504975,39.446991333534534,150131.99,555465083.0
2019-10-17,601601.SH,601601.SH,39.39334205026241,39.81184936161088,38.95337282551145,39.40407300696365,128256.64,471046070.0
2019-10-18,601601.SH,601601.SH,39.586518699841484,39.70455928148915,38.41684384533274,38.48122961714056,153724.46,557731937.0
2019-10-21,601601.SH,601601.SH,38.48124132140375,39.30752564425598,38.2666220167668,38.738784486968086,194926.62,704565959.0
2019-10-22,601601.SH,601601.SH,38.93195230682725,39.12510973282584,38.01982001738945,38.39540390127561,210529.92,752391230.0
2019-10-23,601601.SH,601601.SH,38.3524912041006,38.55637965761988,37.66570904487776,37.85886652715918,188478.41,667289729.0
2019-10-24,601601.SH,601601.SH,38.01983436162945,38.26664672130133,37.69790519684004,37.97691047299086,119712.68,423636862.0
2019-10-25,601601.SH,601601.SH,37.869594624953706,37.869594624953706,37.15061960657119,37.67643715732855,150092.49,524351154.0
2019-10-28,601601.SH,601601.SH,37.82665599491584,38.073468218428765,37.65496053508076,38.00908242099061,147295.64,519553441.0
2019-10-29,601601.SH,601601.SH,38.009100970563,38.019831942039715,37.19354713833182,37.204278109808556,188437.43,657804461.0
2019-10-30,601601.SH,601601.SH,37.257940656021766,37.622793761524285,36.882356576827995,37.07551410327051,196738.86,681093869.0
2019-10-31,601601.SH,601601.SH,37.29012396010946,37.343778814728324,36.463839198978974,37.03258065793892,195519.52,670986568.0
2019-11-01,601601.SH,601601.SH,36.914543031331434,37.91252340979475,36.78577136959423,37.88033049436045,234985.83,823188298.0
2019-11-04,601601.SH,601601.SH,37.880329236574156,39.08219803954761,37.66570980747176,38.78173083880425,340349.48,1220463790.0
2019-11-05,601601.SH,601601.SH,38.792459830183105,39.71532332821789,38.71734303383143,39.10365798649716,393053.15,1439129284.0
2019-11-06,601601.SH,601601.SH,39.20022531385865,39.40411370174896,38.68513886024101,38.781717570294326,160784.82,582916575.0
2019-11-07,601601.SH,601601.SH,39.10365006976206,39.736777225117706,39.00707135114849,39.46850300674667,256152.52,941015356.0
2019-11-08,601601.SH,601601.SH,39.693866807915086,40.037257923852714,39.39339958146966,39.50070930520017,207114.14,766746249.0
2019-11-11,601601.SH,601601.SH,39.017812970852816,39.54363058239621,38.73880770758489,38.98562005586036,184333.04,673169615.0
2019-11-12,601601.SH,601601.SH,39.20024990919075,39.650950838888534,38.80320385207603,39.52217914468916,156134.23,572263197.0
2019-11-13,601601.SH,601601.SH,39.14660479849403,39.189528707264316,37.85888753538568,38.1700858739702,264763.91,949476364.0
2019-11-14,601601.SH,601601.SH,38.13790582196068,38.37398739992442,37.515508934601726,37.59062580031746,242331.1,850648671.0
2019-11-15,601601.SH,601601.SH,37.79451610451142,37.944749842575916,37.34381489031793,37.4296627406405,139260.69,487765956.0
2019-11-18,601601.SH,601601.SH,37.451130392529116,38.61007654794262,37.40820646084713,38.4276498382942,202791.74,721608818.0
2019-11-19,601601.SH,601601.SH,38.21301231349423,38.47055578317237,37.93400688800958,38.191550357687724,147990.32,525937547.99999994
2019-11-20,601601.SH,601601.SH,38.06277871062676,38.17008848990679,37.07552874125048,37.22576243224252,229559.99,800685763.0
2019-11-21,601601.SH,601601.SH,37.01112823167676,37.39744328425442,36.860894600118776,37.16136186323474,124804.02,431287695.0
2019-11-22,601601.SH,601601.SH,37.16136076455099,37.54767580570717,36.957472270607454,37.02185811080015,160476.67,556999411.0
2019-11-25,601601.SH,601601.SH,36.96821171078156,37.55841538105528,36.6999373152026,37.48329855029317,145085.84,504066762.0
2019-11-26,601601.SH,601601.SH,37.74083817957947,37.96618864923291,37.02186287163752,37.07551774536453,212957.58,738399792.0
2019-11-27,601601.SH,601601.SH,37.129185091838394,37.354535637193486,36.732138892879426,37.21503291864033,92359.13,319202525.0
2019-11-28,601601.SH,601601.SH,37.18283121435752,37.30087194837136,36.77505413321883,36.94674974632986,90543.09,311741139.0
2019-11-29,601601.SH,601601.SH,37.02186653382872,37.064790437056345,36.49604871929028,36.753592138656046,119630.68,409272286.0
2019-12-02,601601.SH,601601.SH,37.032589731931914,37.547676462483274,36.914549022847226,37.04332070548507,137300.58,476468719.0
2019-12-03,601601.SH,601601.SH,36.80723227844806,37.18281628128938,36.72138450637006,36.96819685109435,98858.75,339797941.0
2019-12-04,601601.SH,601601.SH,36.64628541034323,36.893097874307486,36.603361503566845,36.87163592091929,69777.17,239001644.0
2019-12-05,601601.SH,601601.SH,37.00039405100085,37.343785179084385,36.89308432347475,37.27939934256873,144264.32,499158209.0
2019-12-06,601601.SH,601601.SH,37.33306087524612,37.44037062194128,37.10771040718628,37.36525379925467,132591.0,460660727.0
2019-12-09,601601.SH,601601.SH,37.440377785195174,37.6335353662022,37.22575825074292,37.35452997141428,122305.47,426085748.0
2019-12-10,601601.SH,601601.SH,37.22576798638237,37.54769737225481,37.12918917062064,37.46184953602215,88339.35,307823608.0
2019-12-11,601601.SH,601601.SH,37.590619991573114,38.030590137063975,37.37600040840683,37.891087408005895,187110.38,658208560.0
2019-12-12,601601.SH,601601.SH,37.99841591236754,38.58862005672796,37.805258192395044,38.438386274527126,196639.34,700726892.0
2019-12-13,601601.SH,601601.SH,38.81396223489598,40.09094910411152,38.81396223489598,39.811943569661075,359224.25,1321055307.0
2019-12-16,601601.SH,601601.SH,39.726080806304566,40.219705797414775,39.43634439847901,40.03727917026536,279626.68,1041002262.0
2019-12-17,601601.SH,601601.SH,39.822640074470634,40.88500638203533,39.47924894475275,40.25187898661798,289121.29,1086369782.0
2019-12-18,601601.SH,601601.SH,40.43429552520267,41.099615674502715,40.326985823702664,40.616722017752686,245209.02,930840855.0
2019-12-19,601601.SH,601601.SH,40.713317658952924,40.99232299873489,40.187499903209996,40.43431231917096,129152.65,488546229.0
2019-12-20,601601.SH,601601.SH,40.50943491616836,41.303527150286634,40.2626224650235,40.34847027411736,148403.33,561755818.0
2019-12-23,601601.SH,601601.SH,40.45580014859879,40.91723235188519,39.71536242704618,39.71536242704618,164478.94,614954866.0
2019-12-24,601601.SH,601601.SH,39.736815435212414,40.08020676492529,39.32903823117836,39.61877466562361,133709.38,493709920.0
2019-12-25,601601.SH,601601.SH,39.71536426932097,39.8977909628034,39.20027713478237,39.49001364796033,106536.49,392398655.0
2019-12-26,601601.SH,601601.SH,39.57584270384734,39.98361982498242,39.27537535143201,39.758269310670926,119182.8,440518520.0
2019-12-27,601601.SH,601601.SH,39.60805356469146,40.316298358858255,39.37197196663586,39.468550802204064,195839.05,726364375.0
2019-12-30,601601.SH,601601.SH,39.296840978480496,41.06745232786589,39.168069243979744,41.04599037211576,312496.66,1174503943.0
2019-12-31,601601.SH,601601.SH,40.87429283578664,41.045988473847174,40.262627125195976,40.60601840131705,177909.2,672332814.0
2020-01-02,601601.SH,601601.SH,41.3142571277203,42.30150690843466,41.12109956192837,41.72203421105885,325782.97,1267995369.0
2020-01-03,601601.SH,601601.SH,42.2800482007824,43.00975461643042,42.12981452697252,42.516129688197935,317181.03,1260696971.0
2020-01-06,601601.SH,601601.SH,42.387339409593864,42.6985375976643,41.30351123734856,41.421551929375276,197727.77,772729096.0
2020-01-07,601601.SH,601601.SH,41.79712354611474,42.49463651928482,41.775661608478735,41.94735710956676,161870.01,634625064.0
2020-01-08,601601.SH,601601.SH,41.52886510662746,42.05468277852015,41.09962619079668,41.31424564871207,152663.92,589428586.0
2020-01-09,601601.SH,601601.SH,41.61472893659806,41.904465316507334,41.38937841889086,41.74350066100218,110816.07,430133931.0
2020-01-10,601601.SH,601601.SH,41.764967828901014,41.92593250450058,40.992337386023095,41.260611845355704,138744.64,533429529.0
2020-01-13,601601.SH,601601.SH,41.11038593378467,41.646934954063774,40.788456521617206,41.646934954063774,127075.28,487705032.0
2020-01-14,601601.SH,601601.SH,41.68985915454804,42.29079406128026,41.44304660356873,41.711321115502756,173633.32,679660019.0
2020-01-15,601601.SH,601601.SH,41.42156437362319,41.904458258807914,40.88501561230682,41.249868770001946,108430.39,416719594.0
2020-01-16,601601.SH,601601.SH,41.432281541760396,41.453743485060976,40.241143688578475,40.31626049013049,170860.8,646287964.0
2020-01-17,601601.SH,601601.SH,40.455774519537115,40.86355155713456,40.273347950085615,40.487967443557956,96225.6,363042140.0
2020-01-20,601601.SH,601601.SH,40.56307262316575,41.260585776738715,40.48795582201174,40.56307262316575,171139.29,649988170.0
2020-01-21,601601.SH,601601.SH,40.34843564372306,40.43428337913523,39.20022218258519,39.47922732267477,207834.8,765741389.0
2020-01-22,601601.SH,601601.SH,39.41482399867122,39.908448257843254,38.738773382848656,39.68309805256906,181138.63,666876538.0
2020-01-23,601601.SH,601601.SH,39.275340756958876,39.57580784471703,38.491980135303685,38.588558842083096,201004.83,729866701.0
2020-02-03,601601.SH,601601.SH,34.73615411575318,35.93802290196398,34.72542314444773,35.20831685319314,477988.47,1561425393.0
2020-02-04,601601.SH,601601.SH,35.412219521130105,36.44239317992662,35.3263717162304,36.22777366767735,290715.22,973886564.0
2020-02-05,601601.SH,601601.SH,36.48530804253615,36.58188679911933,35.8521806382686,36.03460717848129,343036.02,1152853665.0
2020-02-06,601601.SH,601601.SH,36.25997237349146,36.41020605600962,35.830733280582415,36.056083804359666,415477.93,1393743539.0
2020-02-07,601601.SH,601601.SH,35.809285049250526,36.13121449230643,35.48735560619463,35.84147799355612,316867.12,1054201291.0
2020-02-10,601601.SH,601601.SH,35.60538308753924,35.66976895207367,35.337108651979115,35.58392113269442,333637.6,1104241042.0
2020-02-11,601601.SH,601601.SH,35.830727192131306,36.141925481610734,35.59464573114692,35.92730597162492,336801.23,1127989241.0
2020-02-12,601601.SH,601601.SH,35.93805446422726,35.94878544495709,35.433698369924876,35.84147563765871,328095.61,1089476718.0
2020-02-13,601601.SH,601601.SH,35.86293824626914,36.002440998274366,35.637587646876064,35.68051157056998,277252.66,923921089.0
2020-02-14,601601.SH,601601.SH,35.58392162227968,36.206318321342486,35.540997711999495,36.056084635361806,261416.0,874032227.0
2020-02-17,601601.SH,601601.SH,36.06682909585358,36.77507388024107,36.01317418794544,36.742880935496174,381430.95,1292013222.0
2020-02-18,601601.SH,601601.SH,36.678483573112224,36.678483573112224,35.98096998848604,36.22778248766146,332492.32,1123705081.0
2020-02-19,601601.SH,601601.SH,36.249241360891645,36.67848045338296,36.13120061045654,36.33508917938991,271261.29,920077308.0
2020-02-20,601601.SH,601601.SH,36.367292937425184,37.32235020252723,36.10974940526283,37.129192553405474,453644.7,1551720091.0
2020-02-21,601601.SH,601601.SH,36.968232986229665,37.547706014170565,36.91457807623513,37.043349860222,495513.39,1718812869.0
2020-02-24,601601.SH,601601.SH,36.68922406254286,36.68922406254286,36.141944031191684,36.217060898239886,388245.45,1314072642.0
2020-02-25,601601.SH,601601.SH,35.82001325961248,35.98097796868803,35.573200705696635,35.82001325961248,325465.67,1084759109.0
2020-02-26,601601.SH,601601.SH,35.44441284186848,36.22777407028398,35.39075796320988,35.6804943079663,289421.86,965166282.0
2020-02-27,601601.SH,601601.SH,35.65902428154082,35.94876056068666,35.44440481550688,35.54098357522215,237143.38,787385479.0
2020-02-28,601601.SH,601601.SH,35.090271076814716,35.35854532052125,34.006443132240314,34.22106252720555,504772.4,1623508324.0
2020-03-02,601601.SH,601601.SH,34.29618808814541,34.92931546524196,34.24253322567961,34.73615796036505,287054.9,927169224.0
2020-03-03,601601.SH,601601.SH,35.09029710463057,35.176144926293276,34.27474279883487,34.36059062049758,346756.83,1121486490.0
2020-03-04,601601.SH,601601.SH,34.26401892710652,34.585948325106266,34.14597814783995,34.56448636523962,261443.84,836758076.0
2020-03-05,601601.SH,601601.SH,34.71471302526634,35.970237422161595,34.596672270002685,35.93804448890787,501961.41,1659441730.0
2020-03-06,601601.SH,601601.SH,35.433700309686955,35.6697818986673,34.97226811304355,35.06884694489914,299117.33,982079918.0
2020-03-09,601601.SH,601601.SH,34.22108421145582,34.22108421145582,33.15871753320742,33.223103392495204,487873.47,1524924291.0
2020-03-10,601601.SH,601601.SH,33.30895701421258,33.96354669780374,32.815332006914325,33.96354669780374,336939.58,1052212727.9999999
2020-03-11,601601.SH,601601.SH,33.96354642363885,33.96354642363885,33.23383989700143,33.23383989700143,215094.61,671408140.0
2020-03-12,601601.SH,601601.SH,32.84750962280008,32.84750962280008,32.19292024449535,32.68654502157761,295360.45,893099431.0
2020-03-13,601601.SH,601601.SH,31.119821392137425,32.278766464672195,30.77643025953453,31.8280656031309,301292.85,883336182.0
2020-03-16,601601.SH,601601.SH,31.849540622918187,31.913926486711148,30.261355982691807,30.272086959990634,277547.59,801689587.0
2020-03-17,601601.SH,601601.SH,30.272075400967086,31.012512551859224,29.681871874893638,30.014532044135034,253741.7,714777256.0
2020-03-18,601601.SH,601601.SH,30.0359809803522,30.604722313670766,29.638935143884524,29.77843773507587,358643.92,1011741661.0
2020-03-19,601601.SH,601601.SH,29.62819918181378,30.13255461880952,27.911244502679338,28.651681208056065,420732.25,1122956501.0
2020-03-20,601601.SH,601601.SH,28.866312110693308,29.18824124203933,28.52292103725755,29.18824124203933,279935.19,753924591.0
2020-03-23,601601.SH,601601.SH,27.90051625233223,28.63022206200861,27.90051625233223,28.297562060538496,236723.69,622189840.0
2020-03-24,601601.SH,601601.SH,28.909225279218695,30.003783920079982,28.726798839075148,29.821357479936434,364343.49,999013963.0
2020-03-25,601601.SH,601601.SH,30.454489357039456,31.46320042101469,30.411565481976684,31.323697827060673,370013.7,1072663632.0
2020-03-26,601601.SH,601601.SH,30.99102411068816,31.227105319287585,30.47593783738032,30.66909518987076,239407.47,689150023.0
2020-03-27,601601.SH,601601.SH,31.227095366598487,31.280750169633876,30.60469965138793,30.840780784743657,220983.13,637535960.0
2020-03-30,601601.SH,601601.SH,30.400820855981966,30.561785315155895,29.83207976690077,30.497399531486323,218426.66,615362959.0
2020-03-31,601601.SH,601601.SH,30.72275898462263,30.840799623403925,30.078900954906473,30.282789330983256,170864.16,484427127.0
2020-04-01,601601.SH,601601.SH,30.196931913380194,30.475936970149164,29.97158167522064,29.993043602664404,214552.36,604136557.0
2020-04-02,601601.SH,601601.SH,29.63890852790028,30.314958939651806,29.595984692233515,30.314958939651806,129939.93,362666851.0
2020-04-03,601601.SH,601601.SH,30.175457834951732,30.261305510157854,29.510138352104292,29.73548849952036,219079.65,607493929.0
2020-04-07,601601.SH,601601.SH,30.261301515015916,30.3471491788883,29.853525111622083,29.99302756541471,296994.58,831986131.0
2020-04-08,601601.SH,601601.SH,29.799882345640793,29.81061330795467,29.31698904151626,29.52087732547995,217972.8,599532428.0
2020-04-09,601601.SH,601601.SH,29.714033163041176,29.853535666154045,29.520875851038742,29.649647392373694,186310.69,514989301.0
2020-04-10,601601.SH,601601.SH,29.82135634761143,30.63690981375698,29.48869638115733,30.003782780828203,346067.66,969371163.0
2020-04-13,601601.SH,601601.SH,29.735498176299593,29.74622913919252,29.510147955548135,29.714036250513743,128006.06,353211114.0
2020-04-14,601601.SH,601601.SH,29.939381252473066,30.411543537458307,29.735492993047625,30.411543537458304,202285.93,566890888.0
2020-04-15,601601.SH,601601.SH,30.34716756562264,30.454477210479862,30.014507666565247,30.057431524508143,171365.49,482593291.0
2020-04-16,601601.SH,601601.SH,29.735509012890393,29.993052216177787,29.735509012890393,29.907204481748654,100888.33,280579762.0
2020-04-17,601601.SH,601601.SH,30.20768155274256,31.570514787981747,30.068178938111778,31.44174314370718,482883.67,1394190727.0
2020-04-20,601601.SH,601601.SH,31.28077516853166,31.624166182388613,30.830074462844415,31.40954679872802,287320.4,837066916.0
2020-04-21,601601.SH,601601.SH,31.173459246357545,31.23784504858754,30.551063158134223,30.76568249890089,183180.55,526101378.0
2020-04-22,601601.SH,601601.SH,30.518872789705565,31.08761408993566,30.47594891799008,31.03395925029131,126620.96,363782595.0
2020-04-23,601601.SH,601601.SH,31.098355448821316,31.656365967571734,31.04470059124916,31.34516779365323,190012.8,554981856.0
2020-04-24,601601.SH,601601.SH,31.05541663605018,31.087609535120027,30.400827688296523,30.497406385506082,205051.51,585413667.0
2020-04-27,601601.SH,601601.SH,31.11979912040887,31.935352476667866,31.01248946826953,31.441728076826895,360931.36,1061659477.0
2020-04-28,601601.SH,601601.SH,31.602685680286857,32.12850286138501,31.173447165104694,32.064117084107686,288870.5,854696123.0
2020-04-29,601601.SH,601601.SH,32.10702640131664,33.158660287456016,31.924600114945516,32.99769591712856,292422.15,893413557.0
2020-04-30,601601.SH,601601.SH,33.12645395609957,33.351803983011806,32.82598725354991,33.01914441947469,240260.82,740142307.0
2020-05-06,601601.SH,601601.SH,32.20358267809376,32.74013020688572,32.11773507348705,32.64355165170317,251109.74,758240799.0
2020-05-07,601601.SH,601601.SH,32.56843253199091,32.67574202962514,32.33235163719558,32.600625381281176,142575.43,432261717.0
2020-05-08,601601.SH,601601.SH,32.92256434198141,33.04060482691029,31.656311867289823,31.86019997762152,466029.33,1393205026.0
2020-05-11,601601.SH,601601.SH,31.849456025529825,32.39673441410868,31.817263179142834,32.1821154381954,210702.71,631683811.0
2020-05-12,601601.SH,601601.SH,32.02114040944081,32.06406419015052,31.506055040924338,31.634826383053454,187796.78,554441883.0
2020-05-13,601601.SH,601601.SH,31.441669369859778,31.68848110894059,31.237781411488672,31.634826383053454,145505.04,426633015.0
2020-05-14,601601.SH,601601.SH,31.44166235862879,31.452393301413302,30.95876993332562,30.990962761679164,193205.52,561079222.0
2020-05-15,601601.SH,601601.SH,31.17339531064538,31.302166650999162,30.75488845449558,30.77635034455454,165185.26,477432935.0
2020-05-18,601601.SH,601601.SH,30.765621723895045,31.03389536990041,30.497348077889683,30.67977415717333,158632.01,454686765.0
2020-05-19,601601.SH,601601.SH,31.076829001398092,31.366564630900076,30.915864762785876,31.119752798361347,179190.0,520327734.0
2020-05-20,601601.SH,601601.SH,31.10903465997373,31.37730850147057,31.012456077034866,31.26999896487184,121958.14,354594207.0
2020-05-21,601601.SH,601601.SH,31.42024720855883,31.4631710435432,30.883699271254205,30.926623106238576,160679.71,465340782.0
2020-05-22,601601.SH,601601.SH,30.77640436852779,30.830059187859252,30.035967861753583,30.046698825619874,186242.79,526414929.0
2020-05-25,601601.SH,601601.SH,30.357905612343107,30.357905612343107,29.33846374837259,29.499428253210038,218029.25,601408388.0
2020-05-26,601601.SH,601601.SH,29.71406165286314,29.875026233864563,29.510173183594667,29.799909429397232,138351.96,382952573.0
2020-05-27,601601.SH,601601.SH,29.810634394282058,30.18621834093428,29.64966984571682,29.821365364186402,136158.37,379539001.0
2020-05-28,601601.SH,601601.SH,29.950127292028792,31.119802632348083,29.93939632560384,30.679833008925232,236200.67,674605075.0
2020-05-29,601601.SH,601601.SH,30.43301930685022,30.626176693141936,30.10035936379227,30.34717157960946,157187.45,443869013.0
2020-06-01,601601.SH,601601.SH,30.669101152278827,31.044684966250053,30.626177287824977,30.948106271228884,169199.33,486586213.0
2020-06-02,601601.SH,601601.SH,30.862268805305018,31.75293928890735,30.81934492657719,31.624167652723877,266486.75,778669740.0
2020-06-03,601601.SH,601601.SH,31.81733162944183,32.353880223530226,31.31297595099874,31.355899838525815,333855.85,990399472.0
2020-06-04,601601.SH,601601.SH,31.5919838227656,31.624176741063252,31.130551993832544,31.25932366702316,186021.8,543357925.0
2020-06-05,601601.SH,601601.SH,31.388103053146303,31.431026954757442,30.991056963243256,31.39883402854909,146092.88,424217113.0
2020-06-08,601601.SH,601601.SH,31.602730219945435,32.66509704227977,31.602730219945435,32.58998019625613,372498.57,1123808261.0
2020-06-09,601601.SH,601601.SH,32.6007170077311,32.67583386719592,32.246594670254105,32.50413818841919,224730.63,679196959.0
2020-06-10,601601.SH,601601.SH,32.46119902606788,32.47193000095253,31.935381256720007,32.08561490510511,226276.35,676240869.0
2020-06-11,601601.SH,601601.SH,32.08561479006167,32.08561479006167,31.157703282195776,31.180062595638326,326099.52,917464857.0
2020-06-12,601601.SH,601601.SH,30.710508381199414,31.303030020880364,30.542813577516128,31.02353868140822,154968.99,428880523.0
2020-06-15,601601.SH,601601.SH,30.766394578332108,30.989987562186265,30.53162194528524,30.632238788019613,227171.98,624622455.0
2020-06-16,601601.SH,601601.SH,30.96761401557505,31.437159065630702,30.82227864293878,31.101769744162382,303151.31,845914033.0
2020-06-17,601601.SH,601601.SH,31.112937087742964,31.112937087742964,30.52041618740147,30.766368259241336,276700.6,759191315.0
2020-06-18,601601.SH,601601.SH,30.788737468917024,31.057048906554645,30.408629598930393,31.05704890655465,261266.38,718616990.0
2020-06-19,601601.SH,601601.SH,31.012317276958452,31.493041733666896,30.85580233756501,31.280628601632934,334665.22,932656173.0
2020-06-22,601601.SH,601601.SH,31.10175380509317,31.861969210825137,30.900520315340593,31.168831635010697,275524.34,772508445.0
2020-06-23,601601.SH,601601.SH,30.934059320683755,31.01231678914952,30.531592340002646,30.609849808468418,266578.48,733331595.0
2020-06-24,601601.SH,601601.SH,30.71046682155988,31.090574528852574,30.464514775664604,30.755185375359023,274460.35,756202606.0
2020-06-29,601601.SH,601601.SH,30.565121074117943,30.721635958915915,30.14029495823774,30.31916911229256,296312.63,802492398.0
2020-06-30,601601.SH,601601.SH,30.40862100863337,30.553956329630516,30.30800424794304,30.46451920901689,195805.17,532757676.0
2020-07-01,601601.SH,601601.SH,30.520413363745924,31.627197584629016,30.363898423419023,31.627197584629016,501955.33,1397302319.0
2020-07-02,601601.SH,601601.SH,31.49304639912471,33.29296846879424,31.437148198203296,32.946399623081476,778650.1,2256059108.0
2020-07-03,601601.SH,601601.SH,33.33767550793987,34.477998412638016,33.203519872093025,34.32148350415003,876159.94,2651300442.0
2020-07-06,601601.SH,601601.SH,35.215843652876885,37.75362032246516,35.215843652876885,37.697722157936774,1131292.81,3692756579.0
2020-07-07,601601.SH,601601.SH,39.11753998702579,39.128719621203274,36.333811076831616,36.55740376038135,870107.37,2908509081.0
2020-07-08,601601.SH,601601.SH,36.13258771926877,38.53620973648498,36.08786917011126,37.75363512622854,886666.07,2938353621.0
2020-07-09,601601.SH,601601.SH,37.39587319078936,38.457938348674254,37.02694529383986,37.78716035422063,715074.76,2410674748.0
2020-07-10,601601.SH,601601.SH,37.1275690203067,37.13874865566361,35.316468092486865,35.4394440814129,826351.6,2669122435.0
2020-07-13,601601.SH,601601.SH,35.21583511742497,36.412055548397824,35.048140664484855,35.84189440840142,532249.75,1701382313.0
2020-07-14,601601.SH,601601.SH,35.66301463183411,36.24435530921824,34.96987767033765,35.294086894263415,504073.41,1605243328.0
2020-07-15,601601.SH,601601.SH,35.730084051897904,35.98721544526262,34.56740296885742,34.82453436222214,368845.97,1161383258.0
2020-07-16,601601.SH,601601.SH,35.23816274030978,35.774784507928715,33.762452879357724,33.79599173983391,539778.66,1682263822.0
2020-07-17,601601.SH,601601.SH,33.94132249369672,34.12019639353175,33.069312232000954,33.29290460679474,414629.47,1244089374.0
2020-07-20,601601.SH,601601.SH,34.00839352898053,35.707695243775085,33.896597363533516,35.41702521361285,710169.46,2214208072.0
2020-07-21,601601.SH,601601.SH,37.216928633351436,37.216928633351436,34.82449164700803,34.981006216208065,668873.41,2134785495.0
2020-07-22,601601.SH,601601.SH,34.65679110018805,35.461723022514995,34.37730084938008,34.511456169767904,555342.29,1730279957.0
2020-07-23,601601.SH,601601.SH,34.097802697859905,34.44437052855946,33.42702625134463,33.91892897878916,449592.13,1359285745.0
2020-07-24,601601.SH,601601.SH,33.61707941761244,33.80713274321916,32.49911867874937,32.83450690040829,455050.87,1348427972.0
2020-07-27,601601.SH,601601.SH,33.01338821472446,33.15872314421698,32.61092225612978,32.991028994802534,247179.37,727142680.0
2020-07-28,601601.SH,601601.SH,33.14752856148805,33.35994105479945,32.71152396995415,32.86803843870991,198848.8,587037949.0
2020-07-29,601601.SH,601601.SH,32.81213953887211,33.76240593096892,32.64444546967856,33.52763423409794,338746.55,1010184621.0
2020-07-30,601601.SH,601601.SH,33.527638090856684,33.549997302654525,32.89040055461833,32.94629858411292,235674.19,698925080.0
2020-07-31,601601.SH,601601.SH,32.75623506068596,33.50526842214192,32.599720626948894,32.99100671129156,290997.52,859207969.0
2020-08-03,601601.SH,601601.SH,33.259325334587636,33.62825230468558,33.12517007273384,33.60589309437661,358512.02,1071148428.0000001
2020-08-04,601601.SH,601601.SH,33.75122454686378,35.01451980151619,33.605889694558634,34.4778988083895,626166.91,1922798821.0
2020-08-05,601601.SH,601601.SH,34.0866214597498,34.22077674263501,33.35994701078826,33.80713128707228,330421.28,996348869.0
2020-08-06,601601.SH,601601.SH,33.72889050478707,34.18725461174638,33.359963296746635,34.07545848809777,334945.33,1009791244.0
2020-08-07,601601.SH,601601.SH,33.98602557820176,34.14254016968032,33.20345262080896,33.52766141744312,316929.97,954108085.0
2020-08-10,601601.SH,601601.SH,33.427033890551606,34.522635670241925,33.248160130602166,34.164888150343046,452092.02,1381412810.0
2020-08-11,601601.SH,601601.SH,34.53380146671265,35.651762019212256,34.254311328587754,34.43318501698769,751240.1,2354907735.0
2020-08-12,601601.SH,601601.SH,34.444350527632025,35.12630618559553,34.209578907677376,34.96979177229243,513443.42,1595475351.0
2020-08-13,601601.SH,601601.SH,35.070395875438045,35.14865305463092,34.377260859729674,34.410799650812336,290777.29,901224359.0
2020-08-14,601601.SH,601601.SH,34.29901072666368,36.143644615157655,34.231933130718446,35.808256635431476,552680.18,1739060419.0
2020-08-17,601601.SH,601601.SH,35.98713612817351,39.03916724435599,35.60702968879548,37.6864355042165,1423994.01,4774906595.0
2020-08-18,601601.SH,601601.SH,37.39574718184099,37.596979902102014,36.74733063877767,37.194514461579956,538640.12,1785951913.0
2020-08-19,601601.SH,601601.SH,36.83674918684714,36.99326344742859,35.65171264244478,35.6964310026109,525173.54,1697301534.0
2020-08-20,601601.SH,601601.SH,35.53992202364056,35.897668958134574,35.103917947225966,35.80823222451107,311721.24,988876211.0
2020-08-21,601601.SH,601601.SH,35.78587391717708,36.210698412288835,35.551102485667954,36.07654330856934,325041.31,1042958014.0
2020-08-24,601601.SH,601601.SH,35.55110339142853,35.77469523665764,35.048021739663035,35.10391970097031,382900.18,1210886324.0
2020-08-25,601601.SH,601601.SH,35.226897695819744,35.55110589422621,34.734995601685796,34.93622827655877,287823.04,904440121.0
2020-08-26,601601.SH,601601.SH,34.85797112521929,35.159820137528754,34.08657920487286,34.22073432145485,359793.67,1112093818.0
2020-08-27,601601.SH,601601.SH,34.20956915519101,34.544957088085035,33.90772001558638,34.48905909926937,231522.51,709758988.0
2020-08-28,601601.SH,601601.SH,34.32136045214141,35.305164921127876,34.265462470949,35.24926693993547,348986.67,1088395026.0
2020-08-31,601601.SH,601601.SH,35.293993867820305,35.64056143510013,34.44434434803749,34.455523946982,439304.47,1379481197.0
2020-09-01,601601.SH,601601.SH,34.28783480710917,34.56732482020918,34.17603880186917,34.50024721706518,230745.41,709077598.0
2020-09-02,601601.SH,601601.SH,34.53378189620872,34.612039090534864,34.01952033349405,34.27665111485138,260205.8,797243326.0
2020-09-03,601601.SH,601601.SH,34.43314908847986,34.6120225902382,34.041863303383494,34.09776127268297,237274.41,726714217.0
2020-09-04,601601.SH,601601.SH,33.784725927959244,33.96359939415625,33.561134095212985,33.74000756140999,219911.78,663644120.0
2020-09-07,601601.SH,601601.SH,33.784717869011324,34.18718307195124,33.605844445482475,33.65056280136469,218764.18,663641948.0
2020-09-08,601601.SH,601601.SH,33.97477800066002,34.85796571439879,33.85180249621538,34.679092253388404,338009.63,1041678001.0
2020-09-09,601601.SH,601601.SH,34.37723322298382,34.656722923983686,33.661739588424155,33.907690525304034,269853.57,823756401.0
2020-09-10,601601.SH,601601.SH,34.18718755292599,34.75734666515595,33.98595492508012,34.22072632423364,319317.61,982602850.0
2020-09-11,601601.SH,601601.SH,34.25427885522981,34.466691158836,33.90771141250392,34.34371561464294,211389.77,646080730.0
2020-09-14,601601.SH,601601.SH,34.45549563700184,34.52257317555538,33.82943861050213,34.053030405680595,224793.89,685011925.0
2020-09-15,601601.SH,601601.SH,33.87416367310208,34.35488612786888,33.71764938550359,34.00831877675793,225484.45,687698752.0
2020-09-16,601601.SH,601601.SH,34.00832390588142,34.37725049657639,33.762372845418106,34.0977606551408,177109.14,539599238.0
2020-09-17,601601.SH,601601.SH,33.963593209363175,34.31016048700974,33.81825854454365,33.896515671754166,204121.46,621034546.0
2020-09-18,601601.SH,601601.SH,34.08657365455443,36.60198168088265,33.93005937736067,36.26659394403888,1032994.19,3271750635.0
2020-09-21,601601.SH,601601.SH,36.8926426886712,36.8926426886712,35.66288793238216,36.49017749570388,752243.73,2442922724.0
2020-09-22,601601.SH,601601.SH,35.99827048478552,36.32247851089073,35.22687897439726,35.293956497039716,439067.82,1400345077.0
2020-09-23,601601.SH,601601.SH,35.32748934797211,35.495183126522605,34.94738344992431,35.14861598418491,223184.53,702630882.0
2020-09-24,601601.SH,601601.SH,34.88031473148155,35.28277990146018,34.63436379427239,34.76851885093193,281778.49,879375665.0
2020-09-25,601601.SH,601601.SH,34.84678204781375,35.39458195809379,34.802063687790884,35.23806769801377,264267.55,831081695.0
2020-09-28,601601.SH,601601.SH,35.15979483211449,35.41692528716652,34.95856230207377,35.17097441711676,180802.8,569018589.0
2020-09-29,601601.SH,601601.SH,35.383381716868975,35.584614219524155,35.14861046377127,35.15979004725211,252769.4,800006718.0
2020-09-30,601601.SH,601601.SH,35.282771174543804,35.46164453918028,34.73497149534462,34.89148568940153,192049.01,600339828.0
2020-10-09,601601.SH,601601.SH,35.21568610715817,36.098873155559914,35.21568610715817,35.79702441749856,335393.71,1072668831.9999999
2020-10-12,601601.SH,601601.SH,35.9982550645881,37.45160076595345,35.96471631763351,37.08267454945302,456081.21,1508466821.0
2020-10-13,601601.SH,601601.SH,36.82555087923753,37.049142566421736,36.28893082999546,36.680216282567805,266238.28,874101705.0
2020-10-14,601601.SH,601601.SH,36.624307047500636,36.657845790218126,36.08768716402078,36.30009920123155,241013.16,781592467.0
2020-10-15,601601.SH,601601.SH,36.30009691521983,37.28389997297756,36.30009691521983,36.747280123291524,280307.39,923971849.0
2020-10-16,601601.SH,601601.SH,36.72492163461813,37.51867184346376,36.62430541096163,37.28390065493195,357480.45,1189862506.0
2020-10-19,601601.SH,601601.SH,37.160921478531755,38.67016467937466,37.160921478531755,37.798157496665425,560146.94,1913244626.0
2020-10-20,601601.SH,601601.SH,37.66400378036472,37.798158735949286,37.19446143581877,37.50748966551607,259845.52,871045037.0
2020-10-21,601601.SH,601601.SH,37.652826293780244,38.37949901025759,37.27272056516132,38.211805306455126,316245.09,1071664898.0
2020-10-22,601601.SH,601601.SH,35.327481079672324,37.61929551680296,35.327481079672324,37.283908038198476,1379498.31,4529459128.0
2020-10-23,601601.SH,601601.SH,36.892635110217114,39.18445032160938,36.859096351026004,38.0553120955088,953891.63,3273153402.0
2020-10-26,601601.SH,601601.SH,38.457779758458024,38.96086117971693,37.6416698973047,38.4018818227626,616522.27,2117930233.0
2020-10-27,601601.SH,601601.SH,38.323618787607806,38.81552054567512,37.9435128836467,38.323618787607806,486848.36,1669216375.0
2020-10-28,601601.SH,601601.SH,38.066476044392914,38.23416977146073,36.98205660935441,37.01559535476797,470495.3,1572960997.0
2020-10-29,601601.SH,601601.SH,36.64667577431972,36.90380620226643,35.9311824095984,36.456622849315615,446538.6,1451032833.0
2020-10-30,601601.SH,601601.SH,36.64666858509407,36.89261938096718,35.51753084040386,35.67404498323221,410117.54,1324310382.0
2020-11-02,601601.SH,601601.SH,35.774662212918926,36.076510925340436,34.76849983818058,34.969732313128254,453263.43,1431167488.0
2020-11-03,601601.SH,601601.SH,35.26039967672309,35.908815396840374,35.036808049096436,35.69640335059506,421333.86,1338958980.0
2020-11-04,601601.SH,601601.SH,35.327485005689766,35.7634887763296,35.11507291230112,35.56225626680352,352458.9,1116503634.0
2020-11-05,601601.SH,601601.SH,36.05414985909057,36.300100648827005,35.60696660502433,36.087688603145544,434033.57,1394885749.0
2020-11-06,601601.SH,601601.SH,36.121238721832555,36.46780585286839,35.718773666436086,35.78585117566883,383206.81,1234884879.0
2020-11-09,601601.SH,601601.SH,36.27775492728057,37.541048088076465,36.14359990135533,37.39571347665747,483193.4,1597587134.0
2020-11-10,601601.SH,601601.SH,37.61929897817294,38.681359424807845,37.3733481378996,37.59693981087537,494007.22,1679245864.0
2020-11-11,601601.SH,601601.SH,37.67519650628912,38.22299609940726,37.563400670958885,37.786992341619346,373758.51,1266255017.0
2020-11-12,601601.SH,601601.SH,37.64164952800529,37.76462491998868,36.557230162333624,36.82554010847918,360783.66,1193472264.0
2020-11-13,601601.SH,601601.SH,36.557212861492154,36.66900861947836,35.26038206885206,35.528691888018976,497124.16,1587417752.0
2020-11-16,601601.SH,601601.SH,35.76344640216504,36.4342206391547,35.76344640216504,36.177090514975326,359494.17,1160689176.0
2020-11-17,601601.SH,601601.SH,36.177097728266766,36.71371722485416,35.796992251517366,36.55720320501617,355166.01,1152619571.0
2020-11-18,601601.SH,601601.SH,36.52367188395686,37.64162939494421,36.47895358351737,36.98203446346167,413425.08,1372371348.0
2020-11-19,601601.SH,601601.SH,36.780789944696615,38.155877228343336,36.668994230578996,38.12233851410805,490209.97,1646994559.0
2020-11-20,601601.SH,601601.SH,37.88755660266162,38.323559762149316,37.27268035210205,37.65278567062978,285087.72,960513004.0
2020-11-23,601601.SH,601601.SH,37.88755695664755,38.53597191784128,37.406835519900476,38.29002141531952,378652.88,1288575889.0
2020-11-24,601601.SH,601601.SH,38.14469180257385,38.63659286919556,37.67514987534405,37.954639117742744,329509.11,1123954547.0
2020-11-25,601601.SH,601601.SH,38.56951850443984,41.207897161555145,38.56951850443984,40.2464540915894,1093281.23,3942634569.0
2020-11-26,601601.SH,601601.SH,40.22409920132251,42.57180927143861,40.22409920132251,42.314679120902085,1057587.6,3926279350.0
2020-11-27,601601.SH,601601.SH,42.482387325494834,43.32085549639276,41.52094382286522,43.0190069548695,672184.9,2554802231.0
2020-11-30,601601.SH,601601.SH,43.533272659265016,45.67975143445219,43.16434661977972,43.20906492759612,881491.05,3499635045.0
2020-12-01,601601.SH,601601.SH,43.65625370243488,45.44498624850136,42.694809958924154,44.55061997546812,868568.01,3430123575.0
2020-12-02,601601.SH,601601.SH,44.49470577169279,44.71829725798271,43.63387854947663,43.91336790733902,488994.86,1928299984.0
2020-12-03,601601.SH,601601.SH,43.93574806576668,44.427649570828706,42.851328838698144,43.57800151663067,370003.82,1440860358.0
2020-12-04,601601.SH,601601.SH,43.55565524771375,43.65627149443588,42.46005611673942,43.36560233723861,382472.91,1473635694.0
2020-12-07,601601.SH,601601.SH,43.60038446526935,43.76807825167423,42.05760163034443,42.27001375979062,396809.45,1510427208.0
2020-12-08,601601.SH,601601.SH,42.4265162134565,43.01903409469845,41.923434993534094,42.113487898838116,339496.43,1286605187.0
2020-12-09,601601.SH,601601.SH,42.46003389036523,42.817780358109225,41.81161841757925,41.81161841757925,370061.8,1404127000.0
2020-12-10,601601.SH,601601.SH,42.25879720283632,42.61654363418308,41.33089239653066,41.75571628375494,315000.35,1182803574.0
2020-12-11,601601.SH,601601.SH,42.437661012281424,42.437661012281424,40.783084134036514,41.107291765584506,447504.99,1660275716.0
2020-12-14,601601.SH,601601.SH,41.58802773768504,42.66126716317368,41.4650523868478,41.778080552615315,393584.87,1478246460.0
2020-12-15,601601.SH,601601.SH,41.58801578126807,41.699811522615555,40.63775197981436,41.219089834821325,308982.05,1135633656.0
2020-12-16,601601.SH,601601.SH,41.576855851386945,42.95194411966353,40.98433814229216,42.04639818689602,412483.16,1552568131.0
2020-12-17,601601.SH,601601.SH,41.77810705805152,42.92960425553059,41.26384617374047,42.68365339781661,400085.42,1514208761.0
2020-12-18,601601.SH,601601.SH,42.370616068041926,42.59420770956194,41.6551228151779,41.84517571046991,323168.88,1214917326.0
2020-12-21,601601.SH,601601.SH,41.8675496323989,42.58304313746527,41.20795405741585,42.024063836632166,373694.05,1403718510.0
2020-12-22,601601.SH,601601.SH,41.53216289854741,42.15821972824288,39.475119029548026,40.03409834177612,648658.98,2361854877.0
2020-12-23,601601.SH,601601.SH,40.034106288744155,40.470110238831005,39.29625345013563,40.38067353112088,426479.74,1521305309.0
2020-12-24,601601.SH,601601.SH,40.3694841588084,40.872565517752285,40.022917000424826,40.59307587389457,208253.78,752961573.0
2020-12-25,601601.SH,601601.SH,40.03409520647298,40.134711474794194,38.74844288903528,39.57573220634302,513020.5,1805054213.0
2020-12-28,601601.SH,601601.SH,39.57572063385305,40.89491132164815,39.3744881560538,40.525985112349524,412232.78,1486612905.0
2020-12-29,601601.SH,601601.SH,40.50363153331589,41.342100306431725,40.30239902776808,40.537170284240524,281385.24,1028097219.0
2020-12-30,601601.SH,601601.SH,40.537176126427966,40.693690319966294,39.86640101126368,40.49245778541701,315218.27,1133470832.0
2020-12-31,601601.SH,601601.SH,40.44774930354254,43.25382588596077,40.3135942478094,42.92961783460568,752991.57,2820007526.0
2021-01-04,601601.SH,601601.SH,43.15321319495024,43.46624168444729,42.13587060408483,42.87372347218502,658295.29,2518413534.0
2021-01-05,601601.SH,601601.SH,42.59423498566406,42.650132931839465,40.0229294615951,42.370643200962405,857632.4,3161738884.0
2021-01-06,601601.SH,601601.SH,41.75576535545607,42.806646732541175,41.498634805743755,42.67249166312605,508477.79,1921717655.0
2021-01-07,601601.SH,601601.SH,42.51595907524953,44.01402337082761,42.25882863645628,43.902227527874025,598581.96,2305174746.0
2021-01-08,601601.SH,601601.SH,43.90224863471419,44.204097555808474,42.85136720571924,43.60039971361989,474632.24,1841108664.0
2021-01-11,601601.SH,601601.SH,43.15323041595795,44.27118975315893,42.717226274449565,43.89108357851059,499071.67,1940754701.0
2021-01-12,601601.SH,601601.SH,43.71223117502104,45.19911781089771,43.041455249061634,44.997885033109895,724538.29,2877888421.0
2021-01-13,601601.SH,601601.SH,45.50096494628628,45.825173296026406,43.38802087384203,43.82402520625116,659522.34,2613787191.0
2021-01-14,601601.SH,601601.SH,43.99171650734008,44.64013316742285,43.074989505154086,44.159410471154594,451988.23,1775043648.0
2021-01-15,601601.SH,601601.SH,43.768124555587406,47.982832846125454,43.768124555587406,45.92578689000078,763669.75,3163183133.0
2021-01-18,601601.SH,601601.SH,46.17171947879673,46.71951954040958,45.15437650723003,46.17171947879673,457053.64,1882552680.0
2021-01-19,601601.SH,601601.SH,46.2835259386895,49.05606565675593,46.182909577953225,47.177893589678675,623597.63,2656669503.0
2021-01-20,601601.SH,601601.SH,46.93194602235163,47.155537951948354,44.01407134111442,44.50597358622722,765284.51,3092311063.0
2021-01-21,601601.SH,601601.SH,44.248846895900265,45.13203509821864,43.62278943602902,44.327104078384174,620745.03,2458209237.0
2021-01-22,601601.SH,601601.SH,44.15941087992229,44.15941087992229,41.711078985567106,42.001748525536215,658031.57,2503520850.0
2021-01-25,601601.SH,601601.SH,41.811710746798255,43.075005750645374,41.15211424036481,43.03028734342955,557455.25,2099725508.0
2021-01-26,601601.SH,601601.SH,42.471302453314294,43.019102879798204,41.532216007913284,41.744628418182565,360797.88,1363323599.0
2021-01-27,601601.SH,601601.SH,41.912303436317785,43.17559772500914,41.81168707704148,42.53836078292589,376400.42,1438142922.0
2021-01-28,601601.SH,601601.SH,42.03527376939983,42.03527376939983,40.53720816166057,40.98439192516483,546577.34,2012766481.0
2021-01-29,601601.SH,601601.SH,40.425414062011114,40.458952845801505,38.13359716966812,38.78201365628224,903436.59,3155384226.0
2021-02-01,601601.SH,601601.SH,38.68138741881548,39.888783326686024,38.36835885010831,39.58693434971838,438900.74,1539137230.0
2021-02-02,601601.SH,601601.SH,39.57574690806265,41.11853026210577,39.22917963287905,40.693705860267805,588044.3,2106780549.0
2021-02-03,601601.SH,601601.SH,40.49248919776625,41.49865265105144,40.056485034676,40.872595391229545,473357.44,1726779411.0
2021-02-04,601601.SH,601601.SH,41.08502160592187,42.571908102136184,40.86142965160392,41.67754028486442,518709.06,1934437055.0
2021-02-05,601601.SH,601601.SH,41.54338459859965,43.701046931088825,41.54338459859965,43.39919779649189,531338.0,2036189519.0
2021-02-08,601601.SH,601601.SH,43.48865216048088,44.36066112411006,42.583104390558276,43.466292956285265,395346.37,1533257297.0
2021-02-09,601601.SH,601601.SH,43.265062996865495,43.27624259970706,41.66637979052137,43.01911173435101,478060.14,1812776799.0
2021-02-10,601601.SH,601601.SH,42.92969000005593,44.58427180214142,42.795534718805754,43.768160507869524,360584.57,1415605065.0
2021-02-18,601601.SH,601601.SH,45.83640029778157,46.93200206099684,45.445113953776115,45.98173522555503,702761.67,2902495955.0
2021-02-19,601601.SH,601601.SH,45.590470108962556,48.608966168163114,45.32215934814472,47.300951209176205,517389.06,2200684194.0
2021-02-22,601601.SH,601601.SH,47.30095716896289,49.794011635679674,47.30095716896289,47.64752527868584,598419.92,2605387138.0
2021-02-23,601601.SH,601601.SH,46.95439329919816,50.36417662211612,46.395412426588656,50.01760848109823,553561.79,2440520873.0
2021-02-24,601601.SH,601601.SH,50.03998710358079,50.69958478881566,47.07738733091571,48.07237366965984,549089.77,2390831630.0
2021-02-25,601601.SH,601601.SH,48.85492701529745,52.29824910241681,48.31830539133079,51.426238963471,610474.75,2768722852.0
2021-02-26,601601.SH,601601.SH,50.252370063532446,51.79515695313588,49.190306625037316,49.40271931273634,636501.16,2867262024.0
2021-03-01,601601.SH,601601.SH,49.179108008868916,50.08465648550414,47.792836266859425,48.69838474349466,553848.55,2412727572.0
2021-03-02,601601.SH,601601.SH,48.96669491357147,49.91696182399467,48.29591827091981,49.19028712778869,413060.11,1817849915.0
2021-03-03,601601.SH,601601.SH,49.67102354333531,52.70069884836431,48.79901367694319,50.654829546444354,557245.52,2543047724.0
2021-03-04,601601.SH,601601.SH,50.10701001254103,51.76159222625278,49.838699383290475,50.453577908656335,411046.1,1863878956.0
2021-03-05,601601.SH,601601.SH,49.24619708685148,49.749279690462906,46.395395666386754,48.161774585733525,577523.65,2474670354.0
2021-03-08,601601.SH,601601.SH,49.11203650923551,50.11820160958406,47.859919939912864,47.994075286626,436705.11,1916708950.0
2021-03-09,601601.SH,601601.SH,48.18413728898215,48.94435105595449,46.630170912376926,47.13325355228508,416330.14,1772600650.0
2021-03-10,601601.SH,601601.SH,47.233849178708745,47.79282964236211,46.23886395340577,46.28358239049804,267065.24,1119105425.0
2021-03-11,601601.SH,601601.SH,46.89845109751303,47.97169336339175,46.18295625359388,47.06614520155658,393057.22,1649267400.0
2021-03-12,601601.SH,601601.SH,46.954338540140405,47.12203260635519,45.65750442807939,46.58541159446788,344179.95,1425150480.0
2021-03-15,601601.SH,601601.SH,46.451241118915654,47.90458921649906,45.65748946562011,46.39534311516245,345459.44,1439037543.0
2021-03-16,601601.SH,601601.SH,46.86487982560132,48.966644474268556,46.58538984572536,48.206431729005935,458322.4,1960530535.0
2021-03-17,601601.SH,601601.SH,47.89341714218278,48.04993157728794,45.75811306324792,46.48478722623622,358664.86,1497683435.0
2021-03-18,601601.SH,601601.SH,46.630099406951686,46.630099406951686,44.60659233606742,45.19911098113298,464928.47,1878271640.0
2021-03-19,601601.SH,601601.SH,44.77429209951848,44.830190092152094,42.829041955868995,43.097352320510296,552939.9,2155775484.0
2021-03-22,601601.SH,601601.SH,43.354465717406576,43.44390246978905,42.05763280786063,42.415379817390544,445493.52,1693633973.0
2021-03-23,601601.SH,601601.SH,42.43774213832449,43.276211753807715,41.945839963907666,42.706052415279125,340297.58,1295354143.0
2021-03-24,601601.SH,601601.SH,42.37067027019786,42.59426219774508,41.40922498174483,41.54338013827315,347755.0,1299653839.0
2021-03-25,601601.SH,601601.SH,41.308624036229126,42.30360848527497,41.308624036229126,41.92350206653835,221233.76,829594897.0
2021-03-26,601601.SH,601601.SH,42.258876366214615,43.701044369188615,42.22533757544779,43.05262774769643,406053.7,1563821503.0
2021-03-29,601601.SH,601601.SH,42.66132326001273,43.37681715116599,42.03526610525364,43.24266204657475,340187.64,1305293419.0
2021-03-30,601601.SH,601601.SH,42.92963387208019,43.11968693870138,42.24767875067475,42.88491550346344,309362.42,1177922610.0
2021-03-31,601601.SH,601601.SH,42.929624614527,42.98552256324384,42.12469415300462,42.30356758889849,178711.42,678038408.0
2021-04-01,601601.SH,601601.SH,42.504808538988286,43.22030242286394,42.35947384382604,42.87373507286167,163203.59,626402107.0
2021-04-02,601601.SH,601601.SH,42.65012972733775,42.94079902561056,42.158227837952985,42.53833384338667,225964.7,858764023.0
2021-04-06,601601.SH,601601.SH,42.728396751165214,42.80665388807211,41.88992742716275,41.95700497308295,173561.34,653451471.0
2021-04-07,601601.SH,601601.SH,41.82285358113633,42.0911637885534,39.57575559401834,39.933502537241104,613487.66,2207017135.0
2021-04-08,601601.SH,601601.SH,39.77697778252891,40.80549997364546,39.72107983735954,40.615446960069576,321151.35,1160793306.0
2021-04-09,601601.SH,601601.SH,40.50363472475352,40.693687661634776,39.475112948690224,39.7546025617509,241389.84,857705759.0
2021-04-12,601601.SH,601601.SH,39.86640874821596,40.067641321818854,38.6925520688658,38.96086216700298,317093.81,1112112867.0
2021-04-13,601601.SH,601601.SH,39.240371200393646,39.441603873216174,38.26774661508474,38.65903236779521,302971.04,1048412095.0
2021-04-14,601601.SH,601601.SH,38.70374548250611,39.18446791339801,38.323639374359026,38.849080170915286,311220.9,1076407190.0
2021-04-15,601601.SH,601601.SH,38.39072143145415,38.51369695147337,37.48517442040354,38.077692835041596,376708.35,1277451395.0
2021-04-16,601601.SH,601601.SH,38.07770149404485,38.99442830629138,37.91000756497536,38.8379139724932,258760.61,893390602.0
2021-04-19,601601.SH,601601.SH,38.770847822423654,38.98326019515319,38.01063512002319,38.86028461094135,417104.11,1438625130.0
2021-04-20,601601.SH,601601.SH,38.614349551564764,38.647888361250544,38.04418978690646,38.26778185147833,404513.56,1387499262.0
2021-04-21,601601.SH,601601.SH,38.0553670264475,38.16716305178959,37.664080937750185,37.79823616816069,347500.46,1176839992.0
2021-04-22,601601.SH,601601.SH,38.30130948876135,38.368387088566536,37.65289269064455,37.78704789025492,315045.89,1069929352.9999999
2021-04-23,601601.SH,601601.SH,37.76468936489006,38.17833457107743,37.183350156194294,37.552276961712764,296781.95,999158664.0
2021-04-26,601601.SH,601601.SH,37.54108352819207,37.54108352819207,36.423123923421606,36.46784230761243,431054.34,1419365239.0
2021-04-27,601601.SH,601601.SH,36.60199363511128,37.47400203570342,36.35604254776477,37.22805094835691,350303.04,1155138493.0
2021-04-28,601601.SH,601601.SH,37.172145326737095,37.71994536313112,36.89265551225035,37.49635351154172,325798.27,1088975735.0
2021-04-29,601601.SH,601601.SH,37.23923637564459,38.12242450944102,37.093901619450236,37.76467741727031,445720.12,1503093960.0
2021-04-30,601601.SH,601601.SH,37.88765106796611,37.88765106796611,36.66907509676271,36.76969146135749,336825.71,1118657167.0
2021-05-06,601601.SH,601601.SH,36.736139837233274,37.45163373546302,36.63552350779472,36.85911535099151,274725.16,910049871.0
2021-05-07,601601.SH,601601.SH,37.004466022790815,37.250417156477035,35.92004511517429,36.07655947297461,287415.14,941030647.0
2021-05-10,601601.SH,601601.SH,36.277789722539524,36.57963882038499,36.00947941334354,36.557279627952,225098.64,731478177.0
2021-05-11,601601.SH,601601.SH,36.37842256299724,36.501398177070065,35.74118529007443,36.28898575276246,314870.05,1014407233.0
2021-05-12,601601.SH,601601.SH,36.087763259603015,36.46786981190367,35.84181196105554,36.244277722315054,230431.21,744545251.0
2021-05-13,601601.SH,601601.SH,35.97595781810086,36.2442682555261,35.56231256040361,35.953598614982084,229512.17,736527234.0
2021-05-14,601601.SH,601601.SH,35.99830445576935,38.12242801061288,35.987124858112274,37.921195252785594,568959.38,1899316662.0
2021-05-17,601601.SH,601601.SH,37.79821681658081,38.12242512408772,37.45164931545274,37.79821681658081,301962.32,1019847458.0
2021-05-18,601601.SH,601601.SH,37.87647216688116,38.90499502383306,37.82057418552507,38.23421924756008,371633.2,1278674029.0
2021-05-19,601601.SH,601601.SH,38.111262879665055,38.41311213098537,37.50756437702442,37.74233601694022,262292.39,888841779.0
2021-05-20,601601.SH,601601.SH,37.75350124072414,38.849101809747225,37.507550092576096,38.513713880454446,324552.12,1111169789.0
2021-05-21,601601.SH,601601.SH,38.603135337422515,38.759649642294775,37.362200491649595,37.596971948957986,324569.82,1096931839.0
2021-05-24,601601.SH,601601.SH,37.474013777505675,38.07771209015045,37.339858596917935,37.70878534353419,224127.38,756465608.0
2021-05-25,601601.SH,601601.SH,37.73113803713115,40.213008450240224,37.429288932834105,39.631669434557026,803457.15,2820748659.0
2021-05-26,601601.SH,601601.SH,39.799363381388716,40.022955310497636,39.2403835586164,39.631669434557026,634638.89,2249188014.0
2021-05-27,601601.SH,601601.SH,39.251558628624515,39.67638324494116,38.916170773637695,39.262738223790734,377686.78,1324733246.0
2021-05-28,601601.SH,601601.SH,39.150948795423844,39.57577348252438,38.82674048158395,39.18448758651072,339829.15,1190834843.0
2021-05-31,601601.SH,601601.SH,39.1397666383809,39.1397666383809,37.89883144933197,38.457811264218876,411115.14,1409669354.0
2021-06-01,601601.SH,601601.SH,38.22305719436061,38.24541639716515,36.91504383029504,37.216893068156324,619231.28,2071893224.0
2021-06-02,601601.SH,601601.SH,37.205714143827,37.60817980163282,36.89268529886692,37.47402458236422,365277.22,1218764939.0
2021-06-03,601601.SH,601601.SH,37.39575137485723,37.91001282874166,37.12744105109143,37.21687782568003,241156.98,809360719.0
2021-06-04,601601.SH,601601.SH,37.116245760080005,38.36836007487788,37.07152739169436,37.88763761473226,352373.19,1192007140.0
2021-06-07,601601.SH,601601.SH,37.78703718155295,38.10006589193268,37.5299064551696,37.977090327140644,218139.41,738012973.0
2021-06-08,601601.SH,601601.SH,37.90999570341798,38.62548957691215,37.63050590908431,38.34599978257849,328421.93,1122220900.0
2021-06-09,601601.SH,601601.SH,38.45778167281133,38.972042706808224,38.245369506595225,38.31244703276874,278344.35,959205123.0
2021-06-10,601601.SH,601601.SH,38.05530252012527,38.45776752915127,37.03796041397621,37.1162174990646,445280.49,1499078433.0
2021-06-11,601601.SH,601601.SH,37.172120447969434,37.205659203260836,35.886468161799066,36.34483115078154,547199.8,1783081432.0
2021-06-15,601601.SH,601601.SH,36.344838323196036,36.49017295813961,35.08154495791731,35.34985505319775,548033.03,1740457240.0
2021-06-16,601601.SH,601601.SH,35.31630496781998,35.79702706773016,35.22686829806925,35.495178307321446,259101.11,823774271.0
2021-06-17,601601.SH,601601.SH,35.32748684926139,35.618156044856576,34.20952840466451,34.37722217135404,447783.7,1390251035.0
2021-06-18,601601.SH,601601.SH,34.37723908927834,34.38841867922607,33.56112902309385,34.07539016068955,417525.61,1264747850.0
2021-06-21,601601.SH,601601.SH,33.78473345185068,33.84063142248577,33.091598615975514,33.49406400454819,426340.41,1274457014.0
2021-06-22,601601.SH,601601.SH,33.762369606717435,34.26545127304269,33.65057368086738,34.04185942134258,376340.57,1141913270.0
2021-06-23,601601.SH,601601.SH,33.81828262572049,34.466699284329344,33.78474383303383,34.27664612577158,313292.43,958434703.0
2021-06-24,601601.SH,601601.SH,34.310186727784405,34.62321547603398,34.09777436290076,34.34372552223971,277496.44,853194881.0
2021-06-25,601601.SH,601601.SH,34.43315591985275,34.958596935512844,34.43315591985275,34.71264582179961,360505.4,1119517924.0
2021-06-28,601601.SH,601601.SH,34.66791719052805,34.768533525489275,33.53877832040766,33.8518069180648,413295.44,1250131546.0
2021-06-29,601601.SH,601601.SH,33.59468544544381,33.95243251175136,33.561146657977474,33.61704463708803,301298.31,907563442.0
2021-06-30,601601.SH,601601.SH,33.61705512718411,33.94422841309345,33.500207525073634,33.85075033140507,208204.65,601607511.0
2021-07-01,601601.SH,601601.SH,33.85075591550976,34.446678784578104,33.2898873328572,34.283092114637775,358647.42,1039327151.0
2021-07-02,601601.SH,601601.SH,33.89748216983404,33.92085168529067,32.83416921655762,32.93933203611243,381275.01,1085588329.0
2021-07-05,601601.SH,601601.SH,32.83418345397281,33.14967204943803,32.56543390968762,33.091248235462984,271554.97,763016270.0
2021-07-06,601601.SH,601601.SH,33.05620375159275,34.18962607888314,32.96272562150695,34.0377241174937,390915.17,1126680748.0
2021-07-07,601601.SH,601601.SH,33.862450197301165,34.34152557966463,33.41842911120819,33.757287308489666,259843.92,750800247.0
2021-07-08,601601.SH,601601.SH,33.79233051683578,33.79233051683578,32.483637218811715,32.869234351265234,404460.86,1137883016.0
2021-07-09,601601.SH,601601.SH,32.60049549120929,33.26652711952431,32.355115417619544,32.60049549120929,333554.47,934653718.0
2021-07-12,601601.SH,601601.SH,32.8225071101287,32.8225071101287,31.922780144133714,32.07468209943157,437617.13,1209230403.0
2021-07-13,601601.SH,601601.SH,32.1097445651752,32.71735254093542,31.78257103976584,32.61218962205385,329440.69,912675418.0
2021-07-14,601601.SH,601601.SH,32.460271204466025,32.460271204466025,31.350218733470964,31.361903496323546,482468.48,1305144220.0
2021-07-15,601601.SH,601601.SH,31.46705234212652,33.39503735380527,31.46705234212652,33.14965744322798,719292.26,2008490246.0
2021-07-16,601601.SH,601601.SH,32.84585393184084,33.65210221405252,32.378463623312335,32.76406062784835,462839.54,1300048119.0
2021-07-19,601601.SH,601601.SH,32.54205129483856,32.892594037691396,31.89938959960835,32.892594037691396,356985.42,990214845.0
2021-07-20,601601.SH,601601.SH,32.4836257984138,32.86922279530145,32.03960501411893,32.261615406266365,268175.76,741739225.0
2021-07-21,601601.SH,601601.SH,32.086347923878925,32.83417249311718,32.00455461161849,32.56542303854718,396651.85,1098804305.0
2021-07-22,601601.SH,601601.SH,32.48362354532721,34.24802180264534,32.28498268192053,33.897479102515916,788889.23,2276211562.0
2021-07-23,601601.SH,601601.SH,33.932526164485566,34.39991633204046,33.546929276252776,34.04937370637429,560840.17,1634122930.0
2021-07-26,601601.SH,601601.SH,33.61704486964641,33.66378389622916,31.969494182604304,32.121396018998254,641752.04,1786180143.0
2021-07-27,601601.SH,601601.SH,32.1213992068953,32.273301058364794,30.742597785864508,30.964608184166078,496081.19,1332123463.0
2021-07-28,601601.SH,601601.SH,30.78932167287936,31.642308573114725,30.78932167287936,30.88279968934351,335674.05,893238052.0
2021-07-29,601601.SH,601601.SH,31.268388826240027,31.373551568929177,30.0414901615333,30.205076650160866,537637.08,1399189992.0
2021-07-30,601601.SH,601601.SH,30.146640854830054,30.73087808069885,29.620827351548133,30.40370523421232,344647.66,891793693.0
2021-08-02,601601.SH,601601.SH,30.193375792149833,31.981141464053444,29.690931845144245,31.43195854523338,577903.41,1545276480.0
2021-08-03,601601.SH,601601.SH,31.303434619657395,31.899356667288053,30.976261730762136,31.490390556168972,362765.09,976704664.0
2021-08-04,601601.SH,601601.SH,31.56051235605434,31.572197107019182,30.824373045268914,30.999644309741633,299587.03,794000523.0
2021-08-05,601601.SH,601601.SH,30.847741170790144,31.864314459373002,30.80100216901622,31.163229432764137,377469.82,1013449475.0
2021-08-06,601601.SH,601601.SH,30.83604815067699,31.198275317282135,30.625722699099807,30.847732897986834,260973.08,688816879.0
2021-08-09,601601.SH,601601.SH,30.637400321431176,32.64717639133437,30.567291853876416,32.15641711845103,530340.31,1447433287.0
2021-08-10,601601.SH,601601.SH,32.01621351281842,32.483603491107736,31.618932031272493,32.33170174816371,356399.28,976561181.0
2021-08-11,601601.SH,601601.SH,32.13306100739075,32.90425447156812,32.09800675901905,32.33170174816371,342794.67,955239903.0
2021-08-12,601601.SH,601601.SH,32.24990612189603,32.56539433395806,31.57219070339242,31.665668692151538,307509.76,838810443.0
2021-08-13,601601.SH,601601.SH,31.54882132266193,31.9928417709068,31.408604339005652,31.653984060404134,215173.71,582722390.0
2021-08-16,601601.SH,601601.SH,31.64230565413977,32.20317370118509,31.60725140119944,31.887685424722097,218379.8,596224359.0
2021-08-17,601601.SH,601601.SH,31.899384043976777,32.85753404090209,31.78253648337613,31.876014531856647,465725.66,1287359978.0
2021-08-18,601601.SH,601601.SH,31.677363254508325,33.38333707787912,31.431983457996086,32.951001245928985,605146.03,1687620130.0
2021-08-19,601601.SH,601601.SH,32.63549949303283,32.705607977443215,31.724089195697864,31.77082818530479,462727.94,1269484259.0
2021-08-20,601601.SH,601601.SH,31.54882847313426,31.99284902201541,30.836058644667155,30.92953665495792,465969.36,1244080992.0
2021-08-23,601601.SH,601601.SH,30.964593045513848,31.35018986457119,30.801006516216795,30.98796254969914,283707.02,752185446.0
2021-08-24,601601.SH,601601.SH,30.94123615045875,31.198300801255613,30.555639174263455,31.081453232711585,333779.89,882645258.0
2021-08-25,601601.SH,601601.SH,31.08144802088254,31.245034589413496,30.53226454081431,30.660796844660066,359274.01,945942885.0
2021-08-26,601601.SH,601601.SH,30.497220954323872,30.61406854418718,29.807820174130345,29.90129824602099,445339.78,1148166174.0
2021-08-27,601601.SH,601601.SH,30.134996924998177,30.906191107646443,30.088257883625555,30.590702578381247,333342.52,872122364.0
2021-08-30,601601.SH,601601.SH,30.894494629924303,30.894494629924303,30.099931227944403,30.43878914937701,266791.0,692965735.0
2021-08-31,601601.SH,601601.SH,30.28688945297436,30.789333992510585,29.91297723750554,30.73091020884358,313734.07,815170132.0
2021-09-01,601601.SH,601601.SH,30.49722406680178,32.5537418582796,30.473854546444077,32.098036211304404,749093.59,2036273786.0
2021-09-02,601601.SH,601601.SH,31.864330374722762,32.32003586963079,31.770852324485222,32.21487306311355,357191.81,979407932.0
2021-09-03,601601.SH,601601.SH,32.483618778171774,32.974378486331204,31.852642010538222,32.49530353312795,505645.84,1409450328.0
2021-09-06,601601.SH,601601.SH,32.37846748479379,33.62873670921564,32.226565616406084,33.289878695119995,668384.43,1902703720.0
2021-09-07,601601.SH,601601.SH,33.18471590981618,33.3132482601711,32.60047795365744,33.24313970543205,492896.17,1391333525.0
2021-09-08,601601.SH,601601.SH,33.17304192957209,33.59369339468819,32.612173309417294,32.90429238241458,462983.53,1309824494.0
2021-09-09,601601.SH,601601.SH,32.483644609932625,33.03282852959695,32.2382645607209,32.89261135861882,439597.39,1227371427.0
2021-09-10,601601.SH,601601.SH,32.83420070585951,33.88582990996177,32.76409209225269,33.0678960845489,569680.84,1622996259.0
2021-09-13,601601.SH,601601.SH,33.091272823746266,33.37170733920174,32.79915353681348,33.289913938860565,409521.62,1160251538.0
2021-09-14,601601.SH,601601.SH,33.289914888284095,33.745620988895915,32.308394056197095,32.3668179152499,518736.2,1456148143.0
2021-09-15,601601.SH,601601.SH,32.35512687666319,32.845887197652665,32.13311625526319,32.57713749806319,296729.11,826832112.0
2021-09-16,601601.SH,601601.SH,32.471971992203905,32.81083028215493,32.27333092568089,32.35512430601389,275552.68,766201686.0
2021-09-17,601601.SH,601601.SH,32.14480969848091,32.448613788688284,31.45540810916416,31.747527426671258,319266.88,870435043.0
2021-09-22,601601.SH,601601.SH,31.081510911861766,31.42036948947229,30.80107622694271,31.1983586972447,315833.85,839718470.0
2021-09-23,601601.SH,601601.SH,31.642371758106652,32.19155620147114,31.420361025682716,31.665741308888123,288174.12,781937039.0
2021-09-24,601601.SH,601601.SH,31.607317431934455,32.05133889678233,31.52552400419932,31.665741308888123,193981.14,526968268.00000006
2021-09-27,601601.SH,601601.SH,31.841006719001292,32.810842886956195,31.841006719001292,32.29671287020902,432255.15,1193267022.0
2021-09-28,601601.SH,601601.SH,32.366812729051176,32.857573066459175,31.899421931519754,32.565453818002034,356417.74,991504957.0
2021-09-29,601601.SH,601601.SH,32.343452687677754,33.0912781833466,31.74752924581664,32.70568066214235,392040.77,1090561062.0
2021-09-30,601601.SH,601601.SH,32.5771477709664,32.69399550328694,31.478779087153335,31.71247455179441,454361.85,1239434620.0
2021-10-08,601601.SH,601601.SH,32.460290267320055,34.30648388223602,32.35512733988813,34.23637526394808,1025853.85,2940271207.0
2021-10-11,601601.SH,601601.SH,34.23636568975957,35.22957083775601,34.23636568975957,34.680386814746214,748993.73,2226984656.0
2021-10-12,601601.SH,601601.SH,34.47006791970638,34.995882515091736,33.94425332432103,34.55186130121077,479876.54,1418208590.0
2021-10-13,601601.SH,601601.SH,34.3298614024477,34.51681776134462,33.32497097337673,34.014372546809135,444647.71,1286535023.0
2021-10-14,601601.SH,601601.SH,33.827400521216866,34.30647596901303,33.60538994784792,33.75729191910035,258974.98,750214114.0
2021-10-15,601601.SH,601601.SH,33.60539887427962,34.02605059871428,33.41844255230866,33.65213795477236,301593.29,868808658.0
2021-10-18,601601.SH,601601.SH,33.85078664311425,34.00268868880306,32.98611345996256,33.32497186957606,275022.22,784147601.0
2021-10-19,601601.SH,601601.SH,33.17306558902727,34.52849905444719,33.13801127526641,34.049423433048766,440988.03,1282130832.0
2021-10-20,601601.SH,601601.SH,34.20130877577244,34.69206892902917,33.51190760810227,33.53527713920973,352312.23,1022988983.0
2021-10-21,601601.SH,601601.SH,33.54695006465927,35.136077619098025,33.53526530322957,34.762165253347725,587522.02,1737530371.0
2021-10-22,601601.SH,601601.SH,34.843951285274464,35.171124536779395,34.45835423885795,34.8673208032391,363580.23,1082142295.0
2021-10-25,601601.SH,601601.SH,34.715422513922306,34.715422513922306,34.00265214254928,34.470042550007,302664.69,888051395.0
2021-10-26,601601.SH,601601.SH,34.458373731829816,34.78554716841552,34.002667873728306,34.09614599846707,234198.12,685668127.0
2021-10-27,601601.SH,601601.SH,33.79234209306607,34.458373731829816,33.51190771884975,34.09614599846707,317363.06,924083730.0
2021-10-28,601601.SH,601601.SH,33.79234896293781,34.271424449618465,33.53528406764575,34.026044322294226,285696.1,829104652.0
2021-10-29,601601.SH,601601.SH,33.7923465950068,33.95593333509327,31.712458042478712,32.0162619883536,753264.07,2086908003.0
2021-11-01,601601.SH,601601.SH,32.12142807641135,33.126318150828006,31.724145953967557,33.0094704677563,478896.07,1339349903.0
2021-11-02,601601.SH,601601.SH,32.93937454960289,33.97931932963646,32.20323386261282,32.60051613813127,584357.43,1646018866.0
2021-11-03,601601.SH,601601.SH,32.60051497755754,33.593720630995676,32.48366725362364,32.822525653031946,356217.14,1009328357.0
2021-11-04,601601.SH,601601.SH,32.83421042542534,33.13801450765347,32.448612936443475,32.822525653031946,283873.58,797109734.0
2021-11-05,601601.SH,601601.SH,32.752416972015745,33.102960143318086,32.60051493111806,32.81084083389947,188129.69,529229321.0
2021-11-08,601601.SH,601601.SH,32.70566968863074,33.12632138880606,32.02795306057052,32.834202152573205,242544.57,679985856.0
2021-11-09,601601.SH,601601.SH,32.95106279466704,33.20812782356161,32.24997635222732,32.41356318879659,229152.77,637623278.0
2021-11-10,601601.SH,601601.SH,32.2382801334754,32.40186691197074,31.502139630246347,31.99289996573238,334583.16,909816070.0
2021-11-11,601601.SH,601601.SH,31.84098353898753,33.20810099735874,31.817614009784602,33.18473146815581,407219.49,1142331677.0
2021-11-12,601601.SH,601601.SH,33.1847399408532,33.27821808153166,32.7173492374609,32.95104458915705,198349.77,558800165.0
2021-11-15,601601.SH,601601.SH,33.14967348594049,33.24315159235132,32.79913058689988,33.14967348594049,169284.65,478828364.0
2021-11-16,601601.SH,601601.SH,33.27820174282795,33.75727697859198,33.0912455532615,33.4417884086986,295455.88,845294212.0
2021-11-17,601601.SH,601601.SH,33.4184198909475,33.74559323253719,33.25483322015265,33.3833656043486,177413.81,508896014.0
2021-11-18,601601.SH,601601.SH,33.30157397153424,33.4417911250986,32.5771186781184,32.68228154329167,227453.02,639423730.0
2021-11-19,601601.SH,601601.SH,32.49531226926816,33.24313678751094,32.48362751117062,33.09123493224288,203285.22,571503439.0
2021-11-22,601601.SH,601601.SH,32.915961481379306,33.149656628566945,32.54204924587908,32.55373400323846,234428.67,656721970.0
2021-11-23,601601.SH,601601.SH,32.53034818820746,32.88089073333901,32.40181592165923,32.46023967918116,194296.99,541177210.0
2021-11-24,601601.SH,601601.SH,32.53035006045773,32.693936590934165,32.22654650385862,32.483611051750174,175812.18,487464742.0
2021-11-25,601601.SH,601601.SH,32.48360661633077,32.57708462098208,32.15643360005118,32.51866086807501,203911.08,565012310.0
2021-11-26,601601.SH,601601.SH,32.308322259635766,32.35506124301318,31.922725646772122,31.99283412183824,229445.35,629668602.0
2021-11-29,601601.SH,601601.SH,31.7708236709791,31.92272536561784,31.51375926466739,31.84093214542775,222717.48,604281889.0
2021-11-30,601601.SH,601601.SH,31.87597226261381,32.12135181448877,31.572169007911477,31.653962191869798,242079.71,657845892.0
2021-12-01,601601.SH,601601.SH,31.653968536581164,31.946087109270174,31.653968536581164,31.88766339473237,221272.38,602306556.0
2021-12-02,601601.SH,601601.SH,31.782493704253096,31.91102584791,31.42026675394727,31.759124223588206,228472.29,619356172.0
2021-12-03,601601.SH,601601.SH,31.817558797224375,31.94609098480038,31.33848427989562,31.665657120998183,274429.3,741341571.0
2021-12-06,601601.SH,601601.SH,32.09799077706514,32.506956804439476,31.67734000605155,31.852611160640553,398885.31,1097522896.0
2021-12-07,601601.SH,601601.SH,32.07462976755833,32.64718235721602,31.86430432645958,32.44854166284498,330253.66,912363709.0
2021-12-08,601601.SH,601601.SH,32.53034474050899,32.53034474050899,31.99284622827356,32.41349723784911,234643.99,647305099.0
2021-12-09,601601.SH,601601.SH,32.390127003003215,33.453439253101806,32.30833375299563,32.98604925305847,449799.62,1269347063.0
2021-12-10,601601.SH,601601.SH,32.75235746542122,33.09121524868816,32.68224895853841,32.88088972803971,298804.52,839700252.0
2021-12-13,601601.SH,601601.SH,33.06783282816964,33.874080342354695,32.892561629433764,33.02109384184008,521580.34,1490629075.0
2021-12-14,601601.SH,601601.SH,32.82243858327064,33.091187635394256,32.2966252204201,32.33167944461014,315808.13,880634136.0
2021-12-15,601601.SH,601601.SH,32.41346062503632,32.553677469845425,32.074603250081005,32.16808114662041,186040.66,513209108.0
2021-12-16,601601.SH,601601.SH,32.19143523138912,32.506922981388215,32.0395337221303,32.48355351842532,163172.99,451410663.0
2021-12-17,601601.SH,601601.SH,32.42512350545723,32.58870971413341,32.097951088104864,32.19142892163411,169954.95,470222552.0
2021-12-20,601601.SH,601601.SH,32.132999955257155,32.39006395489921,32.0395221372055,32.109630500744245,218780.37,602928303.0
2021-12-21,601601.SH,601601.SH,32.016164969847495,32.39007638555374,31.969426042884212,32.27322906814554,168864.33,466389054.0
2021-12-22,601601.SH,601601.SH,32.24984413416452,32.35500666938462,31.922671802368647,31.95772598077535,193212.47,529944339.99999994
2021-12-23,601601.SH,601601.SH,31.99276834034227,32.16803916762684,31.75907390396285,31.946029453066387,146026.47,398800829.0
2021-12-24,601601.SH,601601.SH,31.934352156746268,31.946036881282218,31.583810420667827,31.759081288707044,148219.68,402549361.0
2021-12-27,601601.SH,601601.SH,31.782437617121065,31.946023693091544,31.54874322287753,31.700644579135826,204236.94,554054124.0
2021-12-28,601601.SH,601601.SH,31.618839461515734,32.13296693243469,31.548731170026784,31.74737132924547,278236.24,758546735.0
2021-12-29,601601.SH,601601.SH,31.899259271272015,31.945998112695122,31.57208738131025,31.618826222733357,197635.57,536490324.0
2021-12-30,601601.SH,601601.SH,31.66557933530142,31.805795922764005,31.560416894704478,31.630525188435772,165661.15,449154447.0
2021-12-31,601601.SH,601601.SH,31.66557733868856,31.84084806196543,31.57209961960756,31.68894676845881,189032.27,512142759.0
2022-01-04,601601.SH,601601.SH,31.712308566798598,31.89926395997059,31.455244901187115,31.85252511167759,287015.76,778519366.0
2022-01-05,601601.SH,601601.SH,31.81745566618195,32.57696158549955,31.79408625327987,32.24978980487043,461226.61,1272337622.0
2022-01-06,601601.SH,601601.SH,32.238120125649736,32.36665195652402,32.01611059959416,32.08621887098013,240406.51,661217716.0
2022-01-07,601601.SH,601601.SH,32.15633856753677,32.95089925888579,32.15633856753677,32.62372720950679,440716.6,1230495732.0
2022-01-10,601601.SH,601601.SH,32.717199816744554,32.95089410114987,32.35497367591631,32.84573167316748,287999.7,806151024.0
2022-01-11,601601.SH,601601.SH,32.82236162499585,33.23132661498334,32.55361320300407,32.798992196996565,315345.01,889146925.0
2022-01-12,601601.SH,601601.SH,32.70551595187754,32.88078666973326,32.22644265640523,32.565299377592964,246975.81,687248241.0
2022-01-13,601601.SH,601601.SH,32.55362566185674,33.28976292556707,32.51857150644196,32.64710340962948,309571.12,873335557.0
2022-01-14,601601.SH,601601.SH,32.65877176859009,32.65877176859009,31.60714763292887,31.67725590863962,454162.67,1240413228.0
2022-01-17,601601.SH,601601.SH,31.665562803300556,31.829148736601734,31.513661579520882,31.65387809377904,232143.52,628689397.0
2022-01-18,601601.SH,601601.SH,31.735656786306844,32.191360252678706,31.64217915217928,32.109567322817085,256570.18,701937547.0
2022-01-19,601601.SH,601601.SH,32.05113684896159,32.600317830332784,31.992713340305077,32.31988498878154,243505.63,674192040.0
2022-01-20,601601.SH,601601.SH,32.40167064492644,33.46497826435966,32.40167064492644,33.2897077776399,757758.05,2149029364.0
2022-01-21,601601.SH,601601.SH,33.184545814983174,33.47666329574887,32.845689537294966,32.96253652960125,408783.29,1156629529.0
2022-01-24,601601.SH,601601.SH,32.95086625302354,33.04434388778389,32.28483810535604,32.54190160094701,279325.19,776773591.0
2022-01-25,601601.SH,601601.SH,32.273155009307686,32.36663264872639,31.607126828449413,31.653865648158767,325556.77,890229102.0
2022-01-26,601601.SH,601601.SH,31.782403135334185,31.91093491271973,31.455231338352807,31.805772549404285,336136.07,912499025.0
2022-01-27,601601.SH,601601.SH,31.665558042609504,31.735666289198306,31.420179179548693,31.43186388731349,277849.86,750237255.0
2022-01-28,601601.SH,601601.SH,31.548705198251188,31.595444020767115,30.64898286481958,30.684036981706527,413405.31,1098936655.0
2022-02-07,601601.SH,601601.SH,31.081327048522542,31.700616647609642,30.847632860187783,31.431868331024674,313363.87,839699363.0
2022-02-08,601601.SH,601601.SH,31.420180297327292,32.086208663615004,31.36175675642486,32.02778512271257,307691.85,838027058.0
2022-02-09,601601.SH,601601.SH,32.086213542219824,32.460124260847294,31.86420405303476,31.969366442648738,269835.68,741190074.0
2022-02-10,601601.SH,601601.SH,31.969371212826804,32.58866093295832,31.805785249018477,32.57697622125772,378475.81,1049295443.9999999
2022-02-11,601601.SH,601601.SH,32.576988650905264,34.09600175155723,32.48351092163438,33.687036685997086,911259.5,2608663072.0
2022-02-14,601601.SH,601601.SH,33.40661531971888,33.52346252265599,32.541946017984294,32.62373906004027,405112.1,1138238384.0
2022-02-15,601601.SH,601601.SH,32.495223179192486,32.834080234998524,32.168050849448726,32.378375918569716,248205.11,688396400.0
2022-02-16,601601.SH,601601.SH,32.541951473710334,32.88080841903801,32.3900500844255,32.541951473710334,158499.75,441933025.0
2022-02-17,601601.SH,601601.SH,32.44848443361058,32.84576512167063,32.23815936346114,32.30826772017762,196643.92,546686189.0
2022-02-18,601601.SH,601601.SH,32.132999986561586,32.83408362263202,32.09794580475806,32.69386689541793,207756.42,577943158.0
2022-02-21,601601.SH,601601.SH,32.50691670813272,32.623764000397756,32.23816793592314,32.48354724967972,171457.07,474869654.0
2022-02-22,601601.SH,601601.SH,32.226494278660894,32.33165687782984,31.80584388198512,31.969430147359034,212252.49,581331463.0
2022-02-23,601601.SH,601601.SH,32.05123815802845,32.20313976067313,31.735750214074105,31.817543384728936,211745.46,576615340.0
2022-02-24,601601.SH,601601.SH,31.6656351425142,31.7357435598039,30.987920442047105,31.151506749056406,456514.01,1223051517.0
2022-02-25,601601.SH,601601.SH,31.268346276471586,31.4669867423535,30.941173744430774,31.058021077302488,294585.62,785181606.0
2022-02-28,601601.SH,601601.SH,31.116448439110375,31.139817908460063,30.707482725490827,30.894438480288333,238665.8,629717016.0
2022-03-01,601601.SH,601601.SH,30.987904979583664,31.23328431765729,30.847688214970162,31.18654539611946,233862.99,621221178.0
2022-03-02,601601.SH,601601.SH,30.976214121906022,31.10474613071061,30.871051569247722,30.89442102539401,178216.77,472320605.0
2022-03-03,601601.SH,601601.SH,31.02295943260969,31.163176198406795,30.92948158874495,31.046328893575872,159257.36,422909189.0
2022-03-04,601601.SH,601601.SH,30.847683384908244,30.859368113463137,30.450402614042,30.73083609935935,220382.61,577818280.0
2022-03-07,601601.SH,601601.SH,30.497126291594444,30.497126291594444,29.819412374003456,29.936259601174317,340218.29,874959006.0
2022-03-08,601601.SH,601601.SH,29.877841108123427,29.97131890588056,28.861270057514613,28.90800895639318,374532.92,940174860.0
2022-03-09,601601.SH,601601.SH,28.97810792339312,29.071585690887936,27.412355317854946,28.008276085634396,381431.32,920346864.0
2022-03-10,601601.SH,601601.SH,28.5107171086391,28.60419486965103,28.136806064591372,28.136806064591372,216469.62,525169912.0
2022-03-11,601601.SH,601601.SH,27.6927795473431,28.452286159401034,27.400661619628508,28.230276534337943,257651.89,616006820.0
2022-03-14,601601.SH,601601.SH,27.8213239055311,28.10175724183213,27.51752112453832,27.529205846884196,199325.5,473771985.0
2022-03-15,601601.SH,601601.SH,27.318869235711368,27.318869235711368,25.145511802930226,25.29741312887729,579497.86,1299133764.0
2022-03-16,601601.SH,601601.SH,25.62457703747341,26.52429998862957,24.981917786647582,26.360713997510267,518258.98,1140092994.0
2022-03-17,601601.SH,601601.SH,26.87484346366092,27.272123758341127,26.442509025332463,26.757996318166743,401623.23,921427777.0
2022-03-18,601601.SH,601601.SH,26.547671343739403,27.832989938726787,26.465878342240202,27.564241505229422,438935.7,1023908651.0
2022-03-21,601601.SH,601601.SH,27.23706828764036,27.283807143560807,26.641147874654663,26.793049156396116,308975.28,711163202.0
2022-03-22,601601.SH,601601.SH,26.44250887235162,27.365601316415155,26.337346442015267,27.213700028151536,278434.98,643429966.0
2022-03-23,601601.SH,601601.SH,27.260448944806036,27.400665570325828,26.898222662213243,27.20202535083946,216154.93,502929748.0
2022-03-24,601601.SH,601601.SH,27.003384572421442,27.38898028461959,26.92159154256123,27.096862320833115,186998.33,435202066.0
2022-03-25,601601.SH,601601.SH,27.120240516610103,27.38898913008793,26.956654404058384,27.02676273800912,174158.2,404242027.0
2022-03-28,601601.SH,601601.SH,24.537916839212414,26.54768907556695,24.537916839212414,26.337364074087986,391686.54,876237000.0
2022-03-29,601601.SH,601601.SH,26.313983808771138,26.629471181256406,26.173767198777686,26.255560221273864,184787.03,416900478.0
2022-03-30,601601.SH,601601.SH,26.454212084974476,26.793069041893318,26.243887077231747,26.73464542863145,247623.92,562730415.0
2022-03-31,601601.SH,601601.SH,26.606106793102207,27.061810862022273,26.559367914238614,26.781377588840694,182480.5,418437853.0
2022-04-01,601601.SH,601601.SH,26.606096150659493,27.16696247267603,26.430825425029326,27.108538897465973,231905.03,534210068.0
2022-04-06,601601.SH,601601.SH,27.05010341195958,27.80960955527594,26.99167986247371,27.599284777126798,288064.76,676209908.0
2022-04-07,601601.SH,601601.SH,27.552533063848536,27.75117303928765,27.108514295219933,27.108514295219933,199532.58,467951661.0
2022-04-08,601601.SH,601601.SH,26.991674630026832,27.377269981884357,26.956620507130694,27.353900566620265,146899.51,341703316.0
2022-04-11,601601.SH,601601.SH,27.20199276860081,27.20199276860081,26.313955203990126,26.39574813757269,255783.76,583211113.0
2022-04-12,601601.SH,601601.SH,26.53596013180053,26.87481651393272,25.91667088169686,26.67617656578626,265101.87,599219028.0
2022-04-13,601601.SH,601601.SH,26.477540363583028,26.909874429537386,26.384062727701004,26.59438740843556,157453.34,359154416.0
2022-04-14,601601.SH,601601.SH,26.722923515917103,26.804716460653186,26.535968213663203,26.65281527757189,147329.41,336393868.0
2022-04-15,601601.SH,601601.SH,26.52427172641692,27.0267138780627,26.465848220411594,26.781335152840345,173701.46,398092173.0
2022-04-18,601601.SH,601601.SH,26.430794401010488,26.582695518257676,25.940036945288806,26.080253361209287,199644.47,446080942.0
2022-04-19,601601.SH,601601.SH,26.010145247960548,26.12699226165309,25.47264898497484,25.671288908252166,206333.42,455139360.0
2022-04-20,601601.SH,601601.SH,25.70633416070308,25.904974015581242,25.43758612175027,25.484324911133367,162816.04,357057486.0
2022-04-21,601601.SH,601601.SH,25.47265086218637,26.17373299600801,25.437596755495285,25.65960609787214,270765.49,599902039.0
2022-04-22,601601.SH,601601.SH,25.706352310961336,26.407434646714826,25.507712315831178,25.963415834070947,264030.18,589170058.0
2022-04-25,601601.SH,601601.SH,25.390874630455887,25.68299237816017,24.304196608995973,24.315881318904143,363635.66,777523103.0
2022-04-26,601601.SH,601601.SH,24.31587908007115,24.467780294891394,23.603111841299242,23.731643638454834,346164.87,712297240.0
2022-04-27,601601.SH,601601.SH,23.474589915446447,24.05882560273979,23.264265068020848,23.813446614076586,302168.07,614493031.0
2022-04-28,601601.SH,601601.SH,23.568074481158813,23.86019240978002,23.35774957255154,23.86019240978002,294912.5,596342073.0
2022-04-29,601601.SH,601601.SH,23.860187568914064,24.514531596269197,23.66154741775268,24.30420673033362,282396.14,581732843.0
2022-05-05,601601.SH,601601.SH,24.245783156462622,24.80664946562417,24.035458290527043,24.30420673033362,249284.41,521557080.0
2022-05-06,601601.SH,601601.SH,23.941978662703896,24.245781222601558,23.275949973697497,23.439535967488542,229279.69,463130035.0
2022-05-09,601601.SH,601601.SH,23.334379503996722,24.070516664112798,23.311010070342245,24.058831947285558,209345.72,425843661.0
2022-05-10,601601.SH,601601.SH,23.719976443645493,24.1639957071226,23.708291726185568,23.95367079284397,245760.2,503320020.0
2022-05-11,601601.SH,601601.SH,23.930290338153743,24.339255260924922,23.90692091399539,24.10556101934139,279853.36,578130031.0
2022-05-12,601601.SH,601601.SH,23.96533616011869,24.4911480212622,23.953651452093276,24.350931524957264,202643.05,420956360.0
2022-05-13,601601.SH,601601.SH,24.561265310367894,24.91180668016382,24.537895885714832,24.75990541991892,164316.94,347374927.0
2022-05-16,601601.SH,601601.SH,24.876757492108446,24.993604638619054,24.140620469091616,24.19904404234692,160299.74,333866660.0
2022-05-17,601601.SH,601601.SH,24.385994708100167,24.73653607908388,24.24577815970668,24.67811251725326,152782.7,320860498.0
2022-05-18,601601.SH,601601.SH,24.748220791450006,24.75990550381613,24.187354597876066,24.292517009171178,176815.8,368129732.0
2022-05-19,601601.SH,601601.SH,24.012084228332686,24.222409053690345,23.860182965574378,23.977030090773074,213426.83,437617987.0
2022-05-20,601601.SH,601601.SH,24.093882957491452,24.83002002166311,23.988720519752643,24.71317286861999,283957.53,595580757.0
2022-05-23,601601.SH,601601.SH,24.841703379174625,25.028658813825047,24.491161939205085,24.584639656530296,191269.47,403990543.0
2022-05-24,601601.SH,601601.SH,24.596331104069318,24.911818486401796,24.199050696687674,24.24578956814434,220903.7,464344802.0
2022-05-25,601601.SH,601601.SH,24.42105360128203,24.608009035550218,24.269152310939127,24.362630028073227,159623.44,333227421.0
2022-05-26,601601.SH,601601.SH,24.397683310498362,24.88844130812333,24.187358454373374,24.818333022748334,221033.62,465061154.0
2022-05-27,601601.SH,601601.SH,24.970237824661904,25.180562710410108,24.8183365182882,24.8884448135376,209103.64,447227466.0
2022-05-30,601601.SH,601601.SH,25.075391108115603,25.09876053132913,24.537894374204456,24.631372067058567,162522.72,344652858.0
2022-05-31,601601.SH,601601.SH,24.537906152393756,24.981925406579926,24.421058980239497,24.830024082779392,208964.4,443102063.0
2022-06-01,601601.SH,601601.SH,24.783286680037264,24.888449141197253,24.53790760399729,24.68980893678394,154058.9,325427687.0
2022-06-02,601601.SH,601601.SH,24.57295102818486,24.771591145863958,24.479473325747637,24.619689879403474,134947.01,283664177.0
2022-06-06,601601.SH,601601.SH,24.619681487381126,24.84169095499396,24.257455513907555,24.818321537350503,229497.4,482438734.0
2022-06-07,601601.SH,601601.SH,24.713149701683125,25.122114353956842,24.64304147557906,25.0403214235021,245471.44,523350954.0
2022-06-08,601601.SH,601601.SH,25.051999597598858,25.285693623695863,24.841674974111555,25.19221601325706,206565.22,442423184.0
2022-06-09,601601.SH,601601.SH,25.16884661064736,25.507702948488014,25.005260792379456,25.19221601325706,237319.49,512531262.0
2022-06-10,601601.SH,601601.SH,25.016945172954237,25.566126127241414,24.771566448698263,25.51938732262123,341554.51,737225660.0
2022-06-13,601601.SH,601601.SH,25.203904274421987,25.29738189806379,24.74820085916818,24.876732591675662,266530.59,569101868.0
2022-06-14,601601.SH,601601.SH,24.643047854215713,25.531085614727992,24.50283136571377,25.48434678522734,331891.76,707689816.0
2022-06-15,601601.SH,601601.SH,25.379176414646572,27.868018300613297,25.379176414646572,27.342206634563986,1069173.6,2476215023.0
2022-06-16,601601.SH,601601.SH,27.307164869812997,27.330534287758923,26.360703443003043,26.360703443003043,526845.59,1200901665.0
2022-06-17,601601.SH,601601.SH,26.220495732764793,27.026740922408628,26.056909752257347,26.746307812967295,338244.99,770311753.0
2022-06-20,601601.SH,601601.SH,26.734617574376724,27.435700203075417,26.54766220672374,26.909888231551403,329372.76,759474626.0
2022-06-21,601601.SH,601601.SH,26.909899672282332,28.14847950956497,26.793052517821703,27.31886471289452,449936.83,1061051710.9999999
2022-06-22,601601.SH,601601.SH,27.2253798636113,27.69276835912394,27.050109177794056,27.143586876896588,356380.09,834072213.0
2022-06-23,601601.SH,601601.SH,27.22537121244893,27.903084315591435,27.143578251724833,27.762867811492985,369655.44,872652570.0
2022-06-24,601601.SH,601601.SH,27.73949877283946,28.008247076030408,27.260425710629512,27.388957507807795,373710.52,881872261.0
2022-06-27,601601.SH,601601.SH,27.57591743928874,27.809611654875933,27.260430248246028,27.51749388539194,270840.36,637967181.0
2022-06-28,601601.SH,601601.SH,27.435692167593746,27.459061581705836,27.015042713576126,27.318845097033293,246837.54,574868972.0
2022-06-29,601601.SH,601601.SH,27.22535598095749,27.73948287501849,27.178617172406494,27.26041008737074,242492.63,569056096.0
2022-06-30,601601.SH,601601.SH,27.283788872257208,27.786231236928327,27.178626516860927,27.494113583049767,229975.53,541769733.0
2022-07-01,601601.SH,601601.SH,27.63432799552709,27.90307621704807,27.29547154230498,27.412318595140196,167348.78,393965880.0
2022-07-04,601601.SH,601601.SH,27.400629266366412,27.517476299485246,26.909871727267312,27.28378223324758,223247.9,518634860.0
2022-07-05,601601.SH,601601.SH,27.237056181901007,27.868030456385206,27.085154967673333,27.307164434621477,321861.07,757356121.0
2022-07-06,601601.SH,601601.SH,27.307158324422264,27.37726656145544,26.793031252845637,27.05009478863395,236543.61,547027762.0
2022-07-07,601601.SH,601601.SH,26.991684342865778,27.16695502041685,26.8164136653147,26.87483722449839,180017.02,414998055.0
2022-07-08,601601.SH,601601.SH,27.038433825956112,27.237074005317066,26.71126176583218,26.734631198698178,222380.72,511556609.0
2022-07-11,601601.SH,601601.SH,26.869029109599285,26.869029109599285,26.355841650480066,26.51468538782649,162153.23,352630981.0
2022-07-12,601601.SH,601601.SH,26.526892482011963,26.942329766391698,26.526892482011963,26.69795489322715,178282.35,390029451.0
2022-07-13,601601.SH,601601.SH,26.63685137832506,26.820132465790596,26.160320550914655,26.24585172506524,197861.61,428063272.0
2022-07-14,601601.SH,601601.SH,26.33138898048173,26.368045206440634,25.598264461303582,25.818201817057023,283149.85,598498470.0
2022-07-15,601601.SH,601601.SH,25.757098722655535,25.9892547358104,25.085068158259876,25.085068158259876,260138.74,542210037.0
2022-07-18,601601.SH,601601.SH,25.182808009506772,25.573807454584024,25.14615181153078,25.537151256608034,174813.92,363220101.0
2022-07-19,601601.SH,601601.SH,25.537157586121207,25.696001150054023,25.3783140221884,25.634907471618327,134617.69,281296307.0
2022-07-20,601601.SH,601601.SH,25.757096544812075,25.879283909825418,25.61047170679607,25.671565389302742,121276.9,255284709.0
2022-07-21,601601.SH,601601.SH,25.586029198244113,25.65934160282361,25.170592238960303,25.268342111732963,128629.7,267345028.99999997
2022-07-22,601601.SH,601601.SH,25.268330232204107,25.695985724528647,25.121705491978553,25.366080059021147,154616.14,321288627.0
2022-07-25,601601.SH,601601.SH,25.304983090553726,25.439389084757536,25.158358369604112,25.280545637062126,91865.2,190043996.0
2022-07-26,601601.SH,601601.SH,25.341641706316288,25.512703897197884,25.30498552255595,25.427172801757084,118076.41,245682624.0
2022-07-27,601601.SH,601601.SH,25.256098622215394,25.414942009776496,25.03616162405386,25.097255234654288,132330.84,272710149.0
2022-07-28,601601.SH,601601.SH,25.182782634126973,25.512688083482345,25.08503287135501,25.08503287135501,160337.02,331621836.0
2022-07-29,601601.SH,601601.SH,25.15834852046626,25.353848071863762,24.584068588236093,24.6695996419725,228899.85,465941394.0
2022-08-01,601601.SH,601601.SH,24.571856135736198,24.620731036055908,24.278606733817913,24.327481634137627,205353.75,409941521.0
2022-08-02,601601.SH,601601.SH,24.193073858363103,24.205292582533993,23.508825304793234,23.814293409065495,275974.34,536988691.0
2022-08-03,601601.SH,601601.SH,23.887616068062282,24.07089700976097,23.423304349092277,23.45996053743201,231308.36,448211093.0
2022-08-04,601601.SH,601601.SH,23.618807918131957,23.740995232762753,23.521058066427326,23.692120306910436,169223.68,327471485.0
2022-08-05,601601.SH,601601.SH,23.704341542437767,24.11977845606812,23.631029145914763,24.05868479229895,162006.1,316128101.0
2022-08-08,601601.SH,601601.SH,24.009817987303112,24.205317777530517,23.814318197075707,23.899849355300194,131460.86,257658277.0
2022-08-09,601601.SH,601601.SH,23.887630618410984,24.009817987303112,23.802099460186497,23.899849355300194,114826.71,224738116.0
2022-08-10,601601.SH,601601.SH,23.899854334949055,23.97316677155933,23.582167109637872,23.69213576455328,99880.23,193910779.0
2022-08-11,601601.SH,601601.SH,23.887636180176422,24.620760564222753,23.765448782835364,24.461916947679384,303710.59,603586890.0
2022-08-12,601601.SH,601601.SH,24.32752281104715,24.730741421175,24.1931166076712,24.571897726276152,172104.81,344908157.0
2022-08-15,601601.SH,601601.SH,24.535252491782778,24.779627516601334,24.315314969446078,24.4130649793735,148567.64,298009034.0
2022-08-16,601601.SH,601601.SH,24.498596386087776,24.62078389923534,24.24200260847788,24.26644011110739,115629.68,230992831.0
2022-08-17,601601.SH,601601.SH,24.315326111538788,24.681888816737864,24.119826002099277,24.535263734658233,203258.56,407067075.0
2022-08-18,601601.SH,601601.SH,24.474173691105783,24.559705002058223,24.20536099954096,24.3031110692009,122504.61,243891812.0
2022-08-19,601601.SH,601601.SH,24.20536099954096,24.657455071718154,24.20536099954096,24.3031110692009,163744.08,327768901.0
2022-08-22,601601.SH,601601.SH,24.254233278207746,24.486389667268675,24.156483219655772,24.193139491612765,143999.14,286419743.0
2022-08-23,601601.SH,601601.SH,24.119824734870626,24.278668565444754,23.85101209851442,23.973199660494515,168329.68,330702820.0
2022-08-24,601601.SH,601601.SH,24.107602235939265,24.74297745959301,24.046508464434094,24.0831647273372,336429.77,673033813.0
2022-08-25,601601.SH,601601.SH,24.119821609002358,24.91404065894418,24.10760285438787,24.767415603570306,280109.28,562522764.0
2022-08-26,601601.SH,601601.SH,24.767423525725423,24.914048627999083,24.49861083822372,24.791861042771032,193641.79,391942508.0
2022-08-29,601601.SH,601601.SH,24.547491884440873,24.730773307171887,24.339772938679054,24.645241976564083,201448.02,404128772.0
2022-08-30,601601.SH,601601.SH,24.620814773342868,25.12178420545555,24.596377240069078,25.0118153057235,272877.76,557188808.0
2022-08-31,601601.SH,601601.SH,24.926284200771317,25.757160340797025,24.87740913371098,25.622753906381103,389615.08,812411149.0
2022-09-01,601601.SH,601601.SH,25.41503681229233,25.781599843238855,25.353942973801242,25.439474347688762,220135.02,461078342.0
2022-09-02,601601.SH,601601.SH,25.51279083919887,25.903791465086975,25.256196678459805,25.35394683493183,206844.36,430635344.0
2022-09-05,601601.SH,601601.SH,25.28063633437733,25.58610559892998,24.962948299242573,25.53723051660155,196802.79,407239492.0
2022-09-06,601601.SH,601601.SH,25.62275072806673,25.91600109405319,25.439469249325196,25.757157145810524,233095.47,490269701.0
2022-09-07,601601.SH,601601.SH,25.73271529790588,25.75715282430465,25.39058992832309,25.6349651923108,135342.89,283068418.0
2022-09-08,601601.SH,601601.SH,25.683838528765797,25.915995014040085,25.561650904937228,25.598307192085795,142025.96,298867946.0
2022-09-09,601601.SH,601601.SH,25.720494756015682,26.306995349026966,25.586088370117263,26.233682774900554,280469.06,599665190.0
2022-09-13,601601.SH,601601.SH,26.038186969358506,26.698000247793686,25.94043685403478,26.2947810220833,252008.28,543073223.0
2022-09-14,601601.SH,601601.SH,25.989306239523202,26.478056709471925,25.87933738378474,25.977087477774486,141691.56,302002271.0
2022-09-15,601601.SH,601601.SH,25.97709176868711,26.368092209231783,25.84268536724987,26.03818558752221,204708.56,437452159.0
2022-09-16,601601.SH,601601.SH,25.916006414751713,26.087069163363935,25.268411723576868,25.512787078737187,397199.45,829328920.0
2022-09-19,601601.SH,601601.SH,25.427246639278206,25.634965617109888,24.804089705783163,24.950714866605527,189051.59,387756454.0
2022-09-20,601601.SH,601601.SH,25.121775279523398,25.133994041818887,24.510837164748995,24.55971221393095,138805.49,280572692.0
2022-09-21,601601.SH,601601.SH,24.535282322536546,24.877407773249207,24.400875895470858,24.74300134618352,115996.39,234230630.0
2022-09-22,601601.SH,601601.SH,24.64525547497902,24.840755766302596,24.5352865611095,24.755224388848536,81366.01,164455933.0
2022-09-23,601601.SH,601601.SH,24.767453384710567,25.280641861354795,24.620828105669357,24.914078663751773,175893.73,359350526.0
2022-09-26,601601.SH,601601.SH,24.804119563792874,24.87743223245433,24.315368439383157,24.315368439383157,167588.5,336347524.0
2022-09-27,601601.SH,601601.SH,24.254282661844396,24.559752216779465,24.254282661844396,24.474220741397644,116830.37,233288157.0
2022-09-28,601601.SH,601601.SH,24.51087083820446,24.852996652496447,24.315370372894755,24.535308396368173,148398.07,298950476.0
2022-09-29,601601.SH,601601.SH,24.718595473020518,24.77968938175265,24.16875029443133,24.205406639670606,144782.05,289247065.0
2022-09-30,601601.SH,601601.SH,24.229835490907625,24.98739968679077,24.229835490907625,24.840774358555322,195189.41,395419225.0
2022-10-10,601601.SH,601601.SH,24.694160167859994,25.048504870911916,24.54753477349368,24.571972339221396,152039.07,308050827.0
2022-10-11,601601.SH,601601.SH,24.59640059150488,24.889651269197937,24.20539968791414,24.266493579100196,188321.27,375454456.0
2022-10-12,601601.SH,601601.SH,24.21762782109813,25.305099504285685,24.21762782109813,25.305099504285685,222121.18,450865879.0
2022-10-13,601601.SH,601601.SH,25.170685762696454,25.341748675646812,24.98740407024963,25.280654778164546,145737.5,300181019.0
2022-10-14,601601.SH,601601.SH,25.500603511993774,25.78163555836457,25.292884173371874,25.415072019620048,170722.04,357464451.0
2022-10-17,601601.SH,601601.SH,25.292878333744934,25.59834787883847,25.292878333744934,25.40284736997861,105822.67,220162705.0
2022-10-18,601601.SH,601601.SH,25.573910689665993,25.62278581759655,24.97519037251662,25.03628428242982,119696.31,246845628.0
2022-10-19,601601.SH,601601.SH,25.048514786863276,25.341765691685087,24.620857217331462,24.620857217331462,127042.66,258870634.0
2022-10-20,601601.SH,601601.SH,24.620861402877185,24.791924459770627,24.437579556205648,24.437579556205645,146907.08,295295420.0
2022-10-21,601601.SH,601601.SH,24.54754866420857,24.76748688021442,24.254297709534107,24.27873528909031,143081.24,286018546.0
2022-10-24,601601.SH,601601.SH,24.315392305110567,24.37648625562592,22.9713253937728,22.9713253937728,391115.0,752145765.0
2022-10-25,601601.SH,601601.SH,22.995756562291678,23.154600789342577,22.543661454531428,22.78803718845589,262446.85,488670541.0
2022-10-26,601601.SH,601601.SH,22.763590018164567,22.92243417824838,22.348151445637676,22.75137123661966,383303.33,711092541.0
2022-10-27,601601.SH,601601.SH,22.62918987968819,22.849128010268313,22.433689319172526,22.690283804849336,194868.76,362462442.0
2022-10-28,601601.SH,601601.SH,22.629193749644042,22.739162833740583,21.993816819308464,22.006035606430302,258291.21,471665339.0
2022-10-31,601601.SH,601601.SH,22.054906524732463,23.36231649600469,21.896062322615276,23.252347433000484,435525.9,815021008.0
2022-11-01,601601.SH,601601.SH,23.25234190155543,25.21956578287462,23.24012311968388,25.21956578287462,553935.11,1115443746.0
2022-11-02,601601.SH,601601.SH,24.987420783275887,25.244015324326643,24.865232906585053,25.134046235304893,209210.09,429453202.0
2022-11-03,601601.SH,601601.SH,25.0485190885514,25.0485190885514,24.620861445576132,24.950768770157055,169264.35,344305025.0
2022-11-04,601601.SH,601601.SH,25.011862321210923,26.27039765051465,24.92633079397669,26.11155338565107,352840.91,748054140.0
2022-11-07,601601.SH,601601.SH,25.793867044276844,26.588088435976513,25.793867044276844,26.355931413787378,210791.29,454061809.0
2022-11-08,601601.SH,601601.SH,26.27038867091688,26.465889237770213,26.02601296235021,26.404795310628543,134431.8,288550131.0
2022-11-09,601601.SH,601601.SH,26.392567936344665,26.429224280700694,25.683878612128,25.757191300840066,197057.09,417922157.0
2022-11-10,601601.SH,601601.SH,25.74498103652182,26.1359821723399,25.635011967072984,26.001575531902436,143227.62,303829689.0
2022-11-11,601601.SH,601601.SH,26.60028481082655,27.162348706691514,26.392565544963418,26.905754319448814,321811.04,704579496.0
2022-11-14,601601.SH,601601.SH,27.28452480807883,28.017651314341588,27.272306032974456,27.406712559122628,484901.85,1098045292.0
2022-11-15,601601.SH,601601.SH,27.370044400709606,28.371983526092727,27.247856702492157,27.809920114292442,298596.46,680460242.0
2022-11-16,601601.SH,601601.SH,27.797698402651186,27.809917171179826,27.113447365047467,27.24785381886248,224819.82,503043786.0
2022-11-17,601601.SH,601601.SH,27.333386396870054,27.907668542892804,27.16232362996966,27.87101223569986,216594.77,488636385.0
2022-11-18,601601.SH,601601.SH,27.871021683912286,28.286459972931585,27.736615178641337,28.042084508802585,180128.43,413359761.0
2022-11-21,601601.SH,601601.SH,27.91989757130608,28.02986653329372,27.260083799380247,27.907678797751895,238341.96,539154116.0
2022-11-22,601601.SH,601601.SH,27.9076698748886,29.105109300343543,27.67551325158611,28.73854621091856,347081.28,812238033.0
2022-11-23,601601.SH,601601.SH,28.59192824907088,29.153991795847485,28.200927520878455,28.433084203242707,284069.59,666440880.0
2022-11-24,601601.SH,601601.SH,28.408643020038117,28.836300011737617,27.968767257147206,28.054298655487106,168941.03,390050046.0
2022-11-25,601601.SH,601601.SH,28.29867227579403,29.312830220047438,27.858796540937128,29.141767434269756,340092.92,805873596.0
2022-11-28,601601.SH,601601.SH,28.71412473504461,28.7752186174596,28.103185910894723,28.653030852629623,277226.35,644692755.0
2022-11-29,601601.SH,601601.SH,28.94626804549264,29.960426022603606,28.48195475476713,29.862675856135084,610231.57,1477142763.0
2022-11-30,601601.SH,601601.SH,29.532758755155022,30.119259549630584,29.325039723778257,29.74047778653178,380080.56,926017622.0
2022-12-01,601601.SH,601601.SH,30.180339452994588,30.22921449664316,29.325026189144538,29.54496388556312,284427.8,691125757.0
2022-12-02,601601.SH,601601.SH,29.56939069545331,29.65492199085338,29.056202923052883,29.141734218452957,223575.52,534623555.00000006
2022-12-05,601601.SH,601601.SH,29.569396413291294,30.98677243971352,29.508302619048955,30.962334922016588,431288.5,1076084360.0
2022-12-06,601601.SH,601601.SH,30.60798085712471,31.17004357945115,30.30251198629512,31.084512295618865,290221.79,732893022.0
2022-12-07,601601.SH,601601.SH,30.937881660086063,31.096725444280818,30.05813147069973,30.363600286458873,280965.99,701459416.0
2022-12-08,601601.SH,601601.SH,30.3269551237912,30.620205294206585,30.168111281482865,30.55911150870338,200636.99,499489312.0
2022-12-09,601601.SH,601601.SH,30.461371043371237,31.096746612667385,29.862651756919096,30.88902767655134,428135.53,1071152754.0
2022-12-12,601601.SH,601601.SH,30.791265702816908,30.791265702816908,29.30057744260117,29.373889979988824,394464.21,962808589.0
2022-12-13,601601.SH,601601.SH,29.53274339048039,30.180337680797088,29.44721206911781,29.984837517682614,255592.81,624786104.0
2022-12-14,601601.SH,601601.SH,30.058165052784254,30.119258884192348,29.386132907295174,29.97263368881292,169599.28,414131303.0
2022-12-15,601601.SH,601601.SH,29.850453383674903,30.168141385302228,29.447233996994072,29.544984151340937,122348.14,296831630.0
2022-12-16,601601.SH,601601.SH,29.386141839249216,30.192580658954185,29.3372667592671,30.19258065895418,206524.91,504649220.0
2022-12-19,601601.SH,601601.SH,29.960412062339135,30.217006129757213,29.20284862520005,29.33725504146667,217201.83,525442109.00000006
2022-12-20,601601.SH,601601.SH,29.190626628920842,29.508314486749196,28.921813826143005,29.14175157387033,149142.01,355686462.0
2022-12-21,601601.SH,601601.SH,29.227273969353345,29.520524209848528,28.958461248899425,29.325024049518404,98314.89,235869819.0
2022-12-22,601601.SH,601601.SH,29.54497159877054,29.752690588505487,29.17840867570887,29.26394002442326,104017.81,250839172.0
2022-12-23,601601.SH,601601.SH,28.94625004446396,29.55718820496341,28.848499938784045,29.28837541434365,110600.81,265265789.99999997
2022-12-26,601601.SH,601601.SH,29.508319762588833,29.67938248585022,28.653006146281914,28.68966244412364,168334.12,398569210.0
2022-12-27,601601.SH,601601.SH,29.129534203498267,29.606066013035363,28.860721387861958,29.483878369564312,131219.02,314658087.0
2022-12-28,601601.SH,601601.SH,29.471662349590954,30.11925692029092,29.325037163772095,29.65494383186453,234252.67,570360426.0
2022-12-29,601601.SH,601601.SH,29.447232380895468,29.56942006712325,28.68966872628322,29.166200702571572,187404.11,444851955.0
2022-12-30,601601.SH,601601.SH,29.11733034242723,30.229238467127555,29.11733034242723,29.9604255139033,225470.24,551338091.0
2023-01-03,601601.SH,601601.SH,29.716044635718184,29.838232319253212,28.860730850973006,29.227293901578086,353814.37,844820581.0
2023-01-04,601601.SH,601601.SH,29.569426403958932,30.302552678437255,29.312832207891518,30.192583737265505,343673.93,840836301.0
2023-01-05,601601.SH,601601.SH,30.54692390000605,30.90126821724612,30.40029866528602,30.546923900006053,320951.63,804811384.0
2023-01-06,601601.SH,601601.SH,30.571361439126054,30.74242421296609,30.119266965405966,30.339204817486007,210415.06,522435282.0
2023-01-09,601601.SH,601601.SH,30.53469197929944,30.54691074359688,30.02150387880701,30.412504336325053,256981.07,636320285.0
2023-01-10,601601.SH,601601.SH,30.40028706939267,30.436943364090492,29.386129582752964,29.520535996644977,297575.27,725642049.0
2023-01-11,601601.SH,601601.SH,29.691585256408597,30.827929877332878,29.544960144031272,30.644648486861218,347104.39,864921722.0
2023-01-12,601601.SH,601601.SH,30.779063280465643,31.035657297492147,30.436937924430293,31.011219772061054,224525.52,565129054.0
2023-01-13,601601.SH,601601.SH,31.035668563615147,31.707700756921774,30.852387056349706,31.707700756921774,254814.24,655266522.0
2023-01-16,601601.SH,601601.SH,31.805451500410054,32.318639730535764,31.70770136133849,32.04982684808896,382211.78,1003229485.0
2023-01-17,601601.SH,601601.SH,32.01317007551931,32.0376076099281,30.91348102712361,31.597731990569823,223476.69,573692252.0
2023-01-18,601601.SH,601601.SH,31.475559708737762,31.76881026503035,31.121215286550882,31.53665357463205,187728.77,484286853.0
2023-01-19,601601.SH,601601.SH,31.512205320950162,31.7443619324655,31.231173633326335,31.57329916608578,148160.91,382029743.0
2023-01-20,601601.SH,601601.SH,31.634397343051553,32.50193006277217,31.524428406748942,32.123148171063164,285787.48,753800724.0
2023-01-30,601601.SH,601601.SH,32.844049338848066,33.11286224266304,31.585516198259768,31.76879772358816,373925.09,988162922.0
2023-01-31,601601.SH,601601.SH,32.074276877977944,32.5752465358816,31.475557042922354,31.52443213149832,225837.04,590251173.0
2023-02-01,601601.SH,601601.SH,31.683265441673782,31.756578049714676,31.26782732944204,31.756578049714673,181074.59,466951835.0
2023-02-02,601601.SH,601601.SH,31.829880647039474,32.07425593031809,31.45109895795762,31.58550536376086,202149.67,524214525.0
2023-02-03,601601.SH,601601.SH,31.46330661742118,31.524400416678308,30.840149864998466,31.157837621135535,229984.56,585560428.0
2023-02-06,601601.SH,601601.SH,31.035661566813726,31.304474383534163,30.595786048543925,31.206724268363093,200298.2,508332440.0
2023-02-07,601601.SH,601601.SH,31.280024194946947,31.365555511105008,30.75461753854745,31.035649005923922,178203.37,452909552.0
2023-02-08,601601.SH,601601.SH,31.035663469138992,31.75657061271348,30.986788408557672,31.463320249225553,157388.11,405617111.0
2023-02-09,601601.SH,601601.SH,31.341137001265963,32.72185765668236,31.341137001265963,32.611888754923534,322612.29,855252872.0
2023-02-10,601601.SH,601601.SH,32.5141434934556,32.5752373369232,32.013173977021296,32.28198688827873,163837.33,431847561.0
2023-02-13,601601.SH,601601.SH,32.07428091974755,33.18618932496547,31.671061388185013,33.14953300391433,353160.47,944312250.0
2023-02-14,601601.SH,601601.SH,32.99070422917663,34.05373803211677,32.80742253901454,33.91933145933123,297896.9,819552165.0
2023-02-15,601601.SH,601601.SH,33.711612112872146,34.06595671282622,33.589424319784534,33.76048723010719,138005.31,381615912.0
2023-02-16,601601.SH,601601.SH,34.04152530196851,34.591370470162545,33.47946135225905,33.62608673044413,260935.29,728773130.0
2023-02-17,601601.SH,601601.SH,33.54055130224853,34.05374006534304,33.125112779743446,33.13733155981713,162178.14,445423323.0
2023-02-20,601601.SH,601601.SH,33.43057836503185,35.09233226036969,33.43057836503185,35.04345714580093,402574.36,1134062761.0
2023-02-21,601601.SH,601601.SH,34.82350867345853,35.043446622975104,34.53025807410309,34.994571523082534,183128.88,521632330.0
2023-02-22,601601.SH,601601.SH,34.76239750337018,35.128960570189555,34.53024089438458,34.5791159699605,155599.55,442729568.0
2023-02-23,601601.SH,601601.SH,34.493596779294485,35.177848079202555,34.12703358291516,34.22478376861631,175080.07,493468711.0
2023-02-24,601601.SH,601601.SH,34.09036129034558,34.310299105122,33.71157949823063,33.797110870643685,177061.75,491648913.0
2023-02-27,601601.SH,601601.SH,33.833762233870345,33.9437311252047,33.29613654290238,33.47941802845964,216030.9,593280347.0
2023-02-28,601601.SH,601601.SH,33.51606777282666,33.91928696221903,33.27169250652825,33.748224275810145,152394.04,419108770.0
2023-03-01,601601.SH,601601.SH,33.72378350605656,35.06784734144287,33.46718950111917,35.06784734144287,295626.54,838840899.0
2023-03-02,601601.SH,601601.SH,34.762368003218675,35.42218096356096,34.67683669354468,35.10449324191468,148016.61,425559754.0
2023-03-03,601601.SH,601601.SH,35.3732905637939,35.6543218877895,34.67682163041351,34.82344666901991,129770.61,371335119.0
2023-03-06,601601.SH,601601.SH,34.66460225840654,34.823446047394654,33.931477078461384,34.22472715043945,209906.22,588392024.0
2023-03-07,601601.SH,601601.SH,34.53019373221409,34.627943749856584,33.43050603373593,33.47938104255718,250462.44,696662950.0
2023-03-08,601601.SH,601601.SH,33.47938523364318,33.66266653966677,32.990635084246925,33.186135144005426,184552.84,501666930.0
2023-03-09,601601.SH,601601.SH,33.222792494482,33.32054252756616,32.51410475462177,32.795136099738755,203344.82,546348604.0
2023-03-10,601601.SH,601601.SH,32.50189830859792,32.62408589622423,31.780991541602706,31.87874161170375,329128.51,863398533.0
2023-03-13,601601.SH,601601.SH,32.03757313336681,33.07616722807931,32.01313562525593,32.9539796875249,214565.35,575299338.0
2023-03-14,601601.SH,601601.SH,32.575194759954634,32.91731983620323,31.854288349287973,32.049788392858595,249616.79,657833740.0
2023-03-15,601601.SH,601601.SH,32.45301183729269,32.69738692642894,32.13532422141559,32.29416802935414,161463.6,428312654.0
2023-03-16,601601.SH,601601.SH,32.013150945559815,32.45302630206369,31.866525826725187,32.07424474507424,127652.04,335768897.0
2023-03-17,601601.SH,601601.SH,32.25753512399785,33.797099300370476,32.22087883408422,32.91734834244326,291346.37,790121381.0
2023-03-20,601601.SH,601601.SH,33.02733273610296,34.261428409927014,32.990676428959674,33.63827118849111,310255.51,853924692.0
2023-03-21,601601.SH,601601.SH,33.62606252245157,34.00484447673791,32.379747705122334,32.453060341435815,322077.34,866857888.0
2023-03-22,601601.SH,601601.SH,32.58745573507903,32.709643420624886,32.0253923815681,32.123142530004785,277448.3,732940473.0
2023-03-23,601601.SH,601601.SH,32.135355250945246,33.137294083864454,32.037605120904345,33.11285655135423,278984.9,747857371.0
2023-03-24,601601.SH,601601.SH,32.86849135309482,33.07621044343036,31.86655221147631,32.123146381890805,282271.83,744489134.0
2023-03-27,601601.SH,601601.SH,31.915413650989073,31.96428871017895,30.302536697723163,31.21894405753334,502559.65,1273426620.0
2023-03-28,601601.SH,601601.SH,31.292247804975176,31.646591883985046,30.925684964620135,31.35334161170102,254608.76,653410085.0
2023-03-29,601601.SH,601601.SH,31.707690551733528,31.878753236791052,31.18228373334257,31.402221471273666,174848.69,451046653.0
2023-03-30,601601.SH,601601.SH,31.341142504181978,31.915424647533463,30.864610512890323,31.463330194256763,178994.3,459129635.0
2023-03-31,601601.SH,601601.SH,31.463332015051332,32.11092680992424,31.463332015051332,31.671051100199247,190204.27,495487235.0
2023-04-03,601601.SH,601601.SH,31.622166424322394,32.5019175767765,31.60994765831609,32.20866719262513,264867.08,697093642.0
2023-04-04,601601.SH,601601.SH,32.1597984344415,32.47748641289722,31.952079371605056,32.404173802484365,186263.76,491290492.0
2023-04-06,601601.SH,601601.SH,32.391969430506684,32.391969430506684,31.92765602486381,32.00096866786006,122951.27,322499111.0
2023-04-07,601601.SH,601601.SH,32.0742897495613,33.11288579859472,32.03763341841895,32.64857227079154,190567.01,510417970.0
2023-04-10,601601.SH,601601.SH,32.66080320952992,34.0293067484253,32.62414686473807,33.601649392520486,274110.55,753626157.0
2023-04-11,601601.SH,601601.SH,33.528349139263476,33.78494364798233,32.79522197149532,32.941847405048954,245046.06,663452288.0
2023-04-12,601601.SH,601601.SH,33.186227263892235,34.1148551254739,32.96628908614921,33.72385392059741,229047.57,631583130.0
2023-04-13,601601.SH,601601.SH,33.540565809386464,33.980442082296456,33.30840888757287,33.84603544335174,197644.27,545085146.0
2023-04-14,601601.SH,601601.SH,34.15150990832426,34.15150990832426,33.47947661853612,33.68719599901609,140571.5,387627570.0
2023-04-17,601601.SH,601601.SH,33.50390925123335,35.04347619713248,33.32062747195965,35.04347619713248,332848.8,941548106.0
2023-04-18,601601.SH,601601.SH,35.04348679463139,37.24286881103085,35.04348679463139,37.01071182041091,717101.38,2157234566.0
2023-04-19,601601.SH,601601.SH,37.14510242548505,37.365040531951735,36.766320131014645,36.961820670096145,343653.77,1043256264.0
2023-04-20,601601.SH,601601.SH,37.022905870919274,37.75603271984836,36.58302976156182,37.621626130878035,419591.05,1277608549.0
2023-04-21,601601.SH,601601.SH,37.0595804800465,37.340612577323476,36.04542117248176,36.14317146718679,348711.38,1041470818.0
2023-04-24,601601.SH,601601.SH,36.52194499284811,37.487228918721314,36.52194499284811,36.74188310254074,341330.96,1034911650.0
2023-04-25,601601.SH,601601.SH,36.668566781344246,37.51166278531384,36.485285041350856,36.65634799867802,268594.17,810986068.0
2023-04-26,601601.SH,601601.SH,36.65633553477187,36.839617212445724,35.36114501254326,35.93542760258802,276139.83,811464937.0
2023-04-27,601601.SH,601601.SH,36.26533466864302,38.73352793113153,35.97208398399093,38.3303082397349,616567.11,1912195564.0
2023-04-28,601601.SH,601601.SH,37.97597948069518,39.56442135086583,37.242852463693346,38.13482366771225,767163.26,2428653189.0
2023-05-04,601601.SH,601601.SH,38.4891787602774,41.788251225444036,37.53611338145148,41.641625782547735,787196.29,2606817051.0
2023-05-05,601601.SH,601601.SH,41.458346163558666,42.36253644239844,40.49306194695945,40.810750423308555,535710.09,1808426608.0
2023-05-08,601601.SH,601601.SH,40.81073546832415,43.23005451704516,40.590797372985875,42.68020927869947,750702.19,2605754722.0
2023-05-09,601601.SH,601601.SH,42.14258095509872,42.863489124524875,41.17729713501963,41.61717330619491,461085.2,1587211495.0
2023-05-10,601601.SH,601601.SH,41.61717023859,41.78823318143799,39.34447685503811,39.78435299379009,567947.99,1866374016.0
2023-05-11,601601.SH,601601.SH,40.10204667805489,40.62745435848035,39.21007549965818,39.478888731503766,337594.26,1097073484.0
2023-05-12,601601.SH,601601.SH,39.46667447474712,39.74770652209053,38.57470319404851,38.672453471385346,337744.76,1076906332.0
2023-05-15,601601.SH,601601.SH,38.867968854965476,41.5438837179763,38.012653601948315,40.99403819817955,636808.44,2075212355.0
2023-05-16,601601.SH,601601.SH,40.93292885667624,41.42168024600969,39.99208243220935,40.28533326580943,397716.7,1323505747.0
2023-05-17,601601.SH,601601.SH,40.26090027553728,40.26090027553728,37.65829883132197,38.244800565229646,677067.32,2127338579.0
2023-05-18,601601.SH,601601.SH,38.28145619971377,39.41780328767208,37.87823626527695,38.77020763539477,280984.27,892302365.0
2023-05-19,601601.SH,601601.SH,38.110411103334066,38.819101018048194,37.475033938417944,37.890472853940025,270336.65,840931707.0
2023-05-22,601601.SH,601601.SH,38.159285256787676,38.97794427446452,37.43837656957972,38.66025570044067,256577.1,806147348.0
2023-05-23,601601.SH,601601.SH,38.354768435078824,38.64801929281756,36.778545074733124,36.778545074733124,374576.85,1142592803.0
2023-05-24,601601.SH,601601.SH,36.77855924979737,36.9496223160755,35.04349100611922,35.190116491500476,502195.02,1461607984.0
2023-05-25,601601.SH,601601.SH,35.129014686455484,35.36117165307902,34.456981362018944,34.982389233851144,239056.62,681442933.0
2023-05-26,601601.SH,601601.SH,34.982383161714715,35.312290372810175,34.42031902429282,34.77466380658054,230278.79,657332011.0
2023-05-29,601601.SH,601601.SH,34.77467159472067,34.933515843045114,34.078200659759645,34.37145157974324,317316.61,892313749.0
2023-05-30,601601.SH,601601.SH,34.408124891835605,34.89687666586736,33.98046708955781,34.35924971443243,282572.5,795631460.0
2023-05-31,601601.SH,601601.SH,34.33480196706471,34.33480196706471,33.552799359985656,34.02933219867445,240871.55,668637492.0
2023-06-01,601601.SH,601601.SH,33.9926649174706,34.79910484721648,33.67497646029797,34.456978816415194,370988.73,1043371116.0
2023-06-02,601601.SH,601601.SH,34.70134264120358,35.666626468194806,34.54249846714173,34.88462438050571,410221.97,1172425500.0
2023-06-05,601601.SH,601601.SH,34.68912562284965,35.26340843520398,34.322562125602204,34.83575102174863,198527.81,565320685.0
2023-06-06,601601.SH,601601.SH,34.750208937094435,36.65633854123885,34.62802114195697,35.76436763673538,462630.73,1363193661.0
2023-06-07,601601.SH,601601.SH,36.00873482660773,36.6441112130969,35.556640090067354,35.825453176658925,393654.49,1159827425.0
2023-06-08,601601.SH,601601.SH,35.61774249769508,36.61968242387381,35.373366905944174,36.35086927294781,354619.58,1047508777.0
2023-06-09,601601.SH,601601.SH,36.473064104048966,37.3039412762685,36.399751412382535,36.42418897627134,748387.53,2256674297.0
2023-06-12,601601.SH,601601.SH,36.57080819280917,37.38946644503711,36.04540065779721,36.37530771466518,406954.39,1223043050.0
2023-06-13,601601.SH,601601.SH,36.28976961963239,36.558582727925966,35.6910495147967,36.35086350788093,247140.35,731442823.0
2023-06-14,601601.SH,601601.SH,36.64410489291698,37.120637100594124,35.93541596867917,36.192010234351486,244139.87,728252747.0
2023-06-15,601601.SH,601601.SH,36.41196453387963,36.80296549531727,34.94571092848851,35.14121140920733,467173.02,1355388633.0
2023-06-16,601601.SH,601601.SH,35.28784865617566,35.495567986908,34.39587741244269,34.823534858068086,395741.09,1125722296.0
2023-06-19,601601.SH,601601.SH,34.67690571140345,34.701343277091546,33.711621866723796,34.01709143782495,409208.54,1139649010.0
2023-06-20,601601.SH,601601.SH,34.06596376685942,34.09040133053722,33.07624243790834,33.27174294733077,333159.43,909689069.0
2023-06-21,601601.SH,601601.SH,33.2106409787526,33.406141440732014,32.50195180407724,32.52638936182466,280524.31,754172225.0
2023-06-26,601601.SH,601601.SH,32.26980876266517,32.318683898996355,31.561119285862983,31.756619831187724,290692.39,757544498.0
2023-06-27,601601.SH,601601.SH,31.70774750064122,32.78300059507529,31.487809367688794,32.58750003245092,338911.9,893887049.0
2023-06-28,601601.SH,601601.SH,32.72189657303981,33.27174173576825,32.599708759100146,33.027366107888945,304175.0,820439018.0
2023-06-29,601601.SH,601601.SH,33.255937344364284,33.68766772607806,32.51945610497019,33.319427106381006,250238.77,656082840.0
2023-06-30,601601.SH,601601.SH,33.24322383238468,33.4082971363652,32.951171063803756,32.98926490318388,182397.05,475900387.0
2023-07-03,601601.SH,601601.SH,33.06544628492043,34.7669707865254,32.760695627916554,34.53840779377249,438877.45,1179467287.0
2023-07-04,601601.SH,601601.SH,34.411414251341874,34.906633866029075,34.030476086197865,34.70346684461894,296227.07,807878842.0
2023-07-05,601601.SH,601601.SH,34.47488859790088,35.08438939079195,34.34790926604858,34.3987009987895,177213.05,483115950.0
2023-07-06,601601.SH,601601.SH,34.19554701274352,35.6685078198279,34.15745319876719,34.817745974356754,322377.47,889072032.0
2023-07-07,601601.SH,601601.SH,34.48758283867051,35.427229793774195,34.48758283867051,34.881218725268,270727.94,746502520.0
2023-07-10,601601.SH,601601.SH,35.17326428717404,35.3129415099751,34.068544434111175,34.19552372756668,266140.27,720350105.0
2023-07-11,601601.SH,601601.SH,34.512960660723294,34.57645028666282,34.15741875546198,34.39867933403216,145638.82,394003186.0
2023-07-12,601601.SH,601601.SH,34.36058975518118,35.68117413601593,34.36058975518118,34.93199645842699,299915.22,830361894.0
2023-07-13,601601.SH,601601.SH,35.49068954260889,36.506523232558344,35.10975190887785,36.32875233681719,369877.29,1047689581.0
2023-07-14,601601.SH,601601.SH,36.36686257695666,37.052550628337826,36.2525812350598,36.79859209078925,268100.18,776264451.0
2023-07-17,601601.SH,601601.SH,36.54462486576194,36.78588541908003,35.56688472863072,35.68116604336034,237807.32,673712111.0
2023-07-18,601601.SH,601601.SH,35.87162944646873,35.87162944646873,35.020868677295844,35.07166036500766,250522.26,694496928.0
2023-07-19,601601.SH,601601.SH,34.81771572714931,35.10976804725304,34.589153041850736,34.982788777642725,231649.18,635305943.0
2023-07-20,601601.SH,601601.SH,35.1097831334815,35.23676245765322,33.979667148353165,34.13204233735923,236976.33,642697644.0
2023-07-21,601601.SH,601601.SH,34.03045723304499,34.37330139173611,33.408258574679614,33.62412341533699,268306.32,713845689.0
2023-07-24,601601.SH,601601.SH,33.154295879937294,33.59872343864959,33.02731657744807,33.192389670684065,246049.67,644917330.0
2023-07-25,601601.SH,601601.SH,34.27171443323707,36.50655020213286,34.24631857222689,36.50655020213286,723062.97,2028101017.0
2023-07-26,601601.SH,601601.SH,36.82399689804812,37.458893396290335,36.379569349278576,37.3065182367122,511660.16,1490235630.0
2023-07-27,601601.SH,601601.SH,37.29382077146786,38.030300718606135,36.519247033960355,36.68432012556031,885778.81,2594730773.0
2023-07-28,601601.SH,601601.SH,36.27798529462236,39.42707187252447,36.06212048887907,38.855665033792235,1290947.48,3851836005.0
2023-07-31,601601.SH,601601.SH,38.91914739333403,39.46515827030413,37.94140698573641,37.9668028404792,847809.76,2567143118.0
2023-08-01,601601.SH,601601.SH,37.83981821207321,38.85565225803491,37.31920326351784,37.68744310517896,518922.76,1549234472.0
2023-08-02,601601.SH,601601.SH,37.45886326559526,38.15724885190297,37.07792567306378,37.43346742609316,343003.76,1011179319.0
2023-08-03,601601.SH,601601.SH,37.433455779028804,38.63975778004907,37.2429870420256,38.52547653784715,539210.68,1618125823.0
2023-08-04,601601.SH,601601.SH,39.401648566609445,40.08733629545151,38.41121073605981,38.538189945104634,637006.14,1964177201.0
2023-08-07,601601.SH,601601.SH,37.8652181804891,37.8652181804891,37.00175914753362,37.306509394459084,443688.96,1304562384.0
2023-08-08,601601.SH,601601.SH,36.98904919408035,37.62394533541369,36.430340589707015,37.17951803648035,255122.17,744778235.0
2023-08-09,601601.SH,601601.SH,36.95095944610553,37.54776188389486,36.92556359768896,37.34459509656232,206408.7,606968322.0
2023-08-10,601601.SH,601601.SH,37.40809832397641,37.82712997526332,37.02716045917013,37.738244473475184,245429.99,724600062.0
2023-08-11,601601.SH,601601.SH,37.6112819950048,38.06840763707778,36.08752985476153,36.25260300328788,431870.26,1250633346.0
2023-08-14,601601.SH,601601.SH,35.59230646699618,36.32878658654158,35.36374367127519,36.11292172391621,273932.05,772839392.0
2023-08-15,601601.SH,601601.SH,35.88434689244752,37.192233562625184,35.88434689244752,36.79859776868821,277806.44,802140072.0
2023-08-16,601601.SH,601601.SH,36.67162211421525,37.179539318013255,36.18910077060716,36.39226765212636,250334.74,721871824.0
2023-08-17,601601.SH,601601.SH,36.2018069074658,36.30339037125385,35.452628862028945,35.96054618096918,299909.6,845196153.0
2023-08-18,601601.SH,601601.SH,36.189103695856474,37.484292670234495,36.08752024688565,36.214499558099185,281111.91,814938134.0
2023-08-21,601601.SH,601601.SH,35.87166707611066,35.87166707611066,34.53838387505168,34.53838387505168,425216.49,1170650965.0
2023-08-22,601601.SH,601601.SH,34.792338578020455,35.55421460527638,34.61456750499408,35.3256517970996,253431.76,700510549.0
2023-08-23,601601.SH,601601.SH,35.198661044134376,35.55420307488321,34.627254209002324,34.690743857350334,152984.51,421580178.0
2023-08-24,601601.SH,601601.SH,34.51297504139472,34.88121502528009,33.90347437841203,34.2717143622974,259925.74,703016953.0
2023-08-25,601601.SH,601601.SH,33.97967084827338,35.12248489025566,33.97967084827338,34.66535927346275,230146.05,626928597.0
2023-08-28,601601.SH,601601.SH,37.66207057798651,37.7001643783014,35.50342189347616,35.681192961612304,534971.82,1545185983.0
2023-08-29,601601.SH,601601.SH,35.55422298697544,35.858973469720944,34.55108598127149,35.21137869388675,387165.14,1070256136.0
2023-08-30,601601.SH,601601.SH,35.3510502100755,35.65580064292097,34.57647619325991,35.43993575298877,306490.96,849566093.0
2023-08-31,601601.SH,601601.SH,35.42724441772901,36.35419382364091,35.12249392811413,35.17328567638328,293828.05,823536432.0
2023-09-01,601601.SH,601601.SH,35.55423460661014,37.76367632859234,35.427255197300816,37.14147722297666,495405.27,1441109287.0
2023-09-04,601601.SH,601601.SH,37.027182961391446,39.04615487183769,36.88750565941089,38.58902915626496,558519.03,1694663287.0
2023-09-05,601601.SH,601601.SH,38.4747499702368,38.51284378208852,37.96683247888054,38.11920772628742,246265.41,740736870.0
2023-09-06,601601.SH,601601.SH,37.916036326110266,38.85568357598708,37.89064045449197,38.703308346277325,318340.58,965192034.0
2023-09-07,601601.SH,601601.SH,38.63982549351466,38.8556904404058,38.04302240505091,38.52554405104288,241901.11,733485848.0
2023-09-08,601601.SH,601601.SH,38.23348316201123,38.665212961914385,37.68747194448666,38.42395219138027,186554.7,559778378.0
2023-09-11,601601.SH,601601.SH,38.42394326096406,39.14772540434639,37.7255569822618,37.916025967362415,327071.67,980224391.0
2023-09-12,601601.SH,601601.SH,37.52237484612852,37.712843753976884,37.00175983134298,37.2557183751408,246722.08,723012649.0
2023-09-13,601601.SH,601601.SH,37.53507721809122,37.53507721809122,36.68431599562434,36.88748285472091,143877.34,418927283.0
2023-09-14,601601.SH,601601.SH,37.116029069542705,37.31919583831201,36.811278916388744,37.128726992590785,200910.2,586693794.0
2023-09-15,601601.SH,601601.SH,37.33189345462765,37.966789601815194,36.938257843371375,37.090632918696386,245867.16,722013196.0
2023-09-18,601601.SH,601601.SH,36.84936237738942,37.458862513197374,36.45572687301345,37.31918539874139,191233.14,559695362.0
2023-09-19,601601.SH,601601.SH,37.24298700037667,37.827091126533276,36.90014327415432,37.63662238974308,170376.01,503318712.0
2023-09-20,601601.SH,601601.SH,37.64931419537687,37.64931419537687,36.76046023460912,37.24298095616876,202692.23,592000505.0
2023-09-21,601601.SH,601601.SH,37.052518410889355,37.31917464345573,36.76046634665,37.039820495052865,137232.46,400619416.0
2023-09-22,601601.SH,601601.SH,37.128696326326526,37.77628986690199,36.544592348552584,37.64931074129896,242619.58,710776992.0
2023-09-25,601601.SH,601601.SH,37.458845613137385,37.64931431964486,37.07790820012242,37.40805395806872,195051.16,574397610.0
2023-09-26,601601.SH,601601.SH,37.382644968165515,37.87786343071933,36.82393695913043,37.217572147314236,202912.34,594990683.0
2023-09-27,601601.SH,601601.SH,37.31914695117571,37.458823921731316,36.798532788195715,36.81123069460986,141069.9,411401085.0
2023-09-28,601601.SH,601601.SH,36.9382045649212,37.06518361120831,35.99855962239656,36.303309333485636,223616.39,640221198.0
2023-10-09,601601.SH,601601.SH,35.93506349326297,36.29060475750727,35.4271474014854,36.125532027679554,167178.29,472412564.0
2023-10-10,601601.SH,601601.SH,36.633460022725956,36.684251648407376,35.71921076046035,35.75730447972141,118540.24,336520170.0
2023-10-11,601601.SH,601601.SH,36.1890454581367,36.59537860012279,35.89699351233419,36.277930832946154,167099.69,477059649.0
2023-10-12,601601.SH,601601.SH,37.11598193636216,38.38577262867698,36.97630496020753,37.95404379328994,410718.27,1221439154.0
2023-10-13,601601.SH,601601.SH,37.471524789168114,38.271492956473296,37.14137919631201,38.15721178971541,222894.73,664685380.0
2023-10-16,601601.SH,601601.SH,38.13180401471664,38.3222725662387,37.52230464984605,37.85245013915095,172591.7,514334110.0
2023-10-17,601601.SH,601601.SH,38.16988811389573,39.19841803313244,37.915930109145926,38.830178926245225,309130.96,939505243.0
2023-10-18,601601.SH,601601.SH,38.58893269640034,39.084150983718416,38.34767250514282,38.42385993396099,147074.66,447373012.0
2023-10-19,601601.SH,601601.SH,38.09372600056651,38.33498626523677,37.204872393886625,37.30645566322147,207626.16,613025288.0
2023-10-20,601601.SH,601601.SH,36.91280579154612,37.15406596011832,35.808088177557636,36.214421093047655,298754.57,852838739.0
2023-10-23,601601.SH,601601.SH,35.89695641142498,36.6207365725326,35.56681107477941,36.163612260254105,182185.39,518559138.0
2023-10-24,601601.SH,601601.SH,36.41756121574119,36.620727526568196,35.4525212393129,36.188999116060806,220012.01,624182171.0
2023-10-25,601601.SH,601601.SH,36.92549371863453,37.204847522558175,35.960453305080115,36.44297351185732,209140.62,601031055.0
2023-10-26,601601.SH,601601.SH,36.31600215286469,36.912803586845335,35.7065028160334,36.201721027208826,189260.41,539876791.0
2023-10-27,601601.SH,601601.SH,35.04621790849202,35.21129067400303,33.979593885190084,34.91923885809893,453104.93,1237357194.0
2023-10-30,601601.SH,601601.SH,34.44941319833791,35.31287066147354,33.7764242932469,34.46211110220755,400925.12,1084499508.0
2023-10-31,601601.SH,601601.SH,34.57639054247961,35.427150060050714,34.41131780026432,35.23668151134077,251366.76,694575287.0
2023-11-01,601601.SH,601601.SH,35.414452478752956,35.554129415743375,34.5509950500849,34.9192342476051,182493.87,501956962.0
2023-11-02,601601.SH,601601.SH,35.30017785663174,35.401761102262334,34.42402236306786,34.43672026877169,157874.11,432410223.0
2023-11-03,601601.SH,601601.SH,34.55100726838252,34.6525905312076,34.06848676996335,34.20816375634785,235796.85,637015123.0
2023-11-06,601601.SH,601601.SH,34.411318531787686,34.79225563730563,34.14466255792512,34.36052691771862,342538.7,928207522.0
2023-11-07,601601.SH,601601.SH,34.15736940647537,34.27165056805837,32.709808026424,32.874880815377225,575691.2,1500305195.0
2023-11-08,601601.SH,601601.SH,32.798709130174586,32.82410495605936,31.871761485380652,32.036834353631626,568128.01,1442333532.0
2023-11-09,601601.SH,601601.SH,32.04951925523003,32.36696694991337,31.490811312587358,31.871748546207364,511812.13,1284444255.0
2023-11-10,601601.SH,601601.SH,31.693978231061795,31.70667613900693,30.48767697627379,30.65274977956057,650352.25,1575059168.0
2023-11-13,601601.SH,601601.SH,30.652742087908948,30.843210659291977,30.208315421348544,30.767023230738765,395176.83,952958018.0
2023-11-14,601601.SH,601601.SH,30.754324125935657,30.932094785623146,30.386084902297288,30.589251370511562,457606.72,1101591295.0
2023-11-15,601601.SH,601601.SH,30.89401286529923,31.38923132059996,30.728940046865656,31.236856411276662,572916.35,1402989527.0
2023-11-16,601601.SH,601601.SH,31.07177330842981,31.109867023152038,30.42418015815195,30.690836161207542,390343.31,943798486.0
2023-11-17,601601.SH,601601.SH,30.474963730169005,30.678130155036797,30.132120388204605,30.6781301550368,268896.01,644581946.0
2023-11-20,601601.SH,601601.SH,30.678130761773613,30.93208879788101,30.538453841914546,30.817807681632683,240755.22,583144131.0
2023-11-21,601601.SH,601601.SH,30.97017766420611,31.706655853842825,30.93208396474214,31.287625159739175,472489.27,1169629597.0
2023-11-22,601601.SH,601601.SH,31.084443321951824,31.45268223385403,31.008255960868613,31.084443321951827,207637.39,510358457.0
2023-11-23,601601.SH,601601.SH,31.03363973971188,31.52885739513281,30.932056630907585,31.503461617931737,242006.87,596345853.0
2023-11-24,601601.SH,601601.SH,31.46537235958118,31.541559701856198,31.211414551997795,31.274904003893642,174507.76,430434023.0
2023-11-27,601601.SH,601601.SH,31.93519288024278,31.93519288024278,30.90666380537214,31.338392059021547,349822.02,859686132.0
2023-11-28,601601.SH,601601.SH,31.23679730575296,31.782806364349458,31.21140153558568,31.363776156589353,203886.93,504707800.0
2023-11-29,601601.SH,601601.SH,31.681216433686114,31.681216433686114,30.309845141165837,30.53840702325255,305582.07,737033131.0
2023-11-30,601601.SH,601601.SH,30.474911476096853,30.906639388674893,30.3733284378432,30.589192394132215,190274.01,458261054.0
2023-12-01,601601.SH,601601.SH,30.43681722572402,30.60188965957234,29.852714767491523,30.36062994856326,285837.49,680851891.0
2023-12-04,601601.SH,601601.SH,30.41142120861849,30.601889399904202,29.903506031856598,29.92890179069469,212741.52,504848355.0
2023-12-05,601601.SH,601601.SH,29.84001334377434,29.84001334377434,29.065442784638073,29.12893217473121,230364.34,535383931.0
2023-12-06,601601.SH,601601.SH,29.090835133071685,29.433677799415175,28.96385636775928,29.26860540450905,208587.32,480390501.0
2023-12-07,601601.SH,601601.SH,29.230516790876166,29.713036181863693,28.951163459251806,29.59875527347191,294730.84,683744360.0
2023-12-08,601601.SH,601601.SH,29.45907888834389,29.966994041591203,29.281308584707332,29.319402221200882,556363.64,1295914265.0
2023-12-11,601601.SH,601601.SH,29.116226938925273,29.636839806128037,28.544822572483216,29.509861058029802,387308.78,885957701.0
2023-12-12,601601.SH,601601.SH,29.35748527313713,30.28443009361248,29.293995901871696,30.11935772832235,282685.41,666804675.0
2023-12-13,601601.SH,601601.SH,29.966983897574767,30.284430760896534,29.67493278331874,29.966983897574767,225770.08,534733164.0
2023-12-14,601601.SH,601601.SH,30.106658969536056,30.614573924737,29.58604614045509,29.636837635975184,169090.93,399822222.0
2023-12-15,601601.SH,601601.SH,29.827306975754613,30.259034705501595,29.522557990050867,29.522557990050867,232319.81,545523670.0
2023-12-18,601601.SH,601601.SH,29.230500598023703,29.78920695176525,28.98924103618076,29.54794738992231,157108.38,365677026.0
2023-12-19,601601.SH,601601.SH,29.205109688620208,29.649535270838342,29.192411814842544,29.459067164173426,178056.97,412808541.0
2023-12-20,601601.SH,601601.SH,29.39557260859296,29.44636409474172,28.786074774807883,28.786074774807886,227414.97,520940603.0
2023-12-21,601601.SH,601601.SH,28.659105667322,28.874969555821984,28.31626302088084,28.747990797880817,273253.06,615805493.0
2023-12-22,601601.SH,601601.SH,28.76070165029802,29.649553356929754,28.544837664401747,29.268616911230442,269208.35,618958616.0
2023-12-25,601601.SH,601601.SH,29.141631301314877,29.674942200946788,29.090839787064223,29.40828675113083,146079.27,338369358.0
2023-12-26,601601.SH,601601.SH,29.31941599108253,29.420999069440548,28.88768790806096,28.976573101624226,126235.0,288864081.0
2023-12-27,601601.SH,601601.SH,29.052757751803135,29.205132355396508,28.64642547555414,28.86228949731142,217513.39,494445652.0
2023-12-28,601601.SH,601601.SH,28.900388009278398,30.386040644201756,28.748013380055486,30.34794698689603,362636.83,853752906.0
2023-12-29,601601.SH,601601.SH,30.195569945074823,30.436829755401323,30.043195328026506,30.195569945074823,292907.27,696435870.0
2024-01-02,601601.SH,601601.SH,30.19556735905624,30.678086938385146,29.890818151059033,30.24635889372244,261994.54,626111545.0
2024-01-03,601601.SH,601601.SH,30.106679529390128,30.93204189523169,30.106679529390128,30.652688479100703,254241.39,613417712.0
2024-01-04,601601.SH,601601.SH,30.56380327596061,31.109812225219564,30.411428685469737,30.703479983910576,301363.56,730546447.0
2024-01-05,601601.SH,601601.SH,30.58920439383664,31.21140074721895,30.36064246810436,30.7669747805173,287076.04,697548713.0
2024-01-08,601601.SH,601601.SH,30.70350029735277,31.00824967995677,30.10669942308661,30.347959350981437,248401.91,594818452.0
2024-01-09,601601.SH,601601.SH,30.284483074558704,30.436857832166545,29.878150387604457,30.055920938146944,177859.79,421596778.0
2024-01-10,601601.SH,601601.SH,29.979724709188503,30.03051628006387,28.760727008179565,28.862310149930313,369579.57,850634986.0
2024-01-11,601601.SH,601601.SH,28.69722979926602,28.786115024307993,27.94805433105509,28.557553017057195,289261.51,648439535.0
2024-01-12,601601.SH,601601.SH,28.316302219414716,28.37979168627439,27.490939150238948,27.859178058025062,284675.19,626238849.0
2024-01-15,601601.SH,601601.SH,27.579833359468015,28.354405106672225,27.427458589526207,27.998863976808,254351.55,558892667.0
2024-01-16,601601.SH,601601.SH,27.96077828907036,28.697256554631704,27.935382486809623,28.60837124671913,314769.22,703462684.0
2024-01-17,601601.SH,601601.SH,28.392514237226877,28.506795376822154,27.998879200843145,28.113160340438423,257168.39,571689595.0
2024-01-18,601601.SH,601601.SH,28.04967770210411,28.443312835089724,27.338594881226868,28.35442748248007,364418.98,800609722.0
2024-01-19,601601.SH,601601.SH,28.036981958091843,28.21475267702902,27.706836337208518,28.138565226055945,275434.29,607293653.0
2024-01-22,601601.SH,601601.SH,28.03699428203996,28.379837962119257,27.452890234497463,27.7322443441917,354185.83,781746937.0
2024-01-23,601601.SH,601601.SH,27.490994372584755,27.99891112773644,27.00847345519066,27.668765236887843,320137.55,693083182.0
2024-01-24,601601.SH,601601.SH,27.846541439457024,29.29410446914152,27.78305183289191,29.078239806820143,445234.61,996523286.0
2024-01-25,601601.SH,601601.SH,29.09092727559599,31.68130229271584,28.88776060758659,31.452739791205268,724918.27,1748238168.0
2024-01-26,601601.SH,601601.SH,31.54162075686692,31.859068630828947,31.04640207348616,31.579714501742362,460067.56,1139645227.0
2024-01-29,601601.SH,601601.SH,31.47812557791872,32.76061476039948,31.427333927127403,32.02413582392538,556845.46,1413017784.0
2024-01-30,601601.SH,601601.SH,31.744769428010088,31.986029675662966,31.24955102493313,31.287644748246745,342216.09,851233792.0
2024-01-31,601601.SH,601601.SH,31.186074733253673,31.871762044163976,30.728949859313474,31.567012128203842,439187.68,1087280034.0
2024-02-01,601601.SH,601601.SH,31.287648154164334,31.490814700619946,30.51307569580231,30.627356878183594,409854.15,999435426.0
2024-02-02,601601.SH,601601.SH,30.7924325771388,31.03369287361948,29.763901839510662,30.411495266906158,399806.27,963620589.0
2024-02-05,601601.SH,601601.SH,30.19563154349049,31.10988111082914,29.61152765324635,30.576568863214924,468394.38,1122483058.0
2024-02-06,601601.SH,601601.SH,30.474989521069574,32.21460350623063,30.297218748863333,32.18920768162974,445162.69,1098912329.0
2024-02-07,601601.SH,601601.SH,32.18920330299675,32.760609278789595,31.579703595484386,32.67172390477737,486626.84,1238945476.0
2024-02-08,601601.SH,601601.SH,32.912987785365814,33.52248755916889,32.684425370189665,33.03996690490812,371518.92,966009875.0
2024-02-19,601601.SH,601601.SH,33.01457393983832,33.522490461989676,32.6336365482248,33.43360507061319,307296.46,804533057.0
2024-02-20,601601.SH,601601.SH,33.21773455211675,33.509786499631545,32.79870349698684,32.98917215840953,257463.08,669096907.0
2024-02-21,601601.SH,601601.SH,32.824093477660796,34.66529021045028,32.35427086308693,33.966905242840475,461531.54,1222504785.0
2024-02-22,601601.SH,601601.SH,33.649453165090364,34.25895269411842,33.535172003397605,34.25895269411842,250681.87,671048890.0
2024-02-23,601601.SH,601601.SH,34.144663877349466,34.79225698175438,34.06847645330183,34.32243453346062,260197.95,706574008.0
2024-02-26,601601.SH,601601.SH,34.144670054536654,34.19546167975724,32.82408779880151,33.128837550125,347728.3,912753098.0
2024-02-27,601601.SH,601601.SH,32.76060028000187,32.976464700451494,32.44315260287007,32.86218353668404,331285.14,851814694.0
2024-02-28,601601.SH,601601.SH,32.82408795673027,33.07804608405507,32.29077588934819,32.29077588934819,314973.08,810633646.0
2024-02-29,601601.SH,601601.SH,32.10029166970033,32.6209055773181,32.074895869328735,32.532020276017505,268360.0,684503911.0
2024-03-01,601601.SH,601601.SH,32.417745819532854,32.417745819532854,31.732059068943435,32.087600347026836,420840.75,1058816293.0000001
2024-03-04,601601.SH,601601.SH,31.9352096994845,31.973303388986867,31.478085425456094,31.69394966596951,325029.94,810967249.0
2024-03-05,601601.SH,601601.SH,31.541559819622087,32.29073535479024,31.236810449384194,32.27803746436366,446636.08,1124256189.0
2024-03-06,601601.SH,601601.SH,32.12565255336562,32.39230816744494,31.693924416284815,31.83360116651684,311854.5,783255231.0
2024-03-07,601601.SH,601601.SH,31.85898780024711,32.37960099267841,31.617728028144796,31.693915324598162,346695.67,874081530.0
2024-03-08,601601.SH,601601.SH,31.592338756146543,31.998671087415307,31.274891622342817,31.630432412202993,235174.04,584117116.0
2024-03-11,601601.SH,601601.SH,31.605036213212028,32.024066424154576,31.490755246591334,31.85899391681357,265463.83,664075133.0
2024-03-12,601601.SH,601601.SH,31.757397020645993,32.252614327245425,31.30027335301574,31.84628217824076,522001.69,1305788159.0
2024-03-13,601601.SH,601601.SH,31.55422710004856,31.579622856265903,29.47177509022644,29.586055993204482,1303133.35,3078962150.0
2024-03-14,601601.SH,601601.SH,29.26859447584019,29.636832757748806,29.15431362973062,29.3447817065799,470899.37,1088944005.0
2024-03-15,601601.SH,601601.SH,29.35748321286166,29.47176407311934,28.798776784935225,29.1289214923463,480041.29,1097128622.0
2024-03-18,601601.SH,601601.SH,29.09082924446927,29.738420816476225,29.065433496547428,29.611442076867014,463889.27,1076850487.0
2024-03-19,601601.SH,601601.SH,29.459079847985677,29.522569244209784,29.243215900823714,29.294007417803,273943.57,633752356.0
2024-03-20,601601.SH,601601.SH,29.26862233345097,29.522580010964642,29.128945610818448,29.420996939959178,272840.15,630921937.0
2024-03-21,601601.SH,601601.SH,29.446392707710544,29.840027107856738,29.33211175282939,29.420996939959178,344379.15,801045786.0
2024-03-22,601601.SH,601601.SH,29.230535299326657,29.243233186077017,28.582943075058346,28.77341137631373,439099.15,996866367.0
2024-03-25,601601.SH,601601.SH,28.60832479891223,28.93846969228627,28.544835396340297,28.544835396340297,277225.87,627170975.0
2024-03-26,601601.SH,601601.SH,28.55753448617236,28.86228363142276,28.532138724068165,28.786096345110163,249194.99,562710481.0
2024-03-27,601601.SH,601601.SH,28.65911124480054,29.05274547102509,28.63371548826992,28.697204879596462,272045.46,617808695.0
2024-03-28,601601.SH,601601.SH,28.570227359994934,29.065444634234847,28.316269783461646,28.722601905914907,296047.93,669687136.0
2024-03-29,601601.SH,601601.SH,28.989249017410344,29.814610903582786,28.951155391894698,29.20511289533237,472159.76,1092975408.0
2024-04-01,601601.SH,601601.SH,29.31938388338227,30.19553697474363,29.31938388338227,30.119349749407853,459590.41,1080336718.0
2024-04-02,601601.SH,601601.SH,30.068556030081233,30.678053787447745,29.95427520057501,30.0558581601361,433227.4,1032948459.0
2024-04-03,601601.SH,601601.SH,30.144738844865802,30.411394074748777,29.865385746893164,29.979666559700153,266168.35,630911403.0
2024-04-08,601601.SH,601601.SH,29.839984947887764,29.954265741305207,29.395559640153262,29.63681909292342,240448.5,562609196.0
2024-04-09,601601.SH,601601.SH,29.713001423846382,29.85267792626618,29.420950555150462,29.471742010575838,246390.3,574455811.0
2024-04-10,601601.SH,601601.SH,29.48444572986576,29.62412226002447,28.824156678206407,28.900343876474796,268884.59,618105529.0
2024-04-11,601601.SH,601601.SH,28.69717105601714,29.43364712736625,28.595588149624156,29.116200544888184,234391.01,537056747.0
2024-04-12,601601.SH,601601.SH,29.06540944662885,29.15429449080814,28.03688250683988,28.074976097202438,419889.49,943690174.0
2024-04-15,601601.SH,601601.SH,28.189252299316177,30.005046478956814,28.189252299316177,30.005046478956814,669486.74,1554286171.0
2024-04-16,601601.SH,601601.SH,29.890751651862658,30.043125916867908,29.357441724344294,29.63679454352058,349119.08,817033443.0
2024-04-17,601601.SH,601601.SH,29.47172001724334,29.979634192465106,28.97650369640211,29.865353503040208,432935.44,1010797340.0
2024-04-18,601601.SH,601601.SH,29.751079874438517,31.236729189551326,29.725684159650264,30.81769989554515,694883.79,1684096106.0
2024-04-19,601601.SH,601601.SH,30.601837278517532,31.10975159019417,30.52565013176603,30.805003003188187,351282.0,852374675.0
2024-04-22,601601.SH,601601.SH,30.944685284711397,31.668463315580723,30.6907280808976,30.919289564330015,417064.05,1025506694.0
2024-04-23,601601.SH,601601.SH,30.919289757254035,31.02087263941339,30.373281765647498,30.525656088886528,233840.84,564841139.0
2024-04-24,601601.SH,601601.SH,30.792308667292225,31.55418022194688,30.766912948803736,31.43989948874868,545505.12,1342683285.0
2024-04-25,601601.SH,601601.SH,31.23674608678792,32.21448163503291,31.08437171563286,31.998617942563232,515298.97,1289741981.0
2024-04-26,601601.SH,601601.SH,31.97322120581595,32.36685498555395,31.45260878745278,32.21448061920376,441990.49,1115275455.0
2024-04-29,601601.SH,601601.SH,32.519240914296816,34.09377659308355,32.519240914296816,33.71284054176417,629285.06,1659093367.0
2024-04-30,601601.SH,601601.SH,33.712826233407434,33.82710700030034,32.72239292033557,32.76048650929988,378164.32,986434688.0
2024-05-06,601601.SH,601601.SH,33.95409673783761,34.53819862637184,33.852513800701225,34.15726261211039,562800.67,1515795898.0
2024-05-07,601601.SH,601601.SH,34.03029472008003,34.652490407126265,33.827128781452686,34.474720210827336,385968.62,1043937756.0
2024-05-08,601601.SH,601601.SH,34.398535385249104,34.52551410575575,33.547777957854606,33.64936093425992,272848.89,729827532.0
2024-05-09,601601.SH,601601.SH,33.70015368228135,34.220766455820744,33.585872829553196,33.96680900531373,268007.01,714908961.0
2024-05-10,601601.SH,601601.SH,34.0556987317562,35.26199678526733,34.043000857508716,35.1096222942975,441635.09,1212840083.0
2024-05-13,601601.SH,601601.SH,34.62710400909807,35.5794446034077,34.030303903330704,35.22390411486544,440545.92,1213351762.0
2024-05-14,601601.SH,601601.SH,35.10962187465323,35.42706872704611,34.90645588912178,35.17311124513181,203038.87,561880477.0
2024-05-15,601601.SH,601601.SH,35.07154366842246,35.26201186358043,34.47474332359412,34.6652115187521,204352.08,560162556.0
2024-05-16,601601.SH,601601.SH,34.72870352831861,35.769929740136575,34.6271204832632,35.46518060497034,340048.34,946041828.0
2024-05-17,601601.SH,601601.SH,35.617559601679496,36.81116052950762,35.388997721882625,36.760369000663864,489016.38,1387789677.0
2024-05-20,601601.SH,601601.SH,36.74767228993909,38.20792879074869,36.65878711162894,37.839690194892356,633049.83,1879948164.0
2024-05-21,601601.SH,601601.SH,37.39525322326329,38.01744928707989,37.38255534440989,37.71270019459829,262543.05,779667691.0
2024-05-22,601601.SH,601601.SH,37.4714368289123,38.246007363159556,37.407947440859246,37.62381136023963,240978.25,718646622.0
2024-05-23,601601.SH,601601.SH,37.45873958255782,37.80158228382191,37.29366717083808,37.67460350557595,240934.72,711999125.0
2024-05-24,601601.SH,601601.SH,37.45874340487818,37.63651371256235,36.67147489941972,36.709568536780615,301521.62,880438598.0
2024-05-27,601601.SH,601601.SH,36.95084108158069,37.509547957041015,36.709581294450096,37.26828816991042,251056.3,735498159.0
2024-05-28,601601.SH,601601.SH,37.17941973437813,37.83970997556244,36.92546194930724,37.06513873109623,189283.51,556482426.0
2024-05-29,601601.SH,601601.SH,36.950872974527485,37.20483086438678,36.44295719480889,36.620727717710395,249725.07,721762624.0
2024-05-30,601601.SH,601601.SH,36.46836514839546,37.02707269245166,36.13821978145317,36.39217775602416,213102.9,612186528.0
2024-05-31,601601.SH,601601.SH,36.65883289054249,37.179446727921174,36.39217702261683,36.54455180428864,210535.18,609628249.0
2024-06-03,601601.SH,601601.SH,36.2905902673283,36.925485128548175,36.07472601451354,36.68422508128462,177183.98,510853570.0
2024-06-04,601601.SH,601601.SH,36.56992923448015,37.00165756572054,36.31597139257404,36.81118918429095,197419.1,570784613.0
2024-06-05,601601.SH,601601.SH,36.86196692305629,37.28099720499252,36.58261340176548,36.722290162410886,151432.0,439906957.0
2024-06-06,601601.SH,601601.SH,36.849251878393275,36.93813704832738,35.85881712769904,35.99849382330977,318136.53,906415962.0
2024-06-07,601601.SH,601601.SH,36.354032127385125,36.70957278388767,35.66834657555879,35.94769994852508,189007.91,536342147.0
2024-06-11,601601.SH,601601.SH,35.935016878983845,36.03659996556754,35.26202893036683,35.70645493417052,194932.13,547906798.0
2024-06-12,601601.SH,601601.SH,35.6556528414113,35.935006246863956,35.14773755877012,35.36360155389262,229596.0,639656136.0
2024-06-13,601601.SH,601601.SH,35.65566248150243,36.02390116097664,35.19853860353445,35.69375613799976,159863.94,448727692.0
2024-06-14,601601.SH,601601.SH,35.60487950805509,36.646106369560265,35.427109068285915,36.35405493279662,310094.64,884557787.0
2024-06-17,601601.SH,601601.SH,36.16357000250282,36.44292342246598,35.84612293436288,36.150872119777226,203883.89,581670035.0
2024-06-18,601601.SH,601601.SH,36.22704153784175,36.82384173141993,36.10006277325065,36.176250032005306,174874.77,501178003.0
2024-06-19,601601.SH,601601.SH,36.31592666031309,36.55718631295153,35.80801160212689,36.18894789576654,162556.92,462702866.0
2024-06-20,601601.SH,601601.SH,36.22703262101216,36.65876031435755,35.84609642100151,36.163543254343715,180260.2,515717217.0
2024-06-21,601601.SH,601601.SH,36.12545410085416,36.582577597385175,36.04926685143232,36.15084985066144,187429.2,535002464.99999994
2024-06-24,601601.SH,601601.SH,36.18892561589375,36.48097659454833,35.56673005267312,36.1762277472566,225778.28,640053142.0
2024-06-25,601601.SH,601601.SH,36.17622804168449,36.60795557886149,35.693709029545495,35.884177060652995,183506.21,521722500.0
2024-06-26,601601.SH,601601.SH,35.90955692750089,35.93495265375796,34.95721719286066,35.22387231855992,269590.62,749329944.0
2024-06-27,601601.SH,601601.SH,34.98260128749293,35.59209851500642,34.93180985186681,35.43972420812805,199986.97,556002707.0
2024-06-28,601601.SH,601601.SH,35.414345256825854,35.84607266404424,35.2619708778076,35.37625166207129,177186.84,496646009.0
2024-07-01,601601.SH,601601.SH,35.211187906323865,36.26511094859753,34.601690243322224,36.239715212639126,266456.76,742759835.0
2024-07-02,601601.SH,601601.SH,36.06193713466975,37.05237061935434,35.922260617598845,36.04923926948149,273803.68,786790067.0
2024-07-03,601601.SH,601601.SH,36.01116269622868,36.696847740515125,35.7445074012284,36.50637967265778,214393.23,615242765.0
2024-07-04,601601.SH,601601.SH,36.55715518521982,37.17935060171019,36.2397085441533,36.32859360365193,207635.0,598751815.0
2024-07-05,601601.SH,601601.SH,36.21432709639437,36.7857312756853,35.300080409528874,35.47785059864161,255628.0,719450687.0
2024-07-08,601601.SH,601601.SH,35.490538138828335,36.12543148657124,35.33816373537004,35.85877628051922,196181.12,553718793.0
2024-07-09,601601.SH,601601.SH,35.884164567004795,36.9507851698457,35.38894785854294,36.70952574777454,188979.97,539794248.0
2024-07-10,601601.SH,601601.SH,36.65874153861117,36.92539674204408,36.49366926981936,36.734928739592,160281.97,463750866.0
2024-07-11,601601.SH,601601.SH,36.900001465551966,37.00158440145163,35.80798490463061,35.871474239567895,280840.81,800824320.0
2024-07-12,601601.SH,601601.SH,36.12176626572241,36.819962331398294,35.726560945528504,36.477451053896914,280211.27,773506388.0
2024-07-15,601601.SH,601601.SH,36.45109132518284,37.294195714344994,36.37205028869888,37.0702461109738,210907.92,592588032.0
2024-07-16,601601.SH,601601.SH,37.004377611252266,37.22832720875718,36.26666129005963,37.21515370302159,216787.68,606995679.0
2024-07-17,601601.SH,601601.SH,37.03072083376798,38.80914392610476,36.925332798666545,38.62471486467724,397370.21,1153773978.0
2024-07-18,601601.SH,601601.SH,38.756444500072604,39.3492521147916,38.42710693633983,39.270211099495725,340614.22,1005891219.0
2024-07-19,601601.SH,601601.SH,39.23069204483634,39.25703905091078,38.585190396012635,39.12530402053859,258669.57,763562997.0
2024-07-22,601601.SH,601601.SH,38.99355748646854,39.11211897882605,38.33488252892684,38.84864899580936,225311.84,661973067.0
2024-07-23,601601.SH,601601.SH,38.835487795673146,38.88818180896442,38.13729211956368,38.269027152791885,184321.69,539160592.0
2024-07-24,601601.SH,601601.SH,38.38759617295847,38.572025255464105,37.59718581936289,37.80796191365505,188868.62,543955678.0
2024-07-25,601601.SH,601601.SH,37.88698405872522,38.0055455526503,37.08340059989968,37.51812607762497,212367.77,603702430.0
2024-07-26,601601.SH,601601.SH,37.42592314330365,37.75526072816201,36.437910388728575,36.84628899395294,215347.65,603125168.0
2024-07-29,601601.SH,601601.SH,36.806786390810714,38.031922802530616,36.556489704545356,37.61037048882054,184493.73,525168591.99999994
2024-07-30,601601.SH,601601.SH,37.742101406558426,37.742101406558426,36.99121143093056,37.46545773132711,161471.64,458191513.0
2024-07-31,601601.SH,601601.SH,37.504995009852976,39.05946968887042,37.34691283910545,38.92773454658081,284885.0,831285417.0
2024-08-01,601601.SH,601601.SH,38.90140345267905,39.48103831617985,38.2163804321781,38.91457697230406,215164.32,637316934.0
2024-08-02,601601.SH,601601.SH,38.66426942046725,39.0331278680901,37.79481736535623,37.96607307318112,206985.0,599380024.0
2024-08-05,601601.SH,601601.SH,37.873842047535916,38.8618553183412,37.68941290365226,38.36126192779986,273156.06,797707932.0
2024-08-06,601601.SH,601601.SH,38.61155457202177,38.69059562539336,35.76607665064452,36.16128191750247,473848.32,1316648226.0
2024-08-07,601601.SH,601601.SH,36.16129480839165,36.54332670254224,35.54213966959588,35.66070129191848,269330.85,733752376.0
2024-08-08,601601.SH,601601.SH,35.67388953120025,36.21400381139937,35.34455155546909,35.64754249314176,153126.48,416365588.0
2024-08-09,601601.SH,601601.SH,36.029580714708516,36.46430691711633,35.476292820734926,36.003233672138336,154836.28,425093277.0
2024-08-12,601601.SH,601601.SH,35.83196396295451,36.18764889935149,35.6475347366746,36.082260770048684,96483.58,263638485.99999997
2024-08-13,601601.SH,601601.SH,36.161304200013,36.51698915935739,35.990048478847186,36.34573343819157,122784.7,337801304.0
2024-08-14,601601.SH,601601.SH,36.490632989469226,36.806797318619864,36.095427578030936,36.411591907181574,123054.55,341047345.0
2024-08-15,601601.SH,601601.SH,36.22717662346841,37.54452850068544,36.13496199206321,36.37208532996228,250991.0,700116274.0
2024-08-16,601601.SH,601601.SH,36.25351907558683,37.30740044406319,36.24034555848088,36.66189810587142,216865.11,605077326.0
2024-08-19,601601.SH,601601.SH,36.675072187209246,37.68943301997329,36.58285756604887,37.67625950266467,231382.39,656163527.0
2024-08-20,601601.SH,601601.SH,37.63672019839869,37.7421082843585,37.16247381157953,37.54450562318385,152662.19,434015611.0
2024-08-21,601601.SH,601601.SH,37.53132205581184,37.61036309910242,36.46426797138897,36.87264669505698,200520.84,560220519.0
2024-08-22,601601.SH,601601.SH,36.925322764894865,37.175619280247346,36.51694423984608,36.70137325115844,150135.51,418782518.0
2024-08-23,601601.SH,601601.SH,36.78042304742268,37.88699737979499,36.62234099994092,37.80795635605411,296562.08,842481890.0
2024-08-26,601601.SH,601601.SH,37.781627899276465,38.282221295431455,37.51815769077384,38.09779214947962,193286.02,557541423.0
2024-08-27,601601.SH,601601.SH,38.0319162832148,38.21634538884868,37.702578594582874,38.084610313395906,159400.71,459697744.0
2024-08-28,601601.SH,601601.SH,38.26905212638191,38.33491968597981,37.55768248272455,37.7289381376791,167771.08,481987167.0
2024-08-29,601601.SH,601601.SH,37.61039279434949,38.17685405184757,36.49064379696955,36.556511385050726,267877.09,753366553.0
2024-08-30,601601.SH,601601.SH,37.807991731872804,39.73132510917365,37.75529766674128,39.04630226246376,742688.88,2195753151.0
2024-09-02,601601.SH,601601.SH,39.05947147958286,39.67862667672971,38.83552172742337,39.25707420207654,416354.64,1240442079.0
2024-09-03,601601.SH,601601.SH,39.00678771645643,39.2834316009703,38.73014383194255,38.92774660659532,246534.21,730354701.0
2024-09-04,601601.SH,601601.SH,39.25707217158393,39.67862462443315,38.63791700646163,38.80917269043163,245949.62,729864175.0
2024-09-05,601601.SH,601601.SH,38.809171869345,39.981614604026504,38.809171869345,39.849879465298244,327773.38,984289458.0
2024-09-06,601601.SH,601601.SH,39.849886859193276,41.37801475197556,39.67863114707113,40.824727066657836,398540.09,1236312505.0
2024-09-09,601601.SH,601601.SH,40.52172284588282,40.758846061495916,39.30975974386032,39.59957700738743,424161.96,1284652629.0
2024-09-10,601601.SH,601601.SH,39.57323093700223,39.757660109145384,39.059463957460586,39.3624547402672,235680.55,704235895.0
2024-09-11,601601.SH,601601.SH,39.20438737986854,39.612766415075505,38.99361110363269,39.2570814489275,186418.4,555850565.0
2024-09-12,601601.SH,601601.SH,39.52053889832506,39.5995799761217,38.50617839993471,38.756475146290775,245287.18,722450342.0
2024-09-13,601601.SH,601601.SH,38.75648241394683,39.507372793822746,38.63792077501905,39.059473268984476,172683.23,513948893.0
2024-09-18,601601.SH,601601.SH,39.1516707120137,40.297766052506695,38.940894557440274,40.11333691725495,282032.72,854426786.0
2024-09-19,601601.SH,601601.SH,40.04747679488451,40.42950864588835,39.66544494388068,40.13969137960957,276917.01,842287678.0
2024-09-20,601601.SH,601601.SH,39.915727278871856,40.245064962690925,39.46782802887791,39.88938026416633,258270.38,779056695.0
2024-09-23,601601.SH,601601.SH,39.823520871057994,40.73249306427764,39.65226524045139,40.45584935329775,199577.13,610038974.0
2024-09-24,601601.SH,601601.SH,40.83787627202002,43.235454814441844,40.389976983875286,43.169587272067616,675445.68,2155925622.0
2024-09-25,601601.SH,601601.SH,44.11806018668509,44.697694300812934,42.49771936764589,42.78753642470981,657919.84,2175479906.0
2024-09-26,601601.SH,601601.SH,43.05100687382722,45.69888091961647,42.524066765212446,45.6857074169011,698857.65,2345626758.0
2024-09-27,601601.SH,601601.SH,46.634189704106966,47.16112970076354,45.69887121004154,47.1216092010143,339074.46,1199643058.0
2024-09-30,601601.SH,601601.SH,48.93956239043473,51.83773297614016,47.31922156297216,51.508395409582725,1149383.89,4334417545.0
2024-10-08,601601.SH,601601.SH,56.65922174488025,56.65922174488025,51.113178416678764,53.695184336696556,1360818.14,5584646251.0
2024-10-09,601601.SH,601601.SH,52.68083279609395,52.68083279609395,48.320403774961896,48.320403774961896,1102724.9,4159080941.0
2024-10-10,601601.SH,601601.SH,48.32041015979326,51.69282700845932,47.25335639127002,49.84853654434507,1041635.0,3921576677.0
2024-10-11,601601.SH,601601.SH,48.9922706164746,50.30962126494125,48.46533035708794,49.05813814889794,495282.99,1855909536.0
2024-10-14,601601.SH,601601.SH,49.6641158701318,51.17906900675386,48.807838010301936,50.48087321335413,513926.49,1960130451.0
2024-10-15,601601.SH,601601.SH,50.27007392939267,51.46886238001499,49.20302047334425,49.334755467918136,442074.67,1686909327.0
2024-10-16,601601.SH,601601.SH,49.67726638669693,50.27007386147851,48.05692595562726,48.755121425925566,597460.91,2218511963.0
2024-10-17,601601.SH,601601.SH,49.33475743254249,50.53354593090333,48.926378933100885,48.95272593306485,343551.78,1293989153.0
2024-10-18,601601.SH,601601.SH,48.74195224218225,51.3634788627753,47.96471570642853,50.059302302781774,567075.36,2135933563.9999998
2024-10-21,601601.SH,601601.SH,50.12515141125401,51.310766030705494,49.53234410152828,50.25688636897085,406220.87,1551681982.0
2024-10-22,601601.SH,601601.SH,50.322732918049546,51.705949398781264,50.032916131610506,50.83649903946419,408646.81,1575488560.0
2024-10-23,601601.SH,601601.SH,50.71793537042028,53.07599002790216,50.256863230689184,52.11432527932016,449524.31,1776971553.0
2024-10-24,601601.SH,601601.SH,51.53467672109892,51.53467672109892,50.57301225263261,51.376594890666105,287621.0,1116288304.0
2024-10-25,601601.SH,601601.SH,51.36341874760988,51.74544981805889,50.63887706227555,50.92869373640928,248214.0,962321973.0
2024-10-28,601601.SH,601601.SH,50.783783707430764,51.113120826156,50.1251094699803,50.61252840569365,265745.68,1021843728.0
2024-10-29,601601.SH,601601.SH,50.731094653748066,51.745453077102674,50.55983933551937,50.889176485959176,289403.47,1124363548.0
2024-10-30,601601.SH,601601.SH,50.70473335240668,51.32388702025887,48.689190561313346,48.992180654092074,430102.69,1615307151.0
2024-10-31,601601.SH,601601.SH,48.74186921891812,49.58497182162373,48.14906270139073,48.478399655572616,390989.19,1445007425.0
2024-11-01,601601.SH,601601.SH,48.47839331161628,49.084373228011486,48.14905640053193,48.320311594295795,328593.7,1213153964.0
2024-11-04,601601.SH,601601.SH,48.465205056305,48.55741936328901,47.305939482791864,48.55741936328901,392231.08,1423507643.0
2024-11-05,601601.SH,601601.SH,48.491538016607954,50.71785421459946,47.951425802894036,50.612466465582116,515442.42,1945365095.0
2024-11-06,601601.SH,601601.SH,50.204068646310056,50.90226220134927,48.781334609626384,49.084324265586794,544677.13,2053955079.0
2024-11-07,601601.SH,601601.SH,48.75497249215041,51.877082322098985,48.62323790016946,51.666306974929455,728367.66,2777881305.0
2024-11-08,601601.SH,601601.SH,51.83755290797513,52.03515476149981,50.05913622625298,50.17769733836779,658119.8,2534146513.0
2024-11-11,601601.SH,601601.SH,49.400465572589695,49.72980200974029,47.59570189700442,48.70227232583043,654870.94,2404160594.0
2024-11-12,601601.SH,601601.SH,48.412469304628075,49.46634618744991,46.81848051936005,47.1346435842066,574826.28,2090484393.0
2024-11-13,601601.SH,601601.SH,46.76580256675779,47.97776139383997,46.76580256675779,47.45082277336946,272782.14,982221281.0
2024-11-14,601601.SH,601601.SH,47.332259356363046,48.122667249873146,46.9765758042835,47.02926966385085,366325.26,1322224040.0
2024-11-15,601601.SH,601601.SH,46.89754317451503,47.42448186186913,46.18617594658699,46.18617594658699,309543.89,1101016801.0
2024-11-18,601601.SH,601601.SH,46.476000672434495,48.16220477846387,46.1861843417107,46.81851088147171,400185.49,1436945405.0
2024-11-19,601601.SH,601601.SH,46.81852495501213,47.00295358454791,45.77782054548879,46.278412539943055,306316.29,1075379253.0
2024-11-20,601601.SH,601601.SH,46.186182378259204,46.56821297979073,45.804151776727686,46.26522319236917,223753.47,783670727.0
2024-11-21,601601.SH,601601.SH,46.26523200479263,46.56822184992653,45.75146661521777,46.47600754923361,221173.41,776095816.0
2024-11-22,601601.SH,601601.SH,46.42330784820903,46.76581806502328,44.526328185853146,44.59219553524051,295863.17,1021587960.0
2024-11-25,601601.SH,601601.SH,44.829325020622925,44.934712796163616,43.68323296161786,44.117957535723235,270328.95,907391567.0
2024-11-26,601601.SH,601601.SH,43.99941330923211,44.658087161166726,43.78863767661304,44.06528069442558,164837.32,552552455.0
2024-11-27,601601.SH,601601.SH,43.8413312612633,44.658086831635394,43.591035199375085,44.63173987775242,203727.22,683309934.0
2024-11-28,601601.SH,601601.SH,44.63175488854705,44.816183627755926,43.85451948759537,44.02577474543218,184876.75,620502649.0
2024-11-29,601601.SH,601601.SH,44.0257896284817,45.54074049840252,43.973095685180105,44.65811694810082,292721.2,996068830.0
2024-12-02,601601.SH,601601.SH,44.671291854111736,45.68565029491581,44.486863046692825,45.58026240496215,275144.41,946344150.0
2024-12-03,601601.SH,601601.SH,45.51441446159472,46.91080460137158,45.316812083324415,46.76589619064002,433747.12,1521495398.0
2024-12-04,601601.SH,601601.SH,46.50244692924111,46.68687589723243,45.79107805270315,46.14676249097214,263016.1,921269896.0
2024-12-05,601601.SH,601601.SH,45.88327882766629,46.14674870321993,45.17191016367146,45.36951257033669,210687.27,726895508.0
2024-12-06,601601.SH,601601.SH,45.40901702495218,48.083235317979536,45.26410864454183,47.029356187722456,569964.07,2035721853.0
2024-12-09,601601.SH,601601.SH,46.80540316518387,47.50359803367662,46.331157594132186,46.56828037965803,340868.24,1213408747.0
2024-12-10,601601.SH,601601.SH,48.741891943034915,49.25565783108313,47.42454351214208,47.56945183954029,577544.63,2115512967.9999998
2024-12-11,601601.SH,601601.SH,47.3586651792661,47.87243094894381,46.23891927099416,46.370654083732035,364371.62,1295729889.0
2024-12-12,601601.SH,601601.SH,46.37067493033123,47.30599252125551,45.77786800650596,46.884440930979785,397324.06,1407468411.0
2024-12-13,601601.SH,601601.SH,46.35752287203822,46.37069636532383,45.11921450319151,45.36951087561797,483983.72,1673400438.0
2024-12-16,601601.SH,601601.SH,45.329975755018914,45.553925068542696,44.262923143523274,44.53956641317029,297892.51,1011738442.0
2024-12-17,601601.SH,601601.SH,44.53956348085008,45.21141137718943,44.32878767023381,44.421002087378426,300514.52,1018463076.0
2024-12-18,601601.SH,601601.SH,44.60543276486728,45.659311861497336,44.56591229874365,44.63177974228304,321171.47,1096747950.0
2024-12-19,601601.SH,601601.SH,44.26291230427481,44.46051459134747,43.9599221307634,44.23656533266512,230348.33,774502813.0
2024-12-20,601601.SH,601601.SH,44.2892676505808,44.44734951013076,43.38029695816852,43.47251137623933,408636.85,1356600571.0
2024-12-23,601601.SH,601601.SH,43.47249955234684,44.197041211552616,43.45932606763401,43.59106091476233,382182.32,1271306210.0
2024-12-24,601601.SH,601601.SH,43.709627828015854,44.71081279333508,43.47250507307182,44.60542490224885,323975.36,1090376681.0
2024-12-25,601601.SH,601601.SH,44.658133427354294,45.35632843374066,44.38149012293705,44.78986833421965,251314.6,855366104.0
2024-12-26,601601.SH,601601.SH,44.65812817500105,44.987465403430264,44.35513792484618,44.803036555509905,204208.73,693620068.0
2024-12-27,601601.SH,601601.SH,44.76350356481559,45.23774904107616,44.17069671948991,44.921585390235784,251907.86,855987127.0
2024-12-30,601601.SH,601601.SH,44.684483684642075,46.10722078309176,44.67131019298976,45.619801591956225,373454.95,1295767326.0
2024-12-31,601601.SH,601601.SH,45.659330561047604,46.094055866447086,44.89526790307278,44.89526790307278,370291.75,1282842090.0
2025-01-02,601601.SH,601601.SH,44.908463872258274,44.908463872258274,42.326457735865596,42.53723374699969,449626.69,1487202964.0
2025-01-03,601601.SH,601601.SH,42.56359715520615,42.721679224491965,41.62827824526507,41.69414577413416,330076.0,1056465023.0
2025-01-06,601601.SH,601601.SH,41.81271840231237,41.95762700421075,41.07500188355702,41.77319787452191,227772.12,719309787.0
2025-01-07,601601.SH,601601.SH,41.70734835704414,41.93129811133022,41.27262236342997,41.720521872002145,200716.23,634915872.0
2025-01-08,601601.SH,601601.SH,41.61512553077995,42.510924370948686,41.40434933309319,42.14206602499685,230817.81,734310269.0
2025-01-09,601601.SH,601601.SH,42.1025614974565,42.55046108785497,41.69418245915201,42.023520393268534,181976.27,583057821.0
2025-01-10,601601.SH,601601.SH,42.089369633435545,42.43188093561687,41.10135626175865,41.10135626175865,253473.66,798928729.0
2025-01-13,601601.SH,601601.SH,40.81152834335246,41.127692539685725,40.073811885241504,40.33728204885256,362137.61,1110845473.0
2025-01-14,601601.SH,601601.SH,40.44268169149583,41.417521575916254,40.1396909166084,41.23309240859347,325308.26,1011162783.0
2025-01-15,601601.SH,601601.SH,41.11454452787057,41.667832214564115,40.86424771722349,41.03550342977149,199677.57,624098235.0
2025-01-16,601601.SH,601601.SH,41.2462617753868,41.865416774889574,40.71932135027806,41.2462617753868,280503.35,879595014.0
2025-01-17,601601.SH,601601.SH,41.15405414467974,41.79955627434981,40.64028714351377,41.61512709444408,295898.38,931570238.0
2025-01-20,601601.SH,601601.SH,41.8917887823411,42.787588039321975,41.82592118991604,42.10256507810131,294815.2,949551020.0
2025-01-21,601601.SH,601601.SH,42.55046176006917,42.68219693579694,41.64148904754757,41.852265328712,238556.59,761331520.0
2025-01-22,601601.SH,601601.SH,41.746859937023295,41.746859937023295,40.903755160762806,41.219919451860484,239813.01,750229568.0
2025-01-23,601601.SH,601601.SH,42.31330216729467,43.44622370726582,42.221087623343536,42.30012866101594,520263.2,1688106921.0
2025-01-24,601601.SH,601601.SH,42.18158343494798,43.20911732249511,42.155236412190355,42.840259003888455,371261.21,1206125394.0
2025-01-27,601601.SH,601601.SH,43.03784230420688,43.44622097314793,42.58994311891669,42.61629012981612,301044.66,981979218.0
2025-02-05,601601.SH,601601.SH,43.024650746448586,43.024650746448586,41.298922256618596,41.44383075576463,303668.91,963093513.0
2025-02-06,601601.SH,601601.SH,41.40429684167955,41.95758365916303,41.23304139817277,41.799501711310604,259129.84,818714905.0
2025-02-07,601601.SH,601601.SH,41.75998197144155,43.38032196591704,41.41747107830039,42.708473675524765,395185.9,1275169397.0
2025-02-10,601601.SH,601601.SH,42.56357621336341,43.07734268576242,42.41866772114831,42.6426172091171,250263.44,810917931.0
2025-02-11,601601.SH,601601.SH,42.682152514269475,42.774367041306476,42.0103038172856,42.33964141384632,222709.32,715969280.0
2025-02-12,601601.SH,601601.SH,42.32646081159246,42.392328319858244,41.601918220668836,42.26059330332667,342313.47,1089653918.0
2025-02-13,601601.SH,601601.SH,42.16839248791757,42.748026748919884,41.66779926250649,42.18156599384945,389574.99,1246486230.0
2025-02-14,601601.SH,601601.SH,42.049833143623886,43.56478640537725,42.03665963699994,43.130060686787154,424357.84,1380214270.0
2025-02-17,601601.SH,601601.SH,43.45938982832351,43.99950349396802,42.524071041475686,42.985143682879546,338183.51,1106296068.0
2025-02-18,601601.SH,601601.SH,42.721662301084166,43.57793983718361,42.445018789421276,43.07734681607932,411936.17,1347472149.0
2025-02-19,601601.SH,601601.SH,42.813863466904074,43.24858884979879,42.52404654497426,42.708475495293236,328452.51,1067579760.0
2025-02-20,601601.SH,601601.SH,42.49771901625858,42.65580104607728,41.76000287710468,41.8785643994687,315214.03,1005144376.0
2025-02-21,601601.SH,601601.SH,42.02345656840965,42.68213143625306,41.246220224354424,42.471355478543174,439252.21,1404264734.0
2025-02-24,601601.SH,601601.SH,42.3791540327698,42.86657358490299,41.10132439609629,42.827053080675974,545403.24,1749925148.0
2025-02-25,601601.SH,601601.SH,42.28695828607396,44.10490228715751,41.85223254668441,41.891753068447095,634513.13,2069128105.0
2025-02-26,601601.SH,601601.SH,41.95763790416797,43.103733507829695,41.95763790416797,42.81391622874282,477473.92,1546498176.0
2025-02-27,601601.SH,601601.SH,42.919310945411496,43.1827812397357,42.18159412130375,42.73488173938456,350430.05,1133910929.0
2025-02-28,601601.SH,601601.SH,42.47141326113628,42.68218950560841,40.66664166784357,40.66664166784357,508113.51,1604419707.0
2025-03-03,601601.SH,601601.SH,40.758868665914264,41.206768321583645,40.640306992354716,40.73252162734547,284383.2,882749363.0
2025-03-04,601601.SH,601601.SH,40.337327807273105,40.57445122351442,40.126551437280824,40.31098076102407,345008.1,1055016325.9999999
2025-03-05,601601.SH,601601.SH,40.3636688232232,40.811568542540954,40.087024878938706,40.56127164056927,296369.23,910997686.0
2025-03-06,601601.SH,601601.SH,40.77203064771547,41.72052376779157,40.58760142992289,41.49657400332915,461536.71,1443420132.0
2025-03-07,601601.SH,601601.SH,41.41754419722992,41.522932350403536,40.77204175904154,41.088206218562384,332321.21,1036095952.0
2025-03-10,601601.SH,601601.SH,41.03549330118362,41.10136086667509,40.19238846289285,40.455858724858714,375117.94,1151608638.0
2025-03-11,601601.SH,601601.SH,40.08699613980123,40.310945838906264,39.66544376501528,40.310945838906264,430455.2,1307028725.0
2025-03-12,601601.SH,601601.SH,40.23192106111003,40.67982064070326,40.087012373594575,40.33730919748491,331669.53,1017231652.0
2025-03-13,601601.SH,601601.SH,40.28461512929747,40.85107636231245,40.04749182245399,40.33730919748491,316032.98,969342453.0
2025-03-14,601601.SH,601601.SH,40.32414286982307,43.82829902904325,40.29779583103195,43.44626696657187,1102535.54,3549249937.0
2025-03-17,601601.SH,601601.SH,43.34087288824089,44.078589873572646,43.222311229884,43.762425451287605,489838.48,1624317415.0
2025-03-18,601601.SH,601601.SH,44.039075536192456,44.197157769645735,43.48578771910598,43.68339051092258,250339.72,831099627.0
2025-03-19,601601.SH,601601.SH,43.657060390274566,43.74927506219126,43.13011940789346,43.51215162011976,299327.92,987075619.0
2025-03-20,601601.SH,601601.SH,43.617532277930856,43.617532277930856,41.85228029205265,41.99718903716205,537469.73,1726945744.0
2025-03-21,601601.SH,601601.SH,42.02354217401437,42.748086004600836,41.601989399854986,41.7995922627422,377554.9,1206579662.0
2025-03-24,601601.SH,601601.SH,41.82595890971603,42.52415601907507,41.786438318620235,42.33972659396136,272210.76,871677034.0
2025-03-25,601601.SH,601601.SH,42.31339009507283,42.64272843641058,42.10261355661669,42.22117535949827,174338.0,559850117.0
2025-03-26,601601.SH,601601.SH,42.22119078033057,42.31340554958558,41.825984626380524,41.83915816484553,196838.05,628046037.0
2025-03-27,601601.SH,601601.SH,41.73377379720813,43.02478068866217,41.641559019247126,42.4187978620613,398064.82,1283605764.0
2025-03-28,601601.SH,601601.SH,42.4319864523137,42.932581138804835,42.247556830974865,42.33977164164428,261694.32,844241896.0
2025-03-31,601601.SH,601601.SH,42.339759898150405,43.14334588252725,42.18167740942054,42.366106979605384,358247.54,1158631275.0
2025-04-01,601601.SH,601601.SH,42.52419281381543,43.07748156789854,42.36611031264883,42.8667048996764,301298.28,978218613.0
2025-04-02,601601.SH,601601.SH,42.853534927938284,43.32778247094652,42.56371698498881,42.6954524136022,298008.29,970902829.0
2025-04-03,601601.SH,601601.SH,42.22119417455539,43.05112716457006,41.82598798883413,42.484664965036245,309064.68,999011904.0
2025-04-07,601601.SH,601601.SH,40.53500341041431,40.77212725226919,38.24280627248383,38.321847553102124,818917.66,2427836932.0
2025-04-08,601601.SH,601601.SH,38.532640173864955,39.494309484187056,37.80809480307433,39.33622685783274,627311.88,1846855464.0
2025-04-09,601601.SH,601601.SH,39.12545259863863,39.52065919054407,38.47994849852641,39.217667470083235,536907.59,1590858851.0
2025-04-10,601601.SH,601601.SH,40.57454100808845,40.57454100808845,39.53383037833554,40.07394602162503,533480.59,1623097648.0
2025-04-11,601601.SH,601601.SH,40.46917181743258,40.46917181743258,39.54702272003015,39.705105422441996,289777.74,875511377.0
2025-04-14,601601.SH,601601.SH,40.073948295494255,40.23203093176839,39.810477235037354,39.863171447128735,268309.43,814057598.0
2025-04-15,601601.SH,601601.SH,39.665569038167476,40.11346985095316,39.44161863177464,40.087122744318705,283509.72,856811581.0
2025-04-16,601601.SH,601601.SH,39.8631717206049,40.04760146418999,39.586527105227276,39.98173369862389,299612.17,904526675.0
2025-04-17,601601.SH,601601.SH,39.784123784213094,40.561363288606664,39.599694071306146,40.390107126621636,309732.98,946075340.0
2025-04-18,601601.SH,601601.SH,40.13980126623578,40.666743192933986,40.12662771806833,40.5745283557618,182222.11,560438385.0
2025-04-21,601601.SH,601601.SH,40.44279497911224,41.16734016603446,40.42962143025912,40.49548917452477,196366.17,606984631.0
2025-04-22,601601.SH,601601.SH,40.44279064362374,40.956558993819606,40.44279064362374,40.798476424528566,224264.83,694216108.0
2025-04-23,601601.SH,601601.SH,41.0092635354336,41.16734614462898,40.653577664744006,40.70627186780913,208537.07,646214044.0
2025-04-24,601601.SH,601601.SH,40.666746366429415,41.45715931815788,40.666746366429415,40.87752315355701,281554.74,877092644.0
2025-04-25,601601.SH,601601.SH,40.9433762332451,41.16732648934715,40.57451698790055,40.60086407685373,252475.78,782098933.0
2025-04-28,601601.SH,601601.SH,39.718247129359,40.455965815675455,39.19130521056153,40.13980066439697,417517.05,1261358055.0
2025-04-29,601601.SH,601601.SH,40.0343961370885,40.53499075808533,39.6918840279854,39.82361945456352,191382.0,580656016.0
2025-04-30,601601.SH,601601.SH,39.81045778168689,40.021234527056514,39.25716882509165,39.32303655801965,262779.69,787552953.0
2025-05-06,601601.SH,601601.SH,39.639183107414524,40.205645345240654,39.36253875870874,40.073909941095046,279497.4,847168182.0
2025-05-07,601601.SH,601601.SH,41.02239143019502,41.33855629670905,40.50862352210973,41.23316800787104,399617.59,1244136450.0
2025-05-08,601601.SH,601601.SH,41.04874043927485,42.774473750425365,41.04874043927485,41.87867325303426,566799.3,1817510876.0
2025-05-09,601601.SH,601601.SH,41.82596835725962,42.14213315744048,41.64153889048745,41.931356623986574,202539.69,644098264.0
2025-05-12,601601.SH,601601.SH,42.15529668315876,42.55050258956337,41.95769372995645,42.33972610614758,276996.96,887821488.0
2025-05-13,601601.SH,601601.SH,42.418758938842636,42.4582795217049,41.9181648892538,42.168461914048216,195177.1,624636960.0
2025-05-14,601601.SH,601601.SH,42.22113867653539,46.265409994381365,42.063056410039785,45.75164262827064,961898.77,3260267123.0
2025-05-15,601601.SH,601601.SH,45.26420150950072,46.13365357574841,44.61869921789259,44.84264899253215,541831.82,1864279681.0
2025-05-16,601601.SH,601601.SH,44.65822404115059,45.04025604622238,43.736077822011794,44.03906872258597,361474.07,1209227781.0
2025-05-19,601601.SH,601601.SH,44.052254408187146,44.42111299772938,43.82830455025079,44.21033666084811,248109.84,831418157.0
2025-05-20,601601.SH,601601.SH,44.27622352906315,45.26423803804255,44.06544710048089,44.93489986838275,397135.94,1350693315.0
2025-05-21,601601.SH,601601.SH,44.8953958875515,45.44868421715161,44.645098786065745,44.750487039322906,228265.63,780199981.0
2025-05-22,601601.SH,601601.SH,44.59241707938224,45.34330859297893,44.53972293807721,45.26426738102138,192894.25,660038156.0
2025-05-23,601601.SH,601601.SH,45.19840283361382,45.44870002214155,44.091825789596456,44.14451993454966,241009.75,817531120.0
2025-05-26,601601.SH,601601.SH,44.3421283485501,45.290623072583266,43.84153391086594,44.48703726472184,242254.17,820850397.0
2025-05-27,601601.SH,601601.SH,44.526556384753036,44.89541543172732,44.1708708751707,44.38164747344171,145462.74,491538506.0
2025-05-28,601601.SH,601601.SH,44.56607598050955,45.84390907838405,44.50020829505211,45.05349685289468,333405.08,1145363316.0
2025-05-29,601601.SH,601601.SH,45.17204565381022,45.89658998479872,44.816360254961324,45.65946638556611,339035.95,1173267832.0
2025-05-30,601601.SH,601601.SH,45.580420208116465,46.10736148219873,45.15886718885065,45.356470166631496,257867.69,891826060.0
2025-06-03,601601.SH,601601.SH,45.277423975316125,45.97562108636988,44.71096216823477,45.448679870480255,219119.92,754585804.0
2025-06-04,601601.SH,601601.SH,45.44865979483084,46.673797580604536,45.27740397531408,46.22589774494534,323245.19,1134809798.0
2025-06-05,601601.SH,601601.SH,46.239084911689254,46.59477018024071,45.72531730155937,46.43668783866229,266168.74,934360709.0
2025-06-06,601601.SH,601601.SH,46.39714735739836,46.779179519057806,45.73847121660622,46.08098280981813,194352.96,680048393.0
2025-06-09,601601.SH,601601.SH,46.12049486411422,46.76599736292645,45.936065578739296,46.38396527179268,172878.67,606985053.0
2025-06-10,601601.SH,601601.SH,46.38398107000103,47.134871987635236,45.857040075170005,45.949254749265435,237621.61,838157451.0
2025-06-11,601601.SH,601601.SH,45.97558447113015,47.22706886217811,45.857022791978245,46.97677198396851,330083.28,1172139715.0
2025-06-12,601601.SH,601601.SH,46.70012576072754,47.991130647765985,46.3049201830627,47.50371043531269,362084.15,1300256426.0
2025-06-13,601601.SH,601601.SH,47.24022742123304,47.6881269561806,46.8977160121555,47.30609499990179,285301.99,1023662223.0
2025-06-16,601601.SH,601601.SH,47.35876623353836,48.162350305929415,47.09529604586916,48.0701357402452,318629.47,1154925379.0
2025-06-17,601601.SH,601601.SH,47.912074426161574,48.04380957718209,47.26657218616105,47.674951154324646,287813.14,1040933461.0
2025-06-18,601601.SH,601601.SH,47.67496864454341,47.70131568441329,46.12049329222064,46.7528222490977,298521.53,1056987129.0
2025-06-19,601601.SH,601601.SH,46.752808439115796,46.87137008350915,45.79114176792518,45.93605044440596,268417.25,939636023.0
2025-06-20,601601.SH,601601.SH,46.08097034807349,46.976769657298476,45.7911529245007,46.60791111820584,225326.37,794896706.0
2025-06-23,601601.SH,601601.SH,46.34444421962587,47.53006104161744,45.8833710110736,47.27976415697478,255002.12,906492844.0
2025-06-24,601601.SH,601601.SH,47.5563979025482,49.1240464760671,47.2797540366331,48.37315598286897,388179.31,1429254319.0
2025-06-25,601601.SH,601601.SH,48.6102927908467,50.11207419414115,48.38634293246068,50.11207419414115,473420.64,1774422129.0
2025-06-26,601601.SH,601601.SH,50.11208670884618,50.11208670884618,49.26898114907589,49.585145733989755,276479.52,1042505893.0
2025-06-27,601601.SH,601601.SH,49.61148709137085,50.38872494012042,48.544431739697714,48.6893404911595,322721.71,1207154881.0
2025-06-30,601601.SH,601601.SH,48.49173992352922,49.571968848747744,48.47856640005094,49.41388656700844,290777.16,1085441798.0
2025-07-01,601601.SH,601601.SH,49.413884374358034,49.73004892380741,49.21628153095218,49.282149145420796,142865.52,536835637.0
2025-07-02,601601.SH,601601.SH,49.21627845493458,49.61148411704594,48.87376688110474,48.90011392524549,153673.98,573368798.0
2025-07-03,601601.SH,601601.SH,49.0186663347409,49.3216572849422,48.544419630077996,48.939625217297085,136278.14,505642415.0
2025-07-04,601601.SH,601601.SH,48.78155171685374,49.888127559202026,48.122875620217854,48.92646045811364,263802.44,981093762.0
2025-07-07,601601.SH,601601.SH,48.742038953914545,49.83544144936722,48.676171333706556,49.70370620895123,235111.63,881405994.0
2025-07-08,601601.SH,601601.SH,49.716859362608595,50.13841195921788,49.374347877863535,49.83542103040495,214759.81,811561594.0
2025-07-09,601601.SH,601601.SH,49.809066595596725,49.98032231253477,48.87374691078123,48.87374691078123,200685.12,751037065.0
2025-07-10,601601.SH,601601.SH,48.873738596268204,50.401866272054484,48.7551769662503,49.55876134748274,411092.04,1554776599.0
2025-07-11,601601.SH,601601.SH,49.91446827464765,52.23300784084928,49.795906592285064,50.66535892961068,596370.15,2320006629.0
2025-07-14,601601.SH,601601.SH,50.61267330602946,51.0473995473358,50.20429410965077,50.454591036463505,252441.38,970647215.0
2025-07-15,601601.SH,601601.SH,50.53361538000794,50.92882092260445,49.7432042948149,49.95398058419971,266708.52,1015878515.0
2025-07-16,601601.SH,601601.SH,49.99350029156046,50.30966472028178,49.05818052325985,49.769550487882846,229476.5,861768716.0
2025-07-17,601601.SH,601601.SH,49.63781883320512,50.085718472358245,49.440216051225796,49.73003346479547,154305.52,581559184.0
2025-07-18,601601.SH,601601.SH,50.136903145907326,51.33031604199601,49.63512726914277,50.29964126810124,458790.78,1709336934.0
2025-07-21,601601.SH,601601.SH,50.299662713365656,50.353908777224774,49.11981082442987,49.716517526880146,414863.88,1519839528.0
2025-07-22,601601.SH,601601.SH,49.67580846363967,50.39456845506005,48.34678055497554,49.07910205566802,488209.92,1764537686.0
2025-07-23,601601.SH,601601.SH,49.32322532729035,51.086222108304305,49.14692564918896,50.38102339589872,600331.74,2233415946.0
2025-07-24,601601.SH,601601.SH,50.23183196717362,51.37099878284387,50.123339889490744,50.706484807036226,459207.55,1714964021.0
2025-07-25,601601.SH,601601.SH,50.59801736027805,51.26253165956875,50.041995191483785,50.84212465389505,525242.2,1962225402.0
2025-07-28,601601.SH,601601.SH,50.88282537205425,53.50019885201333,50.86926385143269,52.87636890342205,501077.88,1946792438.0
2025-07-29,601601.SH,601601.SH,52.45595093860286,52.75430433070453,51.7778750474627,51.91349022569074,372405.93,1433244440.0
2025-07-30,601601.SH,601601.SH,52.0490909346694,53.13401205889387,51.91347579414134,52.68648209515128,423266.37,1644962694.0
2025-07-31,601601.SH,601601.SH,52.45591654174478,52.60509313997621,50.50305925580599,50.801412452268856,395959.0,1494547740.0
2025-08-01,601601.SH,601601.SH,50.652248687757556,51.316762793701365,50.23184180440535,50.313210878602554,240892.03,901640405.0
2025-08-04,601601.SH,601601.SH,50.20471458692975,50.43526027790159,49.63513111511693,50.34032969926612,240804.97,890026080.0
2025-08-05,601601.SH,601601.SH,50.43525769905473,51.086210204984994,50.2996425936526,50.92347207850242,214310.0,801599586.0
2025-08-06,601601.SH,601601.SH,50.81496335023673,51.68289974052634,50.557294734369506,50.720032807548804,171643.12,643683549.0
2025-08-07,601601.SH,601601.SH,50.706462854913134,51.62864511598136,50.25893322821826,50.47591728964608,204845.9,765824979.0
2025-08-08,601601.SH,601601.SH,50.50301626389942,50.62506974036963,49.98767936324737,50.0419253527897,145359.09,538285760.0
2025-08-11,601601.SH,601601.SH,50.313155573349206,50.72000049712292,49.91987214703462,50.014802629248486,225032.23,833363123.0
2025-08-12,601601.SH,601601.SH,50.014805944851545,50.86918034141489,49.96055995141895,50.733565357833406,306977.0,1143191476.0
2025-08-13,601601.SH,601601.SH,50.99124457584959,52.07616467320809,50.99124457584959,51.20822859532129,404873.77,1540293688.0
2025-08-14,601601.SH,601601.SH,51.39809874979718,54.191768497147635,51.39809874979718,53.703554366542704,514263.26,2026442174.0
2025-08-15,601601.SH,601601.SH,53.43231083496065,54.85626835721215,52.130406814616435,53.83915584131823,505339.27,1999770012.0
2025-08-18,601601.SH,601601.SH,53.9747824770973,55.127510243567976,53.58149888618378,54.110397508446795,346431.63,1385514216.0
2025-08-19,601601.SH,601601.SH,54.151082295051964,54.65285791361367,52.86273949063675,52.984793019476086,241696.32,955518708.0
2025-08-20,601601.SH,601601.SH,52.86275434722822,54.761365329427285,52.14399447539572,54.720680808380166,289293.62,1141582782.0
2025-08-21,601601.SH,601601.SH,54.51728115777959,54.883442001376615,54.02906669965022,54.11043577600511,210798.87,845858106.0
2025-08-22,601601.SH,601601.SH,54.300289630683615,55.330964458838444,53.98837488005781,55.3038414370449,254568.44,1028132382.0
2025-08-25,601601.SH,601601.SH,55.615743022911474,56.565048560976294,54.96479065395275,56.375187453363324,331192.0,1362681202.0
2025-08-26,601601.SH,601601.SH,56.14465757392427,56.25314966585456,55.46658199935997,55.49370502234254,202455.42,833928379.0
2025-08-27,601601.SH,601601.SH,55.5750600506827,55.77848267165885,53.717133445767246,53.89343305061325,344914.86,1383353323.0
2025-08-28,601601.SH,601601.SH,53.70358729310507,54.246047770813206,53.29674193482397,54.16467869915699,277820.85,1101392509.0
2025-08-29,601601.SH,601601.SH,55.12755173626261,57.27027084433875,54.62577574259922,54.66646028262598,511061.22,2101911231.0000002
2025-09-01,601601.SH,601601.SH,55.222510177965766,55.371686899959286,53.703619917668085,53.703619917668085,377192.84,1504733375.0
2025-09-02,601601.SH,601601.SH,53.744300160316364,54.23251484761674,53.13403180119089,54.015530542149904,305478.38,1211083503.0
2025-09-03,601601.SH,601601.SH,54.232513570401714,54.59867457725363,52.10335512315164,52.40170853614209,254160.16,992329989.0
2025-09-04,601601.SH,601601.SH,52.34743794388695,52.34743794388695,50.720056453403416,51.42525509927962,514213.12,1944796911.0
2025-09-05,601601.SH,601601.SH,51.425277810748746,51.72363121576891,50.85569403752842,51.588016031668836,306040.89,1157357364.0
2025-09-08,601601.SH,601601.SH,51.438848589519715,51.92706334017163,50.70652646354184,50.92351079716491,377065.02,1421063477.0
2025-09-09,601601.SH,601601.SH,50.93707823460553,51.80501566991297,50.448863427245094,50.78790148791206,406401.48,1533253886.0
2025-09-10,601601.SH,601601.SH,50.70653350454196,51.2489944139246,50.46242609531978,50.774341118214785,203611.91,763322228.0
2025-09-11,601601.SH,601601.SH,50.828608105646154,51.72366897410204,50.53025448282753,51.72366897410205,323834.0,1224363780.0
2025-09-12,601601.SH,601601.SH,51.72365511459804,51.94063950941543,50.584487041806675,50.61161009115886,362477.04,1368171827.0
2025-09-15,601601.SH,601601.SH,50.5845120879635,50.81505812160838,49.81150479868363,50.17766614623726,336256.8,1247367740.0
2025-09-16,601601.SH,601601.SH,50.164104614846394,50.313281460146015,49.03849750940377,49.17411282331252,408358.27,1485765589.0
2025-09-17,601601.SH,601601.SH,49.22837364882052,49.879327349961954,48.65878916032178,48.685912231202664,527088.02,1905183751.0
2025-09-18,601601.SH,601601.SH,48.753719073342616,48.76728060855077,47.126334848363165,47.5060578341917,642080.15,2263930192.0
2025-09-19,601601.SH,601601.SH,47.533160591632175,47.75014506223592,47.05850706218649,47.316176121028434,352346.89,1232927498.0
2025-09-22,601601.SH,601601.SH,47.38400560415463,47.87222088799824,46.922913391635674,47.26195178319374,284426.36,992374894.0
2025-09-23,601601.SH,601601.SH,47.16700517112155,47.872204788401106,46.77372076917718,47.180566702223075,366817.61,1278956750.0
2025-09-24,601601.SH,601601.SH,47.00426001572441,47.62809035638319,46.638098728816004,47.37042130263283,327805.42,1141139659.0
2025-09-25,601601.SH,601601.SH,47.329717208867606,47.5195785386453,46.80081779020117,47.153417402645466,239293.96,832179106.0
2025-09-26,601601.SH,601601.SH,47.031364478955304,47.967109619972575,46.71944943194955,47.736563715663976,381378.48,1335755024.0
2025-09-29,601601.SH,601601.SH,47.46531189528133,50.17761543215455,47.27545064770021,48.25187992097457,952060.55,3417523037.0
2025-09-30,601601.SH,601601.SH,48.00775371121471,48.95705957556077,47.27543204443347,47.62803136547629,727271.47,2564649758.0
2025-10-09,601601.SH,601601.SH,47.370348941267856,47.65514061826947,46.46172787654843,47.30254139912462,545147.77,1891456881.0
2025-10-10,601601.SH,601601.SH,47.058455293508466,48.41460674288911,46.99064772103942,47.5466698152855,497303.98,1753193013.0
2025-10-13,601601.SH,601601.SH,46.78723226556703,47.46530809550278,46.448194350599145,47.356815962713064,438221.48,1516078045.0
2025-10-14,601601.SH,601601.SH,48.02133795946294,49.28255920493882,48.02133795946294,48.821467566807854,788298.25,2831421736.0
2025-10-15,601601.SH,601601.SH,48.8079060480393,50.16405792489507,48.61804478527949,50.04200425597805,620092.99,2263905227.0
2025-10-16,601601.SH,601601.SH,49.87925544629571,51.47951432140797,49.77076331916946,51.12691490824765,631375.09,2377239836.0
2025-10-17,601601.SH,601601.SH,51.00485807308963,51.53375715972896,49.70295262905437,49.838567779474715,408852.41,1525177722.0
2025-10-20,601601.SH,601601.SH,50.95058761655346,51.19469477042569,49.919912966870726,50.27251218913061,308800.25,1148516227.0
2025-10-21,601601.SH,601601.SH,50.0555400935726,51.723606046298,50.0555400935726,50.625123589625176,520668.89,1959903971.0
2025-10-22,601601.SH,601601.SH,50.50309298123157,51.01843066471352,50.04200136969508,50.448846909286104,250527.62,934137906.0
2025-10-23,601601.SH,601601.SH,50.44882475178505,50.90991616080673,49.82499519840276,50.638685920205745,218464.0,809793056.0
2025-10-24,601601.SH,601601.SH,50.720040329629676,50.787847870177316,50.20470302146767,50.4759331836582,199165.0,741424886.0
2025-10-27,601601.SH,601601.SH,50.58442802774872,51.14044989078832,50.069090691273,50.35388237722011,433875.26,1614829538.0
2025-10-28,601601.SH,601601.SH,50.44883764965323,50.869244630066994,50.218291886200504,50.58445280462541,389585.49,1452716571.0
2025-10-29,601601.SH,601601.SH,50.8014423218789,51.30321844732191,50.54377350070546,50.99130355853301,590656.84,2215436867.0
2025-10-30,601601.SH,601601.SH,50.90991611604734,51.94059102942496,50.855670067974835,51.194707868428,529572.92,2009166241.0
2025-10-31,601601.SH,601601.SH,50.04196066924706,50.04196066924706,48.04841914665104,48.14334969534609,861556.22,3096888163.0
2025-11-03,601601.SH,601601.SH,48.14332708318355,48.48236459785385,47.53305955677699,47.641551561471495,390216.55,1377099471.0
2025-11-04,601601.SH,601601.SH,47.50595023216429,48.19758696120807,47.50595023216429,48.048410411806465,317981.76,1123734245.0
2025-11-05,601601.SH,601601.SH,47.73650131552086,47.872116376076306,47.41102517018776,47.49239420652104,269689.63,945568212.0
2025-11-06,601601.SH,601601.SH,47.57376782730825,48.373896761690006,47.3160991874226,48.12978962916676,476295.74,1688665866.0
2025-11-07,601601.SH,601601.SH,47.91279433036821,49.0519606829725,47.88567132197288,48.29251644790297,359741.55,1285456903.0
2025-11-10,601601.SH,601601.SH,48.278951140314675,49.18757184997791,47.99415957459934,48.88921878113326,352360.01,1265549731.0
2025-11-11,601601.SH,601601.SH,48.88922152849031,49.02483656740429,48.08909279889782,48.26539234948601,267369.87,954114670.0
2025-11-12,601601.SH,601601.SH,48.40100832989903,49.89277378697073,48.26539328834706,49.49949016647001,485419.72,1762949457.0
2025-11-13,601601.SH,601601.SH,49.3774126400352,50.40808645509774,49.309605152202145,50.24534848429838,395218.55,1452862402.0
2025-11-14,601601.SH,601601.SH,49.90630189999754,50.43520020817686,49.18754266067693,49.21466565083997,339889.38,1247167629.0
2025-11-17,601601.SH,601601.SH,49.092599960014894,49.17396891022486,47.87206570686534,48.102611065793596,332597.92,1184041801.0
2025-11-18,601601.SH,601601.SH,48.03478561145812,48.238207910772594,46.96342816840188,47.27534236068407,422185.69,1478034747.0
2025-11-19,601601.SH,601601.SH,47.302484291877505,48.9298633386164,47.302484291877505,48.590826037212466,509604.61,1818045417.0
2025-11-20,601601.SH,601601.SH,48.821360385076574,49.03834420901025,48.03479402331701,48.19753189126727,256291.32,918135625.0
2025-11-21,601601.SH,601601.SH,47.994107200280176,48.238213990222256,46.92274962220102,46.96343408719137,294254.0,1029011243.0
2025-11-24,601601.SH,601601.SH,47.18043265982845,47.22111713754604,46.38030459804924,46.51591952377452,278317.68,958466000.0
2025-11-25,601601.SH,601601.SH,46.77356780815134,47.77711782781013,46.71932186114276,47.39739619875005,261462.69,912779558.0
2025-11-26,601601.SH,601601.SH,47.60082730226393,47.736442194862974,46.85494539296919,46.93631432852862,222205.16,770669746.0
2025-11-27,601601.SH,601601.SH,46.93631021741635,48.06191372739773,46.65151896790299,47.5330156925872,284606.24,996105624.0
2025-11-28,601601.SH,601601.SH,47.51946384515261,47.73644769832683,47.05837315715741,47.12618061127435,254083.0,885264411.0
2025-12-01,601601.SH,601601.SH,47.05835776985882,47.84492398042131,46.85493547402369,47.695747630142215,316847.12,1107186065.0
2025-12-02,601601.SH,601601.SH,47.62795607417724,48.72643683784705,47.4652181832632,48.29246912874292,317172.97,1130577462.0
2025-12-03,601601.SH,601601.SH,48.27890860341157,48.48233097112257,47.38385018548315,47.465219132567555,186021.2,655167297.0
2025-12-04,601601.SH,601601.SH,47.66862795805085,47.912734729955524,47.221098876225625,47.73643539469104,138897.01,487033595.0
2025-12-05,601601.SH,601601.SH,47.736439456286185,51.696394093000826,47.62794754843098,51.004758180423956,903575.2,3327867422.0
2025-12-08,601601.SH,601601.SH,50.855588602939555,52.34735253529245,50.719973699998384,51.85913888470424,639187.9,2447525262.0
2025-12-09,601601.SH,601601.SH,51.62861800100614,52.21176235983022,50.78780520456212,50.855612688146316,342913.17,1296009319.0
2025-12-10,601601.SH,601601.SH,51.3980556094206,51.57435500860859,50.61148905919728,51.41161710166583,257822.9,972940125.0
2025-12-11,601601.SH,601601.SH,51.33027080638245,51.66930826217098,50.65219589480541,50.8149338735839,244750.09,922802113.0
2025-12-12,601601.SH,601601.SH,51.1268596974023,52.021918779637986,50.62508415130047,51.859180764686045,385222.38,1461251687.0
2025-12-15,601601.SH,601601.SH,51.46590513437975,54.571489396770524,51.3438516044168,53.67643017704217,547189.52,2163590153.0
2025-12-16,601601.SH,601601.SH,53.554380586711524,54.24601730738062,52.97123590065718,53.093289439598784,362657.5,1428562337.0
2025-12-17,601601.SH,601601.SH,53.67642557216399,56.07681145550736,53.296703511522104,55.31736733422358,607380.78,2453222630.0
2025-12-18,601601.SH,601601.SH,55.127528982940035,56.19888809478561,55.073282951960515,55.71067381596991,356693.32,1462654934.0
2025-12-19,601601.SH,601601.SH,55.53435808541949,56.40229432900114,55.29025101691215,55.65641161967315,256521.02,1054377111.0
2025-12-22,601601.SH,601601.SH,55.62929248192479,56.402298252639014,55.0868322919499,56.14462966240093,295455.59,1215947939.0
2025-12-23,601601.SH,601601.SH,56.14461864047219,57.62282236796289,55.941196109166135,56.64639421769381,326855.13,1368904783.0
2025-12-24,601601.SH,601601.SH,56.41584694215851,56.64639247052791,55.886948377075775,56.28023192547063,203458.82,844832736.0
2025-12-25,601601.SH,601601.SH,56.28023852493497,58.31446401378805,56.15818499560378,57.82624989646331,339548.63,1446608767.0
2025-12-26,601601.SH,601601.SH,57.64996015989908,58.43652748271116,57.134622948401514,57.40585305971602,238294.1,1014814381.0
2025-12-29,601601.SH,601601.SH,57.026142058230064,58.58571550334219,56.86340395960968,57.338056747252494,308266.07,1313159179.0
2025-12-30,601601.SH,601601.SH,57.40587486274835,57.82628169495842,56.09040832325235,56.836291412657296,311392.98,1302574845.0
2025-12-31,601601.SH,601601.SH,56.82272990194084,57.88052773782423,56.22602343041688,56.836291412657296,293032.76,1232261011.0
