Date,Symbol,Name,Open,High,Low,Close,Volume,Amount
2017-01-03,601933.SH,601933.SH,4.93,5.05,4.9,5.02,491290.93,245830488.0
2017-01-04,601933.SH,601933.SH,5.01,5.04,4.96,5.02,330808.06,165432101.0
2017-01-05,601933.SH,601933.SH,5.009919839999999,5.089918559999999,4.98992016,4.9999199999999995,512130.9,257905107.0
2017-01-06,601933.SH,601933.SH,4.9899201600000005,5.11991808,4.9299211199999995,5.0499192,732079.02,366775363.0
2017-01-09,601933.SH,601933.SH,5.030117938915976,5.090119345742011,5.010117469973963,5.0701188768,378162.14,191143057.0
2017-01-10,601933.SH,601933.SH,5.069946907855641,5.229945232363906,5.039947222010341,5.12994627954624,992104.87,512128210.0
2017-01-11,601933.SH,601933.SH,5.109953434541041,5.179952796658041,5.079953707919469,5.14995307003647,526993.01,271328144.0
2017-01-12,601933.SH,601933.SH,5.149958189274115,5.169958026902364,4.9999594070622475,5.029959163504621,572224.77,289835695.0
2017-01-13,601933.SH,601933.SH,5.030043334192236,5.050043506495187,4.910042300374529,4.960042731131907,352629.61,175796543.0
2017-01-16,601933.SH,601933.SH,4.9501226456696426,5.01012413228382,4.860120415748376,4.9501226456696426,985637.28,486481954.0
2017-01-17,601933.SH,601933.SH,4.980325422379936,4.980325422379936,4.880318887793993,4.930322155086964,459743.0,226760095.0
2017-01-18,601933.SH,601933.SH,5.010477890613856,5.100486475475183,5.000476936740376,5.060482659981259,680099.86,343942133.0
2017-01-19,601933.SH,601933.SH,5.0705098753236575,5.0705098753236575,5.010503841296158,5.020504846967407,214099.39,107803649.0
2017-01-20,601933.SH,601933.SH,5.020702894495887,5.100714096001798,5.010701494307649,5.070709895437082,277889.68,140864054.0
2017-01-23,601933.SH,601933.SH,5.060708495248843,5.110715496190037,5.040705694872366,5.070709895437082,257972.7,130965423.0
2017-01-24,601933.SH,601933.SH,5.0804847098759875,5.110487572335885,5.040480893262791,5.090485664029287,262263.15,133434078.00000001
2017-01-25,601933.SH,601933.SH,5.070304092912447,5.110306492067575,5.060303493123664,5.080304692701229,157218.25,79907068.0
2017-01-26,601933.SH,601933.SH,5.070463473787665,5.1004662162361125,5.060462559638182,5.09046530208663,186721.83,94868666.0
2017-02-03,601933.SH,601933.SH,5.090402556788672,5.090402556788672,5.02039702064423,5.0303978115220085,199677.6,100872358.0
2017-02-06,601933.SH,601933.SH,5.020216286351487,5.0402171480500995,4.950213270406348,5.000215424652876,291721.99,145492322.0
2017-02-07,601933.SH,601933.SH,5.000215424652876,5.020216286351487,4.950213270406348,4.980214562954266,293860.78,146218328.0
2017-02-08,601933.SH,601933.SH,4.960173940023579,4.990174992080173,4.950173589338048,4.990174992080173,196641.32,97717013.0
2017-02-09,601933.SH,601933.SH,4.980194642096014,4.990195032943596,4.960193860400849,4.980194642096014,248344.2,123456661.0
2017-02-10,601933.SH,601933.SH,4.980409628716208,5.100419499287683,4.980409628716208,5.050415386549568,612737.35,309330279.0
2017-02-13,601933.SH,601933.SH,5.050211580416842,5.08021283733021,5.030210742474598,5.08021283733021,423873.53,214667044.0
2017-02-14,601933.SH,601933.SH,5.080343811567421,5.160349225922814,5.050341781184149,5.120346518745118,605246.14,308862839.0
2017-02-15,601933.SH,601933.SH,5.1001997295713615,5.140201296077804,5.0401973798116995,5.0501977714383095,509194.22,258955718.0
2017-02-16,601933.SH,601933.SH,5.040187593020669,5.170192431729536,5.02018684860392,5.1501916873127875,806746.44,412259299.0
2017-02-17,601933.SH,601933.SH,5.220412647201941,5.300418971296991,5.130405532595011,5.140406323106893,1243775.22,649031356.0
2017-02-20,601933.SH,601933.SH,5.160634410584463,5.350657770664124,5.150633181106587,5.240644246407479,1350456.62,708029915.0
2017-02-21,601933.SH,601933.SH,5.270472246576614,5.760516155651101,5.210466869955249,5.760516155651101,3915401.7,2193157869.0
2017-02-22,601933.SH,601933.SH,5.7803858217337005,5.7803858217337005,5.480365796384201,5.600373806524,2854014.44,1595380890.0
2017-02-23,601933.SH,601933.SH,5.530450016854829,5.590454899497015,5.4204410653441535,5.470445134212643,1280744.3,701206422.0
2017-02-24,601933.SH,601933.SH,5.480600524666925,5.570610387298316,5.42059394957933,5.46059833297106,911505.55,500129175.0
2017-02-27,601933.SH,601933.SH,5.440625871308755,5.540637376296048,5.390620118815107,5.490631623802401,733834.2,400749047.0
2017-02-28,601933.SH,601933.SH,5.4308590219862785,5.580882751875403,5.4308590219862785,5.4708653499567115,725123.48,398537150.0
2017-03-01,601933.SH,601933.SH,5.4607103057341275,5.520718111291645,5.420705102029116,5.480712907586634,542720.87,296316922.0
2017-03-02,601933.SH,601933.SH,5.480846140386599,5.540855404697401,5.4008337879721955,5.430838420127596,519270.52,284001019.0
2017-03-03,601933.SH,601933.SH,5.400694215863068,5.410695501448,5.330685216768547,5.340686502353479,508701.65,272887619.0
2017-03-06,601933.SH,601933.SH,5.340445374343484,5.410451212583942,5.330444540309133,5.360447042412186,385019.61,206598938.0
2017-03-07,601933.SH,601933.SH,5.350361065653363,5.650381312325515,5.350361065653363,5.530373213656654,1042155.88,573837771.0
2017-03-08,601933.SH,601933.SH,5.550186156224846,5.550186156224846,5.43018213122539,5.450182802058633,468090.32,255552510.0
2017-03-09,601933.SH,601933.SH,5.450233360340656,5.460233788524767,5.370229934867765,5.390230791235988,329723.49,178307317.0
2017-03-10,601933.SH,601933.SH,5.390356629344533,5.55036721574437,5.370355306044553,5.440359937594483,476925.62,261238910.0
2017-03-13,601933.SH,601933.SH,5.4304991635537485,5.740527660920538,5.420498244283852,5.590513871872091,1062549.98,593722114.0
2017-03-14,601933.SH,601933.SH,5.590514888329158,5.600515809417404,5.48050475635846,5.50050659853495,559078.85,307914328.0
2017-03-15,601933.SH,601933.SH,5.490505677446706,5.500506598534951,5.430500150917233,5.50050659853495,365949.68,200160336.0
2017-03-16,601933.SH,601933.SH,5.490654337347719,5.570663872318177,5.4706519536051035,5.540660296704256,351996.7,194662468.0
2017-03-17,601933.SH,601933.SH,5.54080158858796,5.620813163874429,5.4707914602123,5.490794354033917,494067.62,273562280.0
2017-03-20,601933.SH,601933.SH,5.4706357297345045,5.490638054157666,5.390626432041861,5.410628756465022,588873.2,319527875.0
2017-03-21,601933.SH,601933.SH,5.4004020735407146,5.490408774766393,5.380400584379451,5.4604065410245,350103.23,190540340.0
2017-03-22,601933.SH,601933.SH,5.430404307282607,5.5004095193470235,5.410402818121345,5.4604065410245,305211.76,166713918.0
2017-03-23,601933.SH,601933.SH,5.450234412568736,5.530237853487176,5.42023312222432,5.4702352727983445,399338.55,218528497.0
2017-03-24,601933.SH,601933.SH,5.550185996395669,5.7001910233252815,5.520184991009746,5.580187001781591,938281.78,527029740.0
2017-03-27,601933.SH,601933.SH,5.630232993757856,5.690235476817443,5.57023051069827,5.590231338384799,543580.91,305635818.0
2017-03-28,601933.SH,601933.SH,5.620485186035964,5.620485186035964,5.480473099551082,5.540478279473175,451465.68,249314062.0
2017-03-29,601933.SH,601933.SH,5.530561728331222,5.550563759898423,5.470555633629616,5.51055969676402,315075.96,173671450.0
2017-03-30,601933.SH,601933.SH,5.500722996394567,5.520725625472365,5.430713794622273,5.490721681855669,386829.92,211790398.0
2017-03-31,601933.SH,601933.SH,5.500604980883008,5.5606115806744585,5.450599481056799,5.500604980883009,276971.78,152154720.0
2017-04-05,601933.SH,601933.SH,5.520559424696011,5.8205898282121,5.50055739779494,5.780585774409954,1130138.44,638852853.0
2017-04-06,601933.SH,601933.SH,5.730635941670114,5.8406481499744265,5.650627062903341,5.810644820436886,879195.57,503852320.0
2017-04-07,601933.SH,601933.SH,5.780799327545273,5.860810390902301,5.73079241294713,5.750795178786387,471481.09,273379646.0
2017-04-10,601933.SH,601933.SH,5.780900390470579,5.79090194823956,5.7108894860877175,5.720891043856698,301582.96,173244217.0
2017-04-11,601933.SH,601933.SH,5.811101378137781,6.031143082645581,5.811101378137781,5.921122230391681,1206655.09,717088830.0
2017-04-12,601933.SH,601933.SH,5.951013196831853,6.101038739609126,5.750979139795487,5.810989356906396,1047205.91,622679831.0
2017-04-13,601933.SH,601933.SH,5.841083328454574,5.99111115367173,5.7910740533821885,5.85108518346905,584318.1,343358314.0
2017-04-14,601933.SH,601933.SH,5.850993760263059,5.880998856469536,5.740975074172643,5.760978471643627,359413.77,207929218.0
2017-04-17,601933.SH,601933.SH,5.771057763389812,5.991098094056322,5.721048597329242,5.951090761207866,726459.52,428151974.0
2017-04-18,601933.SH,601933.SH,5.93116049932689,6.2512231232366045,5.921158542329712,6.061185940290211,1309447.36,800654348.0
2017-04-19,601933.SH,601933.SH,6.0608843887508925,6.140896063849914,5.940866876102361,6.03088001058876,712288.31,428275024.0
2017-04-20,601933.SH,601933.SH,6.0311684439805715,6.271214949213628,6.0311684439805715,6.211203322905364,974188.86,603702255.0
2017-04-21,601933.SH,601933.SH,6.231143083026229,6.421177944306322,6.181133909005151,6.221141248222013,799997.32,503696036.0
2017-04-24,601933.SH,601933.SH,6.161321653151731,6.251340963019207,6.0212916155800995,6.181325944233392,761080.32,468148814.0
2017-04-25,601933.SH,601933.SH,6.1412690052404475,6.371316541267371,6.051250404186434,6.351312407699811,730013.63,455578507.0
2017-04-26,601933.SH,601933.SH,6.331451239157798,6.4714833360743995,6.181416849604295,6.201421434878096,819844.15,515194966.0
2017-04-27,601933.SH,601933.SH,6.1716546119906806,6.271681429040772,6.111638521760625,6.1716546119906806,628157.18,387147465.0
2017-04-28,601933.SH,601933.SH,6.1615688290589805,6.211581563061082,6.0215331738530935,6.081548454655617,652614.13,396388557.0
2017-05-02,601933.SH,601933.SH,6.101663592378422,6.221696318785867,6.011639047572839,6.211693591585247,568507.47,347196418.0
2017-05-03,601933.SH,601933.SH,6.1818132380500215,6.281842578471543,6.071780963586348,6.1918161720921745,540713.79,334355866.0
2017-05-04,601933.SH,601933.SH,6.171714740493487,6.28174531123162,6.071686948913365,6.2017230779675225,477791.98,297514854.0
2017-05-05,601933.SH,601933.SH,6.191640534296805,6.221648485190003,6.141627282808138,6.211645834892271,275112.68,170051774.0
2017-05-08,601933.SH,601933.SH,6.221756300720191,6.391804302508364,6.161739358912602,6.291776066162381,741739.86,466344932.0
2017-05-09,601933.SH,601933.SH,6.241943581255078,6.301962269536376,6.041881286984081,6.221937351827978,677537.78,419133607.0
2017-05-10,601933.SH,601933.SH,6.283073376254411,6.283073376254411,6.048478104089067,6.06887769297301,460376.0,279505428.0
2017-05-11,601933.SH,601933.SH,6.069067657843136,6.242469590924368,5.967066520736528,6.191469022371065,900327.59,539693675.0
2017-05-12,601933.SH,601933.SH,6.150943133373278,6.42635849755417,6.130541995285803,6.375355652335486,689217.66,428052170.0
2017-05-15,601933.SH,601933.SH,6.385556221379221,6.558965895122746,6.344753945204274,6.456960204685379,585628.74,370696575.0
2017-05-16,601933.SH,601933.SH,6.447039159265539,6.722466465120236,6.426637136609634,6.68166241980843,775046.96,502638259.0
2017-05-17,601933.SH,601933.SH,6.651332223399999,6.773749380885889,6.579922214866564,6.590123644657054,549873.5,358427267.0
2017-05-18,601933.SH,601933.SH,6.590430528026776,6.998506721712644,6.570026718342483,6.835276244238297,1001922.05,670562697.0
2017-05-19,601933.SH,601933.SH,6.815074656287965,6.927298939550193,6.753861410872206,6.876287901703726,393183.82,263720141.0
2017-05-22,601933.SH,601933.SH,6.865860911567067,6.927072152977768,6.763842175882563,6.855659037998615,381665.51,255478291.0
2017-05-23,601933.SH,601933.SH,6.855595264426169,7.161648624445194,6.824989928424267,7.018823723102983,1054827.98,729928012.0
2017-05-24,601933.SH,601933.SH,7.028976604201574,7.069783434995197,6.794337327138242,7.039178311899981,575590.09,390711481.0
2017-05-25,601933.SH,601933.SH,7.029295635350521,7.080306489017797,6.876263074348696,6.968082610949791,562658.8,384027899.0
2017-05-26,601933.SH,601933.SH,6.947701498802323,6.947701498802323,6.651837558324691,6.713050787389029,1005127.1,667158643.0
2017-05-31,601933.SH,601933.SH,6.825275040673649,7.059925752086943,6.68244417285686,6.713050787389029,1113479.63,748963182.0
2017-06-01,601933.SH,601933.SH,6.743411812009843,6.937246644730247,6.610787979095883,6.835228311719509,646313.08,432142783.0
2017-06-02,601933.SH,601933.SH,6.825229001459339,6.9884631778769,6.753814049276655,6.876239681589826,553542.1,372441038.0
2017-06-05,601933.SH,601933.SH,6.8663722268621115,6.958195926775572,6.784751160272369,6.9071827601569815,366941.02,247612608.0
2017-06-06,601933.SH,601933.SH,6.9071249467329965,6.988745330150817,6.866314755024088,6.947935138441907,411938.76,279466722.0
2017-06-07,601933.SH,601933.SH,6.948183989986977,7.131836430250951,6.948183989986977,7.121633516902953,592434.12,408426253.0
2017-06-08,601933.SH,601933.SH,7.111663229979291,7.2647119365068225,7.030037253164607,7.11166322997929,771887.64,538674495.0
2017-06-09,601933.SH,601933.SH,7.13182245185155,7.213445598653856,7.091010878450397,7.121619558501262,508815.91,356096645.0
2017-06-12,601933.SH,601933.SH,7.090701942596335,7.090701942596335,6.907057863507508,6.978475005375386,818541.61,560627830.0
2017-06-13,601933.SH,601933.SH,6.957805232409246,7.008815534699636,6.896592869660777,6.968007292867323,455151.89,309804256.0
2017-06-14,601933.SH,601933.SH,6.967756975889794,7.09017730343105,6.916748506080938,6.957555281928023,564802.19,386962604.0
2017-06-15,601933.SH,601933.SH,6.936870658116885,6.967474499255636,6.75324761128438,6.794052732802714,888221.68,594728610.0
2017-06-16,601933.SH,601933.SH,6.794032391327467,6.875642390022091,6.77362989165381,6.814434891001122,413951.57,276710536.0
2017-06-19,601933.SH,601933.SH,6.76360846709845,6.926832804162666,6.76360846709845,6.906429762029639,451008.7,303904438.0
2017-06-20,601933.SH,601933.SH,6.906329043262275,6.9675372770282635,6.814516692613294,6.855322181790619,363127.56,244813879.0
2017-06-21,601933.SH,601933.SH,6.895839304693945,7.528297939148124,6.824432684674926,7.416087536261092,981666.08,679666229.0
2017-06-22,601933.SH,601933.SH,7.2934135315992235,7.313814688330969,7.069000807550015,7.109803121013508,982978.52,694065116.0
2017-06-23,601933.SH,601933.SH,7.109686797013222,7.303494615009278,7.017883093751932,7.232091734694941,630368.61,444754611.0
2017-06-26,601933.SH,601933.SH,7.293066800261476,7.344067267396172,7.191065865992084,7.262466519980659,668795.68,475176463.0
2017-06-27,601933.SH,601933.SH,7.293132540581929,7.384934208924919,7.170730316124611,7.242131613724713,468397.16,334008493.0
2017-06-28,601933.SH,601933.SH,7.2317560462786865,7.2317560462786865,7.119556728212304,7.150156542230408,389789.26,273897784.0
2017-06-29,601933.SH,601933.SH,7.1605019249774475,7.231902941323377,7.10950119901607,7.180902215361999,445045.09,312594034.0
2017-06-30,601933.SH,601933.SH,7.1708317099811625,7.252434346794604,7.130030391574442,7.221833357989563,493301.73,348718639.0
2017-07-03,601933.SH,601933.SH,7.252260611598553,7.354261464082358,7.20126018535665,7.3236612083372155,568461.87,406633368.0
2017-07-04,601933.SH,601933.SH,7.333632896191025,7.354032431368191,7.048039403710707,7.139837312007952,963082.76,673961241.0
2017-07-05,601933.SH,601933.SH,7.109238009242202,7.262234523070944,7.088838474065037,7.211235685128031,509661.61,359477780.0
2017-07-06,601933.SH,601933.SH,7.21144435067126,7.2318444761328475,7.12984384882491,7.191044225209672,374365.82,263100398.0
2017-07-07,601933.SH,601933.SH,7.15050842143206,7.191310181326109,7.130107541485036,7.170909301379085,220859.08,155054717.0
2017-07-10,601933.SH,601933.SH,7.201261767970677,7.293062555381069,7.191061680480634,7.231862030440808,562923.91,400039860.0
2017-07-11,601933.SH,601933.SH,7.242221722605627,7.476828905168908,7.211620785749547,7.405426719171387,805905.12,581993336.0
2017-07-12,601933.SH,601933.SH,7.354619189387046,7.395421514986975,7.12000581718746,7.1914098869873335,1273767.22,899426269.0
2017-07-13,601933.SH,601933.SH,7.140483593796221,7.211888429734183,7.0180753036168575,7.1302829029479415,876004.41,609511952.0
2017-07-14,601933.SH,601933.SH,7.109664162016303,7.201467573003601,7.0892634040191265,7.14026529901207,348811.86,244392341.0
2017-07-17,601933.SH,601933.SH,7.1608794896786065,7.191481538779797,6.82425694956551,6.84465831563297,986354.73,672390408.0
2017-07-18,601933.SH,601933.SH,6.803987010128932,6.95700021125627,6.7019782093773745,6.865192290579868,583554.5,390681233.0
2017-07-19,601933.SH,601933.SH,6.803987010128932,6.8855940507301785,6.763183489828309,6.865192290579868,666572.29,445796874.0
2017-07-20,601933.SH,601933.SH,6.855291636585919,6.855291636585919,6.732875714504027,6.824687656065447,612716.69,408549480.0
2017-07-21,601933.SH,601933.SH,6.824508795290859,7.048932103955131,6.77350349786716,6.967323628077214,618797.94,420709755.0
2017-07-24,601933.SH,601933.SH,6.967270348543589,7.00807427445014,6.865260533777212,6.936667404113675,415153.17,282464928.0
2017-07-25,601933.SH,601933.SH,6.906146067535575,6.987754883695523,6.8857438634955885,6.906146067535575,213198.98,144711264.0
2017-07-26,601933.SH,601933.SH,6.906045352905424,6.9876529789368025,6.834638680127968,6.855040586635812,399266.11,270499929.0
2017-07-27,601933.SH,601933.SH,6.845155389261789,6.845155389261789,6.518709826733656,6.72273830331374,925803.04,605448610.0
2017-07-28,601933.SH,601933.SH,6.773539624697071,6.793941852482304,6.661327371878295,6.681729599663527,292551.3,192647770.0
2017-07-31,601933.SH,601933.SH,6.722224011569657,7.038443957485681,6.722224011569657,6.967039453569159,986442.34,670039620.0
2017-08-01,601933.SH,601933.SH,6.967331385980141,6.977532456823449,6.783712110800576,6.865320677547049,520045.39,349486392.0
2017-08-02,601933.SH,601933.SH,6.875229282166734,6.895630556001056,6.814025460663765,6.834426734498088,274876.36,184286814.0
2017-08-03,601933.SH,601933.SH,6.865130803413937,6.946737113112764,6.824327648564522,6.854930014701582,260953.37,175885385.0
2017-08-04,601933.SH,601933.SH,6.834609679814019,6.90601604960312,6.8142078598742755,6.865212409723634,334314.46,224644607.0
2017-08-07,601933.SH,601933.SH,6.834513059587891,6.875316122630207,6.783509230784997,6.85491459110905,199597.03,133557929.0
2017-08-08,601933.SH,601933.SH,6.84446827507671,6.854668674890535,6.7832658761937585,6.824067475449059,204486.05,136681050.0
2017-08-09,601933.SH,601933.SH,6.803702217363747,6.905706748358705,6.711898139468284,6.834303576662234,411592.98,274536197.0
2017-08-10,601933.SH,601933.SH,6.824381448010376,6.865184924530618,6.752975364099954,6.752975364099953,205561.42,137020097.0
2017-08-11,601933.SH,601933.SH,6.732290574696402,6.8750967384020845,6.732290574696402,6.793493216284552,284301.82,189763168.0
2017-08-14,601933.SH,601933.SH,6.823914955643441,7.058518907780659,6.783114268315229,6.976917533124235,701225.58,480348424.0
2017-08-15,601933.SH,601933.SH,6.977207482943795,7.140417014708563,6.967006887208497,7.069012844561476,546442.35,379705813.0
2017-08-16,601933.SH,601933.SH,7.069228123429947,7.099830842578995,6.946817246833758,6.96721905959979,301547.18,206561959.0
2017-08-17,601933.SH,601933.SH,6.947076010799973,7.140900451629928,6.947076010799973,7.120497878910986,472450.22,327016827.0
2017-08-18,601933.SH,601933.SH,7.089865332400121,7.202079028308612,7.0286578619045805,7.059261597152351,302698.79,211156663.0
2017-08-21,601933.SH,601933.SH,7.11043275664209,7.273656464111636,7.090029793208397,7.212447573810557,528935.29,374146751.0
2017-08-22,601933.SH,601933.SH,7.2121408139493095,7.232542909604045,7.1509345269850995,7.171336622639837,233557.72,164664614.0
2017-08-23,601933.SH,601933.SH,7.160989260963313,7.211993457978722,7.07938254573866,7.089583385141743,170410.6,118928131.0
2017-08-24,601933.SH,601933.SH,7.068821033799541,7.109622309607907,6.987218482182807,6.9974188011348994,237908.2,163887014.0
2017-08-25,601933.SH,601933.SH,6.987003802426543,7.078803852385432,6.966603791324568,7.0380038301814825,197810.23,136545012.0
2017-08-28,601933.SH,601933.SH,7.0376686871419505,7.149863405342764,7.0172696474690754,7.068267246651263,263277.98,182899175.0
2017-08-29,601933.SH,601933.SH,7.048073514443547,7.078672965302202,6.986874612726236,7.037873697490662,279401.14,192369999.0
2017-08-30,601933.SH,601933.SH,7.017463863767939,7.0480632701506485,6.97666465525766,7.017463863767939,185132.96,127134002.0
2017-08-31,601933.SH,601933.SH,7.017282501999949,7.027482040520297,6.905087578276112,6.945885732357507,372079.76,253518122.0
2017-09-01,601933.SH,601933.SH,6.955905372120849,7.108894493208551,6.904908998424948,7.098695218469372,432831.46,297043163.0
2017-09-04,601933.SH,601933.SH,7.098808635568441,7.160005261737134,7.017213134010183,7.149805824042351,436482.01,304245590.0
2017-09-05,601933.SH,601933.SH,7.149719098612046,7.272110866348629,7.139519784633997,7.231313610436435,525991.04,372864157.0
2017-09-06,601933.SH,601933.SH,7.221341362658643,7.221341362658643,7.129544650421457,7.200942093272602,230245.75,162101572.0
2017-09-07,601933.SH,601933.SH,7.200812661217858,7.211012112579358,7.078419244879879,7.149815404410367,275988.53,193074980.0
2017-09-08,601933.SH,601933.SH,7.119173628150956,7.261965076280058,7.119173628150956,7.1905693522155065,298511.14,210382265.0
2017-09-11,601933.SH,601933.SH,7.190835290769073,7.272433421728155,7.160235991659417,7.170435758029303,252904.82,178956383.0
2017-09-12,601933.SH,601933.SH,7.160235991659417,7.2010350571389585,7.109237159809991,7.170435758029303,242567.9,169727384.0
2017-09-13,601933.SH,601933.SH,7.191159442545375,7.201359668705013,7.129958085587543,7.15035853790682,190408.47,133839923.00000001
2017-09-14,601933.SH,601933.SH,7.181003517855795,7.181003517855795,7.038199470625709,7.109601494240751,206292.43,143845244.0
2017-09-15,601933.SH,601933.SH,7.09929839961631,7.568504903039227,7.058497834101274,7.466503489251637,1117839.66,806878612.0
2017-09-18,601933.SH,601933.SH,7.48716825502284,7.701378790929488,7.46676725160316,7.507569258442521,600940.24,445438801.0
2017-09-19,601933.SH,601933.SH,7.527677239716285,8.129483414707153,7.466476611751112,7.9662817401333585,1368547.76,1058187904.0000001
2017-09-20,601933.SH,601933.SH,8.017404749694473,8.221409959610362,7.83380006077017,8.078606312669239,974326.05,770085076.0
2017-09-21,601933.SH,601933.SH,8.037998661489565,8.313412321210654,7.854389555008839,8.140003720645524,632357.64,504067663.0
2017-09-22,601933.SH,601933.SH,8.068731021401423,8.099333035389039,7.885118937475727,7.925921622792547,496756.46,388269994.0
2017-09-25,601933.SH,601933.SH,7.895183907999156,7.935985892019824,7.721775475911319,7.833980931968154,469356.62,359659668.0
2017-09-26,601933.SH,601933.SH,7.833964632397944,7.956370329779162,7.752360834143798,7.8441651071797125,286975.05,220769425.0
2017-09-27,601933.SH,601933.SH,7.905343537745362,8.048149743588503,7.823739991549281,7.925744424294382,424380.12,329141503.0
2017-09-28,601933.SH,601933.SH,7.936150652018602,7.95655206757649,7.854544989787048,7.946351359797546,282112.52,218727349.0
2017-09-29,601933.SH,601933.SH,7.956754217772952,8.293386126986425,7.956754217772952,8.150572589744344,641346.93,514006923.0
2017-10-09,601933.SH,601933.SH,8.221655462208842,8.517471849806926,8.170652636760895,8.415466198911036,712184.78,584116681.0
2017-10-10,601933.SH,601933.SH,8.456371083886614,8.527775906066598,8.323762128409502,8.405367639472342,421413.12,347434273.0
2017-10-11,601933.SH,601933.SH,8.364718066333976,8.731949591197422,8.344316314952675,8.46672682324049,494244.73,413581509.0
2017-10-12,601933.SH,601933.SH,8.374899733494946,9.15016450785014,8.262690358259324,8.895143200496458,1054732.12,903229788.0
2017-10-13,601933.SH,601933.SH,8.885168510371175,9.1095929733197,8.783157390849116,8.976978517941026,692091.61,604938058.0
2017-10-16,601933.SH,601933.SH,8.986777968233795,9.384603553660718,8.92557403201427,9.129587152746023,777666.86,699843954.0
2017-10-17,601933.SH,601933.SH,9.1499884648192,9.272396337258252,8.87457075183133,9.129587152746023,641688.89,569458932.0
2017-10-18,601933.SH,601933.SH,9.078778121542339,9.11958161871781,8.93596588142819,9.058376372954603,395215.68,349465000.0
2017-10-19,601933.SH,601933.SH,9.028143918331454,9.385189158039477,8.905728407574417,9.354585280350218,688239.9,617932854.0
2017-10-20,601933.SH,601933.SH,9.262375204247503,9.343982034240874,9.099161544260763,9.201170081752476,480887.27,433157125.0
2017-10-23,601933.SH,601933.SH,9.18053099306081,9.292737482975996,9.088725683130201,9.231533943022258,392001.69,353467789.0
2017-10-24,601933.SH,601933.SH,9.262507437509347,9.272708436889864,9.099291447421077,9.150296444323661,309485.35,278378351.0
2017-10-25,601933.SH,601933.SH,9.15046027059188,9.466696913165288,9.109655542517892,9.344282728943325,507110.18,464719617.0
2017-10-26,601933.SH,601933.SH,9.334448983785725,9.73231074375036,9.293642649430376,9.640496491450829,617684.25,579891791.0
2017-10-27,601933.SH,601933.SH,9.640654951361347,9.76307596661673,9.508032184834684,9.620251448818783,414478.8,389838643.0
2017-10-30,601933.SH,601933.SH,9.539073154185848,10.089992887154871,9.488062067799827,9.9165551934424,933873.07,898910425.0
2017-10-31,601933.SH,601933.SH,9.936976103784795,10.141020787640745,9.661515780579261,9.845155996049616,757856.38,731952022.0
2017-11-01,601933.SH,601933.SH,9.814404171438955,9.936829171498484,9.294097921185953,9.314502087862543,1165558.79,1095791889.0
2017-11-02,601933.SH,601933.SH,9.212867938888005,9.529145797255147,9.192462915767544,9.406715658532383,784407.97,720626675.0
2017-11-03,601933.SH,601933.SH,9.365547563631983,9.651206966444288,9.314536955986929,9.44716453586407,650475.53,607956671.0
2017-11-06,601933.SH,601933.SH,9.467976554566409,10.376004478441851,9.376153506084622,10.233168625247961,1400637.57,1371376666.0
2017-11-07,601933.SH,601933.SH,10.356057118807543,10.702959524757746,10.121387844194171,10.38666615462668,1117279.82,1129227560.0
2017-11-08,601933.SH,601933.SH,10.40687860696358,10.53951529509155,10.172213697198718,10.202822163689786,671150.53,674917892.0
2017-11-09,601933.SH,601933.SH,10.213024985853476,10.610935050237378,10.110996764216578,10.52931247292786,920332.84,933836930.0
2017-11-10,601933.SH,601933.SH,10.50890682860048,10.702760449710587,10.304850385326684,10.52931247292786,775170.5,797016387.0
2017-11-13,601933.SH,601933.SH,10.509278825302378,10.67252975851096,10.213386508861825,10.376637442070406,797312.43,810622498.0
2017-11-14,601933.SH,601933.SH,10.356573524219131,10.458608731354294,10.121892547808255,10.2137242342299,607804.58,611096244.0
2017-11-15,601933.SH,601933.SH,10.18308306152721,10.366745882276197,9.805553929987623,10.18308306152721,845859.77,836289852.0
2017-11-16,601933.SH,601933.SH,10.162655735746126,10.305504310344967,9.948382873847864,10.193266144588735,659744.17,654882484.0
2017-11-17,601933.SH,601933.SH,10.173283516484641,10.27532246850555,9.744719917996823,9.785535498805185,818303.0,801080411.0
2017-11-20,601933.SH,601933.SH,9.846779970215309,10.081470062769663,9.499846789917568,9.999838726229019,880696.2,855562455.0
2017-11-21,601933.SH,601933.SH,10.030373982099237,10.714031211804881,9.969150946603209,10.703827372555544,1163824.2,1189151335.0
2017-11-22,601933.SH,601933.SH,10.754542877905937,10.84637483796396,10.346400833203626,10.479046997731876,829010.47,854819787.0
2017-11-23,601933.SH,601933.SH,10.418186842317152,10.44879855683914,9.928399409965316,9.948807219646643,747874.14,746826593.0
2017-11-24,601933.SH,601933.SH,9.92814509645584,10.203643470149885,9.75468315746329,9.958756026866288,663257.31,648211968.0
2017-11-27,601933.SH,601933.SH,9.918169149654808,9.958984660558738,9.214101586562029,9.244713219739976,945080.22,885669926.0
2017-11-28,601933.SH,601933.SH,9.234396870425853,9.642547008345227,9.2037856100819,9.550713227313368,590833.51,548727337.0
2017-11-29,601933.SH,601933.SH,9.581118215870722,9.621932350975602,9.264808668807897,9.47908287810852,652763.7,601891062.0
2017-11-30,601933.SH,601933.SH,9.387072022916822,9.529918771091644,9.234021935586659,9.254428613897346,393875.45,360521639.0
2017-12-01,601933.SH,601933.SH,9.387312717071255,9.387312717071255,9.091408294467923,9.152629899144475,603745.61,543447691.0
2017-12-04,601933.SH,601933.SH,9.203910436598923,9.459007732513527,9.030444275376992,9.407988273330606,770352.0,700450389.0
2017-12-05,601933.SH,601933.SH,9.387798563982972,9.387798563982972,9.1531035998834,9.22453250200066,687406.74,624046729.0
2017-12-06,601933.SH,601933.SH,9.224762090365152,9.306397153111746,9.061491964871966,9.183944558991856,827310.03,741542086.0
2017-12-07,601933.SH,601933.SH,9.194355784331059,9.30660652087672,9.051491210545668,9.071900435372156,478462.08,429949725.0
2017-12-08,601933.SH,601933.SH,9.07179747208501,9.97999766895291,8.93913901636273,9.97999766895291,614432.49,577272576.0
2017-12-18,601933.SH,601933.SH,10.979651429653547,10.979651429653547,10.142912194308202,10.540873537948062,5009608.34,5307130243.0
2017-12-19,601933.SH,601933.SH,10.234921844390389,10.694115745684076,10.153287373049288,10.418599404907864,2179310.84,2221321149.0
2017-12-20,601933.SH,601933.SH,10.469836078693644,11.408651789453698,10.408608967122337,11.173947861763684,3397942.57,3636394224.0
2017-12-21,601933.SH,601933.SH,11.020864776057522,11.122909820280276,10.724934147811531,11.020864776057522,2147495.07,2303215406.0
2017-12-22,601933.SH,601933.SH,10.868002262500934,11.102710292583113,10.439404990176952,10.816978777700458,2063500.58,2172894205.0
2017-12-25,601933.SH,601933.SH,10.918697046620395,11.061558503305147,10.653382912777282,10.847266318278018,1589033.06,1697883912.0
2017-12-26,601933.SH,601933.SH,10.602156914654547,10.683790461639376,10.459298207431097,10.551135947789028,1304586.18,1350218090.0
2017-12-27,601933.SH,601933.SH,10.531230521165138,10.541435201902702,10.184271376087993,10.255704141250934,1311289.62,1329339408.0
2017-12-28,601933.SH,601933.SH,10.255856755895893,10.40892924478986,10.112989099594856,10.286471253674687,887755.05,894481376.0
2017-12-29,601933.SH,601933.SH,10.286634207674746,10.398889144464846,10.18458426513829,10.307044196182035,711102.6,715388357.0
2018-01-02,601933.SH,601933.SH,10.378273233752079,10.378273233752079,10.153767814732861,10.286430107789672,784990.78,789260190.0
2018-01-03,601933.SH,601933.SH,10.460026197108755,10.766173305316817,10.388591871860209,10.42941148628795,1457715.83,1507493097.0
2018-01-04,601933.SH,601933.SH,10.235596055869982,10.69482020593394,10.14375122585719,10.48051560257076,1471860.63,1510245433.0
2018-01-05,601933.SH,601933.SH,10.389007148077553,10.52167619810212,10.317569967295094,10.337980590375798,797712.54,811592983.0
2018-01-08,601933.SH,601933.SH,10.256234529148665,10.450133490396253,10.18479806974166,10.40931265644939,811645.24,820814168.0
2018-01-09,601933.SH,601933.SH,10.4396282839704,10.664136419109546,10.327374216400825,10.65393150387595,1197608.44,1234116184.0
2018-01-10,601933.SH,601933.SH,10.644119151942393,11.021714941608614,10.582887402266788,10.735966776455797,1305607.7,1380505105.0
2018-01-11,601933.SH,601933.SH,10.674747226477368,10.960495718199516,10.542078283892085,10.715568439580531,886689.53,933666648.0
2018-01-12,601933.SH,601933.SH,10.674747226477368,10.817621472338441,10.409409341306802,10.50125707078892,737200.63,762440953.0
2018-01-15,601933.SH,601933.SH,10.409795180661968,10.460823588410312,10.256709957416941,10.297532683615614,853900.04,863534890.0
2018-01-16,601933.SH,601933.SH,10.307646331787023,11.073065613850416,10.236207198794439,10.858748214872666,1526810.4,1600129298.0
2018-01-17,601933.SH,601933.SH,10.869423169087561,11.277664414874888,10.695920639627948,11.15519204113869,1729856.08,1863138716.0
2018-01-18,601933.SH,601933.SH,11.074092867975343,11.30884322370201,10.920994809892735,11.05367979356433,957822.92,1039126358.0
2018-01-19,601933.SH,601933.SH,10.991927927480724,11.328727947542806,10.869455192912694,11.073576417192744,1114214.16,1213311092.0
2018-01-22,601933.SH,601933.SH,11.032585009425032,11.859263442138655,10.981555476541475,11.787822096101676,1859735.78,2102641416.0000002
2018-01-23,601933.SH,601933.SH,11.63436645529659,12.001767501253322,11.573132947637133,11.807861393665048,1316733.08,1517960469.0
2018-01-25,601933.SH,601933.SH,11.971409498859025,12.573552005621755,11.614206316881134,11.75708758967229,1974915.77,2333724442.0
2018-01-26,601933.SH,601933.SH,11.747458318548233,11.880140297819413,11.53312589049479,11.645395257570403,963921.06,1100116403.0
2018-01-29,601933.SH,601933.SH,11.533183556124245,11.778136127227766,11.073897485305137,11.431119984831108,1048104.22,1172035907.0
2018-01-30,601933.SH,601933.SH,11.685864873067024,11.777718832767986,11.46133297157578,11.522568944709755,1158285.18,1319671104.0
2018-01-31,601933.SH,601933.SH,11.48125546189797,11.767011153394098,11.215910891222995,11.705777790930641,903580.36,1016339266.0
2018-02-01,601933.SH,601933.SH,11.705749688417018,11.777188439784863,11.021978782467638,11.052595390196714,1410820.7,1566870115.0
2018-02-02,601933.SH,601933.SH,10.818328861944536,11.236773657548051,10.491737801961303,11.16533186317672,914024.26,984179492.0
2018-02-05,601933.SH,601933.SH,10.920837875689426,11.39033184043869,10.808567579771124,11.06372734322181,728617.64,795238235.0
2018-02-06,601933.SH,601933.SH,10.777956996163743,10.961672172234715,10.165573075927167,10.247224265292042,1357697.63,1397765442.0
2018-02-07,601933.SH,601933.SH,10.53330681275203,10.604753661288141,10.03317887299927,10.063798950943315,1078554.07,1091207783.0
2018-02-08,601933.SH,601933.SH,10.104214685912808,10.410403009728347,10.002151911307628,10.23689629289954,732699.91,735032993.0
2018-02-09,601933.SH,601933.SH,9.899979477330023,10.042865779064684,9.287609612752908,9.859154819691549,1237565.12,1172647313.0
2018-02-12,601933.SH,601933.SH,9.910609511125521,10.25763394302899,9.808543501742147,10.165774534583955,745258.41,737976009.0
2018-02-13,601933.SH,601933.SH,10.226527139540636,10.410237207915616,10.195908794811473,10.287763828998962,600275.05,606674401.0
2018-02-14,601933.SH,601933.SH,10.298142886915373,10.81866348873171,10.28793660060525,10.69618805301022,890526.09,932057360.0
2018-02-22,601933.SH,601933.SH,10.869509044458416,11.155280174265773,10.6857990324394,10.981776274025592,796593.9,849828710.0
2018-02-23,601933.SH,601933.SH,10.981440604637593,11.083498602821956,10.76711880845043,10.81814780754261,612468.28,653965069.0
2018-02-26,601933.SH,601933.SH,10.91983839693351,11.103536612956692,10.623880160007275,10.91983839693351,828473.51,879979484.0
2018-02-27,601933.SH,601933.SH,10.909317936649265,10.909317936649265,10.490906303905934,10.603163083422439,852074.91,890485583.0
2018-02-28,601933.SH,601933.SH,10.51117544604479,10.633635742503564,10.205024704897854,10.40912519899581,659093.92,675185481.0
2018-03-01,601933.SH,601933.SH,10.378894139861393,10.552385978974119,10.25642931225241,10.480948162868879,519323.61,531127252.0
2018-03-02,601933.SH,601933.SH,10.368305768310613,10.51117612338576,10.337690692223081,10.388715819035633,394099.14,402666309.0
2018-03-05,601933.SH,601933.SH,10.409371626683626,10.542040088592339,10.215471566970892,10.460397958186977,601931.03,612136967.0
2018-03-06,601933.SH,601933.SH,10.480634308311025,10.76637701584044,10.327557857848838,10.745966822445482,947806.7,981862849.0
2018-03-07,601933.SH,601933.SH,10.73567408687677,10.73567408687677,10.480548752112588,10.500958778893724,553948.26,575068956.0
2018-03-08,601933.SH,601933.SH,10.44966555497394,10.541508318640703,10.327208536751588,10.419051300418353,568724.56,579314626.0
2018-03-09,601933.SH,601933.SH,10.408905104971582,10.643615710279764,10.388495487118696,10.521158003162453,610019.14,629189720.0
2018-03-12,601933.SH,601933.SH,10.572309745499178,10.949892236409864,10.531490016752077,10.898867575475986,1126396.69,1192165934.0
2018-03-13,601933.SH,601933.SH,10.837931674071648,10.980804596328714,10.664443125616641,10.695058751814585,624140.35,661519049.0
2018-03-14,601933.SH,601933.SH,10.592917885003684,10.85825108828894,10.562302515393846,10.715379363443033,417010.76,438509051.0
2018-03-15,601933.SH,601933.SH,10.725535466607527,11.276609600952728,10.643894854111942,11.164353758771297,1402694.33,1521742013.0
2018-03-16,601933.SH,601933.SH,11.429452228154828,11.449861964276534,10.86818448480794,10.888594220929646,895190.28,971791921.0
2018-03-19,601933.SH,601933.SH,10.898268904646391,11.092151965684108,10.734998958509367,10.928882019547085,551738.19,590215099.0
2018-03-20,601933.SH,601933.SH,10.817065571661784,10.898703802391307,10.67419866788512,10.766041677455833,470846.37,496005246.0
2018-03-21,601933.SH,601933.SH,10.76562121006149,10.928891294763844,10.571737984477442,10.58194236477134,499690.53,526981858.0
2018-03-22,601933.SH,601933.SH,10.582022812286391,10.786111969707537,10.36772919699419,10.469773775704763,933945.15,964557979.0
2018-03-23,601933.SH,601933.SH,10.194108667194548,10.357377674877345,9.745118896066861,10.061452598452277,1079973.9,1066352377.0000001
2018-03-26,601933.SH,601933.SH,9.867855427329102,10.163789044074235,9.857650819855131,10.112766006704385,690050.65,675714187.0
2018-03-27,601933.SH,601933.SH,10.204428516321805,10.428925943680884,10.204428516321805,10.357494944066632,672231.71,678437073.0
2018-03-28,601933.SH,601933.SH,10.245446815027144,10.327083841441702,10.133195903707126,10.163809788612586,647972.47,647930230.0
2018-03-29,601933.SH,601933.SH,10.184219045216226,10.255651443328965,9.959717222576188,10.163809788612586,422037.23,418781898.0
2018-03-30,601933.SH,601933.SH,10.205126088566296,10.24594659292056,10.001023566794972,10.041844071149235,486853.24,482105151.0
2018-04-02,601933.SH,601933.SH,10.06187213681201,10.408833244977941,10.051667398336543,10.316990598698725,725196.42,729358077.0
2018-04-03,601933.SH,601933.SH,10.112714184844489,10.224964291840744,10.010668633029711,10.112714184844489,490468.36,485149629.0
2018-04-04,601933.SH,601933.SH,10.15362471041045,10.357717669413676,10.041373582958677,10.102601470659645,636947.99,637639140.0
2018-04-09,601933.SH,601933.SH,10.021192036246696,10.021192036246696,9.69463588027939,9.878323718011,619455.87,599755004.0
2018-04-10,601933.SH,601933.SH,9.878643431392744,9.950079902487527,9.756180909515976,9.837822590767155,510975.66,492875315.0
2018-04-11,601933.SH,601933.SH,9.857834111029765,9.888448502678925,9.623123775052866,9.684352558351188,832534.07,791208013.0
2018-04-12,601933.SH,601933.SH,9.612891899191471,9.612891899191471,9.388386992840926,9.419001298252365,836818.05,777865333.0
2018-04-13,601933.SH,601933.SH,9.419312888998014,9.511158843495286,9.388697570832257,9.43972310110852,365255.35,338050388.0
2018-04-16,601933.SH,601933.SH,9.439672349909053,9.541722861799961,9.419262247530872,9.490697605854507,332903.1,309447019.0
2018-04-17,601933.SH,601933.SH,9.520908953746714,9.541318190517874,9.061701126395587,9.143338073480232,644782.12,584710892.0
2018-04-18,601933.SH,601933.SH,9.173701445307866,9.255336163397368,8.796140874143916,8.969614650084107,799847.08,702312397.0
2018-04-19,601933.SH,601933.SH,8.949183972513536,9.33694793027353,8.898162399124065,9.132861636715639,672260.05,601969802.0
2018-04-20,601933.SH,601933.SH,9.04145572664198,9.327190219131795,8.980226906822734,9.163913366280472,791668.87,714961081.0
2018-04-23,601933.SH,601933.SH,9.184026770757413,9.245253615895797,9.041164132101187,9.1125954514293,322210.77,287876105.0
2018-04-24,601933.SH,601933.SH,9.16346358326609,9.316528119734901,9.11244207110982,9.275710910009884,497979.36,450904960.0
2018-04-25,601933.SH,601933.SH,9.255296236096685,9.357339193495767,9.17366187017742,9.33693060201595,398014.93,362424852.0
2018-04-26,601933.SH,601933.SH,9.347553582409734,9.347553582409734,9.082230009109894,9.112844267567567,346678.82,312299513.0
2018-04-27,601933.SH,601933.SH,9.123429650908832,9.286712508195793,9.01117268652405,9.245891793874053,306559.91,275717188.0
2018-05-02,601933.SH,601933.SH,9.297270471599163,9.317681603260194,9.072748023327833,9.144186984141438,272548.53,244532581.0
2018-05-03,601933.SH,601933.SH,9.174398165448158,9.266244198250199,8.960090755576733,9.235628853982853,411434.37,369064791.0
2018-05-04,601933.SH,601933.SH,9.235813361551523,9.286839954709265,9.154170812499133,9.194992087025328,246312.15,222816242.0
2018-05-07,601933.SH,601933.SH,9.195364144588273,9.266804265578417,9.113718292028112,9.256598534008397,423037.46,381442563.0
2018-05-08,601933.SH,601933.SH,9.287384856928211,9.665003801660458,9.205737517526645,9.583356462258891,796125.09,737946202.0
2018-05-09,601933.SH,601933.SH,9.491931655576824,9.563376302446756,9.389867874334062,9.451106143079718,371377.88,344589536.0
2018-05-10,601933.SH,601933.SH,9.461316586214744,9.532761263780552,9.379665526139537,9.50214211625235,299375.97,277639671.0
2018-05-11,601933.SH,601933.SH,9.543148384313557,9.57376811174986,9.420669474568358,9.430876050380459,299106.58,277936523.0
2018-05-14,601933.SH,601933.SH,9.450848753575828,9.522291454736768,9.410024352912433,9.461054853741675,337269.48,312791004.0
2018-05-15,601933.SH,601933.SH,9.50167710859372,9.552706523784877,9.348588863020243,9.45064769340256,254972.35,235744152.0
2018-05-16,601933.SH,601933.SH,9.450655770879221,9.62415593081977,9.440449879118013,9.552714688491308,431442.38,402942243.0
2018-05-17,601933.SH,601933.SH,9.532035624624568,9.532035624624568,9.307512301560605,9.317717907154423,356251.94,327763412.0
2018-05-18,601933.SH,601933.SH,9.287422368286109,9.297628326932577,9.093509154003213,9.175156823174959,442807.7,398416799.0
2018-05-21,601933.SH,601933.SH,9.266920411262808,9.45062588197066,9.19547939487642,9.348567287132965,405609.89,370443921.0
2018-05-22,601933.SH,601933.SH,9.307735927713757,9.746587512024824,9.307735927713757,9.593499750055848,897169.44,844466566.0
2018-05-23,601933.SH,601933.SH,9.552430090975479,9.654485968015816,9.450374213935143,9.501402152455311,440676.33,411486560.0
2018-05-24,601933.SH,601933.SH,9.552742069277388,9.736448647532722,9.511918385220648,9.59356575333413,653073.49,615600743.0
2018-05-25,601933.SH,601933.SH,9.603588745364043,9.848526184140596,9.532148659054213,9.6444116518268,796458.02,755852589.0
2018-05-28,601933.SH,601933.SH,9.603414134659582,9.603414134659582,9.307453444005885,9.542180888317436,438023.71,407540481.0
2018-05-29,601933.SH,601933.SH,9.460216879639576,9.837809139128968,9.450011683437161,9.664320803687897,749027.81,714359580.0
2018-05-30,601933.SH,601933.SH,9.459863140926513,9.66395943307164,9.327200551032185,9.47006795553377,669893.9,620472688.0
2018-05-31,601933.SH,601933.SH,9.615606084001804,10.051264612079555,9.491132218836732,9.98902767949702,1389774.08,1320174528.0
2018-06-01,601933.SH,601933.SH,9.874455855042882,10.040413096304107,9.76036025167579,9.812221889569923,805440.45,769132225.0
2018-06-04,601933.SH,601933.SH,9.86421716988604,10.040549127707346,9.584160530993376,9.646395339636191,879031.84,826187752.0
2018-06-05,601933.SH,601933.SH,9.645951097745552,9.6770670690286,9.282931432776632,9.45925527004725,1074895.94,976908326.0
2018-06-06,601933.SH,601933.SH,9.37608064401711,9.459054809008412,9.313850020273634,9.396824185264936,625313.37,564687711.0
2018-06-07,601933.SH,601933.SH,9.396477485789935,9.427591649650166,9.209792502628547,9.220163890581956,711666.48,636046134.0
2018-06-08,601933.SH,601933.SH,9.210232182177919,9.210232182177919,8.940563221888924,8.950935104976963,774241.91,672444160.0
2018-06-11,601933.SH,601933.SH,8.919372402856792,8.919372402856792,8.473403782713953,8.711945137674078,1177182.92,979060768.0
2018-06-12,601933.SH,601933.SH,8.67025519266384,8.877677565694077,8.597657362103257,8.794708616481982,527232.41,445592556.0
2018-06-13,601933.SH,601933.SH,8.773966379178958,8.856935328391051,8.659884074012329,8.794708616481982,303989.39,256979081.0
2018-06-14,601933.SH,601933.SH,8.763799213289872,8.763799213289872,8.483772492865226,8.55637201297532,578132.93,478934753.0
2018-06-15,601933.SH,601933.SH,8.597677258420953,8.691017542288009,8.473223546598213,8.659904114332322,500672.57,414616769.0
2018-06-19,601933.SH,601933.SH,8.577164331452886,8.711992791318531,8.017107652010983,8.338621671690593,748151.63,606873091.0
2018-06-20,601933.SH,601933.SH,8.338987200311818,8.51530906897513,8.173037206275762,8.328615325684565,512639.53,412171666.0
2018-06-21,601933.SH,601933.SH,8.276890911116695,8.505075873578559,8.100566167396163,8.14205434238923,738596.91,591872048.0
2018-06-22,601933.SH,601933.SH,8.111114535888152,8.38079353580259,7.98664730515841,8.349676728120157,537578.81,428157396.0
2018-06-25,601933.SH,601933.SH,8.422019744965542,8.453135581461721,8.235324725988475,8.307928344479556,328852.85,264551471.00000003
2018-06-26,601933.SH,601933.SH,8.193785539746745,8.318248104907454,8.100438615876211,8.266388702757158,374443.81,296425856.0
2018-06-27,601933.SH,601933.SH,8.27661809718224,8.349220010315419,8.131414270915885,8.193644482172894,259666.73,205951122.0
2018-06-28,601933.SH,601933.SH,8.152481172988645,8.193969626795203,7.737596634923065,7.84131776943946,955251.6,731756780.0
2018-06-29,601933.SH,601933.SH,7.8622019492787985,7.955552632053876,7.665128285642522,7.924435737795517,708516.49,534607745.0
2018-07-02,601933.SH,601933.SH,7.903324340487423,7.924067973927022,7.415848954656834,7.509195305135032,895388.69,658477026.0
2018-07-03,601933.SH,601933.SH,7.4679878201547885,7.5924542838240345,7.250171508733607,7.53022105198941,486886.98,350726861.0
2018-07-04,601933.SH,601933.SH,7.499421505299993,7.582402656119356,7.3956950667757875,7.457930929890312,394760.81,285927299.0
2018-07-05,601933.SH,601933.SH,7.405991240622144,7.5408342183925745,7.32301094660957,7.333383483361143,463964.11,332583429.0
2018-07-06,601933.SH,601933.SH,7.354332034859469,7.437314624815571,7.15724838371373,7.385450506093008,527886.51,374436264.0
2018-07-09,601933.SH,601933.SH,7.4480248576047146,7.520637913319524,7.375411801889905,7.510264619645979,481951.18,347111845.0
2018-07-10,601933.SH,601933.SH,7.541056704586528,7.57217523294108,7.447701119522871,7.541056704586528,330541.03,239125638.0
2018-07-11,601933.SH,601933.SH,7.4167802984114255,7.530884610694677,7.23006415103883,7.510138372097723,451249.6,323217312.0
2018-07-12,601933.SH,601933.SH,7.478715517778526,7.924741547271559,7.4475974226976165,7.872878055470043,748725.48,563760888.0
2018-07-13,601933.SH,601933.SH,7.85175874767045,7.90361976978188,7.779153316714448,7.841386543248163,327365.09,247518741.0
2018-07-16,601933.SH,601933.SH,7.747860658227908,7.882696252012329,7.602653095690839,7.851580345754386,512166.09,381595454.0
2018-07-17,601933.SH,601933.SH,7.851660227964062,7.851660227964062,7.664962890971521,7.747939485190428,290696.62,216965587.0
2018-07-18,601933.SH,601933.SH,7.778773121917207,7.7995165169089855,7.623197659478862,7.623197659478862,239328.04,177957706.0
2018-07-19,601933.SH,601933.SH,7.613195516641319,7.706545325428475,7.44724030101971,7.478356903948763,283180.94,205926231.0
2018-07-20,601933.SH,601933.SH,7.5198476601218,7.602825289474868,7.4161256234304656,7.550964271129201,279930.93,202527276.0
2018-07-23,601933.SH,601933.SH,7.509478680415952,7.965855837789296,7.4887342641717085,7.924367005300811,708832.29,536491206.0
2018-07-24,601933.SH,601933.SH,7.945110569195936,8.266648986487155,7.88287732713957,8.121438088355637,621854.66,488656966.0
2018-07-25,601933.SH,601933.SH,8.121434944242784,8.44297323705444,8.121434944242784,8.225156974182028,648098.45,519008209.0
2018-07-26,601933.SH,601933.SH,8.349619246029578,8.370363641671887,8.048825509216089,8.0695699048584,352489.77,277330147.0
2018-07-27,601933.SH,601933.SH,8.069572367111784,8.214783180915852,7.9865947592237445,8.090316769083792,246588.66,192435225.0
2018-07-30,601933.SH,601933.SH,8.090316981986865,8.11106138450478,7.820639749253969,7.882872956807713,309826.56,236666985.0
2018-07-31,601933.SH,601933.SH,7.893243918289945,7.986593714958289,7.831010720511049,7.924360517179393,175847.2,134083006.0
2018-08-01,601933.SH,601933.SH,7.945103352774759,8.02808093348259,7.748031598593662,7.799892586536056,245450.24,186609951.0
2018-08-02,601933.SH,601933.SH,7.737657243588084,7.799890411767077,7.478352376175615,7.737657243588084,339533.87,249121787.0
2018-08-03,601933.SH,601933.SH,7.685793799671076,7.75839913920913,7.540583120594969,7.550955311957549,209794.99,155031876.0
2018-08-06,601933.SH,601933.SH,7.550955395857052,7.654677310635308,7.43686128960097,7.467977864034447,203936.6,148115288.0
2018-08-07,601933.SH,601933.SH,7.478350055512271,7.654677310635306,7.426489098123143,7.654677310635307,236318.03,171732020.0
2018-08-08,601933.SH,601933.SH,7.633935826641528,7.64430802205816,7.322769964142552,7.374630941225715,318654.09,230161801.0
2018-08-09,601933.SH,601933.SH,7.374634002969044,7.62356679631821,7.322773004354634,7.51984479908939,319815.76,231338674.0
2018-08-10,601933.SH,601933.SH,7.519846839752834,7.6961742828918664,7.478358029602473,7.6443132702039165,291766.71,214041809.0
2018-08-13,601933.SH,601933.SH,7.530222134508614,7.613199788883365,7.467988893727552,7.602827582086521,192950.17,140379172.0
2018-08-14,601933.SH,601933.SH,7.60282440983579,7.62356881477395,7.385008157985106,7.457613575268668,359556.35,259096400.0
2018-08-15,601933.SH,601933.SH,7.467986765678968,7.467986765678968,7.260542688854552,7.291659300378214,419449.95,295429497.0
2018-08-16,601933.SH,601933.SH,7.2501739345246445,7.34352381350994,7.18794068186778,7.281290560853076,251235.54,176350071.0
2018-08-17,601933.SH,601933.SH,7.29166276962922,7.364268231062227,7.229429516972356,7.281290560853076,244193.9,171285309.0
2018-08-20,601933.SH,601933.SH,7.2605496965525065,7.3331551935180315,7.239805268848071,7.333155193518032,307720.54,215848848.0
2018-08-21,601933.SH,601933.SH,7.333155405051355,7.550971902231098,7.302038762597106,7.550971902231098,433063.96,310621015.0
2018-08-22,601933.SH,601933.SH,7.5198515206223,7.530223729616262,7.447246057664567,7.509479311628338,225425.43,162711603.0
2018-08-23,601933.SH,601933.SH,7.509476023694154,7.685803499388629,7.457615001431073,7.675431294936013,375915.35,275378461.0
2018-08-24,601933.SH,601933.SH,7.62356840567613,7.696173819063522,7.592451799938677,7.623568405676131,194145.19,143103318.0
2018-08-27,601933.SH,601933.SH,7.696176813683685,8.04883181592795,7.685804607735325,7.996970786186147,724920.53,555563225.0
2018-08-28,601933.SH,601933.SH,7.976225839110366,8.090320096886977,7.93473701810069,8.038459070624882,318676.06,246171177.0
2018-08-29,601933.SH,601933.SH,8.05920583303735,8.079950249596004,7.882878292288784,7.996972583361386,239070.13,183554113.0
2018-08-30,601933.SH,601933.SH,7.986600780651608,8.19404495677243,7.934739736621403,7.965856363039527,362085.36,280310943.0
2018-08-31,601933.SH,601933.SH,8.02809028575548,8.02809028575548,7.820646092325106,7.95548481805485,248315.48,189703833.0
2018-09-03,601933.SH,601933.SH,7.862137153374657,7.924370428995036,7.654692901306723,7.779159452547483,308966.74,230507263.0
2018-09-04,601933.SH,601933.SH,7.810278676541808,7.8725119727692325,7.696184300124862,7.831023108617616,199063.81,149754578.0
2018-09-05,601933.SH,601933.SH,7.841391424757315,8.028091220584871,7.81027479211939,7.820647002998698,361245.59,274951777.0
2018-09-06,601933.SH,601933.SH,7.799902581240081,7.872508057395241,7.748041526843538,7.820647002998698,204310.34,153913467.0
2018-09-07,601933.SH,601933.SH,7.831018597262321,8.028090588451704,7.810274177137123,7.903624067700514,268749.53,205483287.0
2018-09-10,601933.SH,601933.SH,7.903621626101602,7.98659928096881,7.644316454641575,7.78952735065919,343125.97,259467286.0
2018-09-11,601933.SH,601933.SH,7.810268307029024,7.851757116096908,7.748035093427199,7.779151700228112,157610.98,118421101.0
2018-09-12,601933.SH,601933.SH,7.789526502469682,7.820643119656646,7.737665473824745,7.768782091011707,145522.38,109087091.0
2018-09-13,601933.SH,601933.SH,7.75841234125618,7.8725066403923,7.6546902511324335,7.831017804342801,244091.8,182336042.0
2018-09-14,601933.SH,601933.SH,7.831013993247469,7.841386197212035,7.716919749637242,7.7791529734246385,148725.02,111627061.0
2018-09-17,601933.SH,601933.SH,7.789525177389204,7.872502809105734,7.748036361530939,7.7791529734246385,208174.97,156722755.0
2018-09-18,601933.SH,601933.SH,7.768780769460074,8.121435704255324,7.758408565495508,8.059202480467926,378006.99,290480974.0
2018-09-19,601933.SH,601933.SH,8.01771358290048,8.245902067795448,7.976224767465031,8.142180029206825,384372.68,302207640.0
2018-09-20,601933.SH,601933.SH,8.142182589969478,8.142182589969478,8.007343897396733,8.079949347243597,167225.03,130067873.0
2018-09-21,601933.SH,601933.SH,8.19404432444831,8.422232900572187,8.131811076414525,8.391116276555294,688360.71,552439621.0
2018-09-25,601933.SH,601933.SH,8.318510310369408,8.380743554586637,8.194043821934955,8.287393688260796,401298.85,321112904.0
2018-09-26,601933.SH,601933.SH,8.2873962199459,8.422234956941265,8.22516295671727,8.318512851560214,437444.35,351809747.0
2018-09-27,601933.SH,601933.SH,8.339259766032443,8.349631979671788,8.173304347802942,8.256282056917692,355908.72,282653518.0
2018-09-28,601933.SH,601933.SH,8.28739589130561,8.557073354602164,8.25627926092524,8.45335125333426,586694.77,476741302.0
2018-10-08,601933.SH,601933.SH,8.380745103209225,8.380745103209225,8.121439871055475,8.318511847492324,462261.2,367754748.0
2018-10-09,601933.SH,601933.SH,8.29776547894468,8.31850989264204,8.162926789911829,8.29776547894468,307000.09,243911508.0
2018-10-10,601933.SH,601933.SH,8.235532237852595,8.31850989264204,8.017715894030298,8.100693548819743,330304.13,258970440.0
2018-10-11,601933.SH,601933.SH,7.841389695040285,8.028089449684101,7.530223437300592,7.716923191944408,513368.3,385167778.0
2018-10-12,601933.SH,601933.SH,7.675436070026622,7.862135866324567,7.50948069553956,7.81027481179736,263064.71,195882638.0
2018-10-15,601933.SH,601933.SH,7.820645870186398,8.017717848347594,7.7999014514325875,7.882879126447827,308340.43,235966987.0
2018-10-16,601933.SH,601933.SH,7.862138491609116,7.96586063529789,7.737671919182587,7.758416347920342,179902.62,136031765.0
2018-10-17,601933.SH,601933.SH,7.8828867488684535,7.914003407087671,7.530231289050654,7.602836824895496,341554.78,253634371.0
2018-10-18,601933.SH,601933.SH,7.6028356389376635,7.623580074514574,7.302041323072463,7.447252372110834,411183.58,294110955.0
2018-10-19,601933.SH,601933.SH,7.364272695948581,7.851766803990249,7.322783835689716,7.8206501587960995,383267.02,281579573.0
2018-10-22,601933.SH,601933.SH,7.955489272856969,8.422238969439189,7.945117057377364,8.297772383683931,568091.9,452000266.0
2018-10-23,601933.SH,601933.SH,8.287400168204327,8.287400168204327,7.893255979979339,8.069583643132622,524061.44,408663464.0
2018-10-24,601933.SH,601933.SH,7.986603790911801,8.152559194359318,7.8932538764725715,8.01772042905821,361291.7,278404904.0
2018-10-25,601933.SH,601933.SH,7.934742992165403,8.235537170953373,7.737670943993974,8.07995397502856,353102.71,271543448.0
2018-10-26,601933.SH,601933.SH,8.100695943870605,8.225162462854533,7.924368375310041,8.069579314124624,292319.19,227409573.0
2018-10-29,601933.SH,601933.SH,7.996971832092055,8.048832868616646,7.716922234859259,7.748038856774015,371758.47,278809885.0
2018-10-30,601933.SH,601933.SH,7.727292049878503,7.727292049878503,7.478359151627384,7.571708988471553,414329.58,303266759.0
2018-10-31,601933.SH,601933.SH,7.364263462622109,7.436868877042327,6.928630976100801,7.405752270862233,1103653.36,770068447.0
2018-11-01,601933.SH,601933.SH,7.405755879330761,7.426500293558578,7.270917186849949,7.322778222419491,548454.0,388059108.0
2018-11-02,601933.SH,601933.SH,7.4679877141146225,7.602826381175025,7.41612668832216,7.592454176016534,554427.34,401658880.0
2018-11-05,601933.SH,601933.SH,7.592451764416015,7.7169181867834915,7.55096295696019,7.706545984919534,369728.36,272426413.0
2018-11-06,601933.SH,601933.SH,7.675426561246119,7.820637334026451,7.582076778744476,7.76877634374776,267617.91,198275313.0
2018-11-07,601933.SH,601933.SH,7.758401650054619,7.810262623651241,7.685796287019349,7.706540676457997,219239.65,163559472.0
2018-11-08,601933.SH,601933.SH,7.7584020834258265,7.768774278724524,7.571702568049268,7.61319134924406,235040.28,172867302.0
2018-11-09,601933.SH,601933.SH,7.582071647426831,7.654676984679893,7.499094119137619,7.57169945639068,184693.01,134727751.0
2018-11-12,601933.SH,601933.SH,7.582070308202219,7.654675632630968,7.4887206053652555,7.633931254222754,207719.2,151979897.0
2018-11-13,601933.SH,601933.SH,7.571698118998112,7.7065365786515025,7.50946498377347,7.633931254222754,234548.11,171996425.0
2018-11-14,601933.SH,601933.SH,7.623557037701001,7.633929224146854,7.467974241013226,7.488718613904929,320318.85,232665588.0
2018-11-15,601933.SH,601933.SH,7.447229868121522,7.530207359688337,7.447229868121522,7.488718613904929,270648.96,195279797.0
2018-11-16,601933.SH,601933.SH,7.49908925308308,7.57169454322358,7.457600515859937,7.540577990306222,287911.76,208402696.0
2018-11-19,601933.SH,601933.SH,7.5405791997434175,7.5405791997434175,7.343507666325089,7.43685734004956,486161.39,347381126.0
2018-11-20,601933.SH,601933.SH,7.4679776009143035,7.613188276487637,7.4368610275771605,7.488721983139065,546108.78,395768887.0
2018-11-21,601933.SH,601933.SH,7.447231987741903,7.540581692323626,7.374626661956119,7.530209502925657,216421.59,156118182.0
2018-11-22,601933.SH,601933.SH,7.561322971703927,7.571695156850296,7.4990898608257055,7.540578601411186,192254.6,139822713.0
2018-11-23,601933.SH,601933.SH,7.509463989349032,7.530208365010217,7.364253359720735,7.374625547551328,203583.18,145998161.0
2018-11-26,601933.SH,601933.SH,7.374625547551329,7.405742111043105,7.322764608398365,7.374625547551328,192974.9,137000316.0
2018-11-27,601933.SH,601933.SH,7.488718827579158,7.602812881738951,7.44723008061196,7.509463201062756,306957.02,222433048.0
2018-11-28,601933.SH,601933.SH,7.519832156139761,7.540576520708422,7.416110333296454,7.530204338424092,179673.66,129834293.0
2018-11-29,601933.SH,601933.SH,7.530207852519449,7.5716966010181785,7.44723035552199,7.467974729771354,176531.2,128122135.0
2018-11-30,601933.SH,601933.SH,7.478348574147431,7.4990929529938875,7.3642544904919225,7.488720763570659,140154.66,100508962.0
2018-12-03,601933.SH,601933.SH,7.623556410257314,7.727278266179183,7.5613232967041935,7.582067667888566,481950.01,355280234.0
2018-12-04,601933.SH,601933.SH,7.623556659528914,7.665045403254242,7.540579172078259,7.613184473597582,346655.66,254786269.0
2018-12-05,601933.SH,601933.SH,7.519832210603611,7.986580416779008,7.4783434811657985,7.830997681387209,1040693.97,785466219.0
2018-12-06,601933.SH,601933.SH,7.8206217774164255,7.9347157290763475,7.706527825756504,7.737644358027391,469054.77,353465408.0
2018-12-07,601933.SH,601933.SH,7.7998749154657085,7.7998749154657085,7.509454040953688,7.550942737312548,397732.12,290829276.0
2018-12-10,601933.SH,601933.SH,7.436847577990192,7.93471185099372,7.436847577990192,7.934711850993721,941263.99,708185637.0
2018-12-11,601933.SH,601933.SH,7.924336682474542,8.017686198367567,7.82061499814896,7.955453187772217,577485.69,440774400.0
2018-12-12,601933.SH,601933.SH,7.9347076607007745,8.162895331988901,7.882846826317108,8.090290163851769,463005.48,358626925.0
2018-12-13,601933.SH,601933.SH,8.048801496344836,8.183639665742366,7.945079827577507,8.090290163851769,362284.61,281052955.0
2018-12-14,601933.SH,601933.SH,7.986568705257294,7.986568705257294,7.830986198012021,7.882847033760446,426435.23,323910490.0
2018-12-17,601933.SH,601933.SH,7.789493805350719,7.893215427259517,7.716888670014561,7.810238129732478,242564.87,183019690.0
2018-12-18,601933.SH,601933.SH,7.820614057798629,7.830986224984038,7.467960373494712,7.582054212534214,391993.14,288137957.0
2018-12-19,601933.SH,601933.SH,7.592427037250461,7.6961487180872155,7.592427037250461,7.665032213836189,243443.57,179437843.0
2018-12-20,601933.SH,601933.SH,7.592423529879275,7.737633815969862,7.571679203294905,7.633912183048014,221382.65,163408805.0
2018-12-21,601933.SH,601933.SH,7.633913480711706,7.903589772149891,7.62354131565639,7.810240286652057,647795.61,487141539.0
2018-12-24,601933.SH,601933.SH,7.820610650100314,7.924332276759469,7.727261186107075,7.924332276759469,258961.45,196131594.0
2018-12-25,601933.SH,601933.SH,7.8309796803731055,8.173260911435772,7.810235363339006,8.090283643299367,521004.71,403334958.0
2018-12-26,601933.SH,601933.SH,8.079912315621543,8.14214527312312,7.94507424103479,8.069540156037947,325887.03,253718745.0
2018-12-27,601933.SH,601933.SH,8.142147757521295,8.349591012489993,8.079914781030688,8.090286943779121,317996.09,251194669.0
2018-12-28,601933.SH,601933.SH,8.111028383521536,8.287355087511134,8.111028383521536,8.162889178812595,351316.55,277307199.0
2019-01-02,601933.SH,601933.SH,8.194006112362228,8.225122591269932,7.976190760008296,8.194006112362228,244267.56,191062428.0
2019-01-03,601933.SH,601933.SH,8.194006112362228,8.266611229813538,8.121400994910918,8.194006112362228,243274.96,192061272.0
2019-01-04,601933.SH,601933.SH,8.131776029416116,8.24586982574721,7.986565743176542,8.21475333583873,370435.57,289919350.0
2019-01-07,601933.SH,601933.SH,8.214754327808944,8.276987315140829,8.173265669587686,8.245870821474886,423833.87,336059259.0
2019-01-08,601933.SH,601933.SH,8.214751579378127,8.3807061567393,8.111029968527394,8.370333995654228,419876.77,334344468.0
2019-01-09,601933.SH,601933.SH,8.339218826394818,8.546662080782749,8.297730175517232,8.359963151833613,427371.21,348036049.0
2019-01-10,601933.SH,601933.SH,8.308100494293717,8.349589135963098,8.235495371372298,8.318472654711062,247976.14,198279215.0
2019-01-11,601933.SH,601933.SH,8.297731657045212,8.45331412561481,8.2769873279026,8.442941961043504,248622.1,200905483.0
2019-01-14,601933.SH,601933.SH,8.442946074535325,8.608900788531104,8.349596547912698,8.515551261908477,389707.1,321040311.0
2019-01-15,601933.SH,601933.SH,8.557038800850044,8.640016146797683,8.515550127876228,8.5674109690935,248889.31,205786877.0
2019-01-16,601933.SH,601933.SH,8.567411299801766,8.650388648952388,8.557039131157937,8.598527805733248,285142.5,236605363.0
2019-01-17,601933.SH,601933.SH,8.619275323564128,8.619275323564128,8.422204046611398,8.432576219082597,225407.54,184936356.0
2019-01-18,601933.SH,601933.SH,8.442948184364875,8.546669906531518,8.380715151064887,8.45332035658154,367991.84,300143222.0
2019-01-21,601933.SH,601933.SH,8.453320818231314,8.629647755544115,8.453320818231314,8.546670373279268,320312.44,264588658.0
2019-01-22,601933.SH,601933.SH,8.557038696439323,8.557038696439323,8.40145617468588,8.484433519621048,259290.8,212308579.0
2019-01-23,601933.SH,601933.SH,8.4844294479197,8.557034589894563,8.453312958501902,8.5155459373375,187643.56,154068191.0
2019-01-24,601933.SH,601933.SH,8.536291414341434,8.557035743416384,8.432569768966692,8.463686262579113,211722.79,173047217.0
2019-01-25,601933.SH,601933.SH,8.50517541738156,8.56740840824045,8.45331459166582,8.525919747667858,237688.85,195225635.0
2019-01-28,601933.SH,601933.SH,8.546663310413933,8.691873609377277,8.505174653567263,8.546663310413933,294427.2,244628292.0
2019-01-29,601933.SH,601933.SH,8.557038959672775,8.67113281246841,8.484433780621005,8.557038959672775,265453.42,219206255.0
2019-01-30,601933.SH,601933.SH,8.557043128753875,8.619276169690268,8.494810087817484,8.515554434796282,184037.73,151763925.0
2019-01-31,601933.SH,601933.SH,8.515557921313608,8.577790987730028,8.328858722064343,8.359975255272555,300856.37,245028774.0
2019-02-01,601933.SH,601933.SH,8.3910915220969,8.536302005792026,8.3910915220969,8.494813296164846,155315.8,127186917.0
2019-02-11,601933.SH,601933.SH,8.525929776650218,8.588162840713357,8.422208003211649,8.546674131337932,321592.3,263110592.0
2019-02-12,601933.SH,601933.SH,8.536298998736322,8.88895290633904,8.515554651230282,8.868208558832997,475080.1,400777204.0
2019-02-13,601933.SH,601933.SH,8.82671596222832,9.148253206445805,8.80597162389171,9.03415934559444,546222.33,475831211.0
2019-02-14,601933.SH,601933.SH,9.044528179264994,9.065272509951381,8.909690029803475,8.971923021862638,239740.83,207709781.0
2019-02-15,601933.SH,601933.SH,8.982291776871794,9.023780422492447,8.878570162820157,8.878570162820157,207285.23,178817362.0
2019-02-18,601933.SH,601933.SH,8.899312069527005,9.210476827202775,8.899312069527005,9.168988192846005,397737.42,349206662.0
2019-02-19,601933.SH,601933.SH,9.148246907536707,9.28308501388362,8.951175829029681,9.013408801189794,353948.4,311838952.0
2019-02-20,601933.SH,601933.SH,9.054899728632792,9.189737868921709,9.003038905444745,9.023783234719962,291728.1,254963495.0
2019-02-21,601933.SH,601933.SH,9.096385184229568,9.106757345215007,8.795592515651853,8.837081159593605,434779.41,375454820.0
2019-02-22,601933.SH,601933.SH,8.878572495228468,9.168993090866781,8.81633951044883,9.168993090866781,522969.95,455365356.0
2019-02-25,601933.SH,601933.SH,9.231228185640951,9.490532348158956,9.117134354133029,9.438671515655354,743897.2,670246842.0
2019-02-26,601933.SH,601933.SH,9.438666929634168,9.490527736939852,9.158618570183485,9.179362893105756,657493.73,589482182.0
2019-02-27,601933.SH,601933.SH,9.179361140102424,9.251966256464817,8.878568515172516,8.961545791015249,555002.16,482946474.0
2019-02-28,601933.SH,601933.SH,9.003030765274051,9.023775075793115,8.81633197060247,8.971914299495454,566384.62,487082808.0
2019-03-01,601933.SH,601933.SH,8.971909978160586,9.148236532644665,8.971909978160586,9.044515030006972,470255.96,410398306.0
2019-03-04,601933.SH,601933.SH,9.065256528545262,9.29344376381757,9.044512234429599,9.127489410892256,704985.85,623198937.0
2019-03-05,601933.SH,601933.SH,9.137865678744477,9.44903023080161,9.086004920068287,9.200098589155902,621279.99,553003348.0
2019-03-06,601933.SH,601933.SH,9.200100127738942,9.200100127738942,8.920051984053542,9.117122899980306,807535.34,704143660.0
2019-03-07,601933.SH,601933.SH,9.054894348672189,9.065266507147186,8.837079020697256,8.92005628849723,780081.78,671860899.0
2019-03-08,601933.SH,601933.SH,8.816333636394395,8.837077950832969,8.557029705912207,8.567401863131494,690903.32,577126114.0
2019-03-11,601933.SH,601933.SH,8.525914536541807,8.785218506631278,8.525914536541807,8.691869077399069,463708.89,388693051.0
2019-03-12,601933.SH,601933.SH,8.70224440630481,8.805966032124893,8.640011430812763,8.71261656888682,539406.18,453454472.0
2019-03-13,601933.SH,601933.SH,8.712614893383632,8.712614893383632,8.515543842223765,8.62963760868474,427099.14,353936821.0
2019-03-14,601933.SH,601933.SH,8.608897294558533,8.681502452464446,8.515547805822356,8.557036467482877,296314.22,245149930.0
2019-03-15,601933.SH,601933.SH,8.567410952593484,8.691876971275232,8.546666616146528,8.61927179371088,426091.11,353638354.0
2019-03-18,601933.SH,601933.SH,8.619275430744644,8.982301471750736,8.58815891294412,8.971929299150561,852963.76,727570268.0
2019-03-19,601933.SH,601933.SH,9.003049164765605,9.117143105793739,8.940816106022984,9.065282223508223,631309.22,549752444.0
2019-03-20,601933.SH,601933.SH,9.03416859425015,9.158634751691025,8.878585897449058,8.982307695316452,403153.15,350628510.0
2019-03-21,601933.SH,601933.SH,8.992683555827979,9.05491666002056,8.899333899539107,8.9200782676033,371553.24,320546713.0
2019-03-22,601933.SH,601933.SH,8.961567003731687,8.982311371795882,8.816356427282331,8.9200782676033,294542.9,252437007.0
2019-03-25,601933.SH,601933.SH,8.816352410237437,8.816352410237437,8.58816446550188,8.65039754133885,504038.49,424251924.0
2019-03-26,601933.SH,601933.SH,8.671144755339302,8.754122217112885,8.546678562678931,8.567422928122326,299981.63,250686449.0
2019-03-27,601933.SH,601933.SH,8.567426210580749,8.74375338440626,8.546681837189512,8.608914957363222,410214.62,342828481.0
2019-03-28,601933.SH,601933.SH,8.629662442410469,8.660779013717237,8.536312728490163,8.629662442410469,345737.0,286747484.0
2019-03-29,601933.SH,601933.SH,8.712643838179615,9.023809689543171,8.712643838179615,8.96157651927046,868686.26,746599165.0
2019-04-01,601933.SH,601933.SH,9.023812320631192,9.241628480094704,8.971951330282737,9.10678990518872,876647.66,770501145.0
2019-04-02,601933.SH,601933.SH,9.127530465712566,9.262368983956046,9.065297303446343,9.231252402822935,714153.65,633707583.0
2019-04-03,601933.SH,601933.SH,9.231253990995393,9.67725839730191,9.210509600004391,9.64614181081541,973267.03,894275990.0
2019-04-04,601933.SH,601933.SH,9.594283415221879,9.7602385878095,9.438700440920982,9.635772208368783,660879.97,611144362.0
2019-04-08,601933.SH,601933.SH,9.59428325913267,9.946937995144031,9.490561277952857,9.563166664778725,766108.99,715786222.0
2019-04-09,601933.SH,601933.SH,9.521681647786915,9.666892479016783,9.345354209864936,9.521681647786915,366238.89,336923548.0
2019-04-10,601933.SH,601933.SH,9.604661460983241,9.957316417434031,9.532056028772786,9.801733348411624,706428.46,665760683.0
2019-04-11,601933.SH,601933.SH,9.718752002150929,9.843218409862574,9.511307989298187,9.511307989298187,368568.89,343100180.0
2019-04-12,601933.SH,601933.SH,9.573545356917586,9.82247828060775,9.500939920841287,9.563173151763829,326863.63,303020439.0
2019-04-15,601933.SH,601933.SH,9.59429339980697,9.801737581424419,9.24163829105731,9.314243754623416,601244.86,548930846.0
2019-04-16,601933.SH,601933.SH,9.334984085518613,9.438706130913264,9.220889835584497,9.4283339263738,317381.66,286048094.0
2019-04-17,601933.SH,601933.SH,9.428332890293149,9.563171534488761,9.428332890293149,9.43870509369281,318881.1,292196026.0
2019-04-18,601933.SH,601933.SH,9.49056314168986,9.656518344167496,9.438702140915597,9.615029543548086,358242.2,331444406.0
2019-04-19,601933.SH,601933.SH,9.573540585985386,9.604657185939834,9.417957586213141,9.490562986106855,221330.81,202595518.0
2019-04-22,601933.SH,601933.SH,9.542421004023444,9.698003955175999,9.376465856127384,9.459443430075412,309588.88,284485830.0
2019-04-23,601933.SH,601933.SH,9.469818359933686,9.469818359933686,9.179396767296069,9.200141166770184,347280.42,310686813.0
2019-04-24,601933.SH,601933.SH,9.21051245557735,9.449073025935771,9.21051245557735,9.438700827224535,262625.38,235996328.0
2019-04-25,601933.SH,601933.SH,9.521678522710847,9.698005902761047,9.241629154395822,9.334978943834164,514417.92,467651502.0
2019-04-26,601933.SH,601933.SH,9.500934125057881,9.88470548163773,9.500934125057881,9.615028312149189,970711.5,910640035.0
2019-04-29,601933.SH,601933.SH,9.729118439606648,10.268472553529403,9.729118439606648,10.092145247054656,1066808.88,1033643171.0
2019-04-30,601933.SH,601933.SH,10.009167721800935,10.299589168651117,9.957306749149117,10.133634056165299,536006.99,524634684.0
2019-05-06,601933.SH,601933.SH,9.95730285007742,10.133630088047541,9.63576494554367,9.853580945389114,816783.48,776845531.0
2019-05-07,601933.SH,601933.SH,9.85358349285058,10.092143935309068,9.677256209294306,10.029910776406853,645336.58,618629784.0
2019-05-08,601933.SH,601933.SH,9.853587484175538,10.289219772949613,9.656515734492027,9.83284308947201,606561.19,583129314.0
2019-05-09,601933.SH,601933.SH,9.739491531186086,10.009168612986764,9.656513967555107,9.749863726639957,450316.43,427349791.0
2019-05-10,601933.SH,601933.SH,9.863959474034635,10.26847516224426,9.749865305565256,10.2477307679771,572242.6,553904765.0
2019-05-13,601933.SH,601933.SH,10.071400305380006,10.507032450411891,10.040283723592013,10.341077347542603,831035.46,829889193.0
2019-05-14,601933.SH,601933.SH,10.07140379889699,10.330708737076625,9.926193033516395,9.957309626097949,504696.71,493813874.0
2019-05-15,601933.SH,601933.SH,10.071400540202129,10.341077588652443,10.071400540202129,10.258100035283116,666774.13,658289207.0
2019-05-16,601933.SH,601933.SH,10.247727254950002,10.55889306228654,10.206238480638463,10.517404287975001,697128.38,700964393.0
2019-05-17,601933.SH,601933.SH,10.517401153788523,10.579634296710347,10.247724201127278,10.37219048697093,514552.27,516965046.0
2019-05-20,601933.SH,601933.SH,10.320329534536073,10.444795820379726,9.998791629439976,10.320329534536073,571270.32,563782721.0
2019-05-21,601933.SH,601933.SH,10.23735175367866,10.538145270250778,10.154374231865662,10.330701465718283,513408.02,514036778.0
2019-05-22,601933.SH,601933.SH,10.351441949156625,10.63149097984523,10.268464458582223,10.579630048236229,583650.09,591398118.0
2019-05-23,601933.SH,601933.SH,10.486276816668717,10.600370827532572,10.320321891775839,10.403299354222277,334890.31,337926695.0
2019-05-24,601933.SH,601933.SH,10.475905775535665,10.600371982769754,10.268462096812188,10.278834280748361,338941.74,339601877.0
2019-05-27,601933.SH,601933.SH,10.216603853880827,10.403303213647177,10.092137614036595,10.37218665368612,347152.66,343088032.0
2019-05-28,601933.SH,601933.SH,10.455164146915607,10.558886013452467,10.289209160456629,10.527769453491409,542982.84,547405566.0
2019-05-29,601933.SH,601933.SH,10.39293445666073,10.44479540704327,10.247723795589623,10.372190076507714,275186.01,274510913.0
2019-05-30,601933.SH,601933.SH,10.372190076507714,10.382562266584221,10.0817687543655,10.185490655130575,375538.72,368142610.0
2019-05-31,601933.SH,601933.SH,10.237348116456545,10.289209049164025,10.092137504875602,10.164742810666073,285865.39,280500263.0
2019-06-03,601933.SH,601933.SH,10.164739739746798,10.392927774720706,10.123251006115177,10.29957812404956,374760.66,371455559.0
2019-06-04,601933.SH,601933.SH,10.299578124049562,10.351439041089087,10.061017905667748,10.29957812404956,313830.46,309184462.0
2019-06-05,601933.SH,601933.SH,10.320324536146671,10.372185463463993,10.258091423365888,10.258091423365888,217722.21,216454180.0
2019-06-06,601933.SH,601933.SH,10.258092257099653,10.299581002325535,10.081765089889648,10.08176508988965,303682.32,296759708.0
2019-06-10,601933.SH,601933.SH,10.081764109292438,10.372185297625965,10.040275368101932,10.237346888756827,329876.53,326112648.0
2019-06-11,601933.SH,601933.SH,10.278835429969984,10.662606278515785,10.25809105977832,10.662606278515785,608079.01,617665222.0
2019-06-12,601933.SH,601933.SH,10.672975927869901,10.693720293133012,10.465532275238806,10.65223156260679,388345.01,397506092.0
2019-06-13,601933.SH,601933.SH,10.672972110066258,10.672972110066258,10.455156352717967,10.496645068403355,283617.3,288140320.0
2019-06-14,601933.SH,601933.SH,10.527756826608938,10.589989871889387,10.216591600206703,10.237335948633518,361824.57,360754453.0
2019-06-17,601933.SH,601933.SH,10.185476823352776,10.330687287229496,10.164732471370387,10.226965527317553,234936.59,232087485.0
2019-06-18,601933.SH,601933.SH,10.226965771300822,10.4447814723123,10.071383127721196,10.43440929607366,307988.7,305615586.0
2019-06-19,601933.SH,601933.SH,10.527756263272533,10.828549299366033,10.486267568638945,10.50701191595574,288407.96,294984687.0
2019-06-20,601933.SH,601933.SH,10.50701185585844,10.93227097342033,10.50701185585844,10.880410105424978,581918.3,605722693.0
2019-06-21,601933.SH,601933.SH,10.921893766071483,11.04635979189566,10.787055571428626,11.004871116620933,407177.51,429697996.0
2019-06-24,601933.SH,601933.SH,11.004867423711165,11.036309902064625,10.73236594464784,10.931501640886422,379911.5,394603110.0
2019-06-25,601933.SH,601933.SH,11.141119214911798,11.15160004201896,10.438903798732033,10.659001167982407,765588.5,776362977.0
2019-06-26,601933.SH,601933.SH,10.62756180324705,10.742850935234937,10.48083018071701,10.721889274873503,261853.86,266239744.0
2019-06-27,601933.SH,601933.SH,10.76381296458113,10.847659608901138,10.627562167561116,10.700927981341124,359405.31,367653197.0
2019-06-28,601933.SH,601933.SH,10.700927981341124,10.753332134041129,10.522753862161103,10.700927981341124,315023.93,320285868.0
2019-07-01,601933.SH,601933.SH,10.921021514103629,10.983906474837433,10.784770765847057,10.952463994470529,444346.76,462143118.0
2019-07-02,601933.SH,601933.SH,10.921024315720954,10.952466804153932,10.774292703033725,10.826696850422023,369668.06,383163651.0
2019-07-03,601933.SH,601933.SH,10.847661463992502,10.931508122651381,10.732372308336544,10.774295637665983,261115.3,269843803.0
2019-07-04,601933.SH,601933.SH,10.795252232319312,10.847656369369405,10.449384927788694,10.533231547068844,468182.5,472613637.0
2019-07-05,601933.SH,601933.SH,10.5646758818219,10.57515671106974,10.365540126112958,10.45986758934351,313215.27,311996548.0
2019-07-08,601933.SH,601933.SH,10.45986801281993,10.45986801281993,10.197847271015824,10.355059716098287,297826.86,293391845.0
2019-07-09,601933.SH,601933.SH,10.313133585689839,10.417941853837092,10.23976779798676,10.302652758875114,233308.39,229549089.0
2019-07-10,601933.SH,601933.SH,10.323610243750446,10.501784227652738,10.250244485673031,10.459860937322789,275153.82,273314498.0
2019-07-11,601933.SH,601933.SH,10.459861275419305,10.533227035868137,10.3236105774429,10.376014692049209,172907.64,171634696.0
2019-07-12,601933.SH,601933.SH,10.35505799190366,10.596117034225303,10.35505799190366,10.533232066663137,248339.55,249261496.0
2019-07-15,601933.SH,601933.SH,10.554195041791411,10.564675871028543,10.292174310863125,10.48082923713149,272719.8,271171382.0
2019-07-16,601933.SH,601933.SH,10.438905920182965,10.533233383317148,10.355059286285913,10.386501773997306,149866.0,148844330.0
2019-07-17,601933.SH,601933.SH,10.376020944760176,10.459867578657228,10.33409762781165,10.386501773997306,137015.04,135997840.0
2019-07-18,601933.SH,601933.SH,10.323620419544588,10.334101252457831,9.757655442229455,9.831021272622156,609300.18,580035410.0
2019-07-19,601933.SH,601933.SH,9.88342990198015,10.271220894952862,9.88342990198015,10.208335869065396,619894.6,599036466.0
2019-07-22,601933.SH,601933.SH,10.187372316012043,10.250257330308411,9.831023901665942,9.893908915962312,514185.1,489251193.0
2019-07-23,601933.SH,601933.SH,10.061601315675015,10.512277207939626,9.946312133932906,10.417949695605172,669117.59,656622381.0
2019-07-24,601933.SH,601933.SH,10.376030536755716,10.480838926015874,10.239779630717509,10.302664664273605,438947.18,432262599.0
2019-07-25,601933.SH,601933.SH,10.271220931718242,10.292182607089094,10.145450879493119,10.271220931718242,261703.05,255082433.0
2019-07-26,601933.SH,601933.SH,10.218815272957762,10.29218112619951,10.114006911183836,10.197853600602977,200612.12,195552195.0
2019-07-29,601933.SH,601933.SH,10.218820366514082,10.271224573521847,10.093050269695448,10.134973635301659,283394.82,274721159.0
2019-07-30,601933.SH,601933.SH,10.166419893467808,10.25026665547579,10.103534821961823,10.187381583969804,211939.61,205811552.0
2019-07-31,601933.SH,601933.SH,10.166420229895353,10.260747840275826,10.124496847504034,10.134977693101863,189542.3,184195655.0
2019-08-01,601933.SH,601933.SH,10.134977983286804,10.134977983286804,9.851995144043014,9.883437681736769,371597.04,351769118.0
2019-08-02,601933.SH,601933.SH,9.75766646290675,9.925359978918037,9.673819704901106,9.862474910413804,233956.18,219462620.0
2019-08-05,601933.SH,601933.SH,9.799588803195018,9.977763145071291,9.70526121043699,9.789107959555237,235608.66,221224113.0
2019-08-06,601933.SH,601933.SH,9.663337329502086,9.831030818951147,9.401316252237931,9.600452270958689,437257.59,398487527.0
2019-08-07,601933.SH,601933.SH,9.64237883264035,9.705263911983659,9.401319361824344,9.50612782739652,291527.52,264787705.00000003
2019-08-08,601933.SH,601933.SH,9.569011551384428,9.935841128929285,9.558530706311716,9.841513523274894,364412.49,340955666.0
2019-08-09,601933.SH,601933.SH,9.904394663065013,10.16641568589742,9.904394663065013,10.009203072197977,339762.71,325082353.0
2019-08-12,601933.SH,601933.SH,9.998721861743729,10.051126064373413,9.757662529647183,9.925355978062173,363213.22,342095132.0
2019-08-13,601933.SH,601933.SH,9.862466884437207,9.946313574209256,9.757658522222147,9.79958186710817,200636.38,188199494.0
2019-08-14,601933.SH,601933.SH,9.883429299995147,9.967275996071457,9.67381255980437,9.75765925588068,235469.57,219529707.0
2019-08-15,601933.SH,601933.SH,9.64236958139006,9.967275512936899,9.558522889377972,9.946313839933877,321784.64,302987071.0
2019-08-16,601933.SH,601933.SH,9.988233155233152,10.124483974769387,9.904386497057008,10.05111814886526,265017.29,253381350.0
2019-08-19,601933.SH,601933.SH,10.103521522007298,10.43890812854696,10.093040690552934,10.344580645457679,334911.96,329672358.0
2019-08-20,601933.SH,601933.SH,10.34458566101193,10.501798209051627,10.313143151403992,10.37602817061987,191792.04,190063715.0
2019-08-21,601933.SH,601933.SH,10.470353673611118,10.470353673611118,10.239775314432494,10.29217948697309,215653.28,212215481.0
2019-08-22,601933.SH,601933.SH,10.323625400134068,10.334106238103747,10.197855344497919,10.281702048255353,160832.02,157590573.0
2019-08-23,601933.SH,601933.SH,10.334108960925226,10.334108960925226,10.20833887215129,10.302666438731743,144835.18,142041701.0
2019-08-26,601933.SH,601933.SH,10.176893361011624,10.428433464682351,10.134970010399835,10.313144250499935,295087.91,288551325.0
2019-08-27,601933.SH,601933.SH,10.271218638334922,10.459873674549238,10.239776132299202,10.281699473680161,468071.95,462266433.0
2019-08-28,601933.SH,601933.SH,10.355068602116528,10.617089568769275,10.30266440878598,10.386511118114857,321296.75,318732263.0
2019-08-29,601933.SH,601933.SH,10.438911314003631,10.732374684276824,10.438911314003631,10.564681329834999,426674.53,430344827.0
2019-08-30,601933.SH,601933.SH,10.596128825266403,10.596128825266403,10.208337760444588,10.323626995932154,457644.17,452192437.0
2019-09-02,601933.SH,601933.SH,10.302663524067743,10.355067712898201,10.134970119810284,10.239778497471194,418046.74,407023106.0
2019-09-03,601933.SH,601933.SH,10.229301112769605,10.229301112769605,9.778624936694715,9.90439503234352,878400.15,828703862.0
2019-09-04,601933.SH,601933.SH,9.862471772608233,9.925356821105204,9.684297468533481,9.799586724111261,551860.99,516218302.0
2019-09-05,601933.SH,601933.SH,9.831033974816116,9.967284978731477,9.768148896085949,9.81007228190606,692247.36,651307020.0
2019-09-06,601933.SH,601933.SH,9.820549545618574,9.84151123088137,9.58997100772785,9.652856063516232,668088.0,615093099.0
2019-09-09,601933.SH,601933.SH,9.715742262950164,9.715742262950164,9.600452980434035,9.705261419085062,513264.58,472971852.0
2019-09-10,601933.SH,601933.SH,9.69478339814225,9.87295779572973,9.621417469723877,9.862476948812821,499258.78,466559136.0
2019-09-11,601933.SH,601933.SH,9.789107967875955,9.92535893530892,9.736703749632508,9.7471845932812,415799.55,388981509.0
2019-09-12,601933.SH,601933.SH,9.736703325836917,9.768145855414433,9.422278030061776,9.63189489391187,826219.28,752301123.0
2019-09-16,601933.SH,601933.SH,9.631893553822145,9.663336079025049,9.569008503416343,9.642374395556446,544291.07,498594561.0
2019-09-17,601933.SH,601933.SH,9.642378226963489,9.642378226963489,9.464203846682642,9.495646384379263,539968.88,490463311.0
2019-09-18,601933.SH,601933.SH,9.495646384379263,9.569012305671377,9.432761308986024,9.495646384379263,453698.12,411597877.0
2019-09-19,601933.SH,601933.SH,9.548050508949997,9.548050508949997,9.474684588464102,9.537569663166298,323693.71,293785515.0
2019-09-20,601933.SH,601933.SH,9.548051452226119,9.548051452226119,9.464204677673091,9.548051452226119,387531.52,351543884.0
2019-09-23,601933.SH,601933.SH,9.516610049508571,9.527090897580717,9.306993088065651,9.380359024570671,623445.04,558173308.0
2019-09-24,601933.SH,601933.SH,9.31747435117004,9.432763685099028,9.306993502631041,9.41180198802103,440335.56,394446855.0
2019-09-25,601933.SH,601933.SH,9.380360764745452,9.589977765074961,9.306994814630126,9.516611814959633,529374.72,478940636.0
2019-09-26,601933.SH,601933.SH,9.548053001001293,9.600457243597349,9.359397727655493,9.390840273213128,388506.0,350953193.0
2019-09-27,601933.SH,601933.SH,9.380359424693914,9.42228281877076,9.23362754542496,9.390840273213128,306331.68,273385884.0
2019-09-30,601933.SH,601933.SH,9.380354697583654,9.422278070533748,9.317469638158514,9.317469638158514,246110.39,219731432.0
2019-10-08,601933.SH,601933.SH,9.32795033564681,9.485162981753216,9.31746949257305,9.390835394089372,242593.22,218061801.0
2019-10-09,601933.SH,601933.SH,9.380357243135302,9.380357243135302,9.265067936236433,9.348914704890158,282891.76,251457497.0
2019-10-10,601933.SH,601933.SH,9.348918319803843,9.464207671281244,9.286033218997988,9.432765120878317,278441.33,248802121.0
2019-10-11,601933.SH,601933.SH,9.43276827564926,9.474691690207699,9.359402300171986,9.40132571473043,300420.46,269986121.0
2019-10-14,601933.SH,601933.SH,9.46420864932988,9.631902268808593,9.432766095677621,9.569017161504076,487091.06,443605412.0
2019-10-15,601933.SH,601933.SH,9.579502022500446,9.621425444918389,9.516616888873527,9.589982878104932,293200.19,268286795.99999997
2019-10-16,601933.SH,601933.SH,9.600461341567293,9.694789018504089,9.453729399665608,9.464210252658587,282845.05,257704320.0
2019-10-17,601933.SH,601933.SH,9.453724815081117,9.506129054632565,9.327954640157643,9.40132057552967,321468.57,287754603.0
2019-10-18,601933.SH,601933.SH,9.40131858963274,9.40131858963274,9.223144212794663,9.327952669758238,284091.16,252013508.0
2019-10-21,601933.SH,601933.SH,9.286025755373302,9.39083417247684,9.212659863400827,9.369872489056132,297201.95,263886126.0
2019-10-22,601933.SH,601933.SH,9.443234053765874,9.495638238303975,9.107847272722024,9.286021500151568,533735.34,472222882.0
2019-10-23,601933.SH,601933.SH,9.233614472856283,9.265056973898927,9.03447863291954,9.055440300281305,533887.65,464321390.0
2019-10-24,601933.SH,601933.SH,9.065916540267677,9.07639736863793,8.395143524571571,8.604760091976605,1534289.58,1262547092.0
2019-10-25,601933.SH,601933.SH,8.573314001360714,8.803892128536676,8.458024937772736,8.772449656649044,608802.03,504345908.0
2019-10-28,601933.SH,601933.SH,8.76196859075939,8.793411061778862,8.657160354027818,8.730526119739919,444022.14,369462329.0
2019-10-29,601933.SH,601933.SH,8.720047444175483,8.720047444175483,8.562835050350204,8.594277529115258,371901.98,305342375.0
2019-10-30,601933.SH,601933.SH,8.699088286026962,8.929666529752977,8.699088286026962,8.772454090848875,692778.08,582879299.0
2019-10-31,601933.SH,601933.SH,8.835341100445408,8.835341100445408,8.646686130329137,8.741013615387272,331052.35,276074004.0
2019-11-01,601933.SH,601933.SH,8.730533313454757,8.992554121181492,8.625724990364064,8.982073288872423,500038.29,423131797.0
2019-11-04,601933.SH,601933.SH,8.940151199587012,9.044959537214059,8.898227864536194,8.992555368400536,478782.22,409539944.0
2019-11-05,601933.SH,601933.SH,8.940146787564343,8.961108444745035,8.720049387167098,8.877261816022273,617408.53,518798591.0
2019-11-06,601933.SH,601933.SH,8.866779623311777,8.866779623311777,8.499950679084929,8.583797294908209,627798.41,517476142.0
2019-11-07,601933.SH,601933.SH,8.583797358257264,8.709567282920377,8.489469914759933,8.520912395925711,528976.41,431776148.0
2019-11-08,601933.SH,601933.SH,8.583798319130103,8.59427914735859,8.416105067474327,8.426585895702813,598032.71,483078705.0
2019-11-11,601933.SH,601933.SH,8.437068320716307,8.447549150928376,8.164566735202486,8.196009225838697,627684.24,494448477.0
2019-11-12,601933.SH,601933.SH,8.185531001545808,8.206492668643238,7.933990996376667,8.16456933444838,719043.58,551554726.0
2019-11-13,601933.SH,601933.SH,8.175046954501061,8.248412760502996,8.028315342497198,8.18552778392991,330118.69,256594727.0
2019-11-14,601933.SH,601933.SH,8.185529002141616,8.185529002141616,7.986393213357121,8.02831653731175,465650.51,357472717.0
2019-11-15,601933.SH,601933.SH,8.059762131001884,8.059762131001884,7.93399211075218,7.954953780793797,312028.71,238157307.0
2019-11-18,601933.SH,601933.SH,7.91302863995591,8.070241129491459,7.850143644141691,8.059760296855755,306396.58,233295348.0
2019-11-19,601933.SH,601933.SH,8.091204178506421,8.112165847362657,7.975914999797134,8.028319171937719,279056.27,213842568.0
2019-11-20,601933.SH,601933.SH,7.986394460903217,8.091202787161789,7.913028632522216,7.923509465148072,309244.27,236081816.0
2019-11-21,601933.SH,601933.SH,7.902545832109621,7.954949982189923,7.871103342061439,7.913026662125682,177914.38,134180924.0
2019-11-22,601933.SH,601933.SH,7.9444690475036515,8.017834856649463,7.8920648981137855,7.954949877381624,339653.8,257780028.0
2019-11-25,601933.SH,601933.SH,7.954948425369914,8.049275877054143,7.860620973685686,8.038795049089227,473185.01,359819778.0
2019-11-26,601933.SH,601933.SH,8.059758468090836,8.112162619378811,7.944469335257286,8.049277637833239,437582.54,334283530.0
2019-11-27,601933.SH,601933.SH,7.975909775996509,8.00735225868769,7.755812397158235,7.829178190104326,603357.86,451652929.0
2019-11-28,601933.SH,601933.SH,7.818697362540599,7.839659017668054,7.703408259339597,7.829178190104326,437409.81,325019380.0
2019-11-29,601933.SH,601933.SH,7.829176240712719,7.829176240712719,7.734848816125819,7.787252940896318,221522.21,164335401.0
2019-12-02,601933.SH,601933.SH,7.787250478440658,7.860616229919911,7.745327191881085,7.755808013520979,294556.4,219351071.0
2019-12-03,601933.SH,601933.SH,7.72436741489096,7.81869483244051,7.703405766546615,7.8082140082683384,210920.77,156432107.0
2019-12-04,601933.SH,601933.SH,7.797732972775485,7.797732972775485,7.7243672055585115,7.73484802944665,298501.01,220713363.0
2019-12-05,601933.SH,601933.SH,7.766290924342157,7.776771748801458,7.598597732993339,7.6929251531270495,638973.11,467976457.0
2019-12-06,601933.SH,601933.SH,7.703405893049659,7.713886717393945,7.598597649606807,7.640520946983948,524161.88,382235932.0
2019-12-09,601933.SH,601933.SH,7.651003039391202,7.661483865472559,7.430905691682687,7.525233126414907,959381.83,688428335.0
2019-12-10,601933.SH,601933.SH,7.493787146399503,7.892058351382973,7.451863861664401,7.85013506664787,1046217.31,769787734.0
2019-12-11,601933.SH,601933.SH,7.839653202242647,7.996865499079062,7.776768283508079,7.954942219922685,827225.45,624149846.0
2019-12-12,601933.SH,601933.SH,7.913015876308045,7.913015876308045,7.766284456085115,7.9025350605778355,558128.56,417793366.0
2019-12-13,601933.SH,601933.SH,7.9234984295553605,8.007344973783459,7.839651885327262,7.933979247583873,658915.67,498435110.0
2019-12-16,601933.SH,601933.SH,7.933979122475134,8.007344847517835,7.892055851022161,7.9759023939281075,400716.29,304375393.0
2019-12-17,601933.SH,601933.SH,7.944456609458038,8.080707184554285,7.923494982520154,8.049264744147457,667043.92,511101689.0
2019-12-18,601933.SH,601933.SH,8.070223652693302,8.133108512324679,7.954934743369112,7.965415553307674,498698.6,382374695.0
2019-12-19,601933.SH,601933.SH,7.9654121905992605,7.975892996113208,7.88156574648769,7.9444505795713685,364084.63,274948550.0
2019-12-20,601933.SH,601933.SH,7.954929657126709,8.007333673313314,7.913006444177425,7.913006444177425,504774.49,382954618.0
2019-12-23,601933.SH,601933.SH,7.923486836338884,8.227430114452412,7.892044428258175,8.080698876742433,1043874.01,806687447.0
2019-12-24,601933.SH,601933.SH,8.112138488592624,8.353196867452612,8.070215292269149,8.300792872048266,945283.13,742011597.0
2019-12-25,601933.SH,601933.SH,8.332231167267356,8.353192755109538,8.122615288845536,8.175019258450991,633226.49,495063437.0
2019-12-26,601933.SH,601933.SH,8.206462907621468,8.227424498700959,8.070212565604763,8.143578134382988,419848.93,325267101.0
2019-12-27,601933.SH,601933.SH,8.12261670319752,8.133097498943583,7.986366358498724,7.986366358498724,768243.78,590258813.0
2019-12-30,601933.SH,601933.SH,7.965402199557773,7.996844576661291,7.829151898775864,7.933959822454256,738035.73,557656052.0
2019-12-31,601933.SH,601933.SH,7.92347912466375,7.9863638796214,7.871075162199043,7.902517539677868,735863.93,554901663.0
2020-01-02,601933.SH,601933.SH,7.94444118241066,8.112133872276848,7.91299880306075,8.101653079160211,1124835.72,863810000.0
2020-01-03,601933.SH,601933.SH,8.122612201464099,8.248381680712576,8.09116983165198,8.15405457127622,824885.64,641796141.0
2020-01-06,601933.SH,601933.SH,8.13309659504855,8.646655529529708,8.059731032979814,8.562809172879724,1843045.39,1487811938.0
2020-01-07,601933.SH,601933.SH,8.58377109661063,8.657136661538924,8.499924736692575,8.604732686590143,1043058.69,854829759.0
2020-01-08,601933.SH,601933.SH,8.531368968550671,8.594253752102642,8.478964982257363,8.520888171292011,724156.65,589531589.0
2020-01-09,601933.SH,601933.SH,8.562810836927431,8.699061192961773,8.520887650455327,8.573291633545457,915401.31,750791947.0
2020-01-10,601933.SH,601933.SH,8.604734336678689,8.699061509675166,8.604734336678689,8.636176727677514,798183.2,658805767.0
2020-01-13,601933.SH,601933.SH,8.636179929382056,8.636179929382056,8.395121509023092,8.594256725841367,877568.73,715730354.0
2020-01-14,601933.SH,601933.SH,8.636180995577112,8.657142599935309,8.44752655635334,8.489449765069732,887064.91,721662567.0
2020-01-15,601933.SH,601933.SH,8.489453428827339,8.54185746233862,8.437049395316059,8.499934235529594,493132.2,399979456.0
2020-01-16,601933.SH,601933.SH,8.499929943062805,8.520891545881703,8.342717921921077,8.38464112755887,615517.6,493499197.0
2020-01-17,601933.SH,601933.SH,8.405602730377765,8.478968340243906,8.363679524739972,8.45800673742501,412992.07,331928596.0
2020-01-20,601933.SH,601933.SH,8.447526801886971,8.447526801886971,8.321757172082203,8.384641986984587,614873.69,491375972.0
2020-01-21,601933.SH,601933.SH,8.332237974565933,8.332237974565933,7.986371492602819,8.00733309757028,1243759.95,958927541.0
2020-01-22,601933.SH,601933.SH,7.93396585686601,8.237909066706319,7.881561855169404,8.195985865349035,995921.47,765163916.0
2020-01-23,601933.SH,601933.SH,8.049257233808088,8.154065270706631,7.839641160011003,7.933968393219692,937229.96,712737303.0
2020-02-03,601933.SH,601933.SH,7.420408636577934,8.27983449561662,7.388966227100908,8.070218432436453,1988365.81,1508020636.0
2020-02-04,601933.SH,601933.SH,8.175025009395496,8.877238696099981,8.175025009395496,8.835315490923593,2216370.39,1820354119.0
2020-02-05,601933.SH,601933.SH,8.835314489725457,9.097334492386354,8.69906408834179,8.971564891109125,1831963.71,1558058772.0
2020-02-06,601933.SH,601933.SH,9.065896229521158,9.50609003488519,8.9296457659561,9.369839571320131,2169561.48,1936270444.0
2020-02-07,601933.SH,601933.SH,9.296478121536715,9.485132694465308,9.160227596643844,9.453690265643875,1443919.28,1287211972.0
2020-02-10,601933.SH,601933.SH,9.40128661808893,10.113981701734469,9.380324997981708,9.841480640340587,1776086.11,1660663471.0
2020-02-11,601933.SH,601933.SH,9.956770248122046,10.040616734422022,9.453691330322195,9.579461059772159,1405378.34,1290842967.0
2020-02-12,601933.SH,601933.SH,9.579465485925786,9.663312010966711,9.36984917332347,9.527061407775205,1082319.09,979715481.0
2020-02-13,601933.SH,601933.SH,9.600428174501777,9.621389808070559,9.380331022029575,9.516581640226654,929306.34,843358743.0
2020-02-14,601933.SH,601933.SH,9.485137143641209,9.485137143641209,9.275520853174,9.327924925790802,939822.39,840779291.0
2020-02-17,601933.SH,601933.SH,9.422253084830915,9.558503685612674,9.34888737671766,9.537542054723172,1019778.52,922214649.0
2020-02-18,601933.SH,601933.SH,9.589950693651032,9.799567102255425,9.485142489348835,9.694758897953228,971663.44,893345649.0
2020-02-19,601933.SH,601933.SH,9.631870561676116,9.768121178979479,9.568985661382259,9.61090892824483,718211.02,661316256.0
2020-02-20,601933.SH,601933.SH,9.579461803401923,9.69475073101398,9.464172875789865,9.600423426604117,840923.29,767777418.0
2020-02-21,601933.SH,601933.SH,9.579466042101837,9.579466042101837,9.359368901090743,9.474657879715602,896261.08,808278165.0
2020-02-24,601933.SH,601933.SH,9.432733060626344,9.453694689649957,9.139270254295747,9.16023188331936,1187310.03,1043816946.0
2020-02-25,601933.SH,601933.SH,8.992537257515966,9.306961637149392,8.919171568934834,9.107826196714889,965101.01,839577675.0
2020-02-26,601933.SH,601933.SH,8.992533436437842,9.47465061368276,8.961091011834913,9.42224657267788,1556500.41,1379205413.0
2020-02-27,601933.SH,601933.SH,9.516574239470186,9.610901517174186,9.306958066794632,9.390804535864854,919362.31,826670524.0
2020-02-28,601933.SH,601933.SH,9.40128114671541,9.40128114671541,8.982048988556418,9.01349140041834,912489.93,795728352.0
2020-03-02,601933.SH,601933.SH,9.013494878950775,9.306957502916616,9.013494878950775,9.233591846925155,770186.38,675207336.0
2020-03-03,601933.SH,601933.SH,9.390804039302923,9.537535352417029,9.27551515042755,9.516573736257872,1018751.91,916886516.0
2020-03-04,601933.SH,601933.SH,9.48512872170215,10.470324412133092,9.411763085180697,10.43888199648104,2515404.45,2415596025.0
2020-03-05,601933.SH,601933.SH,10.25022816387373,10.638017981934393,10.239747357980198,10.396959446383171,1484979.74,1478759526.0
2020-03-06,601933.SH,601933.SH,10.281672577591486,10.837155397787559,10.229268537950345,10.365519041017308,1308352.9,1307487044.0
2020-03-09,601933.SH,601933.SH,10.176866795640215,10.606580017701232,10.113981933875188,10.260713277993583,1148623.11,1129986425.0
2020-03-10,601933.SH,601933.SH,10.26071118460183,10.533212196654587,9.977729364393198,10.428404115095832,1143670.45,1124982330.0
2020-03-11,601933.SH,601933.SH,10.428402552397912,10.62753787751908,10.271190453618045,10.491287391909859,844579.16,844791281.0
2020-03-12,601933.SH,601933.SH,10.344556235827893,10.459845109783423,10.103497681193607,10.355037042551125,930627.43,912797268.0
2020-03-13,601933.SH,601933.SH,9.90436444505671,10.17686547740748,9.768113928881329,10.124461432724638,1040209.19,990681638.0
2020-03-16,601933.SH,601933.SH,10.093017242942182,10.155902085577335,9.411764781061349,9.60041930896681,1015903.99,944235167.0
2020-03-17,601933.SH,601933.SH,9.610895431945721,9.757626659914358,9.202144154033089,9.548010619959161,835821.58,757006417.0
2020-03-18,601933.SH,601933.SH,9.600414129149417,9.935799775582584,9.432721305932834,9.44320210738387,667380.32,617133028.0
2020-03-19,601933.SH,601933.SH,9.705221980203408,10.051088422262493,9.589933166183714,9.956761210791834,1316576.88,1235801647.0
2020-03-20,601933.SH,601933.SH,9.862437629028745,10.103496147060266,9.684263941788057,9.967245680346798,812472.86,766020225.0
2020-03-23,601933.SH,601933.SH,9.621383968191834,9.87292341834064,9.527056674386031,9.757634503689104,577098.53,534614326.0
2020-03-24,601933.SH,601933.SH,9.956769901723575,9.998693143415043,9.516575863963165,9.757634503689104,576080.32,536391838.0
2020-03-25,601933.SH,601933.SH,9.883402873865371,10.040615008656443,9.7261907390743,9.862441255893229,589808.51,555010235.0
2020-03-26,601933.SH,601933.SH,9.841482715914717,10.302638455531593,9.736674593274516,10.187349520627375,700205.12,676171364.0
2020-03-27,601933.SH,601933.SH,10.365518675207282,10.428403520557374,10.113979293806903,10.271191407182139,832816.11,818149765.0
2020-03-30,601933.SH,601933.SH,10.134939520575529,10.753307081810231,10.103497102207664,10.711383857319744,1308933.08,1316910736.0
2020-03-31,601933.SH,601933.SH,10.62753796877531,10.858115715632369,10.512249095346782,10.732346035528519,738489.59,751896749.0
2020-04-01,601933.SH,601933.SH,10.658984539966049,10.732350215265717,10.27119454195352,10.334079406496091,721748.64,721798043.0
2020-04-02,601933.SH,601933.SH,10.313119784463916,10.313119784463916,10.08254190310395,10.271196533307561,511297.57,497205612.0
2020-04-03,601933.SH,601933.SH,10.23975021547214,10.627540141748979,10.23975021547214,10.512251244747755,631488.03,632691579.0
2020-04-07,601933.SH,601933.SH,10.669460588295033,10.837153485557037,10.417921242402025,10.826672679478163,827787.48,841184189.0
2020-04-08,601933.SH,601933.SH,10.721864618689409,10.983884770661291,10.638018170058407,10.826672679478163,606335.09,624084258.0
2020-04-09,601933.SH,601933.SH,10.900040914303013,11.109657085731916,10.732347977159888,10.973406574303128,545763.77,568789062.0
2020-04-10,601933.SH,601933.SH,10.952442258885728,11.203981602630472,10.690422109151621,10.805710975034629,564489.01,588778936.0
2020-04-13,601933.SH,601933.SH,10.700905810071243,10.941964413040525,10.627540148297983,10.847637133617763,393479.88,406275334.0
2020-04-14,601933.SH,601933.SH,10.90004444979891,11.172545561043883,10.826678766002187,11.172545561043883,607705.23,638733016.0
2020-04-15,601933.SH,601933.SH,11.141100992862459,11.245909092513093,10.910523173631063,10.952446413491316,439907.59,462764661.0
2020-04-16,601933.SH,601933.SH,10.900043717061896,10.994371018459548,10.690427491733782,10.973409395926737,489895.1,507721824.0
2020-04-17,601933.SH,601933.SH,10.92101007132623,10.96293333455589,10.564662333874125,10.837163544866911,630633.42,646556254.0
2020-04-20,601933.SH,601933.SH,10.816198725318886,11.02581497968553,10.700909785417231,10.952449290657205,425855.15,442830616.0
2020-04-21,601933.SH,601933.SH,10.994372541530534,11.088699855995523,10.83716035075555,10.952449290657205,339558.57,353517189.0
2020-04-22,601933.SH,601933.SH,10.900045783190302,11.350720753072208,10.847641716924963,11.29831668680687,503116.66,535861861.00000006
2020-04-23,601933.SH,601933.SH,11.277351823282151,11.392640735973696,11.15158210034592,11.319275064260896,395049.54,425590389.0
2020-04-24,601933.SH,601933.SH,11.298312170722122,11.298312170722122,11.06773437131963,11.162061652893376,355508.58,377956835.0
2020-04-27,601933.SH,601933.SH,11.214462290501553,11.591771302144597,11.172539066985658,11.382155184565127,497592.05,542035036.0
2020-04-28,601933.SH,601933.SH,11.382160143932742,11.73850769908349,11.214467176802978,11.73850769908349,648976.96,713531869.0
2020-04-29,601933.SH,601933.SH,11.50793336979105,11.51841418342474,10.931488619938127,11.025815942641334,1314233.52,1396653374.0
2020-04-30,601933.SH,601933.SH,11.004848986251586,11.004848986251586,10.564655026801523,10.648501495268203,1304620.53,1337390715.0
2020-05-06,601933.SH,601933.SH,10.575133173378765,10.690422038499841,10.417921084577296,10.658979620739549,719600.69,724745872.0
2020-05-07,601933.SH,601933.SH,10.606576724502984,10.61705753154301,10.386479776662508,10.39696058370253,748400.71,748675382.0
2020-05-08,601933.SH,601933.SH,10.428398328221448,10.617052770340027,10.365513514181922,10.470321537581134,702723.89,703217034.0
2020-05-11,601933.SH,601933.SH,10.470321600845919,10.543687217668664,10.260705552780934,10.407436786426423,834010.03,825175351.0
2020-05-12,601933.SH,601933.SH,10.407435914867676,10.690417556057431,10.302627899612212,10.638013548429699,868590.41,875804485.0
2020-05-13,601933.SH,601933.SH,10.585614243195147,10.648499080283436,10.470325375199954,10.617056661739293,678405.46,683594725.0
2020-05-14,601933.SH,601933.SH,10.575135288732474,10.575135288732474,10.344557512367642,10.355038320384228,570699.53,567457943.0
2020-05-15,601933.SH,601933.SH,10.365518438085282,10.41792247467823,9.841478072155793,10.072055833164768,1523675.77,1459120484.0
2020-05-18,601933.SH,601933.SH,10.103500832754825,10.302636222612026,10.009173542822468,10.229270552664637,740679.01,720976814.0
2020-05-19,601933.SH,601933.SH,10.3236002046868,10.376004266639526,10.208311268390807,10.26071533034353,538900.68,528128157.0
2020-05-20,601933.SH,601933.SH,10.302643621388766,10.302643621388766,9.799564380466425,9.831006833024073,1104711.35,1042165399.0
2020-05-21,601933.SH,601933.SH,9.831008421440025,9.872931698290515,9.589949579549705,9.600430398762327,847558.78,784156204.0
2020-05-22,601933.SH,601933.SH,9.568984315869116,9.778600620707431,9.474656978691872,9.516580239659536,834622.83,766433248.0
2020-05-25,601933.SH,601933.SH,9.568981587869201,9.66330889815488,9.443211840821633,9.558500775615236,442542.71,403065256.0
2020-05-26,601933.SH,601933.SH,9.621382334991113,9.74715203871649,9.506093439909522,9.736671230072705,677397.39,623852174.0
2020-05-27,601933.SH,601933.SH,9.684266869336843,9.726190102537435,9.548016361434918,9.58993959463551,478606.68,439457193.0
2020-05-28,601933.SH,601933.SH,9.589940229730846,9.663305892690536,9.380324049846019,9.495612948782675,529866.04,480294976.0
2020-05-29,601933.SH,601933.SH,9.506097715249423,9.82052211597432,9.432732021746947,9.768118049186839,718596.43,665581944.0
2020-06-01,601933.SH,601933.SH,9.799561621187172,9.893888952300204,9.694753475506026,9.799561621187172,781136.28,728398952.0
2020-06-02,601933.SH,601933.SH,9.799562728780252,9.977736596576255,9.726197018511309,9.736677834264015,743653.02,697406209.0
2020-06-03,601933.SH,601933.SH,9.768124322405766,9.79956678267102,9.62139284116791,9.652835301433166,618289.03,571039195.0
2020-06-04,601933.SH,601933.SH,9.652837244813727,9.673798889210717,9.411778334248346,9.474663267439313,946680.17,856102646.0
2020-06-05,601933.SH,601933.SH,9.485142505306051,9.58995070978457,9.411776762171087,9.537546607545309,561492.36,507470634.0
2020-06-08,601933.SH,601933.SH,9.589948894315059,9.589948894315059,9.380332525040412,9.411774980431609,596396.62,536413176.0
2020-06-09,601933.SH,601933.SH,9.411777257642425,9.464181362640433,9.348892331644814,9.443219720641231,446741.43,401059932.0
2020-06-10,601933.SH,601933.SH,9.44322341993824,9.537550845886567,9.38033846930602,9.390819294411392,439216.21,395002526.0
2020-06-11,601933.SH,601933.SH,9.390822667096215,9.453707640313375,9.32793769387905,9.338418522748578,723798.93,647401090.0
2020-06-12,601933.SH,601933.SH,9.202170545469386,9.558518835385057,9.149766385187672,9.548038003328715,847632.7,763716766.0
2020-06-15,601933.SH,601933.SH,9.768136138758399,10.114003620066368,9.768136138758399,9.893906131961295,2106690.17,2003773147.0
2020-06-16,601933.SH,601933.SH,9.956791128562745,10.051118623464918,9.789097804292215,9.893906131961295,832742.4,787154437.0
2020-06-17,601933.SH,601933.SH,9.914866310264944,10.061597946991908,9.851981323096243,10.061597946991908,606542.36,575522474.0
2020-06-18,601933.SH,601933.SH,10.061601965132747,10.061601965132747,9.838483019760213,9.870357154813432,600483.73,560951340.0
2020-06-19,601933.SH,601933.SH,9.859736777193232,10.029732238868977,9.806613195419564,9.934109791676372,791466.19,740966544.0
2020-06-22,601933.SH,601933.SH,10.019102695321113,10.040352117792631,9.838482604313203,9.923480294199278,501703.14,467646658.0
2020-06-23,601933.SH,601933.SH,9.92348095714577,10.25284702745789,9.859732685472457,10.178474043839023,743505.83,706642942.0
2020-06-24,601933.SH,601933.SH,10.189103536656816,10.252851838241739,9.987233914971227,10.008483348832868,557588.75,530245900.99999994
2020-06-29,601933.SH,601933.SH,9.965988750736022,10.082860687045292,9.795993207013446,10.019112358149327,543533.1,507756816.0
2020-06-30,601933.SH,601933.SH,10.093487711306073,10.135986606932624,9.902242680986589,9.965991024426419,546151.74,514715343.0
2020-07-01,601933.SH,601933.SH,9.987243420344903,10.019117601473663,9.76412415244358,9.934119785130303,568559.89,527636914.0
2020-07-02,601933.SH,601933.SH,9.923499448546282,10.040371497726163,9.859751058084528,9.965998375520787,758355.03,710055431.0
2020-07-03,601933.SH,601933.SH,9.93412126656167,10.17849002499046,9.891622352052316,9.997869638325701,1211564.21,1143045162.0
2020-07-06,601933.SH,601933.SH,10.050995466909141,10.369737395035223,10.050995466909141,10.359112664097687,1689255.29,1633932155.0
2020-07-07,601933.SH,601933.SH,10.475980119144362,10.53972847686735,10.252860867113904,10.316609224836894,1903239.71,1856060321.0
2020-07-08,601933.SH,601933.SH,10.305987923209173,10.305987923209173,10.093493326854345,10.263489003938208,1426949.49,1368826633.0
2020-07-09,601933.SH,601933.SH,10.295366302591116,10.709730890621099,10.220993171406247,10.624733026409821,2169487.96,2153104698.0
2020-07-10,601933.SH,601933.SH,10.550359895224952,10.879726619043657,10.316615768643937,10.63535775943623,2116654.29,2106924901.9999998
2020-07-13,601933.SH,601933.SH,10.603483373053072,10.94347482389245,10.518485510343227,10.826602762666413,1742387.98,1768329485.0
2020-07-14,601933.SH,601933.SH,10.815980371655757,10.815980371655757,10.42286517150717,10.55036199317698,1402760.89,1400530505.0
2020-07-15,601933.SH,601933.SH,10.560984321490077,11.007223095637546,10.454736994312109,10.815977906717203,1716589.51,1737372838.0
2020-07-16,601933.SH,601933.SH,10.730983768658758,10.77348271427721,10.093499584382,10.104124320786612,1416398.92,1396257678.0
2020-07-17,601933.SH,601933.SH,10.125373294233224,10.337868011845675,9.987251727785134,10.125373294233224,873219.95,833975848.0
2020-07-20,601933.SH,601933.SH,10.1466182540526,10.274115027925511,9.902249437462851,10.274115027925511,911411.85,865318902.0
2020-07-21,601933.SH,601933.SH,10.284738378650328,10.401610405680444,10.178491081350222,10.369736216490413,762775.38,738974658.0
2020-07-22,601933.SH,601933.SH,10.359114743399381,10.550359938662139,10.199743747347084,10.274116878838155,1181044.14,1154357111.0
2020-07-23,601933.SH,601933.SH,10.210367109968189,10.497234864358555,10.157243451747751,10.369738084629503,865052.65,841656547.0
2020-07-24,601933.SH,601933.SH,10.305993248554527,10.305993248554527,9.785381218472908,9.859754365627424,1124764.33,1063534041.0
2020-07-27,601933.SH,601933.SH,9.817256119423202,9.891629271843076,9.57288719004362,9.604761398223566,889818.88,810411219.0
2020-07-28,601933.SH,601933.SH,9.65788293232679,9.689757133423578,9.51976139424071,9.562260329036427,883666.39,797004377.0
2020-07-29,601933.SH,601933.SH,9.572881913760007,9.721628136615324,9.551632453352106,9.689753946003469,921351.34,835693317.0
2020-07-30,601933.SH,601933.SH,9.689753086601787,9.711002545125039,9.56225633546229,9.583505793985541,786451.31,712528322.0
2020-07-31,601933.SH,601933.SH,9.615379425597158,9.657878340185432,9.477257953185264,9.551631053714745,955973.99,860346349.0
2020-08-03,601933.SH,601933.SH,9.58350502208448,9.870372689042663,9.562255565272762,9.827873775419228,1228274.05,1125850546.0
2020-08-04,601933.SH,601933.SH,9.827874293220797,10.146616162190119,9.796000106323865,10.082867788396255,1361397.78,1282485876.0
2020-08-05,601933.SH,601933.SH,10.072239282339465,10.082864007320836,9.859744782712049,9.944742582563016,823192.37,770869908.0
2020-08-06,601933.SH,601933.SH,9.965993314325377,9.99786749336906,9.732249334671689,9.912869682585901,712707.67,660370708.0
2020-08-07,601933.SH,601933.SH,9.880992072339383,9.880992072339383,9.604749283220217,9.668497619170793,631830.34,577722435.0
2020-08-10,601933.SH,601933.SH,9.626000628405247,9.78537149973646,9.56225227987276,9.68974897693773,670296.69,611298294.0
2020-08-11,601933.SH,601933.SH,9.74287706933112,9.82787490635909,9.604755584160667,9.636629773046158,566746.23,518963202.0
2020-08-12,601933.SH,601933.SH,9.62600950657639,9.657883710240549,9.477263222810308,9.64725897568583,617205.33,554864208.0
2020-08-13,601933.SH,601933.SH,9.657886819504101,9.711010509380362,9.60476312962784,9.636637343553598,471791.83,428427840.0
2020-08-14,601933.SH,601933.SH,9.615390935670936,9.711013607959377,9.49851878065173,9.68976412522861,630532.0,569730941.0
2020-08-17,601933.SH,601933.SH,9.689760085196662,9.83850640229398,9.647261137454572,9.785382717616367,832108.31,763503563.0
2020-08-18,601933.SH,601933.SH,9.753504986503748,9.764129719604513,9.572884523790716,9.626008189294549,1119614.59,1016755731.0
2020-08-19,601933.SH,601933.SH,9.62600350463723,9.65787768842742,9.56225513705685,9.56225513705685,636022.47,574488383.0
2020-08-20,601933.SH,601933.SH,9.509134709950956,9.541008904509452,9.402887394755973,9.434761589314471,885133.44,787471146.0
2020-08-21,601933.SH,601933.SH,9.456007486450309,9.487881668988905,9.402883848885981,9.466632213963175,439176.82,390381296.0
2020-08-24,601933.SH,601933.SH,9.445382758937443,9.509131124014635,9.371009666347385,9.466632213963175,482855.3,428434339.0
2020-08-25,601933.SH,601933.SH,9.466635469456607,9.49850966295646,9.381637620123662,9.392262351290281,446533.39,395883186.0
2020-08-26,601933.SH,601933.SH,9.402888076785187,9.413512809075339,9.201018163272286,9.243517092432896,562716.78,492384175.0
2020-08-27,601933.SH,601933.SH,9.243518267909057,9.264767735191608,9.052273062366112,9.190394599702685,535453.54,461076425.0
2020-08-28,601933.SH,601933.SH,9.190395969132345,9.657884319007284,9.14789702823462,9.626010113333992,1277954.72,1142054301.0
2020-08-31,601933.SH,601933.SH,9.657879881600973,9.774751915371722,9.434760544402272,9.434760544402272,1276423.65,1149940529.0
2020-09-01,601933.SH,601933.SH,9.40288171633404,9.424131166540445,9.2116366644764,9.307259190405219,965873.44,841829085.0
2020-09-02,601933.SH,601933.SH,9.381631364835453,9.753496707722475,9.36038191667048,9.732247259557504,1922667.45,1742097416.0
2020-09-03,601933.SH,601933.SH,9.774744595395823,9.817243484941024,9.551625425283529,9.583499592442427,1162513.82,1058477095.0
2020-09-04,601933.SH,601933.SH,9.44537991299913,9.53037770749181,9.349757394194864,9.498503534557054,692609.17,616729081.0
2020-09-07,601933.SH,601933.SH,9.498500242031314,9.562248565803337,9.222257505685885,9.317879991343919,879705.63,777026844.0
2020-09-08,601933.SH,601933.SH,9.328507012297042,9.371005905291561,9.201010333313484,9.349756458794303,526145.73,460330416.0
2020-09-09,601933.SH,601933.SH,9.243509226308005,9.286008119302524,9.062888931081297,9.116012547324447,779809.36,672504874.0
2020-09-10,601933.SH,601933.SH,9.190385762512012,9.222259932786619,8.956641847164885,8.967266570589754,557940.57,477162115.0
2020-09-11,601933.SH,601933.SH,8.924766163148764,9.052262822622318,8.892891998280374,9.020388657753928,417451.21,353285279.0
2020-09-14,601933.SH,601933.SH,9.009763828229767,9.062887435707536,8.807894119814241,8.871642448787565,884190.96,741581417.0
2020-09-15,601933.SH,601933.SH,8.861017727292012,8.914141334769782,8.807894119814241,8.871642448787565,733984.68,610811111.0
2020-09-16,601933.SH,601933.SH,8.882270911310204,8.967268719073939,8.786648377576004,8.829147281457873,550337.69,458747906.0
2020-09-17,601933.SH,601933.SH,8.829146479792966,8.829146479792966,8.606027254671844,8.659150879700682,594015.69,485697598.0
2020-09-18,601933.SH,601933.SH,8.669776233710728,8.786648217253395,8.63790205638091,8.786648217253395,525436.37,430870437.0
2020-09-21,601933.SH,601933.SH,8.83977139446925,8.871645570170461,8.69102524119693,8.73352414213188,561121.92,463695095.0
2020-09-22,601933.SH,601933.SH,8.66977815997895,8.818524353900157,8.637903975567262,8.78665016948847,518227.63,426332681.0
2020-09-23,601933.SH,601933.SH,8.744147007645049,8.786645899541258,8.669773946826684,8.701648115748839,423052.06,346725103.0
2020-09-24,601933.SH,601933.SH,8.669774174978626,8.680398898232276,8.45727970990562,8.478529156412922,713153.27,572930626.0
2020-09-25,601933.SH,601933.SH,8.478530864773276,8.584778118717804,8.446656688589918,8.542279217139992,347501.81,278597326.0
2020-09-28,601933.SH,601933.SH,8.542283553322335,8.584782476473192,8.351038399143476,8.372287860718906,552406.54,438916193.0
2020-09-29,601933.SH,601933.SH,8.361663129931191,8.446660976232906,8.244791091266332,8.372287860718906,470858.67,370078948.0
2020-09-30,601933.SH,601933.SH,8.393538823054518,8.446662486491572,8.28729149618041,8.319165694242644,486904.64,383372889.0
2020-10-09,601933.SH,601933.SH,8.308544624914463,8.42541673600661,8.244796200682382,8.36166831177453,733315.62,577438583.0
2020-10-12,601933.SH,601933.SH,8.393544200541834,8.680412166889466,8.382919461047477,8.669787427395109,949655.21,765484419.0
2020-10-13,601933.SH,601933.SH,8.680416427214455,8.691041171923409,8.616667958960738,8.65916693779655,409522.09,333407624.0
2020-10-14,601933.SH,601933.SH,8.69104133129458,8.829163015043761,8.637917606775666,8.69104133129458,651732.64,535658665.99999994
2020-10-15,601933.SH,601933.SH,8.691040902107353,8.691040902107353,8.563543969558102,8.606042947074519,424766.34,344208923.0
2020-10-16,601933.SH,601933.SH,8.627291267110845,8.680414981809804,8.574167552411888,8.627291267110845,387110.47,313949784.0
2020-10-19,601933.SH,601933.SH,8.648539357382388,8.797285734536382,8.648539357382388,8.691038322283529,438184.35,359135676.0
2020-10-20,601933.SH,601933.SH,8.669788626816032,8.680413367780266,8.584790699102149,8.648539144887561,351287.56,285074478.0
2020-10-21,601933.SH,601933.SH,8.680413475745608,8.680413475745608,8.52104235929985,8.542291841492618,403357.81,325655701.0
2020-10-22,601933.SH,601933.SH,8.531671125373435,8.531671125373435,8.436048410394157,8.467922648720583,344400.54,274667095.0
2020-10-23,601933.SH,601933.SH,8.467922648720583,8.563545363699863,8.446673156502966,8.467922648720583,307801.06,245847214.0
2020-10-26,601933.SH,601933.SH,8.404175145851136,8.521047366589901,8.297927672452259,8.4360493878708,358851.67,284959142.0
2020-10-27,601933.SH,601933.SH,8.382921982308225,8.446670438447454,8.329798268858871,8.351047754238614,291483.33,229732576.0
2020-10-28,601933.SH,601933.SH,8.37229599290914,8.382920734016892,8.244799099616108,8.276673322939365,387252.76,302055717.0
2020-10-29,601933.SH,601933.SH,8.170427412768019,8.234175871125117,8.13855318358947,8.212926385006085,401028.28,309051707.0
2020-10-30,601933.SH,601933.SH,8.223548779983782,8.382919880371064,8.159800339828868,8.297921960164514,656805.9,513160538.0
2020-11-02,601933.SH,601933.SH,8.181053598997714,8.510420691944374,8.181053598997714,8.234177323666529,739111.04,577444619.0
2020-11-03,601933.SH,601933.SH,8.255429735338913,8.319178227503693,8.202305991868263,8.255429735338913,808124.5,627570183.0
2020-11-04,601933.SH,601933.SH,8.297928719449713,8.31917821681066,8.202305981325452,8.266054473408293,590901.31,458800051.0
2020-11-05,601933.SH,601933.SH,8.287305562911383,8.648547087448547,8.287305562911383,8.627297586005183,1240198.44,990937941.0
2020-11-06,601933.SH,601933.SH,8.6379191684183,8.669793408892168,8.510422206522826,8.574170687470563,809035.09,652667606.0
2020-11-09,601933.SH,601933.SH,8.659164589051175,8.669789330878231,8.542292428953552,8.606040879915891,907897.04,733993817.0
2020-11-10,601933.SH,601933.SH,8.606042051530366,8.669790511171332,8.552918335162895,8.584792564983378,681363.58,550955973.0
2020-11-11,601933.SH,601933.SH,8.60604308039716,8.60604308039716,8.48917089041646,8.53166986859126,576847.13,463667248.0
2020-11-12,601933.SH,601933.SH,8.542297510087046,8.552922258233922,8.4785490212058,8.552922258233922,314787.64,252403764.0
2020-11-13,601933.SH,601933.SH,8.521046069827971,8.521046069827971,8.382924375429264,8.382924375429264,535820.67,425375562.0
2020-11-16,601933.SH,601933.SH,8.393548083747294,8.531669761074781,8.372298594927681,8.510420272255168,462374.67,368884282.0
2020-11-17,601933.SH,601933.SH,8.542296564124504,8.648544033827546,8.510422323213593,8.55292131109481,644972.68,519950101.0
2020-11-18,601933.SH,601933.SH,8.542296084220204,8.542296084220204,8.446673366859532,8.51042184509998,497442.58,396819887.0
2020-11-19,601933.SH,601933.SH,8.499797369420747,8.499797369420747,8.30855192860878,8.340426168744107,870120.39,684719572.0
2020-11-20,601933.SH,601933.SH,8.340428076338403,8.382927072905733,8.297929079771073,8.36167757462207,486872.31,382074086.0
2020-11-23,601933.SH,601933.SH,8.340427608253155,8.414800848071971,8.308553362616518,8.329802859707609,600079.85,471593096.0
2020-11-24,601933.SH,601933.SH,8.340423678320555,8.351048421859817,8.266050473545723,8.297924704163508,578302.62,451513209.0
2020-11-25,601933.SH,601933.SH,8.287298460612314,8.361671651925503,8.266048977379976,8.276673718996145,483387.41,377557000.0
2020-11-26,601933.SH,601933.SH,8.25542826748262,8.276677761092614,8.159805546237648,8.223554027067628,655740.38,506273651.0
2020-11-27,601933.SH,601933.SH,8.212929110046478,8.266052842970453,8.149180630537709,8.202304363461684,669950.2,516534172.0
2020-11-30,601933.SH,601933.SH,8.202301384619691,8.414796239143516,8.149177670988735,8.308548811881604,972585.28,757281799.0
2020-12-01,601933.SH,601933.SH,8.276673846594607,8.38292126439428,8.26604910481464,8.351047039054379,682333.91,534884203.0
2020-12-02,601933.SH,601933.SH,8.361675707000028,8.425424187612482,8.287302479618834,8.372300453768771,723327.35,569103350.0
2020-12-03,601933.SH,601933.SH,8.372300453768771,8.404174694074998,8.31917671992506,8.372300453768771,532604.34,418806825.0
2020-12-04,601933.SH,601933.SH,8.38292579779427,8.393550545319993,8.308552565114221,8.351051555217106,507817.2,398785777.0
2020-12-07,601933.SH,601933.SH,8.351049827413336,8.446672535360817,8.308550846103344,8.319175591430842,542997.63,427416367.0
2020-12-08,601933.SH,601933.SH,8.308551800246603,8.319176546794232,8.212929081317933,8.234178574413193,631874.2,490724448.0
2020-12-09,601933.SH,601933.SH,8.159803175529092,8.20230215040164,7.968557788602628,7.979182532320765,1158063.96,884396406.0
2020-12-10,601933.SH,601933.SH,7.93668313109745,7.93668313109745,7.671064552412796,7.71356352500234,1241868.27,910080494.0
2020-12-11,601933.SH,601933.SH,7.7773099740195155,7.7773099740195155,7.479817242772867,7.564815165986195,1174716.18,839413903.0
2020-12-14,601933.SH,601933.SH,7.7773113120513395,8.096053578938688,7.76668656982176,7.904808218806279,1552899.81,1154798868.0
2020-12-15,601933.SH,601933.SH,7.809189233870506,7.83043872838444,7.713566508557807,7.724191255814773,754948.43,550698847.0
2020-12-16,601933.SH,601933.SH,7.702938260930896,7.8623093973639495,7.681688776073156,7.692313518502026,588757.13,429858733.0
2020-12-17,601933.SH,601933.SH,7.702940365558835,7.777313582881472,7.564818676245366,7.777313582881473,539642.23,389764615.0
2020-12-18,601933.SH,601933.SH,7.734811494861179,7.819809423376137,7.71356201273244,7.724186753796809,397421.38,289630337.0
2020-12-21,601933.SH,601933.SH,7.72418348011101,7.72418348011101,7.607311377936016,7.671059797304195,442930.66,319255609.0
2020-12-22,601933.SH,601933.SH,7.649814202958536,7.649814202958536,7.511692557627341,7.543566783473,637411.88,454448291.0
2020-12-23,601933.SH,601933.SH,7.543569450929428,7.586068433751565,7.490445722401756,7.511695213812826,639668.7,452407905.0
2020-12-24,601933.SH,601933.SH,7.501072641413221,7.554196385332578,7.437324148709993,7.554196385332578,683599.68,481049826.0
2020-12-25,601933.SH,601933.SH,7.532949533899152,7.532949533899152,7.458576266286608,7.501075276350919,398612.77,281372701.0
2020-12-28,601933.SH,601933.SH,7.490449481130081,7.564822738389529,7.4160762238706335,7.479824730093017,523329.19,368642453.0
2020-12-29,601933.SH,601933.SH,7.4691972745082955,7.543570504837681,7.458572527318383,7.511696263267944,507711.14,358314111.0
2020-12-30,601933.SH,601933.SH,7.5116940621165496,7.522318806193093,7.437320853580742,7.469195085810374,369337.23,259640762.0
2020-12-31,601933.SH,601933.SH,7.447944674443973,7.692313757913604,7.447944674443973,7.628565301356309,582293.74,413692125.0
2021-01-04,601933.SH,601933.SH,7.649813384229536,7.649813384229536,7.490442272058087,7.532941235303808,762410.52,540680999.0
2021-01-05,601933.SH,601933.SH,7.5329388971296325,7.586062584697542,7.46919047204814,7.564813109670379,733478.58,518235729.0
2021-01-06,601933.SH,601933.SH,7.607312059724706,7.713559434860526,7.511689422102469,7.564813109670379,806837.94,576069643.0
2021-01-07,601933.SH,601933.SH,7.554188028784598,7.554188028784598,7.437315921447564,7.479814869570121,716936.04,505563283.0
2021-01-08,601933.SH,601933.SH,7.469186794353948,7.766679298254247,7.4479373297896405,7.607308314021943,1169669.99,838433892.0
2021-01-11,601933.SH,601933.SH,7.62855735061667,7.681681009047149,7.522310033755714,7.575433692186191,687058.04,490794339.0
2021-01-12,601933.SH,601933.SH,7.564811045537469,7.734806799369771,7.54356157630843,7.671058391682657,743222.35,535639213.0
2021-01-13,601933.SH,601933.SH,7.681683146891501,7.957926247609591,7.596685269747474,7.926052043680581,1250378.27,915079899.0
2021-01-14,601933.SH,601933.SH,7.872927818723953,8.021674093301733,7.798554681435063,7.8835525526223655,902066.51,672489252.0
2021-01-15,601933.SH,601933.SH,7.872923871475211,7.9472969714756525,7.756051857188805,7.756051857188805,695083.46,512011625.0
2021-01-18,601933.SH,601933.SH,7.756051105217018,7.777300560299804,7.649803829803086,7.671053284885872,726192.16,525263822.00000006
2021-01-19,601933.SH,601933.SH,7.639177213453673,7.8410469868272745,7.586053588881672,7.734799737683273,711945.62,516101712.0
2021-01-20,601933.SH,601933.SH,7.745427470529504,7.745427470529504,7.628555451083928,7.660429638205449,467933.09,337631034.0
2021-01-21,601933.SH,601933.SH,7.734803030740624,7.756052489616285,7.660429924675809,7.6710546541136395,555072.72,401376641.0
2021-01-22,601933.SH,601933.SH,7.692308013312515,7.692308013312515,7.522312256112238,7.543561725762272,807928.98,575201098.0
2021-01-25,601933.SH,601933.SH,7.501059035930808,7.511683765443459,7.437310658854909,7.43731065885491,893677.06,626723036.0
2021-01-26,601933.SH,601933.SH,7.39481174080431,7.532933224468758,7.277939716165161,7.43731065885491,689998.23,483379240.0
2021-01-27,601933.SH,601933.SH,7.416061199829611,7.532933224468758,7.384187011291661,7.43731065885491,506719.87,355552514.0
2021-01-28,601933.SH,601933.SH,7.416059071835007,7.522306336474476,7.384184892443166,7.4054343453710585,613156.04,429338775.0
2021-01-29,601933.SH,601933.SH,7.426682306428453,7.426682306428453,7.203563095505709,7.246061992824328,869821.82,596971682.0
2021-02-01,601933.SH,601933.SH,7.224809830916639,7.362931195331222,7.224809830916639,7.299182873293723,352552.32,241954699.0
2021-02-02,601933.SH,601933.SH,7.543553099027531,7.947292560665625,7.522303653678159,7.734798107171891,1893834.36,1379121910.0
2021-02-03,601933.SH,601933.SH,7.734798107171891,7.766672275195951,7.617926157750338,7.734798107171891,826741.74,598662179.0
2021-02-04,601933.SH,601933.SH,7.766668413314709,7.798542565489735,7.543549348089526,7.692295391572982,703510.35,505661711.0
2021-02-05,601933.SH,601933.SH,7.671047160090957,7.681671879149255,7.575424688566278,7.586049407624575,522987.82,374740455.0
2021-02-08,601933.SH,601933.SH,7.554178003242358,7.628551063752479,7.490429665662253,7.522303834452305,489009.67,347797490.0
2021-02-09,601933.SH,601933.SH,7.532926396035734,7.575425275562028,7.437303917101571,7.554175835798881,502174.17,355156270.0
2021-02-10,601933.SH,601933.SH,7.586053144962288,7.798547630815573,7.543554247791631,7.702925112181596,729057.88,527918998.99999994
2021-02-18,601933.SH,601933.SH,7.7879252335915075,8.096042330145606,7.692302686385063,8.000419782939161,1417698.4,1056185245.0000001
2021-02-19,601933.SH,601933.SH,7.968543764851114,8.21291244030655,7.904795414732306,8.117289915128335,1236029.33,941981311.0
2021-02-22,601933.SH,601933.SH,8.10666276130477,8.212909979670496,8.032289708448763,8.085413317631627,1141181.03,871685279.0
2021-02-23,601933.SH,601933.SH,8.032286489115606,8.096034794584778,7.95791346606824,7.97916290122463,697326.02,526085209.00000006
2021-02-24,601933.SH,601933.SH,8.000411572900811,8.096034021979307,7.809166674743819,7.904789123822315,681923.83,509488258.0
2021-02-25,601933.SH,601933.SH,7.904792546735063,7.936666710229962,7.756046450425532,7.85166894091023,702989.02,518211362.0
2021-02-26,601933.SH,601933.SH,7.7560483544757695,7.819796697115296,7.660425840516479,7.66042584051648,735900.71,534918927.0
2021-03-01,601933.SH,601933.SH,7.671053397646305,7.7773006746220155,7.617929759158449,7.766675946924443,518599.15,377498308.0
2021-03-02,601933.SH,601933.SH,7.809174857714728,7.872923223900155,7.702927580739018,7.766675946924443,506420.05,371008111.0
2021-03-03,601933.SH,601933.SH,7.766675946924444,7.787925402319586,7.692302853041447,7.766675946924443,387073.56,282145555.0
2021-03-04,601933.SH,601933.SH,7.724175829568152,7.734800555606072,7.596679117113107,7.617928569188947,482970.47,348090656.0
2021-03-05,601933.SH,601933.SH,7.522308287348775,7.660429767201224,7.522308287348775,7.628555579542966,358198.41,256547930.0
2021-03-08,601933.SH,601933.SH,7.6391791385049785,7.6816780488721825,7.458558769444359,7.490432952219762,590588.74,420073092.0
2021-03-09,601933.SH,601933.SH,7.4798045759410225,7.532928187986058,7.34168318462393,7.405431519077972,664656.93,464464089.0
2021-03-10,601933.SH,601933.SH,7.4373093184775385,7.469183501271013,7.288563132107988,7.309812587303637,604418.37,417361626.0
2021-03-11,601933.SH,601933.SH,7.309813092881452,7.373561462877512,7.288563636216099,7.373561462877512,443842.93,306331794.0
2021-03-12,601933.SH,601933.SH,7.362936160809506,7.362936160809506,7.267313613266525,7.362936160809506,385556.65,265593061.0
2021-03-15,601933.SH,601933.SH,7.341686705799955,7.437309253342935,7.288563068276077,7.362936160809506,395576.41,274113363.0
2021-03-16,601933.SH,601933.SH,7.373560783427213,7.479808056963628,7.362936056073571,7.469183329609986,405447.52,284096682.0
2021-03-17,601933.SH,601933.SH,7.447936691886287,7.469186154630614,7.3948130350254715,7.416062497769799,325698.11,227592729.0
2021-03-18,601933.SH,601933.SH,7.394815446609523,7.4160649162836885,7.352316507261192,7.362941242098274,295470.15,205109834.0
2021-03-19,601933.SH,601933.SH,7.320442334577953,7.341691804344507,7.288568129928121,7.33106706946123,300875.63,207291486.0
2021-03-22,601933.SH,601933.SH,7.341695093252684,7.36294457253851,7.309820874323946,7.352319832895597,247044.22,170605885.0
2021-03-23,601933.SH,601933.SH,7.373570594541304,7.384195336031997,7.309822145597143,7.331071628578529,231038.73,159379261.0
2021-03-24,601933.SH,601933.SH,7.299198902475418,7.3310731334905945,7.2460751841167905,7.24607518411679,362273.23,247884975.0
2021-03-25,601933.SH,601933.SH,7.224828928932203,7.267327922631805,7.214204180507303,7.267327922631805,242094.55,164877548.0
2021-03-26,601933.SH,601933.SH,7.26732783750937,7.26732783750937,7.2142040960071085,7.2567030892089175,293041.4,199842797.0
2021-03-29,601933.SH,601933.SH,7.2354554625637135,7.246080213610063,7.203581209424667,7.2354554625637135,293620.3,199589225.0
2021-03-30,601933.SH,601933.SH,7.224830733181025,7.224830733181025,7.065459467007915,7.086708969164329,694459.4,464826051.0
2021-03-31,601933.SH,601933.SH,7.118581442753145,7.362950656459596,7.118581442753145,7.224828926973341,545348.88,371597387.0
2021-04-01,601933.SH,601933.SH,7.267324923825163,7.277949667865843,7.182326971499722,7.214201203621763,214798.11,145777802.0
2021-04-02,601933.SH,601933.SH,7.235447122071616,7.235447122071616,7.171698689278033,7.192948166875894,224559.93,151950554.0
2021-04-06,601933.SH,601933.SH,7.203571399183877,7.246070345491747,7.19294666260691,7.214196135760845,194952.12,132201972.00000001
2021-04-07,601933.SH,601933.SH,7.214198035356868,7.235447514106078,7.150449599109238,7.182323817233053,288315.03,194576767.0
2021-04-08,601933.SH,601933.SH,7.161072457365808,7.171697193949437,7.118573511031293,7.118573511031292,326257.96,219046040.0
2021-04-09,601933.SH,601933.SH,7.1185724548631155,7.182320864906665,7.076073514834082,7.16107139489215,299970.67,200666091.0
2021-04-12,601933.SH,601933.SH,7.118573573188699,7.150447783217903,6.991076733071886,7.03357567977749,416016.77,277091856.0
2021-04-13,601933.SH,601933.SH,7.022954421759033,7.022954421759033,6.736086389402764,6.8210843249157325,634420.2,409222971.0
2021-04-14,601933.SH,601933.SH,6.767957401211433,7.033575823550971,6.767957401211433,6.980452139083064,464688.76,302688238.0
2021-04-15,601933.SH,601933.SH,6.948577787917851,6.969827261275397,6.810456211093796,6.831705684451342,291655.29,188308223.0
2021-04-16,601933.SH,601933.SH,6.810456552684077,6.810456552684077,6.7148339177789955,6.778582341049049,427772.3,272130471.0
2021-04-19,601933.SH,601933.SH,6.7679547417122174,6.7679547417122174,6.640457949089695,6.68295687996387,790015.77,496662559.0
2021-04-20,601933.SH,601933.SH,6.661706247667203,6.736079363669867,6.651081516809679,6.672330978524728,411475.06,258771127.0
2021-04-21,601933.SH,601933.SH,6.651084858415852,6.651084858415852,6.576711705046986,6.597961177438091,411277.88,255689887.0
2021-04-22,601933.SH,601933.SH,6.555464768557,6.651087431307427,6.438592625195367,6.619213210390618,742092.81,457159474.0
2021-04-23,601933.SH,601933.SH,6.576713950226649,6.587338690049309,6.491716031645368,6.544839730758668,406759.14,250277783.0
2021-04-26,601933.SH,601933.SH,6.502340005234744,6.576713175229259,6.481090528093454,6.4917152666641,319633.66,196082340.0
2021-04-27,601933.SH,601933.SH,6.491712826896938,6.512962296052083,6.374840746543638,6.417339684853928,426243.52,257827965.0
2021-04-28,601933.SH,601933.SH,6.3960916417123395,6.502339011176001,6.34296795698051,6.481089537283268,329246.74,199735582.0
2021-04-29,601933.SH,601933.SH,6.449216891787698,6.608587984665482,6.438592152262511,6.566089026564739,379765.54,234269685.0
2021-04-30,601933.SH,601933.SH,6.013599245959588,6.268592853562114,5.9073519094585345,5.91797664310864,1931404.08,1093253155.0
2021-05-06,601933.SH,601933.SH,5.875477532133653,5.875477532133653,5.535486065536407,5.662982865510375,1564615.82,827975904.0
2021-05-07,601933.SH,601933.SH,5.631110616786175,5.705483775875804,5.588611668734958,5.641735353798979,784936.77,418648166.0
2021-05-10,601933.SH,601933.SH,5.631109524182623,5.705482668841639,5.577985849426184,5.6948579338903516,609435.59,323460922.0
2021-05-11,601933.SH,601933.SH,5.662983398351305,5.864853350637749,5.631109195358709,5.822354413314288,595392.4,322503714.0
2021-05-12,601933.SH,601933.SH,5.822353348898492,5.854227546063994,5.7586049545674864,5.81172861650999,355043.51,194099455.0
2021-05-13,601933.SH,601933.SH,5.769227921508651,5.896724671155251,5.758603192371434,5.832976296331951,297866.18,163718557.0
2021-05-14,601933.SH,601933.SH,5.822351787499929,5.91797435335303,5.811727057960695,5.896724894274563,324241.14,179483827.0
2021-05-17,601933.SH,601933.SH,5.8860978554077095,5.928596756890798,5.811724777812305,5.822349503183077,417892.66,230303635.0
2021-05-18,601933.SH,601933.SH,5.8223505637203266,5.854224745638503,5.758602199883972,5.8329752910263855,263596.39,144622692.0
2021-05-19,601933.SH,601933.SH,5.8223504892112725,5.854224670721552,5.769226853360804,5.811725762041178,228594.05,125380513.0
2021-05-20,601933.SH,601933.SH,5.790477639930142,5.896724936075649,5.779852910315592,5.864850747231997,377817.14,208266669.0
2021-05-21,601933.SH,601933.SH,5.8861027381171,5.981725345776042,5.854228535564119,5.9286016748544075,344125.33,191913911.0
2021-05-24,601933.SH,601933.SH,6.002973442036168,6.0242229055478,5.886101392722189,5.949849783257086,335403.05,187292102.0
2021-05-25,601933.SH,601933.SH,5.917978101819975,6.024225464509741,5.907353365550998,6.002975991971788,388352.36,218953109.0
2021-05-26,601933.SH,601933.SH,6.013599523425288,6.183595269670525,6.002974789284961,6.098597396547907,389913.24,224477054.0
2021-05-27,601933.SH,601933.SH,6.098595448384851,6.130469640623795,6.01359760241433,6.11984490987748,337566.34,193446752.0
2021-05-28,601933.SH,601933.SH,6.087969348112609,6.109218804825044,6.00297152126287,6.045470434687739,325992.91,185767609.0
2021-05-31,601933.SH,601933.SH,6.013593810538089,6.077342154819412,5.971094914350541,6.077342154819412,266687.98,151578277.0
2021-06-01,601933.SH,601933.SH,6.1198410510069605,6.1198410510069605,6.045467982678751,6.077342154819412,203704.15,116587908.0
2021-06-02,601933.SH,601933.SH,6.109214823813702,6.119839545246421,6.024217052351946,6.0454664952173855,349379.4,199269644.0
2021-06-03,601933.SH,601933.SH,6.045467491960966,6.066716938329896,5.928595536931843,5.928595536931843,338563.0,190671822.0
2021-06-04,601933.SH,601933.SH,5.907348587806908,6.0348453199178484,5.886099132455085,5.981721681538289,226856.86,127835648.0
2021-06-07,601933.SH,601933.SH,5.992346344197784,6.013595799319052,5.864849613470171,5.875474341030806,251909.6,139973843.0
2021-06-08,601933.SH,601933.SH,5.875471349091843,5.886096071242099,5.737349961138508,5.75859940543902,320606.38,174577381.0
2021-06-09,601933.SH,601933.SH,5.822347524283657,5.90734529836079,5.769223915485448,5.77984863724509,353193.0,193441437.0
2021-06-10,601933.SH,601933.SH,5.737349410215427,5.779848294735541,5.716099967955369,5.737349410215427,241244.06,130308372.0
2021-06-11,601933.SH,601933.SH,5.737348331766291,5.779847208297893,5.631101140437285,5.6523505787030865,384582.14,205459461.0
2021-06-15,601933.SH,601933.SH,5.641728696801758,5.641728696801758,5.492982554136551,5.492982554136552,439021.51,228870108.0
2021-06-16,601933.SH,601933.SH,5.471731497729714,5.524855104503788,5.418607890955638,5.461106776374898,237789.14,122574939.0
2021-06-17,601933.SH,601933.SH,5.492982647421469,5.492982647421469,5.312362328260608,5.33361177757365,486605.69,245920807.0
2021-06-18,601933.SH,601933.SH,5.312359808995999,5.322984528613991,5.121114855872143,5.152989014726119,725691.19,353618217.0
2021-06-21,601933.SH,601933.SH,5.110490872332976,5.206113362667689,5.089241430036373,5.163614478074484,303226.8,147263862.0
2021-06-22,601933.SH,601933.SH,5.163613644198854,5.237986680226409,5.110490047036314,5.13173948590133,426397.89,207136020.0
2021-06-23,601933.SH,601933.SH,5.13174120372938,5.13174120372938,4.982995081882152,5.014869250849414,713146.41,338133675.0
2021-06-24,601933.SH,601933.SH,5.0148716797631225,5.131743689249127,4.951123310952575,5.089244776708762,693916.99,328848067.0
2021-06-25,601933.SH,601933.SH,5.067996925303764,5.110495851302118,5.014873267805821,5.09987111980253,416948.77,199060647.0
2021-06-28,601933.SH,601933.SH,5.0998694127327,5.110494140675892,5.057370500959927,5.078619956846313,231617.69,110663408.0
2021-06-29,601933.SH,601933.SH,5.078621506255792,5.0892462374404275,4.993623656778707,5.014873119147978,278581.67,131832458.00000001
2021-06-30,601933.SH,601933.SH,5.014874900329128,5.036124370245777,4.99362543041248,5.025499635287453,199578.35,94138701.0
2021-07-01,601933.SH,601933.SH,5.036125285904754,5.227370549926453,5.014875812124565,5.142372654805698,599892.04,290857719.0
2021-07-02,601933.SH,601933.SH,5.142372265886757,5.195495946319472,5.046749641107872,5.057374377194414,353881.0,169884313.0
2021-07-05,601933.SH,601933.SH,5.067996670355378,5.1211203251809065,5.01487301552985,5.025497746494957,261036.11,124191825.0
2021-07-06,601933.SH,601933.SH,5.036124177283374,5.0998725845907575,4.993625239078451,5.067998380937065,300830.02,142664198.0
2021-07-07,601933.SH,601933.SH,5.142370605277109,5.2379931991768895,5.1104964073105155,5.121121139966047,398984.31,193688802.0
2021-07-08,601933.SH,601933.SH,5.099869135478371,5.099869135478371,5.014871316553731,5.036120771284891,282240.09,133895718.0
2021-07-09,601933.SH,601933.SH,5.004244177760157,5.025493622251708,4.97237001102283,4.982994733268606,263236.65,123476635.0
2021-07-12,601933.SH,601933.SH,4.993618478039936,5.025492638538063,4.982993757873894,4.993618478039935,211904.03,99745967.0
2021-07-13,601933.SH,601933.SH,5.004241252711863,5.004241252711863,4.897994092357047,4.919243524428009,355649.39,165098602.0
2021-07-14,601933.SH,601933.SH,4.89799197607452,4.908616687519367,4.759870727291508,4.770495438736355,573989.99,259628904.0
2021-07-15,601933.SH,601933.SH,4.770496258665259,4.781120971936228,4.674873839226534,4.759871545394289,429020.05,190770000.0
2021-07-16,601933.SH,601933.SH,4.749246832123319,4.759871545394289,4.674873839226534,4.685498552497504,290359.61,128695637.0
2021-07-19,601933.SH,601933.SH,4.664250612007031,4.664250612007031,4.5261292954783485,4.568628162102558,462937.75,198853144.0
2021-07-20,601933.SH,601933.SH,4.52612783543664,4.6429996809526095,4.483628982521742,4.611125541266436,344529.07,148874961.0
2021-07-21,601933.SH,601933.SH,4.600452489518512,4.728539333774248,4.600452489518512,4.621800296894468,295432.49,128844842.0
2021-07-22,601933.SH,601933.SH,4.600454372494413,4.653823912778572,4.547084832210256,4.589780464437582,278847.03,119798571.0
2021-07-23,601933.SH,601933.SH,4.557756663590443,4.568430566783864,4.451017631656241,4.451017631656241,431694.18,181812142.0
2021-07-26,601933.SH,601933.SH,4.429670850043764,4.429670850043764,4.280236170765179,4.290910076427934,627988.29,255306323.0
2021-07-27,601933.SH,601933.SH,4.312260076716841,4.333607898878805,4.1948470548260355,4.205520965907018,512187.42,204723590.0
2021-07-28,601933.SH,601933.SH,4.205521566695728,4.248217217119035,4.120130265849114,4.1841737414840745,460858.34,179939136.0
2021-07-29,601933.SH,601933.SH,4.194847148178627,4.333607995319396,4.194847148178627,4.24821670477123,445352.25,177553379.0
2021-07-30,601933.SH,601933.SH,4.205519498041308,4.344280293661961,4.1628238686195695,4.312258571595656,416196.9,166617184.0
2021-08-02,601933.SH,601933.SH,4.312258655328832,4.418997730955783,4.2482152099526616,4.397649915830393,448220.58,182867166.0
2021-08-03,601933.SH,601933.SH,4.386975200979135,4.4510186345700715,4.365627389782156,4.408323012176114,330834.27,136736580.0
2021-08-04,601933.SH,601933.SH,4.397648763346475,4.418996572877282,4.365627049050262,4.376300953815666,238552.71,97986593.0
2021-08-05,601933.SH,601933.SH,4.344279559736598,4.4616925208105584,4.3122578430800615,4.344279559736597,372620.83,152359819.0
2021-08-06,601933.SH,601933.SH,4.365627425139802,4.37630133082474,4.24821446260548,4.290910085345233,298768.13,120030375.0
2021-08-09,601933.SH,601933.SH,4.2802362001398935,4.536409937804127,4.269562294403884,4.461692597652059,606254.72,252379658.0
2021-08-10,601933.SH,601933.SH,4.461691738059906,4.717865426369565,4.40832221966206,4.6538220042921505,880766.68,379008655.0
2021-08-11,601933.SH,601933.SH,4.675169290982725,4.70719099845521,4.5897780710561,4.600451973546928,508046.72,220486539.0
2021-08-12,601933.SH,601933.SH,4.600450425527544,4.632472122224952,4.504385335435321,4.504385335435321,347988.88,148140340.0
2021-08-13,601933.SH,601933.SH,4.5043838483415986,4.525731639092034,4.440340476090297,4.4616882668407305,267265.46,111998842.0
2021-08-16,601933.SH,601933.SH,4.461689647839479,4.536406938592772,4.451015749160437,4.483037445197563,208292.05,87750368.0
2021-08-17,601933.SH,601933.SH,4.4830352583500295,4.536404725711339,4.365622430155147,4.376296323627409,358966.57,149735532.0
2021-08-18,601933.SH,601933.SH,4.376295796362791,4.429665257294046,4.34427411980404,4.429665257294046,262520.6,107943759.0
2021-08-19,601933.SH,601933.SH,4.408317960327653,4.451013533793296,4.333600706762778,4.3442746001291885,281931.12,115442913.0
2021-08-20,601933.SH,601933.SH,4.322926911150993,4.3442746983665534,4.20551408146541,4.248209655896531,438723.71,174585245.0
2021-08-23,601933.SH,601933.SH,4.2588819682356664,4.333599195748572,4.248208078590966,4.312251416459171,241504.68,97403542.0
2021-08-24,601933.SH,601933.SH,4.301576411193366,4.322924184946186,4.269554750564135,4.280228637440545,225906.23,90722088.0
2021-08-25,601933.SH,601933.SH,4.269555748917733,4.365620753268382,4.248207970173144,4.290903527662321,275902.94,111599188.0
2021-08-26,601933.SH,601933.SH,4.322926281941314,4.322926281941314,4.248209037562082,4.248209037562082,270781.33,108328809.0
2021-08-27,601933.SH,601933.SH,4.258882127689192,4.258882127689192,4.184164897378856,4.19483878742319,285911.97,112911342.0
2021-08-30,601933.SH,601933.SH,4.088101882232848,4.109449672740591,3.960015139186387,4.024058510709617,587381.37,222186762.0
2021-08-31,601933.SH,601933.SH,4.024058193854616,4.077427665921653,4.013384299441208,4.066753771508246,303443.04,114797393.0
2021-09-01,601933.SH,601933.SH,4.06675352315687,4.205514142057236,4.045405735633737,4.1948402482956695,452195.59,175538697.0
2021-09-02,601933.SH,601933.SH,4.162816837840181,4.216186284479158,4.130795169856795,4.162816837840181,306476.3,119737303.0
2021-09-03,601933.SH,601933.SH,4.162817150833927,4.312251612658735,4.152143260703585,4.258882162007018,527139.78,210152523.0
2021-09-06,601933.SH,601933.SH,4.269558043177216,4.322927518716932,4.258884148069273,4.2802319382851595,361535.09,145296807.0
2021-09-07,601933.SH,601933.SH,4.280232939135413,4.301580734343072,4.237537348720098,4.290906836739242,318440.69,127478298.0
2021-09-08,601933.SH,601933.SH,4.280234270763439,4.344277676311022,4.2695603698388425,4.322929874461828,455148.36,183651335.0
2021-09-09,601933.SH,601933.SH,4.344277887198288,4.504386408839502,4.322930084312792,4.397647394412026,683177.99,282864881.0
2021-09-10,601933.SH,601933.SH,4.386971882293021,4.472363062483639,4.365624087245366,4.418993574864502,569742.85,236692699.0
2021-09-13,601933.SH,601933.SH,4.397644680405402,4.408318575260754,4.333601311273283,4.3549491009839905,440513.26,179674461.0
2021-09-14,601933.SH,601933.SH,4.354948315128514,4.354948315128514,4.216187707048438,4.258883278765385,457143.42,183077195.0
2021-09-15,601933.SH,601933.SH,4.269557441919758,4.269557441919758,4.194840186686163,4.216187973895762,288072.29,113985012.0
2021-09-16,601933.SH,601933.SH,4.226860643094731,4.3122517671976555,4.216186752581866,4.2375345336075965,410466.96,163772226.0
2021-09-17,601933.SH,601933.SH,4.226862145738285,4.237536040045705,4.141470991278926,4.173492674201185,356167.59,139235723.0
2021-09-22,601933.SH,601933.SH,4.130797468637054,4.173493049708238,4.120123573369258,4.152145259172646,234116.5,90966053.0
2021-09-23,601933.SH,601933.SH,4.173493973611278,4.258885154657034,4.173493973611278,4.194841768872718,284757.6,112161669.0
2021-09-24,601933.SH,601933.SH,4.194842015628116,4.248211506921095,4.162820320852329,4.173494219110925,347647.94,136855128.0
2021-09-27,601933.SH,601933.SH,4.162818860213619,4.301579488887406,4.1201232821601455,4.258883910833934,578854.41,229377049.0
2021-09-28,601933.SH,601933.SH,4.26955693202866,4.3015786090188755,4.194839685718159,4.226861362708373,293516.42,116397739.0
2021-09-29,601933.SH,601933.SH,4.205511507641544,4.226859281792009,4.14146818519015,4.162815959340615,309397.14,121088702.0
2021-09-30,601933.SH,601933.SH,4.173488994683226,4.20551064937389,4.1628151097863375,4.184162879580114,195969.42,76781444.0
2021-10-08,601933.SH,601933.SH,4.194835369616856,4.365617471178865,4.194835369616856,4.365617471178865,692115.13,279790336.0
2021-10-11,601933.SH,601933.SH,4.3762914058958975,4.440334694762667,4.344269761462514,4.3762914058958975,420213.97,172588938.0
2021-10-12,601933.SH,601933.SH,4.365617418198698,4.429660705507237,4.3335957745444285,4.386965180634878,410263.76,168509974.0
2021-10-13,601933.SH,601933.SH,4.37629329353967,4.397641065703279,4.290902204885238,4.333597749212454,270444.13,109945292.0
2021-10-14,601933.SH,601933.SH,4.333599686830678,4.483034158790358,4.322925795976416,4.440338595373307,472240.14,195755515.0
2021-10-15,601933.SH,601933.SH,4.451012486227569,4.483034158790358,4.301578014267891,4.301578014267891,555980.31,227583923.0
2021-10-18,601933.SH,601933.SH,4.312253382367139,4.322927276877948,4.194840542748231,4.237536120791471,444403.19,176003864.0
2021-10-19,601933.SH,601933.SH,4.237537034145121,4.269558724579467,4.216189240522223,4.258884827768018,203149.97,80804223.0
2021-10-20,601933.SH,601933.SH,4.258882821693804,4.258882821693804,4.194839470991642,4.237535038126417,246749.45,97707155.0
2021-10-21,601933.SH,601933.SH,4.237533183530929,4.248207070643097,4.184163747970087,4.194837635082255,224687.76,88694209.0
2021-10-22,601933.SH,601933.SH,4.21618663200036,4.333599424283914,4.1948388515851684,4.2695560830383394,438893.41,176290674.0
2021-10-25,601933.SH,601933.SH,4.290903863453531,4.301577753661127,4.21618663200036,4.2375344124155525,213837.39,84935852.0
2021-10-26,601933.SH,601933.SH,4.226859138286618,4.269554685137998,4.205511364860929,4.205511364860929,190206.62,75226180.0
2021-10-27,601933.SH,601933.SH,4.194835930961274,4.216183696513239,4.088097103201444,4.10944486875341,330526.1,127951883.0
2021-10-28,601933.SH,601933.SH,4.1094432185877245,4.162812611036915,4.098769340097886,4.1201170970775625,179983.79,69494931.0
2021-10-29,601933.SH,601933.SH,4.109444368813561,4.2161831835879395,4.0987704873361235,4.194835420633064,245837.53,96119406.0
2021-11-01,601933.SH,601933.SH,4.045399170767302,4.258876699567688,4.045399170767302,4.184159564487553,343828.18,134270206.0
2021-11-02,601933.SH,601933.SH,4.216180685323447,4.301571686545188,4.184159059865294,4.2482023107816,482839.12,191872205.0
2021-11-03,601933.SH,601933.SH,4.269549267723209,4.408309618924213,4.248201521384593,4.365614126246982,815832.71,332565828.0
2021-11-04,601933.SH,601933.SH,4.397636167590468,4.547070406294998,4.344266796624565,4.451005538556372,1038805.76,433524627.0
2021-11-05,601933.SH,601933.SH,4.461680143819914,4.515049523530679,4.397636888166996,4.429658515993456,842556.23,351345362.0
2021-11-08,601933.SH,601933.SH,4.440334146140999,4.461681906458984,4.312247584233085,4.322921464392078,467976.6,190840552.0
2021-11-09,601933.SH,601933.SH,4.33359534455107,4.3656169850280495,4.280225943756107,4.322921464392078,344380.71,139074678.0
2021-11-10,601933.SH,601933.SH,4.322919470026813,4.322919470026813,4.2375284681497405,4.280223969088277,305048.55,121849806.0
2021-11-11,601933.SH,601933.SH,4.269551943992017,4.6644854988112785,4.258878064132037,4.483029541191618,1230335.86,519305224.0
2021-11-12,601933.SH,601933.SH,4.483027800209272,4.483027800209272,4.3869629187762165,4.3976367944909995,451872.05,187287646.0
2021-11-15,601933.SH,601933.SH,4.418984545920567,4.440332297350136,4.365615167346648,4.3976367944909995,307945.03,126928231.0
2021-11-16,601933.SH,601933.SH,4.408311814671054,4.525724478015803,4.397637936185167,4.440333450128713,515917.96,215740674.0
2021-11-17,601933.SH,601933.SH,4.4510069803695265,4.4616808580202925,4.365615959163396,4.365615959163396,384868.42,158319421.0
2021-11-18,601933.SH,601933.SH,4.376289511035761,4.408311141604316,4.301572373042469,4.301572373042469,342553.29,139202571.0
2021-11-19,601933.SH,601933.SH,4.301571652582072,4.344267152855839,4.301571652582072,4.333593277787397,212554.19,86168928.0
2021-11-22,601933.SH,601933.SH,4.333594466553634,4.354942222546509,4.269551198575009,4.280225076571446,366101.34,147229841.0
2021-11-23,601933.SH,601933.SH,4.280225076571446,4.312246710560759,4.258877320578572,4.280225076571446,319036.22,127811157.0
2021-11-24,601933.SH,601933.SH,4.28022534610703,4.290899224775625,4.2268559527640495,4.237529831432646,339431.96,135019489.0
2021-11-25,601933.SH,601933.SH,4.237528908831215,4.269550537865204,4.2161811561418885,4.2161811561418885,345020.0,136942629.0
2021-11-26,601933.SH,601933.SH,4.216182129106771,4.226856007914636,4.162812735067445,4.162812735067445,341882.23,133989535.0
2021-11-29,601933.SH,601933.SH,4.130791950353354,4.194835236405344,4.120118069344688,4.1414658313620185,315533.12,122815530.0
2021-11-30,601933.SH,601933.SH,4.1414658313620185,4.184161355396679,4.1414658313620185,4.1414658313620185,300003.94,116821170.0
2021-12-01,601933.SH,601933.SH,4.152138568413824,4.184160202617529,4.141464690345922,4.184160202617529,246053.34,96046367.0
2021-12-02,601933.SH,601933.SH,4.184160374275383,4.216182009792797,4.162812617263774,4.162812617263774,261192.46,102194883.0
2021-12-03,601933.SH,601933.SH,4.162812617263774,4.184160374275383,4.141464860252165,4.162812617263774,213831.33,83335604.0
2021-12-06,601933.SH,601933.SH,4.173486924919861,4.184160804523237,4.120117526902983,4.15213916571311,342284.42,132976746.00000001
2021-12-07,601933.SH,601933.SH,4.152137562201566,4.173485313164042,4.13078981123909,4.173485313164042,258277.69,100612286.0
2021-12-08,601933.SH,601933.SH,4.173485688670432,4.173485688670432,4.12011630646237,4.1521379357872075,417490.41,161873233.0
2021-12-09,601933.SH,601933.SH,4.152137263035744,4.2375282607331375,4.14146338832357,4.21618051130879,515904.76,202685714.0
2021-12-10,601933.SH,601933.SH,4.216182001877658,4.2268558803634235,4.162812609448826,4.2268558803634235,543572.75,213249177.0
2021-12-13,601933.SH,601933.SH,4.205506031311708,4.24820152401538,4.19483215813579,4.205506031311708,363492.73,143556241.0
2021-12-14,601933.SH,601933.SH,4.194832757397528,4.205506632098285,4.162811133295256,4.18415888269677,282978.99,110839244.0
2021-12-15,601933.SH,601933.SH,4.17348517921591,4.18415905435457,4.152137428938591,4.16281130407725,224164.04,87518860.0
2021-12-16,601933.SH,601933.SH,4.162810878214201,4.173484752260904,4.141463130120795,4.173484752260904,232262.95,90533804.0
2021-12-17,601933.SH,601933.SH,4.173485127767244,4.173485127767244,4.141463502746012,4.15213737775309,266529.35,103735186.0
2021-12-20,601933.SH,601933.SH,4.141462232554887,4.162809976021665,4.12011448908811,4.141462232554887,251387.24,97609886.0
2021-12-21,601933.SH,601933.SH,4.1414612679611515,4.226852221939732,4.13078739871383,4.21617835269241,442972.03,174148920.0
2021-12-22,601933.SH,601933.SH,4.226852221939732,4.248199960434377,4.194830614197764,4.21617835269241,293512.31,115990256.0
2021-12-23,601933.SH,601933.SH,4.216178083803484,4.216178083803484,4.173482609537119,4.18415647810371,232005.92,91024538.0
2021-12-24,601933.SH,601933.SH,4.184155403653652,4.472349780946124,4.162807672002359,4.322915659387064,1187519.23,479208333.0
2021-12-27,601933.SH,601933.SH,4.301567345011051,4.344262802529771,4.248198023112651,4.333588938150091,736012.19,295695828.0
2021-12-28,601933.SH,601933.SH,4.322915781741613,4.33358964786937,4.280220317230585,4.301568049486099,396136.18,159876829.0
2021-12-29,601933.SH,601933.SH,4.301569523071124,4.31224339285542,4.237526304365351,4.237526304365351,348167.65,139014503.0
2021-12-30,601933.SH,601933.SH,4.237528121957681,4.301571368133364,4.226854247595067,4.280223619408136,503279.12,200886778.0
2021-12-31,601933.SH,601933.SH,4.269549481493068,4.344266597419197,4.258875607789336,4.322918850011732,506268.99,204466790.0
2022-01-04,601933.SH,601933.SH,4.333594282561768,4.515050200797114,4.312246527475257,4.45100693553758,1290018.58,535454564.0
2022-01-05,601933.SH,601933.SH,4.440333151148165,4.589767439888728,4.418985395613799,4.579093562121545,1542233.12,654850139.0
2022-01-06,601933.SH,601933.SH,4.547071928819996,4.632462950957461,4.5043764177512635,4.579093562121545,1074774.83,459566877.0
2022-01-07,601933.SH,601933.SH,4.579093605218897,4.611115238821826,4.5150503380130385,4.536398093748324,660651.04,281830783.0
2022-01-10,601933.SH,601933.SH,4.51505060298078,4.579093873945046,4.483028967498647,4.547072238462913,574179.85,243916101.0
2022-01-11,601933.SH,601933.SH,4.557746862382723,4.717855065979307,4.525725221663407,4.5684207426224965,1061297.78,458240251.0
2022-01-12,601933.SH,601933.SH,4.568421210088805,4.611116735416737,4.5257256847608724,4.589768972752771,498037.97,213434061.0
2022-01-13,601933.SH,601933.SH,4.600444094653613,4.803247894649945,4.600444094653613,4.749878473598279,1323279.86,588113304.0
2022-01-14,601933.SH,601933.SH,4.771225803285498,4.803247452971978,4.621791438081925,4.643139204539578,1077823.24,471718416.0
2022-01-17,601933.SH,601933.SH,4.621790518053184,4.675159923573428,4.536399469220792,4.55774723142889,586916.93,251695345.0
2022-01-18,601933.SH,601933.SH,4.536399469220792,4.568421112532939,4.461682301492449,4.55774723142889,669441.23,282985483.0
2022-01-19,601933.SH,601933.SH,4.536398377917146,4.589767770598523,4.5043767423083185,4.52572449938087,360159.32,153138834.0
2022-01-20,601933.SH,601933.SH,4.5363984631077265,4.5897678567913465,4.5150507056342795,4.5470723418444505,444921.57,189725623.0
2022-01-21,601933.SH,601933.SH,4.536396582961856,4.5470704572747085,4.397636216894789,4.429657839833343,563046.02,234896922.0
2022-01-24,601933.SH,601933.SH,4.429659956949223,4.440333836363559,4.344268921634539,4.354942801048875,400605.51,164465020.0
2022-01-25,601933.SH,601933.SH,4.344267868478437,4.365615622131894,4.226855223384425,4.226855223384425,561921.05,225395193.0
2022-01-26,601933.SH,601933.SH,4.226857304951319,4.269552833284161,4.194835658701688,4.2482050691177395,415486.82,164828289.0
2022-01-27,601933.SH,601933.SH,4.248204538092105,4.258878418841081,4.088096326857478,4.098770207606454,609645.88,237335981.0
2022-01-28,601933.SH,601933.SH,4.120119328318579,4.1948365182103675,4.109445444048324,4.14146709685909,449331.71,174822149.0
2022-02-07,601933.SH,601933.SH,4.045403115269302,4.152141983746065,4.013381454726273,4.066750888964655,588283.47,225293673.0
2022-02-08,601933.SH,601933.SH,4.06675070126846,4.162815678463779,4.056076814913425,4.162815678463779,442454.84,170789537.0
2022-02-09,601933.SH,601933.SH,4.162815252600282,4.205510793652593,4.130793596811049,4.17348913786336,386502.19,151276062.0
2022-02-10,601933.SH,601933.SH,4.17348913786336,4.205510793652593,4.141467482074127,4.17348913786336,335073.34,131116682.0
2022-02-11,601933.SH,601933.SH,4.152142499739395,4.17349027608767,4.088099170694572,4.109446947042846,428960.98,165676135.0
2022-02-14,601933.SH,601933.SH,4.088097529100345,4.130793064652306,4.066749761324364,4.120119180764316,396001.4,151927184.0
2022-02-15,601933.SH,601933.SH,4.120119266824247,4.120119266824247,4.066749846269529,4.088097614491416,284334.88,109017401.0
2022-02-16,601933.SH,601933.SH,4.109445797916335,4.120119683105727,4.088098027537549,4.120119683105727,238667.9,91827710.0
2022-02-17,601933.SH,601933.SH,4.120119769165668,4.120119769165668,4.066750342103937,4.08809811292863,302259.94,115617502.0
2022-02-18,601933.SH,601933.SH,4.0667504797803815,4.109446022875188,4.056076594006679,4.098772137101486,220110.25,84261808.0
2022-02-21,601933.SH,601933.SH,4.109446022875188,4.162815451743697,4.088098251327785,4.162815451743697,300806.57,116417555.0
2022-02-22,601933.SH,601933.SH,4.1414656363551,4.1414656363551,4.088096233824751,4.109443994836891,213429.69,82298081.0
2022-02-23,601933.SH,601933.SH,4.120116220891482,4.1414639733313345,4.09876846845163,4.120116220891482,288888.4,111503540.0
2022-02-24,601933.SH,601933.SH,4.098770094947054,4.120117855858236,3.970683529479959,4.034726812213506,607586.53,230525130.0
2022-02-25,601933.SH,601933.SH,4.0347268553656646,4.077422377644666,3.9600096913774117,3.992031333086663,579729.44,217669019.0
2022-02-28,601933.SH,601933.SH,3.9706842681766106,3.9920320330592807,3.8746193262045954,3.8959670910872655,517537.22,189680102.0
2022-03-01,601933.SH,601933.SH,3.8959664029409042,3.9493358057209167,3.8959664029409042,3.9279880446089117,290170.2,106698032.0
2022-03-02,601933.SH,601933.SH,3.9066402834969067,3.938661925164914,3.8852925223849017,3.9279880446089117,206441.76,75817009.0
2022-03-03,601933.SH,601933.SH,3.92798718603229,3.9600088207010313,3.8852916731406344,3.906639429586462,435617.47,159965707.0
2022-03-04,601933.SH,601933.SH,3.8959652466511585,3.8959652466511585,3.7999003501583903,3.8212481049345612,543883.22,195659859.0
2022-03-07,601933.SH,601933.SH,3.789226320330159,3.789226320330159,3.6931614277020706,3.714509181619424,557907.45,194649351.0
2022-03-08,601933.SH,601933.SH,3.7038370397908,3.7038370397908,3.5437288104050304,3.5544026923640817,638025.73,215517056.0
2022-03-09,601933.SH,601933.SH,3.70383670583828,3.90664044477467,3.6931628248416275,3.90664044477467,1688509.25,610998512.0
2022-03-10,601933.SH,601933.SH,4.045402853749164,4.056076739906813,3.8319251305961735,3.885294561384421,1823842.43,672240550.0
2022-03-11,601933.SH,601933.SH,3.831926718958922,4.162817327002728,3.7251878131383394,4.120121764674495,1998046.35,754568302.0
2022-03-14,601933.SH,601933.SH,4.08809909254618,4.536402387290147,4.077425204576085,4.536402387290147,3310063.26,1355224359.0
2022-03-15,601933.SH,601933.SH,4.65381711741336,4.7605560421246755,4.386969805635071,4.429665375519598,3129078.39,1347628848.0
2022-03-16,601933.SH,601933.SH,4.493706653869603,4.5684238666417825,4.28022890309195,4.504380541408486,2241315.46,928912386.0
2022-03-17,601933.SH,601933.SH,4.418987950852743,4.856617192362314,4.322922995399423,4.557748442063095,2670476.81,1129096736.0
2022-03-18,601933.SH,601933.SH,4.4403344546940815,4.525725501899737,4.376291169289839,4.386965050190548,1295658.83,537218846.0
2022-03-21,601933.SH,601933.SH,4.429659076443323,4.568419481247572,4.3656158126875155,4.547071726662303,1489540.57,625276113.0
2022-03-22,601933.SH,601933.SH,4.536397915114565,4.536397915114565,4.3976375082992964,4.418985263193952,960164.94,399675559.0
2022-03-23,601933.SH,601933.SH,4.429660098405418,4.483029497181387,4.333595180608674,4.344269060363868,815520.01,334517574.0
2022-03-24,601933.SH,601933.SH,4.312247496562618,4.376290776214537,4.269551976794671,4.269551976794671,683083.2,276040934.0
2022-03-25,601933.SH,601933.SH,4.269551976794671,4.408312416040498,4.248204216910698,4.322921376504604,803142.59,326876868.0
2022-03-28,601933.SH,601933.SH,4.418987300297552,4.5470738887119735,4.344270123722473,4.461682829769026,1116600.11,466057401.0
2022-03-29,601933.SH,601933.SH,4.408315262771308,4.515054131119282,4.354945828597321,4.386967489101713,711228.76,293765182.0
2022-03-30,601933.SH,601933.SH,4.376293602266915,4.451010810110497,4.312250281258131,4.386967489101713,651957.44,267594737.00000003
2022-03-31,601933.SH,601933.SH,4.354945869876429,4.589771382467806,4.354945869876429,4.504380286980032,1124350.96,472659144.0
2022-04-01,601933.SH,601933.SH,4.504380308480653,4.515054195467575,4.418989212585285,4.472358647519891,632655.52,263803794.0
2022-04-06,601933.SH,601933.SH,4.536402823352376,4.696511158294225,4.504381156364006,4.536402823352376,1418730.08,609806257.0
2022-04-07,601933.SH,601933.SH,4.5897709554690715,4.749879244613341,4.5897709554690715,4.664488157069731,1621536.19,709318086.0
2022-04-08,601933.SH,601933.SH,4.707183646611308,4.74987918989123,4.536401473491623,4.632466445871446,1005133.47,433117209.0
2022-04-11,601933.SH,601933.SH,4.739204075767501,5.091442216534003,4.685834660499848,4.9420078537845775,2526297.42,1157244635.0
2022-04-12,601933.SH,601933.SH,4.813921030159677,5.433006218073783,4.771225499958705,5.433006218073783,2712768.9,1294668570.0
2022-04-13,601933.SH,601933.SH,5.433004136374558,5.571764556360549,5.038070633337507,5.0700922687188905,2852727.28,1415516845.0
2022-04-14,601933.SH,601933.SH,5.048745052348774,5.176831607588065,4.84594133988656,4.9847017747291265,2313411.01,1073171110.0000001
2022-04-15,601933.SH,601933.SH,4.899310030101832,5.070092079081417,4.685832468877352,4.728527981122247,2067849.73,944888690.0
2022-04-18,601933.SH,601933.SH,4.664483085368014,4.899308320786998,4.64313533669356,4.8032434517519595,1431182.6,646151189.0
2022-04-19,601933.SH,601933.SH,4.7818940984145195,4.813915710680687,4.707177003126793,4.771220227659129,921473.59,410049147.0
2022-04-20,601933.SH,601933.SH,4.771218694823672,4.867283500759719,4.664480021561397,4.7178493581925345,1295153.43,578483391.0
2022-04-21,601933.SH,601933.SH,4.664480446621927,4.685828183219739,4.429655344045995,4.451003080643806,1520890.14,643874933.0
2022-04-22,601933.SH,601933.SH,4.418981116308403,4.547067525476763,4.39763338144701,4.4616765860311896,952876.34,399825925.0
2022-04-25,601933.SH,601933.SH,4.483023879939372,4.771218272221188,4.397632948892908,4.557740944605028,2300104.27,996005503.0
2022-04-26,601933.SH,601933.SH,4.632457459657021,4.739196110801193,4.386958562025429,4.408306292254262,1706794.47,729704686.0
2022-04-27,601933.SH,601933.SH,4.280221866675523,4.472351526526295,3.970679636915947,4.461677656534585,1552959.79,616361912.0
2022-04-28,601933.SH,601933.SH,4.472352303361548,4.568417149973133,4.226853250909721,4.301570353829842,1168416.79,478025952.0
2022-04-29,601933.SH,601933.SH,4.301571985125146,4.728527020869576,4.280224233337924,4.728527020869576,2062197.54,887474813.0
2022-05-05,601933.SH,601933.SH,4.856614653141371,5.1981787606150505,4.749875869555847,5.038070585236762,2720689.52,1266630262.0
2022-05-06,601933.SH,601933.SH,4.877963496171304,5.1021149916190005,4.7925724502864675,4.984702303527349,1779063.87,824012988.0
2022-05-09,601933.SH,601933.SH,4.888637623392826,5.166158536511196,4.856615979571475,5.080767486320928,1739494.77,827904534.0
2022-05-10,601933.SH,601933.SH,5.048744223492472,5.166156879852761,4.995374834237794,5.059418101343407,1725287.13,819031549.0
2022-05-11,601933.SH,601933.SH,4.974025051306399,5.155480900817577,4.974025051306399,5.080763786312974,1864526.45,883473759.0
2022-05-12,601933.SH,601933.SH,5.048744568970113,5.198178869108762,4.974027418900787,5.112787840458105,1426892.8,683001944.0
2022-05-13,601933.SH,601933.SH,5.144807604389922,5.347611223650105,5.038068857410877,5.134133729692017,1496944.91,723622404.0
2022-05-16,601933.SH,601933.SH,5.134133729692017,5.155481479087826,4.9953733586192595,5.134133729692017,1052403.57,501076689.0
2022-05-17,601933.SH,601933.SH,5.091438406089671,5.10211228115485,4.9420041551771865,4.963351905307542,941831.93,440697352.0
2022-05-18,601933.SH,601933.SH,4.920655308085214,5.144806634483889,4.909981435399562,5.027394034941725,1062823.64,504031862.0
2022-05-19,601933.SH,601933.SH,4.9313312882652305,5.1021133242224685,4.909983533770576,5.070091692480486,798796.39,374683433.0
2022-05-20,601933.SH,601933.SH,5.0700922353168565,5.155483262437982,4.942005694635167,4.98470120819573,953041.97,448813248.0
2022-05-23,601933.SH,601933.SH,4.995376801416124,5.027398447579047,4.90998574498166,5.006050683470432,632290.25,294887306.0
2022-05-24,601933.SH,601933.SH,4.995377425838223,5.04874684278094,4.74987810790173,4.78189975806736,1071862.38,489389137.0
2022-05-25,601933.SH,601933.SH,4.771226557807354,4.867291522058508,4.749878787973764,4.771226557807354,720050.79,323566168.0
2022-05-26,601933.SH,601933.SH,4.803250374551945,4.877967602600532,4.653815918454774,4.813924264273172,882105.21,395264311.0
2022-05-27,601933.SH,601933.SH,4.771226444760543,4.813921983416118,4.621792059466029,4.685835367449392,1124409.46,495639167.0
2022-05-30,601933.SH,601933.SH,4.685833100109698,4.739202497605254,4.600442064116811,4.632463702614143,654400.25,285574302.0
2022-05-31,601933.SH,601933.SH,4.664486552390129,4.728529846015622,4.589769376493719,4.68583431693196,818318.34,357689029.0
2022-06-01,601933.SH,601933.SH,4.707180263527608,4.717854141676197,4.60044148204172,4.643136994636076,713716.31,311584584.0
2022-06-02,601933.SH,601933.SH,4.632460773006146,4.643134645755008,4.5150481727686635,4.536395918266387,872825.48,372820417.0
2022-06-06,601933.SH,601933.SH,4.5150497441311375,4.61111463230414,4.461680361812802,4.600440755840473,693239.85,296246622.0
2022-06-07,601933.SH,601933.SH,4.589768360619752,4.707181039612351,4.5684206008029165,4.696507159703933,965427.05,420621410.0
2022-06-08,601933.SH,601933.SH,4.675161534663079,4.685835419445415,4.54707491727505,4.675161534663079,775738.92,336408347.0
2022-06-09,601933.SH,601933.SH,4.643141628321673,4.6644894059231525,4.50438107391206,4.536402740314279,897193.67,383820017.0
2022-06-10,601933.SH,601933.SH,4.493706117722441,4.589771094110806,4.472358345191693,4.493706117722441,1737525.53,734642643.0
2022-06-13,601933.SH,601933.SH,4.397641491870689,4.483032588800217,4.397641491870689,4.41898926610307,859887.5,356865302.0
2022-06-14,601933.SH,601933.SH,4.376293356487853,4.429662787664535,4.280228380369827,4.397641128958526,822456.32,335578903.0
2022-06-15,601933.SH,601933.SH,4.3762936923185185,4.525728111080615,4.3656198052640836,4.451010901699567,802312.44,336161438.0
2022-06-16,601933.SH,601933.SH,4.440335580236974,4.5150527654813475,4.418987813024296,4.493704998268669,767816.3,321936415.0
2022-06-17,601933.SH,601933.SH,4.4615296352554,4.482979296963358,4.407905480985503,4.429355142693462,716222.82,296468267.0
2022-06-20,601933.SH,601933.SH,4.440078611493923,4.515152404441888,4.418628956365933,4.440078611493923,685679.46,285818602.0
2022-06-21,601933.SH,601933.SH,4.450804766681438,4.461529597444526,4.375730951339824,4.386455782102911,524262.75,215367070.0
2022-06-22,601933.SH,601933.SH,4.397180285532453,4.407905115497168,4.322106475779461,4.322106475779461,589623.29,239368991.0
2022-06-23,601933.SH,601933.SH,4.311382593254171,4.354281922540283,4.289932928611116,4.343557090218755,412548.0,166301475.0
2022-06-24,601933.SH,601933.SH,4.34355650180585,4.365006163543162,4.31138200919988,4.354281332674505,452835.78,183327359.0
2022-06-27,601933.SH,601933.SH,4.375730870861766,4.579502651612681,4.3650060402959285,4.5580529904810065,1192031.56,500472497.0
2022-06-28,601933.SH,601933.SH,4.579502381594836,4.600952041461792,4.504428572060495,4.547327891794405,910114.12,385748593.0
2022-06-29,601933.SH,601933.SH,4.536602712891461,4.547327541999951,4.461528909132028,4.461528909132028,720142.95,302341770.0
2022-06-30,601933.SH,601933.SH,4.515152379511406,4.6116758270544045,4.49370272450185,4.59022617204485,861519.39,366605713.0
2022-07-01,601933.SH,601933.SH,4.558051863584995,4.57950151941363,4.4722532402704545,4.49370289609909,662650.63,278384068.0
2022-07-04,601933.SH,601933.SH,4.5044289446377075,4.515153775458273,4.450804790534877,4.472254452176009,610910.71,254810174.0
2022-07-05,601933.SH,601933.SH,4.4615307205728865,4.482980387498717,4.35428238594373,4.440081053647055,718342.0,296369504.0
2022-07-06,601933.SH,601933.SH,4.429354736458904,4.482978885810706,4.343556097496019,4.354280927366379,569416.97,233367642.0
2022-07-07,601933.SH,601933.SH,4.365006775738084,4.5580537584488585,4.343557110992442,4.504429596584754,913175.7,381624866.0
2022-07-08,601933.SH,601933.SH,4.504428730348294,4.515153560658646,4.418630087865469,4.461529409106881,481233.54,200186624.0
2022-07-11,601933.SH,601933.SH,4.461527398276726,4.5687756530429935,4.429352921846846,4.568775653042993,790664.74,332950505.0
2022-07-12,601933.SH,601933.SH,4.515149643465547,4.65457231654168,4.482975180447977,4.579498569500685,830233.66,354664335.0
2022-07-13,601933.SH,601933.SH,4.558050246924188,4.579499895145007,4.45080200582009,4.482976478151318,570220.87,238288328.0
2022-07-14,601933.SH,601933.SH,4.450801043484519,4.461525865276048,4.34355282556923,4.365002469152288,693086.96,283145414.0
2022-07-15,601933.SH,601933.SH,4.289929197177371,4.289929197177371,3.925285215417295,3.925285215417295,2463610.46,918881470.0
2022-07-18,601933.SH,601933.SH,3.871662170667842,3.978910430243128,3.828762866837727,3.9574607783280706,919739.12,337097040.0
2022-07-19,601933.SH,601933.SH,3.9360112333698374,3.9574608858677656,3.882387102125017,3.9467360596188015,695259.78,253997282.0
2022-07-20,601933.SH,601933.SH,3.9360127777448173,4.000361760487239,3.9038382863736065,3.936012777744817,740619.87,272358890.0
2022-07-21,601933.SH,601933.SH,3.9145631168306765,3.9789120995730984,3.9038382863736065,3.936012777744817,548163.83,201511173.0
2022-07-22,601933.SH,601933.SH,3.9360135042265143,3.9360135042265143,3.860939677170423,3.8931141744801763,487658.24,177127776.0
2022-07-25,601933.SH,601933.SH,3.893115291446081,3.893115291446081,3.8180414428507023,3.8502159493915786,763798.75,273752781.0
2022-07-26,601933.SH,601933.SH,3.8394929696319915,3.8609426510265834,3.7644190847509185,3.8609426510265834,760863.16,270195701.0
2022-07-27,601933.SH,601933.SH,3.839493401035696,3.8823927686450332,3.7965940334263584,3.8180437172310273,478113.48,170401781.0
2022-07-28,601933.SH,601933.SH,3.8180436309475536,3.839493314267484,3.7858691059676586,3.7965939476276236,465498.02,165502360.0
2022-07-29,601933.SH,601933.SH,3.8073188331759895,3.818043674959584,3.7107952571236402,3.7215200989072352,732545.13,256092942.0
2022-08-01,601933.SH,601933.SH,3.7215200989072352,3.732244940690829,3.6571710482056687,3.7215200989072352,611728.93,210776978.0
2022-08-02,601933.SH,601933.SH,3.700070077980685,3.710794918786426,3.5713719883117916,3.6464458739519796,654577.23,221699963.0
2022-08-03,601933.SH,601933.SH,3.624996409406138,3.6893454580938214,3.571372202166403,3.5820970436143496,564775.3,190369221.0
2022-08-04,601933.SH,601933.SH,3.592821757127987,3.614271439260094,3.549922392863772,3.614271439260094,498002.81,166381749.0
2022-08-05,601933.SH,601933.SH,3.6035483161639306,3.7107967779545237,3.5928234699848716,3.689347085596405,581073.63,198071142.0
2022-08-08,601933.SH,601933.SH,3.7107970346090555,3.7322467284507264,3.667897646925714,3.721521881529891,427595.36,147703077.0
2022-08-09,601933.SH,601933.SH,3.871671250112861,3.946745207871283,3.7858724412460942,3.8180469945711324,1343414.0,482155248.0
2022-08-10,601933.SH,601933.SH,3.7536974984884224,3.7644223484841035,3.7107980985056974,3.721522948501379,710503.8,246746883.0
2022-08-11,601933.SH,601933.SH,3.710799246832903,3.7429738067765417,3.710799246832903,3.7429738067765417,474643.41,164985203.0
2022-08-12,601933.SH,601933.SH,3.721525329961449,3.742975043678806,3.71080047310277,3.732250186820127,338428.57,117570050.0
2022-08-15,601933.SH,601933.SH,3.7215241649622146,3.7322490184635466,3.6786247509568866,3.7000744579595506,395822.79,136374727.0
2022-08-16,601933.SH,601933.SH,3.6893479421059254,3.7000727907748385,3.6678982447681006,3.6893479421059254,308612.69,105985384.0
2022-08-17,601933.SH,601933.SH,3.6893481972769644,3.73224759491972,3.6786233478662758,3.7215227455090316,357053.82,123561609.0
2022-08-18,601933.SH,601933.SH,3.7107987315703834,3.7215235833957316,3.657174472443644,3.667899324268992,377829.49,129502563.0
2022-08-19,601933.SH,601933.SH,3.67862417609434,3.700073879745036,3.667899324268992,3.667899324268992,315587.49,108454597.0
2022-08-22,601933.SH,601933.SH,3.6893491995173178,3.7000740518414963,3.657174642544783,3.6893491995173173,267648.74,91881485.0
2022-08-23,601933.SH,601933.SH,3.678624432494573,3.700074137640314,3.6678995799217025,3.700074137640314,287034.1,98674152.0
2022-08-24,601933.SH,601933.SH,3.689350427786248,3.7000752836809756,3.6357261483126107,3.635726148312611,389478.75,132999396.00000001
2022-08-25,601933.SH,601933.SH,3.646449526491042,3.6786240811365514,3.5821004172000235,3.6786240811365514,451388.22,152970344.0
2022-08-26,601933.SH,601933.SH,3.678624433004942,3.7107989907280166,3.657174727856225,3.700074138153658,380850.61,130911789.0
2022-08-29,601933.SH,601933.SH,3.66789995470605,3.689349662043512,3.6464502473685876,3.678624808374781,352943.35,120671781.0
2022-08-30,601933.SH,601933.SH,3.657174165725296,3.7429729731323413,3.657174165725296,3.7322481222064603,556516.08,192630851.0
2022-08-31,601933.SH,601933.SH,3.7215230530094203,3.732247903306277,3.6571739512282773,3.6571739512282773,460839.2,158726779.0
2022-09-01,601933.SH,601933.SH,3.6679001627000427,3.8287729768535534,3.635725599869341,3.785873559745951,1141662.29,398594733.0
2022-09-02,601933.SH,601933.SH,3.7536991054036593,3.785873669164262,3.6893499778824537,3.710799687056189,686539.26,238336846.0
2022-09-05,601933.SH,601933.SH,3.700073685662502,3.700073685662502,3.6464494293485523,3.6678991318741323,518154.62,176907133.0
2022-09-06,601933.SH,601933.SH,3.6571743659098677,3.678624068935732,3.6464495143969353,3.678624068935732,353339.43,120609481.0
2022-09-07,601933.SH,601933.SH,3.6571736538936195,3.667898503318527,3.6249991056188953,3.6357239550438036,447959.0,151979958.0
2022-09-08,601933.SH,601933.SH,3.6357244897090917,3.68934874471955,3.6142747877049084,3.646449340711183,448526.8,152577068.0
2022-09-09,601933.SH,601933.SH,3.6464493407111833,3.657174191713275,3.6249996387069996,3.646449340711183,273258.0,92938407.0
2022-09-13,601933.SH,601933.SH,3.65717290849426,3.7000722974502045,3.635723214016288,3.667897755733246,590773.45,201600186.0
2022-09-14,601933.SH,601933.SH,3.6357235502681453,3.7322471843460607,3.6142738538063863,3.7107974878843017,924293.75,317418541.0
2022-09-15,601933.SH,601933.SH,3.700070848947713,3.742970221109426,3.6571714767860004,3.678621162866857,732100.43,252574360.0
2022-09-16,601933.SH,601933.SH,3.678621775970385,3.6893466207982866,3.6035478621750703,3.6035478621750703,597819.77,202179514.0
2022-09-19,601933.SH,601933.SH,3.6035492431754492,3.614274092113472,3.5499249984853387,3.5820995452994047,356445.46,118610723.0
2022-09-20,601933.SH,601933.SH,3.5820994177468983,3.657173357639798,3.5820994177468983,3.614273963415284,330556.61,111490732.0
2022-09-21,601933.SH,601933.SH,3.6035478248312174,3.6357223589814964,3.560648445964179,3.6249975142647366,307633.34,103288305.0
2022-09-22,601933.SH,601933.SH,3.592822613279678,3.614272300523139,3.5713729260362173,3.5713729260362177,282471.06,94662776.0
2022-09-23,601933.SH,601933.SH,3.5713729367933658,3.6142723114095023,3.5499232494852975,3.5606480931393314,307502.49,102597423.0
2022-09-26,601933.SH,601933.SH,3.5391973786821986,3.54992221922366,3.399774451643203,3.399774451643203,611426.18,197107351.0
2022-09-27,601933.SH,601933.SH,3.389050042626693,3.453399094068972,3.3676003588126,3.453399094068972,375484.07,119550629.0
2022-09-28,601933.SH,601933.SH,3.4319479989859625,3.485572186470118,3.4212231614891313,3.442672836482793,378189.39,121905845.0
2022-09-29,601933.SH,601933.SH,3.4641219929613025,3.507021336527387,3.3675984699376134,3.367598469937613,367638.07,117114461.0
2022-09-30,601933.SH,601933.SH,3.3783223344262665,3.389047167233969,3.3246981703877543,3.3568726688108614,280280.0,87730855.0
2022-10-10,601933.SH,601933.SH,3.3461481980453844,3.367597865981573,3.2496246923325365,3.2710743602687247,405123.56,125129950.0
2022-10-11,601933.SH,601933.SH,3.2710731349477102,3.3032476247996554,3.217448985194469,3.2925227948490066,355139.75,108195847.0
2022-10-12,601933.SH,601933.SH,3.292523945121393,3.356872947306176,3.281799111423929,3.346148113608712,268415.36,82864420.0
2022-10-13,601933.SH,601933.SH,3.335424140665643,3.3568738135959686,3.313974467735317,3.32469930420048,219660.0,68271834.0
2022-10-14,601933.SH,601933.SH,3.346150138255057,3.4104991793753467,3.335425298068342,3.3997743391886313,284716.48,89889975.0
2022-10-17,601933.SH,601933.SH,3.3890509377493454,3.4212254719684845,3.367601248269919,3.4105006272287715,225472.51,71480770.0
2022-10-18,601933.SH,601933.SH,3.4319501859672332,3.4426750302983806,3.378325964311495,3.378325964311495,233389.23,73904014.0
2022-10-19,601933.SH,601933.SH,3.378327376473474,3.378327376473474,3.3247031324024663,3.3354279812166676,207309.62,64654691.0
2022-10-20,601933.SH,601933.SH,3.324702691260627,3.3461523860429536,3.3032529964783004,3.313977843869463,220727.04,68412396.0
2022-10-21,601933.SH,601933.SH,3.3139786616042555,3.3461532117169184,3.3032538115667016,3.3032538115667016,176489.97,54643880.0
2022-10-24,601933.SH,601933.SH,3.3139778741241783,3.3354275691023285,3.2174542467225034,3.249628789189728,392421.73,119290709.0
2022-10-25,601933.SH,601933.SH,3.238903909311613,3.24962875669344,3.174554825020654,3.2174542145479603,285362.2,85462427.0
2022-10-26,601933.SH,601933.SH,3.2067283018075403,3.2496276770825574,3.1960034579887857,3.2281779894450486,231141.78,69616082.0
2022-10-27,601933.SH,601933.SH,3.2281795342827,3.2710789300871213,3.217454685331595,3.249629232184911,258079.4,77920632.0
2022-10-28,601933.SH,601933.SH,3.238903186486084,3.2496280314744483,3.1638292715675327,3.1638292715675327,348885.0,104067222.0
2022-10-31,601933.SH,601933.SH,3.099478693501007,3.2389016105097026,3.056579334421408,3.196002251430104,510457.07,150870312.0
2022-11-01,601933.SH,601933.SH,3.1960037492265383,3.2603528180029118,3.174554059634414,3.2496279732068496,463513.48,138730365.0
2022-11-02,601933.SH,601933.SH,3.249629112143985,3.367602446248222,3.2281794150341234,3.3354279005834298,544701.82,167720888.0
2022-11-03,601933.SH,601933.SH,3.3247026108866704,3.3354274580185628,3.292528069490993,3.313977763754778,220390.7,68089564.0
2022-11-04,601933.SH,601933.SH,3.3032529693905044,3.3997765951194476,3.292528122087288,3.356877205906584,389154.97,121572381.0
2022-11-07,601933.SH,601933.SH,3.346152731582134,3.378327277078116,3.3247030345848128,3.3676024285794557,337285.63,105686386.0
2022-11-08,601933.SH,601933.SH,3.367603874921524,3.3783287280263696,3.3247044625021416,3.346154168711833,190505.62,59439381.0
2022-11-09,601933.SH,601933.SH,3.3568785928225537,3.378328296291069,3.335428889354039,3.3568785928225537,186314.52,58415215.0
2022-11-10,601933.SH,601933.SH,3.3354299976452833,3.431953695326337,3.324705142347389,3.389054274134758,377248.62,119194770.0
2022-11-11,601933.SH,601933.SH,3.464129791118938,3.464129791118938,3.3890557708779707,3.399780630912394,457574.45,145912808.0
2022-11-14,601933.SH,601933.SH,3.421231803390353,3.4319566679777838,3.3890572096280613,3.4105069388029228,363729.11,115767758.0
2022-11-15,601933.SH,601933.SH,3.421231803390353,3.4319566679777838,3.3676074804532004,3.4105069388029228,518260.11,164519730.0
2022-11-16,601933.SH,601933.SH,3.4105060307422517,3.539204371524978,3.3997811690103577,3.4641303394017213,838990.13,271466570.0
2022-11-17,601933.SH,601933.SH,3.464130339401721,3.5070297863292965,3.4426806159379333,3.4641303394017213,329375.58,106460343.0
2022-11-18,601933.SH,601933.SH,3.4641302533363714,3.4963048377326844,3.453405391870934,3.453405391870934,300251.87,97198310.0
2022-11-21,601933.SH,601933.SH,3.4426789180108166,3.4426789180108166,3.367604922914008,3.3890546357988107,360697.95,113944644.0
2022-11-22,601933.SH,601933.SH,3.3997779812281044,3.4105028329039033,3.3676034262007093,3.3783282778765074,225628.09,71283663.0
2022-11-23,601933.SH,601933.SH,3.367604125543273,3.378328979446277,3.335429563834261,3.356879271640269,265601.64,83039072.0
2022-11-24,601933.SH,601933.SH,3.3461532843623822,3.367602984903167,3.313978733551205,3.3247035838215973,240937.94,74992587.0
2022-11-25,601933.SH,601933.SH,3.3247027500401347,3.431951225847881,3.3247027500401347,3.421226378267106,407958.05,128636505.0
2022-11-28,601933.SH,601933.SH,3.3783283136166236,3.3997780171951417,3.335428906459587,3.3890531654058824,377489.02,118631523.0
2022-11-29,601933.SH,601933.SH,3.3997779753517197,3.496301640267068,3.3890531236944588,3.4855767886098072,644230.92,208175120.0
2022-11-30,601933.SH,601933.SH,3.49630190838836,3.5177516133477975,3.4748522034289224,3.4963019083883595,404616.67,131947136.99999999
2022-12-01,601933.SH,601933.SH,3.560651239063705,3.592825798452835,3.5284766796745752,3.5392015328042845,633079.12,210176388.0
2022-12-02,601933.SH,601933.SH,3.539200463559109,3.6249992626756935,3.5284756136695363,3.549925313448682,521820.68,173551600.0
2022-12-05,601933.SH,601933.SH,3.592825632599014,3.614275337868262,3.5713759273297665,3.603550485233638,506266.43,169986919.0
2022-12-06,601933.SH,601933.SH,3.6142737749383858,3.9681937588344294,3.6035489269415355,3.9681937588344294,1954858.75,705213500.0
2022-12-07,601933.SH,601933.SH,4.193417418406318,4.3435653566612755,4.086168891081348,4.129068302011336,4859232.96,1891504527.0
2022-12-08,601933.SH,601933.SH,4.011095699297846,4.3435661984375065,3.968196280054019,4.150518811840285,3194991.18,1244458948.0
2022-12-09,601933.SH,601933.SH,4.0539938108013125,4.075443513503965,3.925295594585398,3.9896447026933557,2110937.98,785044467.0
2022-12-12,601933.SH,601933.SH,4.000368404767241,4.032542949577701,3.8609453772552462,3.882395073795553,1423800.02,521226072.0
2022-12-13,601933.SH,601933.SH,3.8502210578615386,3.989644104525049,3.8502210578615386,3.9038453065782734,1223258.77,448265726.0
2022-12-14,601933.SH,601933.SH,3.860944903131154,3.989643066568859,3.8287703622717273,3.9574685257094324,1191822.18,437473843.0
2022-12-15,601933.SH,601933.SH,4.000368463023087,4.053992705154764,3.8716702819070634,3.9038448271860697,1061340.67,390683744.0
2022-12-16,601933.SH,601933.SH,3.8609463592660096,3.9360203162517373,3.8287718062721257,3.9360203162517373,787566.2,284757033.0
2022-12-19,601933.SH,601933.SH,3.914568783780542,3.9252936297635026,3.775145786002057,3.8073203239509383,827364.67,294706482.0
2022-12-20,601933.SH,601933.SH,3.775147354472369,3.7965970553500528,3.7322479527170014,3.742972803155843,577597.98,202343188.0
2022-12-21,601933.SH,601933.SH,3.7322480368239974,3.8394965436292847,3.7322480368239974,3.8073219915876986,698816.85,247662824.0
2022-12-22,601933.SH,601933.SH,3.8073231082603494,3.9574710618255464,3.775148546782093,3.8394976697386065,979792.18,352628939.0
2022-12-23,601933.SH,601933.SH,3.7965989622746172,3.8502232414027895,3.742974683146445,3.796598962274617,613743.91,217703912.0
2022-12-26,601933.SH,601933.SH,3.8073238181002513,3.8394983855771554,3.742974683146445,3.796598962274617,543666.26,192104274.0
2022-12-27,601933.SH,601933.SH,3.8073242514541823,4.043271106473878,3.7965993944078327,3.9574722501030792,1432874.26,525121654.0
2022-12-28,601933.SH,601933.SH,3.8823993322266115,3.936023632395487,3.8180501720239604,3.8502247521252855,837598.36,302737293.0
2022-12-29,601933.SH,601933.SH,3.8502229892414803,3.8823975546111864,3.7644241482555976,3.8180484238717747,593911.05,211740031.0
2022-12-30,601933.SH,601933.SH,3.8180488004464146,3.9252973622567073,3.8073239442653852,3.9145725060756775,866314.94,314087090.0
2023-01-03,601933.SH,601933.SH,3.9145739236088968,3.9360236437382605,3.7966004628973957,3.8502247632208055,749232.97,268588874.0
2023-01-04,601933.SH,601933.SH,3.8287751610649026,3.8931243234357416,3.7966005798794833,3.8287751610649026,510951.44,182434055.0
2023-01-05,601933.SH,601933.SH,3.850226757885437,3.8609516235062875,3.775152698539481,3.785877564160332,564935.14,199981492.0
2023-01-06,601933.SH,601933.SH,3.7644284729798456,3.796603075313007,3.7108041357579107,3.7215290032022983,636579.47,221747072.0
2023-01-09,601933.SH,601933.SH,3.7215284223856337,3.742978153926761,3.700078690844506,3.7108035566150694,489239.74,169629891.0
2023-01-10,601933.SH,601933.SH,3.721527642235199,3.785876823368948,3.7000779151906156,3.7858768233689486,599485.37,209355439.0
2023-01-11,601933.SH,601933.SH,3.7751531314455415,3.7751531314455415,3.721528797192054,3.732253664042751,352985.46,122997670.0
2023-01-12,601933.SH,601933.SH,3.7108041930531384,3.732253928273099,3.6250052521732967,3.6357301197832776,606017.0,206831461.0
2023-01-13,601933.SH,601933.SH,3.6357297087876983,3.7000789071733213,3.6250048423900942,3.7000789071733213,376526.32,129047383.0
2023-01-16,601933.SH,601933.SH,3.721527164008162,3.818050923305204,3.721527164008162,3.7858763368728563,634935.21,223627411.0
2023-01-17,601933.SH,601933.SH,3.785876446291247,3.8180510336534956,3.7000775466585845,3.710802409112667,370576.0,129172924.0
2023-01-18,601933.SH,601933.SH,3.7215285697739384,3.742978302164566,3.6786291049926825,3.689353971187996,267294.0,92454612.0
2023-01-19,601933.SH,601933.SH,3.6786290191937523,3.700078751084095,3.6571792873034097,3.6786290191937523,291055.4,99764746.0
2023-01-20,601933.SH,601933.SH,3.6786280783949517,3.7429772576088576,3.667903215192634,3.7322523944065398,355305.1,122805076.0
2023-01-30,601933.SH,601933.SH,3.775152327292924,3.7966020564252703,3.700078275329713,3.7108031398958854,462308.99,160952854.0
2023-01-31,601933.SH,601933.SH,3.657179296353412,3.8716766157876297,3.6357295644099907,3.764427956070521,849521.72,298260830.0
2023-02-01,601933.SH,601933.SH,3.7537030478035636,3.8073273770579,3.7322533161018288,3.8073273770579004,626106.2,220140779.0
2023-02-02,601933.SH,601933.SH,3.807327751373794,3.8180526182790726,3.764428283752681,3.8180526182790726,430601.56,152176893.0
2023-02-03,601933.SH,601933.SH,3.8180524447312267,3.8180524447312267,3.7429783798067366,3.7751529790600893,426156.47,149647872.0
2023-02-06,601933.SH,601933.SH,3.7751529790600893,3.807327578313442,3.732253513388952,3.7751529790600893,327055.47,114763933.0
2023-02-07,601933.SH,601933.SH,3.7751526348865982,3.7858775003266167,3.7429780385665423,3.7644277694465793,283099.93,99263024.0
2023-02-08,601933.SH,601933.SH,3.753702840919117,3.8395017629972683,3.742977975659348,3.828776897737499,704288.2,249911053.0
2023-02-09,601933.SH,601933.SH,3.818052493646936,3.828777360202124,3.7966027605365595,3.818052493646936,344266.0,122308636.0
2023-02-10,601933.SH,601933.SH,3.818052493646936,3.828777360202124,3.7858778939813713,3.818052493646936,333003.0,118112093.0
2023-02-13,601933.SH,601933.SH,3.796602674737628,3.8180524073632642,3.7751529421119914,3.7966026747376276,363241.23,128327138.0
2023-02-14,601933.SH,601933.SH,3.753704861115768,3.775154603179287,3.742979990084009,3.753704861115768,522633.94,183103913.0
2023-02-15,601933.SH,601933.SH,3.753704861115768,3.7644297321475273,3.7322551190522493,3.753704861115768,345659.41,120961293.0
2023-02-16,601933.SH,601933.SH,3.7537032337870713,3.796602699316066,3.7000789018758273,3.7108037682580757,497125.0,174180365.0
2023-02-17,601933.SH,601933.SH,3.6893540354935785,3.7644281001693196,3.6893540354935785,3.7108037682580757,320096.14,111384870.0
2023-02-20,601933.SH,601933.SH,3.710805533282218,3.742980147732642,3.6893557903152687,3.742980147732642,276891.17,95874316.0
2023-02-21,601933.SH,601933.SH,3.753706259664614,3.753706259664614,3.710806759554161,3.732256509609388,216806.0,75350870.0
2023-02-22,601933.SH,601933.SH,3.7215300044007695,3.7322548747304545,3.700080263741399,3.72153000440077,170600.83,59093076.0
2023-02-23,601933.SH,601933.SH,3.710805134071084,3.74297974506014,3.700080263741399,3.72153000440077,217110.68,75279954.0
2023-02-24,601933.SH,601933.SH,3.721528839400073,3.721528839400073,3.689354238483069,3.700079105455404,190395.81,65772765.0
2023-02-27,601933.SH,601933.SH,3.7000781804356278,3.7108030447267453,3.646453858980039,3.646453858980039,244309.0,83609246.0
2023-02-28,601933.SH,601933.SH,3.6571804292437387,3.6893550371256483,3.6464555599497683,3.6786301678316784,170859.0,58435102.0
2023-03-01,601933.SH,601933.SH,3.6786285103093648,3.7000782392324516,3.6571787813862784,3.6893533747709077,190712.85,65509447.0
2023-03-02,601933.SH,601933.SH,3.7000782392324516,3.7108031036939946,3.689353374770908,3.6893533747709077,160704.47,55439180.0
2023-03-03,601933.SH,601933.SH,3.689353629942322,3.7215282255522846,3.6571790343323602,3.7215282255522846,279463.18,96232663.0
2023-03-06,601933.SH,601933.SH,3.7215299480882065,3.7537045585904094,3.700080207753404,3.75370455859041,317584.03,110651076.0
2023-03-07,601933.SH,601933.SH,3.753705107377626,3.76442997911299,3.6679061334947085,3.6679061334947085,290233.0,100485138.0
2023-03-08,601933.SH,601933.SH,3.6679061334947085,3.6786310052300735,3.646456390023979,3.6679061334947085,175849.81,60001012.0
2023-03-09,601933.SH,601933.SH,3.6679060474441245,3.678630918927879,3.6464563044766147,3.65718117596037,162089.05,55254087.0
2023-03-10,601933.SH,601933.SH,3.6464554037150876,3.6464554037150876,3.603555928377263,3.603555928377263,231548.0,78159553.0
2023-03-13,601933.SH,601933.SH,3.8073266907518435,3.8716758742575084,3.721527779410957,3.742977507246179,1146333.96,406072670.0
2023-03-14,601933.SH,601933.SH,3.721527736387514,3.796601782942882,3.7000780088002663,3.71080287259389,504827.24,175799144.0
2023-03-15,601933.SH,601933.SH,3.7000762180919593,3.7215259352982897,3.6786265008856294,3.678626500885629,288980.58,99563755.0
2023-03-16,601933.SH,601933.SH,3.6679033046355465,3.700077895027087,3.6571784411717,3.667903304635547,244431.55,83831933.0
2023-03-17,601933.SH,601933.SH,3.68935303156324,3.68935303156324,3.6571784411717,3.667903304635547,203023.0,69427683.0
2023-03-20,601933.SH,601933.SH,3.657177377265245,3.6679022376091313,3.528479053138609,3.539203913482495,950854.16,316552601.0
2023-03-21,601933.SH,601933.SH,3.539203913482495,3.5606536341702677,3.517754192794722,3.539203913482495,450616.09,148648193.0
2023-03-22,601933.SH,601933.SH,3.5499273668424167,3.5499273668424167,3.48557823028334,3.517752798562878,622170.0,203896871.0
2023-03-23,601933.SH,601933.SH,3.507027519936211,3.6035512131454643,3.4963026651351825,3.560651793941352,368064.46,122123552.0
2023-03-24,601933.SH,601933.SH,3.549927110738001,3.571376821376901,3.5392022554185503,3.5499271107380004,174707.64,57798205.0
2023-03-27,601933.SH,601933.SH,3.5606519660574505,3.5606519660574505,3.51775254477965,3.5499271107380004,222259.0,73284927.0
2023-03-28,601933.SH,601933.SH,3.549926586802975,3.5821011480126694,3.5284768793298453,3.56065144053954,249197.72,82681801.0
2023-03-29,601933.SH,601933.SH,3.58210167062925,3.5928265259305356,3.5284773941228247,3.5284773941228242,201073.09,66476587.0
2023-03-30,601933.SH,601933.SH,3.5392020581158783,3.5821014770021313,3.5177523486727518,3.5713766222805687,290754.61,96179240.0
2023-03-31,601933.SH,601933.SH,3.5928262168368073,3.74297417813745,3.5713765080795725,3.689349906244363,924908.44,315725392.0
2023-04-03,601933.SH,601933.SH,3.66790045117475,3.753699292137902,3.646450740933962,3.72152472677672,826464.78,286643019.0
2023-04-04,601933.SH,601933.SH,3.710798710014627,3.7536981170668193,3.657174451199387,3.7000738582515793,509228.57,175800337.0
2023-04-06,601933.SH,601933.SH,3.6893480841512796,3.6893480841512796,3.6249989896602686,3.646448687823939,315548.9,107261957.0
2023-04-07,601933.SH,601933.SH,3.635724482233049,3.657174184193126,3.62499963125301,3.635724482233049,260086.59,88222050.0
2023-04-10,601933.SH,601933.SH,3.6250000558025164,3.635724908038619,3.560650942385904,3.571375794622006,368276.0,123050668.0
2023-04-11,601933.SH,601933.SH,3.5713758162013165,3.5713758162013165,3.539201259298602,3.5499261115995067,250507.9,82882276.0
2023-04-12,601933.SH,601933.SH,3.549925066876507,3.5820996143104327,3.5392002177318647,3.5713747651657908,266916.43,88719652.0
2023-04-13,601933.SH,601933.SH,3.571374722775586,3.6142741188449627,3.5499250247408978,3.6142741188449623,391950.4,130988506.0
2023-04-14,601933.SH,601933.SH,3.6035485208971973,3.6035485208971973,3.549924286955275,3.5606491337436594,363912.0,120965428.0
2023-04-17,601933.SH,601933.SH,3.549924286955275,3.5820988273204284,3.5391994401668905,3.5606491337436594,231297.17,76758850.0
2023-04-18,601933.SH,601933.SH,3.5606489626614186,3.5820986552075715,3.5391992701152653,3.5713738089344953,190916.19,63361955.0
2023-04-19,601933.SH,601933.SH,3.5713738414015292,3.5713738414015292,3.5391993022898034,3.539199302289804,184532.0,61001891.0
2023-04-20,601933.SH,601933.SH,3.5391978995583733,3.5499227416782473,3.5070233731987517,3.5177482153186257,230733.76,75721094.0
2023-04-21,601933.SH,601933.SH,3.5070238061645997,3.549923179940314,3.4748492758328147,3.474849275832815,296817.0,97033336.0
2023-04-24,601933.SH,601933.SH,3.4748475711897746,3.485572409372459,3.4104985420936673,3.4104985420936673,313744.39,100199934.0
2023-04-25,601933.SH,601933.SH,3.4212232499440325,3.431948087718152,3.335424547751079,3.3783238988475555,314647.91,98989763.0
2023-04-26,601933.SH,601933.SH,3.3676003199889735,3.4533990542562085,3.3461506364221645,3.4426742124728036,272574.37,87218785.0
2023-04-27,601933.SH,601933.SH,3.4534006686935377,3.485575209085092,3.431950975099168,3.4641255154907222,204751.77,66120138.00000001
2023-04-28,601933.SH,601933.SH,3.474851906665846,3.700073789505299,3.4641270551020624,3.6678992348139485,824731.96,277286258.0
2023-05-04,601933.SH,601933.SH,3.614274284439347,3.6357239834567916,3.5606500368957366,3.582099735913181,492942.53,165132799.0
2023-05-05,601933.SH,601933.SH,3.592824331810756,3.667898273072473,3.5713746343074084,3.6464485755691256,481407.79,162296864.0
2023-05-08,601933.SH,601933.SH,3.6464485755691256,3.667898273072473,3.592824331810756,3.6464485755691256,447682.47,151439945.0
2023-05-09,601933.SH,601933.SH,3.6250001650476276,3.6893492804035026,3.6142753124883154,3.6250001650476276,412919.43,140589507.0
2023-05-10,601933.SH,601933.SH,3.6249997949274904,3.6249997949274904,3.571375537606078,3.571375537606078,285803.55,95586024.0
2023-05-11,601933.SH,601933.SH,3.603549976769126,3.7322481902251665,3.5606505722837793,3.6893487857398197,647850.95,220397531.0
2023-05-12,601933.SH,601933.SH,3.6678988253458913,3.700073376445417,3.6249994238798573,3.6571739749793832,344638.58,117485341.0
2023-05-15,601933.SH,601933.SH,3.646447483710769,3.657172329251095,3.6035481015494657,3.646447483710769,349152.88,118174503.0
2023-05-16,601933.SH,601933.SH,3.6464470483140543,3.6464470483140543,3.571373138495824,3.5928228270153184,317687.0,106718518.0
2023-05-17,601933.SH,601933.SH,3.582098250876677,3.6142727860641926,3.560648560751667,3.5820982508766774,222361.0,74342085.0
2023-05-18,601933.SH,601933.SH,3.582098337192298,3.603548027834168,3.5499238012294927,3.560648646550428,242193.92,80646343.0
2023-05-19,601933.SH,601933.SH,3.549924846605827,3.5606496950849986,3.485575755730797,3.4963006042099685,300610.14,98428654.0
2023-05-22,601933.SH,601933.SH,3.5070237581630805,3.52847344475735,3.464124384974541,3.5070237581630805,273291.56,89126702.0
2023-05-23,601933.SH,601933.SH,3.517749337481461,3.528474183022563,3.4855748008581546,3.4855748008581546,308802.69,100895074.0
2023-05-24,601933.SH,601933.SH,3.4855764449972115,3.4855764449972115,3.39977764019728,3.410502490797272,403671.81,129005849.0
2023-05-25,601933.SH,601933.SH,3.410502490797272,3.410502490797272,3.3783279389972973,3.410502490797272,243669.85,77100057.0
2023-05-26,601933.SH,601933.SH,3.3997765990153774,3.442675988277401,3.389051751699872,3.4319511409618957,180142.0,57447018.0
2023-05-29,601933.SH,601933.SH,3.4319511409618957,3.442675988277401,3.3997765990153774,3.399776599015378,220325.4,70118948.0
2023-05-30,601933.SH,601933.SH,3.399777533953942,3.4319520847484593,3.3783278334242643,3.4319520847484593,238284.68,75632991.0
2023-05-31,601933.SH,601933.SH,3.42122723448362,3.4855763360726537,3.399777533953942,3.442676935013298,613402.86,196975396.0
2023-06-01,601933.SH,601933.SH,3.4426778494743586,3.4534027025879865,3.410503290133477,3.431952996360732,213683.2,68388777.0
2023-06-02,601933.SH,601933.SH,3.4319529963607316,3.474852408815241,3.4319529963607316,3.4534027025879865,220549.85,71117007.0
2023-06-05,601933.SH,601933.SH,3.4534020843862683,3.485576637967507,3.442677233192522,3.4748517867737605,162485.3,52553076.0
2023-06-06,601933.SH,601933.SH,3.4641258097387606,3.4855755051551,3.4212264189060826,3.431951266614252,201216.36,64788942.0
2023-06-07,601933.SH,601933.SH,3.4319512666142518,3.5284748959877774,3.4105015711979125,3.4855755051550994,318792.11,103256377.0
2023-06-08,601933.SH,601933.SH,3.4963003528632686,3.507025200571438,3.46412580973876,3.4855755051550994,185049.4,60101563.0
2023-06-09,601933.SH,601933.SH,3.4855746932974503,3.5070243837177424,3.4426753124568665,3.4534001576670126,173645.2,56212455.0
2023-06-12,601933.SH,601933.SH,3.442673896777299,3.4641235783771576,3.4212242151774404,3.442673896777299,150571.42,48257503.0
2023-06-13,601933.SH,601933.SH,3.4319481500280853,3.4641226639345986,3.4319481500280853,3.4533978259657605,123537.38,39705333.0
2023-06-14,601933.SH,601933.SH,3.4533965971493563,3.5177456020651827,3.4319469288440807,3.4962959337599067,326501.06,106303035.0
2023-06-15,601933.SH,601933.SH,3.474846265454632,3.5177456020651827,3.464121431301994,3.4962959337599067,228933.83,74373250.0
2023-06-16,601933.SH,601933.SH,3.4855727941310652,3.5070224728641795,3.4748479547645084,3.4855727941310652,171851.0,55863006.0
2023-06-19,601933.SH,601933.SH,3.485571155146993,3.485571155146993,3.4104973148822886,3.4212221492058172,256928.2,82458015.0
2023-06-20,601933.SH,601933.SH,3.410495916255629,3.421220746180961,3.389046256404965,3.3997710863302966,252489.0,80214883.0
2023-06-21,601933.SH,601933.SH,3.389047274201604,3.410496940494019,3.3568727747629805,3.3568727747629805,275348.0,86728673.0
2023-06-26,601933.SH,601933.SH,3.3461494408648766,3.3461494408648766,3.303250089058917,3.303250089058917,272970.52,84528343.0
2023-06-27,601933.SH,601933.SH,3.303250046709557,3.356874235779517,3.303250046709557,3.346149397965525,128456.17,40012460.0
2023-06-28,601933.SH,601933.SH,3.346149397965525,3.356874235779517,3.3139748845235486,3.346149397965525,154435.17,48078559.0
2023-06-29,601933.SH,601933.SH,3.346148970342599,3.3675986432294103,3.335424133899193,3.3568738067860044,137312.99,42955695.0
2023-06-30,601933.SH,601933.SH,3.3568738067860044,3.3675986432294103,3.346148970342599,3.3568738067860044,189213.73,59155825.0
2023-07-03,601933.SH,601933.SH,3.346150082195895,3.399774282231086,3.346150082195895,3.389049442224048,233408.58,73503713.0
2023-07-04,601933.SH,601933.SH,3.3783246022170093,3.399774282231086,3.3675997622099714,3.389049442224048,165055.05,52067504.0
2023-07-05,601933.SH,601933.SH,3.389048316150112,3.389048316150112,3.3461489703760603,3.356873806819573,162722.68,51034958.0
2023-07-06,601933.SH,601933.SH,3.356873430247191,3.3675982654875973,3.335423759766378,3.3461485950067846,147342.46,46025594.0
2023-07-07,601933.SH,601933.SH,3.3354229099768853,3.3783222400087425,3.3354229099768853,3.3675974075007784,150093.24,47018727.0
2023-07-10,601933.SH,601933.SH,3.3675969400740096,3.4104962641513854,3.3568721090546654,3.399771433132041,209494.48,66331909.0
2023-07-11,601933.SH,601933.SH,3.3890461027860814,3.431945420542867,3.3890461027860814,3.421220591103671,188080.02,59801615.0
2023-07-12,601933.SH,601933.SH,3.4212198917975747,3.4426695462916035,3.3997702373035463,3.4104950645505605,221310.3,70638947.0
2023-07-13,601933.SH,601933.SH,3.410494020086447,3.4533933159365913,3.410494020086447,3.431943668011519,194490.22,62299245.0
2023-07-14,601933.SH,601933.SH,3.43194366801152,3.4426684919740556,3.3997691961239114,3.4212188440489832,147520.0,47054731.0
2023-07-17,601933.SH,601933.SH,3.421217526560981,3.4855664455558584,3.421217526560981,3.4533919860584197,275874.04,88852515.0
2023-07-18,601933.SH,601933.SH,3.4533905659719957,3.4641153813942687,3.4104913042829024,3.442665750549722,226047.99,72475209.0
2023-07-19,601933.SH,601933.SH,3.4212159196956184,3.5177392528531746,3.4212159196956184,3.4855648084673225,325516.98,105783627.0
2023-07-20,601933.SH,601933.SH,3.4962906859646194,3.571364412350363,3.4855658679095134,3.528465140129938,599654.32,197140107.0
2023-07-21,601933.SH,601933.SH,3.5391897668774783,3.614263489205183,3.5284649494020925,3.5713642193036375,569815.4,189810346.0
2023-07-24,601933.SH,601933.SH,3.5391897248692907,3.63571308100209,3.5070152728250243,3.6142634463059125,572575.36,192016052.0
2023-07-25,601933.SH,601933.SH,3.6357120499789777,3.6464368642857,3.5713631641386416,3.592812792752087,459128.06,153931998.0
2023-07-26,601933.SH,601933.SH,3.5820866615012545,3.6464355236839117,3.5713618511374787,3.646435523683912,510611.06,172284866.0
2023-07-27,601933.SH,601933.SH,3.6249871899336035,3.6464368182764058,3.6035375615908007,3.624987189933603,340758.83,115082543.0
2023-07-28,601933.SH,601933.SH,3.614262734027277,3.6786116254342907,3.6035379187927745,3.678611625434291,467997.83,159512503.0
2023-07-31,601933.SH,601933.SH,3.678611036856431,3.7751343585232178,3.657161409819367,3.7536847314861537,753421.99,261558722.0
2023-08-01,601933.SH,601933.SH,3.7429604335268394,4.075429698395985,3.7322356185310603,3.8931078434677437,2515254.58,916762411.0
2023-08-02,601933.SH,601933.SH,3.7965860499761352,4.2792029207358135,3.753686772575275,4.2792029207358135,6051305.42,2354340593.0
2023-08-03,601933.SH,601933.SH,4.096881751687502,4.129056215705991,3.9252846102555656,3.989633538292542,4715890.03,1765793606.0
2023-08-04,601933.SH,601933.SH,3.9252841753209835,4.021807556681336,3.8394856141117812,3.8716600745652316,3029579.55,1102496671.0
2023-08-07,601933.SH,601933.SH,3.8609368812126434,3.903836179892784,3.7965879331924324,3.818037582532503,1560980.87,557399253.0
2023-08-08,601933.SH,601933.SH,3.796587584080899,3.8180372314485873,3.7215138182939884,3.7322386419778324,1461615.2,511913682.0
2023-08-09,601933.SH,601933.SH,3.732238641977833,3.7644131130293657,3.7215138182939884,3.7322386419778324,753369.93,262657224.99999997
2023-08-10,601933.SH,601933.SH,3.7322381727821172,3.8287615738023444,3.700063705775375,3.7536878174532786,1188651.61,416758878.0
2023-08-11,601933.SH,601933.SH,3.74296354233451,3.753688366238047,3.657164951106212,3.667889775009749,973904.23,335931550.0
2023-08-14,601933.SH,601933.SH,3.646440296804541,3.700064418816373,3.6249906479998084,3.689339594414006,571584.77,195549651.0
2023-08-15,601933.SH,601933.SH,3.7000645046149683,3.764413452521315,3.6786148553128526,3.700064504614968,772723.49,267838173.0
2023-08-16,601933.SH,601933.SH,3.678615230681715,3.721514533663426,3.6357159277000037,3.678615230681715,604738.68,207464149.0
2023-08-17,601933.SH,601933.SH,3.66788875225311,3.710788035905193,3.6464391104270684,3.6893383940791518,527342.57,180904583.0
2023-08-18,601933.SH,601933.SH,3.689337691348029,3.7000625102182267,3.5928143215162494,3.603539140386447,753660.71,255309801.0
2023-08-21,601933.SH,601933.SH,3.5928127678668127,3.635712024796566,3.571363139401936,3.5713631394019365,399684.2,134306793.0
2023-08-22,601933.SH,601933.SH,3.5928127357881277,3.6035375499248086,3.5284638509680417,3.6035375499248086,668895.23,222431815.0
2023-08-23,601933.SH,601933.SH,3.5928118700501193,3.6142614931548964,3.560637435392954,3.5606374353929535,332075.0,111100000.0
2023-08-24,601933.SH,601933.SH,3.582086886385439,3.5928116974225217,3.5391876422371107,3.571362075348357,330652.78,110047825.0
2023-08-25,601933.SH,601933.SH,3.5713621187691724,3.5928117411041227,3.5070132517643224,3.5284628740992727,462826.54,153214634.0
2023-08-28,601933.SH,601933.SH,3.6893368303799026,3.6893368303799026,3.5391894012365346,3.539189401236534,706053.08,236648560.0
2023-08-29,601933.SH,601933.SH,3.5284659664968503,3.5606404281974293,3.496291504796271,3.5606404281974293,643953.18,212242813.0
2023-08-30,601933.SH,601933.SH,3.549916476111453,3.5606412993021217,3.4962923601581073,3.5070171833487764,543059.0,178199492.0
2023-08-31,601933.SH,601933.SH,3.5177402913671,3.5284651093285855,3.4533913835981904,3.4533913835981904,492585.17,159372849.0
2023-09-01,601933.SH,601933.SH,3.474842587437231,3.5713659926438206,3.464117764636499,3.5177418786401593,636096.03,209179481.0
2023-09-04,601933.SH,601933.SH,3.5070158691750466,3.549915145862203,3.485566230831468,3.5499151458622027,609251.81,200043477.0
2023-09-05,601933.SH,601933.SH,3.5391888655567922,3.5391888655567922,3.4962896065803464,3.5070144213244583,337742.0,110826104.0
2023-09-06,601933.SH,601933.SH,3.496289971224048,3.5070147870866983,3.4748403394987473,3.496289971224048,340537.92,110968521.0
2023-09-07,601933.SH,601933.SH,3.4855649388666667,3.517739384456205,3.453390493277128,3.4533904932771287,331462.67,107777494.0
2023-09-08,601933.SH,601933.SH,3.442665678080615,3.474840123670154,3.431940862884103,3.4533904932771287,284272.45,91443756.0
2023-09-11,601933.SH,601933.SH,3.4533892644633335,3.507013321364938,3.4426644530830126,3.496288509984617,353634.68,115016317.0
2023-09-12,601933.SH,601933.SH,3.507013428286076,3.5606374868225603,3.4855638048714823,3.5177382399933728,383860.4,126179010.0
2023-09-13,601933.SH,601933.SH,3.539187084137244,3.5499118934831144,3.496287846753762,3.507012656099633,366452.74,120429071.0
2023-09-14,601933.SH,601933.SH,3.4962885782847577,3.4962885782847577,3.474838955105097,3.4855637666949275,238485.22,77529893.0
2023-09-15,601933.SH,601933.SH,3.507014979155581,3.5499142449556493,3.4855653462555467,3.5499142449556493,448621.54,147524148.0
2023-09-18,601933.SH,601933.SH,3.528465135979148,3.5606395901066175,3.517740317936658,3.539189954021638,354420.47,116791254.0
2023-09-19,601933.SH,601933.SH,3.5284637375021135,3.539188551293913,3.5070141099185137,3.517738923710313,246820.55,81080676.0
2023-09-20,601933.SH,601933.SH,3.5177393579990683,3.5177393579990683,3.4641152824198143,3.4748400975356657,231044.64,75185542.0
2023-09-21,601933.SH,601933.SH,3.474841006839617,3.485565824761961,3.4426665530725833,3.4426665530725833,212222.0,68452622.0
2023-09-22,601933.SH,601933.SH,3.4426663518090006,3.485565620990421,3.431941534513646,3.485565620990421,174881.26,56575048.0
2023-09-25,601933.SH,601933.SH,3.4748402657940134,3.4962898970643463,3.45339063452368,3.4641154501588463,175250.83,56711688.0
2023-09-26,601933.SH,601933.SH,3.45339046239206,3.474840092593253,3.4426656472914634,3.442665647291463,155445.0,50045270.0
2023-09-27,601933.SH,601933.SH,3.453391379698901,3.453391379698901,3.4319417438001505,3.43194174380015,217984.0,69964829.0
2023-09-28,601933.SH,601933.SH,3.4426665617495256,3.453391379698901,3.4104921079013995,3.4426665617495256,219351.08,70272690.0
2023-10-09,601933.SH,601933.SH,3.4426651191082995,3.4426651191082995,3.3675914249221375,3.3783162383773035,380598.0,120342538.0
2023-10-10,601933.SH,601933.SH,3.378316238377303,3.4104906787428018,3.3675914249221375,3.3783162383773035,220243.42,69522620.0
2023-10-11,601933.SH,601933.SH,3.3783169399445736,3.3997665713093013,3.3568673085798464,3.356867308579846,263721.34,83035867.0
2023-10-12,601933.SH,601933.SH,3.3783180624865943,3.43194215871654,3.3675932432406053,3.3890428817325833,309977.0,98088087.0
2023-10-13,601933.SH,601933.SH,3.378317323818979,3.389042140719992,3.324693239313916,3.3354180562149285,347175.0,108389848.0
2023-10-16,601933.SH,601933.SH,3.335417613651368,3.335417613651368,3.303243167217432,3.3139679826954103,234979.0,72749910.0
2023-10-17,601933.SH,601933.SH,3.324691173243148,3.3568656039519524,3.3139663630068794,3.3354159834794155,189654.0,58925318.0
2023-10-18,601933.SH,601933.SH,3.3246902852148863,3.3354150925865467,3.292515863099903,3.292515863099903,210502.04,64817191.0
2023-10-19,601933.SH,601933.SH,3.2817921063346196,3.3032417279446498,3.249617673919574,3.249617673919574,258886.0,79036104.0
2023-10-20,601933.SH,601933.SH,3.238893956904609,3.2925180290387908,3.238893956904609,3.271068400185118,259466.14,78999320.0
2023-10-23,601933.SH,601933.SH,3.2603440219246473,3.2710688377862414,3.195995126755082,3.2067199426166764,292982.0,88166590.0
2023-10-24,601933.SH,601933.SH,3.2174449920881205,3.2603442586492957,3.195995358807533,3.2496194420090014,243711.45,73485194.0
2023-10-25,601933.SH,601933.SH,3.2710680417596216,3.313967294766305,3.2603432285079506,3.292517668262963,226903.0,69554052.0
2023-10-26,601933.SH,601933.SH,3.2817939701836214,3.313968420871696,3.271069153287596,3.3139684208716957,170059.08,52182753.0
2023-10-27,601933.SH,601933.SH,3.303243656743141,3.367592559147228,3.292518839675793,3.35686774207988,241300.2,75247159.0
2023-10-30,601933.SH,601933.SH,3.33541735720799,3.3568669865147935,3.324692542554588,3.33541735720799,260363.91,81092124.0
2023-10-31,601933.SH,601933.SH,3.3354183751600397,3.3461431930865992,3.292519103453801,3.303243921380361,276803.7,85549080.0
2023-11-01,601933.SH,601933.SH,3.3139695543930827,3.335419195521841,3.3032447338287043,3.313969554393083,232892.0,72020845.0
2023-11-02,601933.SH,601933.SH,3.3139695000657134,3.3246943204542756,3.2710702185114644,3.271070218511465,253394.75,77829375.0
2023-11-03,601933.SH,601933.SH,3.2710712340398005,3.3032457051942905,3.2710712340398005,3.281796057757964,266073.0,81474353.0
2023-11-06,601933.SH,601933.SH,3.281796312654746,3.3246956108593833,3.281796312654746,3.3139707863082233,373874.34,115071756.0
2023-11-07,601933.SH,601933.SH,3.3139699090806616,3.3139699090806616,3.2710706222317207,3.2817954439439565,374044.47,114619445.0
2023-11-08,601933.SH,601933.SH,3.281795357864076,3.2925201792950043,3.249620893571291,3.2710705364331476,361552.33,110271795.0
2023-11-09,601933.SH,601933.SH,3.2603469524271613,3.271071777928566,3.238897301424351,3.2496221269257557,332819.0,100956622.0
2023-11-10,601933.SH,601933.SH,3.249623202959572,3.249623202959572,3.206723886748885,3.2388983739069004,371380.94,111724299.0
2023-11-13,601933.SH,601933.SH,3.2496223664229062,3.2496223664229062,3.217447887547432,3.2496223664229062,330458.09,99615418.0
2023-11-14,601933.SH,601933.SH,3.2388975401310818,3.260347192714731,3.2388975401310818,3.2496223664229062,298151.45,90212158.0
2023-11-15,601933.SH,601933.SH,3.260347192714731,3.2710720190065556,3.2388975401310818,3.2496223664229062,329007.98,99701716.0
2023-11-16,601933.SH,601933.SH,3.2388964318040165,3.249621254425884,3.2174467865602816,3.228171609182149,261771.89,78711161.0
2023-11-17,601933.SH,601933.SH,3.228170775415971,3.2496204151197317,3.2174459555640906,3.2388955952678518,256362.0,77221353.0
2023-11-20,601933.SH,601933.SH,3.23889631738228,3.2817956063542306,3.228171495139292,3.2710707841112425,355305.99,108043893.0
2023-11-21,601933.SH,601933.SH,3.271069558791568,3.3246936499192987,3.2603447405660217,3.2925191952426602,574756.1,176970213.0
2023-11-22,601933.SH,601933.SH,3.2925203140598627,3.3354196015394697,3.281795492189961,3.313969957799666,519482.77,160641221.0
2023-11-23,601933.SH,601933.SH,3.3139715985926097,3.324696425772521,3.2817971170528755,3.292521944232787,268806.2,82498371.0
2023-11-24,601933.SH,601933.SH,3.2925209173047207,3.335420212644196,3.2925209173047207,3.3354202126441956,512071.88,158609223.0
2023-11-27,601933.SH,601933.SH,3.313970125256681,3.324694947668515,3.2603460131975113,3.313970125256681,528633.74,162168626.0
2023-11-28,601933.SH,601933.SH,3.313970125256681,3.3675942373158505,3.281795658021179,3.313970125256681,597977.0,185453983.0
2023-11-29,601933.SH,601933.SH,3.303244362185589,3.3139691815433343,3.2388954460391166,3.238895446039116,514999.89,156918220.0
2023-11-30,601933.SH,601933.SH,3.249620989902364,3.2925202768977746,3.238896168153511,3.271070633400069,369859.91,112618515.0
2023-12-01,601933.SH,601933.SH,3.2710694080804505,3.356867949931741,3.2603445903490393,3.292519043543273,476286.54,146575067.0
2023-12-04,601933.SH,601933.SH,3.2817952764192544,3.2817952764192544,3.249620812924948,3.249620812924948,295429.2,89808415.0
2023-12-05,601933.SH,601933.SH,3.2496207804287396,3.2710704225437808,3.2174463172561776,3.217446317256178,375787.35,113608349.0
2023-12-06,601933.SH,601933.SH,3.206720430842679,3.249619700820507,3.206720430842679,3.228170065831593,356577.25,107289711.0
2023-12-07,601933.SH,601933.SH,3.22817090515581,3.23889572543872,3.195996444307081,3.2174460848729005,406385.35,121590804.0
2023-12-08,601933.SH,601933.SH,3.2174471718479287,3.228171995754088,3.14237340450481,3.1745478762232895,1052509.19,312644301.0
2023-12-11,601933.SH,601933.SH,3.1530970393638262,3.185271498949172,3.099472940054918,3.185271498949172,639291.93,187046008.0
2023-12-12,601933.SH,601933.SH,3.174546668434549,3.2174459477377186,3.163821848608757,3.1959963080861336,395348.99,117803216.0
2023-12-13,601933.SH,601933.SH,3.2067218746825996,3.2174466970059528,3.131648118419127,3.131648118419127,411082.53,121666597.0
2023-12-14,601933.SH,601933.SH,3.206723044702743,3.2496223496485985,3.1530989135204224,3.1745485659933506,691720.0,206669138.0
2023-12-15,601933.SH,601933.SH,3.163824940937425,3.18527460155395,3.1423752803208997,3.163824940937425,390175.7,114957987.0
2023-12-18,601933.SH,601933.SH,3.15310167638093,3.15310167638093,3.120927169479084,3.1316520051130325,280390.56,81979323.0
2023-12-19,601933.SH,601933.SH,3.1209282346419402,3.1423779132305447,3.110203395347638,3.1423779132305447,264282.0,77041853.0
2023-12-20,601933.SH,601933.SH,3.131653073936242,3.1423779132305447,3.0887537167590335,3.1423779132305447,324727.72,94266738.0
2023-12-21,601933.SH,601933.SH,3.12092794407276,3.1316527823685423,3.078028590889629,3.110203105776977,369805.22,106955550.0
2023-12-22,601933.SH,601933.SH,3.0994777275024012,3.1102025639297453,3.067303218220369,3.0780280546477137,332343.41,95571788.0
2023-12-25,601933.SH,601933.SH,3.0673040961410787,3.0780289356380757,3.0351295776500886,3.0351295776500886,298671.0,84924497.0
2023-12-26,601933.SH,601933.SH,3.035128677950964,3.045853514268812,2.9922293326795724,3.00295416899742,252485.9,70868339.0
2023-12-27,601933.SH,601933.SH,3.002952886597063,3.0351273818106033,2.9386038961699836,3.0136777183349097,395115.41,109855192.0
2023-12-28,601933.SH,601933.SH,3.0136764085032515,3.0565757168093475,2.981501927273679,3.0351260626562993,435473.71,122882126.0
2023-12-29,601933.SH,601933.SH,3.0243999271508715,3.045849572024282,3.0136751047141668,3.024399927150872,371421.82,104814335.0
2024-01-02,601933.SH,601933.SH,3.0244002285145655,3.035125052019936,3.0136754050091947,3.0136754050091947,206936.45,58354730.0
2024-01-03,601933.SH,601933.SH,3.0136745547222055,3.0243993752016434,2.9922249137633283,3.0029497342427667,203565.83,57073094.0
2024-01-04,601933.SH,601933.SH,3.0029493021636684,3.0136741210999674,2.960050026418473,2.981499664291071,283597.83,78837160.0
2024-01-05,601933.SH,601933.SH,2.981500398863452,2.992225220442098,2.9386011125488705,2.960050755706161,288795.62,79786335.0
2024-01-08,601933.SH,601933.SH,2.9493257599975715,2.960050580943017,2.9064264762157888,2.9064264762157883,281574.63,76960744.0
2024-01-09,601933.SH,601933.SH,2.895701548810723,2.9493256515664767,2.895701548810723,2.9171511899130245,281824.77,76761443.0
2024-01-10,601933.SH,601933.SH,2.9171515281334535,2.9815004589011025,2.87425224095502,2.960050815311886,393852.61,107615464.0
2024-01-11,601933.SH,601933.SH,2.960050815311886,2.9815004589011025,2.9171515281334535,2.960050815311886,335766.88,92334027.0
2024-01-12,601933.SH,601933.SH,2.9600513750305852,2.992225846498309,2.949326551208011,2.949326551208011,275444.64,76257157.0
2024-01-15,601933.SH,601933.SH,2.938600662674666,2.99222476235851,2.917151022801128,2.9600503025482032,238674.7,66036335.00000001
2024-01-16,601933.SH,601933.SH,2.960051426070946,2.960051426070946,2.906427306033429,2.9386017780559395,265207.0,72489516.0
2024-01-17,601933.SH,601933.SH,2.927877476494881,2.938602302416108,2.874253346888748,2.8849781728099746,279692.0,75581735.0
2024-01-18,601933.SH,601933.SH,2.874253021501576,2.874253021501576,2.777729599137717,2.84207854738029,481619.74,126514283.0
2024-01-19,601933.SH,601933.SH,2.8420785473802894,2.895702670915767,2.8206288979660985,2.84207854738029,294399.39,78371189.0
2024-01-22,601933.SH,601933.SH,2.8420798341481355,2.8420798341481355,2.7026570498314344,2.724106708957081,386225.22,100109407.0
2024-01-23,601933.SH,601933.SH,2.7241066875915383,2.7562811760276587,2.6812073696767107,2.734831517070245,293631.4,74576122.0
2024-01-24,601933.SH,601933.SH,2.7348304168506687,2.7991793678353907,2.7026559413583082,2.7991793678353907,432917.28,111513697.0
2024-01-25,601933.SH,601933.SH,2.7991807202478944,2.8742545326683366,2.7777310595563396,2.8635297023225585,390862.44,103349963.0
2024-01-26,601933.SH,601933.SH,2.863529702322559,2.8849793630141134,2.842080041631004,2.8635297023225585,287593.08,76831886.0
2024-01-29,601933.SH,601933.SH,2.884978162774607,2.884978162774607,2.809904381587164,2.809904381587164,284649.0,75435909.0
2024-01-30,601933.SH,601933.SH,2.788455806442771,2.8420799565666703,2.777730976417991,2.777730976417991,290366.52,76141363.0
2024-01-31,601933.SH,601933.SH,2.734831812594965,2.7455566432325926,2.6275835062186923,2.6275835062186923,585784.4,146106299.0
2024-02-01,601933.SH,601933.SH,2.606132601352599,2.649031903432477,2.5632332992727207,2.58468295031266,384291.28,93403506.0
2024-02-02,601933.SH,601933.SH,2.6061313037844682,2.659755404685383,2.466708641442089,2.5417823827033703,549331.43,131951375.0
2024-02-05,601933.SH,601933.SH,2.5310582809456394,2.5417831041699857,2.3701859325804504,2.455984518375218,766858.81,175782089.0
2024-02-06,601933.SH,601933.SH,2.4452597051315235,2.6490313472258173,2.4130852353271615,2.6275817006895763,729485.71,171905651.0
2024-02-07,601933.SH,601933.SH,2.6383053062777626,2.7991775810507966,2.606130851323156,2.788452762732595,1006887.38,256947091.0
2024-02-08,601933.SH,601933.SH,2.7991777915152762,2.949325259259391,2.788452972390697,2.852801887138175,885197.93,237912840.0
2024-02-19,601933.SH,601933.SH,2.8957017248188897,2.9171513672249554,2.7455542279764287,2.7670038703824944,676452.05,176782866.0
2024-02-20,601933.SH,601933.SH,2.7670036099586013,2.7670036099586013,2.7026546887967733,2.734829149377687,398602.77,101532865.0
2024-02-21,601933.SH,601933.SH,2.724105499697628,2.8206289229152604,2.7026558500937097,2.745555149301546,483228.64,124929393.0
2024-02-22,601933.SH,601933.SH,2.734830324499587,2.777729623707424,2.7133806748956686,2.745555149301546,362208.0,92521679.0
2024-02-23,601933.SH,601933.SH,2.745555149301546,2.767004798905465,2.7026558500937097,2.745555149301546,443560.59,113026089.0
2024-02-26,601933.SH,601933.SH,2.734831000287775,2.8099047924525378,2.7241061728356666,2.777730310096211,521986.69,134677996.0
2024-02-27,601933.SH,601933.SH,2.7777302472042047,2.8420792104599006,2.767005419994922,2.8420792104599,474768.33,124420928.0
2024-02-28,601933.SH,601933.SH,2.8206298293581518,2.8849787988492124,2.7670056881156015,2.7670056881156015,621773.0,164364819.0
2024-02-29,601933.SH,601933.SH,2.767006191207545,2.831355172398418,2.7562813610090657,2.831355172398418,435910.49,113983228.0
2024-03-01,601933.SH,601933.SH,2.82062930472671,2.831354130980424,2.788454825965569,2.799179652219282,312373.0,81783810.0
2024-03-04,601933.SH,601933.SH,2.809904011963758,2.809904011963758,2.756279889598037,2.7777295385443255,275532.26,71390625.0
2024-03-05,601933.SH,601933.SH,2.777729604419335,2.788454429146823,2.7026558313269207,2.713380656054408,538860.37,137323299.0
2024-03-06,601933.SH,601933.SH,2.7133794824096,2.734829122586751,2.6812050221438737,2.702654662321025,348874.98,88034376.0
2024-03-07,601933.SH,601933.SH,2.7133801742673174,2.7455546427368906,2.691930528620935,2.691930528620935,297089.0,75344266.0
2024-03-08,601933.SH,601933.SH,2.6919308745718467,2.7133805229748096,2.6490315777659212,2.670481226168884,341478.0,85043846.0
2024-03-11,601933.SH,601933.SH,2.6704824834771657,2.756281117484464,2.659757654226253,2.756281117484464,456165.11,115984227.0
2024-03-12,601933.SH,601933.SH,2.7562807040422963,2.7884551869688603,2.7348310487579206,2.7884551869688603,353584.01,91171204.0
2024-03-13,601933.SH,601933.SH,2.788454097728553,2.788454097728553,2.734829980464542,2.7455548039173445,308245.81,79250812.0
2024-03-14,601933.SH,601933.SH,2.7562782383788385,2.777727874475172,2.7133789661861716,2.7241037842343383,339028.86,86724962.0
2024-03-15,601933.SH,601933.SH,2.724103679056586,2.7884525848610724,2.702654043788424,2.777727767226991,427203.11,109615137.0
2024-03-18,601933.SH,601933.SH,2.777727777993377,2.7884525956690274,2.7348285072907763,2.7670029603177273,401695.0,103196378.0
2024-03-19,601933.SH,601933.SH,2.7562777953944373,2.7670026117189295,2.7241033464209616,2.7241033464209616,290812.0,74426232.0
2024-03-20,601933.SH,601933.SH,2.713378508815069,2.7348281412958206,2.713378508815069,2.7348281412958206,250495.0,63623070.0
2024-03-21,601933.SH,601933.SH,2.69192837782897,2.7133780063375674,2.606129863794581,2.6061298637945813,1083223.03,266189570.0
2024-03-22,601933.SH,601933.SH,2.59540454150355,2.6061293536585235,2.509606044263763,2.5203308564187363,877106.88,208003206.0
2024-03-25,601933.SH,601933.SH,2.5096059360910883,2.531055559476482,2.4881563127056943,2.4881563127056943,532780.01,124520377.0
2024-03-26,601933.SH,601933.SH,2.4881571744048503,2.520331620625603,2.455982728184098,2.477432358997933,420506.51,97293247.0
2024-03-27,601933.SH,601933.SH,2.4774324026531285,2.4881572182490292,2.4345331402695245,2.4345331402695245,391506.67,89736414.0
2024-03-28,601933.SH,601933.SH,2.4345341714909856,2.466708631907166,2.4238093513522587,2.4559838117684394,342659.45,78360443.0
2024-03-29,601933.SH,601933.SH,2.45598334857851,2.466708166694573,2.4130840761142562,2.4452585304624463,378530.53,85997182.0
2024-04-01,601933.SH,601933.SH,2.44525903205394,2.509607953950096,2.434534211737914,2.509607953950096,433938.52,100842089.0
2024-04-02,601933.SH,601933.SH,2.5096067154422745,2.5096067154422745,2.466707455349244,2.477432270372502,313685.1,72606396.0
2024-04-03,601933.SH,601933.SH,2.4774322811439466,2.4881570962138335,2.4452578359342847,2.4667074660740593,405201.9,93006647.0
2024-04-08,601933.SH,601933.SH,2.455982978468526,2.466707794968388,2.402358895969213,2.4130837124690756,426034.07,96420166.0
2024-04-09,601933.SH,601933.SH,2.413084239343249,2.455983514709351,2.4023594205017234,2.455983514709351,322176.95,73174700.0
2024-04-10,601933.SH,601933.SH,2.4452593153333613,2.4559841368918414,2.402360029099443,2.4130848506579228,335243.99,75734021.0
2024-04-11,601933.SH,601933.SH,2.4130859279279453,2.434535580620638,2.3916362752352525,2.402361101581599,295871.8,66731331.99999999
2024-04-12,601933.SH,601933.SH,2.402362154671397,2.4238118167666767,2.348737999433196,2.348737999433196,545340.99,120714391.0
2024-04-15,601933.SH,601933.SH,2.3380122916306183,2.3701867727081036,2.2736633294756468,2.316562637578961,582033.75,126287677.0
2024-04-16,601933.SH,601933.SH,2.295113949890666,2.3272884445153013,2.230764960641395,2.2414897921829398,587429.41,124329880.0
2024-04-17,601933.SH,601933.SH,2.2414900275905434,2.348738354269517,2.2414900275905434,2.348738354269517,650864.69,140577961.0
2024-04-18,601933.SH,601933.SH,2.338014512833159,2.3809138616924828,2.3165648384034965,2.3272896756183274,395652.91,86401602.0
2024-04-19,601933.SH,601933.SH,2.338014512833159,2.359464187262821,2.3165648384034965,2.3272896756183274,308119.24,67146954.0
2024-04-22,601933.SH,601933.SH,2.327288992377321,2.348738660509831,2.2843896561123014,2.3380138264435764,338645.0,73518680.0
2024-04-23,601933.SH,601933.SH,2.3380134634642604,2.370187960667897,2.3380134634642604,2.3487382958654726,276123.19,60510398.0
2024-04-24,601933.SH,601933.SH,2.3487382958654726,2.3594631282666847,2.316563798661836,2.3487382958654726,268300.12,58519747.0
2024-04-25,601933.SH,601933.SH,2.3487386645015285,2.4130876690084193,2.3272889963325647,2.3916380008394555,468280.4,103728188.0
2024-04-26,601933.SH,601933.SH,2.3916391127413332,2.445263308094278,2.3809142736707445,2.445263308094278,536871.27,120808835.0
2024-04-29,601933.SH,601933.SH,2.455989283820538,2.5954122562644986,2.455989283820538,2.5954122562644986,1092673.3,260472989.0
2024-04-30,601933.SH,601933.SH,2.5954116581448017,2.6168613412699657,2.5525122918944745,2.6061364997073837,724794.37,174831516.0
2024-05-06,601933.SH,601933.SH,2.6275867800112254,2.6704861560114086,2.584687404011042,2.5954122480110877,660264.46,161864002.0
2024-05-07,601933.SH,601933.SH,2.606136894908329,2.606136894908329,2.5310629925858663,2.5525126789637125,471035.0,112146247.0
2024-05-08,601933.SH,601933.SH,2.681209978540471,2.8099080575104134,2.6383106188838235,2.8099080575104134,3022849.9,776270089.0
2024-05-09,601933.SH,601933.SH,2.8206316143131396,2.8528061194193732,2.724108098994439,2.7348329340298503,2834508.8,732149195.0
2024-05-10,601933.SH,601933.SH,2.70265959022216,2.9278812227406736,2.670485071290944,2.745558948797115,2959044.81,768479577.0
2024-05-13,601933.SH,601933.SH,2.6919354480837816,2.73483481777436,2.6275863935479147,2.649036078393204,1793532.85,446867393.0
2024-05-14,601933.SH,601933.SH,2.627587280223159,2.6704866643900678,2.6061375881397044,2.6061375881397044,1058615.59,259013314.0
2024-05-15,601933.SH,601933.SH,2.6061367411449883,2.6275864262572926,2.5525125283642267,2.5739622134765314,754374.0,182182786.0
2024-05-16,601933.SH,601933.SH,2.563238221787557,2.638312144601418,2.5525133756712903,2.5846879140200887,1074270.52,260139087.0
2024-05-17,601933.SH,601933.SH,2.584689158890186,2.6597631178620995,2.5632394563267815,2.627588564016994,888224.72,216195932.0
2024-05-20,601933.SH,601933.SH,2.638313142745657,2.638313142745657,2.5846888918768434,2.595413742050606,782648.9,190050700.0
2024-05-21,601933.SH,601933.SH,2.5846894924684527,2.6061391978001414,2.5739646398026084,2.584689492468453,599418.0,144654494.0
2024-05-22,601933.SH,601933.SH,2.5954155951705937,2.670489599989578,2.5846907373393107,2.6275901686644443,858202.63,210548763.0
2024-05-23,601933.SH,601933.SH,2.6275896189593877,2.6383144745469767,2.552515629846262,2.5632404854338517,781056.16,187497501.0
2024-05-24,601933.SH,601933.SH,2.5525161468114534,2.5739658623308777,2.5417912890517416,2.5417912890517416,449924.8,107168158.0
2024-05-27,601933.SH,601933.SH,2.5525156797553077,2.563240535552599,2.48816654497156,2.520341112363434,616018.05,144245088.0
2024-05-28,601933.SH,601933.SH,2.5310655032710576,2.724112872164613,2.4988909417887983,2.6275891877178355,1509595.92,367844031.0
2024-05-29,601933.SH,601933.SH,2.595414083261805,2.6275886380129845,2.552514676926899,2.5632395285106258,860102.58,206885096.0
2024-05-30,601933.SH,601933.SH,2.552514421675432,2.584688973209156,2.531064720652949,2.573964122697914,483351.16,115589853.0
2024-05-31,601933.SH,601933.SH,2.5954130342409063,2.8313596737173525,2.5954130342409063,2.820634826468423,3740293.23,964932853.0
2024-06-03,601933.SH,601933.SH,2.8206340163899086,3.099479964778265,2.777734639714777,3.099479964778265,4787303.81,1335674788.0
2024-06-04,601933.SH,601933.SH,3.1102032538446434,3.142377770263726,2.874256800104705,2.917156155330148,4495125.39,1246362316.0
2024-06-05,601933.SH,601933.SH,2.9171568652084523,2.992230755121905,2.7991836096301688,2.820633292462584,2632885.02,706355481.0
2024-06-06,601933.SH,601933.SH,2.8313584147674953,2.842083257247675,2.691935462525156,2.7026603050053364,1904047.21,483944882.0
2024-06-07,601933.SH,601933.SH,2.734834789714082,2.8206335282149158,2.7133851050888733,2.745559632026686,1374765.99,353166244.0
2024-06-11,601933.SH,601933.SH,2.7455596320266866,2.938606793653563,2.724109947401478,2.874257739777937,2157920.42,573464106.0
2024-06-12,601933.SH,601933.SH,2.863533884150826,2.906433268183048,2.799184808102493,2.8635338841508258,1191659.19,316142560.0
2024-06-13,601933.SH,601933.SH,2.8528081333339337,2.9278820315795633,2.8206336055143777,2.8742578185469707,1237762.2,332456738.0
2024-06-14,601933.SH,601933.SH,2.8635326486795405,3.0244052693918744,2.842082965917896,3.0029555866302298,1906726.82,525157180.00000006
2024-06-17,601933.SH,601933.SH,2.895708450339878,2.949332680901727,2.842084219778028,2.9171581425646176,1669530.69,450573035.0
2024-06-18,601933.SH,601933.SH,2.917158970127212,3.0780317074504033,2.906434120972332,3.024407461676006,1682235.4,471913455.0
2024-06-19,601933.SH,601933.SH,3.0673077710581182,3.292529670331616,2.9386095429018337,3.0994823280971895,3333290.1,968081892.0
2024-06-20,601933.SH,601933.SH,3.163830444880638,3.196004991777729,2.9493334655666965,2.9600583145323935,2608200.41,740580450.0
2024-06-21,601933.SH,601933.SH,2.9707837252461795,3.0780322351828646,2.874260066303163,2.9493340232588423,2059224.89,569736160.0
2024-06-24,601933.SH,601933.SH,2.8957100456573364,2.9064348976782894,2.7884615254478056,2.799186377468758,1591013.09,420338690.0
2024-06-25,601933.SH,601933.SH,2.799186586363264,2.9064351145764156,2.788461733541949,2.8742605561124703,1530589.08,408940753.0
2024-06-26,601933.SH,601933.SH,2.8420861712110286,2.8635358781635647,2.734837636448348,2.809911610782225,1363304.24,355275975.0
2024-06-27,601933.SH,601933.SH,2.788462241143629,2.799187095917258,2.649039129086448,2.659763983860077,1662799.24,418540156.0
2024-06-28,601933.SH,601933.SH,2.659763983860077,2.734837967275482,2.627589419539189,2.659763983860077,1068526.35,265695293.0
2024-07-01,601933.SH,601933.SH,2.6704897325211836,2.6704897325211836,2.520341715431639,2.5632411488857945,1447399.43,347044234.0
2024-07-02,601933.SH,601933.SH,2.5632416680232426,2.5954162496302287,2.4988925048092696,2.541791946951918,952077.0,226567387.0
2024-07-03,601933.SH,601933.SH,2.5203411986822917,2.659764328822163,2.498891486353081,2.552515767176108,1344417.0,324723188.0
2024-07-04,601933.SH,601933.SH,2.520342360230844,2.5417920824455744,2.466718054694017,2.466718054694017,1170250.3,271100273.0
2024-07-05,601933.SH,601933.SH,2.4559939542925084,2.498893412009408,2.4130944965756087,2.4238193610048335,1079914.0,245670961.0
2024-07-08,601933.SH,601933.SH,2.41309507217613,2.41309507217613,2.3165712692890854,2.338021003263984,1109568.17,243366689.0
2024-07-09,601933.SH,601933.SH,2.338021003263984,2.3487458702514337,2.2629469343518376,2.338021003263984,968028.47,208320437.0
2024-07-10,601933.SH,601933.SH,2.3165703816309358,2.3701946960205404,2.2843957929971723,2.2951206558750936,867380.11,187833909.0
2024-07-11,601933.SH,601933.SH,2.348743854878959,2.3701935704486297,2.316569281524453,2.348743854878959,1134728.16,248051895.0
2024-07-12,601933.SH,601933.SH,2.3594692105333395,2.3916437906769756,2.327294630389703,2.3380194904375817,1027817.42,225631462.0
2024-07-15,601933.SH,601933.SH,2.316568882684249,2.316568882684249,2.273669458930837,2.295119170807543,682939.16,146137556.0
2024-07-16,601933.SH,601933.SH,2.273669458930837,2.3058440267458957,2.2629446029924836,2.295119170807543,441903.0,94256905.0
2024-07-17,601933.SH,601933.SH,2.305843861304172,2.413092412992738,2.305843861304172,2.391642702655025,1300253.0,286580000.0
2024-07-18,601933.SH,601933.SH,2.3809186174851313,2.5739660729568987,2.34874404157317,2.520341779770297,2128683.62,494483692.0
2024-07-19,601933.SH,601933.SH,2.488166873570654,2.488166873570654,2.413092873074988,2.4238177302886545,1209621.01,275003472.0
2024-07-22,601933.SH,601933.SH,2.4130923368321273,2.445266901323222,2.370192917510667,2.413092336832127,798148.22,178836758.0
2024-07-23,601933.SH,601933.SH,2.41309206630608,2.477441188074242,2.3916423590500258,2.391642359050026,857341.0,194060251.0
2024-07-24,601933.SH,601933.SH,2.3701929809873956,2.3916426912225757,2.3058438502818555,2.3165687053994457,867334.73,189379629.0
2024-07-25,601933.SH,601933.SH,2.28439498221963,2.348744136648352,2.2736701231481766,2.3272944185054447,638136.0,138105597.0
2024-07-26,601933.SH,601933.SH,2.3165688793401755,2.3594683030316603,2.305844023417304,2.338018591185918,606446.14,132138272.0
2024-07-29,601933.SH,601933.SH,2.3487438151146747,2.3701935303212016,2.3058443847016212,2.327294099908148,593207.0,129130077.0
2024-07-30,601933.SH,601933.SH,2.3165701837417005,2.359469631588769,2.305845321779933,2.3487447696270016,612201.66,133486062.0
2024-07-31,601933.SH,601933.SH,2.3380188421074894,2.4345425557724774,2.3380188421074894,2.4238176986985898,1060177.81,237583353.0
2024-08-01,601933.SH,601933.SH,2.42381798256913,2.4345428408990823,2.3809185492493232,2.3809185492493232,741322.63,165659104.0
2024-08-02,601933.SH,601933.SH,2.3701948600732097,2.402369450933932,2.3594699964529693,2.3916445873136913,542054.0,120807636.0
2024-08-05,601933.SH,601933.SH,2.3809195180685654,2.434543831538578,2.35946979268056,2.35946979268056,820213.29,183338391.0
2024-08-06,601933.SH,601933.SH,2.380920353478923,2.466719285135821,2.3701954870218107,2.445269552221596,1154275.0,259445949.0
2024-08-07,601933.SH,601933.SH,2.4667188527228787,2.6919410088410545,2.380919936106431,2.6919410088410545,3466605.91,834657414.0
2024-08-08,601933.SH,601933.SH,2.788465820554155,2.960063717203641,2.7777409520135614,2.960063717203641,3930156.02,1054416190.0
2024-08-09,601933.SH,601933.SH,2.970788981849379,3.0887625515257078,2.7991910623201726,2.8957148920553513,6278882.63,1730805224.0
2024-08-12,601933.SH,601933.SH,2.8742651521142006,2.9171646319965023,2.606143402849816,2.606143402849816,4537950.65,1137179591.0
2024-08-13,601933.SH,601933.SH,2.57396973781271,2.6383189812580277,2.4988956204598396,2.5417951160900514,2684525.2,639028190.0
2024-08-14,601933.SH,601933.SH,2.5310697790504966,2.595419010721272,2.48817029126998,2.520344907105368,2237289.42,528557525.99999994
2024-08-15,601933.SH,601933.SH,2.4988960594433323,2.563245314192946,2.4774463078601277,2.5417955626097415,1706087.81,401782988.0
2024-08-16,601933.SH,601933.SH,2.541794235477546,2.541794235477546,2.413095793174885,2.423820663366773,2276777.22,524774554.0
2024-08-19,601933.SH,601933.SH,2.4130968515502325,2.4774461009249054,2.3916471017586747,2.445271476237569,1326748.0,302143511.0
2024-08-20,601933.SH,601933.SH,2.445271215408611,2.4667209629121953,2.402371720401443,2.413096594153235,929548.75,210299507.0
2024-08-21,601933.SH,601933.SH,2.4023706574051062,2.4345452644239245,2.3809209193925605,2.4238203954176516,947454.1,212488554.0
2024-08-22,601933.SH,601933.SH,2.4130947147337922,2.423819580132609,2.348745522340891,2.3594703877397083,962434.68,213568363.0
2024-08-23,601933.SH,601933.SH,2.3594695412929325,2.402368987498259,2.3487446797416007,2.391644125946927,685292.94,152010278.0
2024-08-26,601933.SH,601933.SH,2.3594702640133325,2.4023697233590293,2.305845939831211,2.380919993686181,912959.74,201706316.0
2024-08-27,601933.SH,601933.SH,2.3594703295541732,2.3809200598228473,2.3165708690168243,2.3165708690168243,794265.0,173152048.0
2024-08-28,601933.SH,601933.SH,2.3380202607485794,2.423819169399903,2.316570533585748,2.3701948514928257,1233695.01,272031937.0
2024-08-29,601933.SH,601933.SH,2.3487461682167163,2.4345451150008888,2.3165715631726522,2.413095378304846,1091694.0,242851799.0
2024-08-30,601933.SH,601933.SH,2.402370509956825,2.6275927452652774,2.391645641608803,2.50961919343704,2545480.0,598314137.0
2024-09-02,601933.SH,601933.SH,2.5203441510007805,2.541793888456106,2.4130954637241513,2.423820332451814,1316559.01,302971901.0
2024-09-03,601933.SH,601933.SH,2.423819793825073,2.4667192592025082,2.3809203284476386,2.413094927480715,1069180.24,241866688.0
2024-09-04,601933.SH,601933.SH,2.391645194791997,2.423819793825073,2.3809203284476386,2.413094927480715,694015.0,155608689.0
2024-09-05,601933.SH,601933.SH,2.4023695388819957,2.4881684509849236,2.3916446748691294,2.4667187229591914,979003.23,223637949.0
2024-09-06,601933.SH,601933.SH,2.445268136944338,2.5096172984428735,2.4345432766945825,2.445268136944338,1054041.98,242131981.0
2024-09-09,601933.SH,601933.SH,2.4345436124936546,2.563241953242218,2.4238187507646076,2.4881679211388894,1185547.0,275266736.0
2024-09-10,601933.SH,601933.SH,2.488167219628991,2.488167219628991,2.3916434912813145,2.434542926102504,960780.14,217789203.0
2024-09-11,601933.SH,601933.SH,2.4238187645130225,2.4345436263029034,2.4023690409332614,2.4238187645130225,488130.83,110153614.0
2024-09-12,601933.SH,601933.SH,2.4345436263029034,2.466718211672545,2.413093902723142,2.4238187645130225,558867.43,126795377.0
2024-09-13,601933.SH,601933.SH,2.4130933664800525,2.4452679446997863,2.402368507073475,2.4130933664800525,489621.1,110648756.0
2024-09-18,601933.SH,601933.SH,2.4130930959538905,2.42381795415813,2.359468804932693,2.3916433795454113,612411.54,136105065.0
2024-09-19,601933.SH,601933.SH,2.4130927812026175,2.498891635645377,2.402367924397273,2.466717065229342,1230687.31,282519328.0
2024-09-20,601933.SH,601933.SH,2.455991346672345,2.4774410527568196,2.4238167875456327,2.4452664936301076,753831.0,172055876.0
2024-09-23,601933.SH,601933.SH,2.4345413809034286,2.445266232801681,2.4130916771069226,2.4130916771069226,566477.22,128004107.0
2024-09-24,601933.SH,601933.SH,2.659762734524147,2.659762734524147,2.659762734524147,2.6597627345241466,382255.31,94799317.0
2024-09-25,601933.SH,601933.SH,2.9278827767405877,2.9278827767405877,2.9278827767405877,2.9278827767405877,307137.0,83848401.0
2024-09-26,601933.SH,601933.SH,3.217453311243008,3.217453311243008,3.0136812681976175,3.217453311243008,8543350.86,2510630440.0
2024-09-27,601933.SH,601933.SH,3.5391986423673094,3.5391986423673094,3.5391986423673094,3.53919864236731,673648.68,222304064.0
2024-09-30,601933.SH,601933.SH,3.8931185066040412,3.8931185066040412,3.8931185066040412,3.8931185066040412,442500.42,160627652.0
2024-10-08,601933.SH,601933.SH,4.27921464137799,4.27921464137799,3.9681940283455046,4.27921464137799,5334852.98,2106751626.0000002
2024-10-09,601933.SH,601933.SH,4.182689266859137,4.182689266859137,3.850219094365206,3.850219094365206,7817673.38,2874928993.0
2024-10-10,601933.SH,601933.SH,3.6678949134367316,3.72151910807762,3.4641229738013575,3.4641229738013575,4904236.08,1592641367.0
2024-10-11,601933.SH,601933.SH,3.271076626228468,3.3354256746132904,3.120928846663883,3.120928846663883,4145407.47,1225426973.0
2024-10-14,601933.SH,601933.SH,3.0565785817807463,3.2603504872327957,3.0351289075226355,3.2067263015875196,3939659.65,1164788396.0
2024-10-15,601933.SH,601933.SH,3.163827624494382,3.431948609621024,3.1316531062791846,3.3354250549754325,4947161.51,1520631242.0
2024-10-16,601933.SH,601933.SH,3.22817736270231,3.303251254858178,3.1852779957561004,3.2067276792292057,2933113.07,883612119.0
2024-10-17,601933.SH,601933.SH,3.2174520344780917,3.2818010751676536,3.1209284734437492,3.1209284734437492,2571431.25,767114252.0
2024-10-18,601933.SH,601933.SH,3.1102032945937728,3.324700073531275,3.0887536167000227,3.249626200903149,3814891.81,1146653540.0
2024-10-21,601933.SH,601933.SH,3.2710748869222774,3.4104977509550305,3.238900379837796,3.3246990653964135,3056757.82,944483055.0
2024-10-22,601933.SH,601933.SH,3.3568735724808954,3.6571689719360556,3.3139742297015866,3.657168971936055,4340818.2,1424375168.0
2024-10-23,601933.SH,601933.SH,3.7215164833782435,4.021811761575911,3.6571674951930286,3.9574627733906964,8159129.62,2981065516.0
2024-10-24,601933.SH,601933.SH,3.9681867626991743,4.322106122615588,3.8073143263735316,4.043260566317807,6325716.83,2400511253.0
2024-10-25,601933.SH,601933.SH,4.000362997490532,4.214859672959194,3.946738828623367,4.075436833904564,4299136.65,1632957726.0
2024-10-28,601933.SH,601933.SH,4.161235504092029,4.482980517295021,4.161235504092029,4.482980517295021,3122243.86,1277063446.0
2024-10-29,601933.SH,601933.SH,4.579502069988988,4.93342143371179,4.5044282655629395,4.93342143371179,7772563.41,3494390839.0
2024-10-30,601933.SH,601933.SH,5.040668288490832,5.394587551299763,4.858346244013505,5.265889637551061,8828340.88,4233884843.0000005
2024-10-31,601933.SH,601933.SH,5.094291314166872,5.265888495275651,4.804721071045809,4.944143780696691,7394485.73,3481734490.0
2024-11-01,601933.SH,601933.SH,4.793995897368795,5.43748527956595,4.558049790563172,5.437485279565949,9225126.21,4469744415.0
2024-11-04,601933.SH,601933.SH,5.6090802840176845,5.7377781108020285,4.933416693399875,5.448208000537253,9158700.88,4515033071.0
2024-11-05,601933.SH,601933.SH,5.14791332046635,5.662704652512986,5.126463681631074,5.3195104311485615,7496125.56,3722262387.0
2024-11-06,601933.SH,601933.SH,5.21226206065887,5.351684708371967,5.051389774836065,5.072839412945772,6254003.8,3011353591.0
2024-11-07,601933.SH,601933.SH,5.040666099624413,5.5769071740525415,5.019216456647286,5.5769071740525415,8962196.05,4576417565.0
2024-11-08,601933.SH,601933.SH,5.576909778055892,5.8557552669586865,5.2551649831680525,5.512560819078323,9228087.02,4758656539.0
2024-11-11,601933.SH,601933.SH,5.244439505057982,5.4911104838234905,5.15864090374824,5.35168775669516,4623844.52,2297442166.0
2024-11-12,601933.SH,601933.SH,5.362411835062542,5.769955134527295,5.362411835062542,5.544733837454668,6078119.93,3169547524.0
2024-11-13,601933.SH,601933.SH,5.555460837957574,5.598360149447593,5.20154151816491,5.255165657527435,4968571.65,2475793544.0
2024-11-14,601933.SH,601933.SH,5.18009309045892,5.201542751288977,4.9119723300831994,4.976321312573371,3722590.52,1755063326.0
2024-11-15,601933.SH,601933.SH,4.933422900299798,4.95487256508371,4.633127593325028,4.65457725810894,4232714.73,1884025718.0
2024-11-18,601933.SH,601933.SH,4.633128966103574,4.804726335218522,4.558055117115785,4.633128966103574,3100128.24,1350752079.0
2024-11-19,601933.SH,601933.SH,4.654577441571365,4.718926438459449,4.482980116536476,4.676027107200727,2856267.76,1224281903.0
2024-11-20,601933.SH,601933.SH,4.697478272689635,4.911974997469983,4.611679582777494,4.836901143796861,3355674.98,1502682205.0
2024-11-21,601933.SH,601933.SH,4.783275844712326,4.965598018165486,4.697477174852015,4.772551010979788,2788438.41,1243724830.0
2024-11-22,601933.SH,601933.SH,4.729652682358498,4.740377518372917,4.5258807980845495,4.536605634098969,2148841.83,930974311.0
2024-11-25,601933.SH,601933.SH,4.515156562660949,4.579505587306948,4.37573367592795,4.515156562660949,2242880.04,934762969.0
2024-11-26,601933.SH,601933.SH,4.525881329385051,4.9655996575954475,4.525881329385051,4.804727098494084,4869530.55,2181264931.0
2024-11-27,601933.SH,601933.SH,4.622406170955855,4.965601060678796,4.579506809740487,4.858352657640377,3503057.22,1550138282.0
2024-11-28,601933.SH,601933.SH,4.858354927700352,5.062126988685576,4.826180391755317,4.911979154275412,3284590.78,1517942147.0
2024-11-29,601933.SH,601933.SH,5.137202394048065,5.40532360459337,5.062128455095379,5.40532360459337,5152215.52,2554369525.0
2024-12-02,601933.SH,601933.SH,5.684167857759296,5.94156413811066,5.630543632686095,5.94156413811066,2540093.0,1391919676.0
2024-12-03,601933.SH,601933.SH,6.488530555461127,6.531429931034423,6.005912580261539,6.359832428741236,12558221.99,7529069980.0
2024-12-04,601933.SH,601933.SH,6.059536260689611,6.9925975964064175,5.727066129572127,6.992597596406417,13943681.74,8565426366.0
2024-12-05,601933.SH,601933.SH,6.542156840196763,7.024774967752262,6.349109589174564,6.467082909243685,11503858.44,7079588454.0
2024-12-06,601933.SH,601933.SH,6.102440501470514,6.306212679902744,5.984467135009747,6.02736654099548,8143335.48,4646440026.0
2024-12-09,601933.SH,601933.SH,5.898668516790161,6.220414072251442,5.823594553849194,5.8772188130927425,5198535.67,2891280037.0
2024-12-10,601933.SH,601933.SH,6.4670858792687955,6.4670858792687955,6.4670858792687955,6.467085879268796,2086319.99,1258050954.0
2024-12-11,601933.SH,601933.SH,6.434908283664118,6.971150640636128,6.252585882293634,6.767378544986764,10457858.56,6478551666.0
2024-12-12,601933.SH,601933.SH,6.5528844537400985,7.443047153675333,6.5421596019336485,7.443047153675332,11459897.86,7738764842.0
2024-12-13,601933.SH,601933.SH,7.260722093631346,8.172334173333953,7.1427487656698325,7.668266317498394,13703780.63,9621556563.0
2024-12-16,601933.SH,601933.SH,7.678987798397986,8.440451672261473,7.389417029463983,8.193780276502878,13917606.4,10579162148.0
2024-12-17,601933.SH,601933.SH,7.668266700069764,7.882763670701085,7.3786957897174785,7.378695789717478,4446688.85,3110376532.0
2024-12-18,601933.SH,601933.SH,6.63868448790535,7.378699398511924,6.63868448790535,7.367974544735017,9658177.74,6302801116.0
2024-12-19,601933.SH,601933.SH,7.078402316793734,7.078402316793734,6.649408236988053,6.7137573489589055,7177953.79,4582664992.0
2024-12-20,601933.SH,601933.SH,6.7673800857297515,6.971152227772327,6.649406740336682,6.670856439499058,5479945.91,3472134846.0
2024-12-23,601933.SH,601933.SH,6.703031529901693,6.788830333484435,6.338386614675041,6.37056116601857,5370363.65,3282422385.0
2024-12-24,601933.SH,601933.SH,6.327664663973999,6.745934023118042,6.145342122808646,6.552886626590022,5980441.74,3586005454.0
2024-12-25,601933.SH,601933.SH,6.456361954349022,7.121302886524504,6.241864879453707,6.896080957884421,7040319.45,4376640020.0
2024-12-26,601933.SH,601933.SH,6.896081099654074,7.507397775673176,6.681584020349127,7.303625550333475,8209327.43,5379546583.0
2024-12-27,601933.SH,601933.SH,7.078400606943889,7.775515818233819,7.0569509081349695,7.389421239673243,9233652.97,6431220451.0
2024-12-30,601933.SH,601933.SH,7.292899853130279,7.464497496733345,7.09985250407683,7.239275589504322,5648939.58,3831808392.0
2024-12-31,601933.SH,601933.SH,7.132025093632949,7.453770586578797,6.606507455154731,6.79955475092224,5969831.31,3962946510.0
2025-01-02,601933.SH,601933.SH,6.756654060149269,7.475218857022287,6.617231039860474,7.292896445875402,10674662.96,7236041164.0
2025-01-03,601933.SH,601933.SH,7.035500100726858,7.078399491584948,6.563606801287862,6.563606801287862,8274226.4,5154597093.0
2025-01-06,601933.SH,601933.SH,6.327658792607796,6.853176217756578,6.016638275683006,6.3920078650749925,6064583.58,3669924556.0
2025-01-07,601933.SH,601933.SH,6.274035490367613,6.48853243020924,6.102437938494311,6.402733654272589,5690287.69,3340457561.0
2025-01-08,601933.SH,601933.SH,6.381284766006096,6.531432642853298,6.156062950735293,6.370559917659868,5049431.55,2983318160.0
2025-01-09,601933.SH,601933.SH,6.274033172155702,6.467080346683571,6.231133800038399,6.316932544273007,4154683.26,2454495972.0
2025-01-10,601933.SH,601933.SH,6.30620692598512,6.30620692598512,5.834313890707322,5.845038732418181,4734613.51,2656515225.0
2025-01-13,601933.SH,601933.SH,5.68416474859171,6.166782510264592,5.641265391998566,6.05953411878173,4270684.29,2395734510.0
2025-01-14,601933.SH,601933.SH,6.080981288928419,6.434900834844889,5.973732941681005,6.37055182649644,5254112.57,3063926241.0
2025-01-15,601933.SH,601933.SH,6.241854095518204,6.4241762941845435,6.0595318968518646,6.091706402498865,5030320.33,2893409563.0
2025-01-16,601933.SH,601933.SH,6.0595333177076185,6.381278449621297,6.016633966785794,6.220405883664457,4967186.92,2893632084.0
2025-01-17,601933.SH,601933.SH,6.113154858060617,6.166779023482201,5.877208530205646,5.941557528711547,4175767.53,2323640416.0
2025-01-20,601933.SH,601933.SH,6.059533421576614,6.209681152376742,6.005909232005139,6.048808583662319,3545325.07,2016665808.0
2025-01-21,601933.SH,601933.SH,6.048810088029221,6.306206261987911,5.920112001049875,6.2096826967534025,4801315.59,2726427491.0
2025-01-22,601933.SH,601933.SH,6.209682443296966,6.434904086318099,6.123883722146058,6.306206004591737,4655320.24,2730604239.0
2025-01-23,601933.SH,601933.SH,6.3276571737396266,6.509979499084666,6.231133589733428,6.3812813870764025,4872969.77,2885854716.0
2025-01-24,601933.SH,601933.SH,6.29548505882716,6.402733526609565,6.048813582927629,6.29548505882716,3632066.76,2110479305.0000002
2025-01-27,601933.SH,601933.SH,6.274033193489205,6.274033193489205,5.845039470857466,5.855764313923259,3369754.52,1893638376.0
2025-02-05,601933.SH,601933.SH,5.823590075905367,5.823590075905367,5.54474414225244,5.576918673058548,3835763.45,2012079969.0
2025-02-06,601933.SH,601933.SH,5.576920785527741,5.716343805165934,5.491122004211929,5.662719566843553,3025505.55,1580571022.0
2025-02-07,601933.SH,601933.SH,5.609098007492074,5.877219327161868,5.534024037984532,5.748521093720367,3951118.89,2105036748.9999998
2025-02-10,601933.SH,601933.SH,5.662721702103865,6.038091511902417,5.630547146978275,5.973742401651237,4744509.64,2605726091.0
2025-02-11,601933.SH,601933.SH,6.005914765729345,6.027364461321235,5.7485184186266585,5.79141780981044,3135661.34,1703212759.0
2025-02-12,601933.SH,601933.SH,5.727070783131433,5.963017519515125,5.716345931477629,5.963017519515124,3119373.43,1709480788.0
2025-02-13,601933.SH,601933.SH,5.952291222304528,6.1453385051900815,5.834317882763358,6.0059154675505155,4240622.77,2375300217.0
2025-02-14,601933.SH,601933.SH,5.930844140753866,6.005918117219104,5.791421041604137,5.83432045672713,2888238.36,1579274236.0
2025-02-17,601933.SH,601933.SH,5.8664943391260085,6.03809197975858,5.780695518809723,5.930843454363223,3341339.86,1834261614.0
2025-02-18,601933.SH,601933.SH,5.8772203422919524,5.8772203422919524,5.566199557754604,5.587649267033042,3655144.06,1934880679.0
2025-02-19,601933.SH,601933.SH,5.598375395489699,5.651999680887109,5.501851681774359,5.609100252569181,2303676.86,1197738969.0
2025-02-20,601933.SH,601933.SH,5.630551418762368,5.845048615667602,5.576927119536061,5.7806994565960315,3820152.41,2057168866.0
2025-02-21,601933.SH,601933.SH,5.737800973514987,5.78070042004594,5.566203187391175,5.662726942085819,2905503.58,1529712044.0
2025-02-24,601933.SH,601933.SH,5.598375365309311,5.705623935525964,5.555475937222649,5.587650508287646,2524656.87,1321837979.0
2025-02-25,601933.SH,601933.SH,5.555475538864879,5.684173813896498,5.501851257601705,5.53402582635961,2353339.56,1221285696.0
2025-02-26,601933.SH,601933.SH,5.501850913736002,5.609099469559316,5.362427791165693,5.491126058153671,2765172.49,1416156023.0
2025-02-27,601933.SH,601933.SH,5.501850913736002,5.80214687004128,5.469676346989007,5.662723747470973,5445116.15,2866126309.0
2025-02-28,601933.SH,601933.SH,5.673450306152322,5.887947482188326,5.58765143573792,5.716349741359523,5542506.67,2967776433.0
2025-03-03,601933.SH,601933.SH,5.737802154498543,5.737802154498543,5.4375059669733865,5.5018551500144905,3279421.65,1685436479.0
2025-03-04,601933.SH,601933.SH,5.437506437421588,5.437506437421588,5.15865995345125,5.330257789740688,3165820.48,1559114600.0
2025-03-05,601933.SH,601933.SH,5.255182978101076,5.469680242513364,5.223008388439233,5.351706747086606,2420295.88,1201781134.0
2025-03-06,601933.SH,601933.SH,5.330256893228873,5.437505522871306,5.276632578407658,5.38388120805009,2489575.14,1246501265.0
2025-03-07,601933.SH,601933.SH,5.383881552618486,5.437505870871659,5.308807507064046,5.362431825317218,1979492.27,991683409.0
2025-03-10,601933.SH,601933.SH,5.308807507064046,5.405331279919755,5.22300859785897,5.330257234365314,1729473.6,856247993.0
2025-03-11,601933.SH,601933.SH,5.26590541950748,5.276630277795683,5.201556269778265,5.255180561219278,2011344.96,981312819.0
2025-03-12,601933.SH,601933.SH,5.158658659851365,5.298081866874376,5.1050343494579,5.158658659851365,2857870.93,1378050291.0
2025-03-13,601933.SH,601933.SH,5.158658837353597,5.158658837353597,4.9548864508469075,4.987061038190069,2476202.47,1159833161.0
2025-03-14,601933.SH,601933.SH,4.987060785296507,5.3195315043162745,4.96561106148878,5.287356918604684,4012625.18,1940199251.0
2025-03-17,601933.SH,601933.SH,5.405331556287888,5.576929383471631,5.351707235292969,5.3624320994919525,4323952.53,2200854998.0
2025-03-18,601933.SH,601933.SH,5.416056420486872,5.898675309441148,5.373156963690937,5.791426667451309,7477299.95,4011621135.0
2025-03-19,601933.SH,601933.SH,5.652005381831219,5.845053003981052,5.534031834961877,5.598381042345154,4919148.67,2593890796.0
2025-03-20,601933.SH,601933.SH,5.576930867422279,5.737803873213306,5.416057861631251,5.448232462789457,4052634.23,2097651444.9999998
2025-03-21,601933.SH,601933.SH,5.39460866252824,5.426783266877314,5.180111300201074,5.190836168317432,2970792.88,1454084750.0
2025-03-24,601933.SH,601933.SH,5.14793630651225,5.223010377648887,5.00851303154421,5.105036837291314,2051056.93,973041538.0
2025-03-25,601933.SH,601933.SH,5.169386261096591,5.180111128858202,5.019238112434033,5.0406878479572566,1464943.47,690931294.0
2025-03-26,601933.SH,601933.SH,5.0085132446724225,5.083587319003701,4.9870635091492,5.0406878479572566,1076464.79,505849672.0
2025-03-27,601933.SH,601933.SH,5.019236039270466,5.062135492597564,4.901262542620947,4.9334371326162705,1536936.08,710415539.0
2025-03-28,601933.SH,601933.SH,4.9119884950851835,4.922713360794976,4.804739837987254,4.836914435116633,1545109.43,696710235.0
2025-03-31,601933.SH,601933.SH,4.869087853092927,5.2337331989192695,4.80473867441769,5.137209430906414,3258154.24,1525054528.0
2025-04-01,601933.SH,601933.SH,5.094307894420355,5.126482470595642,4.944159872269019,4.954884730994114,1974280.41,923649463.0
2025-04-02,601933.SH,601933.SH,4.954884709636852,5.0085090030311905,4.8798106988847785,4.976334426994588,1190074.25,548973270.0
2025-04-03,601933.SH,601933.SH,4.95488502053158,5.469678269417977,4.9119855831243795,5.469678269417977,5561078.18,2779952495.0
2025-04-07,601933.SH,601933.SH,5.4160525088606075,5.812872197628613,5.2122802362500105,5.555475642752068,8674274.87,4485032085.0
2025-04-08,601933.SH,601933.SH,5.673448546159341,6.113167620625377,5.4696762921384945,6.1131676206253776,5260954.41,2927295197.0
2025-04-09,601933.SH,601933.SH,6.424187684868889,6.724483603360254,6.059542640986514,6.477811956028061,12540421.94,7458104481.0
2025-04-10,601933.SH,601933.SH,6.2096908793194165,7.056954401713603,6.198966024605566,6.681584486728837,11150884.8,6886585798.0
2025-04-11,601933.SH,601933.SH,6.606508652155972,6.799555982900789,6.370561914578973,6.467085579951382,8326325.35,5078006754.0
2025-04-14,601933.SH,601933.SH,6.509983318119622,6.703030599381818,6.349110583734458,6.359835432693468,8052605.08,4887390189.0
2025-04-15,601933.SH,601933.SH,6.32766102523947,6.542158009145893,6.134613739723689,6.327661025239471,7062727.33,4167009369.0
2025-04-16,601933.SH,601933.SH,6.2311364478109725,6.499257637475817,6.134612819531629,6.434908551956255,6690886.89,3949243959.0
2025-04-17,601933.SH,601933.SH,6.284758522315136,6.520705087999322,6.177510083367778,6.231134302841457,5531656.61,3259889827.0
2025-04-18,601933.SH,601933.SH,6.1453329781856505,6.166782656992581,5.834312635485155,5.941561029519809,5541157.16,3081982977.0
2025-04-21,601933.SH,601933.SH,5.834312635485155,6.048809423554462,5.834312635485155,5.941561029519809,3713734.58,2065379823.0
2025-04-22,601933.SH,601933.SH,5.941562981127446,5.984462352832337,5.812864866012772,5.8772139235701095,3378254.61,1854409282.0
2025-04-23,601933.SH,601933.SH,5.823587575755951,5.952285643728458,5.716339185778862,5.855762092749078,3709114.89,2018661366.0
2025-04-24,601933.SH,601933.SH,5.845037087344615,6.0702586998845,5.7163390230361095,6.027359345114998,5646502.02,3124488649.0
2025-04-25,601933.SH,601933.SH,5.952288362877496,6.005912582362879,5.791415704421349,5.834315080009654,3706100.12,2033589057.0
2025-04-28,601933.SH,601933.SH,5.705615265816432,6.027360487572997,5.705615265816432,5.802138832343401,3299700.36,1810861121.0
2025-04-29,601933.SH,601933.SH,5.748512102018938,5.7806866100526255,5.491116037749434,5.587639561850497,3428345.87,1785430228.0
2025-04-30,601933.SH,601933.SH,5.534014984975418,5.673437843124023,5.469665973522215,5.534014984975418,2616459.47,1351859914.0
2025-05-06,601933.SH,601933.SH,5.544740413918248,5.6305391050427085,5.544740413918248,5.609089432261594,2267050.01,1183418516.0
2025-05-07,601933.SH,601933.SH,5.694886064217466,5.887933049445178,5.641261901654214,5.694886064217466,3380147.2,1812260653.0
2025-05-08,601933.SH,601933.SH,5.641263486278343,5.834310525732736,5.576914473126879,5.727062170480295,2660784.73,1427141352.0
2025-05-09,601933.SH,601933.SH,5.684162035240319,5.694886869269074,5.523289524808989,5.534014358837745,2364047.0,1226870552.0
2025-05-12,601933.SH,601933.SH,5.555464705425212,5.694887564827775,5.4803908580546015,5.6198137174571645,2105896.51,1100124806.0
2025-05-13,601933.SH,601933.SH,5.630536322030072,5.791408788373789,5.598361828761329,5.630536322030073,2346486.0,1238817828.0
2025-05-14,601933.SH,601933.SH,5.619813105828852,5.64126277417171,5.534014432457419,5.598363437485993,1831325.23,954178164.0
2025-05-15,601933.SH,601933.SH,5.587639105328969,5.587639105328969,5.480390753979085,5.491115589114074,1793772.93,923519127.0
2025-05-16,601933.SH,601933.SH,5.501839075138767,5.609087400190205,5.448214912613048,5.5983625676850615,2114088.4,1094888473.0
2025-05-19,601933.SH,601933.SH,5.576911508446547,5.737783955805582,5.501837699678997,5.662710147038032,2492351.04,1309425627.0
2025-05-20,601933.SH,601933.SH,5.61981284834843,5.834309521949516,5.587638347308267,5.727061185148972,3170713.0,1691620124.0
2025-05-21,601933.SH,601933.SH,5.716338058805673,5.748512569455611,5.555465505555982,5.673438711272422,2271569.64,1192955625.0
2025-05-22,601933.SH,601933.SH,5.630539527735464,5.662714039322524,5.512566318582912,5.523291155778598,2070172.91,1071392791.0
2025-05-23,601933.SH,601933.SH,5.501844183666931,5.534018711056796,5.448219971350489,5.458944813813777,1397736.65,713964959.0
2025-05-26,601933.SH,601933.SH,5.437494634569462,5.448219476057765,5.330246219686434,5.426769793081158,1439711.18,723684944.0
2025-05-27,601933.SH,601933.SH,5.426767445787875,5.448217119486642,5.373143261540959,5.405317772089109,942669.04,474630520.0
2025-05-28,601933.SH,601933.SH,5.394592251568541,5.491115770980305,5.37314258058815,5.416041922548933,1435864.25,727526383.0
2025-05-29,601933.SH,601933.SH,5.383866352072928,5.4374905189262455,5.276618018366297,5.426765685555581,1493546.34,751863781.0
2025-05-30,601933.SH,601933.SH,5.426767211152358,5.426767211152358,5.319518847295592,5.340968520066946,1254651.68,625472359.0
2025-06-03,601933.SH,601933.SH,5.298070034251491,5.3624190630075805,5.244445843621413,5.287345196125474,1046173.25,516427402.0
2025-06-04,601933.SH,601933.SH,5.287347427864866,5.437495225005045,5.255172899906256,5.437495225005045,1643580.99,819069652.0
2025-06-05,601933.SH,601933.SH,5.383868549930889,5.437492738675221,5.3302443611865575,5.394593387679756,1155486.84,580652413.0
2025-06-06,601933.SH,601933.SH,5.394592236264568,5.544739932701354,5.383867400804797,5.426766742643879,2133895.02,1084553962.0
2025-06-09,601933.SH,601933.SH,5.405315471750486,5.4803892977470205,5.330241645753951,5.362416142609608,2285652.95,1146382736.0
2025-06-10,601933.SH,601933.SH,5.351691310324389,5.362416142609608,5.255167819757417,5.276617484327854,1564215.72,771806428.0
2025-06-11,601933.SH,601933.SH,5.2658949498867,5.362418482573014,5.233720438991262,5.308794297747285,1097211.91,542724648.0
2025-06-12,601933.SH,601933.SH,5.287342496112919,5.383865989956766,5.265892830814288,5.330241826710185,1250490.92,621112310.0
2025-06-13,601933.SH,601933.SH,5.298066227723553,5.298066227723553,5.201542753939115,5.2122675843596085,1391712.97,678952459.0
2025-06-16,601933.SH,601933.SH,5.1800939193706474,5.265892576420265,5.158644255108243,5.244442912157861,909729.31,443633429.0
2025-06-17,601933.SH,601933.SH,5.244442912157861,5.298067072813872,5.222993247895456,5.244442912157861,850266.33,416775270.0
2025-06-18,601933.SH,601933.SH,5.255167636380074,5.287342132113013,5.201543476825174,5.222993140647135,839611.05,410138104.0
2025-06-19,601933.SH,601933.SH,5.212267674959295,5.222992505566207,5.105019368890174,5.115744199497086,1044045.01,501631160.0
2025-06-20,601933.SH,601933.SH,5.11574354252783,5.190817347135157,5.094293884068595,5.094293884068595,980471.55,469645906.0
2025-06-23,601933.SH,601933.SH,5.05139324062844,5.126467025521007,5.029943587801993,5.105017372694559,854478.92,404965805.0
2025-06-24,601933.SH,601933.SH,5.105015355897571,5.212263577660126,5.094290533721316,5.212263577660126,1183488.17,571304259.0
2025-06-25,601933.SH,601933.SH,5.298063000159839,5.351687119594656,5.158640289629317,5.244438880725022,1811468.91,883000578.0
2025-06-26,601933.SH,601933.SH,5.201539316502603,5.265888256500574,5.169364846503619,5.190814493169609,1446253.03,702003315.0
2025-06-27,601933.SH,601933.SH,5.169364846503619,5.244438609834583,5.1479151998376285,5.190814493169609,1207647.57,585713452.0
2025-06-30,601933.SH,601933.SH,5.180091234435126,5.276614673586091,5.158641581290467,5.255165020441432,1626923.15,794081055.0
2025-07-01,601933.SH,601933.SH,5.2551654538571055,5.265890281313957,5.180091661659147,5.201541316572849,861864.08,418366975.0
2025-07-02,601933.SH,601933.SH,5.222989457576125,5.30878805236177,5.1693653358350975,5.180090160183302,1582775.44,770786575.0
2025-07-03,601933.SH,601933.SH,5.169364228881605,5.2122635170880915,5.1264649406751195,5.158639406829983,990905.87,476659474.0
2025-07-04,601933.SH,601933.SH,5.147914627947456,5.158639450089012,5.09429051723967,5.115740161522784,881580.22,420686360.0
2025-07-07,601933.SH,601933.SH,5.094292097114577,5.126466573517406,5.0621176207117475,5.0835672716469675,842735.02,399968160.0
2025-07-08,601933.SH,601933.SH,5.083567040575728,5.222989765317256,5.083567040575728,5.190815290376904,1769771.6,853341700.0
2025-07-09,601933.SH,601933.SH,5.180088259262225,5.190813079674776,5.115739336786917,5.13718897761202,1092213.96,524678081.0
2025-07-10,601933.SH,601933.SH,5.126461830816351,5.426756666094295,5.094287384179427,5.222985170727118,2980126.2,1459569028.0
2025-07-11,601933.SH,601933.SH,5.190811881142076,5.287335242568271,5.1586374273333435,5.244435970823295,2032582.54,990023761.0
2025-07-14,601933.SH,601933.SH,5.244435590003254,5.2551604071607265,5.147912235586017,5.16936186990096,1363263.38,658089482.0
2025-07-15,601933.SH,601933.SH,5.1371884610712355,5.1693629190737695,5.040665087063634,5.072839545066168,1732469.54,820885595.0
2025-07-16,601933.SH,601933.SH,5.0728387102951045,5.094288345433772,5.051389075156435,5.083563527864438,848544.28,401530368.0
2025-07-17,601933.SH,601933.SH,5.083562952366681,5.201535932273924,5.083562952366681,5.115737401432292,1405832.25,673608982.0
2025-07-18,601933.SH,601933.SH,5.094287114508087,5.126461559441823,5.072837484552264,5.094287114508087,865129.45,410890261.0
2025-07-21,601933.SH,601933.SH,5.083563363036932,5.12646263192332,5.062113728593738,5.12646263192332,980789.8,466858097.0
2025-07-22,601933.SH,601933.SH,5.094288693968261,5.126463148877535,5.062114239058988,5.105013512271353,1008071.5,478364552.0
2025-07-23,601933.SH,601933.SH,5.094290644530939,5.383860849588487,5.0835658221214,5.26588780308356,4134544.76,2033875101.0
2025-07-24,601933.SH,601933.SH,5.212262031146618,5.308785402093777,5.169362755170102,5.287335764105519,2653489.09,1300280524.0
2025-07-25,601933.SH,601933.SH,5.276609783388405,5.298059416654212,5.201536066958082,5.212260883590986,1413163.85,688858732.0
2025-07-28,601933.SH,601933.SH,5.212260883590986,5.287334600021308,5.180086433692276,5.212260883590986,1273259.1,619574372.0
2025-07-29,601933.SH,601933.SH,5.244433629048212,5.25515844219555,5.115735871280157,5.147910310722171,1545661.52,741584252.0
2025-07-30,601933.SH,601933.SH,5.137187181897947,5.308784248516668,5.105012731906937,5.233710531870978,2557905.98,1246469605.0
2025-07-31,601933.SH,601933.SH,5.147910431332593,5.180084871528422,5.062111924143717,5.072836737542327,2290746.83,1091668791.0
2025-08-01,601933.SH,601933.SH,5.0621110911379565,5.105010337673024,5.0513862795041895,5.083560714405491,1081340.11,511590166.0
2025-08-04,601933.SH,601933.SH,5.062109592838691,5.0835592097574995,5.019210359001075,5.0728344012980955,951877.0,447731598.0
2025-08-05,601933.SH,601933.SH,5.08355837322244,5.094283179917001,5.051383953138753,5.08355837322244,759871.45,359071536.0
2025-08-06,601933.SH,601933.SH,5.08355837322244,5.094283179917001,5.051383953138753,5.08355837322244,804364.17,380115322.0
2025-08-07,601933.SH,601933.SH,5.062108759833315,5.115732793306125,5.062108759833315,5.08355837322244,965003.88,458049776.0
2025-08-08,601933.SH,601933.SH,5.083558956050788,5.094283763974945,5.040659724354157,5.051384532278314,929505.89,438090213.0
2025-08-11,601933.SH,601933.SH,5.062109381951829,5.233706310153586,5.0299349579140005,5.201531886115756,3144450.51,1507911570.0
2025-08-12,601933.SH,601933.SH,5.201534102984855,5.222983728151803,5.137185227484012,5.158634852650959,1398783.73,672747995.0
2025-08-13,601933.SH,601933.SH,5.212258926427202,5.276607802062105,5.115735612974845,5.147910050792297,1978612.1,952329581.0
2025-08-14,601933.SH,601933.SH,5.115735612974844,5.2122589264272,5.083561175157393,5.083561175157393,1950477.06,933676560.0
2025-08-15,601933.SH,601933.SH,5.072834295051042,5.1264583362249425,5.040659870346701,5.105008719755382,1340095.01,635602728.0
2025-08-18,601933.SH,601933.SH,5.1157325069705815,5.212255761819084,5.094282894782026,5.158631731347693,2900527.57,1397296936.0
2025-08-19,601933.SH,601933.SH,5.1586316993727035,5.244430147595119,5.147906893344902,5.190806117456109,2700898.8,1309223689.0
2025-08-20,601933.SH,601933.SH,5.180083812876024,5.351680792184546,5.147909379255676,5.330231169770981,3573130.6,1757361359.0
2025-08-21,601933.SH,601933.SH,5.276608654977279,5.469655313086204,5.25515902629851,5.287333469316663,2727296.46,1355333171.0
2025-08-22,601933.SH,601933.SH,5.26588283205127,5.3302317057626905,5.212258770625086,5.319506893477454,2103941.42,1034143398.0
2025-08-25,601933.SH,601933.SH,5.308780939956915,5.630525239348243,5.265881700038071,5.587625999429399,5365539.83,2734297408.0
2025-08-26,601933.SH,601933.SH,5.544724593439729,5.823569543980218,5.512550176069673,5.737771097660067,4779355.15,2529495084.0
2025-08-27,601933.SH,601933.SH,5.673421439889645,5.716320656826428,5.523274180610902,5.544723789079294,3512742.9,1837635447.0
2025-08-28,601933.SH,601933.SH,5.501824261123188,5.598347493774472,5.351677010332303,5.501824261123188,2943127.55,1506520805.0
2025-08-29,601933.SH,601933.SH,5.469652078224211,5.737772278137163,5.448202462231175,5.555450542196356,3604820.59,1878128990.0
2025-09-01,601933.SH,601933.SH,5.501828815596024,6.059519065909852,5.480379190583954,5.8664724408012185,6254141.38,3426958083.0
2025-09-02,601933.SH,601933.SH,5.780676662350838,6.038072283680004,5.662703669241638,5.694878121907783,4483129.34,2434679154.0
2025-09-03,601933.SH,601933.SH,5.716330039160914,5.845027901205812,5.55545771160479,5.587632177116015,2851605.43,1509284105.0
2025-09-04,601933.SH,601933.SH,5.534006746842249,5.823576867316552,5.480382650458119,5.705603855271466,5315261.06,2814286204.0
2025-09-05,601933.SH,601933.SH,5.619803532058644,5.641253163860394,5.351683134536763,5.587629084356018,4120924.66,2117226372.0
2025-09-08,601933.SH,601933.SH,5.5447319640038515,5.7377787248395755,5.534007143957423,5.576906424143139,2700214.97,1418078564.0
2025-09-09,601933.SH,601933.SH,5.5554546139499745,5.630528324949299,5.480380902950651,5.491105718807697,2221394.85,1148520813.0
2025-09-10,601933.SH,601933.SH,5.501832577897746,5.598355956457356,5.45893329853792,5.544731857257573,2168098.78,1119840195.0
2025-09-11,601933.SH,601933.SH,5.49110964431618,5.61980752660484,5.469659997268069,5.61980752660484,2312383.71,1192272511.0
2025-09-12,601933.SH,601933.SH,5.609081542580917,5.716329755632177,5.5661822573604125,5.59835672127579,2255151.0,1182647315.0
2025-09-15,601933.SH,601933.SH,5.576905911163495,5.898650482961389,5.544731453983705,5.7377781970624415,3360075.51,1783051549.0
2025-09-16,601933.SH,601933.SH,5.748504849603634,5.887927541851484,5.6519814472781995,5.716330382161822,2226704.58,1194409013.0
2025-09-17,601933.SH,601933.SH,5.716329994426234,5.727054816179379,5.523283202869626,5.5340080246227705,2543008.37,1319457165.0
2025-09-18,601933.SH,601933.SH,5.534007060280778,5.555456700049308,5.362409942132537,5.416034041553862,2138006.05,1088690961.0
2025-09-19,601933.SH,601933.SH,5.416035072662548,5.437484716514677,5.2980620314758395,5.351686141106161,1542593.88,769505343.0
2025-09-22,601933.SH,601933.SH,5.351686314089955,5.394585603180857,5.276612558180878,5.308787024999054,1109036.94,548809338.0
2025-09-23,601933.SH,601933.SH,5.298062368290774,5.298062368290774,5.105015561349004,5.147914851780508,1747364.0,841833402.0
2025-09-24,601933.SH,601933.SH,5.126466897769772,5.212265506937467,5.094292419331886,5.201540680791505,1092568.11,526562400.0
2025-09-25,601933.SH,601933.SH,5.190818066947518,5.201542897664352,5.147918744080183,5.158643574797017,907316.7,437453565.0
2025-09-26,601933.SH,601933.SH,5.147918776389297,5.169368437957585,5.105019453252719,5.126469114821008,966403.4,463072823.0
2025-09-29,601933.SH,601933.SH,5.094295394656391,5.1264698918858,4.987047070558362,5.094295394656392,1200438.71,567114341.0
2025-09-30,601933.SH,601933.SH,5.094294578262899,5.126469070336139,4.997771102043181,5.0192207634253405,1528844.45,719932604.0
2025-10-09,601933.SH,601933.SH,4.997769893079113,5.0084947211758495,4.933420924498695,4.9655954087889045,1432177.5,662048269.0
2025-10-10,601933.SH,601933.SH,4.944147453806873,5.029946108102871,4.933422622019873,4.987046780954873,1310265.19,610386718.0
2025-10-13,601933.SH,601933.SH,4.944147908789769,5.3624163869737185,4.8905237449200305,5.244443226460296,2960632.21,1424254580.0
2025-10-14,601933.SH,601933.SH,5.180093962249761,5.2337181233496555,5.115744968929888,5.19081879446974,2084308.15,1005914391.0
2025-10-15,601933.SH,601933.SH,5.362418699486114,5.469667073475836,5.24444548809742,5.330244187289198,3381547.62,1690839459.0
2025-10-16,601933.SH,601933.SH,5.24444674457915,5.2980709444214735,5.126473504926041,5.14792318486297,2251899.78,1087396083.0
2025-10-17,601933.SH,601933.SH,5.105023824989112,5.190822544736828,5.051399625146789,5.051399625146789,1173608.05,558057855.0
2025-10-20,601933.SH,601933.SH,5.0406755037426025,5.094299711229226,5.019225820747953,5.0406755037426025,887169.42,417326273.0
2025-10-21,601933.SH,601933.SH,5.05140045203486,5.126474344103319,5.008501085138598,5.072850135482992,998929.1,472369877.0
2025-10-22,601933.SH,601933.SH,5.040675610310795,5.158648869275515,5.040675610310795,5.072850135482992,779167.41,369922098.0
2025-10-23,601933.SH,601933.SH,5.094298145855813,5.158647175066623,5.062123631250408,5.094298145855813,909058.94,432131575.0
2025-10-24,601933.SH,601933.SH,5.1050232550248635,5.1050232550248635,5.019224544856378,5.051399061169561,991970.87,467397921.0
2025-10-27,601933.SH,601933.SH,5.029950820755835,5.051400504426435,5.008501137085234,5.029950820755835,880048.79,412652386.0
2025-10-28,601933.SH,601933.SH,5.029949941838113,5.115748661528314,5.008500261915561,5.094298981605764,1274244.21,600664929.0
2025-10-29,601933.SH,601933.SH,5.051397467645686,5.062122303033469,5.019222961482338,5.029947796870121,830323.0,389830707.0
2025-10-30,601933.SH,601933.SH,5.029947699306479,5.040672534486236,4.965598688227931,4.976323523407689,841263.04,391946882.0
2025-10-31,601933.SH,601933.SH,4.9441513893660165,5.029950111958052,4.901252028069999,5.0085004313100425,909270.55,422355645.0
2025-11-03,601933.SH,601933.SH,4.9977739570978645,5.019223630733477,4.954874609826638,5.019223630733477,719013.9,334364995.0
2025-11-04,601933.SH,601933.SH,4.997772748133106,5.008497582356568,4.965598245462721,4.965598245462721,687614.35,319111671.0
2025-11-05,601933.SH,601933.SH,4.954871040130309,5.0513945019510285,4.922696552856735,4.9977703564950735,1023558.74,478107366.0
2025-11-06,601933.SH,601933.SH,4.976318755280748,4.9870435801843715,4.944144280569882,4.944144280569882,954271.0,440556277.0
2025-11-07,601933.SH,601933.SH,4.944143231156324,4.944143231156324,4.890519118020138,4.901243940647376,913397.78,418751723.0
2025-11-10,601933.SH,601933.SH,4.901243835919942,5.040666527094908,4.879794191123794,5.019216882298759,1651515.02,768469979.0
2025-11-11,601933.SH,601933.SH,4.987044813935065,5.0942930895035605,4.976319986378215,5.083568261946711,1599567.66,750880724.0
2025-11-12,601933.SH,601933.SH,5.019220124069098,5.115743587993504,4.944146318794561,4.944146318794561,1545664.41,721421770.0
2025-11-13,601933.SH,601933.SH,4.94414437530724,4.987043675743745,4.890520249761607,4.965594025525491,1325552.85,608605159.0
2025-11-14,601933.SH,601933.SH,4.922695573829455,5.105017632119435,4.911970746871222,4.976319708620626,1806428.81,847107702.0
2025-11-17,601933.SH,601933.SH,4.944147599241708,5.029946256061521,4.922697935036754,5.008496591856567,1175587.94,545928924.0
2025-11-18,601933.SH,601933.SH,4.987046666321645,4.9977714978621215,4.890523182457355,4.911972845538308,1429880.71,656456699.0
2025-11-19,601933.SH,601933.SH,4.911974607073398,4.933424277846644,4.64385372240782,4.665303393181065,2483323.83,1099234412.0
2025-11-20,601933.SH,601933.SH,4.6438559443474,4.665305625383645,4.343560409839946,4.48298333657555,3245714.63,1347019799.0
2025-11-21,601933.SH,601933.SH,4.407908793411114,4.461532987978158,4.279210726450205,4.300660404277022,1551101.44,627129029.0
2025-11-24,601933.SH,601933.SH,4.2899355653636135,4.33283492101725,4.236311370796568,4.300660404277022,1023170.0,408817743.0
2025-11-25,601933.SH,601933.SH,4.311383973252698,4.365008152024498,4.3006591374983385,4.332833644761418,915858.6,370640707.0
2025-11-26,601933.SH,601933.SH,4.36500929903394,4.440083169041895,4.332834783316245,4.4079086533242,1288576.6,526590228.0
2025-11-27,601933.SH,601933.SH,4.4400823075332205,4.450807144024847,4.289934596650455,4.311384269633707,1134161.26,460900369.0
2025-11-28,601933.SH,601933.SH,4.289933540016317,4.365007376966603,4.257759038466196,4.354282543116562,942795.98,379055983.0
2025-12-01,601933.SH,601933.SH,4.343557945212866,4.37573244851074,4.322108276347618,4.343557945212866,806055.52,326558189.0
2025-12-02,601933.SH,601933.SH,4.332831939744265,4.397180928948387,4.300657445142203,4.365006434346327,888391.16,360183331.0
2025-12-03,601933.SH,601933.SH,4.354281679012234,4.354281679012234,4.2792078569603005,4.289932688682005,927526.0,372081842.0
2025-12-04,601933.SH,601933.SH,4.289932688682005,4.30065752040371,4.182684371464955,4.204134034908365,1020881.53,402453807.0
2025-12-05,601933.SH,601933.SH,4.161234623314477,4.214858780831416,4.0539863082805985,4.214858780831416,1577942.96,608504607.0
2025-12-08,601933.SH,601933.SH,4.150511146491369,4.633128721664784,4.139786311487515,4.633128721664784,4302561.25,1798563943.0
2025-12-09,601933.SH,601933.SH,4.697477573457077,5.094296455233131,4.47225604596256,5.094296455233131,9170301.39,4156059286.0
2025-12-10,601933.SH,601933.SH,5.609090394923805,5.609090394923805,5.609090394923805,5.609090394923805,2726948.41,1426194018.0
2025-12-11,601933.SH,601933.SH,5.769960421291214,6.113155093189577,5.30879258092779,5.9522825907372185,19367506.91,10301995545.0
2025-12-12,601933.SH,601933.SH,5.65198787454475,5.684162378574417,5.362417338277751,5.362417338277751,13044343.24,6666695259.0
2025-12-15,601933.SH,601933.SH,5.255168991512197,5.684162378574417,5.201544818129419,5.416041511660529,12061143.11,6184232397.0
2025-12-16,601933.SH,601933.SH,5.405316190894344,5.963007543923125,5.405316190894344,5.963007543923125,13337069.71,7289051358.0
2025-12-17,601933.SH,601933.SH,6.2311290353187125,6.306202879117733,5.759236302867726,5.769961137696158,17209373.05,9632556330.0
2025-12-18,601933.SH,601933.SH,5.769960591178891,6.038081436493895,5.555463914926888,5.887933763117494,13412274.15,7255269845.0
2025-12-19,601933.SH,601933.SH,5.684160144377491,6.477797598498121,5.662710483455312,6.177502345587612,17376580.67,9931837792.0
2025-12-22,601933.SH,601933.SH,6.0595292105156275,6.220401667431971,5.877207092677104,6.177502345587612,13483528.4,7583920147.0
2025-12-23,601933.SH,601933.SH,6.03808238582898,6.284753602301567,5.812860840354008,5.845035346850433,11365701.97,6355110926.0
2025-12-24,601933.SH,601933.SH,5.6841651481942845,5.952286145750619,5.630540948683017,5.877212266434845,10062216.49,5421148878.0
2025-12-25,601933.SH,601933.SH,5.877214403602943,5.995187685427089,5.641267839954649,5.662717527559039,9430577.13,5079826562.0
2025-12-26,601933.SH,601933.SH,5.61981849230145,5.769966314614847,5.587643958948579,5.673442714556235,7071356.81,3741137611.0
2025-12-29,601933.SH,601933.SH,5.673443156782759,5.823590990799693,5.534020168052748,5.641268620921987,6641499.13,3508146270.0
2025-12-30,601933.SH,601933.SH,5.544743728581681,5.5983679425911745,5.233723287326615,5.27662265853421,7943274.81,3967158640.0
2025-12-31,601933.SH,601933.SH,5.255172793649457,5.308797005829553,5.008501417621013,5.029951102493052,5633613.72,2678660090.0
