Date,Symbol,Name,Open,High,Low,Close,Volume,Amount
2017-01-03,603993.SH,603993.SH,3.72,3.76,3.71,3.75,193998.3,72602348.0
2017-01-04,603993.SH,603993.SH,3.7498766447368426,3.799875,3.7298773026315795,3.799875,295050.81,111088477.0
2017-01-05,603993.SH,603993.SH,3.779875657894737,3.8198743421052637,3.7698759868421057,3.799875,236272.31,89681075.0
2017-01-06,603993.SH,603993.SH,3.789855223507958,3.8098544595159156,3.7498567514920427,3.7698559875,279386.43,105588712.0
2017-01-09,603993.SH,603993.SH,3.759837520611847,3.7998357921077175,3.7498379527378796,3.78983622423375,177582.03,67029323.00000001
2017-01-10,603993.SH,603993.SH,3.7900083995609086,3.8400085103730577,3.7800083773984787,3.8300084882106282,321719.91,122594934.0
2017-01-11,603993.SH,603993.SH,3.8401806820392657,4.180196679928159,3.8401806820392657,3.970186798879137,1370161.36,548940791.0
2017-01-12,603993.SH,603993.SH,3.9199889409058546,3.9499888562699303,3.869989081965729,3.8899890255417793,592705.31,231834570.0
2017-01-13,603993.SH,603993.SH,3.8899423853672386,4.059939867504109,3.8899423853672386,3.9199419410384513,669399.1,265242843.0
2017-01-16,603993.SH,603993.SH,3.9201069912254427,4.00010917471984,3.8301045347942466,3.99010890178304,855179.47,335866829.0
2017-01-17,603993.SH,603993.SH,3.9600833322971223,4.020084594907685,3.9200824905567475,4.0000841740374975,461732.43,183649147.0
2017-01-18,603993.SH,603993.SH,3.990083963602404,4.010084384472591,3.90008206968656,3.9100822801216544,501571.56,197859834.0
2017-01-19,603993.SH,603993.SH,3.9100235791408586,3.940023760054983,3.8800233982267343,3.930023699750275,331892.42,129713550.0
2017-01-20,603993.SH,603993.SH,3.900197627028956,3.9401996539728423,3.900197627028956,3.9201986405008995,279256.9,109424839.0
2017-01-23,603993.SH,603993.SH,3.9301600407776953,4.100166963661208,3.920159633549253,4.0201637058336726,810590.81,325644902.0
2017-01-24,603993.SH,603993.SH,4.020263214836292,4.100268452942487,3.9902612505464696,4.040264524362841,711353.84,288734612.0
2017-01-25,603993.SH,603993.SH,4.040364283980726,4.090368792445834,4.020362480594683,4.050365185673748,396979.3,160916101.0
2017-01-26,603993.SH,603993.SH,4.040550160303718,4.140563778133018,4.040550160303718,4.130562416350088,889181.5,364610758.0
2017-02-03,603993.SH,603993.SH,4.150772668172944,4.160774530023963,4.0507540496627525,4.0607559115137715,450358.46,183925571.0
2017-02-06,603993.SH,603993.SH,4.0507540496627525,4.090761497066829,4.000744740407657,4.0607559115137715,472475.62,190578308.0
2017-02-07,603993.SH,603993.SH,4.070950389708215,4.140966735477152,4.060948054598366,4.100957395037758,446445.7,183015813.0
2017-02-08,603993.SH,603993.SH,4.090795801336769,4.130803584234928,4.08079385561223,4.110799692785849,409613.61,168359183.0
2017-02-09,603993.SH,603993.SH,4.140942883508755,4.160947438501552,4.07092694103397,4.100933773523163,614131.8,252186243.0
2017-02-10,603993.SH,603993.SH,4.090951211359275,4.220981445461159,4.08094888565913,4.150965165560145,1098551.25,455733624.0
2017-02-13,603993.SH,603993.SH,4.3010823900272594,4.571150354052228,4.26107232128282,4.4411176306327995,3084216.03,1362429203.0
2017-02-14,603993.SH,603993.SH,4.391253037599544,4.551298706395882,4.351241620400459,4.511287289196798,2031409.08,906416899.0
2017-02-15,603993.SH,603993.SH,4.431396777278875,4.48141254225945,4.311358941325497,4.3213620943216124,1147245.04,504823296.0
2017-02-16,603993.SH,603993.SH,4.351224980794477,4.751337622706613,4.341222164746673,4.751337622706613,3640096.65,1701685552.0
2017-02-17,603993.SH,603993.SH,4.8014793984696436,4.8014793984696436,4.591414674786597,4.701448577668193,2752265.51,1293130659.0
2017-02-20,603993.SH,603993.SH,4.611498833379682,4.851576863750858,4.581489079583284,4.73153784856527,1623944.75,769094886.0
2017-02-21,603993.SH,603993.SH,4.751623226732429,5.121749667551586,4.6515890535380615,5.0017086597183456,2225560.11,1090565282.0
2017-02-22,603993.SH,603993.SH,5.0117120770377825,5.271800927343136,4.9817018250794725,5.0017086597183456,2191896.75,1114862827.0
2017-02-23,603993.SH,603993.SH,5.141756502190459,5.50187952569018,5.0317189116766565,5.501879525690181,3908617.58,2077402956.0
2017-02-24,603993.SH,603993.SH,5.301558712102432,5.421594003697204,5.151514597608967,5.251544007271278,2764013.43,1461597328.0
2017-02-27,603993.SH,603993.SH,5.191701750877996,5.441783723463642,5.151688635264294,5.1816984719745705,2348388.93,1241141953.0
2017-02-28,603993.SH,603993.SH,5.171515308020951,5.4515973749930735,5.171515308020951,5.291550479580432,2443279.83,1294911903.0
2017-03-01,603993.SH,603993.SH,5.221600252663824,5.301624777608864,5.111566530864395,5.201594121427565,2056822.3,1069164149.0
2017-03-02,603993.SH,603993.SH,5.1813497562607225,5.301381024745527,5.161344544846588,5.2213601790889905,1494129.32,780087887.0
2017-03-03,603993.SH,603993.SH,5.191570945225136,5.261592133311023,4.86147105853452,4.941495273489821,2764348.3,1389612172.0
2017-03-06,603993.SH,603993.SH,4.891376231949419,5.081429705174449,4.841362160048096,4.991404375752067,1982267.05,984804109.0
2017-03-07,603993.SH,603993.SH,4.9811766279817125,4.9911789906885025,4.821138824673063,4.8511459127934335,1709289.05,834516161.0
2017-03-08,603993.SH,603993.SH,4.851215498902839,4.921233042185973,4.811205474169619,4.881223017452753,1045728.46,509105782.0
2017-03-09,603993.SH,603993.SH,4.921000511419009,5.031022880576751,4.890994410739625,4.910998477859215,1764053.99,873767496.0
2017-03-10,603993.SH,603993.SH,4.840902563782642,4.930919346993476,4.820898834180235,4.86090629338505,1203341.14,585821197.0
2017-03-13,603993.SH,603993.SH,4.840959747560382,4.920975611156422,4.820955781661373,4.910973628206917,1020357.39,497133118.0
2017-03-14,603993.SH,603993.SH,4.921106371360288,5.021128858583058,4.8910996251934575,4.931108620082565,1406602.67,695863906.0
2017-03-15,603993.SH,603993.SH,4.891310090692479,4.971331523669043,4.851299374204197,4.951326165424903,1149626.63,566074588.0
2017-03-16,603993.SH,603993.SH,4.991431907364845,5.011437646472519,4.911408950934145,4.991431907364844,1041345.97,516054401.0
2017-03-17,603993.SH,603993.SH,4.981264712662249,4.991267252245908,4.801219000156384,4.821224079323703,1352731.77,661705230.0
2017-03-20,603993.SH,603993.SH,4.831453727850986,4.861462757216521,4.561372463561179,4.681408581023316,1645208.51,768637611.0
2017-03-21,603993.SH,603993.SH,4.651620092153767,4.661623576222914,4.591599187738879,4.641616608084618,793601.72,367191681.0
2017-03-22,603993.SH,603993.SH,4.621657656669854,4.661672008675654,4.6016504806669545,4.621657656669854,655437.27,303793855.0
2017-03-23,603993.SH,603993.SH,4.641499706201482,4.651502938326917,4.561473849198008,4.6114900098251805,760501.32,350007124.0
2017-03-24,603993.SH,603993.SH,4.61141687606291,4.631423023030645,4.501383067740368,4.541395361675838,922841.17,418780275.0
2017-03-27,603993.SH,603993.SH,4.531368438758875,4.581383542939436,4.51136239708665,4.561377501267211,584943.68,265858158.0
2017-03-28,603993.SH,603993.SH,4.5611808901680195,4.681211966225073,4.521170531482335,4.641201607539388,1095998.64,507091803.0
2017-03-29,603993.SH,603993.SH,4.661190395825398,4.671192950322877,4.541159741855645,4.551162296353124,800994.62,366508817.0
2017-03-30,603993.SH,603993.SH,4.5410887862346785,4.561093582649809,4.461069600574155,4.481074396989286,672951.12,303187394.0
2017-03-31,603993.SH,603993.SH,4.500911000211627,4.820975782448898,4.500911000211627,4.710953513554836,1942014.59,909458761.0
2017-04-05,603993.SH,603993.SH,4.6509934430628155,5.1811066742076095,4.630989170189427,5.181106674207609,3733513.18,1885533891.0
2017-04-06,603993.SH,603993.SH,5.231233377281864,5.231233377281864,5.041188570076595,5.14121215281621,1986165.85,1016058109.0
2017-04-07,603993.SH,603993.SH,5.101110698024243,5.291152076970245,5.031095453149401,5.101110698024243,1671066.78,858506321.0
2017-04-10,603993.SH,603993.SH,5.0908700364864785,5.150880292319325,4.8808341410715155,4.910839268987939,1757305.65,882699700.0
2017-04-11,603993.SH,603993.SH,4.871040762550773,5.031074955981599,4.801025802924785,4.981064270534466,1347250.47,661930120.0
2017-04-12,603993.SH,603993.SH,4.940859258728562,5.180901004091893,4.920855779948284,5.030874913239811,1652829.38,840095621.0
2017-04-13,603993.SH,603993.SH,4.980626655589336,5.050635464001234,4.9006165888328805,4.990627913933892,856370.88,426053453.0
2017-04-14,603993.SH,603993.SH,4.960704310603476,5.120727030300363,4.93070005066031,4.950702890622421,862537.34,432702375.0
2017-04-17,603993.SH,603993.SH,4.920688886721569,5.1307182904231,4.850679085487726,5.0507070890129935,1230285.03,619501411.0
2017-04-18,603993.SH,603993.SH,5.020922289118559,5.080933312494478,4.910902079596041,4.9209039168253605,715207.82,355540317.0
2017-04-19,603993.SH,603993.SH,4.880769791373849,4.890771368815189,4.510711426044274,4.620728777899013,1373146.45,641075371.0
2017-04-20,603993.SH,603993.SH,4.620863381737328,4.690876463278802,4.500840956237656,4.600859644154048,735589.62,337396831.0
2017-04-21,603993.SH,603993.SH,4.630927132915387,4.660933140256091,4.480897096211865,4.490899098658766,630483.95,286361941.0
2017-04-24,603993.SH,603993.SH,4.4807097712976285,4.4807097712976285,4.190663826280595,4.210666994902459,1168976.68,498082153.0
2017-04-25,603993.SH,603993.SH,4.1908698920195695,4.260884424821805,4.160863663675753,4.23087819647799,720569.41,303213017.0
2017-04-26,603993.SH,603993.SH,4.241064010965063,4.331086596103472,4.211056482585593,4.271071539344532,647952.37,276539892.0
2017-04-27,603993.SH,603993.SH,4.251227633904883,4.421276739261078,4.121190082750146,4.381265185059621,1000082.72,427504291.0
2017-04-28,603993.SH,603993.SH,4.4214254549332175,4.461438354977862,4.361406104866251,4.401419004910895,524088.66,230550869.0
2017-05-02,603993.SH,603993.SH,4.41153934732639,4.67163010249756,4.361521894408858,4.521577743744962,885554.4,401222702.0
2017-05-03,603993.SH,603993.SH,4.471021042261211,4.642208784870311,4.471021042261211,4.5012306438981105,580899.24,262746406.00000003
2017-05-04,603993.SH,603993.SH,4.471060009875798,4.501269874807392,4.360290505126623,4.390500370058216,725058.21,318536312.0
2017-05-05,603993.SH,603993.SH,4.330267229150018,4.330267229150018,4.159070617765018,4.300056062435018,694798.48,293769139.0
2017-05-08,603993.SH,603993.SH,4.259843020670721,4.340407427681042,4.239701918918141,4.320266325928462,472102.93,201655633.0
2017-05-09,603993.SH,603993.SH,4.290054673299592,4.330336876804751,4.239701918918141,4.320266325928462,454320.39,193517692.0
2017-05-10,603993.SH,603993.SH,4.289899236536066,4.350320352543617,4.148916632518449,4.169057004520965,461484.83,195129515.0
2017-05-11,603993.SH,603993.SH,4.148725603263427,4.209143937291535,4.037958657545229,4.199074214953518,692210.34,282745073.0
2017-05-12,603993.SH,603993.SH,4.158754948947799,4.199033447242693,4.118476450652905,4.1486853243740756,377695.79,155644583.0
2017-05-15,603993.SH,603993.SH,4.158906176400488,4.269676074561277,4.148836185658599,4.209256130109937,391838.0,164205717.0
2017-05-16,603993.SH,603993.SH,4.198998230581902,4.430597653371791,4.158720070096703,4.410458573129191,937217.15,402714329.0
2017-05-17,603993.SH,603993.SH,4.380467454831914,4.4308176554621665,4.350257334453763,4.380467454831914,503000.96,219328902.0
2017-05-18,603993.SH,603993.SH,4.350237147644786,4.400587114631415,4.309957174055483,4.34016715424746,376425.58,162822396.0
2017-05-19,603993.SH,603993.SH,4.501196397684944,4.531405769481488,4.309870376306837,4.350149538702229,659750.07,287116038.0
2017-05-22,603993.SH,603993.SH,4.279741752831134,4.350231616995412,4.2293918498566505,4.269671772236237,453152.99,192372976.0
2017-05-23,603993.SH,603993.SH,4.279669419167706,4.2998090399637885,4.148761883993164,4.289739229565748,498882.89,209245666.0
2017-05-24,603993.SH,603993.SH,4.239212301064591,4.319767404172707,4.178795973733505,4.319767404172707,383354.65,161858652.0
2017-05-25,603993.SH,603993.SH,4.289559240507164,4.349975567838251,4.188865361622019,4.319767404172707,708989.62,301166131.0
2017-05-26,603993.SH,603993.SH,4.289498395695241,4.319706130876194,4.229082925333337,4.2592906605142895,387977.18,164474123.0
2017-05-31,603993.SH,603993.SH,4.289619642799538,4.319828231833338,4.22920246473194,4.239271994409872,397165.38,168365757.0
2017-06-01,603993.SH,603993.SH,4.229001915327592,4.229001915327592,4.057828028278617,4.098104236996023,796608.39,325846865.0
2017-06-02,603993.SH,603993.SH,4.05770950755898,4.108053297975344,3.987228200976069,4.067778265642253,570928.21,229217162.0
2017-06-05,603993.SH,603993.SH,4.067674322413843,4.118016826404113,4.057605821615789,4.097879824808006,285603.0,116141034.0
2017-06-06,603993.SH,603993.SH,4.077685994033187,4.1280277964286585,4.067617633554093,4.117959435949564,213113.77,86819621.0
2017-06-07,603993.SH,603993.SH,4.127967265251835,4.198444755146379,4.087694413883524,4.188376542304301,467401.94,192808266.0
2017-06-08,603993.SH,603993.SH,4.1782922975837415,4.268905865483148,4.158155949161651,4.198428646005832,541598.52,227261308.0
2017-06-09,603993.SH,603993.SH,4.198452637026666,4.268930259230951,4.178316173539728,4.2286573322570735,458171.39,192075324.0
2017-06-12,603993.SH,603993.SH,4.22881766049716,4.349641022225651,4.198611820065038,4.248954887451908,697432.06,297307102.0
2017-06-13,603993.SH,603993.SH,4.249151283588928,4.641845359560417,4.249151283588928,4.531085491978715,2059551.38,917015788.0
2017-06-14,603993.SH,603993.SH,4.631725382048907,4.812966810042125,4.541104668052298,4.581380540939679,1832916.19,849274164.0
2017-06-15,603993.SH,603993.SH,4.58144995579636,4.732486767525911,4.561311714232421,4.65193380127015,1484589.85,688792404.0
2017-06-16,603993.SH,603993.SH,4.71230925639092,5.115070731296128,4.65189503515514,5.074794583805607,3944755.17,1951218827.0
2017-06-19,603993.SH,603993.SH,5.004092955748437,5.04436734573434,4.913475578280155,4.983955760755486,2116082.14,1046359140.0
2017-06-20,603993.SH,603993.SH,5.013959776120035,5.064300737727665,4.9132778529047725,5.003891583798508,2026985.01,1004469336.0
2017-06-21,603993.SH,603993.SH,4.983695153912092,5.023967437984108,4.883014443732049,5.013899366966105,1360768.91,670506508.0
2017-06-22,603993.SH,603993.SH,5.003812763239597,5.044084898155006,4.802452088662551,4.893064392222222,1860724.81,909499799.0
2017-06-23,603993.SH,603993.SH,4.8526596344128246,4.953337220189024,4.7217787729037655,4.862727392990444,1453166.46,699356875.0
2017-06-26,603993.SH,603993.SH,4.913155972919723,4.9534277431895575,4.8326124323800554,4.903088030352265,1515051.33,737232015.0
2017-06-27,603993.SH,603993.SH,4.873043660852455,4.993862925171112,4.8025657566665725,4.953589837064893,1412679.94,690355376.0
2017-06-28,603993.SH,603993.SH,4.913117779933303,4.943321372842728,4.832574865508167,4.872846322720735,948203.88,458839794.0
2017-06-29,603993.SH,603993.SH,4.87303849130811,5.084471979567346,4.842833707271076,5.0039258888019225,1710907.06,851186337.0
2017-06-30,603993.SH,603993.SH,4.993815189535696,5.144837826316009,4.923337959038216,5.094496947389238,1326580.48,662989852.0
2017-07-03,603993.SH,603993.SH,5.1147543553693895,5.2154384962231175,5.094617527198643,5.104685941284017,1235946.36,630714917.0
2017-07-04,603993.SH,603993.SH,5.104645945806539,5.175124292198345,4.822732560239314,4.88314257143229,1763446.29,874447663.0
2017-07-05,603993.SH,603993.SH,4.873060152203875,5.336202232785235,4.852923540004686,5.225450865689694,2368252.52,1206063297.0
2017-07-06,603993.SH,603993.SH,5.20534889481128,5.749041042431801,5.175143775499029,5.749041042431801,4554520.77,2521284464.0
2017-07-07,603993.SH,603993.SH,5.748853259684185,6.1616430734268315,5.617968684595052,6.010622409862449,3916099.11,2265960857.0
2017-07-10,603993.SH,603993.SH,6.061227972732581,6.614994647982236,5.970611607691729,6.554583737955001,4023034.49,2513009362.0
2017-07-11,603993.SH,603993.SH,6.393598210433717,6.393598210433717,5.970714549271172,6.131813086856903,3784413.01,2322229837.0
2017-07-12,603993.SH,603993.SH,6.131847926703989,6.22246636897055,5.890198747326491,6.202328937355758,3286537.88,1992149933.0
2017-07-13,603993.SH,603993.SH,6.343579966220563,6.393925838968346,5.991158856986088,6.0112972060852,3545210.41,2189995806.0
2017-07-14,603993.SH,603993.SH,5.940945945290809,6.514901740005345,5.8301825463108115,6.343721941581712,3972273.57,2460078979.0
2017-07-17,603993.SH,603993.SH,6.252883395073283,6.776474275176039,5.94074267808895,6.474402613578295,4279428.84,2730164357.0
2017-07-18,603993.SH,603993.SH,6.353612397193049,6.69596235203388,6.25292123400457,6.655685886758488,3353932.51,2143190203.0000002
2017-07-19,603993.SH,603993.SH,6.54488173065491,7.320198489517107,6.514674584205734,7.209438952536794,5712355.72,3967403092.0
2017-07-20,603993.SH,603993.SH,7.118793617857753,7.561830278657951,7.058379527748634,7.1993457380032435,4945330.68,3562063191.0
2017-07-21,603993.SH,603993.SH,7.118996735610437,7.451283711954347,7.068650224043178,7.411006502700539,3233692.87,2341336357.0
2017-07-24,603993.SH,603993.SH,7.42124026098751,7.723326024664071,7.099015446399179,7.27019737914923,3786919.85,2767290378.0
2017-07-25,603993.SH,603993.SH,7.159658365332929,7.2704266382143095,6.847493232667216,7.089169464408413,3427613.71,2394897367.0
2017-07-26,603993.SH,603993.SH,7.210137930698543,7.2604880559129175,6.88789712932654,7.129577730355542,3450435.38,2433792436.0
2017-07-27,603993.SH,603993.SH,7.028851920372319,7.069131874070727,6.4347226033207905,6.646192360237436,4120999.47,2753906329.0
2017-07-28,603993.SH,603993.SH,6.59571068944987,7.199897928178102,6.535291965577047,7.058920905808181,4027343.17,2746886387.0
2017-07-31,603993.SH,603993.SH,6.958332747406827,7.4014103753169564,6.928122909140226,7.280571022250558,4375364.94,3111248707.0
2017-08-01,603993.SH,603993.SH,7.220123694073908,7.300682954258832,6.958306098472901,7.099284803796519,2824045.92,1996565686.0
2017-08-02,603993.SH,603993.SH,7.05898545581251,7.592689063741274,6.9683565412585695,7.210033646735745,4430692.26,3200085226.0
2017-08-03,603993.SH,603993.SH,7.401389097958449,7.653137026460437,7.2100606722969385,7.522228103639403,4862818.0,3600199028.0
2017-08-04,603993.SH,603993.SH,7.451577105302226,7.522064996838868,7.048789153664267,7.058858852455216,4381935.04,3173728265.0
2017-08-07,603993.SH,603993.SH,7.078969737405274,7.310571876751391,6.9279248639186735,7.2501539273567515,2770280.21,1968312661.0
2017-08-08,603993.SH,603993.SH,7.2402467394585415,7.502063728646194,7.07912859226614,7.179827434261391,3103473.17,2237830991.0
2017-08-09,603993.SH,603993.SH,7.179863787818019,7.220143528563141,6.968395148906128,7.159723917445459,2005027.43,1410228408.0
2017-08-10,603993.SH,603993.SH,7.1297612683758285,7.1297612683758285,6.777301318667985,6.7974418872227185,2576790.16,1760946240.0
2017-08-11,603993.SH,603993.SH,6.72694989728115,6.867933877164289,6.163013977748599,6.253646536244902,2763040.88,1775242209.0
2017-08-14,603993.SH,603993.SH,6.293640787348793,6.595735545141535,6.253361486309761,6.495037292543954,1838513.18,1173097578.0
2017-08-15,603993.SH,603993.SH,6.41416798915432,6.504792026677694,6.353751964138738,6.444376001662111,1307893.93,834223030.0
2017-08-16,603993.SH,603993.SH,6.434472176871131,6.504959352517607,6.202871456889855,6.263289036015405,1416905.7,887549199.0
2017-08-17,603993.SH,603993.SH,6.464482688679025,6.504759839387306,6.273166222814694,6.3033740858459035,1396515.51,882173914.0
2017-08-18,603993.SH,603993.SH,6.212523101962849,6.232660940218807,6.061489315043168,6.162178506322956,1498947.34,911744920.0
2017-08-21,603993.SH,603993.SH,6.172393350789427,6.363707337192363,6.101909250535715,6.303292394117751,1403360.26,874074933.0
2017-08-22,603993.SH,603993.SH,6.263043934887545,6.877265285415102,6.242905529952216,6.716158045932464,3525157.01,2320734963.0
2017-08-23,603993.SH,603993.SH,6.655645254649785,6.695921474042522,6.403918883445178,6.524747541623389,1876408.69,1218799258.0
2017-08-24,603993.SH,603993.SH,6.585286119049678,6.60542460871038,6.3536934879516,6.404039712103357,1218098.6,778746491.0
2017-08-25,603993.SH,603993.SH,6.434302206147147,6.746451452454756,6.363816892464785,6.625619486142133,2051984.0,1346846388.0
2017-08-28,603993.SH,603993.SH,6.5352663310414725,6.867568008891039,6.505057087600603,6.7064520438730675,2272466.7,1518637606.0
2017-08-29,603993.SH,603993.SH,6.7163450411132235,7.0184295257210145,6.645858661371405,6.887526249057639,2483928.9,1696927767.0
2017-08-30,603993.SH,603993.SH,6.867415070533297,7.038596971118437,6.796928405586473,6.968110306171614,2235085.19,1537122612.0
2017-08-31,603993.SH,603993.SH,7.018778554737898,7.663257503809958,6.948288669683142,7.5826976351759505,4892529.49,3580173513.0
2017-09-01,603993.SH,603993.SH,7.53219666481538,7.814150550664084,7.391219721891027,7.4818477566281105,4501593.87,3378984468.0
2017-09-04,603993.SH,603993.SH,7.511960203995412,7.814049756434906,7.4616119452554965,7.57237811448331,2667067.6,2017262270.0
2017-09-05,603993.SH,603993.SH,7.60255383437395,7.632762657556893,7.129282271174512,7.370952856638055,2913155.25,2126483687.0
2017-09-06,603993.SH,603993.SH,7.270193070925884,8.055615591053611,7.189636915015347,7.813947123322002,4358777.6,3345264791.0
2017-09-07,603993.SH,603993.SH,7.793775181724487,7.85419204359832,7.501760349334293,7.632663550060931,2560175.9,1946705901.0
2017-09-08,603993.SH,603993.SH,7.602707555857699,8.096128311138528,7.572498121860913,7.82424340516746,3144142.78,2459659846.0
2017-09-11,603993.SH,603993.SH,7.854459277240343,8.609695746205762,7.753761081378288,8.599625926619554,5738384.62,4717395187.0
2017-09-12,603993.SH,603993.SH,8.559344568239093,8.962137253803286,8.106202796979376,8.287459505483264,6340851.12,5364486786.0
2017-09-13,603993.SH,603993.SH,8.227029867482964,8.549263595462714,8.116262023489925,8.488844771466509,3028185.42,2505286294.0
2017-09-14,603993.SH,603993.SH,8.397925749766497,8.679870499159136,8.216675553728372,8.317370107082885,2684680.16,2245271997.0
2017-09-15,603993.SH,603993.SH,8.206612419270533,8.297237587090697,7.834042284898741,7.844111747989871,2782555.98,2202093216.0
2017-09-18,603993.SH,603993.SH,7.86421687081904,8.15623004527967,7.783661512347143,7.964911068908914,2178866.11,1729363772.0
2017-09-19,603993.SH,603993.SH,7.904662495422657,8.045637367952487,7.763687622892826,7.914732129174788,1835244.51,1439110824.0
2017-09-20,603993.SH,603993.SH,7.89449828097365,8.33755685796707,7.884428767860164,8.2368617268322,2940978.69,2388169970.0
2017-09-21,603993.SH,603993.SH,8.186874993608692,8.1969449505504,7.8444964575906155,7.904916199240864,2187165.52,1737011196.0
2017-09-22,603993.SH,603993.SH,7.764314783190733,7.824737466328404,7.4722718146919895,7.653539864105003,2011163.07,1529541291.0
2017-09-25,603993.SH,603993.SH,7.673929971391134,7.6840007456318045,7.422160615374364,7.442302163855706,1194006.18,891254775.0
2017-09-26,603993.SH,603993.SH,7.452093101988715,7.653501023664085,7.442022705904946,7.562867458910168,1138987.12,853117375.0
2017-09-27,603993.SH,603993.SH,7.552647367749477,7.915174441401453,7.502296385297814,7.824542672988459,1842718.6,1426451440.0
2017-09-28,603993.SH,603993.SH,7.8345108983576806,8.005702010532591,7.764020440403305,7.814370767513573,1422850.1,1114919290.0
2017-09-29,603993.SH,603993.SH,7.894858786418964,7.95527862407013,7.74380919229105,7.894858786418963,1399416.92,1090190450.0
2017-10-09,603993.SH,603993.SH,8.086403627904671,8.146825074688516,7.8145071173773655,7.86485832303057,1602347.45,1259483931.0
2017-10-10,603993.SH,603993.SH,7.864622585897811,7.864622585897811,7.4819648928579685,7.592734225053713,1742952.26,1313909850.0
2017-10-11,603993.SH,603993.SH,7.512040564752557,7.5221103242227345,6.998482831773495,7.330784894289359,2032029.98,1470106006.0
2017-10-12,603993.SH,603993.SH,7.250454276624206,7.280664502776807,7.0490527689402,7.190033824319003,1278717.72,909188715.0
2017-10-13,603993.SH,603993.SH,7.220231966381141,7.341072668747353,7.09939126401493,7.220231966381142,980801.66,703308555.0
2017-10-16,603993.SH,603993.SH,7.180178153973448,7.331233795361389,7.079474393048155,7.280881914898743,1282465.17,918121726.0
2017-10-17,603993.SH,603993.SH,7.220681276412288,7.281105387511973,7.1099037393961995,7.119974424579481,790690.29,563272370.0
2017-10-18,603993.SH,603993.SH,7.099655031692717,7.170148060376191,6.747189888275348,6.78747161895162,1445126.52,992966503.0
2017-10-19,603993.SH,603993.SH,6.74751877640875,6.969079094440082,6.596454923205569,6.8180152412369015,1111949.9,751434199.0
2017-10-20,603993.SH,603993.SH,6.7679629881718215,7.241317542404078,6.737748867688913,7.19096067493256,1759017.66,1241305757.0
2017-10-23,603993.SH,603993.SH,7.180897369853202,7.241325678715922,7.110397676180028,7.1708259850427485,891650.16,636314759.0
2017-10-24,603993.SH,603993.SH,7.210791918233624,7.432352563765942,7.170508164500475,7.271217548833347,1308425.32,949949586.0
2017-10-25,603993.SH,603993.SH,7.160222412950406,7.301211321222285,7.109869231424735,7.250858139696614,935485.01,669391116.0
2017-10-26,603993.SH,603993.SH,7.210418842832719,7.532672198936975,7.129855503806655,7.411827190397879,1977770.43,1448343231.0
2017-10-27,603993.SH,603993.SH,7.361685720675989,7.4623927756783965,7.3012614876745445,7.321402898675025,1025509.82,749421332.0
2017-10-30,603993.SH,603993.SH,7.150171720677441,7.150171720677441,6.757415809259947,6.908475775189753,1612321.41,1113727801.0
2017-10-31,603993.SH,603993.SH,6.878332852435076,7.271092707844985,6.858191321388413,7.22073888022833,1584837.08,1121964594.0
2017-11-01,603993.SH,603993.SH,7.261326404483098,7.392251845895415,7.251255216682151,7.301611155686888,1894031.75,1377804535.0
2017-11-02,603993.SH,603993.SH,7.281494748233282,7.321779643105941,7.019642931560991,7.059927826433652,1457015.48,1034308367.0
2017-11-03,603993.SH,603993.SH,6.949086959558643,7.110225207896234,6.828233273305449,6.949086959558643,1182469.42,816037094.0
2017-11-06,603993.SH,603993.SH,6.94942987531572,7.009859700318465,6.758068762807025,6.939358237815261,1010636.49,689461994.0
2017-11-07,603993.SH,603993.SH,6.899406642743203,7.0504885400295505,6.798685377885638,6.949767275171985,1075284.51,739083423.0
2017-11-08,603993.SH,603993.SH,6.899416612984016,7.090787292760215,6.79869520257549,6.969921600269983,1389618.53,962827844.0
2017-11-09,603993.SH,603993.SH,6.989927706630758,7.09064712603466,6.858992461405686,6.929496054988417,904234.69,625698963.0
2017-11-10,603993.SH,603993.SH,6.929791276122121,6.929791276122121,6.798850452590744,6.808922823631619,988732.24,671712457.0
2017-11-13,603993.SH,603993.SH,6.808898469809299,6.839115474852832,6.607451769519083,6.758536794736745,1504341.78,1002223804.0
2017-11-14,603993.SH,603993.SH,6.829371459220045,6.93009965183391,6.7487889051289525,6.809225820697272,1544722.21,1049569061.0
2017-11-15,603993.SH,603993.SH,6.718247116142014,6.728319450648973,6.395932411919309,6.446294084454107,1853472.3,1200202952.0
2017-11-16,603993.SH,603993.SH,6.436221749947147,6.456366418961066,6.184413387273159,6.204558056287078,1605600.08,1000956905.0
2017-11-17,603993.SH,603993.SH,6.2044347869217225,6.315228265259609,6.043280636612067,6.08356917418948,1184012.22,727706832.0
2017-11-20,603993.SH,603993.SH,6.053344985343692,6.285003778460006,5.841830435107057,6.264859535580327,1193122.62,727556575.0
2017-11-21,603993.SH,603993.SH,6.284907086094184,6.284907086094184,6.113683655864054,6.153971521800555,876153.46,537064072.0
2017-11-22,603993.SH,603993.SH,6.1542354056926705,6.2751041861645405,6.144163007320015,6.224742194301261,925368.02,570260284.0
2017-11-23,603993.SH,603993.SH,6.214895783921184,6.4969331938884345,6.204823019279497,6.315623430338059,1886779.28,1197457854.0
2017-11-24,603993.SH,603993.SH,6.325811379298521,6.88989647044616,6.174717158455403,6.74887519765925,2374269.19,1540702918.0
2017-11-27,603993.SH,603993.SH,6.69842864351003,6.950249269205896,6.527190618036841,6.597700393231683,2349626.11,1578892297.0
2017-11-28,603993.SH,603993.SH,6.52688958362327,6.929784002365447,6.466455420811943,6.879422200022676,2102098.52,1410490946.0
2017-11-29,603993.SH,603993.SH,6.879728388286071,7.202058268849987,6.82936434444796,7.061038946103274,2887183.44,2027074780.0
2017-11-30,603993.SH,603993.SH,7.121763881039762,7.403813935734405,7.051251367366101,7.121763881039762,2262320.77,1617164735.0
2017-12-01,603993.SH,603993.SH,7.151675289340129,7.242330328219089,6.8595646085079265,7.151675289340129,1910572.38,1337656892.0
2017-12-04,603993.SH,603993.SH,7.2221331031885425,7.322860203651422,7.000533482170205,7.040824322355357,1637990.07,1162165045.0
2017-12-05,603993.SH,603993.SH,7.040551636874794,7.040551636874794,6.5470079598978765,6.6578034792192256,1778146.82,1201408062.0
2017-12-06,603993.SH,603993.SH,6.547176850846767,6.69826554740477,6.345725255436097,6.637830068781568,1603804.92,1037847156.0
2017-12-07,603993.SH,603993.SH,6.546950059924503,6.637600137677304,6.3958665970031685,6.426083289587436,1017537.81,657548672.0
2017-12-08,603993.SH,603993.SH,6.446335188439469,6.688072758005948,6.4362627897075315,6.647783163078202,1239550.16,811145167.0
2017-12-11,603993.SH,603993.SH,6.728540982022713,6.889703640274754,6.67817765131895,6.829267643430239,1326993.49,894033283.0
2017-12-12,603993.SH,603993.SH,6.889707657594661,7.0508704098190975,6.788980937454388,6.909853001622715,1801404.23,1242766717.0
2017-12-13,603993.SH,603993.SH,6.839186466502274,6.839186466502274,6.708244752121524,6.808969147799024,1173932.3,787441582.0
2017-12-14,603993.SH,603993.SH,6.829417987500292,6.960365530033483,6.809272211725954,6.879782426936134,1078078.41,736272263.0
2017-12-15,603993.SH,603993.SH,6.8292954082030795,6.930022479120528,6.60769585218469,6.678204801826905,1161834.3,776913181.0
2017-12-18,603993.SH,603993.SH,6.678427746448514,6.77915818002994,6.527332096076376,6.638135573015944,861071.11,567436968.0
2017-12-19,603993.SH,603993.SH,6.648441354270854,6.72902852220141,6.53763399836634,6.618221166296896,718336.38,472368156.0
2017-12-20,603993.SH,603993.SH,6.607979469042051,6.668418305649142,6.426662959220775,6.4468092380898065,956134.05,618867902.0
2017-12-21,603993.SH,603993.SH,6.44665054740087,6.6078168110858915,6.426504764440242,6.547379462204008,973528.91,631895908.0
2017-12-22,603993.SH,603993.SH,6.527436388363854,6.638241635697191,6.446850753939609,6.487143571151732,938561.04,608335251.0
2017-12-25,603993.SH,603993.SH,6.5375095926668845,6.567729205575976,6.4267043453335475,6.487143571151732,732407.27,472274445.0
2017-12-26,603993.SH,603993.SH,6.436813643716296,6.47710668686945,6.255494949527105,6.467033426081161,777182.78,491955020.0
2017-12-27,603993.SH,603993.SH,6.456916856413715,6.718819880230808,6.4266972767425115,6.60801475476973,1483616.92,974931524.0
2017-12-28,603993.SH,603993.SH,6.597956621041715,7.13183708045425,6.547590539965061,7.061324566946934,3076336.31,2099040839.9999998
2017-12-29,603993.SH,603993.SH,7.0112794817893285,7.071721546287511,6.890395352792961,6.9306900624584165,1393446.27,961132075.0
2018-01-02,603993.SH,603993.SH,6.950693192422543,7.041354407975881,6.870105445264021,6.990987066001804,1629839.12,1128219777.0
2018-01-03,603993.SH,603993.SH,7.011478095325472,7.333844904305955,6.9913301697641925,7.1021437603512325,2747950.69,1963488307.0
2018-01-04,603993.SH,603993.SH,7.031407194350833,7.293322075515764,7.021333545075258,7.283248426240189,2147913.54,1528204977.0
2018-01-05,603993.SH,603993.SH,7.222674381472845,7.303262101210339,7.142086661735352,7.212600916505659,1787036.08,1280643538.0
2018-01-08,603993.SH,603993.SH,7.16256325064052,7.484928966562456,7.132341464772838,7.35396789446917,2514386.37,1830354802.0
2018-01-09,603993.SH,603993.SH,7.374258345112805,7.454851332491088,7.223146493778526,7.293665357734523,1584680.94,1149925739.0
2018-01-10,603993.SH,603993.SH,7.2939850246212155,7.374581544230289,7.132791985403067,7.263761329767812,1603055.23,1149718702.0
2018-01-11,603993.SH,603993.SH,7.556134734643603,7.878529816655063,7.425161732576447,7.828155585090771,4154151.56,3145229149.0
2018-01-12,603993.SH,603993.SH,7.757876371533001,7.909003833316111,7.667199894463135,7.697425386819756,2172152.1,1674275027.0
2018-01-15,603993.SH,603993.SH,7.858753583342448,7.989732809731489,7.405363953534231,7.566569155243819,3018485.2,2320965423.0
2018-01-16,603993.SH,603993.SH,7.5562808659103595,8.19100845864683,7.495830618983077,8.150708294028641,3645980.71,2875383900.0
2018-01-17,603993.SH,603993.SH,8.059808201530183,8.16055580404931,7.858312996491929,8.130331523293572,2752601.76,2187509611.0
2018-01-18,603993.SH,603993.SH,8.240831583511643,8.412095809574843,8.059492991209432,8.140087921121525,2086011.44,1701779294.0
2018-01-19,603993.SH,603993.SH,8.099990450991555,8.20073660087951,7.888423536226851,8.160438140924327,1942371.15,1549069505.0
2018-01-22,603993.SH,603993.SH,8.140601998981774,8.432777070727406,8.090226986611837,8.38240205835747,2119011.68,1740576776.0
2018-01-23,603993.SH,603993.SH,8.412659500004262,8.513409913177966,8.281683962878448,8.362284293417412,1897085.05,1580166475.0
2018-01-24,603993.SH,603993.SH,8.281409936570855,8.331783476331017,8.089990485482232,8.220961688858658,1746934.12,1418308006.0
2018-01-25,603993.SH,603993.SH,8.311422454565928,8.392018066246568,8.14015677974457,8.230826842885289,1789784.37,1470048807.0
2018-01-26,603993.SH,603993.SH,8.05986262465775,8.080012281219394,7.828141574198839,7.838216402479662,2192794.07,1727235973.0
2018-01-29,603993.SH,603993.SH,7.908414546437164,8.019233094221633,7.797595998652694,7.878191306132309,1606475.87,1262404857.0
2018-01-30,603993.SH,603993.SH,7.767491614790047,7.777566182383808,7.43503088419592,7.505552857352251,2012474.76,1512311214.0
2018-01-31,603993.SH,603993.SH,7.415136758169078,7.80805840703945,7.354687273727482,7.616635039641063,1836621.91,1393677661.0
2018-02-01,603993.SH,603993.SH,7.555804196035877,7.767366713524881,7.414762517709874,7.505432168062304,1416367.94,1070101593.0000001
2018-02-02,603993.SH,603993.SH,7.354376979752475,8.019293254634206,7.26370657863224,7.908473875487251,2035610.29,1554531458.0
2018-02-05,603993.SH,603993.SH,7.7469128986979925,8.008837131943958,7.6864688448719996,7.928245060175968,1632959.23,1277022832.0
2018-02-06,603993.SH,603993.SH,7.706403267165572,7.917951592146587,7.202716779115534,7.232937968398535,1892617.34,1420653522.0
2018-02-07,603993.SH,603993.SH,7.474474698915237,7.524841779096605,6.980877313137815,7.051391225391733,1570040.02,1128743389.0
2018-02-08,603993.SH,603993.SH,6.860095885235483,7.101861378988276,6.7492867005987875,6.940684383153082,1078479.16,740905430.0
2018-02-09,603993.SH,603993.SH,6.63881051056007,6.779847456156187,6.245921876399459,6.245921876399459,1977915.24,1258318670.0
2018-02-12,603993.SH,603993.SH,6.286450969464094,6.5584608671812905,6.276376528807902,6.528237545212714,1273561.94,813297771.0
2018-02-13,603993.SH,603993.SH,6.648920647796251,6.789958358507081,6.608624159021728,6.62877240340899,1125135.66,747046275.0
2018-02-14,603993.SH,603993.SH,6.749555717780304,6.840221391601233,6.679037971475136,6.789851572811829,868005.77,583141064.0
2018-02-22,603993.SH,603993.SH,7.142397893086196,7.464762819149325,7.061806661570413,7.464762819149325,1047616.11,764418335.0
2018-02-23,603993.SH,603993.SH,8.149628746290198,8.149628746290198,7.776901597201523,8.079112799165314,4362487.77,3443265534.0
2018-02-26,603993.SH,603993.SH,8.119664127705237,8.865141975658322,8.018923877981845,8.67373550118388,5056329.02,4219532871.0000005
2018-02-27,603993.SH,603993.SH,8.53300914878211,8.593455494582217,8.230777419781562,8.291223765581671,3946309.92,3300406216.0
2018-02-28,603993.SH,603993.SH,8.230561577716358,8.663749029175113,8.230561577716358,8.643600775618893,3849781.69,3225319948.0
2018-03-01,603993.SH,603993.SH,8.431894076906447,8.663594869939718,8.40167223433689,8.492337762045562,2845918.59,2398510147.0
2018-03-02,603993.SH,603993.SH,8.391629403984386,8.81473676889116,8.290889555197058,8.421851358620584,3336635.49,2840776201.0
2018-03-05,603993.SH,603993.SH,8.482649639339728,9.137486012922961,8.311384741633344,9.06696517269092,4303335.21,3794683915.0
2018-03-06,603993.SH,603993.SH,8.966120597042641,9.097086403516295,8.684040398483994,8.986269182653972,3309197.34,2919974187.0
2018-03-07,603993.SH,603993.SH,8.945976110387557,9.076941976868454,8.764638756798618,8.794861649063442,2055969.14,1811584290.0
2018-03-08,603993.SH,603993.SH,8.583633660038196,8.72467928355995,8.33176647517792,8.43251334912203,3136481.56,2637520003.0
2018-03-09,603993.SH,603993.SH,8.362252407527446,8.634277485844605,8.33202739882554,8.493227445235707,2100080.85,1771996158.0
2018-03-12,603993.SH,603993.SH,8.60387164620928,9.137835577414307,8.60387164620928,8.916190172008447,3853914.06,3390732532.0
2018-03-13,603993.SH,603993.SH,8.915787505355516,9.520247675210125,8.804969807548837,9.369132632746474,3817094.4,3447947564.0
2018-03-14,603993.SH,603993.SH,9.34878940324904,9.73160621070967,9.137232746494483,9.197677505567214,3915914.69,3666606011.0
2018-03-15,603993.SH,603993.SH,9.388681960252594,9.711040139145387,9.187208098444597,9.52971366351819,3607246.8,3393773213.0
2018-03-16,603993.SH,603993.SH,9.46939666761107,9.46939666761107,9.227624837799723,9.2981416214947,2383104.66,2208865776.0
2018-03-19,603993.SH,603993.SH,9.187001481642481,9.871997206150914,9.106413749347372,9.761189074245136,3069310.44,2888484820.0
2018-03-20,603993.SH,603993.SH,9.61055399560577,9.842254982921213,9.51988839187364,9.620627951576008,2250096.28,2157885524.0
2018-03-21,603993.SH,603993.SH,9.57033593655287,9.681150352660325,9.187522499090756,9.298336915198211,2610688.4,2437402166.0
2018-03-22,603993.SH,603993.SH,9.419069063116101,9.55002938164071,9.056409719509492,9.288108744591494,2318641.38,2145507963.0
2018-03-23,603993.SH,603993.SH,8.724106202823762,9.016252946336335,8.361441279842635,8.381589331119365,3509300.97,3000003077.0
2018-03-26,603993.SH,603993.SH,8.160125274875458,8.804875913877964,8.089605673734559,8.794801685143549,2840745.05,2396708119.0
2018-03-27,603993.SH,603993.SH,8.87555143412926,9.036741925554992,8.734509754131746,8.946072274128019,2556602.01,2251130493.0
2018-03-28,603993.SH,603993.SH,8.664397592855357,8.81552080668423,8.513274379026484,8.54349902179226,1927618.77,1651695664.0
2018-03-29,603993.SH,603993.SH,8.52370222688247,8.66475640084979,8.19121738824521,8.56400341944456,1907553.29,1590702426.0
2018-03-30,603993.SH,603993.SH,8.61397357147217,8.704646977487666,8.472926051003618,8.543449811237894,1582692.69,1349048064.0
2018-04-02,603993.SH,603993.SH,8.472579712420512,8.472579712420512,8.180421791302562,8.28116590203289,1980133.19,1629355195.0
2018-04-03,603993.SH,603993.SH,8.069597335967389,8.26101100560956,7.989002106644368,8.22071339094805,1178716.05,955658807.0
2018-04-04,603993.SH,603993.SH,8.271168535761465,8.301392050508461,8.009231407954157,8.019305912869823,1155191.33,937191378.0
2018-04-09,603993.SH,603993.SH,7.99900623738183,8.20049254059044,7.968783291900539,8.129972334467427,1087121.1,875140207.0
2018-04-10,603993.SH,603993.SH,8.169991863011154,8.663616525511213,8.139769944898907,8.65354255280713,2478854.1,2087073053.0
2018-04-11,603993.SH,603993.SH,8.703532701785871,8.753900367884167,8.542356170271317,8.612870902808934,1730920.43,1482625112.0
2018-04-12,603993.SH,603993.SH,8.562663913224158,8.592885079976714,8.260452245698598,8.320894579203712,1491450.62,1242268726.0
2018-04-13,603993.SH,603993.SH,8.41155807946138,8.46192669071564,8.189936189942637,8.320894579203712,1045409.52,862300425.0
2018-04-16,603993.SH,603993.SH,8.230285543710536,8.401539955268774,8.189990388049777,8.220211754795347,848672.38,696214628.0
2018-04-17,603993.SH,603993.SH,8.220211754795347,8.220211754795347,7.575489264223163,7.706448520120638,2077745.1,1611403667.0
2018-04-18,603993.SH,603993.SH,7.787088876678868,7.887827413246511,7.3841347304082925,7.837458144962689,1425343.56,1084743080.0
2018-04-19,603993.SH,603993.SH,7.877887862258573,8.039072268647496,7.777147608265496,7.918183963855804,1253347.51,987705289.0
2018-04-20,603993.SH,603993.SH,7.7769326466888415,7.988481332673901,7.706416418027156,7.726563911930494,1081854.44,838863933.0
2018-04-23,603993.SH,603993.SH,7.736696315742845,7.827360725692957,7.5553674958426225,7.706474845759475,769758.23,586285773.0
2018-04-24,603993.SH,603993.SH,7.72697984870533,8.150099996874332,7.72697984870533,8.05943139369526,1668381.54,1317410044.0
2018-04-25,603993.SH,603993.SH,7.988504290714108,8.038873170226807,7.85754520398109,7.907914083493789,1047155.52,824748849.0
2018-04-26,603993.SH,603993.SH,7.8774377974341,7.947951946515991,7.615528100844219,7.6256015507130614,937176.65,718184045.0
2018-04-27,603993.SH,603993.SH,7.706027502688229,7.736247218385044,7.5952218784665675,7.635514832728989,653325.83,497126156.0
2018-05-02,603993.SH,603993.SH,8.007859336005682,8.058223231200685,7.786258197147663,7.816476534264665,1038341.81,814783309.0
2018-05-03,603993.SH,603993.SH,7.69592636073359,7.73621916890497,7.33329108719117,7.675779956647901,1130321.26,846969614.0
2018-05-04,603993.SH,603993.SH,7.555270211328528,7.716449309170203,7.525049130483214,7.555270211328528,681190.71,513823763.0
2018-05-07,603993.SH,603993.SH,7.505144463231763,7.8275130844712475,7.484996424404295,7.787217006816313,1114494.66,852703198.0
2018-05-08,603993.SH,603993.SH,7.736993471151733,7.857883994138478,7.716845050653942,7.817587153142897,900488.57,696185884.0
2018-05-09,603993.SH,603993.SH,7.8376291605206285,7.8376291605206285,7.666369911511823,7.716740278867354,695079.64,532643525.0
2018-05-10,603993.SH,603993.SH,7.736594163817692,7.847404757309873,7.70637309286528,7.786962615405047,792023.73,611937526.0
2018-05-11,603993.SH,603993.SH,7.806859976934595,8.381041936528494,7.7665665060859,8.209794685421542,2838576.45,2291758609.0
2018-05-14,603993.SH,603993.SH,8.23012011679954,8.512180536959132,8.0689427338512,8.351003154010792,2317934.42,1911861722.0
2018-05-15,603993.SH,603993.SH,8.340721294665347,8.49182131811943,8.209767941005143,8.391087969150043,1353310.49,1121045561.0
2018-05-16,603993.SH,603993.SH,8.290415429627748,8.381076108688076,8.21990156813638,8.240048385705343,1086636.31,892860981.0
2018-05-17,603993.SH,603993.SH,8.310393983961086,8.380906417764391,8.119003092209255,8.15929591152543,875668.67,715870150.0
2018-05-18,603993.SH,603993.SH,8.16900049847971,8.289873502156352,8.027981994190295,8.259655251237191,993193.52,806068266.0
2018-05-21,603993.SH,603993.SH,8.35000709069344,8.511165249259296,8.279500396320879,8.329862320872708,1318460.3,1095257723.0
2018-05-22,603993.SH,603993.SH,8.229533186302405,8.229533186302405,7.977711485375158,8.169095978079865,1638603.15,1314432766.0
2018-05-23,603993.SH,603993.SH,8.048425862643658,8.118937728774453,7.846963387984242,7.857036511717213,1276379.69,1003838020.0
2018-05-24,603993.SH,603993.SH,7.786885411207063,7.907768496503937,7.776811820765656,7.827179772972687,640339.6,499204886.0
2018-05-25,603993.SH,603993.SH,7.817009636598349,7.8673769667310705,7.565172985934742,7.585319917987832,890555.54,677552721.0
2018-05-28,603993.SH,603993.SH,7.605466850040919,7.696128044279818,7.434217927589667,7.585319917987832,621216.37,468397199.0
2018-05-29,603993.SH,603993.SH,7.585076212930227,7.6455150672165235,7.474271646738683,7.52463735864393,718899.26,539043683.0
2018-05-30,603993.SH,603993.SH,7.393526188096968,7.393526188096968,6.859661218111764,7.061119697351464,1419489.54,1008053774.0
2018-05-31,603993.SH,603993.SH,7.12180063611769,7.212460050155964,7.061361026758841,7.16209370902359,768348.15,544778376.0
2018-06-01,603993.SH,603993.SH,7.141672252428432,7.3834213836812985,7.071162089146346,7.222255296179387,843125.01,606027633.0
2018-06-04,603993.SH,603993.SH,7.222406531439862,7.2425527142332795,6.930286880935321,7.071310160489237,807813.22,567002063.0
2018-06-05,603993.SH,603993.SH,7.061292142807831,7.232536032148392,7.031072632924204,7.232536032148392,716987.28,509249133.0
2018-06-06,603993.SH,603993.SH,7.222421365136538,7.464176055182949,7.192202028880736,7.3634449343302775,1150759.49,840764152.0
2018-06-07,603993.SH,603993.SH,7.43428677426695,7.4544338928964,7.273109825231352,7.283183384546078,724552.09,528675062.99999994
2018-06-08,603993.SH,603993.SH,7.232672969073534,7.252819690435857,7.07149919817496,7.152086083624248,646368.08,456949757.0
2018-06-11,603993.SH,603993.SH,7.172051738800751,7.272782802547952,7.13175931330187,7.18212484517547,548820.33,392387839.0
2018-06-12,603993.SH,603993.SH,7.141868580853397,7.1821612103645585,6.97062490543096,7.162014895608978,642656.06,451560975.0
2018-06-13,603993.SH,603993.SH,7.051188889250202,7.131773905127347,7.010896381311629,7.010896381311629,508228.85,356062846.0
2018-06-14,603993.SH,603993.SH,6.950457619403771,7.121700778142705,6.9202382384498415,7.010896381311629,509740.48,355928132.0
2018-06-15,603993.SH,603993.SH,7.010740355506365,7.071177772364178,6.758917785265475,6.879792618981102,897271.64,613553533.0
2018-06-19,603993.SH,603993.SH,6.667971075568205,6.667971075568205,6.194565274130583,6.194565274130584,1385414.15,875247638.0
2018-06-20,603993.SH,603993.SH,6.103707679234826,6.345438676432245,6.073491304585149,6.28500592713289,866203.27,534651856.99999994
2018-06-21,603993.SH,603993.SH,6.275164226048306,6.406106657731496,6.134149299620253,6.144221794365113,767324.58,476868472.0
2018-06-22,603993.SH,603993.SH,6.053646212383164,6.416260627767181,5.952919985887604,6.345752269220289,944925.45,586906065.0
2018-06-25,603993.SH,603993.SH,6.406024790136604,6.476531352292194,6.305301129914329,6.3254458619587846,772691.81,491316048.0
2018-06-26,603993.SH,603993.SH,6.20284064845156,6.447689621416753,6.090618202509179,6.427285540336321,614099.87,382676477.0
2018-06-27,603993.SH,603993.SH,6.417146105488783,6.4783589459226985,6.243709724259356,6.274316144476315,565417.26,350350979.0
2018-06-28,603993.SH,603993.SH,6.212827846260447,6.335248099388732,6.172021095217686,6.212827846260447,471852.62,289100355.0
2018-06-29,603993.SH,603993.SH,6.181979032382162,6.426809885149773,6.181979032382162,6.416608599617789,842905.54,524392481.0
2018-07-02,603993.SH,603993.SH,6.386314682665718,6.396516463308954,6.2026826310874705,6.263893314946886,699425.2,430950440.0
2018-07-03,603993.SH,603993.SH,6.2739155442508014,6.3147214990101554,6.080087259143865,6.2739155442508014,656011.36,398636618.0
2018-07-04,603993.SH,603993.SH,6.253424562141292,6.314632632896346,6.141209765757027,6.161612456008712,494165.45,301352988.0
2018-07-05,603993.SH,603993.SH,6.161559736329945,6.212566025537974,5.661698102091257,5.722905649140892,930418.67,540538806.0
2018-07-06,603993.SH,603993.SH,5.702332563009971,5.855346853609524,5.539117319703783,5.763538279249793,937056.07,527579724.00000006
2018-07-09,603993.SH,603993.SH,5.763434118919445,5.926646412552561,5.763434118919445,5.926646412552562,801719.14,461177224.0
2018-07-10,603993.SH,603993.SH,5.9370247136338365,6.406274089625514,5.9370247136338365,6.345067649278773,1628364.5,1000192639.0
2018-07-11,603993.SH,603993.SH,6.12092233422794,6.600394583742461,6.100519259780514,6.416766913715623,1834153.79,1147289490.0
2018-07-12,603993.SH,603993.SH,6.335410824390637,6.498642021154325,6.274199125604254,6.457834221963403,1191426.4,748786317.0
2018-07-13,603993.SH,603993.SH,6.4578619125236205,6.8353356736032005,6.3660439706393985,6.661901783377448,1745651.88,1128623163.0
2018-07-16,603993.SH,603993.SH,6.570138250000037,6.6619569522515905,6.457915391692583,6.529329937888236,959453.32,614779244.0
2018-07-17,603993.SH,603993.SH,6.478484076498903,6.549900436397317,6.325449019573733,6.427472390857179,1007204.89,633230664.0
2018-07-18,603993.SH,603993.SH,6.417249150569051,6.447856062256981,6.233607680441479,6.264214592129408,930510.82,578846583.0
2018-07-19,603993.SH,603993.SH,6.111280519535955,6.2541151226636735,6.029660746320117,6.080673104580016,1022011.08,612986761.0
2018-07-20,603993.SH,603993.SH,6.121484974346062,6.243914673832983,6.050067649645358,6.1724973491322785,850547.03,512798237.0
2018-07-23,603993.SH,603993.SH,6.162296621989627,6.305131311903294,5.9786520206720555,6.2949288340523175,1091803.26,662871970.0
2018-07-24,603993.SH,603993.SH,6.223511489095484,6.4887759132208656,6.131689188436698,6.2949288340523175,3843727.71,2371301313.0
2018-07-25,603993.SH,603993.SH,6.3255344053174305,6.3255344053174305,6.131687383218993,6.203104707149996,2447406.94,1486340208.0
2018-07-26,603993.SH,603993.SH,6.1725003110224765,6.192905270728336,5.948045754258023,5.988855673669742,2187307.62,1294488267.0
2018-07-27,603993.SH,603993.SH,5.948043463387206,6.009258318928069,5.856221180075911,5.907233559693297,1231573.88,715301571.0
2018-07-30,603993.SH,603993.SH,5.958245696116971,6.0806754022015665,5.907233318581723,5.99905559814517,1548097.02,908950075.0
2018-07-31,603993.SH,603993.SH,6.121487518828545,6.152094956422688,5.937842893263689,5.978652810055879,1655314.73,978364817.0
2018-08-01,603993.SH,603993.SH,5.988853384670972,6.029663288484744,5.764398913695229,5.774601389648671,1926320.79,1109402948.0
2018-08-02,603993.SH,603993.SH,5.7337917392621485,5.7337917392621485,5.407312494321954,5.539944687578908,1946060.74,1059719652.9999999
2018-08-03,603993.SH,603993.SH,5.509337448342912,5.550147355367675,5.315490389975291,5.325692866731481,1357935.1,722332455.0
2018-08-06,603993.SH,603993.SH,5.2746815643703755,5.2746815643703755,4.8359749739101705,4.876784889301818,2447220.38,1201375504.0
2018-08-07,603993.SH,603993.SH,4.917596223999282,5.029823523717107,4.70334410635616,5.0196210419245775,1916600.85,921315230.0
2018-08-08,603993.SH,603993.SH,4.989015273526348,5.019622729192155,4.815573024753449,4.85638296564119,1329068.97,642467490.0
2018-08-09,603993.SH,603993.SH,4.8869888935103925,5.172658390417054,4.86658392944563,5.091038534158008,2123209.37,1053309110.0000001
2018-08-10,603993.SH,603993.SH,5.1318483803418475,5.1318483803418475,5.050228525386112,5.111443416602913,1276748.65,637662144.0
2018-08-13,603993.SH,603993.SH,4.999215957647773,5.182860625479732,4.958406031462893,5.152253180841071,1206045.8,600280386.0
2018-08-14,603993.SH,603993.SH,5.131847142211581,5.142049621619556,5.060429786355753,5.11144218339563,914444.47,456976784.0
2018-08-15,603993.SH,603993.SH,5.101240333770334,5.131847775772956,4.9482031237572235,4.958405604424764,857979.75,422400693.0
2018-08-16,603993.SH,603993.SH,4.856380797749358,5.029822969097549,4.815570875079195,4.958405604424764,833831.71,403449549.0
2018-08-17,603993.SH,603993.SH,5.029821334405084,5.060428766460288,4.886986651480802,4.897189128832537,853834.3,416312074.0
2018-08-20,603993.SH,603993.SH,4.938000637591389,5.050227924809376,4.897190714966667,5.040025444153196,967959.15,471611165.0
2018-08-21,603993.SH,603993.SH,5.050228554817689,5.111443446391237,4.989013663244141,5.070633518675538,1133458.32,562356557.0
2018-08-22,603993.SH,603993.SH,5.050228252221351,5.060430733538969,4.927798476409924,4.938000957727542,875830.8,427692221.0
2018-08-23,603993.SH,603993.SH,4.948204933604566,5.029824808798043,4.917597480407013,4.99921735560049,771261.26,376018303.0
2018-08-24,603993.SH,603993.SH,4.978814146465543,4.978814146465543,4.886991754420071,4.907396730430176,856087.57,413484138.0
2018-08-27,603993.SH,603993.SH,4.938004093874984,5.019623996253083,4.917599118280459,5.00942150845582,1269619.3,619783126.0
2018-08-28,603993.SH,603993.SH,5.070638339273557,5.142055780671776,4.978815914618704,5.080840830901875,1773960.91,879958157.0
2018-08-29,603993.SH,603993.SH,5.07063966384847,5.07063966384847,4.989019709500808,4.999222203794267,919369.02,452198257.0
2018-08-30,603993.SH,603993.SH,5.009426468570467,5.019628966469796,4.8971989916778496,4.907401489577178,1027990.71,498670387.0
2018-08-31,603993.SH,603993.SH,4.866591611878813,4.886996608155036,4.764566630497707,4.795174124912038,981559.65,463225597.0
2018-09-03,603993.SH,603993.SH,4.83598421970516,4.866591714766584,4.744161734520885,4.825781721351352,889190.99,418867183.0
2018-09-04,603993.SH,603993.SH,4.784972518672973,4.846187518911859,4.713555018394271,4.815580018792415,1005298.4,471914959.0
2018-09-05,603993.SH,603993.SH,4.784974029716927,4.784974029716927,4.642138984053735,4.6523414873153905,916377.89,424403379.0
2018-09-06,603993.SH,603993.SH,4.621733317282709,4.693150829911801,4.529910801045304,4.570720808261929,848201.74,384086738.0
2018-09-07,603993.SH,603993.SH,4.59112581187024,4.6625433244993335,4.519708299241148,4.570720808261929,792126.03,355923002.0
2018-09-10,603993.SH,603993.SH,4.560516945743686,4.560516945743686,4.366669469302679,4.376871968062733,904530.26,394630610.0
2018-09-11,603993.SH,603993.SH,4.366669469302679,4.407479464342892,4.274846980462203,4.376871968062733,840708.2,358217815.0
2018-09-12,603993.SH,603993.SH,4.366669389363651,4.519706867962843,4.325859395070532,4.4584918765231665,1152931.38,502239124.0
2018-09-13,603993.SH,603993.SH,4.550314466398582,4.591124461612919,4.458491977166324,4.51970696998783,1025600.49,454287828.0
2018-09-14,603993.SH,603993.SH,4.519706969987829,4.621731958023672,4.4890994735770775,4.51970696998783,1193152.31,532974797.0
2018-09-17,603993.SH,603993.SH,4.489101250293263,4.489101250293263,4.35646871335278,4.35646871335278,717177.7,308810513.0
2018-09-18,603993.SH,603993.SH,4.336063855489983,4.540113919277747,4.305456345921818,4.489101403330806,1018492.6,439924069.0
2018-09-19,603993.SH,603993.SH,4.489102204956056,4.6115322650912205,4.458494689922264,4.570722245046166,1284112.91,572767213.0
2018-09-20,603993.SH,603993.SH,4.58092669593697,4.723761826767967,4.5707241865918995,4.611534223972183,1532094.62,698587955.0
2018-09-21,603993.SH,603993.SH,4.652343981211307,4.815584120902932,4.550318893904042,4.744166559787847,1925316.93,887289206.0
2018-09-25,603993.SH,603993.SH,4.662546842402352,4.795179465928022,4.642141823398403,4.7237618994142,1064746.79,494389494.0
2018-09-26,603993.SH,603993.SH,4.7237618994142,4.784976956426047,4.6931543709082755,4.7237618994142,1105709.46,513511617.0
2018-09-27,603993.SH,603993.SH,4.723760259930677,4.764570283774571,4.6523427182038635,4.703355248008731,914657.1,422476886.0
2018-09-28,603993.SH,603993.SH,4.693152680295747,4.703355186122478,4.601330127855179,4.652342656988828,1486141.29,675965197.0
2018-10-08,603993.SH,603993.SH,4.540112896746104,4.560517898529231,4.36667038158951,4.387075383372639,1231569.11,539878802.0
2018-10-09,603993.SH,603993.SH,4.407480790441322,4.468695801419673,4.376873284952145,4.438088295930497,710813.41,308709015.0
2018-10-10,603993.SH,603993.SH,4.478900121827594,4.489102627799867,4.33606503821578,4.397280074049415,866964.27,374510873.0
2018-10-11,603993.SH,603993.SH,4.193229868145619,4.234039891193264,3.958572235621654,3.958572235621654,1976687.94,786196720.0
2018-10-12,603993.SH,603993.SH,3.887154202983721,3.9483692298023625,3.611686582299835,3.866749194044174,1632700.42,608671895.0
2018-10-15,603993.SH,603993.SH,3.8259398774153865,3.9279649408131303,3.754522333036966,3.7851298520562895,923112.03,347166401.0
2018-10-16,603993.SH,603993.SH,3.815738969560187,3.8565490120153756,3.7341188846498086,3.774928927104998,822165.72,305894436.0
2018-10-17,603993.SH,603993.SH,3.8259418971703307,3.866751944073481,3.6320941743803674,3.7443218033640306,1232736.55,451227369.0
2018-10-18,603993.SH,603993.SH,3.672904056671564,3.7137141017456923,3.621891500328903,3.6422965228659674,797710.87,286532968.0
2018-10-19,603993.SH,603993.SH,3.570879071168232,3.7545242805425985,3.509664001376777,3.7239167456468705,959786.65,343786065.0
2018-10-22,603993.SH,603993.SH,3.7647281847392655,4.081006162318987,3.7239181231160754,3.999386039072607,1972140.54,755526725.0
2018-10-23,603993.SH,603993.SH,3.999387224075878,4.009589742504644,3.825944410786873,3.8565519660731677,1237787.9,474357358.0
2018-10-24,603993.SH,603993.SH,3.81574372550826,3.9585790521315634,3.81574372550826,3.907566435480384,1097898.25,420755175.0
2018-10-25,603993.SH,603993.SH,3.713718111061108,3.8973635121575363,3.683110544211703,3.8769584675912663,960993.23,357004092.0
2018-10-26,603993.SH,603993.SH,3.948374889705673,4.029995042464447,3.8871597751365927,3.9177673324211324,1429520.41,554222369.0
2018-10-29,603993.SH,603993.SH,3.897363620993071,3.907566143561116,3.8157434404487143,3.836148485584803,740708.01,279908263.0
2018-10-30,603993.SH,603993.SH,3.8769589755434333,3.999389258981647,3.8565539283037307,3.9585791645022423,1331322.45,514628718.0
2018-10-31,603993.SH,603993.SH,4.009591506757347,4.193236919280584,3.9483763692496003,4.152426827608753,2282729.58,911493013.0
2018-11-01,603993.SH,603993.SH,4.142224366669214,4.203439505092897,4.070806705174917,4.091211751316145,2109748.44,853065401.0
2018-11-02,603993.SH,603993.SH,4.183035337488739,4.336073215689546,4.111617660995029,4.274858064409224,2785307.23,1147648838.0
2018-11-05,603993.SH,603993.SH,4.203439573689773,4.285059759586662,4.162629480741329,4.213642096926884,1695284.11,700615882.0
2018-11-06,603993.SH,603993.SH,4.1728329732181475,4.213643075645709,4.1218203451836954,4.1728329732181475,968787.98,394908849.0
2018-11-07,603993.SH,603993.SH,4.50951741940649,4.580935116093923,4.356479497933418,4.387087082228033,4036542.03,1773088005.0
2018-11-08,603993.SH,603993.SH,4.3870881242914725,4.407493185334689,4.285062819075391,4.295265349597,1751205.65,741711337.0
2018-11-09,603993.SH,603993.SH,4.234048748266083,4.254453802474594,4.183036112744804,4.203441166953316,1125854.54,465211269.0
2018-11-12,603993.SH,603993.SH,4.152428850083627,4.264656656842644,4.121821266422077,4.2544541289554605,1335948.02,549034185.0
2018-11-13,603993.SH,603993.SH,4.162630367046047,4.305465722778019,4.142225316227194,4.285060671959166,1639585.26,682166307.0
2018-11-14,603993.SH,603993.SH,4.264654385008249,4.30546447481694,4.213641772747384,4.223844295199557,1211976.5,506115799.0
2018-11-15,603993.SH,603993.SH,4.193237409996383,4.264655078779776,4.183034885884469,4.264655078779776,1121498.12,464727007.0
2018-11-16,603993.SH,603993.SH,4.27485760289169,4.30546517522743,4.234047506444036,4.264655078779776,1321265.68,552858863.0
2018-11-19,603993.SH,603993.SH,4.2442487042278145,4.264653746075063,4.193236099609692,4.2442487042278145,1062345.44,439032017.0
2018-11-20,603993.SH,603993.SH,4.203440252936664,4.315668026680119,4.183035203165127,4.203440252936664,1485568.74,617431866.0
2018-11-21,603993.SH,603993.SH,4.13202071983126,4.183033321310658,4.050400557464224,4.172830801014779,1011294.96,409112882.0
2018-11-22,603993.SH,603993.SH,4.183033166765093,4.213640726521911,4.132020567170397,4.142223087089336,607447.74,247893972.0
2018-11-23,603993.SH,603993.SH,4.142223215530361,4.162628256000954,3.927970290589136,3.9483753310597294,1208750.11,475810610.0
2018-11-26,603993.SH,603993.SH,3.927969711730358,3.9789823053891933,3.866754599339755,3.8769571180715214,652097.89,250362091.0
2018-11-27,603993.SH,603993.SH,3.917767600039337,3.9585776792064133,3.8769575208722604,3.927970119831106,601282.35,230863770.0
2018-11-28,603993.SH,603993.SH,3.907564274564047,3.9585768630048306,3.8463491684351063,3.9585768630048306,713245.08,273651193.0
2018-11-29,603993.SH,603993.SH,4.009589451445615,4.050399522198242,3.938171827628517,3.9585768630048306,1055419.95,413594870.0
2018-11-30,603993.SH,603993.SH,3.938172303780274,4.111615125449354,3.897362228093432,4.05040001191909,1377406.37,543631453.0
2018-12-03,603993.SH,603993.SH,4.15242640929903,4.213641540640047,4.132021365518691,4.172831453079369,1385767.1,566134846.0
2018-12-04,603993.SH,603993.SH,4.172831350552797,4.172831350552797,4.111616220715837,4.152426307273811,889806.5,361726860.0
2018-12-05,603993.SH,603993.SH,4.081008596509096,4.274856504843279,4.050401032035278,4.213641375895642,1647659.45,678116225.0
2018-12-06,603993.SH,603993.SH,4.1830344605132765,4.203439506662122,4.132021845141164,4.142224368215587,832440.41,338919507.0
2018-12-07,603993.SH,603993.SH,4.172832164111208,4.183034687739841,4.111617022339406,4.1320220695966725,501397.75,203597251.0
2018-12-10,603993.SH,603993.SH,4.111617384824533,4.1218199093526335,4.05040223765593,4.05040223765593,558335.4,222913379.0
2018-12-11,603993.SH,603993.SH,4.081007963618874,4.111615523346016,4.050400403891732,4.101413003436968,384069.24,153899245.0
2018-12-12,603993.SH,603993.SH,4.142223346392961,4.183033428623434,4.111615784720107,4.172830908065816,840131.33,343006204.0
2018-12-13,603993.SH,603993.SH,4.193236252306542,4.254451380077439,4.152426167125943,4.234046337487141,1010835.73,417988133.0
2018-12-14,603993.SH,603993.SH,4.2136433087695195,4.264655939626293,4.1524281517413915,4.1626306779127455,1616632.3,668672117.0
2018-12-17,603993.SH,603993.SH,4.142226184520964,4.244251460001776,4.121821129424802,4.234048932453695,909726.84,375419031.0
2018-12-18,603993.SH,603993.SH,4.203441349809451,4.27485904264602,4.172833767165208,4.234048932453695,843287.28,349065686.0
2018-12-19,603993.SH,603993.SH,4.213643156195989,4.234048207799844,4.162630527186352,4.172833052988279,528254.22,216982002.0
2018-12-20,603993.SH,603993.SH,4.172832846922449,4.213642948114845,4.091212644537658,4.132022745730054,745642.26,302720179.0
2018-12-21,603993.SH,603993.SH,4.101413604410119,4.132021168622136,3.989185868966062,4.0095909117740725,758383.74,300684148.0
2018-12-24,603993.SH,603993.SH,4.009590678304222,4.081008323973762,3.999388157494287,4.029995719924091,366199.58,144704075.0
2018-12-25,603993.SH,603993.SH,3.9891851239355556,3.9891851239355556,3.836147331457209,3.968780084938443,768911.07,294701986.0
2018-12-26,603993.SH,603993.SH,3.9279718788674236,3.978984500670897,3.917769354506729,3.9177693545067287,402453.58,155452928.0
2018-12-27,603993.SH,603993.SH,3.989188383052707,4.009593438720495,3.825947937710396,3.8361504655442906,607804.62,233511784.0
2018-12-28,603993.SH,603993.SH,3.866758049045974,3.8871631047137627,3.8157454098765022,3.8361504655442906,512829.72,193517799.0
2019-01-02,603993.SH,603993.SH,3.856555022250718,3.8667575487646086,3.7239221775701377,3.7851373366534826,542696.61,201531123.0
2019-01-03,603993.SH,603993.SH,3.7749338613591847,3.836149005056901,3.744326289510326,3.815743957157663,551981.67,205053788.0
2019-01-04,603993.SH,603993.SH,3.75452818607132,3.927971064232224,3.744325663826561,3.9075660197427053,860509.38,325756878.0
2019-01-07,603993.SH,603993.SH,3.9381743761364674,3.9891869975890124,3.9075668032649404,3.9687819490079943,861046.96,332815643.0
2019-01-08,603993.SH,603993.SH,3.978983574151363,3.978983574151363,3.927970964226345,3.927970964226345,488644.8,189003642.0
2019-01-09,603993.SH,603993.SH,3.93817190482044,4.009589530037392,3.907564351156033,3.9381719048204404,677065.9,262594368.00000003
2019-01-10,603993.SH,603993.SH,3.9177670340027735,3.938172070638205,3.876956960731911,3.8769569607319116,560124.12,214340747.0
2019-01-11,603993.SH,603993.SH,3.876957972992214,3.9279705779000067,3.876957972992214,3.90756553593689,368865.0,141108298.0
2019-01-14,603993.SH,603993.SH,3.917767789564198,3.938172830134845,3.8769577084229043,3.887160228708228,467984.43,179223864.0
2019-01-15,603993.SH,603993.SH,3.8973613657326798,3.95857646571801,3.876956332404236,3.938171432389566,676370.47,259995370.0
2019-01-16,603993.SH,603993.SH,3.927967702373689,3.938170215886348,3.8871576483230537,3.8973601618357123,443858.22,170009246.0
2019-01-17,603993.SH,603993.SH,3.8973601618357123,3.948372729399007,3.8565501077850763,3.8973601618357123,625544.15,238961849.0
2019-01-18,603993.SH,603993.SH,3.8871576086581796,4.040195309786454,3.8871576086581796,3.9993852561522476,1460844.43,570086290.0
2019-01-21,603993.SH,603993.SH,4.050397823195006,4.050397823195006,3.9891827427436963,3.9993852561522476,872268.89,342906697.0
2019-01-22,603993.SH,603993.SH,3.989183238807871,3.9993857534851287,3.9279681507443227,3.938170665421581,649456.33,251651428.0
2019-01-23,603993.SH,603993.SH,3.9279680699634865,3.968778127833237,3.9075630410286113,3.968778127833237,420930.87,162988903.0
2019-01-24,603993.SH,603993.SH,3.958575941537871,3.968778456851113,3.9075633649716615,3.9381709109113867,440795.73,169993267.0
2019-01-25,603993.SH,603993.SH,3.9381696220554514,3.9687771579781623,3.907562086132741,3.927967110081215,503613.91,194128466.0
2019-01-28,603993.SH,603993.SH,3.948373727773649,3.968778759958526,3.9075636634038955,3.917766179496334,502963.21,194106089.0
2019-01-29,603993.SH,603993.SH,3.9075630035514566,3.9075630035514566,3.69331020179015,3.8667529460731127,741417.56,277878018.0
2019-01-30,603993.SH,603993.SH,3.836145402964354,3.9075630035514566,3.8055378598555962,3.8667529460731127,397259.48,150697339.0
2019-01-31,603993.SH,603993.SH,3.9279695359658913,3.9789821273420714,3.8565519080392385,3.9177670176906547,961437.74,369817229.0
2019-02-01,603993.SH,603993.SH,3.938172054241127,3.989184645617308,3.907564499415419,3.9789821273420714,744697.36,288310841.0
2019-02-11,603993.SH,603993.SH,3.9789834994048743,4.162628891685099,3.9687809776115284,4.142223848098407,1529362.55,606223333.0
2019-02-12,603993.SH,603993.SH,4.101413983717871,4.152426595455656,4.081008939022757,4.132021550760541,1218535.17,491680177.0
2019-02-13,603993.SH,603993.SH,4.132021945225604,4.3564774582995875,4.111616898582516,4.274857271727231,2219592.12,922635772.0
2019-02-14,603993.SH,603993.SH,4.254451816002196,4.274856860683262,4.193236681958999,4.244249293661664,1237516.93,513397196.0
2019-02-15,603993.SH,603993.SH,4.223844248980598,4.346274517066991,4.203439204299532,4.244249293661664,1261206.84,528038179.0
2019-02-18,603993.SH,603993.SH,4.305466341244605,4.417694136869465,4.264656233744656,4.407491609994478,1995174.09,847503810.0
2019-02-19,603993.SH,603993.SH,4.417693316879835,4.5299210916735495,4.325870592048615,4.397288266917341,1962003.06,850073643.0
2019-02-20,603993.SH,603993.SH,4.417693136973772,4.5707310054601615,4.397288087842252,4.509515858065606,2525542.71,1115529110.0
2019-02-21,603993.SH,603993.SH,4.5095137799476985,4.550323859404239,4.407488581306348,4.427893621034618,1968130.5,865142441.0
2019-02-22,603993.SH,603993.SH,4.407489725847802,4.478907383442557,4.336072068253046,4.478907383442557,1587844.15,684268716.0
2019-02-25,603993.SH,603993.SH,4.550323917735316,4.876804557572827,4.550323917735316,4.876804557572827,3545060.5,1638603738.0
2019-02-26,603993.SH,603993.SH,4.938021102743161,5.264501836808825,4.774780735710329,5.019641286259577,4384829.96,2139336884.0
2019-02-27,603993.SH,603993.SH,4.94822486273862,5.080857694110995,4.795186980385879,4.897212235287705,2771506.75,1348039738.0
2019-02-28,603993.SH,603993.SH,4.897213881409465,4.94822652600748,4.815593650052641,4.856403765731053,1378799.91,658917380.0
2019-03-01,603993.SH,603993.SH,4.907418746218298,4.938026347546063,4.78498834090724,4.887013678666455,1452321.48,691348253.0
2019-03-04,603993.SH,603993.SH,4.897217520394533,5.029850494905218,4.876812447392889,4.927825129896998,2540630.14,1233831878.0
2019-03-05,603993.SH,603993.SH,4.88701514412371,4.978837975641692,4.825799923111723,4.978837975641692,2016524.51,970100062.0
2019-03-06,603993.SH,603993.SH,4.978835933041497,5.233899249283376,4.978835933041497,5.172684053385326,3865974.78,1936281310.0
2019-03-07,603993.SH,603993.SH,5.14207598615942,5.448151937716529,5.060455732410857,5.254303835063693,3663595.9,1886848159.0
2019-03-08,603993.SH,603993.SH,5.142076850373871,5.142076850373871,4.795190713642301,4.856405914241989,2927072.53,1434626295.0
2019-03-11,603993.SH,603993.SH,4.856407996989267,4.958433375077278,4.784990232327661,4.9482308372684765,1747854.84,837404003.0
2019-03-12,603993.SH,603993.SH,4.958433375077278,5.0502562153564865,4.856407996989267,4.9482308372684765,2082922.78,1013753006.0
2019-03-13,603993.SH,603993.SH,4.938026868147124,5.019647146959473,4.846204054483231,4.927824333295581,1913375.27,925776520.0
2019-03-14,603993.SH,603993.SH,4.897217460745976,5.019647897264625,4.795192096980435,4.846204778863205,1775616.35,854083474.0
2019-03-15,603993.SH,603993.SH,4.938026309501247,4.968633910593196,4.8257984388307635,4.856406039922713,1458064.35,699444784.0
2019-03-18,603993.SH,603993.SH,4.866608730924549,5.050254343412268,4.866608730924549,5.050254343412268,2330224.28,1135576114.0
2019-03-19,603993.SH,603993.SH,5.019648777698828,5.0706614685291,4.968636086868556,5.0298513158648825,1654261.65,811894877.0
2019-03-20,603993.SH,603993.SH,5.070661406184903,5.080863944225517,4.907420797535087,4.978838563819381,1614484.97,790055942.0
2019-03-21,603993.SH,603993.SH,4.978839463486309,5.040054702791469,4.948231843833729,4.968636923602116,1800054.19,880591054.0
2019-03-22,603993.SH,603993.SH,4.9482343283015995,4.968639418315215,4.815601243213103,4.876816513253948,1795985.92,857886903.0
2019-03-25,603993.SH,603993.SH,4.764587794705755,4.795195425078598,4.703372533960072,4.703372533960072,1793810.91,834560911.0
2019-03-26,603993.SH,603993.SH,4.7135749520010535,4.764587667931801,4.570739347394961,4.601346976953409,1353967.49,619130660.0
2019-03-27,603993.SH,603993.SH,4.621751526872344,4.6523591528781205,4.519726106853086,4.570738816862716,914203.22,409332614.0
2019-03-28,603993.SH,603993.SH,4.570740108373904,4.693170646991062,4.519727383950087,4.62175283279772,1049218.55,473691223.0
2019-03-29,603993.SH,603993.SH,4.642159855139429,4.75438789559335,4.570742011214207,4.754387895593349,1462386.73,670800225.0
2019-04-01,603993.SH,603993.SH,4.784996625655531,5.131883374636955,4.784996625655531,5.050262963111915,3518611.73,1720709832.0
2019-04-02,603993.SH,603993.SH,5.101277647238299,5.254315976655448,4.97884698370458,5.131885313121729,3559465.9,1773494509.0
2019-04-03,603993.SH,603993.SH,5.080873266834621,5.152291164159605,5.009455369509636,5.111480937116757,2205528.43,1101627380.0
2019-04-04,603993.SH,603993.SH,5.152290920264166,5.284924151874927,5.111480695153163,5.172696032819668,2720545.85,1383977398.0
2019-04-08,603993.SH,603993.SH,5.284925345914765,5.325735580246153,5.1318869671720595,5.193102318669141,2963372.34,1514521166.0
2019-04-09,603993.SH,603993.SH,5.1726986615389485,5.1726986615389485,4.989052555212122,5.060470485450332,2199860.13,1090173208.0
2019-04-10,603993.SH,603993.SH,5.009458325824783,5.080876265296826,4.978850637479621,5.050268576951664,1246151.62,614030213.0
2019-04-11,603993.SH,603993.SH,5.040067096392709,5.162497876062166,4.978851706557979,4.989054271530433,1673081.88,830149533.0
2019-04-12,603993.SH,603993.SH,4.948243807589314,5.009459194899699,4.897230984830662,4.948243807589314,1024947.31,496236183.0
2019-04-15,603993.SH,603993.SH,5.0400668885548905,5.070674582210081,4.938041243037584,4.948243807589314,1175071.46,577275232.0
2019-04-16,603993.SH,603993.SH,4.907431570578542,5.0604699771454404,4.856418768389576,5.0604699771454404,1744537.14,854890697.0
2019-04-17,603993.SH,603993.SH,5.060468163209155,5.060468163209155,4.989050265744509,5.009455379305837,1279984.57,629990208.0
2019-04-18,603993.SH,603993.SH,5.0094550675140095,5.040062735950959,4.907429506057511,4.917632062203162,1246219.37,605618237.0
2019-04-19,603993.SH,603993.SH,4.887024071323368,4.948239404158315,4.866618960378384,4.948239404158315,902117.07,434151864.0
2019-04-22,603993.SH,603993.SH,4.876819879687813,4.876819879687813,4.703376494845359,4.713579046894915,2211196.15,1030887488.0
2019-04-23,603993.SH,603993.SH,4.7135767263636925,4.733981820417215,4.601348709069319,4.642158897176364,1262970.65,574321210.0
2019-04-24,603993.SH,603993.SH,4.652361393633978,4.703374128213299,4.601348659054659,4.693171581297434,845820.47,385816771.0
2019-04-25,603993.SH,603993.SH,4.682967561087941,4.693170104794015,4.540131949202906,4.540131949202906,1012909.52,457258137.0
2019-04-26,603993.SH,603993.SH,4.509522151036385,4.540129767446134,4.458509457020136,4.458509457020136,773287.16,340870074.0
2019-04-29,603993.SH,603993.SH,4.458507543175549,4.489115146446777,4.203444182581983,4.254456854700695,1175475.04,497270500.0
2019-04-30,603993.SH,603993.SH,4.234050418083513,4.3360757293626335,4.203442824699776,4.295265604850985,694018.15,291769895.0
2019-05-06,603993.SH,603993.SH,4.172834815099737,4.193239875320274,3.876961441901956,3.989189273114908,1303745.28,518945054.0
2019-05-07,603993.SH,603993.SH,4.029998327687124,4.09121349215832,3.978985690627793,4.050403382510856,770515.49,305448553.0
2019-05-08,603993.SH,603993.SH,3.9585806358040605,4.101416019570186,3.9279730535684623,4.050403382510856,712822.99,281633251.0
2019-05-09,603993.SH,603993.SH,4.009591518028676,4.081009178655141,3.9789839491887626,4.009591518028676,585666.32,230781016.0
2019-05-10,603993.SH,603993.SH,4.029997732620956,4.1014154139585415,3.958580051283369,4.081010362147803,901401.87,358656434.0
2019-05-13,603993.SH,603993.SH,4.050402784431695,4.070807836242434,3.989187628999478,3.9891876289994777,546475.23,215954977.0
2019-05-14,603993.SH,603993.SH,3.9483778806304763,4.029998095217152,3.927972826983807,3.9687829342771455,503401.23,196745220.0
2019-05-15,603993.SH,603993.SH,3.9993914001084088,4.029998987354137,3.9891888710264998,4.009593929190318,526262.22,206993867.0
2019-05-16,603993.SH,603993.SH,4.0197950885638045,4.1524279214352,4.009592562958313,4.132022870224215,1240672.42,499842141.0
2019-05-17,603993.SH,603993.SH,4.142224391974064,4.1524269151070055,3.978984021847007,3.999389068112889,866835.71,343270458.0
2019-05-20,603993.SH,603993.SH,3.9789838602638996,4.019793951138401,3.8973636785148966,4.019793951138401,598171.55,232456335.0
2019-05-21,603993.SH,603993.SH,4.01979452539468,4.162629863860481,3.989186952866294,4.142224815508223,1022772.25,411491279.0
2019-05-22,603993.SH,603993.SH,4.132023424804544,4.152428478754196,4.050403209005935,4.09121331690524,760889.78,305276521.0
2019-05-23,603993.SH,603993.SH,4.081010331857774,4.081010331857774,3.9891875993909744,3.9993901252206183,542162.0,213479945.0
2019-05-24,603993.SH,603993.SH,3.9789854017250468,4.029998035080497,3.9483778217117775,3.9585803483828674,523058.4,204042730.0
2019-05-27,603993.SH,603993.SH,3.968783197391653,4.040200889889703,3.9585806698919312,4.01979583489026,509557.33,200035508.0
2019-05-28,603993.SH,603993.SH,4.009593023166203,4.040200603495716,3.9687829160601855,4.029998076719211,734983.8,289144260.0
2019-05-29,603993.SH,603993.SH,4.009592121007773,4.111617365817131,3.989187072045901,4.081009792374323,911394.87,362702548.0
2019-05-30,603993.SH,603993.SH,4.050402218931516,4.18303503718368,3.999389596526836,4.18303503718368,1651762.82,667870843.0
2019-05-31,603993.SH,603993.SH,4.172833237512362,4.2034408162716215,4.1116180799938435,4.1116180799938435,1087982.57,443204174.0
2019-06-03,603993.SH,603993.SH,4.121820388763934,4.142225440193458,4.050402708760599,4.060605234475361,649407.08,260223134.0
2019-06-04,603993.SH,603993.SH,4.040198131867282,4.091210734542374,3.958577967587135,3.9789830086571714,643347.25,252310891.0
2019-06-05,603993.SH,603993.SH,4.009590160073933,4.0401977185477795,3.9789826016000855,3.989185121091368,417710.08,163971334.0
2019-06-06,603993.SH,603993.SH,3.9891840049463085,3.9993865215829993,3.9381714217628514,3.9381714217628514,447531.6,173858232.0
2019-06-10,603993.SH,603993.SH,3.968777530326086,4.009587582051804,3.938169991531797,3.989182556188945,465637.06,181486222.0
2019-06-11,603993.SH,603993.SH,3.989182240214089,4.121814897817115,3.96877721596747,4.121814897817115,1029935.27,410752626.0
2019-06-12,603993.SH,603993.SH,4.132015374463869,4.223837938340843,4.101407853171543,4.14221788156131,1317344.78,538234187.0
2019-06-13,603993.SH,603993.SH,4.111610583615721,4.132015598919025,4.0605980453574615,4.132015598919025,687767.01,276603691.0
2019-06-14,603993.SH,603993.SH,4.132017294895576,4.193232365931067,4.081004735699334,4.10140975937783,775181.31,314054230.0
2019-06-17,603993.SH,603993.SH,4.0708022238600865,4.152422318574073,4.060599712020838,4.10140975937783,476747.56,191842390.0
2019-06-18,603993.SH,603993.SH,4.081006281534461,4.101411312942133,3.9993861559037716,4.0401962187191165,631159.16,249724647.0
2019-06-19,603993.SH,603993.SH,4.101411271928019,4.132018818733453,4.0708037251225875,4.081006240724398,583944.93,234222899.0
2019-06-20,603993.SH,603993.SH,4.101411271928019,4.152423849937075,4.060601209520776,4.142221334335264,955487.82,385405089.0
2019-06-21,603993.SH,603993.SH,4.132017712840338,4.234042841552446,4.121815199969127,4.1932327900676025,1412103.86,579826341.0
2019-06-24,603993.SH,603993.SH,4.203433433622632,4.295256008628952,4.172825908620526,4.244243466958775,1241228.26,514578824.0
2019-06-25,603993.SH,603993.SH,4.23404095862474,4.285053500294917,4.152420891952455,4.244243466958775,1234356.61,511675163.0
2019-06-26,603993.SH,603993.SH,4.203432444579473,4.223837456446363,4.1626224208456915,4.1626224208456915,693448.56,284602550.0
2019-06-27,603993.SH,603993.SH,4.1728250896210834,4.203432608615859,4.162622583289492,4.183027595952676,563975.92,231421909.0
2019-06-28,603993.SH,603993.SH,4.193510516624957,4.203994292916519,4.141091635167145,4.151575411458707,552492.41,219871800.0
2019-07-01,603993.SH,603993.SH,4.2039952526373,4.224962810007063,4.1935114739524195,4.224962810007063,785663.84,315761474.0
2019-07-02,603993.SH,603993.SH,4.2249623268604655,4.340283879206532,4.18302721691644,4.308832546748514,1361950.96,554303045.0
2019-07-03,603993.SH,603993.SH,4.298347542686555,4.298347542686555,4.224961121226054,4.224961121226054,897105.22,363588850.0
2019-07-04,603993.SH,603993.SH,4.235446549861827,4.256414107039361,4.203995214095526,4.214478992684293,551847.13,222599835.0
2019-07-05,603993.SH,603993.SH,4.214477142937901,4.22496091692531,4.183025820975679,4.203993368950494,315105.75,126263584.0
2019-07-08,603993.SH,603993.SH,4.183026627471659,4.19351040348036,4.06770509137595,4.07818886738465,702894.61,275623211.0
2019-07-09,603993.SH,603993.SH,4.0781901117551,4.099157670170293,4.04673877413231,4.0886738909626965,397442.04,154274538.0
2019-07-10,603993.SH,603993.SH,4.099159369303006,4.1096431528562105,4.036256667983778,4.046740451536983,307275.11,118975731.0
2019-07-11,603993.SH,603993.SH,4.067708018643392,4.1096431528562105,4.025772884430574,4.046740451536983,377880.78,146632872.0
2019-07-12,603993.SH,603993.SH,4.057222907271347,4.067706687393495,4.025771566904902,4.03625534702705,348980.37,134527614.0
2019-07-15,603993.SH,603993.SH,4.036253726250939,4.0781888299002995,3.973351070776898,4.046737502163279,511069.05,196317526.0
2019-07-16,603993.SH,603993.SH,4.0467388197057215,4.088673937008372,4.03625504038006,4.057222599031385,354583.84,137325659.0
2019-07-17,603993.SH,603993.SH,4.057222430419536,4.067706209309509,4.03625487263959,4.03625487263959,322670.22,124620857.0
2019-07-18,603993.SH,603993.SH,4.046737859087268,4.067705412761296,4.015286528576228,4.015286528576228,439977.3,169618191.0
2019-07-19,603993.SH,603993.SH,4.036254758426841,4.09915742998674,4.025770979833524,4.06770609420679,508536.78,197308738.0
2019-07-22,603993.SH,603993.SH,4.046739184498324,4.0572229647690445,3.9209338212496716,3.9314176015203923,604888.48,228553933.0
2019-07-23,603993.SH,603993.SH,3.941901381791113,3.962868942332555,3.9314176015203923,3.9628689423325554,253701.36,95610169.0
2019-07-24,603993.SH,603993.SH,3.9838365454818745,4.004804106247569,3.889482522036251,3.9209338631847928,1383454.32,519505229.0
2019-07-25,603993.SH,603993.SH,3.8999653569727224,3.910449134814047,3.795127578559477,3.8056113564008016,1521908.82,555173463.0
2019-07-26,603993.SH,603993.SH,3.8265775340910455,3.8370613081570486,3.711256019365014,3.7846424378270336,1676157.59,603506538.0
2019-07-29,603993.SH,603993.SH,3.763673284285682,3.763673284285682,3.6798031275327974,3.7112544363151296,1503955.73,532644670.00000006
2019-07-30,603993.SH,603993.SH,3.7007706667210187,3.7427057450974606,3.6902868971269083,3.7112544363151296,922831.67,327490908.0
2019-07-31,603993.SH,603993.SH,3.7007711369846947,3.8370601590266245,3.6378685114268814,3.795125075321415,1809122.23,641787180.0
2019-08-01,603993.SH,603993.SH,3.784640164933214,3.9314129137117875,3.75318886162352,3.8999616104020935,2776371.78,1025239407.0
2019-08-02,603993.SH,603993.SH,3.8056084928735183,3.878994882543256,3.7846409529678793,3.8265760327791574,1337374.99,489157070.0
2019-08-05,603993.SH,603993.SH,3.805606675588564,3.816090440535089,3.7112527910698394,3.7322203209628895,1304510.0,469494687.0
2019-08-06,603993.SH,603993.SH,3.627381943881056,3.6798007580989904,3.5225443154451876,3.5539956039759484,1624662.4,556045415.0
2019-08-07,603993.SH,603993.SH,3.8265734892037577,3.910443593076717,3.8265734892037577,3.9104435930767165,2908557.17,1082540828.0
2019-08-08,603993.SH,603993.SH,4.057216415880629,4.21447286610856,3.8999599656526973,3.9209274923497555,5906440.14,2290013621.0
2019-08-09,603993.SH,603993.SH,3.941895142231032,4.067700306344789,3.847541269145715,4.025765251640203,3204180.08,1213129648.0
2019-08-12,603993.SH,603993.SH,3.941895142231031,3.973346433259471,3.858025032821861,3.8999600875264466,1738009.02,647462192.0
2019-08-13,603993.SH,603993.SH,3.8789944220905825,3.9943158778824643,3.8580268846738766,3.931413265632347,1655922.19,620802464.0
2019-08-14,603993.SH,603993.SH,3.9628658584017473,4.088671123747835,3.88947945361653,4.036252263186965,2579072.54,987070757.0
2019-08-15,603993.SH,603993.SH,3.931413814025496,4.025767745562108,3.910446273684027,3.9628651245376996,1485493.86,560905744.0
2019-08-16,603993.SH,603993.SH,3.962863169665895,3.9733469346650114,3.9104443446703145,3.910444344670315,1024652.33,384390384.0
2019-08-19,603993.SH,603993.SH,3.920928516361443,3.9523798146210263,3.868509685928803,3.9418960485344985,1197275.65,447177325.0
2019-08-20,603993.SH,603993.SH,3.920928516361443,4.004798645053666,3.899960984188387,3.9418960485344985,1293226.84,487222132.0
2019-08-21,603993.SH,603993.SH,3.9209274879211766,3.9209274879211766,3.8265736178909875,3.837057381227675,1444468.14,532594039.0
2019-08-22,603993.SH,603993.SH,3.847541144564363,3.8580249079010507,3.7741548012075494,3.837057381227675,986120.88,358880569.0
2019-08-23,603993.SH,603993.SH,3.8370570811226283,3.8475408436393566,3.7427032184720717,3.7531869809888003,988308.74,356399637.0
2019-08-26,603993.SH,603993.SH,3.6902859025037715,3.8265748704939675,3.669318368966818,3.7741560366515845,1038476.13,371647590.0
2019-08-27,603993.SH,603993.SH,3.774154391242959,3.847540726628239,3.7636706290450617,3.8475407266282384,1000466.67,363499288.0
2019-08-28,603993.SH,603993.SH,3.8056048028635994,3.8580236018011145,3.784637283288593,3.7846372832885935,607139.76,220211907.0
2019-08-29,603993.SH,603993.SH,3.8160895220029762,3.8160895220029762,3.7531869474644655,3.7531869474644655,484219.15,174331531.0
2019-08-30,603993.SH,603993.SH,3.774153357936335,3.8056046359191376,3.732218320625931,3.763669598608734,693580.94,249446566.0
2019-09-02,603993.SH,603993.SH,3.816088163968654,3.837055681353097,3.795120646584211,3.805604405276432,694226.28,252486025.0
2019-09-03,603993.SH,603993.SH,3.816089778863106,3.910443647021809,3.784638489476871,3.889476120764319,1469055.02,540966526.0
2019-09-04,603993.SH,603993.SH,3.8685102150982678,3.8999615176600426,3.8370589125364933,3.878993982618859,878798.47,324158004.0
2019-09-05,603993.SH,603993.SH,3.889476181801648,3.9523787615612433,3.889476181801648,3.8999599450949143,1550405.54,578983577.0
2019-09-06,603993.SH,603993.SH,3.9209288281104087,3.9209288281104087,3.847542459669839,3.8789937604300833,949884.78,351029572.0
2019-09-09,603993.SH,603993.SH,3.889478255327241,3.9209295619740923,3.85802694868039,3.9209295619740923,1336580.31,496091601.0
2019-09-10,603993.SH,603993.SH,3.9104442787016604,4.057216986213251,3.8999605138794045,3.9523793379906866,2041889.61,776909481.0
2019-09-11,603993.SH,603993.SH,3.9628631028129426,3.9943143972797124,3.9314118083461738,3.9523793379906866,1005958.86,380098957.0
2019-09-12,603993.SH,603993.SH,3.973348770216637,4.004800079743418,3.9104461511630753,3.9628650003743764,1020981.23,384670036.0
2019-09-16,603993.SH,603993.SH,4.057220878114727,4.078188427872425,3.9943182288416303,4.0152857785993294,1537688.09,590479162.0
2019-09-17,603993.SH,603993.SH,3.9943166933913434,4.004800464240139,3.899962755752178,3.8999627557521777,1031810.84,387822288.0
2019-09-18,603993.SH,603993.SH,3.899962755752178,3.931414068298566,3.8894789849033815,3.8999627557521777,568701.04,212170447.0
2019-09-19,603993.SH,603993.SH,3.920929624689612,3.941897162789556,3.8894783175396954,3.9104458556396398,648252.73,241894510.0
2019-09-20,603993.SH,603993.SH,3.920929624689612,3.920929624689612,3.8789945484897235,3.9104458556396398,586401.8,218110292.0
2019-09-23,603993.SH,603993.SH,3.899961257714892,3.899961257714892,3.837058656784006,3.84754242360582,513659.27,188935490.0
2019-09-24,603993.SH,603993.SH,3.8475439876474553,3.910446614148504,3.8160926743969315,3.8685115298144717,823918.51,303506595.0
2019-09-25,603993.SH,603993.SH,3.8475431711924974,4.01528347293386,3.8160918646159923,3.952380859780849,1618418.2,605192797.0
2019-09-26,603993.SH,603993.SH,3.931412029397385,3.9838308564560165,3.847541906103574,3.8580256715153007,1094807.66,407743144.0
2019-09-27,603993.SH,603993.SH,3.8580271852910415,3.8999622633920312,3.837059646240547,3.847543415765794,635290.62,234099920.0
2019-09-30,603993.SH,603993.SH,3.8475449167305333,3.8580286903456034,3.784642275040116,3.8160935958853246,508254.88,185646635.0
2019-10-08,603993.SH,603993.SH,3.7951251235275065,3.826576436705911,3.7636738103491014,3.7846413524680385,464427.18,168229690.0
2019-10-09,603993.SH,603993.SH,3.763673498442432,3.805608579205022,3.753189728251785,3.7951248090143745,352536.95,127265181.0
2019-10-10,603993.SH,603993.SH,3.7951264490129066,3.8056102237339364,3.763675124849816,3.7846426742918764,492227.2,177592950.0
2019-10-11,603993.SH,603993.SH,3.7846423606474553,3.8160936822040825,3.753191039090828,3.795126134499664,530581.6,191500005.0
2019-10-14,603993.SH,603993.SH,3.8265763447762624,3.8580276571990813,3.80560880316105,3.8265763447762624,537756.34,196564674.0
2019-10-15,603993.SH,603993.SH,3.837058676686325,3.837058676686325,3.7636723085529797,3.7741560754291723,498907.63,180279747.0
2019-10-16,603993.SH,603993.SH,3.774156499491653,3.7846402675457966,3.7322214272750793,3.732221427275079,369344.95,132382459.0
2019-10-17,603993.SH,603993.SH,3.7217376592209357,3.7427051953292225,3.711253891166792,3.732221427275079,320532.25,113910890.0
2019-10-18,603993.SH,603993.SH,3.7322211713513234,3.74270493868658,3.669318567339784,3.6693185673397846,436020.83,153603060.0
2019-10-21,603993.SH,603993.SH,3.6483494510141994,3.65883321380447,3.6064143998531164,3.627381925433658,376165.12,129941619.0
2019-10-22,603993.SH,603993.SH,3.637865059198161,3.658832581153194,3.6168975372431285,3.6378650591981616,336977.79,116856487.0
2019-10-23,603993.SH,603993.SH,3.6483476780838724,3.6483476780838724,3.6064126473012994,3.616896404996943,274648.36,94874377.0
2019-10-24,603993.SH,603993.SH,3.6168980252829055,3.637865550067154,3.6064142628907807,3.6273817876750294,364795.28,126203361.0
2019-10-25,603993.SH,603993.SH,3.6273811604620403,3.6378649210414102,3.59592987872393,3.6378649210414107,304927.72,105242876.0
2019-10-28,603993.SH,603993.SH,3.627382282975408,3.690284865917178,3.6168985191517797,3.6588335744462936,576751.24,201313573.0
2019-10-29,603993.SH,603993.SH,3.658832266200568,3.658832266200568,3.606413465825202,3.606413465825202,367791.06,127268989.0
2019-10-30,603993.SH,603993.SH,3.5749618491329533,3.6064131263980523,3.55399433095622,3.5644780900445863,389477.26,132813310.99999999
2019-10-31,603993.SH,603993.SH,3.5749618491329533,3.595929367309686,3.5435105718678535,3.5644780900445863,335569.65,114159238.0
2019-11-01,603993.SH,603993.SH,3.5644768393505193,3.5854443501702287,3.5435093285308104,3.5854443501702282,383711.5,130599220.0
2019-11-04,603993.SH,603993.SH,3.585444599592443,3.6378633802882394,3.574960843453284,3.6168958680099212,537098.78,184831080.0
2019-11-05,603993.SH,603993.SH,3.627379777851607,3.774152370019013,3.5959285081014487,3.711249830518696,1044882.56,366983923.0
2019-11-06,603993.SH,603993.SH,3.6902817946490463,3.74270057014122,3.6693142844521764,3.700765549747481,663431.83,234538552.0
2019-11-07,603993.SH,603993.SH,3.679799694932537,3.700767214561782,3.648348415488669,3.658832175303292,342942.64,120114573.0
2019-11-08,603993.SH,603993.SH,3.6797984329839384,3.700765945422593,3.637863408106629,3.637863408106629,344868.24,120500358.0
2019-11-11,603993.SH,603993.SH,3.648346831682538,3.648346831682538,3.5539930343114383,3.564476789574894,422111.88,144381607.0
2019-11-12,603993.SH,603993.SH,3.5539930343114383,3.5749605448383495,3.5435092790479823,3.564476789574894,249177.12,84618574.0
2019-11-13,603993.SH,603993.SH,3.5644767895748934,3.5749605448383495,3.5435092790479823,3.564476789574894,258926.71,87947201.0
2019-11-14,603993.SH,603993.SH,3.5644774204557415,3.574961177574729,3.543509906217767,3.553993663336754,241910.24,82018736.0
2019-11-15,603993.SH,603993.SH,3.5539926087392284,3.5644763627473086,3.5330251007230675,3.5330251007230675,337944.41,114447182.0
2019-11-18,603993.SH,603993.SH,3.5330238359418926,3.5539913364519333,3.5225400856868716,3.5435075861969128,282940.95,95563283.0
2019-11-19,603993.SH,603993.SH,3.5435088356417834,3.627378867254607,3.5330250816901807,3.627378867254607,637002.79,218861971.0
2019-11-20,603993.SH,603993.SH,3.6168963750106022,3.658831405445508,3.5854451021844227,3.6064126174018756,455854.15,157243041.0
2019-11-21,603993.SH,603993.SH,3.5959286067072473,3.6064123635781136,3.5644773360946473,3.574961092965514,280933.66,95926385.0
2019-11-22,603993.SH,603993.SH,3.595928239775757,3.65883077458233,3.574960728173566,3.595928239775757,637896.04,219972575.0
2019-11-25,603993.SH,603993.SH,3.595926771016335,3.7322155407633097,3.585443019497337,3.721731789244312,1329525.0,466323261.0
2019-11-26,603993.SH,603993.SH,3.711249210820958,3.711249210820958,3.648346681823993,3.6483466818239925,974382.94,341114522.0
2019-11-27,603993.SH,603993.SH,3.6693126145942925,3.8580201204877134,3.6693126145942925,3.8056013688506516,2082538.54,749891148.0
2019-11-28,603993.SH,603993.SH,3.7741505184765276,3.82656927567759,3.7426992641558896,3.7531830155961026,1061409.17,383156068.0
2019-11-29,603993.SH,603993.SH,3.7531814763693605,3.78463271779145,3.7007627406658776,3.732213982087967,543590.35,194071978.0
2019-12-02,603993.SH,603993.SH,3.721729979742912,3.742697472586534,3.648343754790235,3.669311247633857,786785.17,276852697.0
2019-12-03,603993.SH,603993.SH,3.6483432350831477,3.700761959725147,3.637859490154748,3.679794469868347,473045.74,165461738.0
2019-12-04,603993.SH,603993.SH,3.6588268786589992,3.81608304822887,3.6483431340210077,3.784631814314896,1376617.06,495730591.0
2019-12-05,603993.SH,603993.SH,3.8055989882097205,3.826566475748066,3.7636640131330292,3.7951152444405483,909080.88,329040886.0
2019-12-06,603993.SH,603993.SH,3.8055983573350227,4.004789455928315,3.7951146153037967,3.9209195196785083,2590873.62,972089255.0
2019-12-09,603993.SH,603993.SH,3.952370745772186,3.973338229834638,3.8999520356160566,3.9209195196785083,1024100.29,384554650.0
2019-12-10,603993.SH,603993.SH,3.9209211047310797,3.9838235823470862,3.899953612192411,3.941888597269748,995815.4,374517425.0
2019-12-11,603993.SH,603993.SH,3.9733393220068294,3.9733393220068294,3.8685018728773617,3.889469362703255,843236.3,313545414.0
2019-12-12,603993.SH,603993.SH,3.8894703562090163,3.920921598981596,3.8475353658455766,3.8580191134364368,548256.13,203172267.0
2019-12-13,603993.SH,603993.SH,3.8999536059333946,3.9418885909434307,3.889469859680885,3.941888590943431,929439.05,347504066.0
2019-12-16,603993.SH,603993.SH,3.962856083448449,3.9733398297009583,3.8999536059333946,3.941888590943431,715347.77,267563821.0
2019-12-17,603993.SH,603993.SH,3.96285434062169,4.0676917570402535,3.9418868573379773,4.004789307189116,1806770.63,693055038.0
2019-12-18,603993.SH,603993.SH,3.9943047687828943,4.025755987434728,3.96285355013106,3.9943047687828943,875735.21,332882917.0
2019-12-19,603993.SH,603993.SH,3.98381971876484,4.025754663172891,3.9733359826628276,3.9838197187648396,701517.04,267146235.99999997
2019-12-20,603993.SH,603993.SH,4.004787405702762,4.015271142366906,3.899950039061329,3.910433775725472,615054.0,231989283.0
2019-12-23,603993.SH,603993.SH,3.910433775725472,4.004787405702762,3.8894663023971856,3.910433775725472,910519.01,343353996.0
2019-12-24,603993.SH,603993.SH,3.9209185452166686,4.298333164542337,3.9104348057909553,4.298333164542337,4729428.78,1881595486.0
2019-12-25,603993.SH,603993.SH,4.266880930340924,4.455588195073446,4.214462245693,4.403169510425523,3728751.44,1547264784.0
2019-12-26,603993.SH,603993.SH,4.403168663662156,4.4346198684026,4.27736384470038,4.361233724008231,1968750.66,815706143.0
2019-12-27,603993.SH,603993.SH,4.3821995745460685,4.7491301609315055,4.340264650387733,4.539455540139827,4261539.6,1860573279.0
2019-12-30,603993.SH,603993.SH,4.56042145084222,4.717677362940229,4.508002813476218,4.591872633261822,2850261.98,1246707499.0
2019-12-31,603993.SH,603993.SH,4.549938683447622,4.644292250615891,4.4765525756500795,4.570906142818349,2046912.23,887192407.0
2020-01-02,603993.SH,603993.SH,4.602359269709104,4.665261674306496,4.518489396912583,4.581391801509974,2449631.22,1071796840.0000001
2020-01-03,603993.SH,603993.SH,4.633812168313418,4.791068237373829,4.528974788939812,4.696714595937583,3113213.05,1390300828.0
2020-01-06,603993.SH,603993.SH,4.675746453586657,4.874937446004027,4.654778980700619,4.707197662915716,3306883.03,1498800734.0
2020-01-07,603993.SH,603993.SH,4.665263667084011,4.707198621394878,4.5813937584622755,4.63381245135086,1834330.59,809702807.0
2020-01-08,603993.SH,603993.SH,4.633813490322262,4.728167158677239,4.591878526608938,4.675748454035586,2153188.38,958139713.0
2020-01-09,603993.SH,603993.SH,4.717681560561319,4.780583981368803,4.5918767189463505,4.63381166615134,1930605.75,859266159.0
2020-01-10,603993.SH,603993.SH,4.644294342611171,4.644294342611171,4.445103388864868,4.59187567057267,2906158.48,1259979507.0
2020-01-13,603993.SH,603993.SH,4.570907722801057,4.654777589274472,4.518489056255174,4.6023589227285875,1254018.69,547547414.0
2020-01-14,603993.SH,603993.SH,4.665261590019011,5.063643478604903,4.633810388288545,4.937838671683043,4622908.11,2155462681.0
2020-01-15,603993.SH,603993.SH,4.895904412450176,4.969290559960136,4.749132117430256,4.780583323505953,3019233.68,1396000863.0
2020-01-16,603993.SH,603993.SH,4.801550195365969,4.843485131570039,4.67574538675376,4.707196588906813,1346024.58,609638805.0
2020-01-17,603993.SH,603993.SH,4.707197547385757,4.728165019757186,4.560425240785755,4.633811394085756,1405554.17,620242177.0
2020-01-20,603993.SH,603993.SH,4.623326602345783,4.63381033613795,4.518489264424109,4.59187540096928,1418837.54,619708973.0
2020-01-21,603993.SH,603993.SH,4.570907410995467,4.570907410995467,4.403167689491046,4.403167689491046,1352236.82,576365367.0
2020-01-22,603993.SH,603993.SH,4.392682333734358,4.581389450696693,4.340263690133709,4.539454535816174,1586856.82,678731242.0
2020-01-23,603993.SH,603993.SH,4.434616527451393,4.591872432680165,4.256393168192116,4.319295530283625,1824796.49,768748635.0
2020-02-03,603993.SH,603993.SH,3.889460835587451,3.889460835587451,3.889460835587451,3.889460835587451,517910.0,192144610.0
2020-02-04,603993.SH,603993.SH,3.7322052831149746,4.0467169642763485,3.7322052831149746,3.9628471826333156,2373530.75,891719453.0
2020-02-05,603993.SH,603993.SH,4.046718697127442,4.350746785771732,3.9838163339596577,4.16203969626838,2733357.97,1092496459.0
2020-02-06,603993.SH,603993.SH,4.088653605905964,4.183007150657641,4.01526751554355,4.16203969626838,2415279.81,943990955.0
2020-02-07,603993.SH,603993.SH,4.109621166213294,4.120104893678125,4.004783891564996,4.067686256353975,1436428.8,556342123.0
2020-02-10,603993.SH,603993.SH,4.015266123145812,4.319294106360508,3.994298676027557,4.277359212123998,2587332.34,1029020067.0
2020-02-11,603993.SH,603993.SH,4.29832826609334,4.549937725571974,4.214458446267128,4.487035360702317,3807507.55,1590265974.0
2020-02-12,603993.SH,603993.SH,4.424131831092761,4.9378343422859965,4.382196932219844,4.9378343422859965,4632595.54,2110681719.0
2020-02-13,603993.SH,603993.SH,5.157990578315896,5.430567316194378,4.948316164563217,5.2628277851922345,7865099.87,3900679451.0
2020-02-14,603993.SH,603993.SH,5.357179907375376,5.787012346127606,5.294277599265293,5.682175165944137,8267794.39,4452099298.0
2020-02-17,603993.SH,603993.SH,5.566854473922105,5.692659094801701,5.493468445075675,5.661207939581803,5307174.57,2830266440.0
2020-02-18,603993.SH,603993.SH,5.587820633518936,5.6821740776121255,5.420081177353264,5.5039509054361,4872484.83,2564927308.0
2020-02-19,603993.SH,603993.SH,5.137018672971855,5.168469807704335,4.958795576154465,4.958795576154465,7489465.21,3572678390.0
2020-02-20,603993.SH,603993.SH,5.011213245300964,5.053148084173776,4.812022760655109,4.906376148118936,4604363.95,2154369120.0
2020-02-21,603993.SH,603993.SH,4.853957683944575,4.958794782949858,4.749120584939293,4.82250655424299,4286228.13,1981629932.0
2020-02-24,603993.SH,603993.SH,4.749122307976241,4.759606021680382,4.466062037964411,4.623317743526538,4626075.52,2020436420.0
2020-02-25,603993.SH,603993.SH,4.539448468101477,4.843476194602499,4.497513609273749,4.822508765188635,5526912.88,2475048056.0
2020-02-26,603993.SH,603993.SH,4.717672048956908,4.759606911614303,4.560416313991678,4.591867460984724,3562476.97,1575858437.0
2020-02-27,603993.SH,603993.SH,4.612834892313422,4.686220901963862,4.528965166998632,4.591867460984724,2121864.08,932824176.0
2020-02-28,603993.SH,603993.SH,4.434612946354908,4.518482694749326,4.235422293918162,4.266873449566069,2929729.34,1220531177.0
2020-03-02,603993.SH,603993.SH,4.319291888783244,4.466063943256461,4.277357016076611,4.424129070549827,1959451.22,820265328.0
2020-03-03,603993.SH,603993.SH,4.466062437136537,4.623318156754021,4.434611293213041,4.476546151777702,2754018.05,1193197790.0
2020-03-04,603993.SH,603993.SH,4.507998010255547,4.560416591770147,4.36122598201467,4.497514293952628,2431996.03,1035374170.0
2020-03-05,603993.SH,603993.SH,4.518481695180123,4.539449127640356,4.434611965339194,4.52896541141024,2127439.52,911797684.0
2020-03-06,603993.SH,603993.SH,4.466063939168222,4.633803429841207,4.4346127846670385,4.539449966337654,3100882.55,1347427469.0
2020-03-09,603993.SH,603993.SH,4.5708987531778265,4.602349891387766,4.340257072971606,4.371708211181545,2609100.02,1110661693.0
2020-03-10,603993.SH,603993.SH,4.266869364933366,4.445092409660312,4.193483405339917,4.424124992633612,2371561.26,978358368.0
2020-03-11,603993.SH,603993.SH,4.434610331517807,4.434610331517807,4.277354646002991,4.277354646002991,1781246.21,738453633.0
2020-03-12,603993.SH,603993.SH,4.203967375774858,4.256385921607461,4.088646574943128,4.120097702442691,1827869.89,724205177.0
2020-03-13,603993.SH,603993.SH,3.8684896068642662,4.078163840298644,3.816071048505672,4.036228993611768,1896947.33,715434521.0
2020-03-16,603993.SH,603993.SH,4.0571982861242875,4.0676820026259,3.847523956092024,3.8684913890952504,1544803.57,582710013.0
2020-03-17,603993.SH,603993.SH,3.8789744849608465,3.9628442035545945,3.7636536218944427,3.9313930590819393,1465418.06,540991539.0
2020-03-18,603993.SH,603993.SH,3.941876773906157,3.9942953480272503,3.7741373367186615,3.7741373367186615,1777384.99,661054524.0
2020-03-19,603993.SH,603993.SH,3.7636540447768723,3.8160726247876924,3.6588168847552325,3.7322028967703806,1640169.46,583760687.0
2020-03-20,603993.SH,603993.SH,3.784621561353747,3.805588993826621,3.6797843989893773,3.7531704126444363,1087788.97,388221920.0
2020-03-23,603993.SH,603993.SH,3.637849662061795,3.669300811877891,3.5539799292188716,3.574947362429602,1319892.49,454823473.0
2020-03-24,603993.SH,603993.SH,3.648334732581247,3.732204496548632,3.6273672915894006,3.7007533350608623,1546110.06,542287412.0
2020-03-25,603993.SH,603993.SH,3.7951067141045365,3.816074154513954,3.7322043928762847,3.774139273695119,1404459.16,506197323.0
2020-03-26,603993.SH,603993.SH,3.753171833285702,3.753171833285702,3.679785791852741,3.679785791852741,1090771.06,386483998.0
2020-03-27,603993.SH,603993.SH,3.7217207155732543,3.732204435898813,3.6273672326432282,3.6378509529687872,1018814.71,355997358.0
2020-03-30,603993.SH,603993.SH,3.574949996374827,3.627368618022551,3.5434988233861917,3.5959174450339164,1002260.07,341480200.0
2020-03-31,603993.SH,603993.SH,3.6273693079543348,3.658820486925037,3.5539832236893627,3.637853034277902,1248020.52,429741769.0
2020-04-01,603993.SH,603993.SH,3.6064027188118692,3.8055935666532226,3.6064027188118692,3.721723735983179,1829119.96,651650415.0
2020-04-02,603993.SH,603993.SH,3.6902743433644023,3.7741442148045024,3.6797906094343897,3.7741442148045024,1133176.48,403369391.0
2020-04-03,603993.SH,603993.SH,3.7531784481010764,3.7951134028284628,3.6797922773281497,3.7007597546918434,926185.83,329663634.0
2020-04-07,603993.SH,603993.SH,3.7636636072284317,3.8265660630595475,3.7217286366743543,3.805598577782509,1392063.4,501317482.0
2020-04-08,603993.SH,603993.SH,3.774148023821835,3.89995295794923,3.7322130457793703,3.8160830018643,1651314.19,599929854.0
2020-04-09,603993.SH,603993.SH,3.8685027048640994,3.8685027048640994,3.784632727522872,3.805600221858179,943665.3,343253943.0
2020-04-10,603993.SH,603993.SH,3.8056010411942043,3.816084790618982,3.6902797975216526,3.7007635469464297,940708.52,336483026.0
2020-04-13,603993.SH,603993.SH,3.6693139493369427,3.679797703477905,3.6378626869140547,3.65883019519598,501152.78,174985144.0
2020-04-14,603993.SH,603993.SH,3.6797990719977114,3.805604168476266,3.6693153139578323,3.805604168476266,1349594.8,483631826.0
2020-04-15,603993.SH,603993.SH,3.7951201234104732,3.7951201234104732,3.7322175799285318,3.742701337175522,927869.17,333072368.0
2020-04-16,603993.SH,603993.SH,3.7112509644979474,3.763669763431534,3.70076720471123,3.721734724284665,803665.77,285569313.0
2020-04-17,603993.SH,603993.SH,3.742702977721284,3.795121786933067,3.721735454036571,3.7427029777212844,990819.05,355137736.0
2020-04-20,603993.SH,603993.SH,3.742704801361262,3.753188568311854,3.6798021996577113,3.7007697335588947,799182.57,282180218.0
2020-04-21,603993.SH,603993.SH,3.6798023060103757,3.690286073263967,3.616899702488831,3.627383469742422,977908.95,339548956.0
2020-04-22,603993.SH,603993.SH,3.6064146916435376,3.6693172734745296,3.58544716436654,3.6483497461975323,590968.5,205015126.0
2020-04-23,603993.SH,603993.SH,3.6693156661655215,3.690283184257896,3.616896870934586,3.6378643890269604,666196.92,231607839.0
2020-04-24,603993.SH,603993.SH,3.627382015365212,3.658833304515778,3.5854469631644585,3.5959307262146467,654226.96,225550672.0
2020-04-27,603993.SH,603993.SH,3.595932355949333,3.6483511949573404,3.564481052544528,3.585448588147731,586978.92,201886150.0
2020-04-28,603993.SH,603993.SH,3.585447988789161,3.5959317548382526,3.4281914980527946,3.512061626445523,858235.38,287650672.0
2020-04-29,603993.SH,603993.SH,3.501577860396432,3.5330291585437057,3.48061032829825,3.512061626445523,467491.07,156758957.0
2020-04-30,603993.SH,603993.SH,3.5644805591185773,3.6588344562717166,3.5644805591185773,3.648350689921368,1017201.44,351950651.0
2020-05-06,603993.SH,603993.SH,3.6798034810565077,3.8580275812786184,3.6798034810565077,3.8265762694747165,2384654.85,861275336.0
2020-05-07,603993.SH,603993.SH,3.784640820137543,3.8580272072316233,3.7741570505526747,3.7846408201375428,1456490.34,529543462.00000006
2020-05-08,603993.SH,603993.SH,3.826574640424667,3.878993471115416,3.763672043595768,3.8265746404246666,1373494.0,500275325.0
2020-05-11,603993.SH,603993.SH,3.826574961087346,3.837058728104024,3.742704824953925,3.7531885919706025,1053165.31,380133894.0
2020-05-12,603993.SH,603993.SH,3.7217379848037933,3.753189291717628,3.658835370976124,3.711254215832515,773634.94,273131825.0
2020-05-13,603993.SH,603993.SH,3.6902871976486455,3.7741573612315693,3.6693196567529145,3.721738508992242,811047.98,288935210.0
2020-05-14,603993.SH,603993.SH,3.7112555406887724,3.721739313402582,3.637869131692102,3.637869131692102,845176.46,296026614.0
2020-05-15,603993.SH,603993.SH,3.669321019210844,3.690288567892049,3.6273859218484343,3.648353470529639,611825.13,213789838.0
2020-05-18,603993.SH,603993.SH,3.669322792028864,3.763676806681034,3.61690389499988,3.7322254684636444,1119599.39,397584632.0
2020-05-19,603993.SH,603993.SH,3.7531929849857395,3.763676764273409,3.7007740885473908,3.7217416471227303,695489.78,246783168.0
2020-05-20,603993.SH,603993.SH,3.7322254264104,3.7846443228487483,3.711257867835061,3.7217416471227303,904155.45,323085296.0
2020-05-21,603993.SH,603993.SH,3.711259409761682,3.7217431934050764,3.6483567079013146,3.658840491544709,649221.38,228160165.0
2020-05-22,603993.SH,603993.SH,3.648357849346249,3.648357849346249,3.564487553958979,3.5854551278057967,741945.98,254923693.0
2020-05-25,603993.SH,603993.SH,3.5854547022324876,3.6169060592696147,3.512068202479191,3.533035773837276,920911.29,311975371.0
2020-05-26,603993.SH,603993.SH,3.543520274436931,3.585455425613699,3.533036486642739,3.5854554256136995,464401.16,158029228.0
2020-05-27,603993.SH,603993.SH,3.5749712993606537,3.585455086162298,3.5330361521540774,3.5435199389557215,447301.18,151619760.0
2020-05-28,603993.SH,603993.SH,3.5540040780492803,3.6064230172535465,3.5435202902084266,3.5959392294126933,663424.6,226555354.0
2020-05-29,603993.SH,603993.SH,3.574973273966678,3.637876029520344,3.5540056887821225,3.5854570665589556,695816.4,239482268.0
2020-06-01,603993.SH,603993.SH,3.616909425192316,3.7112635841103763,3.595941834321636,3.7112635841103763,1100387.42,384270008.0
2020-06-02,603993.SH,603993.SH,3.71126252977413,3.732230114688108,3.6693273599461733,3.690294944860152,930347.81,327545214.0
2020-06-03,603993.SH,603993.SH,3.7007780606033154,3.7112618511432682,3.658842898443505,3.6693266889834573,738795.59,259533486.0
2020-06-04,603993.SH,603993.SH,3.6902957742593965,3.889487875710898,3.658844389819686,3.858036491271187,3195558.37,1157819472.0
2020-06-05,603993.SH,603993.SH,3.8370678812607397,3.847551673286042,3.753197545058319,3.7846489211342265,1389380.15,501132152.0
2020-06-08,603993.SH,603993.SH,3.805617130906144,3.962874037141935,3.7846495434080385,3.8894874808985658,2383063.31,885367047.0
2020-06-09,603993.SH,603993.SH,3.8999696496595866,3.952388596563613,3.8475507027555595,3.8999696496595866,1310645.68,486846508.0
2020-06-10,603993.SH,603993.SH,3.8790009564885413,3.899968529226317,3.7846468791685495,3.7951306655374375,1036437.0,376584072.0
2020-06-11,603993.SH,603993.SH,3.826583678236333,3.889486423631999,3.7636809328406673,3.7846485146392226,1092714.76,398282711.0
2020-06-12,603993.SH,603993.SH,3.700779431404057,3.7636821979435027,3.679811842557575,3.7427146090970207,905440.37,321530740.0
2020-06-15,603993.SH,603993.SH,3.7427130992519224,3.7636806796398883,3.6693265678940414,3.6902941482820077,903205.51,319630857.0
2020-06-16,603993.SH,603993.SH,3.742714052303534,4.046744045347799,3.7112626737127483,3.952389909575441,3742361.83,1394176728.0
2020-06-17,603993.SH,603993.SH,3.973359397889158,4.099164972492509,3.9314242063547074,3.962875600005545,2949557.06,1125662295.0
2020-06-18,603993.SH,603993.SH,3.962875600005545,4.046745983074445,3.9104566105874823,3.962875600005545,1721879.94,653807776.0
2020-06-19,603993.SH,603993.SH,3.983845171927178,4.036264187347273,3.9419099595911025,3.9733613688431597,1902580.81,723141997.0
2020-06-22,603993.SH,603993.SH,3.9838432643187764,4.0467460527027574,3.931424273998793,3.9628756681907826,1697416.71,646377779.0
2020-06-23,603993.SH,603993.SH,3.9628757105744796,3.9838433069267256,3.889489123341619,3.920940517869988,1271037.65,474962622.0
2020-06-24,603993.SH,603993.SH,3.899973659350457,3.9314250598290896,3.85803845871228,3.879006059031368,1147303.02,424637550.0
2020-06-29,603993.SH,603993.SH,3.8685215189905175,3.910456711608301,3.805618730063842,3.8370701245271803,990981.98,364253792.0
2020-06-30,603993.SH,603993.SH,3.847669178644783,3.9324662955295167,3.8370695390341916,3.8900677370871497,876626.81,322179768.0
2020-07-01,603993.SH,603993.SH,3.9006659828592656,4.006662341089137,3.8900663470362784,3.9748634336201754,1538729.34,574934976.0
2020-07-02,603993.SH,603993.SH,3.9748634336201754,4.112658699319008,3.9430645261512143,4.1020590634960215,2727318.61,1039528596.0
2020-07-03,603993.SH,603993.SH,4.155058876048693,4.504846995716058,4.144459236058773,4.314053475897495,4047612.98,1649249565.0
2020-07-06,603993.SH,603993.SH,4.388250673364806,4.621442738132985,4.356451755441873,4.61084309882534,4643606.76,1984662239.0
2020-07-07,603993.SH,603993.SH,4.69564211986895,4.801638555983373,4.504848534862988,4.568446396531641,4406334.65,1930888331.0
2020-07-08,603993.SH,603993.SH,4.557844925675328,4.74863843419197,4.483647450141079,4.706239876743828,4231787.52,1857096912.0
2020-07-09,603993.SH,603993.SH,4.716839432621979,4.822835824366293,4.663841236749823,4.791036906842999,3590753.26,1611172339.0
2020-07-10,603993.SH,603993.SH,4.716839212722705,4.748638128763532,4.536645355158017,4.547244993838293,3252056.3,1419964072.0
2020-07-13,603993.SH,603993.SH,4.663840594437505,5.003029001305686,4.653240956722874,5.003029001305686,4644250.48,2135204544.0000002
2020-07-14,603993.SH,603993.SH,5.003030448990673,5.140825779153551,4.854635478046035,4.981831167427154,5629091.58,2651308588.0
2020-07-15,603993.SH,603993.SH,5.066628983018415,5.109027551913967,4.589645082943459,4.674442220734563,4451855.11,1996369247.0
2020-07-16,603993.SH,603993.SH,4.674442537645901,4.738040395300947,4.35645324937067,4.3776525352556845,3185032.84,1363080906.0
2020-07-17,603993.SH,603993.SH,4.367054238467831,4.451851408146817,4.292856714998717,4.367054238467831,2039102.57,840560445.0
2020-07-20,603993.SH,603993.SH,4.430652076343496,4.791040044275742,4.398853137996534,4.769840752044434,3477183.39,1518844728.0
2020-07-21,603993.SH,603993.SH,4.85463737672775,4.8758366665824555,4.663843768035393,4.727441637599512,2164101.04,969909944.0
2020-07-22,603993.SH,603993.SH,4.875838160081974,4.939436049126522,4.685044492948332,4.706243789296515,2732141.17,1229116338.0
2020-07-23,603993.SH,603993.SH,4.653245548426058,4.801640622863336,4.610846955729693,4.706243789296515,2327963.1,1031091651.0
2020-07-24,603993.SH,603993.SH,4.685042272548098,4.685042272548098,4.4306508369346265,4.4730494095368725,2520684.99,1084154894.0
2020-07-27,603993.SH,603993.SH,4.48364750026225,4.738038847794859,4.4730478607817235,4.653241731950655,2922445.28,1274578115.0
2020-07-28,603993.SH,603993.SH,4.822837549958175,5.013631123363114,4.727440763255705,4.801638264024293,4678312.06,2147465484.9999998
2020-07-29,603993.SH,603993.SH,4.812237854109499,4.8440367826608846,4.695641782754423,4.822837496959961,2694806.75,1212561446.0
2020-07-30,603993.SH,603993.SH,4.907636725782851,4.928836020494656,4.727442720732509,4.738042368088411,2797721.48,1263705549.0
2020-07-31,603993.SH,603993.SH,4.621446037107745,4.7168428589746485,4.568447802737243,4.663844624604146,2834421.62,1239882017.0
2020-08-03,603993.SH,603993.SH,4.695642737800267,4.822838477876121,4.621445222756019,4.8122388328698005,3083808.34,1374993729.0
2020-08-04,603993.SH,603993.SH,4.97123348672003,5.087829581291288,4.865237037109795,4.960633841759006,4998931.21,2347753083.0
2020-08-05,603993.SH,603993.SH,4.928835923130556,5.193827101793489,4.801640157372348,5.140828866060902,5969028.11,2830076886.0
2020-08-06,603993.SH,603993.SH,5.162028212813572,5.310423274372894,5.066631387525437,5.215026449084759,5633057.29,2767941415.0
2020-08-07,603993.SH,603993.SH,5.193828900400537,5.204428551217681,4.981835884057658,5.045433788960522,3738589.71,1796357094.0
2020-08-10,603993.SH,603993.SH,4.9288374574086955,4.939437107854736,4.780442351164132,4.844040253840374,3651774.97,1665840550.0
2020-08-11,603993.SH,603993.SH,4.822838830027333,4.886436704709013,4.663844143323136,4.695643080663975,2452006.8,1107700738.0
2020-08-12,603993.SH,603993.SH,4.610844430108324,4.674442284316716,4.451849794587348,4.64264335721252,2655711.29,1143767324.0
2020-08-13,603993.SH,603993.SH,4.610843189138594,4.632042468169117,4.526046073016505,4.56844463107755,1342458.13,579640710.0
2020-08-14,603993.SH,603993.SH,4.5472465123786,4.642643292358571,4.526047227938606,4.61084436569858,1083398.26,469106671.0
2020-08-17,603993.SH,603993.SH,4.621443077426496,4.748638758456583,4.579044517083133,4.738039118370741,2099392.92,925607521.0
2020-08-18,603993.SH,603993.SH,4.759239703322388,4.812237918281434,4.695641845371531,4.71684113135515,1737563.49,777191324.0
2020-08-19,603993.SH,603993.SH,4.727438742189161,4.791036572801571,4.685040188447554,4.685040188447554,1816493.1,812548440.0
2020-08-20,603993.SH,603993.SH,4.822837102896442,4.88643495480277,4.7274403250369526,4.748639609005729,2568285.38,1160276190.0
2020-08-21,603993.SH,603993.SH,4.748639609005729,4.812237460912055,4.663842473130626,4.748639609005729,1839957.59,822343819.0
2020-08-24,603993.SH,603993.SH,4.73804065619079,4.73804065619079,4.621444577403098,4.663843151507714,1480999.72,652681092.0
2020-08-25,603993.SH,603993.SH,4.6638418438881395,4.674441484442431,4.504847235573771,4.536646157236644,1760972.33,758884929.0
2020-08-26,603993.SH,603993.SH,4.504849011523161,4.579046524654132,4.388252919460209,4.409452208926201,1520100.5,641581761.0
2020-08-27,603993.SH,603993.SH,4.420053879076752,4.451852827847088,4.345856331945966,4.441253178256977,1313219.44,544686997.0
2020-08-28,603993.SH,603993.SH,4.420055895791641,4.483653822349796,4.377657278086207,4.483653822349796,1415980.24,590740900.0
2020-08-31,603993.SH,603993.SH,4.526050959570788,4.653246771080974,4.526050959570788,4.53665061052997,2053940.64,887259642.0
2020-09-01,603993.SH,603993.SH,4.515451143286157,4.642646950139288,4.494251842143969,4.632047299568194,1743691.27,755196717.0
2020-09-02,603993.SH,603993.SH,4.589646863594384,4.600246509930629,4.45185146122319,4.4836504002319275,2017960.74,857670128.0
2020-09-03,603993.SH,603993.SH,4.483651598725591,4.504850897064718,4.420053703708206,4.441253002047334,900312.94,378294798.0
2020-09-04,603993.SH,603993.SH,4.377656293300998,4.430654553510453,4.345857337175325,4.420054901468562,801202.07,332821311.0
2020-09-07,603993.SH,603993.SH,4.398857412446557,4.483654663770828,4.345859130368887,4.367058443199955,1214871.52,507384021.0
2020-09-08,603993.SH,603993.SH,4.3670600622069875,4.388259382897313,4.250463798410199,4.345860741516662,1371626.09,559843775.0
2020-09-09,603993.SH,603993.SH,4.282263631637284,4.314062619000928,4.239864981819093,4.261064306728189,1140668.51,460181403.0
2020-09-10,603993.SH,603993.SH,4.31406072554701,4.34585969895399,4.239863120930722,4.2504627787330485,1087255.66,439998503.0
2020-09-11,603993.SH,603993.SH,4.239864388628489,4.2716633715432035,4.165666761827491,4.218665066685347,1079742.98,429233795.0
2020-09-14,603993.SH,603993.SH,4.21866584132856,4.324662470507669,4.21866584132856,4.271664155918115,896021.59,361536965.0
2020-09-15,603993.SH,603993.SH,4.271665094629498,4.314063755618376,4.250465764135058,4.292864425123937,744229.18,301390797.0
2020-09-16,603993.SH,603993.SH,4.292865009548549,4.314064342929036,4.229267009407089,4.282265342858306,839696.01,338201544.0
2020-09-17,603993.SH,603993.SH,4.261067034696708,4.282266373177786,4.208068688494014,4.229268026975092,936428.72,374442855.0
2020-09-18,603993.SH,603993.SH,4.2398669225171455,4.36706293019266,4.229267255210853,4.3564632628863675,1489106.25,604695391.0
2020-09-21,603993.SH,603993.SH,4.377664189376262,4.388263860536979,4.292866820090523,4.314066162411958,951957.55,389756492.0
2020-09-22,603993.SH,603993.SH,4.282267245764993,4.2928669171654015,4.186870203161318,4.218669217362542,1232532.37,491992156.0
2020-09-23,603993.SH,603993.SH,4.197470939909409,4.21867028809077,4.165671917637368,4.176271591728049,677921.17,268028392.99999997
2020-09-24,603993.SH,603993.SH,4.144472243119585,4.144472243119585,4.027875837302921,4.038475510558982,1120420.48,429838891.0
2020-09-25,603993.SH,603993.SH,4.059676336261144,4.070276013379319,3.9430798879612157,3.985478596433916,962898.11,362998000.0
2020-09-28,603993.SH,603993.SH,3.996079476672432,4.017278837291384,3.9324813948155763,3.9430810751250522,620734.51,232098882.0
2020-09-29,603993.SH,603993.SH,3.974882023995936,4.006681080187903,3.9642823385986135,3.974882023995936,609527.67,229062084.0
2020-09-30,603993.SH,603993.SH,3.9854817093932584,3.9854817093932584,3.9006842262146786,3.9430829678039685,801789.07,298262636.0
2020-10-09,603993.SH,603993.SH,4.049080781868285,4.133878285153484,4.027881406046984,4.1126789093321845,1068098.42,412090113.0
2020-10-12,603993.SH,603993.SH,4.155079465705485,4.208077928278259,4.12328038816182,4.197478235763704,1058878.44,416733726.0
2020-10-13,603993.SH,603993.SH,4.197479298416423,4.197479298416423,4.144480822426316,4.186879603218401,621616.05,244432490.0
2020-10-14,603993.SH,603993.SH,4.176279371223476,4.186879065059069,4.112681208209921,4.123280902045513,641204.97,250227442.0
2020-10-15,603993.SH,603993.SH,4.123280902045513,4.1656796773878835,4.112681208209921,4.123280902045513,516572.15,201539836.0
2020-10-16,603993.SH,603993.SH,4.133881857244672,4.165680948454247,4.112682463104956,4.133881857244672,603569.81,235544372.0
2020-10-19,603993.SH,603993.SH,4.133881434341157,4.197479610254098,4.123281738355668,4.144481130326648,557263.57,218701630.0
2020-10-20,603993.SH,603993.SH,4.1338821925656415,4.229279473932541,4.102083098776675,4.218679776002886,1006140.42,397065339.0
2020-10-21,603993.SH,603993.SH,4.218680308664474,4.261079105736479,4.165681812324469,4.197480910128472,687506.52,272873091.0
2020-10-22,603993.SH,603993.SH,4.165679740056359,4.186879128046468,4.123280964076142,4.1762794340514136,486783.51,190813073.0
2020-10-23,603993.SH,603993.SH,4.176280030662761,4.197479421681354,4.144480944134873,4.155080639644169,448200.27,176429044.0
2020-10-26,603993.SH,603993.SH,4.155080895998757,4.165680592162019,4.091482719019184,4.123281807508971,513031.49,199776004.0
2020-10-27,603993.SH,603993.SH,4.080881127420407,4.186878039820938,4.080881127420407,4.176278348580884,611833.37,239870252.0
2020-10-28,603993.SH,603993.SH,4.155079262136938,4.18687833812268,4.112680494155949,4.1656789541321855,616695.23,241290472.0
2020-10-29,603993.SH,603993.SH,4.123281140044374,4.282276556755597,4.102081751149544,4.261077167860766,1499695.06,597224782.0
2020-10-30,603993.SH,603993.SH,4.229277806135661,4.250477193635087,4.1762793373870934,4.186879031136807,1385499.87,551698240.0
2020-11-02,603993.SH,603993.SH,4.176278663793653,4.292875276234592,4.165678971753568,4.271675892154422,1163736.16,466808507.0
2020-11-03,603993.SH,603993.SH,4.292874313155173,4.494268416735293,4.271674933830951,4.441269968424736,2131494.16,887046392.0
2020-11-04,603993.SH,603993.SH,4.42007136848494,4.42007136848494,4.32467414470469,4.388272293891523,1312537.09,541856907.0
2020-11-05,603993.SH,603993.SH,4.409472747825495,4.504869994773642,4.367073971404095,4.451871524246894,1583630.16,663037948.0
2020-11-06,603993.SH,603993.SH,4.462472060327946,4.568469021380866,4.430672972012069,4.494271148643822,1694424.91,718427210.0
2020-11-09,603993.SH,603993.SH,4.547270048273474,4.653267019095699,4.473072168697916,4.600268533684586,2742181.57,1180526959.0
2020-11-10,603993.SH,603993.SH,4.56846835986222,4.56846835986222,4.451871719587315,4.473071108728207,1732399.85,735581864.0
2020-11-11,603993.SH,603993.SH,4.473072621052248,4.526071111823009,4.441273526589791,4.451873224743943,1157356.88,489560733.0
2020-11-12,603993.SH,603993.SH,4.430674248404723,4.536671239993353,4.398875150928134,4.4730730450401746,1160786.81,490396840.0
2020-11-13,603993.SH,603993.SH,4.451874997635833,4.63206993801633,4.451874997635833,4.6108705332656825,3021050.76,1303579606.0
2020-11-16,603993.SH,603993.SH,4.589671277530332,4.950061169992297,4.568471872091392,4.89706265639495,5285767.82,2398094924.0
2020-11-17,603993.SH,603993.SH,4.833464591123896,4.907662512478868,4.6850687484139515,4.748666966718214,3540166.15,1604752510.0
2020-11-18,603993.SH,603993.SH,4.801664137085153,4.928860538067541,4.748665636675825,4.844062937412616,3164779.65,1447615406.0
2020-11-19,603993.SH,603993.SH,4.83346323733075,4.98185903847687,4.748665636675825,4.844062937412616,2691527.07,1232415730.0
2020-11-20,603993.SH,603993.SH,4.791064710488994,5.0348578262882135,4.7380662070543815,5.013658424914369,3697109.16,1717275760.0
2020-11-23,603993.SH,603993.SH,5.077255856869792,5.225651643918178,5.003057963345598,5.087855555944676,4583541.4,2212903852.0
2020-11-24,603993.SH,603993.SH,5.024257361495367,5.172653148543754,4.9606591670460585,5.151453750393984,3241735.72,1548341577.0
2020-11-25,603993.SH,603993.SH,5.151454306706486,5.183253407365168,4.90766120165659,4.90766120165659,2833961.48,1343165373.0
2020-11-26,603993.SH,603993.SH,4.939460981760685,4.950060683438282,4.759266053241518,4.8546633683399,2363707.81,1075436298.0
2020-11-27,603993.SH,603993.SH,4.844065638206813,4.897064168165312,4.706269460314716,4.844065638206814,2015285.63,911334402.0
2020-11-30,603993.SH,603993.SH,4.8228644609913305,5.024258801120639,4.8122647588792615,4.865263269439606,2614236.64,1214558766.0
2020-12-01,603993.SH,603993.SH,4.854662124618407,4.907660619428652,4.738065436035869,4.886461221504555,1730893.99,787394772.0
2020-12-02,603993.SH,603993.SH,4.886462240830873,5.013658654908901,4.865262838484536,4.92886104552355,2077563.49,967487695.0
2020-12-03,603993.SH,603993.SH,4.875864799991332,4.907663918252146,4.791067151295831,4.801666857382769,1386208.96,630831631.0
2020-12-04,603993.SH,603993.SH,4.769869724860885,4.950064803355629,4.748670303861504,4.939465092855939,1801351.24,828353288.0
2020-12-07,603993.SH,603993.SH,4.93946624106493,4.992464805883223,4.833469111428343,4.833469111428343,1467383.22,676204001.0
2020-12-08,603993.SH,603993.SH,4.82286879694868,4.865267643515262,4.727471392173871,4.759270527098807,1489455.98,671753295.0
2020-12-09,603993.SH,603993.SH,4.7698717234020505,4.928867447515453,4.748672293520264,4.801670868224731,2232561.98,1022096212.0
2020-12-10,603993.SH,603993.SH,4.759269954802688,4.791069085903819,4.589674588929986,4.642673140765206,2138632.44,939199893.0
2020-12-11,603993.SH,603993.SH,4.72746955134282,4.780468088913928,4.52607510857261,4.568473938629497,1930712.05,848995750.0
2020-12-14,603993.SH,603993.SH,4.663870763479364,4.981861951898411,4.610872232076189,4.918263714214602,3900567.37,1784125640.0
2020-12-15,603993.SH,603993.SH,4.928861582613963,5.003059498911377,4.8334642616601435,5.003059498911377,2830514.64,1317961892.0
2020-12-16,603993.SH,603993.SH,4.960658214602266,5.045455790920253,4.907659729403524,4.928859123483021,1827309.8,853502346.0
2020-12-17,603993.SH,603993.SH,4.907658531244411,5.427043559389069,4.886459142340548,5.427043559389068,7995447.64,3981704443.0
2020-12-18,603993.SH,603993.SH,5.38464341945776,5.448241570081277,5.2574471182107265,5.363444035916587,6430311.54,3243227885.0
2020-12-21,603993.SH,603993.SH,5.374041549020798,5.543636548595418,5.278644361760073,5.490638111228349,5820475.63,2976994246.0
2020-12-22,603993.SH,603993.SH,5.3740390567116725,5.437637152057372,5.0878476276560205,5.119646675328871,5937033.21,2945828469.0
2020-12-23,603993.SH,603993.SH,5.1090471602809915,5.321040818383937,5.087847794470696,5.172645257711875,3683941.5,1804987639.0
2020-12-24,603993.SH,603993.SH,5.172646687548776,5.246844488394763,5.087849200867649,5.21504543088934,2353420.62,1150965490.0
2020-12-25,603993.SH,603993.SH,5.162044673544562,5.734427450487901,5.109046268272031,5.734427450487901,7620359.06,4010641723.0
2020-12-28,603993.SH,603993.SH,5.882822144847705,6.306809326458351,5.861622785767174,6.306809326458351,9334145.51,5399408403.0
2020-12-29,603993.SH,603993.SH,6.518803830581072,6.550602873657076,5.882822969060967,6.052417865466328,8484483.76,4915907012.0
2020-12-30,603993.SH,603993.SH,6.211414882792129,6.3810098283973735,5.967622148484588,6.211414882792129,7710990.43,4518790628.0
2020-12-31,603993.SH,603993.SH,6.1796164039594945,6.762599083578315,6.158417033791537,6.624803177486593,7357855.46,4498855892.0
2021-01-04,603993.SH,603993.SH,6.656602232738528,7.197186172021434,6.529406011730785,6.921594359837992,7653320.22,4912775937.0
2021-01-05,603993.SH,603993.SH,6.730802078208961,6.868598026266783,6.487009247029739,6.752001454833241,6447619.06,4056856034.0
2021-01-06,603993.SH,603993.SH,6.879200109558868,7.2077905616333275,6.699005345518034,7.154792101621318,6710832.87,4406709480.0
2021-01-07,603993.SH,603993.SH,7.165389359727052,7.875568482658579,7.091191540913311,7.801370663844837,9985869.91,7286581582.0
2021-01-08,603993.SH,603993.SH,7.801372350627684,7.854370804096622,7.2077896717755765,7.843771113402835,8704956.78,6177183131.0
2021-01-11,603993.SH,603993.SH,7.631781363787183,7.748378023511709,7.059397761503145,7.165394724889077,7565011.0,5267513113.0
2021-01-12,603993.SH,603993.SH,6.953397523550556,7.483382090894349,6.826201227388046,7.292587646650583,6078322.84,4091712346.0
2021-01-13,603993.SH,603993.SH,7.281991754601771,7.462186601513314,6.677809032604244,6.826204788884338,6837053.39,4567590321.0
2021-01-14,603993.SH,603993.SH,6.677805709675348,6.858000466920555,6.529410027238118,6.646006634867369,4937994.21,3111977641.0
2021-01-15,603993.SH,603993.SH,6.677805268688177,6.85800001403373,6.465811450634583,6.741403414104255,4444216.69,2800458606.0
2021-01-18,603993.SH,603993.SH,6.571807854137661,6.709603825272805,6.434011883002516,6.614206614486935,4167167.42,2585222754.0
2021-01-19,603993.SH,603993.SH,6.635404192174376,6.773200125877678,6.16901795502474,6.243215765480364,5598691.87,3414990873.0
2021-01-20,603993.SH,603993.SH,6.253817954214491,6.646006537783874,6.253817954214491,6.571808697649126,4843853.08,2963676498.0
2021-01-21,603993.SH,603993.SH,6.5294103457665535,6.858000801478831,6.412813732449293,6.688405727562817,5141551.83,3238503394.0
2021-01-22,603993.SH,603993.SH,6.624809365882918,7.016998080343186,6.529412111014204,6.900401435503647,5519420.08,3542169578.0
2021-01-25,603993.SH,603993.SH,6.953400802956668,7.377388656795489,6.79440535776711,7.101796551800256,5979892.62,4003936796.0
2021-01-26,603993.SH,603993.SH,6.985196666344948,7.069994197954598,6.582408391199109,6.656606231357554,4085758.19,2616752936.0
2021-01-27,603993.SH,603993.SH,6.677804230476071,6.857998947806378,6.359813552834353,6.7520020552591395,3971862.68,2473011554.0
2021-01-28,603993.SH,603993.SH,6.4658089406904615,6.561206121782617,6.2220161445660676,6.2856142652941696,3968091.69,2391803790.0
2021-01-29,603993.SH,603993.SH,6.40220813652746,6.540004007015634,6.073617983824892,6.423407501217948,3430915.35,2058130328.0
2021-02-01,603993.SH,603993.SH,6.370406823507286,6.465803930681273,6.2008119663090895,6.31740843063285,2767916.85,1648376638.0
2021-02-02,603993.SH,603993.SH,6.381007122601443,6.5612016758974985,6.317409044967542,6.540002316686198,3653813.23,2226389590.0
2021-02-03,603993.SH,603993.SH,6.508203032831474,7.19718218125826,6.444604957592079,7.03818699315977,7274714.65,4736306910.0
2021-02-04,603993.SH,603993.SH,6.889792647479395,6.921591690467762,6.391607640661655,6.529403493611243,5105188.31,3216951622.0
2021-02-05,603993.SH,603993.SH,6.50820286172551,6.603599972076537,6.084215704609843,6.084215704609842,3894378.93,2312944058.0
2021-02-08,603993.SH,603993.SH,6.094812797250943,6.518799774451009,5.957017029660922,6.444602053440997,3428118.56,2035580333.0
2021-02-09,603993.SH,603993.SH,6.455202697666563,6.9003890906090835,6.423403669599239,6.773192978339792,3951362.48,2503196729.0
2021-02-10,603993.SH,603993.SH,6.868590333945016,7.112382892094298,6.656596805119552,6.974587098357747,3800487.66,2476501754.0
2021-02-18,603993.SH,603993.SH,7.674166082671424,7.674166082671424,7.515170929024916,7.674166082671423,7903248.85,5710415015.0
2021-02-19,603993.SH,603993.SH,7.578771839165271,7.716567690786458,7.239582050559273,7.557572477377397,7414409.0,5248876008.0
2021-02-22,603993.SH,603993.SH,7.992161991480636,8.310152521645648,7.896764832431132,8.055760097513637,9649839.28,7449215062.0
2021-02-23,603993.SH,603993.SH,7.790770074924452,8.310154746586083,7.716572264687077,7.917966321045667,6590877.52,4973669630.0
2021-02-24,603993.SH,603993.SH,7.907369226448123,8.532750974920562,7.716574794710769,7.75897355731907,7258393.11,5528716973.0
2021-02-25,603993.SH,603993.SH,8.214762235903244,8.235961622318477,7.631779109484304,7.737776041560475,6084747.82,4579284296.0
2021-02-26,603993.SH,603993.SH,7.207789659916006,7.387984401413907,7.016995227741759,7.101792753152536,5768767.38,3904244842.0
2021-03-01,603993.SH,603993.SH,7.122989813983714,7.493978866795366,6.921595756743104,7.483379179572175,5141031.01,3490014191.0
2021-03-02,603993.SH,603993.SH,7.313780341535415,7.37737843146181,6.87919339370505,7.101786708447431,5070533.21,3400836999.0
2021-03-03,603993.SH,603993.SH,7.091183907502551,7.366775509288899,7.027585845551855,7.228979708395725,3501773.32,2379707780.0
2021-03-04,603993.SH,603993.SH,6.995789845718047,7.006389527302469,6.6777993981854085,6.751997169276358,4119727.95,2645799154.0
2021-03-05,603993.SH,603993.SH,6.4340060656443505,6.508203829169079,6.243211816580762,6.444605746147883,3527786.02,2120711546.0
2021-03-08,603993.SH,603993.SH,6.497600982320377,6.60359773570244,6.2432087742034295,6.264408124879842,2870230.5,1739677041.0
2021-03-09,603993.SH,603993.SH,6.253806980526227,6.497599456038266,5.93581679507574,6.317405017616324,3383987.01,2008472533.0
2021-03-10,603993.SH,603993.SH,6.391602288269361,6.444600648868609,6.094811468913569,6.169009173752517,2899274.19,1703900848.0
2021-03-11,603993.SH,603993.SH,6.169008993196149,6.518798162913457,6.105410962338457,6.518798162913457,4367226.22,2614324749.0
2021-03-12,603993.SH,603993.SH,6.4552019671461025,6.465801641969002,6.211409446219403,6.338605544094203,3309479.66,1973922303.0
2021-03-15,603993.SH,603993.SH,6.264410847430299,6.4658047663832185,6.222012127650737,6.317409247154752,2386710.4,1428214961.0
2021-03-16,603993.SH,603993.SH,6.296212881266877,6.317412251237473,5.988822016693242,6.063019811590325,3180572.21,1829292334.0
2021-03-17,603993.SH,603993.SH,5.967624099709028,6.116019725634297,5.82982816134985,6.094820350502117,2560210.75,1450356162.0
2021-03-18,603993.SH,603993.SH,6.147821206617931,6.222019048766769,6.0524239809979985,6.0630236727335465,1958952.52,1131191538.0
2021-03-19,603993.SH,603993.SH,5.914628158640995,5.999425694965597,5.8298306223163925,5.893428774559844,2198434.83,1223576189.0
2021-03-22,603993.SH,603993.SH,5.89342734329857,5.967625169563121,5.755631380235833,5.935826101164027,2028823.56,1126621695.0
2021-03-23,603993.SH,603993.SH,5.904029671436234,5.925229059843545,5.628437622141185,5.692035787363119,2591440.06,1403781440.0
2021-03-24,603993.SH,603993.SH,5.6072356407913375,5.734431912416094,5.469439679864519,5.501238747770707,2483428.97,1301886516.0
2021-03-25,603993.SH,603993.SH,5.501238043023104,5.628434298353118,5.490638355078936,5.543636794799776,1674916.28,879987247.0
2021-03-26,603993.SH,603993.SH,5.564837106732643,5.755631521820619,5.511838658097094,5.7344321423663995,2323581.28,1245328243.0
2021-03-29,603993.SH,603993.SH,5.755629871229829,5.766229557917177,5.639033317669004,5.692031751105742,1640570.69,881591291.0
2021-03-30,603993.SH,603993.SH,5.649635295596404,5.787431278415828,5.575437458693637,5.723833132499171,1890434.29,1017872671.0
2021-03-31,603993.SH,603993.SH,5.702635046580077,5.734434126765468,5.554239339048253,5.596638112628774,1603682.18,849344281.0
2021-04-01,603993.SH,603993.SH,5.5966391244503555,5.681436686942027,5.5966391244503555,5.628438210384731,1195391.34,634641077.0
2021-04-02,603993.SH,603993.SH,5.639038148122119,5.6814369311907065,5.522441494683504,5.6708372354235586,1691442.71,896157590.0
2021-04-06,603993.SH,603993.SH,5.734435934197866,5.925230475446593,5.713236540725785,5.798034114614109,2530174.66,1387099360.0
2021-04-07,603993.SH,603993.SH,5.7768347417735795,5.935830193382026,5.692037167582408,5.935830193382027,2554494.91,1408899306.0
2021-04-08,603993.SH,603993.SH,5.904033580276186,6.169026110809228,5.851035074169577,6.063029098596011,3558155.98,2027435150.0
2021-04-09,603993.SH,603993.SH,6.073625839195408,6.105424927358734,5.872231614161005,5.914630398378773,2201678.11,1236868853.0
2021-04-12,603993.SH,603993.SH,6.041827927316935,6.200823399088432,5.925231248017836,5.988829436726435,4264868.38,2436907873.0
2021-04-13,603993.SH,603993.SH,5.988830138120875,6.094827131715934,5.851034046447296,5.882833144525814,2411564.86,1357393082.0
2021-04-14,603993.SH,603993.SH,5.872233341232973,6.010029430467682,5.840434243717271,5.9888300321238805,2264075.38,1267248433.0
2021-04-15,603993.SH,603993.SH,5.97823138731359,6.031229892520272,5.840435273776221,6.010030490437599,2260153.71,1265411892.0
2021-04-16,603993.SH,603993.SH,6.0842305419004665,6.094830246677296,5.893435855917525,5.925234970248016,1959182.6,1102670984.0
2021-04-19,603993.SH,603993.SH,5.882834112029378,6.158426340701024,5.80863620431009,6.116027536290002,3897105.81,2225066429.0
2021-04-20,603993.SH,603993.SH,6.052428212792835,6.0948270093798245,5.98883001791235,6.0312288144993405,2286746.02,1303111302.0
2021-04-21,603993.SH,603993.SH,5.967631972992228,5.988831376093444,5.882834360587365,5.9358328683404045,1508614.61,843011787.0
2021-04-22,603993.SH,603993.SH,5.9782299845833515,6.084226970125609,5.9676302860291255,5.999429381691804,2059506.06,1171344124.0
2021-04-23,603993.SH,603993.SH,5.946433053132958,6.137227696548989,5.914633945896953,6.116028291724985,2928325.67,1680083249.0
2021-04-26,603993.SH,603993.SH,6.1478261460358885,6.285622249309107,6.105427345028745,6.137226445784103,3275379.32,1914571559.0
2021-04-27,603993.SH,603993.SH,6.200826811124253,6.2326259229761725,6.020631843963377,6.105429475568496,2505236.36,1450835842.0
2021-04-28,603993.SH,603993.SH,6.0842300676672165,6.126628883469776,5.9146348044569805,6.010032140012738,2153163.41,1219878783.0
2021-04-29,603993.SH,603993.SH,6.05242886154853,6.169025564660674,5.935832158436387,6.126626763528986,2610077.87,1492226420.0
2021-04-30,603993.SH,603993.SH,6.094825774437572,6.243221532423878,6.0418272894424625,6.158423956431702,2634727.56,1525736216.0
2021-05-06,603993.SH,603993.SH,6.359818837521967,6.434016723959723,6.169024272396308,6.338619441396894,4116079.11,2452602840.0
2021-05-07,603993.SH,603993.SH,6.370419887506121,6.78380819967374,6.370419887506121,6.593013594057916,5554100.99,3445472306.0
2021-05-10,603993.SH,603993.SH,6.75200763046014,6.932202496579171,6.6036118583621155,6.921602798572168,4995271.83,3199427468.0
2021-05-11,603993.SH,603993.SH,6.699007546971503,6.730806633428645,6.38101668240007,6.5506118101715,4156941.1,2572508528.0
2021-05-12,603993.SH,603993.SH,6.4764139417715,6.6354093740572155,6.423415464342927,6.5506118101715,2001810.16,1234333917.0
2021-05-13,603993.SH,603993.SH,6.381014460045983,6.39161415184008,6.126621856987672,6.1478212405758645,3259166.31,1920181492.0
2021-05-14,603993.SH,603993.SH,6.147818465517665,6.211416587574745,6.010022534393994,6.105419717479612,2590565.65,1492009093.0
2021-05-17,603993.SH,603993.SH,6.08422100010494,6.317414139481785,6.041822247490969,6.285615075021306,2760245.19,1612725696.0
2021-05-18,603993.SH,603993.SH,6.317411738864411,6.45520763249736,6.23261426585952,6.3598104753668565,2493395.3,1495447713.0
2021-05-19,603993.SH,603993.SH,6.264413318236353,6.4658073166229695,6.179615845231462,6.39160952774369,2746777.13,1650542699.0
2021-05-20,603993.SH,603993.SH,6.10541560137639,6.1266149611033915,6.010018482604884,6.063016881922388,2994532.39,1715083293.0
2021-05-21,603993.SH,603993.SH,6.084219126947812,6.306812509641025,6.063019757167506,6.169016606069037,2236037.0,1300576226.0
2021-05-24,603993.SH,603993.SH,6.126618171207006,6.147817542041632,5.946423519112682,5.967622889947307,2529454.19,1435131866.0
2021-05-25,603993.SH,603993.SH,5.967622921466442,6.031221034306228,5.819227324840279,6.020621348832929,2214838.54,1244423478.0
2021-05-26,603993.SH,603993.SH,5.988820426868393,6.020619473382737,5.914622651668252,5.988820426868393,2097336.11,1180103447.0
2021-05-27,603993.SH,603993.SH,5.967618935031355,5.988818291816547,5.935819899853568,5.946419578246164,1825963.25,1026142134.0
2021-05-28,603993.SH,603993.SH,6.0206178829049914,6.190212752845977,6.0206178829049914,6.084215959132862,3442695.76,1983357771.0
2021-05-31,603993.SH,603993.SH,6.094814904189038,6.22201104131994,6.05241619181207,6.158412972754488,2502753.88,1452412914.0
2021-06-01,603993.SH,603993.SH,6.1054147203187386,6.116014398652625,5.957019223644325,6.094815041984852,2199981.8,1253155240.0
2021-06-02,603993.SH,603993.SH,6.073614351042984,6.169011435090779,6.02061597101643,6.031215647021741,1926422.2,1106793465.0
2021-06-03,603993.SH,603993.SH,6.020616340055937,6.158412136571302,5.9994169867458815,6.052415370021022,2011794.19,1156484460.0
2021-06-04,603993.SH,603993.SH,5.946420124159801,6.094815635279653,5.82982365113706,6.010018200354024,2609994.01,1463589058.0
2021-06-07,603993.SH,603993.SH,6.010020318374749,6.063018733880699,5.904023487362849,5.925222853565229,1771205.74,996863252.0
2021-06-08,603993.SH,603993.SH,5.925220049177985,5.967618761515573,5.72382616557444,5.755625199827631,2438408.0,1338125392.0
2021-06-09,603993.SH,603993.SH,5.766225669975885,5.8404234267586626,5.745026310895091,5.787425029056679,1126727.55,615491647.0
2021-06-10,603993.SH,603993.SH,5.776822466403446,5.819221163404572,5.73442376940232,5.776822466403447,1243087.22,678064080.0
2021-06-11,603993.SH,603993.SH,5.787422140653727,5.819221163404572,5.639026701149786,5.776822466403447,1905108.05,1029548116.0
2021-06-15,603993.SH,603993.SH,5.723824980850159,5.766223684412012,5.46943275947904,5.480032435369504,2479210.86,1301137336.0
2021-06-16,603993.SH,603993.SH,5.458832143155948,5.52243018754223,5.342235728447762,5.3528354025121425,1694521.2,866213119.0
2021-06-17,603993.SH,603993.SH,5.3528354025121425,5.405833772834044,5.342235728447762,5.3528354025121425,1075166.98,544437050.0
2021-06-18,603993.SH,603993.SH,5.278638853701813,5.501232058375987,5.172642089571254,5.501232058375987,2419364.2,1223178619.0
2021-06-21,603993.SH,603993.SH,5.437634223800228,5.448233900649741,5.363436485853636,5.405835193251688,1586103.02,807284891.0
2021-06-22,603993.SH,603993.SH,5.405837516071497,5.469435604495867,5.384638153263373,5.427036878879621,1246603.42,638335766.0
2021-06-23,603993.SH,603993.SH,5.437637230820753,5.511835009798815,5.363439451842692,5.501235327087663,1866562.81,961328538.0
2021-06-24,603993.SH,603993.SH,5.511836932531958,5.564835364575534,5.448238814079666,5.469438186897096,1213217.7,628504509.0
2021-06-25,603993.SH,603993.SH,5.4800395091380105,5.766231127603633,5.4800395091380105,5.681433611021227,3310848.77,1763711863.0
2021-06-28,603993.SH,603993.SH,5.670834179702723,5.713232939924799,5.5436378990364945,5.5860366592585695,1542725.66,816979202.0
2021-06-29,603993.SH,603993.SH,5.5966359573317765,5.617835335958033,5.4270409283217225,5.448240306947979,1205579.13,624966003.0
2021-06-30,603993.SH,603993.SH,5.458839721203279,5.543637231435563,5.437640343645207,5.469439409982314,1017204.11,526933407.0
2021-07-01,603993.SH,603993.SH,5.469438545248813,5.480038232352007,5.342242300010468,5.363441674216857,1021733.98,520618042.0
2021-07-02,603993.SH,603993.SH,5.384638793407232,5.480035937384919,5.342240062750482,5.4164378413997945,1078461.14,550941517.0
2021-07-05,603993.SH,603993.SH,5.448234579495859,5.957019131666678,5.448234579495859,5.925220097156002,6142646.45,3363908863.0
2021-07-06,603993.SH,603993.SH,5.925217689711058,6.202296214769489,5.871933357969052,6.085070684937076,5984977.13,3409471533.0
2021-07-07,603993.SH,603993.SH,5.935872583817268,6.692509843154838,5.871931406971839,6.607254940694267,7998022.2,4802394981.0
2021-07-08,603993.SH,603993.SH,6.500685485822201,6.873675636648065,6.458058040013531,6.703165853413385,6736831.77,4239545257.0
2021-07-09,603993.SH,603993.SH,6.57528535508923,7.342579594256855,6.553971626223463,7.086814847867647,6712048.22,4396496214.0
2021-07-12,603993.SH,603993.SH,7.129442408924432,7.5663738570050025,7.0441874922257846,7.353236565258383,6147112.26,4222012951.0000005
2021-07-13,603993.SH,603993.SH,7.267978874520938,7.267978874520938,6.820390732688271,6.980243640485651,5156133.17,3366076062.0
2021-07-14,603993.SH,603993.SH,7.097468945384944,7.417174753735616,6.799076857590982,7.05484150427152,5218864.48,3455019014.0
2021-07-15,603993.SH,603993.SH,6.937617816908951,7.204039392059064,6.713823693782856,7.161411940035046,4195044.19,2746342236.0
2021-07-16,603993.SH,603993.SH,7.065499501076084,7.545058290741881,6.980244605135497,7.172068121001818,5468580.68,3740924322.0
2021-07-19,603993.SH,603993.SH,7.097469576369468,7.491773441723327,7.044185270240567,7.257322494756167,4055223.32,2776551342.0
2021-07-20,603993.SH,603993.SH,7.086810673718532,7.161408680810306,6.852359794287241,7.1400949644983704,3681865.9,2420075966.0
2021-07-21,603993.SH,603993.SH,7.118779428043502,7.619651633310037,7.086808861749894,7.502426223566804,5305654.55,3703341716.0
2021-07-22,603993.SH,603993.SH,7.491768674252476,7.555709800917503,7.278631585369048,7.3638864209224195,3536130.93,2449089344.0
2021-07-23,603993.SH,603993.SH,7.470457377918996,7.832790546034896,7.395859372718665,7.523741667347804,4635264.07,3319507086.0
2021-07-26,603993.SH,603993.SH,7.704908970107758,7.886075571064649,7.385203203713245,7.7688501233866605,5482345.5,3956028110.0
2021-07-27,603993.SH,603993.SH,7.992648017584133,8.365638258404726,7.28929499203673,7.374549904224295,7852783.18,5863340849.0
2021-07-28,603993.SH,603993.SH,7.1081268995634295,7.395862171359851,6.8097347658486225,6.905646523114097,5124939.84,3387457576.0
2021-07-29,603993.SH,603993.SH,7.140098389388485,7.502431740491781,7.001559166907813,7.406519971082085,4181771.94,2851569346.0
2021-07-30,603993.SH,603993.SH,7.406522918684099,7.534405328790876,7.108130628434956,7.363895448648508,3147965.53,2154069596.0
2021-08-02,603993.SH,603993.SH,7.2573272715074975,7.491778372789678,7.022876170225317,7.299954744467893,3955462.83,2677407126.0
2021-08-03,603993.SH,603993.SH,7.182725312836029,7.182725312836029,6.575284151364732,6.60725473881059,5555046.36,3522646689.0
2021-08-04,603993.SH,603993.SH,6.649882188738401,6.98024492567893,6.575284151364732,6.93761747575112,3707616.4,2374252260.0
2021-08-05,603993.SH,603993.SH,6.85236233698587,6.8949897854274615,6.64988195688831,6.724479991661094,3064775.12,1936541925.0
2021-08-06,603993.SH,603993.SH,6.799080985110484,7.395865522988521,6.724482917875729,7.395865522988521,7089733.72,4792444322.0
2021-08-09,603993.SH,603993.SH,7.470463756233578,7.768856031803535,7.278640150510034,7.672944228941763,7462674.83,5272132431.0
2021-08-10,603993.SH,603993.SH,7.566375559095349,7.566375559095349,7.236012682571468,7.385208820356446,5294002.32,3653925812.0
2021-08-11,603993.SH,603993.SH,7.353238359979137,7.385208961544263,7.097473547458123,7.2466696880953805,3700484.89,2513369666.0
2021-08-12,603993.SH,603993.SH,7.246672595068893,7.566378738968991,7.118790137508854,7.438496281408953,4728669.72,3288548654.0
2021-08-13,603993.SH,603993.SH,7.35324404437878,7.832803438577395,7.257332165539056,7.736891559737672,6166159.53,4420573035.0
2021-08-16,603993.SH,603993.SH,7.715574134799731,7.832799708670997,7.374554283537864,7.385211153889797,4922392.16,3496685600.0
2021-08-17,603993.SH,603993.SH,7.310612926811576,7.779515213662464,7.278642316344469,7.523750329925615,5603281.37,3985823835.0
2021-08-18,603993.SH,603993.SH,7.417179557474581,7.726228705702688,7.140101010787312,7.481120760556258,4706462.73,3288936022.0
2021-08-19,603993.SH,603993.SH,7.353238659868681,7.353238659868681,6.916307087325759,7.182728777900711,5195747.92,3484116723.0
2021-08-20,603993.SH,603993.SH,7.086815496431166,7.214697881329172,6.916305649900491,7.076158631022998,3555756.94,2351328102.0
2021-08-23,603993.SH,603993.SH,7.108127539857773,7.267980483032986,7.001558911074299,7.182725580006205,3236537.71,2176211951.0
2021-08-24,603993.SH,603993.SH,7.246663572825547,7.715565333420141,7.150751849067562,7.566369318685497,6553878.9,4641779119.0
2021-08-25,603993.SH,603993.SH,7.715565965843528,7.875418851876197,7.417173911915877,7.800820838394285,5894629.22,4252755315.0000005
2021-08-26,603993.SH,603993.SH,7.7901602535948395,7.981983625092387,7.619650590041465,7.843444523455271,5409003.19,3977598716.0
2021-08-27,603993.SH,603993.SH,7.747534115650059,8.269720046416019,7.651622414080801,8.269720046416019,6263204.36,4701433217.0
2021-08-30,603993.SH,603993.SH,8.312346949136629,8.600082035837513,8.035268717498742,8.173807833317685,6955857.22,5431553152.0
2021-08-31,603993.SH,603993.SH,8.067241541927375,8.344319851161341,7.896731813168012,8.333662993113881,4149005.63,3168021392.0
2021-09-01,603993.SH,603993.SH,8.259062400151418,8.3443172378304,7.502425715750449,7.758190228787395,6417580.56,4725043562.0
2021-09-02,603993.SH,603993.SH,7.630310705513567,7.950016461331175,7.587683271404553,7.854104734585893,3208881.43,2359431311.0
2021-09-03,603993.SH,603993.SH,7.704909950590551,8.0033020371971,7.513086466343482,7.577027627759172,4027962.15,2913545711.0
2021-09-06,603993.SH,603993.SH,7.5770240733669985,7.683592625735028,7.193377284842087,7.587680928603801,3299494.75,2315400929.0
2021-09-07,603993.SH,603993.SH,7.555706916060291,7.704902821313951,7.4917658138087235,7.6622754198129055,3326516.39,2377964446.0
2021-09-08,603993.SH,603993.SH,7.630308667604864,7.683592946009926,7.449142121027654,7.513083255113728,3873760.42,2741363641.0
2021-09-09,603993.SH,603993.SH,7.513084178853472,7.843446745583199,7.470456750888346,7.800819317618074,4417372.72,3186359102.0
2021-09-10,603993.SH,603993.SH,7.779502350743999,8.578766290888932,7.726218088067671,8.461540913001008,13103022.62,10383520391.0
2021-09-13,603993.SH,603993.SH,8.525484987470826,9.122268936593784,8.461543850064794,9.026357230484738,10985204.14,9088567839.0
2021-09-14,603993.SH,603993.SH,8.738621901721832,8.80256303758809,8.365631942501997,8.408259366412835,6609137.93,5308188646.0
2021-09-15,603993.SH,603993.SH,8.39760610179559,8.482860986077778,8.099214006807928,8.39760610179559,3918588.94,3063743930.0
2021-09-16,603993.SH,603993.SH,8.40826322820479,8.600086723905282,8.035273097676061,8.088557402037308,4921679.0,3837320802.0
2021-09-17,603993.SH,603993.SH,7.992647443749209,8.195127845657522,7.438490554315931,7.758196452065899,5456035.86,3954870622.0
2021-09-22,603993.SH,603993.SH,7.481117172635953,7.715568138160157,7.3852054140124155,7.640970103675183,2802316.84,1990390390.0
2021-09-23,603993.SH,603993.SH,7.736880310581883,7.768850890377676,7.502429392079402,7.59834113146678,2390015.92,1709656036.0
2021-09-24,603993.SH,603993.SH,7.598343203741633,7.6516275179333695,7.225353004399477,7.267980455752867,3132599.67,2176836534.0
2021-09-27,603993.SH,603993.SH,7.214693879032421,7.246664457521486,6.543311730762047,6.660537185221955,4577647.87,2904024296.0
2021-09-28,603993.SH,603993.SH,6.703164623207375,6.7351352016964405,6.553968590258403,6.649880325725599,2108908.33,1313704674.0
2021-09-29,603993.SH,603993.SH,6.596597280479003,6.596597280479003,6.138352235146859,6.287548296417789,3312445.88,1968334655.0
2021-09-30,603993.SH,603993.SH,6.351490622262115,6.490029847244342,6.255578851120573,6.436745529943486,2076711.49,1244790704.0
2021-10-08,603993.SH,603993.SH,6.543313424203496,6.5539702864579,6.340833041369837,6.404774214896255,1829748.61,1102671784.0
2021-10-11,603993.SH,603993.SH,6.53265421636532,6.831046252349381,6.468713065797307,6.767105101781367,3205529.65,2013089692.0
2021-10-12,603993.SH,603993.SH,6.767102429149021,6.80972984602555,6.575279053204639,6.745788720710756,2090784.17,1308474119.0
2021-10-13,603993.SH,603993.SH,6.660536929949218,6.72447808447673,6.607252634509624,6.671193789037136,1365100.78,853812106.0
2021-10-14,603993.SH,603993.SH,6.7138183733159185,6.9056417554106595,6.7031615187551,6.873671191728202,2247560.88,1444290278.0
2021-10-15,603993.SH,603993.SH,6.9162981777028145,7.150748963387656,6.777759077070863,6.820386492649925,2527024.92,1648628797.0
2021-10-18,603993.SH,603993.SH,6.926955031597582,7.11877840170336,6.873670762123754,7.076150986124298,2494270.38,1640309898.0
2021-10-19,603993.SH,603993.SH,7.022866547679241,7.118778230424481,6.916298011295642,7.086807669509402,1749015.68,1152403518.0
2021-10-20,603993.SH,603993.SH,6.926953703401936,7.150747592281076,6.82038518488806,6.990894814510261,2133775.06,1401894979.0
2021-10-21,603993.SH,603993.SH,7.086807696674015,7.172062526107687,6.9482685988442965,6.958925452523506,2104377.17,1391112510.0
2021-10-22,603993.SH,603993.SH,6.831043577032473,6.92695526532154,6.628563346199996,6.713818180234723,2272398.08,1442447831.0
2021-10-25,603993.SH,603993.SH,6.681848137055497,6.852357818383867,6.58593644130829,6.852357818383867,1528162.02,967865130.0
2021-10-26,603993.SH,603993.SH,6.820386153760953,6.9482683941439705,6.767101886934695,6.8097293003957,1423854.95,913510341.0
2021-10-27,603993.SH,603993.SH,6.799074067929321,6.863015203364394,6.61790751752995,6.6605349411533314,1368470.28,860437232.0
2021-10-28,603993.SH,603993.SH,6.575280093906569,6.607250661624105,6.255574416731209,6.340829263977971,2582709.19,1544036651.0
2021-10-29,603993.SH,603993.SH,6.319517503936526,6.4687135326972545,6.255576348753357,6.383458659119696,1632670.75,975799540.0
2021-11-01,603993.SH,603993.SH,6.383455797202397,6.490024341396093,6.340828379524918,6.394112651621766,1317148.84,790952828.0
2021-11-02,603993.SH,603993.SH,6.4047673126269205,6.415424163396683,6.106375491073587,6.2236008495409685,1752902.91,1029042657.0
2021-11-03,603993.SH,603993.SH,6.223601018316584,6.308855826786674,6.085061954552687,6.287542124669152,1245809.8,724714635.0
2021-11-04,603993.SH,603993.SH,6.287542457343338,6.298199308965954,5.989150611910095,6.042434870023174,2710774.88,1551734047.0
2021-11-05,603993.SH,603993.SH,5.967837104331647,6.117033031939938,5.850611732639418,5.850611732639418,2408964.77,1346368994.0
2021-11-08,603993.SH,603993.SH,5.850612312523059,6.095719932173387,5.839955459494784,6.021121960975462,2299295.76,1293869046.0
2021-11-09,603993.SH,603993.SH,6.063748835522129,6.063748835522129,5.9571803146869415,6.0104645751045345,1134609.63,639385303.0
2021-11-10,603993.SH,603993.SH,5.989153283832813,5.989153283832813,5.818643581801985,5.925212145571252,1478708.27,815249662.0
2021-11-11,603993.SH,603993.SH,5.903896999013494,5.9891518293241575,5.882583291435827,5.9678381217464915,1185202.95,660272333.0
2021-11-12,603993.SH,603993.SH,5.999806088601128,6.053090334503446,5.89323759679649,5.914551295157417,1362056.7,760400455.0
2021-11-15,603993.SH,603993.SH,5.935867338025163,5.96783789819406,5.818641950739209,5.935867338025164,1273340.01,703997056.0
2021-11-16,603993.SH,603993.SH,5.925212401293267,5.925212401293267,5.733388978229816,5.765359548740392,1808907.81,989181141.0
2021-11-17,603993.SH,603993.SH,5.765361983471756,5.850616874170044,5.744048260797183,5.829303151495472,1602495.85,873190708.0
2021-11-18,603993.SH,603993.SH,5.797333018270776,5.946529088593921,5.765362431772958,5.893244777764226,1820829.94,1003640178.0
2021-11-19,603993.SH,603993.SH,5.9145579719687165,6.06375402891928,5.882587388336453,6.063754028919279,2464592.41,1390567767.0
2021-11-22,603993.SH,603993.SH,6.074411386000311,6.415430972582785,6.074411386000311,6.266234903452952,3294675.15,1940223002.0
2021-11-23,603993.SH,603993.SH,6.330174298284981,6.38345859372509,6.191635130140696,6.2236057074047615,2018524.8,1182746736.0
2021-11-24,603993.SH,603993.SH,6.2236039471930455,6.362143076154534,6.14900595467532,6.330172507932653,2119386.0,1248946143.0
2021-11-25,603993.SH,603993.SH,6.330172572526251,6.468711702901405,6.244917723064618,6.266231435430026,2030135.32,1209458709.0
2021-11-26,603993.SH,603993.SH,6.234262856764838,6.394115750528039,6.1916354184279845,6.276890295101691,2392058.65,1415083100.0
2021-11-29,603993.SH,603993.SH,6.085065096027098,6.266231657555051,6.042437669785228,6.159663091950373,2653359.16,1529798733.0
2021-11-30,603993.SH,603993.SH,6.25557393009962,6.436740466405742,6.1916327996386356,6.276887640253281,2884888.02,1709850609.0
2021-12-01,603993.SH,603993.SH,6.276889759989108,6.564624944233091,6.244919183961999,6.500683792178871,3624515.07,2195806998.0
2021-12-02,603993.SH,603993.SH,6.5219958844478425,6.5859370205698795,6.362143044142748,6.415427324244445,2189401.19,1322714830.0
2021-12-03,603993.SH,603993.SH,6.426084771169077,6.5219964841716,6.308859344165993,6.49002591317076,2305659.7,1392561173.0
2021-12-06,603993.SH,603993.SH,6.490028783131968,6.54331309169627,6.330175857439063,6.362146442577643,2627658.79,1589591893.0
2021-12-07,603993.SH,603993.SH,6.404776064224973,6.447403525550929,6.20229562292668,6.276893680247103,2195605.05,1296966599.0
2021-12-08,603993.SH,603993.SH,6.3301771600579935,6.404775207398743,6.276892840528885,6.372804615681279,1778797.37,1060257347.0000001
2021-12-09,603993.SH,603993.SH,6.394119885792824,6.426090485221788,6.3408355534112175,6.362149286363859,1755563.89,1049158773.0
2021-12-10,603993.SH,603993.SH,6.319523424398122,6.351494031941452,6.223611601768134,6.298209686035903,1596419.44,941372533.0
2021-12-13,603993.SH,603993.SH,6.276895947673682,6.330180293579232,6.234268470949243,6.298209686035903,1650390.66,973130261.0
2021-12-14,603993.SH,603993.SH,6.266239663194459,6.27689653336996,6.031788519333443,6.053102259684444,2922383.41,1678183807.0
2021-12-15,603993.SH,603993.SH,6.021131305706582,6.074415653544693,5.957190088300848,5.978503827436093,1644954.83,928643858.0
2021-12-16,603993.SH,603993.SH,5.978504747205914,6.106387201691602,5.967847875998772,6.09573033048446,1256663.57,714024962.0
2021-12-17,603993.SH,603993.SH,6.138356240829562,6.2875523994608375,6.117042503882238,6.149013109303225,1922084.09,1118985107.0
2021-12-20,603993.SH,603993.SH,6.117045209288247,6.138358955662073,5.989162731045288,5.999819604232201,1258929.17,712876403.0
2021-12-21,603993.SH,603993.SH,5.967849016191789,6.063760875380587,5.95719214294859,6.0531040021373865,922194.68,519784845.0
2021-12-22,603993.SH,603993.SH,6.053106328597289,6.053106328597289,5.9785081872237305,5.98916506456281,947326.46,533690419.0
2021-12-23,603993.SH,603993.SH,6.021133079620012,6.06376057044918,5.999819334205427,6.031789952327303,977958.36,553552976.0
2021-12-24,603993.SH,603993.SH,6.031792500050857,6.053106254467997,5.893253096339442,5.903909973548012,1177930.8,655567834.0
2021-12-27,603993.SH,603993.SH,5.903910615277357,5.935881250378137,5.871939980176577,5.882596858543503,763572.67,422781670.0
2021-12-28,603993.SH,603993.SH,5.914567663542092,5.978508935580385,5.882597027522945,5.93588142088819,970692.11,539453122.0
2021-12-29,603993.SH,603993.SH,5.914569620804086,5.957197149602674,5.882598974205145,5.893255856404792,877208.04,486746356.0
2021-12-30,603993.SH,603993.SH,5.903912738604439,5.925226503003732,5.882598974205145,5.893255856404792,737165.36,408493643.0
2021-12-31,603993.SH,603993.SH,5.914572016310777,5.967856448890154,5.8932582432790275,5.946542675858404,862563.77,480126739.0
2022-01-04,603993.SH,603993.SH,5.989172069644634,6.01048584925191,5.914573841019167,6.01048584925191,1126523.22,630502935.0
2022-01-05,603993.SH,603993.SH,5.999831683694934,5.999831683694934,5.861292053343186,5.914576526555397,1040947.74,578365705.0
2022-01-06,603993.SH,603993.SH,5.8719489479856275,5.935890315840282,5.8719489479856275,5.914576526555397,874281.65,484334854.0
2022-01-07,603993.SH,603993.SH,5.935890315840282,5.957204105125165,5.882605842628069,5.914576526555397,929273.48,516083059.0
2022-01-10,603993.SH,603993.SH,5.903917251300201,5.957201703026737,5.8826034706095855,5.94654481268143,871473.73,484768584.0
2022-01-11,603993.SH,603993.SH,5.9358899758324855,5.96786065792853,5.882605505672409,5.914576187768454,1017794.17,565388826.0
2022-01-12,603993.SH,603993.SH,5.957204694709605,6.138371921561239,5.946547799012451,6.138371921561238,2636037.57,1503103823.0
2022-01-13,603993.SH,603993.SH,6.17034537020464,6.2662574744047115,6.085090166471241,6.095747066937917,2194298.6,1271784814.0
2022-01-14,603993.SH,603993.SH,6.074430282830935,6.074430282830935,5.946547540034494,5.989175120966641,1474572.18,827576336.0
2022-01-17,603993.SH,603993.SH,5.946546322967314,5.978517002123052,5.882604964655837,5.935889429915401,991939.62,550729233.0
2022-01-18,603993.SH,603993.SH,5.925230572404672,5.999828799035666,5.882603014329818,5.9465443514421,879168.66,490020730.0
2022-01-19,603993.SH,603993.SH,5.935888143964315,5.989172597680332,5.914574362477908,5.935888143964315,850069.22,473852114.0
2022-01-20,603993.SH,603993.SH,5.989174622338679,6.04245909406767,5.935890150609687,6.021145305376074,1152333.79,648030379.0
2022-01-21,603993.SH,603993.SH,5.989176727496718,6.074431912229768,5.957206033221825,6.063775014138137,1189613.25,674036724.0
2022-01-24,603993.SH,603993.SH,6.0637774996430895,6.085091304562749,5.967865377504622,6.0318067922636,889592.55,503210500.0
2022-01-25,603993.SH,603993.SH,5.978520352821739,6.031804847944927,5.8186668674521735,5.8186668674521735,1309513.49,729121567.0
2022-01-26,603993.SH,603993.SH,5.829323724081729,5.882608218817394,5.8186668251345965,5.861294420923128,592521.1,325437340.0
2022-01-27,603993.SH,603993.SH,5.861294420923128,5.861294420923128,5.466989159879208,5.50961675566774,1582409.04,835471163.0
2022-01-28,603993.SH,603993.SH,5.573558149350538,5.605528846191937,5.349763271460746,5.50961675566774,1039081.71,535562446.0
2022-02-07,603993.SH,603993.SH,5.605527816605006,5.754724374461414,5.594870919615263,5.74406747747167,1228975.96,655981773.0
2022-02-08,603993.SH,603993.SH,5.744066620621824,5.797351097622028,5.669468352821542,5.7866942022219865,992648.54,535384785.00000006
2022-02-09,603993.SH,603993.SH,5.8080070301972135,5.999831115598222,5.786693242930434,5.978517328331444,1639370.03,911666903.0
2022-02-10,603993.SH,603993.SH,6.021147461071644,6.255599220617796,6.021147461071644,6.170344035328287,2719930.09,1576894211.0
2022-02-11,603993.SH,603993.SH,6.170344035328286,6.255599220617796,6.117059544522343,6.170344035328287,1899950.05,1103655941.0
2022-02-14,603993.SH,603993.SH,6.1277174226873905,6.181001922015107,5.999834624300871,6.063776023494132,1265727.97,724586470.0
2022-02-15,603993.SH,603993.SH,6.074435778770926,6.0850926836459625,5.967866730020559,6.053121969020853,927187.57,523687150.0
2022-02-16,603993.SH,603993.SH,6.0531246072884235,6.149036792967289,6.042467697768549,6.063781516808298,789380.24,450639118.0
2022-02-17,603993.SH,603993.SH,6.074440262298335,6.202323215188827,6.042469524075712,6.170352476966204,1393328.37,804149306.0
2022-02-18,603993.SH,603993.SH,6.117067206635022,6.191665587203741,6.08509647210557,6.181008675693924,1001713.81,578580575.0
2022-02-21,603993.SH,603993.SH,6.159694637676215,6.1916653710897585,6.085096259711277,6.106410081986975,854842.7,490236966.0
2022-02-22,603993.SH,603993.SH,6.0744417530390065,6.149040160532467,6.031814091614171,6.138383245176258,897876.28,512858147.0
2022-02-23,603993.SH,603993.SH,6.170351267778297,6.19166508908323,6.095752893211029,6.181008178430763,1185717.16,685169825.0
2022-02-24,603993.SH,603993.SH,6.138381179706966,6.276921032721185,5.989184414922422,6.095753532625667,1727187.53,996628278.0
2022-02-25,603993.SH,603993.SH,6.085099631600013,6.234296470203165,6.063785797513849,6.11707038272926,1485125.03,859014268.0
2022-02-28,603993.SH,603993.SH,6.149039210364774,6.447432794229962,6.149039210364774,6.404805139392078,3929563.76,2345048040.0
2022-03-01,603993.SH,603993.SH,6.394148495705758,6.404805409865267,6.223637869153604,6.3088931824296814,2170340.17,1279899095.0
2022-03-02,603993.SH,603993.SH,6.266264342281123,6.404804200188699,6.24495051798765,6.319548903014805,1979901.68,1177380577.0
2022-03-03,603993.SH,603993.SH,6.372833050890507,6.532686722735586,6.372833050890507,6.4154606967158605,3127672.9,1899290945.0
2022-03-04,603993.SH,603993.SH,6.383490691257462,6.39414760393068,6.138381699773452,6.159695525119889,2450420.73,1440170345.0
2022-03-07,603993.SH,603993.SH,6.244947796669106,6.34085996419474,6.053123461617836,6.106407999132077,2187420.49,1271000192.0
2022-03-08,603993.SH,603993.SH,6.149038332016274,6.255607453888308,5.690791107966535,5.818674054212973,2702033.92,1501676247.0
2022-03-09,603993.SH,603993.SH,5.754729818818115,5.754729818818115,5.339110443014584,5.594876212739834,2408113.68,1254786682.0
2022-03-10,603993.SH,603993.SH,5.701443663729914,5.744071279907334,5.54159010306459,5.626845335419429,1759819.35,927869889.0
2022-03-11,603993.SH,603993.SH,5.520273921574939,5.562901519424939,5.39239112802494,5.552244619962439,1614190.73,827120634.0
2022-03-14,603993.SH,603993.SH,5.456333497215637,5.509618004024383,5.371078286321643,5.381735187683391,1167042.49,594876952.0
2022-03-15,603993.SH,603993.SH,5.328447855181102,5.339104750891464,4.902172026766613,4.923485818187339,2525321.15,1205347033.0
2022-03-16,603993.SH,603993.SH,5.115312016150305,5.285822416688649,4.955458515645609,5.253851716587709,2174888.96,1044511383.0
2022-03-17,603993.SH,603993.SH,5.33910504974287,5.488301598039079,5.296477464515382,5.424360220197847,1868463.75,945826687.0
2022-03-18,603993.SH,603993.SH,5.4350166224122525,5.541585575792886,5.3923890410599995,5.509614889778696,1545646.76,793683607.0
2022-03-21,603993.SH,603993.SH,5.5628983753777455,5.658810416332535,5.498957014741221,5.5628983753777455,1477005.8,774206159.0
2022-03-22,603993.SH,603993.SH,5.594866728059644,5.6374942840829565,5.4989547270071935,5.584209839053817,1203839.98,632113866.0
2022-03-23,603993.SH,603993.SH,5.626838624292077,5.6801230809615095,5.594867950290417,5.658809298293736,1353123.11,716765550.0
2022-03-24,603993.SH,603993.SH,5.658808694964802,5.861289608720605,5.637494914569455,5.797348267534562,1804572.09,980238379.0
2022-03-25,603993.SH,603993.SH,5.786693069970563,5.967860256323233,5.754722390025975,5.829320643230015,1785473.83,986894699.0
2022-03-28,603993.SH,603993.SH,5.73340948545911,5.765380170322265,5.584212956097721,5.680125010687186,1085161.21,577115739.0
2022-03-29,603993.SH,603993.SH,5.648154325824031,5.744066380413495,5.616183640960875,5.680125010687186,757386.12,403348779.0
2022-03-30,603993.SH,603993.SH,5.712092925722806,5.712092925722806,5.573553358494455,5.648151587002028,880579.09,465798480.0
2022-03-31,603993.SH,603993.SH,5.658809237089386,5.669466128308011,5.520269651247274,5.552240324903146,984853.15,514555822.0
2022-04-01,603993.SH,603993.SH,5.5415850709705365,5.658810909010297,5.466986810399779,5.626840225908545,796187.89,417952056.0
2022-04-06,603993.SH,603993.SH,5.616185350843166,5.701440536434713,5.541587063450563,5.69078363823577,888900.74,469085706.0
2022-04-07,603993.SH,603993.SH,5.669471415493011,5.680128316649952,5.5948731073944185,5.6055300085513595,637576.42,336868540.0
2022-04-08,603993.SH,603993.SH,5.594872507574379,5.850638107920637,5.573558707545525,5.7653829078052174,1576968.37,845538330.0
2022-04-11,603993.SH,603993.SH,5.76538295275947,5.797353653052037,5.445675949833807,5.4669897500288505,1408875.29,736160270.0
2022-04-12,603993.SH,603993.SH,5.466992215945532,5.5522474551805505,5.339109357093005,5.5522474551805505,941994.15,482198167.0
2022-04-13,603993.SH,603993.SH,5.520275373059419,5.946551463643158,5.509618470794825,5.8080117342034425,2436189.82,1319651375.0
2022-04-14,603993.SH,603993.SH,5.818666837970458,5.925235827676876,5.754725444146607,5.8612944338530255,1278094.78,700771130.0
2022-04-15,603993.SH,603993.SH,5.839978519976729,6.010488841727874,5.797350939538942,5.882606100414514,1787455.41,992369405.0
2022-04-18,603993.SH,603993.SH,5.850632446107008,5.850632446107008,5.669465321182019,5.7120928799879,913595.61,490423627.0
2022-04-19,603993.SH,603993.SH,5.754718470636603,5.797346014863541,5.70143404035293,5.733404698523134,877703.79,472440129.0
2022-04-20,603993.SH,603993.SH,5.7120892723292815,5.722746155300045,5.498951612914009,5.5202653788555365,1113870.07,582449585.0
2022-04-21,603993.SH,603993.SH,5.509608787042945,5.520265670576877,5.2005591645589115,5.2431866986946405,1575429.36,787953369.0
2022-04-22,603993.SH,603993.SH,5.189904545709609,5.307130315735905,5.093992552051732,5.275159651183279,914262.59,446889182.0
2022-04-25,603993.SH,603993.SH,5.147276267217885,5.147276267217885,4.902167873540842,4.9128247602224535,1341731.92,629919165.0
2022-04-26,603993.SH,603993.SH,4.912823229998349,4.944793880085105,4.5078616622327585,4.5504891956817675,1962818.5,863083919.0
2022-04-27,603993.SH,603993.SH,4.465234089268403,4.848881886914375,4.454577206000459,4.816911237110544,1530341.72,669493580.0
2022-04-28,603993.SH,603993.SH,4.816912878748454,4.838226652548226,4.699687122849708,4.752971557349138,1200749.49,537415545.0
2022-04-29,603993.SH,603993.SH,4.816911252525729,5.030048918566691,4.784940602619586,4.987421385358498,1371319.84,632591917.0
2022-05-05,603993.SH,603993.SH,5.019394449655747,5.104649557080898,4.955453119086885,5.05136511494018,1060921.27,503007160.0
2022-05-06,603993.SH,603993.SH,4.90217065936163,4.923484444837117,4.806258624721947,4.848886195672917,1042418.26,475703873.0
2022-05-09,603993.SH,603993.SH,4.795601785268667,4.870200035261735,4.742317320987905,4.795601785268667,854676.46,384811768.0
2022-05-10,603993.SH,603993.SH,4.710348233752772,4.784946508947952,4.603779269188229,4.73166202666568,1696454.48,749269795.0
2022-05-11,603993.SH,603993.SH,4.7316607732452765,4.955455539547418,4.710346985978406,4.827572815946194,1621390.44,734837101.0
2022-05-12,603993.SH,603993.SH,4.7529747741289805,4.816916138803361,4.678376515342203,4.742317880016584,1119792.28,498724364.0
2022-05-13,603993.SH,603993.SH,4.752975684045324,4.806260164808163,4.689034307129916,4.731661891740187,990461.67,439622566.0
2022-05-16,603993.SH,603993.SH,4.774291831381142,4.80626253560914,4.731664225743811,4.7529780285624765,869124.44,388740837.0
2022-05-17,603993.SH,603993.SH,4.7529795262185734,4.880862383426249,4.742322621451268,4.870205478658942,1364905.31,617920711.0
2022-05-18,603993.SH,603993.SH,4.880861983886629,4.880861983886629,4.784949848832089,4.816920560516935,878925.95,397433293.0
2022-05-19,603993.SH,603993.SH,4.731665075308199,4.774292688599264,4.678380558694367,4.763635785276497,1238013.6,548126709.0
2022-05-20,603993.SH,603993.SH,4.795606485019621,5.008744551020493,4.795606485019621,4.9980876477204506,2222623.42,1023764728.0
2022-05-23,603993.SH,603993.SH,4.9767729714946185,5.115312690187189,4.955459168618839,5.0620281829977385,1417511.37,669437970.0
2022-05-24,603993.SH,603993.SH,5.04071188197056,5.051368778126945,4.8382308549992254,4.8382308549992254,1306234.66,606455861.0
2022-05-25,603993.SH,603993.SH,4.912829441012979,5.062025996705347,4.891515647342641,5.019398409364671,1649450.18,772053412.0
2022-05-26,603993.SH,603993.SH,5.030056743358498,5.09399814263848,4.923487744558531,5.072684342878486,1241379.16,585198730.0
2022-05-27,603993.SH,603993.SH,5.083340429423884,5.147281818473242,5.0300559385494195,5.062026633074098,1240446.26,592163157.0
2022-05-30,603993.SH,603993.SH,5.062027967996732,5.104655571937758,5.030057265040964,5.051371067011477,837289.0,397518299.0
2022-05-31,603993.SH,603993.SH,5.051370495158149,5.083341194494592,5.00874289604289,5.083341194494592,986598.4,468008313.0
2022-06-01,603993.SH,603993.SH,5.051368297072242,5.115309667921258,5.030054506789236,5.093995877638253,895216.59,425897068.0
2022-06-02,603993.SH,603993.SH,5.072680578127519,5.168592605865224,5.051366794185807,5.157935713894368,1008473.08,486570912.0
2022-06-06,603993.SH,603993.SH,5.221875490867692,5.392385710977656,5.1792479358402,5.371071933463911,1867943.59,930837574.0
2022-06-07,603993.SH,603993.SH,5.349758155950165,5.40304259973453,5.307130600922675,5.371071933463911,1091802.24,547664357.0
2022-06-08,603993.SH,603993.SH,5.38173065429868,5.520270255300429,5.285818622835932,5.50961336291568,1958702.59,996809498.0
2022-06-09,603993.SH,603993.SH,5.5309261318006016,5.9039172967582525,5.5309261318006016,5.74406394034783,3792135.51,2046419064.0
2022-06-10,603993.SH,603993.SH,5.669463880750273,6.1383669084814985,5.669463880750273,6.053111812530366,3631654.35,2013155714.0
2022-06-13,603993.SH,603993.SH,6.04245340435901,6.234277321957709,5.999825867114855,6.095737825914204,3786405.28,2173291603.0
2022-06-14,603993.SH,603993.SH,6.031797936843009,6.180994352241952,5.957199729143537,6.1703374654277425,2829568.92,1610139236.0
2022-06-15,603993.SH,603993.SH,6.170335334434908,6.308874815173515,5.989168321161344,6.2023059838361245,3561962.11,2059078722.0
2022-06-16,603993.SH,603993.SH,6.2023059838361245,6.37281611397595,6.095737152498734,6.2023059838361245,2610068.71,1521075163.0
2022-06-17,603993.SH,603993.SH,6.202304928124468,6.532668249038314,6.106392996246254,6.5113544863987105,5065654.18,3017692478.0
2022-06-20,603993.SH,603993.SH,6.52201235281398,6.52201235281398,5.871942494118469,6.1383645673543334,7422122.88,4274968022.0
2022-06-21,603993.SH,603993.SH,6.031793706297212,6.106391861675447,5.829312998842005,6.074421223656203,3684058.56,2068231284.0
2022-06-22,603993.SH,603993.SH,6.127704418844036,6.68186203585254,6.095733787093545,6.522008877100087,11597553.78,7084461116.0
2022-06-23,603993.SH,603993.SH,6.340840776264865,6.564635156603624,5.957193267112705,6.372811402027545,10181437.84,5942356993.0
2022-06-24,603993.SH,603993.SH,6.25558277154988,6.490033914606264,6.1063865896049085,6.127700329882762,4779827.58,2786883867.0
2022-06-27,603993.SH,603993.SH,6.031788498632423,6.458063304189484,5.967847277798863,6.372808343078073,5886886.63,3494227205.0
2022-06-28,603993.SH,603993.SH,6.4154353451944965,6.447405953227027,6.212954827655135,6.287552913064374,3818026.86,2247703131.0
2022-06-29,603993.SH,603993.SH,6.244928492644175,6.319526614569958,6.085075374231781,6.095732248792607,3396440.7,1971483698.0
2022-06-30,603993.SH,603993.SH,6.07441697311552,6.191642563824766,5.98916199805425,6.106387588763497,2718378.12,1558226234.0
2022-07-01,603993.SH,603993.SH,6.180988181656135,6.180988181656135,6.0317919152023665,6.085076296078713,2090511.29,1195287210.0
2022-07-04,603993.SH,603993.SH,5.999818292094355,6.095730129801014,5.946533937812878,5.999818292094354,2414188.1,1360391912.0
2022-07-05,603993.SH,603993.SH,6.010476360767764,6.106388217588527,5.871937012026663,5.9891626148075945,2444730.65,1372594141.0
2022-07-06,603993.SH,603993.SH,5.893248118884027,5.946532459922761,5.498943995197392,5.616169545482607,4738666.8,2528207812.0
2022-07-07,603993.SH,603993.SH,5.659369163460124,5.864575297249708,5.6377685177980625,5.799773360263524,2307408.34,1230087988.0
2022-07-08,603993.SH,603993.SH,5.85377632365538,6.080583155383724,5.842975998334983,5.950979251538955,3179666.44,1762376060.0
2022-07-11,603993.SH,603993.SH,5.907775747357113,5.929376389943429,5.691769321493965,5.734970606666594,2202247.7,1178664375.0
2022-07-12,603993.SH,603993.SH,5.734970102252352,5.7673710632820265,5.6377672191633295,5.648567539506555,1367228.3,720557266.0
2022-07-13,603993.SH,603993.SH,5.6377672191633295,5.6809685005362285,5.529764015731082,5.648567539506555,1210223.04,627778730.0
2022-07-14,603993.SH,603993.SH,5.616168938578012,5.637769588341773,5.529766339522966,5.551366989286726,1677118.39,866170421.0
2022-07-15,603993.SH,603993.SH,5.5621699494478785,5.680973579436085,5.540569289450022,5.5621699494478785,1646522.58,855076445.0
2022-07-18,603993.SH,603993.SH,5.594571150162966,5.756576106248766,5.5837708197572455,5.734975445437326,1549551.28,817581618.0
2022-07-19,603993.SH,603993.SH,5.7133728983399354,5.734973552019859,5.616169956780277,5.659371264140126,1180964.21,620284341.0
2022-07-20,603993.SH,603993.SH,5.680972251994868,5.875378146549826,5.670171924519593,5.875378146549826,1977545.15,1062082810.0
2022-07-21,603993.SH,603993.SH,5.86457938819236,6.458597558267093,5.810577736367384,6.458597558267094,6429664.51,3754984620.0
2022-07-22,603993.SH,603993.SH,6.156189060962347,6.242591714449538,5.950982758930269,6.004984417359762,6505218.26,3655372510.0
2022-07-25,603993.SH,603993.SH,5.961783711173514,5.983384376793708,5.788978386211964,5.810579051832157,2280910.77,1238180463.0
2022-07-26,603993.SH,603993.SH,5.8213815344021,5.961785912782856,5.767379850409502,5.907784228790257,1594079.09,870521134.0
2022-07-27,603993.SH,603993.SH,5.8861849094419725,5.994188302275769,5.8429835523084535,5.96178728442563,1324255.95,726536130.0
2022-07-28,603993.SH,603993.SH,6.004990920824911,6.004990920824911,5.896987486997125,5.918588173762682,1407258.76,772849550.0
2022-07-29,603993.SH,603993.SH,5.896989631356212,5.918590325976565,5.810586852874803,5.8213872001849785,1456377.93,788375117.0
2022-08-01,603993.SH,603993.SH,5.767382961606579,5.886186730478625,5.594577479610876,5.875386387853894,1541921.7,823692956.0
2022-08-02,603993.SH,603993.SH,5.788984711496715,5.788984711496715,5.562177474665687,5.637779886942695,1862595.26,974504826.0
2022-08-03,603993.SH,603993.SH,5.626976951962001,5.724180008713743,5.562174914127506,5.5837755934056705,1168509.71,610783176.0
2022-08-04,603993.SH,603993.SH,5.626978585949539,5.6701799570508795,5.540575843746859,5.616178243174204,866639.02,449272399.0
2022-08-05,603993.SH,603993.SH,5.626981148520432,5.702583582377713,5.594580105438741,5.6917832346838155,937083.87,490976620.0
2022-08-08,603993.SH,603993.SH,5.713382434980488,5.875387607995059,5.680981400377574,5.778184504186315,1441013.21,772385466.0
2022-08-09,603993.SH,603993.SH,5.767383244714845,5.810584617334432,5.724181872095259,5.788983931024639,921528.9,491889416.0
2022-08-10,603993.SH,603993.SH,5.8321872151239535,5.940190682070694,5.756584788261236,5.799786175039931,1463451.8,791769149.0
2022-08-11,603993.SH,603993.SH,5.8213880843566645,5.853789131208372,5.724184943801545,5.8429887822578035,1451049.0,778758346.0
2022-08-12,603993.SH,603993.SH,5.832187600137458,5.940191074214077,5.799786557914472,5.8969896845834295,1435046.4,781911628.0
2022-08-15,603993.SH,603993.SH,5.875391815904582,6.015796399740537,5.8321904054935185,5.972594989329474,2296851.87,1264613832.0
2022-08-16,603993.SH,603993.SH,5.950993184124999,5.961793534731396,5.810588626241832,5.842989678061024,1734927.99,940559387.0
2022-08-17,603993.SH,603993.SH,5.8105877961577415,5.8537891924117025,5.691783956459349,5.745785701776801,1604704.62,852865059.0
2022-08-18,603993.SH,603993.SH,5.680984730632162,5.734986486626765,5.626982974637561,5.680984730632162,1180818.99,620173792.0
2022-08-19,603993.SH,603993.SH,5.648585272436898,5.702587043683905,5.648585272436898,5.659385626686299,988725.88,519165515.0
2022-08-22,603993.SH,603993.SH,5.691788006191125,5.7889912169230415,5.670187292695143,5.788991216923042,1375793.97,731116109.0
2022-08-23,603993.SH,603993.SH,5.778190946902119,5.842993088362704,5.7241891623516326,5.7565902330819245,1030824.75,550008224.0
2022-08-24,603993.SH,603993.SH,5.756590870219096,5.8321933769574335,5.540583708109562,5.562184424320515,2052488.19,1073036607.0000001
2022-08-25,603993.SH,603993.SH,5.562183145657429,5.648585990638516,5.5189817231668865,5.637785635015879,1129908.8,583802830.0
2022-08-26,603993.SH,603993.SH,5.637786351959717,5.691788136940174,5.594584923975351,5.605385280971443,941709.72,491890384.0
2022-08-29,603993.SH,603993.SH,5.518981931085997,5.562183355204087,5.454179794908861,5.551382999174564,862760.81,441159685.0
2022-08-30,603993.SH,603993.SH,5.562181257091702,5.562181257091702,5.464978089492041,5.497379145358595,902958.28,459910269.0
2022-08-31,603993.SH,603993.SH,5.464977078693248,5.47577742865114,5.29217147936698,5.313772179282763,1633903.7,812104486.0
2022-09-01,603993.SH,603993.SH,5.3137747229952055,5.37857685376344,5.27057330248305,5.324575078123245,700172.55,346040425.0
2022-09-02,603993.SH,603993.SH,5.335376467660806,5.356977182104777,5.270574324328893,5.292175038772864,746810.94,365836199.0
2022-09-05,603993.SH,603993.SH,5.292174611122356,5.346176392868503,5.24897318572544,5.346176392868503,720650.89,353386944.0
2022-09-06,603993.SH,603993.SH,5.356976643138985,5.464980204492593,5.346176287003625,5.454179848357233,923740.79,463775968.0
2022-09-07,603993.SH,603993.SH,5.432577067037817,5.540580587257257,5.421776715015873,5.529780235235313,896459.54,457164970.0
2022-09-08,603993.SH,603993.SH,5.518980574435898,5.562181987934418,5.486579514312008,5.518980574435898,756756.53,387301643.0
2022-09-09,603993.SH,603993.SH,5.551383660063897,5.659387233216892,5.518982588118,5.594585089325094,966960.18,501350872.0
2022-09-13,603993.SH,603993.SH,5.648586832617402,5.702588618780092,5.616185760919787,5.637786475384862,1218399.58,638319906.0
2022-09-14,603993.SH,603993.SH,5.551384116281679,5.605385907296093,5.4973823252672664,5.529783399875915,904930.82,464196085.0
2022-09-15,603993.SH,603993.SH,5.540585881416286,5.594587693125996,5.3461793592613285,5.410981533312981,1142215.59,576726063.0
2022-09-16,603993.SH,603993.SH,5.421782611106554,5.4325829748737,5.238176427065097,5.238176427065097,1146791.73,562934148.0
2022-09-19,603993.SH,603993.SH,5.248976735926627,5.270577463234966,5.119372372076587,5.162573826693267,696587.24,335064351.0
2022-09-20,603993.SH,603993.SH,5.173376196349673,5.367782817506863,5.162575828507607,5.2921802426124005,766158.91,374400491.0
2022-09-21,603993.SH,603993.SH,5.281379874770334,5.313780978296532,5.216577667717938,5.2921802426124005,554851.37,270601883.0
2022-09-22,603993.SH,603993.SH,5.238177439320156,5.335380732008572,5.238177439320156,5.281378902737229,594646.85,291099896.0
2022-09-23,603993.SH,603993.SH,5.292178995235131,5.302979360531529,5.194975707567545,5.227376803456741,674334.93,327493407.0
2022-09-26,603993.SH,603993.SH,5.1841739274002645,5.216575014446517,5.054569579215258,5.065369941564009,888960.16,422476013.0
2022-09-27,603993.SH,603993.SH,5.086969777380321,5.130171219226439,5.000566893688086,5.130171219226439,718620.79,336798737.0
2022-09-28,603993.SH,603993.SH,5.108571901756814,5.108571901756814,4.914165360040909,4.91416536004091,791635.89,366258038.0
2022-09-29,603993.SH,603993.SH,5.022170749958634,5.173375890817604,5.00057001555021,5.097773320388118,1272583.27,601473423.0
2022-09-30,603993.SH,603993.SH,5.097773320388118,5.238178094042876,5.065372218775483,5.097773320388118,1100331.97,525815868.0
2022-10-10,603993.SH,603993.SH,5.097770788456359,5.1301718739762086,4.806161018777711,4.87096318981741,1381287.3,634815436.0
2022-10-11,603993.SH,603993.SH,4.903361974197008,5.011365541910598,4.860160547111572,4.9249626877397255,817831.45,372591173.0
2022-10-12,603993.SH,603993.SH,4.860159315577677,4.881760023646911,4.514547986469931,4.773756483300741,3650061.66,1579907266.0
2022-10-13,603993.SH,603993.SH,4.698156093126867,4.75215788730074,4.644154298952995,4.665755016622545,1895085.31,822333521.0
2022-10-14,603993.SH,603993.SH,4.719754948291488,4.838558848591732,4.687353884573239,4.816958139446232,2540589.06,1120821023.0
2022-10-17,603993.SH,603993.SH,4.741354517791408,4.773755573721646,4.676552405930934,4.7629552217449005,1829235.82,799854697.0
2022-10-18,603993.SH,603993.SH,4.773754233146451,4.795354931033992,4.70895213948383,4.73055283737137,1226214.73,538462793.0
2022-10-19,603993.SH,603993.SH,4.7197517200957995,4.741352414466946,4.6333489426112076,4.644149289796782,1444471.39,625435704.0
2022-10-20,603993.SH,603993.SH,4.600946715798588,4.67654912662157,4.546944993782173,4.61174706020187,1063449.04,452616162.0
2022-10-21,603993.SH,603993.SH,4.633347379210729,4.654948066293296,4.590146005045594,4.600946348586877,792479.58,339174275.0
2022-10-24,603993.SH,603993.SH,4.633345458883621,4.676546815143609,4.47134037290867,4.482140711973667,1620920.44,685540803.0
2022-10-25,603993.SH,603993.SH,4.482138640842296,4.600942315659802,4.374135300099107,4.557740979362527,1343289.21,560857528.0
2022-10-26,603993.SH,603993.SH,4.536141812536924,4.600943838430308,4.514541137239129,4.5685428254836165,945835.27,399923071.0
2022-10-27,603993.SH,603993.SH,4.600942036662092,4.698145037436643,4.590141703242698,4.633343036920277,1367933.15,589861849.0
2022-10-28,603993.SH,603993.SH,4.633343170253889,4.633343170253889,4.482138498031152,4.503739165491543,1040222.27,437345318.0
2022-10-31,603993.SH,603993.SH,4.449738225954179,4.536140909953289,4.406536883954623,4.482139232453845,797824.95,330161033.0
2022-11-01,603993.SH,603993.SH,4.579341295709682,4.6549436284218695,4.546940295975887,4.6549436284218695,1371880.17,584453094.0
2022-11-02,603993.SH,603993.SH,4.654942257445321,4.773745888145783,4.622541267254287,4.730544567891069,1734657.58,757677204.0
2022-11-03,603993.SH,603993.SH,4.698141320855083,4.708941645730612,4.63333937160191,4.676540671104025,1135525.11,491739121.0
2022-11-04,603993.SH,603993.SH,4.698141174038166,4.860146042108448,4.676540524962129,4.838545393032411,2047949.5,908942032.0
2022-11-07,603993.SH,603993.SH,4.968150649208355,5.086954251689425,4.946549994211797,5.043752941696309,3032953.77,1409520972.0
2022-11-08,603993.SH,603993.SH,5.0113519592014715,5.097754579187704,4.978950976706635,5.043752941696309,1492830.67,695791212.0
2022-11-09,603993.SH,603993.SH,5.119353361519685,5.162554655709724,4.978949155402056,4.989749478949566,1218660.61,568429107.0
2022-11-10,603993.SH,603993.SH,4.957348573535308,4.968148897224927,4.870945984018352,4.924947602466449,1038559.13,473486530.0
2022-11-11,603993.SH,603993.SH,5.076153175383097,5.130154804908448,5.022151545857745,5.054552523572956,1770049.83,830939988.0
2022-11-14,603993.SH,603993.SH,5.108556674767592,5.194959324657952,5.032954356113526,5.076155681058706,1977295.2,936615337.0
2022-11-15,603993.SH,603993.SH,5.07615750162087,5.119358842060197,5.000555155852048,5.119358842060197,1188014.01,557095681.0
2022-11-16,603993.SH,603993.SH,5.119360668885344,5.292166092307634,5.0761593130297715,5.205763380596489,1788846.46,860657665.0
2022-11-17,603993.SH,603993.SH,5.162561090045476,5.184161764062402,5.076158393977769,5.130160079020086,1138110.93,539388701.0
2022-11-18,603993.SH,603993.SH,5.108557226513008,5.15175855612411,5.065355896901904,5.065355896901904,805501.99,380418740.0
2022-11-21,603993.SH,603993.SH,5.043753143159099,5.043753143159099,4.9357498638623305,5.0329528152294225,687769.06,318504731.0
2022-11-22,603993.SH,603993.SH,4.9897507292389305,5.086953665522806,4.978950402985167,5.011351381746458,629912.87,293121103.0
2022-11-23,603993.SH,603993.SH,5.032952903878528,5.065353888238262,4.978951263278973,5.000551919518795,524887.21,243772737.0
2022-11-24,603993.SH,603993.SH,5.043754101611065,5.054554431593102,5.000552781682919,5.011353111664955,506585.61,235596732.0
2022-11-25,603993.SH,603993.SH,5.000551921372762,5.043753233868423,4.978951265124932,5.022152577620592,490575.73,227691526.0
2022-11-28,603993.SH,603993.SH,4.978950446218473,4.978950446218473,4.838546203700382,4.924948814480746,857691.6,389227502.0
2022-11-29,603993.SH,603993.SH,4.903349411046332,5.09775533483231,4.903349411046332,5.086955005733089,1186900.02,552671263.0
2022-11-30,603993.SH,603993.SH,5.086953521128195,5.1301548249169695,5.032951891392227,5.032951891392227,784791.67,367854722.0
2022-12-01,603993.SH,603993.SH,5.108552254620382,5.194954829751381,5.108552254620382,5.119352576511757,1301019.96,620487543.0
2022-12-02,603993.SH,603993.SH,5.108550369060323,5.130151004870303,5.032948143725392,5.032948143725392,839116.97,393861624.0
2022-12-05,603993.SH,603993.SH,5.076150573802688,5.238155379349582,5.076150573802688,5.205754418240203,1561760.46,747854196.0
2022-12-06,603993.SH,603993.SH,5.184155387486263,5.2273566823819815,5.140954092590544,5.216556358658052,870871.92,418491259.0
2022-12-07,603993.SH,603993.SH,5.173354890595637,5.227356507407699,5.151754243870811,5.162554567233224,826048.05,396097147.0
2022-12-08,603993.SH,603993.SH,5.162554308566606,5.205755599851683,5.140953662924068,5.173354631387875,578506.73,277091829.0
2022-12-09,603993.SH,603993.SH,5.162554215826111,5.432562281507393,5.140953570571608,5.41096163625289,2401328.91,1184607992.0
2022-12-12,603993.SH,603993.SH,5.378561151343931,5.378561151343931,5.2705579153731685,5.292158562567321,1233295.4,608018624.0
2022-12-13,603993.SH,603993.SH,5.281357812193822,5.432562330334342,5.281357812193822,5.346159748539759,1044938.0,519486907.0
2022-12-14,603993.SH,603993.SH,5.346160896488171,5.4109628467486335,5.270558621184297,5.281358946227708,811592.9,399687659.0
2022-12-15,603993.SH,603993.SH,5.2597579694478265,5.2921589425655755,5.162555050094581,5.216556671957495,844173.84,406716229.0
2022-12-16,603993.SH,603993.SH,5.151752510144808,5.205754108783643,5.130151870689275,5.173353149600342,530631.22,253717102.0
2022-12-19,603993.SH,603993.SH,5.194954812472896,5.227355778039255,5.000549019074742,5.0437503064965545,907227.7,427608085.0
2022-12-20,603993.SH,603993.SH,5.011347507774267,5.032948143583639,4.946545600346152,4.989746871964896,523667.26,242160945.0
2022-12-21,603993.SH,603993.SH,5.022147847514379,5.032948165466022,4.946545621852872,4.9681462577561595,431248.34,198934961.0
2022-12-22,603993.SH,603993.SH,5.011349520826653,5.022149843069815,4.8709453316655615,4.892545976151884,502798.0,230342723.0
2022-12-23,603993.SH,603993.SH,4.86014740737941,4.9249493728111355,4.838546752235502,4.903348717667227,365897.45,165945206.0
2022-12-26,603993.SH,603993.SH,4.914147287861377,4.924947611570962,4.86014566931345,4.892546640442206,490722.21,222140899.0
2022-12-27,603993.SH,603993.SH,4.924949786223155,5.000552085573072,4.914149457744595,4.9897517570945125,489426.49,225028849.0
2022-12-28,603993.SH,603993.SH,4.957353202359857,5.076156873876107,4.924952201037244,5.022155205005085,645000.58,299488590.0
2022-12-29,603993.SH,603993.SH,4.97895539518954,5.0221567435209025,4.924953709775336,4.935754046858177,631299.86,290036792.0
2022-12-30,603993.SH,603993.SH,4.957356551431755,4.989757574643728,4.914155187149126,4.914155187149126,434167.5,198767597.0
2023-01-03,603993.SH,603993.SH,4.892552497264061,5.022156536926685,4.752148120962885,5.000555863649581,859006.85,391788469.0
2023-01-04,603993.SH,603993.SH,4.978955005159702,5.00055567763328,4.892552315265391,4.935753660212546,624332.71,285857901.0
2023-01-05,603993.SH,603993.SH,4.957356541941859,5.011358247191771,4.914155177741931,4.968156882991841,861277.78,396167637.0
2023-01-06,603993.SH,603993.SH,4.968157743278747,5.022159457879603,4.946557057438405,4.98975842911909,863182.82,398272118.0
2023-01-09,603993.SH,603993.SH,5.032959572028875,5.270567105472298,5.032959572028875,5.227365735755312,1947036.25,933340344.0
2023-01-10,603993.SH,603993.SH,5.238166685508161,5.281368060234002,5.173364623419401,5.216565998145241,1010418.24,487411633.0
2023-01-11,603993.SH,603993.SH,5.2597695977418795,5.324571687241779,5.238168901241912,5.2597695977418795,895526.24,438039127.0
2023-01-12,603993.SH,603993.SH,5.3569730477482524,5.464976536614144,5.292170954428718,5.313771652201896,1574013.53,782776513.0
2023-01-13,603993.SH,603993.SH,5.378574186388132,5.400174885931859,5.238169639353902,5.270570688669494,1035484.96,507058685.0
2023-01-16,603993.SH,603993.SH,5.281371038441358,5.34617313707254,5.2597703388976305,5.270570688669494,1143313.06,561018260.0
2023-01-17,603993.SH,603993.SH,5.248967564859216,5.2705682544265375,5.205766185724572,5.238167220075554,665183.42,322297686.0
2023-01-18,603993.SH,603993.SH,5.259768015049046,5.4109728450504555,5.259768015049046,5.389372155050255,1405045.0,698029026.0
2023-01-19,603993.SH,603993.SH,5.356970907471734,5.443373664043858,5.346170562900218,5.443373664043858,817131.35,409158263.0
2023-01-20,603993.SH,603993.SH,5.4541732431172685,5.583777359785401,5.443372900061591,5.54057598756269,1184476.74,605747956.0
2023-01-30,603993.SH,603993.SH,5.7349834659699255,6.080594522299564,5.713382774949324,5.940190030665649,4609851.97,2516341772.0
2023-01-31,603993.SH,603993.SH,5.961790195955146,6.199397776228722,5.929389162281478,6.1237953643234935,3810586.34,2159730919.0
2023-02-01,603993.SH,603993.SH,6.134597291015052,6.588211879435179,6.134597291015052,6.491008753345152,4733751.91,2819949204.0
2023-02-02,603993.SH,603993.SH,6.437007288461537,6.458607984060401,6.25340137587119,6.3938058972638085,2896911.0,1705045051.0
2023-02-03,603993.SH,603993.SH,6.318200716555584,6.393803118292146,6.210197285503352,6.361402088976476,2172962.7,1264892690.0
2023-02-06,603993.SH,603993.SH,6.264200756321656,6.264200756321656,6.048193833689875,6.166997641137354,2028553.53,1155044352.0
2023-02-07,603993.SH,603993.SH,6.199400826692277,6.447808873754859,6.112998027713988,6.3614060747765695,2050122.33,1196266936.0
2023-02-08,603993.SH,603993.SH,6.339803819985395,6.480208333886264,6.2642013894233886,6.29660243109282,1689919.21,993847016.0
2023-02-09,603993.SH,603993.SH,6.264199726835691,6.350602481688597,6.210198005052625,6.307401104262144,1124109.06,654726980.0
2023-02-10,603993.SH,603993.SH,6.30739873898673,6.339799759906183,6.1885949956154045,6.220996016534857,1164601.04,673645079.0
2023-02-13,603993.SH,603993.SH,6.188596375650526,6.29659980279975,6.1669956902206815,6.199396718365448,1312046.66,756343126.0
2023-02-14,603993.SH,603993.SH,6.264198500002085,6.534207056036657,6.253398157760702,6.404602949140063,3213951.27,1912343884.0
2023-02-15,603993.SH,603993.SH,6.383000223392613,6.566605982779541,6.3721998846051475,6.383000223392614,1687293.21,1007450112.0
2023-02-16,603993.SH,603993.SH,6.307395676538629,6.404598692101724,6.156190985662704,6.231793331100666,1507436.83,878095343.0
2023-02-17,603993.SH,603993.SH,6.296597749950783,6.447802498663151,6.296597749950783,6.296597749950783,1507412.15,888297535.0
2023-02-20,603993.SH,603993.SH,6.274997145016444,6.512604610060096,6.242596127055947,6.458602913459266,2160262.18,1280106084.0
2023-02-21,603993.SH,603993.SH,6.4586040630487815,6.793414641568033,6.426203039321112,6.674610887899911,3893077.13,2396644700.0
2023-02-22,603993.SH,603993.SH,6.620612459643466,6.70701523236312,6.555810380103726,6.631412806233423,1410719.5,867941018.0
2023-02-23,603993.SH,603993.SH,6.663813889204679,6.72861596916453,6.555810422604927,6.663813889204679,1472686.94,904600802.0
2023-02-24,603993.SH,603993.SH,6.599014662573808,6.620615365233623,6.426209041295278,6.469410446614911,1663132.69,1000424506.0
2023-02-27,603993.SH,603993.SH,6.383010169605595,6.4694130145410345,6.275006613436295,6.339808747137875,1432743.7,844312992.0
2023-02-28,603993.SH,603993.SH,6.38301186813542,6.426213302099112,6.296609000208037,6.372211509644497,923517.82,543744344.0
2023-03-01,603993.SH,603993.SH,6.393814442303847,6.555819875808168,6.361413355602982,6.5450195135745455,1406813.25,845529949.0
2023-03-02,603993.SH,603993.SH,6.566617003253494,6.6638202154727075,6.512615218687265,6.57741736016674,1345663.56,823058182.0
2023-03-03,603993.SH,603993.SH,6.599020744498873,6.599020744498873,6.372213157535737,6.458616047807408,1292846.5,770661427.0
2023-03-06,603993.SH,603993.SH,6.426212133867483,6.545016055670074,6.329008925119908,6.523415342615059,1265673.38,754926063.0
2023-03-07,603993.SH,603993.SH,6.512617647859841,6.653022340102258,6.437015121267769,6.447815482209493,1079715.62,653429138.0
2023-03-08,603993.SH,603993.SH,6.3182111509088,6.480216565034667,6.2966104290253515,6.447815482209493,936668.52,554027550.0
2023-03-09,603993.SH,603993.SH,6.588219624517005,6.609820344597389,6.404613503833744,6.469415664074895,1066362.72,641790174.0
2023-03-10,603993.SH,603993.SH,6.372214953058135,6.426216774694221,6.339813860076483,6.339813860076483,669759.15,395503719.0
2023-03-13,603993.SH,603993.SH,6.339814566880056,6.458618587724487,6.296613104754809,6.393816394536615,1007998.5,595554294.0
2023-03-14,603993.SH,603993.SH,6.4262155511403645,6.469417000223661,6.23180903026553,6.296611203890475,984114.89,575712988.0
2023-03-15,603993.SH,603993.SH,6.318210251509436,6.383012407935174,6.296609532700857,6.307409892105146,508934.45,298205370.0
2023-03-16,603993.SH,603993.SH,6.231808210271644,6.231808210271644,5.767392693734935,5.810594137133699,3161602.47,1739060736.0
2023-03-17,603993.SH,603993.SH,5.853794032601415,5.940196896551251,5.756590810657849,5.799792242632767,2240371.96,1214321734.0
2023-03-20,603993.SH,603993.SH,5.799794540868199,5.961799974970662,5.734992367227213,5.778193816321203,1978379.92,1068633514.0
2023-03-21,603993.SH,603993.SH,5.832198032190398,6.231811601062702,5.81059729873784,6.156209033978753,2564617.55,1436019313.0
2023-03-22,603993.SH,603993.SH,6.156211255291291,6.307416444017743,6.134610514044654,6.2858157027711075,1599087.55,923271192.0
2023-03-23,603993.SH,603993.SH,6.285813033452111,6.339814863636407,6.231811203267814,6.307413765525829,818009.09,476782671.0
2023-03-24,603993.SH,603993.SH,6.296615623080799,6.393818951738993,6.264214513528067,6.361417842186261,1089765.06,640792075.0
2023-03-27,603993.SH,603993.SH,6.383016177473988,6.4262176406041,6.296613251213765,6.3938165432565155,943528.1,556540888.0
2023-03-28,603993.SH,603993.SH,6.383013403191915,6.480216652986716,6.329011597750359,6.361412681015292,853141.88,505078155.0
2023-03-29,603993.SH,603993.SH,6.361411597536909,6.447814471527224,6.361411597536909,6.404613034532066,742315.66,440328672.0
2023-03-30,603993.SH,603993.SH,6.415413393780856,6.4262137530296455,6.285809082795384,6.404613034532066,795071.01,467302721.0
2023-03-31,603993.SH,603993.SH,6.404612756535507,6.545017420675409,6.383012038975523,6.4694149092154625,1203738.01,722668436.0
2023-04-03,603993.SH,603993.SH,6.469412238255669,6.480212592576629,6.307406923441253,6.38300940368798,1438783.99,849731322.0
2023-04-04,603993.SH,603993.SH,6.36140779545291,6.426209912214739,6.318206384278357,6.415409559421101,950674.59,561713760.0
2023-04-06,603993.SH,603993.SH,6.415412718768523,6.458614151218143,6.339810211981688,6.447813793105737,916547.76,543163012.0
2023-04-07,603993.SH,603993.SH,6.447815982516193,6.577420323873302,6.3290120029388435,6.36141308827812,1211776.45,724766072.0
2023-04-10,603993.SH,603993.SH,6.383015345906504,6.512619718412219,6.361414617155551,6.426216803408408,1101685.53,656994742.0
2023-04-11,603993.SH,603993.SH,6.447814845568722,6.642221323324563,6.3938130461921,6.609820243698589,2024716.7,1227536769.0
2023-04-12,603993.SH,603993.SH,6.642221753938587,6.739424999118176,6.599020311636548,6.6638224750896065,1372319.71,847600217.0
2023-04-13,603993.SH,603993.SH,6.663825758241167,6.739428319517809,6.588223196964525,6.642225026447841,1072685.34,661835504.0
2023-04-14,603993.SH,603993.SH,6.717824862864618,6.933832093181809,6.7070245013487595,6.923031731665949,2369158.99,1499521635.0
2023-04-17,603993.SH,603993.SH,6.869032520255444,6.923034348244873,6.685426305091383,6.858232154657556,2195622.74,1387405218.0
2023-04-18,603993.SH,603993.SH,6.815028000705707,6.901430891364417,6.728625110046999,6.836628723370385,1107085.12,699544574.0
2023-04-19,603993.SH,603993.SH,7.344246034995529,7.517051824054248,7.29024422591468,7.473850376789569,5121306.65,3544655325.0
2023-04-20,603993.SH,603993.SH,7.4630486358106545,7.495449715271483,7.1498382010226535,7.247041439405136,2873812.46,1933725293.0
2023-04-21,603993.SH,603993.SH,7.322642135819891,7.365843564349802,7.106634993170337,7.117435350302815,1436457.77,959305940.0
2023-04-24,603993.SH,603993.SH,7.095833683881135,7.106634039564363,6.69622052360168,6.761022657701051,2345966.19,1486502366.0
2023-04-25,603993.SH,603993.SH,6.815021348403857,6.879823453143038,6.566613280236997,6.674616788135632,1476236.97,913628201.0
2023-04-26,603993.SH,603993.SH,6.599016702598556,6.66381883061098,6.480212801242444,6.5558152839236055,1513026.39,918507617.0
2023-04-27,603993.SH,603993.SH,6.501813753432035,6.512614108504183,6.285806651989112,6.361409137494135,1759987.04,1037982742.0
2023-04-28,603993.SH,603993.SH,6.393813045595984,6.5342177239621115,6.383012685721666,6.437014485093253,1701643.0,1017351700.0
2023-05-04,603993.SH,603993.SH,6.350612675675404,6.350612675675404,6.113004718422243,6.156206165195545,2806011.12,1615064786.0
2023-05-05,603993.SH,603993.SH,6.167007075554931,6.264210339442837,6.037402723704389,6.069803811667025,1649038.22,932505899.0
2023-05-08,603993.SH,603993.SH,6.1562051343861794,6.501816650702596,6.134604414616403,6.318210532659499,2156922.47,1269828548.0
2023-05-09,603993.SH,603993.SH,6.329008354459814,6.523414754426157,6.307407643352443,6.329008354459814,1673957.08,994217889.0
2023-05-10,603993.SH,603993.SH,6.3182106958348445,6.393813216981587,6.242608174688104,6.2750092551795635,1063913.29,619646902.0
2023-05-11,603993.SH,603993.SH,6.25340568435828,6.2750063948396555,6.080600000507274,6.113001066229337,1433910.45,815941930.0
2023-05-12,603993.SH,603993.SH,6.0157994127395815,6.026599770751681,5.6809883143644875,5.724189746412887,2858504.13,1533634781.0
2023-05-15,603993.SH,603993.SH,5.71339116729492,5.9293983947918925,5.71339116729492,5.896997310667346,1152230.1,620676869.0
2023-05-16,603993.SH,603993.SH,5.896997354187621,5.9293984385512895,5.832195185460285,5.8537959083693965,692700.71,377034071.0
2023-05-17,603993.SH,603993.SH,5.778194134212806,5.842996311418932,5.734992682742057,5.778194134212806,849965.68,454786853.0
2023-05-18,603993.SH,603993.SH,5.875398596862206,5.929400422201012,5.799796041387875,5.83219713659116,747831.52,406429341.0
2023-05-19,603993.SH,603993.SH,5.77819596048778,5.799796693050352,5.7133937628000675,5.767395594206495,707383.98,376595437.0
2023-05-22,603993.SH,603993.SH,5.767397556199016,5.810599036020731,5.7241960763773,5.778197926154444,593974.02,317008688.0
2023-05-23,603993.SH,603993.SH,5.756595703150798,5.77819643749658,5.659392398594782,5.659392398594782,783718.07,413507833.0
2023-05-24,603993.SH,603993.SH,5.626989067715748,5.734992696654629,5.572987253246307,5.6701905192913005,700005.81,366765522.0
2023-05-25,603993.SH,603993.SH,5.616187888515361,5.637788611163496,5.50818427527468,5.572986443219089,814328.01,419496650.0
2023-05-26,603993.SH,603993.SH,5.583787570319633,5.670190472761717,5.540586119098592,5.670190472761717,497550.97,258575516.0
2023-05-29,603993.SH,603993.SH,5.702591561177498,5.724192286788019,5.637789384345935,5.670190472761717,492794.53,258718343.0
2023-05-30,603993.SH,603993.SH,5.691791198372237,5.702591561177498,5.583787570319633,5.670190472761717,493538.0,257974329.0
2023-05-31,603993.SH,603993.SH,5.648588399682267,5.670189120139943,5.583786238309239,5.6593887599111055,609221.46,317467175.0
2023-06-01,603993.SH,603993.SH,5.659388845497324,5.778192809811198,5.583786322752131,5.713390647458176,969223.25,513102830.0
2023-06-02,603993.SH,603993.SH,5.756589500139008,5.929395188698528,5.756589500139008,5.907794477628587,1538507.61,837772623.0
2023-06-05,603993.SH,603993.SH,5.907797214327498,5.918597574865575,5.821394330022891,5.875396132713272,682900.6,371111168.0
2023-06-06,603993.SH,603993.SH,5.896999309044619,5.972601864288781,5.799796023730697,5.810596388765577,901229.89,491924375.0
2023-06-07,603993.SH,603993.SH,5.8321986553325385,5.929401966254747,5.767396448051065,5.8213982874522925,626689.42,338668324.0
2023-06-08,603993.SH,603993.SH,5.799800006689288,5.907803731208641,5.788999634237352,5.8430014964970285,517369.93,279731504.0
2023-06-09,603993.SH,603993.SH,5.886205515191979,5.897005892284074,5.821403252639406,5.832203629731502,678051.47,367313310.0
2023-06-12,603993.SH,603993.SH,5.832202764098311,5.843003139587382,5.724199009207601,5.82140238860924,921565.17,493991638.0
2023-06-13,603993.SH,603993.SH,5.799799164345111,5.810599535228435,5.756597680811814,5.799799164345111,519385.28,278132483.0
2023-06-14,603993.SH,603993.SH,5.875403114749839,6.0806102088311755,5.864602741377137,5.951005728358752,2278437.95,1260222047.0
2023-06-15,603993.SH,603993.SH,5.929403961500664,6.0482080481609675,5.810599874840358,6.026607305131822,1634933.42,898807901.0
2023-06-16,603993.SH,603993.SH,6.026607794926763,6.1238111464578395,5.983406305357395,6.113010774065498,1444111.93,814065009.0
2023-06-19,603993.SH,603993.SH,6.102212513549252,6.123813265809603,5.886204990945738,5.9294064954664405,1381855.57,760978120.0
2023-06-20,603993.SH,603993.SH,5.929403659663335,6.015806627381562,5.875401804839443,5.961804772557669,819375.01,451448667.0
2023-06-21,603993.SH,603993.SH,5.940202161799878,5.972603264500605,5.7565959131624265,5.7673962807293355,1058395.91,572180685.0
2023-06-26,603993.SH,603993.SH,5.745797140436106,5.799798993259754,5.637793434788811,5.6809949170477285,611223.06,323362329.0
2023-06-27,603993.SH,603993.SH,5.670196274943789,5.853802630513398,5.594593657944539,5.810601135085255,1093521.62,579253225.0
2023-06-28,603993.SH,603993.SH,5.78899885657406,5.853801082580486,5.734997001568704,5.799799227575131,695434.29,373006074.0
2023-06-29,603993.SH,603993.SH,5.788999935878932,5.82140105492303,5.724197697790735,5.7349980708054344,778668.76,415151858.0
2023-06-30,603993.SH,603993.SH,5.713394602068867,5.810597912879111,5.702594234201062,5.756596073540087,564499.78,301145790.0
2023-07-03,603993.SH,603993.SH,5.799797711911957,6.0158050754840975,5.778196975554742,6.005004707305489,1533496.73,847248721.0
2023-07-04,603993.SH,603993.SH,6.0374038903523,6.1238068082822075,5.918599878198678,5.972601701904869,796459.97,440269734.0
2023-07-05,603993.SH,603993.SH,5.940199271136018,6.113005068114521,5.929398908824862,6.048202894247582,1260177.14,705888545.0
2023-07-06,603993.SH,603993.SH,6.048205528673524,6.059005895689014,5.9186011244876635,5.951002225534128,842576.15,464774465.0
2023-07-07,603993.SH,603993.SH,5.940041912083377,5.961960885928704,5.84140652977941,5.918122938238052,707189.37,380424727.0
2023-07-10,603993.SH,603993.SH,5.95100161659293,6.038677515179935,5.940042129269555,5.994839565886433,689012.85,376326725.0
2023-07-11,603993.SH,603993.SH,5.994840032031281,6.0715564492602,5.929083102977922,6.060596961084641,759144.85,416765833.0
2023-07-12,603993.SH,603993.SH,6.060598893448889,6.115396351798337,6.027720418439221,6.049639401778999,875118.55,484808373.0
2023-07-13,603993.SH,603993.SH,6.170195937800821,6.41130483767936,6.148276946902771,6.356507360434238,2327190.92,1341426182.0
2023-07-14,603993.SH,603993.SH,6.444186193012161,6.5428216959664285,6.367469690714397,6.400348191699153,1380709.94,809653568.0
2023-07-17,603993.SH,603993.SH,6.235953348291991,6.444183776442338,6.170196370981355,6.312669821821066,1163167.86,669224766.0
2023-07-18,603993.SH,603993.SH,6.290751529572106,6.367468011640058,6.257873037257269,6.301711027010385,701984.97,403950432.0
2023-07-19,603993.SH,603993.SH,6.422263577640919,6.477061048439903,6.345547118522341,6.411304083481122,1334440.98,779651412.0
2023-07-20,603993.SH,603993.SH,6.411304083481122,6.509939530919294,6.367466106841935,6.411304083481122,1203841.39,709824792.0
2023-07-21,603993.SH,603993.SH,6.411301545443361,6.455139504728444,6.301706647230654,6.367463586158278,740563.85,430893998.0
2023-07-24,603993.SH,603993.SH,6.389382710256426,6.4003422003254755,6.279787809565922,6.3017067897040215,572314.16,330204295.0
2023-07-25,603993.SH,603993.SH,6.444180160601678,6.740086392466041,6.444180160601678,6.553775061292183,1470939.05,878770343.0
2023-07-26,603993.SH,603993.SH,6.586652198876231,6.663368613838184,6.520895271765986,6.608571174579646,859827.83,517926815.0
2023-07-27,603993.SH,603993.SH,6.608572000651045,6.6195314898726885,6.477058129991323,6.4880176192129655,768548.29,458047160.0
2023-07-28,603993.SH,603993.SH,6.43321966100762,6.6195309629448085,6.40034119595988,6.6085714745955615,1008836.37,603075443.0
2023-07-31,603993.SH,603993.SH,6.707205250008109,6.882557021250151,6.663367307197599,6.762002678521247,1574182.81,975153033.0
2023-08-01,603993.SH,603993.SH,6.893516749604561,7.10174698528419,6.805840860897348,6.849678805250954,1745871.04,1107459439.0
2023-08-02,603993.SH,603993.SH,6.805840860897348,6.827759833074151,6.718164972190135,6.751043430455341,798324.16,492903440.0
2023-08-03,603993.SH,603993.SH,6.685288267442705,6.729126223294789,6.608571844701561,6.685288267442705,1071661.51,651916227.0
2023-08-04,603993.SH,603993.SH,6.783923668109893,6.915437535666142,6.652409800553643,6.685288267442705,1289753.74,796167819.0
2023-08-07,603993.SH,603993.SH,6.674326484520528,6.718164425305557,6.6085695733429874,6.6962454549130435,508326.33,309465876.0
2023-08-08,603993.SH,603993.SH,6.696245563972416,6.783921446970418,6.597610195599662,6.729124020096666,817446.56,500365830.0
2023-08-09,603993.SH,603993.SH,6.674324350300765,6.740081240451512,6.663364868608974,6.718162277067929,436583.83,267076716.0
2023-08-10,603993.SH,603993.SH,6.707204722733263,6.751042662097533,6.630488328845791,6.674326268210061,524362.17,319389300.0
2023-08-11,603993.SH,603993.SH,6.674322891786183,6.718160808973613,6.488011743739607,6.520890181630179,911549.32,546369372.0
2023-08-14,603993.SH,603993.SH,6.444176296635842,6.477054747128881,6.323621978161361,6.433216813138161,829698.12,485118058.0
2023-08-15,603993.SH,603993.SH,6.444174564211735,6.488012486417258,6.290741836492408,6.400336642006213,621764.55,361964934.0
2023-08-16,603993.SH,603993.SH,6.312658529834468,6.422253295977428,6.312658529834468,6.345536959677355,413252.5,240366599.0
2023-08-17,603993.SH,603993.SH,6.279779374568707,6.356495702006718,6.214022522478982,6.356495702006719,647072.58,371023837.0
2023-08-18,603993.SH,603993.SH,6.40033224883191,6.40033224883191,6.214021207341941,6.21402120734194,534264.59,306819979.0
2023-08-21,603993.SH,603993.SH,6.203061767308128,6.290737552005062,6.170183348046777,6.181142821133894,545946.27,310328040.0
2023-08-22,603993.SH,603993.SH,6.235940829449909,6.444170839572137,6.2249813552329485,6.378413994270382,1136431.23,656414829.0
2023-08-23,603993.SH,603993.SH,6.389371963784274,6.389371963784274,6.235939360880364,6.235939360880364,861428.82,494249353.0
2023-08-24,603993.SH,603993.SH,6.334577637537452,6.520888744523846,6.323618160655898,6.411293975708319,1108312.01,649421605.0
2023-08-25,603993.SH,603993.SH,6.3564966460979395,6.433212984930156,6.301699261217785,6.3564966460979395,866896.95,502732688.0
2023-08-28,603993.SH,603993.SH,6.630483339068222,6.674321245442227,6.2469016582956804,6.279780088076184,1427418.03,832624885.0
2023-08-29,603993.SH,603993.SH,6.312659754131233,6.4003355840497225,6.170186530513687,6.323619232871043,1124629.75,646053697.0
2023-08-30,603993.SH,603993.SH,6.3455375426227185,6.422253885970489,6.312659109759388,6.334578065001609,819484.36,475622726.0
2023-08-31,603993.SH,603993.SH,6.345534463984958,6.4222507701125835,6.268818157857333,6.27977763016128,597300.53,344339398.0
2023-09-01,603993.SH,603993.SH,6.2907357998378455,6.619519900874666,6.2907357998378455,6.50992520052906,1322655.13,783392505.0
2023-09-04,603993.SH,603993.SH,6.685279689908323,6.827752863627682,6.641441790302367,6.761996014218746,1893215.42,1163665678.0
2023-09-05,603993.SH,603993.SH,6.74007877670072,6.794876165129181,6.674321910586566,6.772957209757796,779828.02,479943324.0
2023-09-06,603993.SH,603993.SH,6.904471892041305,6.959269288009886,6.7181607457481265,6.849674496072723,1277516.96,798252429.0
2023-09-07,603993.SH,603993.SH,6.860633975266439,6.882552933653873,6.729120224941843,6.751039183329277,769946.95,476410347.0
2023-09-08,603993.SH,603993.SH,6.729120313482898,6.740079792820819,6.652403958117459,6.663363437455379,380858.29,232098120.0
2023-09-11,603993.SH,603993.SH,6.6852817049227,6.84967387799457,6.6743222267179085,6.783917008765822,908318.44,563051253.0
2023-09-12,603993.SH,603993.SH,6.816795564911395,6.893511913712649,6.751038694510321,6.761998172910499,692567.48,431937214.0
2023-09-13,603993.SH,603993.SH,6.7620015044315505,6.794879955830731,6.6743256340337345,6.740082536832096,588852.03,361657872.0
2023-09-14,603993.SH,603993.SH,6.772959798094362,6.882554616833755,6.740081352472546,6.860635653085875,1071233.9,666662974.0
2023-09-15,603993.SH,603993.SH,6.992149457595664,7.057906349046408,6.89351412041955,6.959271011870292,1533559.37,978557975.0
2023-09-18,603993.SH,603993.SH,6.959271234566963,6.992149681344446,6.7839195184203955,6.849676411975358,862580.6,539179006.0
2023-09-19,603993.SH,603993.SH,6.8277574474570395,6.915433305530323,6.783919518420396,6.904473823271162,716758.79,449766504.0
2023-09-20,603993.SH,603993.SH,6.871596148583048,6.904474599054738,6.80583924763967,6.827758214620796,451805.08,282058327.0
2023-09-21,603993.SH,603993.SH,6.78392184957822,6.8277597936788865,6.696245961376886,6.7291244194523845,711675.72,437775784.0
2023-09-22,603993.SH,603993.SH,6.663369669716434,6.74008609683488,6.619531711363036,6.674329159304783,967079.18,587816895.0
2023-09-25,603993.SH,603993.SH,6.685288890795024,6.718167360749754,6.641450930855385,6.663369910825204,502298.07,305920405.0
2023-09-26,603993.SH,603993.SH,6.674329400810114,6.751045830704483,6.6304914408704745,6.663369910825204,448991.04,273600321.0
2023-09-27,603993.SH,603993.SH,6.652411483454937,6.674330466925958,6.542816566099831,6.586654533041873,846819.95,509452380.0
2023-09-28,603993.SH,603993.SH,6.586654098389543,6.630492062438725,6.411302242192816,6.4770591882665896,987140.31,584343888.0
2023-10-09,603993.SH,603993.SH,6.444178603090204,6.564732964712641,6.33458372888799,6.553773477292419,781410.57,461332347.0
2023-10-10,603993.SH,603993.SH,6.553774589987407,6.575693568549237,6.433220207897337,6.455139186459168,580195.0,343760137.0
2023-10-11,603993.SH,603993.SH,6.488017420999911,6.498976909886735,6.367463043244844,6.400341509905317,762376.62,446244099.0
2023-10-12,603993.SH,603993.SH,6.433218060750704,6.542812916981551,6.433218060750704,6.477056003243042,744112.33,440439533.0
2023-10-13,603993.SH,603993.SH,6.4332155342100465,6.4332155342100465,6.323620721020777,6.334580202339705,572961.89,332256936.0
2023-10-16,603993.SH,603993.SH,6.3455396836586315,6.389377608934339,6.312661239701851,6.334580202339705,550928.28,318788188.0
2023-10-17,603993.SH,603993.SH,6.334582850944667,6.367461308648531,6.279785421438225,6.290744907339513,569372.42,328094515.0
2023-10-18,603993.SH,603993.SH,6.3017038998689285,6.3017038998689285,6.148271109263424,6.159230594306674,748627.54,424057317.0
2023-10-19,603993.SH,603993.SH,6.1153901282106204,6.137309089243633,6.0386737645950745,6.049633245111581,657443.67,364839330.0
2023-10-20,603993.SH,603993.SH,6.02771625597023,6.08251367647905,5.8633239944437685,5.896202446749061,1116111.15,604355925.0
2023-10-23,603993.SH,603993.SH,5.874283045103256,5.874283045103256,5.600295962775679,5.644133895948092,1072688.26,558826260.0
2023-10-24,603993.SH,603993.SH,5.698931527062623,5.841404815239188,5.698931527062623,5.8194858478274085,1073849.91,565404394.0
2023-10-25,603993.SH,603993.SH,5.994839271064784,6.027717731417973,5.852365942867632,5.852365942867633,1004262.45,543442662.0
2023-10-26,603993.SH,603993.SH,5.808529971715272,5.885246405303964,5.742773028639251,5.863327424278624,810407.74,430085751.0
2023-10-27,603993.SH,603993.SH,5.8523663709789355,5.9838802220121705,5.7646904702901125,5.951001759253861,946302.49,511906632.0
2023-10-30,603993.SH,603993.SH,5.9948409149663995,6.203071220970717,5.9619624455972975,6.159233261811914,1554640.18,869679042.0
2023-10-31,603993.SH,603993.SH,6.137313506759587,6.137313506759587,5.994840157495526,6.071556576330021,838817.55,463325621.0
2023-11-01,603993.SH,603993.SH,6.0605945877892795,6.071554071673166,5.950999748950413,5.950999748950413,787446.25,429806416.0
2023-11-02,603993.SH,603993.SH,5.9838765291277145,6.060592894885763,5.885241201724511,5.885241201724511,694155.52,376097053.0
2023-11-03,603993.SH,603993.SH,5.9181208803244445,5.994837262106428,5.907161397212732,5.929080363436157,693507.37,375831460.0
2023-11-06,603993.SH,603993.SH,5.951001077975767,6.005798509633004,5.775649296672614,5.819487241998402,1798042.89,957429148.0
2023-11-07,603993.SH,603993.SH,5.819486988016985,5.819486988016985,5.731811101191871,5.775649044604428,953297.32,501328895.0
2023-11-08,603993.SH,603993.SH,5.753728895493927,5.764688379104391,5.64413405938928,5.677012510220674,1189619.05,617804034.0
2023-11-09,603993.SH,603993.SH,5.633174554112759,5.720850422659261,5.611255586976133,5.698931455522636,1031426.24,534655363.99999994
2023-11-10,603993.SH,603993.SH,5.677014693051053,5.677014693051053,5.611257766104516,5.644136229577785,684033.88,351634968.0
2023-11-13,603993.SH,603993.SH,5.666055313564205,5.742771729802018,5.644136337496259,5.731812241768045,812697.18,422161230.0
2023-11-14,603993.SH,603993.SH,5.731812505299644,5.753731482375359,5.666055574072496,5.720853016761785,694636.28,361868980.0
2023-11-15,603993.SH,603993.SH,5.77565252448811,5.896206941507786,5.764693032031776,5.885247449051452,1596872.54,851130999.0
2023-11-16,603993.SH,603993.SH,5.874288984037118,5.874288984037118,5.742775051558675,5.7646940403050815,784788.07,413988289.0
2023-11-17,603993.SH,603993.SH,5.764694852852432,5.764694852852432,5.69893787734461,5.753735356934461,496864.96,259554873.0
2023-11-20,603993.SH,603993.SH,5.742776944559107,5.808533932473906,5.687979454630108,5.808533932473906,719810.27,378457570.0
2023-11-21,603993.SH,603993.SH,5.852373343835667,6.005806352850086,5.84141384319178,5.8742923451234415,1415097.6,764366967.0
2023-11-22,603993.SH,603993.SH,5.8742925224605695,5.91813052635953,5.80853551661213,5.80853551661213,670893.0,358160697.0
2023-11-23,603993.SH,603993.SH,5.797578413131231,5.841416435158688,5.753740391103774,5.830456929651825,499296.07,263774030.00000003
2023-11-24,603993.SH,603993.SH,5.819496233793214,5.841415240323509,5.753739214202331,5.7866177239977725,469574.79,248013021.0
2023-11-27,603993.SH,603993.SH,5.764697663351141,5.78661666587339,5.698940655784399,5.753738162090017,583938.76,305900737.0
2023-11-28,603993.SH,603993.SH,5.764697663351141,5.764697663351141,5.687981154523275,5.753738162090017,584446.24,304702471.0
2023-11-29,603993.SH,603993.SH,5.775657164612265,5.8194951696567605,5.73181915956777,5.753738162090017,592826.08,312323112.0
2023-11-30,603993.SH,603993.SH,5.742778936394087,5.742778936394087,5.677021925672017,5.709900431033052,516137.23,268837503.0
2023-12-01,603993.SH,603993.SH,5.709902118049089,5.797578158249459,5.698942613024044,5.786618653224413,790156.44,414707218.0
2023-12-04,603993.SH,603993.SH,5.852377675672796,5.972932271988153,5.655106518065848,5.666066026821789,2487214.3,1322849551.0
2023-12-05,603993.SH,603993.SH,5.512635370416485,5.611270993346402,5.370161692851049,5.413999747486568,2004529.25,1000325691.0
2023-12-06,603993.SH,603993.SH,5.392078958612558,5.556471609789771,5.381119448534077,5.501674059397366,1077142.53,540222422.0
2023-12-07,603993.SH,603993.SH,5.501675304220587,5.512634816778796,5.392080178638504,5.424958716313129,855535.33,424003909.0
2023-12-08,603993.SH,603993.SH,5.44687779700993,5.4687968223500105,5.35920169564961,5.37016120831965,802088.6,395401885.0
2023-12-11,603993.SH,603993.SH,5.34824361357933,5.370162644782524,5.23864845756336,5.326324582376136,1444814.91,698836909.0
2023-12-12,603993.SH,603993.SH,5.304406756719659,5.326325792904451,5.216730611980491,5.304406756719659,1189738.96,572101270.0
2023-12-13,603993.SH,603993.SH,5.271530302118959,5.2934493470342145,5.161935077542681,5.172894600000308,1092007.13,520277732.0
2023-12-14,603993.SH,603993.SH,5.2276903476339,5.260568903279396,5.161933236342908,5.161933236342908,890863.28,422930074.0
2023-12-15,603993.SH,603993.SH,5.216731583706844,5.315367264911385,5.205772063573006,5.227691103840681,1298669.65,624427811.0
2023-12-18,603993.SH,603993.SH,5.194811462115526,5.216730497820654,5.085216283589881,5.10713531929501,854246.44,400502140.0
2023-12-19,603993.SH,603993.SH,5.107136105008137,5.150974183162714,5.052338507314917,5.129055144085425,654349.27,305265148.0
2023-12-20,603993.SH,603993.SH,5.150972870812603,5.2386490047838805,5.140013354066193,5.161932387559012,1131379.97,536218018.00000006
2023-12-21,603993.SH,603993.SH,5.129054589722307,5.315366401742135,5.096176034659986,5.304406883388028,1199718.19,573067316.0
2023-12-22,603993.SH,603993.SH,5.304408485535413,5.446882267171694,5.260570398878095,5.3701656155213895,1210046.16,592589940.0
2023-12-25,603993.SH,603993.SH,5.3701632190985995,5.424960802966952,5.3372846687775874,5.403041769419611,761156.76,373549544.0
2023-12-26,603993.SH,603993.SH,5.403043921850886,5.414003442990543,5.359205837292258,5.392084400711228,566923.36,278576405.0
2023-12-27,603993.SH,603993.SH,5.381123184729091,5.611273056173716,5.381123184729091,5.567434985422358,1519665.96,765831347.0
2023-12-28,603993.SH,603993.SH,5.6003133648327434,5.753746607704874,5.589353847484734,5.65511095157279,1634153.79,846612482.0
2023-12-29,603993.SH,603993.SH,5.622232745512294,5.720868407714264,5.622232745512294,5.698949371669382,987302.74,511751073.0
2024-01-02,603993.SH,603993.SH,5.709910616696402,5.863343915417611,5.698951095359173,5.797586787394236,1299761.59,687708427.0
2024-01-03,603993.SH,603993.SH,5.786629812173005,5.786629812173005,5.709913129057075,5.753751233694748,963157.78,505480223.0
2024-01-04,603993.SH,603993.SH,5.731831079100492,5.7866286993595795,5.65511441073777,5.69895250694504,976385.56,508672640.0
2024-01-05,603993.SH,603993.SH,5.80855039272215,5.9619837993223594,5.731833689422047,5.775671805593534,1905776.16,1014811282.0
2024-01-08,603993.SH,603993.SH,5.830471379685005,5.940066706370813,5.753754651004939,5.830471379685005,1724966.8,921390895.0
2024-01-09,603993.SH,603993.SH,5.808551749778273,5.896228002605115,5.731835028554787,5.863349407795049,1409402.59,748384275.0
2024-01-10,603993.SH,603993.SH,5.830470537442884,5.918146786126235,5.786632413101208,5.797591944186627,996813.34,530871655.0
2024-01-11,603993.SH,603993.SH,5.808551475272045,5.830470537442884,5.76471335093037,5.797591944186627,905854.19,479061557.0
2024-01-12,603993.SH,603993.SH,5.775672436898142,5.863348678824489,5.742793846175762,5.83047008810211,885119.63,470364493.0
2024-01-15,603993.SH,603993.SH,5.80854872160401,5.874305876942924,5.7427915662650975,5.852386825163286,940553.64,499543884.0
2024-01-16,603993.SH,603993.SH,5.841429286450605,5.961984112249773,5.830469756832499,5.863348345686817,1130605.35,606260310.0
2024-01-17,603993.SH,603993.SH,5.885266842277963,5.907185899418662,5.731833442293063,5.731833442293063,831549.14,440819390.0
2024-01-18,603993.SH,603993.SH,5.687995067492792,5.79759034817666,5.545521202603761,5.7427927078347265,1457490.76,751879481.0
2024-01-19,603993.SH,603993.SH,5.709914035615475,5.720873563514929,5.6222378124198436,5.687994979816567,918233.63,475279174.0
2024-01-22,603993.SH,603993.SH,5.677037204786626,5.687996736069999,5.446887047835817,5.501684704252677,1124194.17,573231368.0
2024-01-23,603993.SH,603993.SH,5.479764435922176,5.622238311256153,5.370169147203733,5.578400195768776,894336.37,449449324.0
2024-01-24,603993.SH,603993.SH,5.600317751511131,5.753751114566231,5.556479647781103,5.720872536768709,1068449.05,551046891.0
2024-01-25,603993.SH,603993.SH,5.75375013791475,5.951021571214684,5.698952517553657,5.940062047142466,1292029.14,693110355.0
2024-01-26,603993.SH,603993.SH,5.940061183133442,6.115413542783138,5.896223093221018,6.027737362958289,1716053.24,945329599.0
2024-01-29,603993.SH,603993.SH,6.016780036384505,6.071577668774164,5.961982403994846,6.005820509906573,915748.0,502721098.0
2024-01-30,603993.SH,603993.SH,5.9619829310209145,6.0606186780414815,5.929104348680726,5.951023403574185,862260.11,471949629.0
2024-01-31,603993.SH,603993.SH,5.918143168120919,6.005819363204191,5.852386021808464,5.88526459496469,931790.95,503883144.0
2024-02-01,603993.SH,603993.SH,5.852386171595307,6.0496576155816655,5.83046712226349,5.994859992252122,1054240.23,574263357.0
2024-02-02,603993.SH,603993.SH,5.994857662757724,6.104452866830078,5.742788693391312,5.951019581128783,1276904.19,695999898.0
2024-02-05,603993.SH,603993.SH,5.896219154942407,6.06061188231069,5.8195025488372085,5.994854791363377,1493760.3,811775256.0
2024-02-06,603993.SH,603993.SH,5.951017646272871,6.159248466308202,5.951017646272871,6.126369915776307,1140296.64,634321591.0
2024-02-07,603993.SH,603993.SH,6.137328308728705,6.192125882913783,6.038692675195565,6.104449764217659,1436940.68,797866961.0
2024-02-08,603993.SH,603993.SH,6.1263708755627775,6.225006542611195,6.071573282758102,6.225006542611194,1421606.59,797652303.0
2024-02-19,603993.SH,603993.SH,6.235964055635305,6.564749506723283,6.192125995490242,6.54283047665075,1772754.4,1039255413.0
2024-02-20,603993.SH,603993.SH,6.509950312150925,6.696262021421237,6.422274213670778,6.6085859229410895,1270244.03,765857430.0
2024-02-21,603993.SH,603993.SH,6.564748694294502,6.707222372133948,6.553789180614544,6.575708207974459,977172.22,592314308.0
2024-02-22,603993.SH,603993.SH,6.553787045829795,6.74009871770121,6.520908515499545,6.7291392075911265,1092536.4,662074367.0
2024-02-23,603993.SH,603993.SH,6.729139504309076,6.99216775854917,6.67434195134239,6.959289226769159,1500052.05,943851152.0
2024-02-26,603993.SH,603993.SH,6.926408322156773,7.0250438837064735,6.707218185379659,6.718177692218515,1197351.21,746064843.0
2024-02-27,603993.SH,603993.SH,6.685301323669164,6.783936916969202,6.63050377183581,6.707220344402506,1283533.71,785097109.0
2024-02-28,603993.SH,603993.SH,6.707219362313671,6.718178871075621,6.586664765932216,6.586664765932215,1272518.64,770630815.0
2024-02-29,603993.SH,603993.SH,6.553789383332448,6.751060635673557,6.542829869313496,6.740101121654607,1064712.83,648854776.0
2024-03-01,603993.SH,603993.SH,6.729140743540424,6.871614407491606,6.696262205705537,6.82777635704509,960913.55,595302526.0
2024-03-04,603993.SH,603993.SH,6.893535606153751,6.970252218622871,6.838738025818666,6.882576090086735,1072403.55,674439313.0
2024-03-05,603993.SH,603993.SH,6.88257513477649,6.981210765688892,6.8606561056848445,6.948332222051423,1087490.25,688445622.0
2024-03-06,603993.SH,603993.SH,6.937375652616656,7.068889882998015,6.882578056624424,6.970254210211996,970888.48,619945530.0
2024-03-07,603993.SH,603993.SH,6.981217061832706,7.4853551856071245,6.981217061832706,7.2552051725796725,1992259.55,1331063208.0
2024-03-08,603993.SH,603993.SH,7.397675636553618,7.463432753322984,7.222323325168643,7.397675636553618,1328335.6,890236440.0
2024-03-11,603993.SH,603993.SH,7.3647973501333786,7.496311588528617,7.288080711069489,7.419594949464727,1286036.95,866795977.0
2024-03-12,603993.SH,603993.SH,7.397674973463829,7.397674973463829,6.9592942342956015,7.014091826691631,1883382.51,1225177107.0
2024-03-13,603993.SH,603993.SH,7.233282196275745,7.616865343047944,7.189444122358922,7.452472565859859,3364332.84,2272599093.0
2024-03-14,603993.SH,603993.SH,7.825096629485045,8.055246530352251,7.748379995862643,7.879894224929619,2982528.86,2150560055.0
2024-03-15,603993.SH,603993.SH,7.8798932577591385,8.493626251409363,7.792217115809106,8.48266673366561,2984265.16,2227686622.0
2024-03-18,603993.SH,603993.SH,8.515545983821292,8.734736356635224,8.274436573725966,8.570343577024776,3138952.96,2442766719.0
2024-03-19,603993.SH,603993.SH,8.493627299980812,8.668979605528802,8.384032109013319,8.427870185400316,2147423.76,1669882018.0
2024-03-20,603993.SH,603993.SH,8.31827416150937,8.50458596749838,8.16484090951842,8.31827416150937,2182614.08,1654482429.0
2024-03-21,603993.SH,603993.SH,8.504587253075329,8.581303890667503,8.37307301720303,8.48266821376328,1874981.43,1452016403.0
2024-03-22,603993.SH,603993.SH,8.351151655644955,8.38403020547033,8.11004229025888,8.197718423126544,1823970.03,1367331077.0
2024-03-25,603993.SH,603993.SH,8.340195765206992,8.745698056025203,8.307317201086596,8.570345714049761,2567794.34,2002809910.0
2024-03-26,603993.SH,603993.SH,8.592265529879638,8.745698842913203,8.405953649767453,8.526508395722397,1811158.23,1410152036.0
2024-03-27,603993.SH,603993.SH,8.482671832949867,8.822417087241142,8.427874211289986,8.647064697929515,2180956.82,1725960172.0
2024-03-28,603993.SH,603993.SH,8.603226937570092,9.07448650230323,8.559388838525148,8.953931729929637,2056765.91,1668726333.0
2024-03-29,603993.SH,603993.SH,9.019690179413717,9.260799758936319,8.899135389652415,9.118325916491145,2325381.63,1923835697.0
2024-04-01,603993.SH,603993.SH,9.315601726633151,9.436156572507226,8.899139531795432,9.041613440555706,2504295.85,2086664023.0
2024-04-02,603993.SH,603993.SH,9.008734036088388,9.260803236611542,8.98681497517333,9.140248401578729,1751025.17,1458568222.0
2024-04-03,603993.SH,603993.SH,9.216968362865243,9.644390201333431,9.216968362865243,9.578632995415248,3007238.82,2595618329.0
2024-04-08,603993.SH,603993.SH,9.589589111222795,10.027970327735837,9.27176272925084,9.469034276681707,4001447.4,3539439670.0
2024-04-09,603993.SH,603993.SH,9.490948681567986,9.600543931932512,9.206001030620218,9.29367723091184,2439201.76,2081803123.0
2024-04-10,603993.SH,603993.SH,9.359430954335355,9.699176106073525,9.293673828192485,9.578621374811595,2418459.79,2094938860.0
2024-04-11,603993.SH,603993.SH,9.315589679381862,9.940282163763941,9.260792093032556,9.534780024779081,2602588.68,2268028726.0
2024-04-12,603993.SH,603993.SH,9.534779492704303,9.951241125718974,9.469022392754619,9.819726925819605,2410409.53,2137318785.0000002
2024-04-15,603993.SH,603993.SH,9.633411104166585,10.049872562594722,9.469018423208112,10.038913050530823,2243423.9,1994182568.0
2024-04-16,603993.SH,603993.SH,9.951234840084556,10.258101112686282,9.611490038275502,9.69916611616171,2411537.56,2191450916.0
2024-04-17,603993.SH,603993.SH,9.644369260938536,9.91835702403338,9.447098071510245,9.907397513509585,2191504.48,1938100486.0
2024-04-18,603993.SH,603993.SH,9.830677451871756,10.378652783637182,9.743001398789287,10.378652783637182,2538143.77,2330649155.0
2024-04-19,603993.SH,603993.SH,10.378653133971453,10.76223587915519,10.192341514882207,10.389612640976702,2269586.43,2158917584.0
2024-04-22,603993.SH,603993.SH,10.554002168282427,10.817030259703794,10.027945985439688,10.071784000676583,2365433.47,2242142937.0
2024-04-23,603993.SH,603993.SH,9.863555722150968,9.929312760298643,9.381337442401367,9.425175467833148,3738325.47,3265572685.0
2024-04-24,603993.SH,603993.SH,9.381339562477624,9.73204384518707,9.381339562477624,9.699165318683058,2114432.28,1851119449.0
2024-04-25,603993.SH,603993.SH,9.611490331600876,9.732044942373523,9.490935720828231,9.72108543230328,1522078.25,1337951288.0
2024-04-26,603993.SH,603993.SH,9.830678424917943,10.269058733721417,9.721083347717071,10.170423164240635,2875259.37,2615651536.0
2024-04-29,603993.SH,603993.SH,10.016988277337655,10.104664323528793,9.666284092573097,9.874514702277052,2719587.03,2445479677.0
2024-04-30,603993.SH,603993.SH,9.973146589275956,10.115620111979899,9.655321038628701,9.84163256831847,2761737.17,2494883469.0
2024-05-06,603993.SH,603993.SH,9.62244044108019,9.69915693662411,9.315574458904512,9.677237937897276,3138275.2,2720565832.0
2024-05-07,603993.SH,603993.SH,9.721075935350942,10.027941917526622,9.633399940443606,9.677237937897276,2390331.59,2143518957.0
2024-05-08,603993.SH,603993.SH,9.600521442353356,9.85258992771195,9.425169452538682,9.677237937897276,1906744.43,1674154344.0
2024-05-09,603993.SH,603993.SH,9.633404085789378,10.006027224488856,9.589566069471793,9.907391687774286,1945466.18,1749647543.0
2024-05-10,603993.SH,603993.SH,10.049864104734716,10.137540127458683,9.753957528041328,10.082742613256203,2036763.24,1855317594.0
2024-05-13,603993.SH,603993.SH,9.929312146960426,10.236178306027634,9.84163610151265,10.148502260579859,1728338.65,1585093839.0
2024-05-14,603993.SH,603993.SH,10.24713508202707,10.499203645542176,10.225216076504019,10.367689612403861,2332048.0,2206574834.0
2024-05-15,603993.SH,603993.SH,10.290970117370115,10.356727114925194,9.951225630002197,10.006023127964765,2153753.0,1993419608.0
2024-05-16,603993.SH,603993.SH,10.12658137276894,10.225216905620586,9.39229462820669,9.501889664708518,4882321.21,4338131693.0
2024-05-17,603993.SH,603993.SH,9.644365087762027,9.655324593543575,9.19502535071857,9.523810524165,3727730.37,3196111071.0
2024-05-20,603993.SH,603993.SH,9.808760538115838,10.02795071773854,9.403258705813844,9.797801029134703,4585803.59,4076065002.0
2024-05-21,603993.SH,603993.SH,9.775877320606718,9.841634342942637,9.15118560841548,9.227902134474053,3755911.39,3215226641.0
2024-05-22,603993.SH,603993.SH,9.216939015823838,9.315574510642405,8.931992030792424,8.997749027338136,2836059.29,2352497121.0
2024-05-23,603993.SH,603993.SH,8.767600483796272,9.085426001333886,8.636086476539328,8.953911994076943,2648441.64,2143019086.9999998
2024-05-24,603993.SH,603993.SH,8.931993080221908,9.085426090188909,8.888155077374192,8.964871582357693,1534733.22,1260631718.0
2024-05-27,603993.SH,603993.SH,8.931994962843401,9.403253592784832,8.931994962843401,9.359415580697256,2339393.6,1965531604.0
2024-05-28,603993.SH,603993.SH,9.370375083719152,9.589565144157026,9.33749657465347,9.359415580697256,1821150.49,1569950532.0
2024-05-29,603993.SH,603993.SH,9.315576441382259,9.732037505820525,9.293657437990772,9.600523485471598,1750979.38,1531433114.0
2024-05-30,603993.SH,603993.SH,9.534768533160403,9.578606549404821,9.085428866655143,9.140226386960663,1883222.96,1595499284.0
2024-05-31,603993.SH,603993.SH,9.118307378838455,9.260780931632805,8.997752834166313,9.140226386960663,1475441.65,1228223134.0
2024-06-03,603993.SH,603993.SH,9.129264022321442,9.238859028591808,8.855276506645529,8.953912012288857,1752932.92,1442935373.0
2024-06-04,603993.SH,603993.SH,9.041589997843474,9.392294094729523,8.931994967566583,9.205982543258811,1799858.21,1507401627.0
2024-06-05,603993.SH,603993.SH,8.986788901417865,9.019667397398663,8.778558426872817,8.800477424193348,2218664.98,1792598566.0
2024-06-06,603993.SH,603993.SH,8.931992099346827,9.227898586073653,8.899113600821622,9.063506093447637,2072795.77,1714676552.0
2024-06-07,603993.SH,603993.SH,9.162144672122022,9.29365871047784,9.030630633766203,9.216942188103612,1744033.33,1461914837.0
2024-06-11,603993.SH,603993.SH,8.975830313526783,9.06350631170531,8.833356816486676,8.91007331489289,1692862.39,1378280816.0
2024-06-12,603993.SH,603993.SH,8.910072018882229,9.129261982446366,8.877193524347605,9.041585997020709,1116038.0,916623490.0
2024-06-13,603993.SH,603993.SH,8.986786841909582,9.107341299544956,8.778556415084848,8.87719188042288,1351029.47,1097382773.0
2024-06-14,603993.SH,603993.SH,8.800473494235359,9.10733931968815,8.723757037872161,9.074460838389635,1361163.73,1115013024.0
2024-06-17,603993.SH,603993.SH,8.986780938025149,9.173092250154939,8.833348092741794,8.975821449076339,1185267.93,974178280.0
2024-06-18,603993.SH,603993.SH,9.019659460274896,9.063497416339416,8.82238865798456,8.921024059129728,1089646.06,887363555.0
2024-06-19,603993.SH,603993.SH,8.97582122638733,9.348443841402188,8.953902249033515,9.205970488602391,1750245.9,1468299292.0
2024-06-20,603993.SH,603993.SH,9.315561847583396,9.45803514642879,9.184048033264572,9.260764424950551,1517814.45,1289968753.0
2024-06-21,603993.SH,603993.SH,9.370361013800496,9.425158446629737,9.096373849654283,9.129252309351829,1182056.23,994416384.0
2024-06-24,603993.SH,603993.SH,8.94293960686184,9.151169818296124,8.877182697987855,9.041574970172816,987919.22,813988315.0
2024-06-25,603993.SH,603993.SH,9.085413182093593,9.260764944353543,9.008696786104867,9.129251122658582,1067082.49,890664404.0
2024-06-26,603993.SH,603993.SH,9.052538729417135,9.140214649314638,8.866227399634942,9.096376689365888,1205449.8,992146159.0
2024-06-27,603993.SH,603993.SH,9.052538839948747,9.096376800432761,8.789511077044667,8.975822409101724,1189371.14,971411050.0
2024-06-28,603993.SH,603993.SH,8.94294361258429,9.392282691157765,8.931984122862985,9.315566263108634,1674824.79,1412459259.0
2024-07-01,603993.SH,603993.SH,9.293651576343754,9.512841472012237,9.227894607643208,9.49092248244539,1261676.22,1081982713.0
2024-07-02,603993.SH,603993.SH,9.49092068205963,9.567637130990827,9.23885234985712,9.359406769606146,1089952.0,932664753.0
2024-07-03,603993.SH,603993.SH,9.381329081417935,9.458045557551024,9.28269361210396,9.458045557551024,895871.22,766182055.0
2024-07-04,603993.SH,603993.SH,9.699152371160169,9.81970680741188,9.611476417522564,9.666273888546067,1861432.5,1650543924.0
2024-07-05,603993.SH,603993.SH,9.710109558011558,10.0060158312241,9.644352608408772,9.962177864822241,1724360.29,1548269267.0
2024-07-08,603993.SH,603993.SH,10.00675273620952,10.084756376692225,9.884175586879559,9.939892472938633,1384532.82,1239771609.0
2024-07-09,603993.SH,603993.SH,9.939889586105176,10.151613691638806,9.839599220326088,10.129326943687898,1327437.07,1193707020.0
2024-07-10,603993.SH,603993.SH,10.073614353373904,10.129331246921327,9.739312992089372,9.78388650692731,1443450.09,1285310172.0
2024-07-11,603993.SH,603993.SH,9.828462801970513,10.14047749409656,9.739315747077356,10.08476058478834,1321689.6,1186601876.0
2024-07-12,603993.SH,603993.SH,10.029045736242518,10.107049425302183,9.616740522641438,9.761604516609383,2003448.76,1760512773.0
2024-07-15,603993.SH,603993.SH,9.906464300599474,10.30762595956638,9.817317265273495,10.173905406577413,2148397.18,1959089559.0
2024-07-16,603993.SH,603993.SH,10.084756754610778,10.263050796681245,10.017896488834353,10.218477286163628,1201442.39,1096387058.0
2024-07-17,603993.SH,603993.SH,10.118189759834753,10.207336806176908,9.42730015068304,9.538733958610736,2434525.77,2123014724.0
2024-07-18,603993.SH,603993.SH,9.438440290432558,9.661307829758002,9.349293274702381,9.60559094492664,1361368.98,1159407354.0
2024-07-19,603993.SH,603993.SH,9.226715645343882,9.43843979662593,8.925844482995712,9.371579538326335,1944620.95,1620164737.0
2024-07-22,603993.SH,603993.SH,9.248999508508188,9.304716373017271,8.97041518596276,9.059562169177298,1670489.03,1361829941.0
2024-07-23,603993.SH,603993.SH,9.081845995815208,9.14870621173532,8.413243836614088,8.424387205934107,2753228.41,2137352096.0
2024-07-24,603993.SH,603993.SH,8.413241843705725,8.435528577066535,8.179231143417221,8.279521443540865,1852157.22,1379359633.0
2024-07-25,603993.SH,603993.SH,8.067794879288058,8.156941784031574,7.789210801964575,7.822640891243394,2479744.39,1761151588.0
2024-07-26,603993.SH,603993.SH,7.889504607596557,8.234949018381151,7.889504607596557,8.101228601303243,1889231.05,1372367364.0
2024-07-29,603993.SH,603993.SH,8.179235067334693,8.312955531650791,8.078944719097619,8.201521811387376,1234249.77,907453297.0
2024-07-30,603993.SH,603993.SH,8.145804223139026,8.145804223139026,7.8783633184121635,7.9786536576847364,1274681.28,909593812.0
2024-07-31,603993.SH,603993.SH,8.067799934709836,8.368670926750118,7.978652974105306,8.324097446447855,1757302.64,1296194874.0
2024-08-01,603993.SH,603993.SH,8.513531013061032,8.580391204263083,8.346380535055909,8.379810630656932,1259943.98,953711632.0
2024-08-02,603993.SH,603993.SH,8.123509990644905,8.156940072910935,7.956359579314763,8.045506465357505,1667834.77,1204302783.0
2024-08-05,603993.SH,603993.SH,7.922927783982896,8.067791442480473,7.811494200523221,7.833780917215156,1565120.81,1112002643.0
2024-08-06,603993.SH,603993.SH,7.833783880135159,7.934074143180986,7.688920166846742,7.778067067331922,1320244.04,921057194.0
2024-08-07,603993.SH,603993.SH,7.7780646757682845,7.989788499320715,7.688917802693576,7.900641626246006,1024016.85,725595241.0
2024-08-08,603993.SH,603993.SH,7.822639080286756,7.833782440799985,7.633201951561863,7.744635556694153,1135668.56,785359909.0
2024-08-09,603993.SH,603993.SH,7.8226364764338046,7.97864347169032,7.8226364764338046,7.867209903649951,1194817.86,848091515.0
2024-08-12,603993.SH,603993.SH,7.867213152188872,8.000933489053272,7.856069790783505,7.934073320621072,783267.95,556498043.0
2024-08-13,603993.SH,603993.SH,8.000933756493946,8.045507203605334,7.8783567769376335,8.000933756493946,855463.3,610570306.0
2024-08-14,603993.SH,603993.SH,7.989790889858039,8.056651064668568,7.867213902705405,7.911787352579091,823108.15,586907986.0
2024-08-15,603993.SH,603993.SH,7.889501718859486,8.101225635043567,7.822641534801354,8.056652179004814,1133649.1,814366707.0
2024-08-16,603993.SH,603993.SH,8.134659548061663,8.379813671427906,8.134659548061663,8.279523348232624,1730243.7,1286655638.0
2024-08-19,603993.SH,603993.SH,8.335238873688466,8.491246018383169,8.290665403775693,8.368668976123045,1156337.1,872195473.0
2024-08-20,603993.SH,603993.SH,8.424382220928427,8.435525583654524,8.201514966406512,8.25723178003699,773985.0,575338173.0
2024-08-21,603993.SH,603993.SH,8.246087962277752,8.301804772833682,8.168084427499448,8.27951804861131,502837.67,372628914.0
2024-08-22,603993.SH,603993.SH,8.33523573302251,8.34637909630195,8.134655193992554,8.29066227990474,787527.57,582637998.0
2024-08-23,603993.SH,603993.SH,8.223803518889367,8.33523717090684,8.201516788485874,8.268376979696356,569585.26,422038791.0
2024-08-26,603993.SH,603993.SH,8.379813922215384,8.524677726721768,8.268380226441243,8.513534357144353,1558390.53,1178610045.0
2024-08-27,603993.SH,603993.SH,8.502391032672461,8.558107880855111,8.279523639941859,8.40210070594369,978536.59,738557405.0
2024-08-28,603993.SH,603993.SH,8.402099507259068,8.53581992382022,8.20151888241734,8.279522458744678,974876.09,728791018.0
2024-08-29,603993.SH,603993.SH,8.123514452135561,8.357525156518067,8.078940984634132,8.268378221515208,772842.36,572883039.0
2024-08-30,603993.SH,603993.SH,8.26837853061346,8.435529039992437,8.134658123110276,8.346382101656982,1327679.64,988257935.0
2024-09-02,603993.SH,603993.SH,8.246093117663486,8.290666593975182,8.01208236702709,8.13465942688425,1075396.15,784999520.0
2024-09-03,603993.SH,603993.SH,8.123516057806327,8.268379855819333,8.078942581494632,8.13465942688425,716989.25,526966532.0
2024-09-04,603993.SH,603993.SH,7.900649245458852,7.900649245458852,7.6443517382013715,7.733498697247452,1766410.56,1228768542.0
2024-09-05,603993.SH,603993.SH,7.778070962851713,7.822644435418197,7.633207177010633,7.711210754001984,806865.2,559726680.0
2024-09-06,603993.SH,603993.SH,7.766928269117695,7.822645114663732,7.70006805446245,7.7000680544624505,573472.0,399046751.0
2024-09-09,603993.SH,603993.SH,7.6220610174824985,7.6220610174824985,7.343476915966325,7.477197284694089,1451403.97,970190522.0
2024-09-10,603993.SH,603993.SH,7.532911750961666,7.566341832696703,7.388048063443173,7.488338308648283,692027.28,462778074.0
2024-09-11,603993.SH,603993.SH,7.443761235230087,7.466047945515208,7.220894132378888,7.310040973519367,1370827.88,899808445.0
2024-09-12,603993.SH,603993.SH,7.354611528364668,7.388041580766325,7.2766080727608005,7.321181475963011,1086884.58,715532509.0
2024-09-13,603993.SH,603993.SH,7.421473724363666,7.499477201947069,7.265466769196862,7.276610123137349,1548156.98,1026803719.0
2024-09-18,603993.SH,603993.SH,7.376898415124344,7.566335383488564,7.332325010803351,7.5106186280873235,1622773.63,1089425645.0
2024-09-19,603993.SH,603993.SH,7.544051947606128,8.02321625151612,7.4660484562719445,7.978642827896586,2348686.47,1643085122.0
2024-09-20,603993.SH,603993.SH,8.023215129991266,8.33522905171315,7.967498358255217,8.29065563432431,2087214.74,1533169651.0
2024-09-23,603993.SH,603993.SH,8.23494242846165,8.413236175221307,8.190368991771736,8.23494242846165,1211240.7,898437536.0
2024-09-24,603993.SH,603993.SH,8.33523090280082,8.647244893814754,8.290657475513115,8.558098039239344,1886644.91,1435481952.0
2024-09-25,603993.SH,603993.SH,8.780966620361085,9.159840814640624,8.647246316497718,8.669533033808278,2303913.6,1836434637.0
2024-09-26,603993.SH,603993.SH,8.680678060179714,9.048408966451767,8.569244452218486,9.048408966451767,1752164.2,1390082607.0
2024-09-27,603993.SH,603993.SH,9.315848022831899,9.449568329379726,9.170984357405088,9.326991381710883,1311330.55,1094485689.0
2024-09-30,603993.SH,603993.SH,9.639009850969796,9.906450586719247,9.159845199418697,9.694726670917598,4991409.49,4286941750.0
2024-10-08,603993.SH,603993.SH,10.563908817285029,10.641912363404222,9.193275078333489,9.616722900123396,6185235.36,5433014864.0
2024-10-09,603993.SH,603993.SH,9.338142857685144,9.338142857685144,8.747544323726535,8.836691272248588,3355964.13,2712182959.0
2024-10-10,603993.SH,603993.SH,8.92583891742143,9.349286955950788,8.858978700811532,9.137562936686107,2657196.16,2169026873.0
2024-10-11,603993.SH,603993.SH,9.193276814602953,9.193276814602953,8.89240593703413,8.970409497885308,1430216.09,1154059068.0
2024-10-14,603993.SH,603993.SH,9.014980707483097,9.393855051184488,8.970407255282934,9.360424962034365,2123389.44,1762716656.0
2024-10-15,603993.SH,603993.SH,9.24898717468392,9.24898717468392,8.914686433430283,8.92582979147207,2150786.87,1746029249.0
2024-10-16,603993.SH,603993.SH,8.814392342391516,8.981542639655578,8.70295881088214,8.936969227051828,1362595.18,1084562319.0
2024-10-17,603993.SH,603993.SH,9.003832636697112,9.037262708368017,8.758678777777142,8.78096549222441,1207581.95,963629677.0
2024-10-18,603993.SH,603993.SH,8.81439186184918,9.014972207630828,8.725245041501779,8.914682034740004,1988286.98,1579619889.0
2024-10-21,603993.SH,603993.SH,9.037258912717679,9.404989546650704,8.970398797457129,9.271269316129604,3195435.55,2649023369.0
2024-10-22,603993.SH,603993.SH,9.159836494452247,9.304700088646745,8.992686193458592,9.282413381847592,1735912.87,1428160272.0
2024-10-23,603993.SH,603993.SH,9.204412175478359,9.248985600056947,8.981545052585421,9.137552038610476,2255176.59,1843832529.0
2024-10-24,603993.SH,603993.SH,9.026120502976134,9.037263861621783,8.836683406000091,8.936973633810938,1701600.81,1362666587.0
2024-10-25,603993.SH,603993.SH,8.925828719906983,8.936972076610987,8.780965082754934,8.825538509570949,1671147.15,1324731123.0
2024-10-28,603993.SH,603993.SH,8.792108439458937,8.825538509570949,8.64724480230689,8.825538509570949,1666839.96,1308056845.0
2024-10-29,603993.SH,603993.SH,8.825541090407278,8.870114530257819,8.502383651490849,8.535813731378756,3060163.24,2382930464.0
2024-10-30,603993.SH,603993.SH,8.558101601229666,8.758682107508488,8.535814878309798,8.624961769989273,1709335.34,1323331328.0
2024-10-31,603993.SH,603993.SH,8.63610385876003,8.63610385876003,8.446666741858198,8.468953461493708,1871295.06,1431171486.0
2024-11-01,603993.SH,603993.SH,8.46895303430816,9.070694434114268,8.368662801007142,8.836683889745226,4645775.02,3691860673.0
2024-11-04,603993.SH,603993.SH,8.948115368309155,9.026118864670504,8.747534949094256,8.914685298440006,2498256.3,1983600929.0
2024-11-05,603993.SH,603993.SH,8.892398585193908,9.182125857393208,8.836681802078656,9.115265717654907,2917544.73,2361159127.0
2024-11-06,603993.SH,603993.SH,9.14869589909352,9.338132963995578,9.048405688263017,9.137552542334573,2920644.46,2413358404.0
2024-11-07,603993.SH,603993.SH,8.858964918503231,9.104118664675648,8.691814637022038,9.059545256280662,2889317.09,2315996343.0
2024-11-08,603993.SH,603993.SH,9.22669587949132,9.371559462140338,9.014972181773524,9.026115534284987,2649700.84,2180011255.0
2024-11-11,603993.SH,603993.SH,8.925827390278494,8.959257455410622,8.69181693435359,8.825537194882106,2810829.94,2218430554.0
2024-11-12,603993.SH,603993.SH,8.725247272149687,8.892397603033782,8.480093453519684,8.558096941265594,3131696.57,2437559894.0
2024-11-13,603993.SH,603993.SH,8.46895080479339,8.624957793302743,8.446664092149199,8.546954299048068,1769396.47,1354863159.0
2024-11-14,603993.SH,603993.SH,8.480093830574182,8.502380542349673,8.279513424594766,8.290656780482513,2011448.55,1512244016.0
2024-11-15,603993.SH,603993.SH,8.290655357956954,8.502379083496177,8.257225296029707,8.31294206590845,1462023.25,1101095614.0
2024-11-18,603993.SH,603993.SH,8.268367778474706,8.446661423293568,8.168077603264097,8.246081072872348,1716236.09,1279332082.0
2024-11-19,603993.SH,603993.SH,8.402084492889685,8.52466132236155,8.290651011551626,8.513517974227744,1845656.72,1394765032.0
2024-11-20,603993.SH,603993.SH,8.524658768323729,8.535802113118923,8.424368665166979,8.480085389142952,1009003.79,767226200.0
2024-11-21,603993.SH,603993.SH,8.468942044347756,8.513515423528533,8.424368665166979,8.480085389142952,881980.66,670389150.0
2024-11-22,603993.SH,603993.SH,8.446653185397798,8.480083211197526,8.156926295133493,8.156926295133493,1324819.6,985948840.0
2024-11-25,603993.SH,603993.SH,8.190353031271533,8.290643068389144,8.045489644323872,8.101206331611435,1056268.8,773826639.0
2024-11-26,603993.SH,603993.SH,8.07891940180594,8.234926121289089,8.067776064700002,8.123492750229698,687244.78,501919641.0
2024-11-27,603993.SH,603993.SH,8.07892148240436,8.13463818228301,7.956344742671328,8.13463818228301,1219260.65,880041697.0
2024-11-28,603993.SH,603993.SH,8.078921030436724,8.12349438784603,7.9452009582088055,7.967487636913459,1140983.0,820486454.0
2024-11-29,603993.SH,603993.SH,7.967489059679109,8.19035588652328,7.87834232894144,8.11235249712782,1606559.33,1162695772.0
2024-12-02,603993.SH,603993.SH,8.246076385545784,8.424369929017043,8.223789692611875,8.335223157281414,1773595.36,1326914403.0
2024-12-03,603993.SH,603993.SH,8.357508147344683,8.379794835737602,8.257218049576547,8.312934770558844,1002022.95,747614854.0
2024-12-04,603993.SH,603993.SH,8.379795704918449,8.468942467736731,8.301792287452454,8.379795704918449,1307462.99,984684652.0
2024-12-05,603993.SH,603993.SH,8.3352206949177,8.346364038092725,8.190357233642391,8.21264391999244,1268281.7,938541372.0
2024-12-06,603993.SH,603993.SH,8.201498454596242,8.268358496345668,8.168068433721528,8.268358496345668,1309367.42,967444956.0
2024-12-09,603993.SH,603993.SH,8.268359548071917,8.324076256616877,8.168069472690991,8.234929522944942,1267602.27,937411653.0
2024-12-10,603993.SH,603993.SH,8.44665149730112,8.558084894363141,8.223784703177081,8.246071382589486,2000591.03,1498911687.0
2024-12-11,603993.SH,603993.SH,8.257218685758753,8.435512206638835,8.179215270373717,8.3575087912538,1778293.06,1330400914.0
2024-12-12,603993.SH,603993.SH,8.335222101143788,8.379795481363809,8.279505375868762,8.3575087912538,1390721.7,1039949933.0
2024-12-13,603993.SH,603993.SH,8.279508242733508,8.290651591647013,7.989781170982404,8.045497915549923,3308930.17,2395510179.0
2024-12-16,603993.SH,603993.SH,8.000927549699021,8.045500962232163,7.911780724632736,7.945210784032593,1409058.02,1007260315.0
2024-12-17,603993.SH,603993.SH,7.911781899649675,8.034358802320304,7.867208480496719,7.878351835284958,1323010.5,942706679.0
2024-12-18,603993.SH,603993.SH,7.911785238670649,7.945215317143905,7.778064924777624,7.7892082842687085,1547007.75,1089240024.0
2024-12-19,603993.SH,603993.SH,7.677772925988776,7.833779923033541,7.577482713602856,7.811493209170003,1260855.18,877702472.0
2024-12-20,603993.SH,603993.SH,7.789202799697543,7.822632854631866,7.599765821736373,7.633195876670697,1779103.12,1221890473.0
2024-12-23,603993.SH,603993.SH,7.644338287984307,7.733485090176544,7.622051587436248,7.700055039354456,1583747.3,1093328852.0
2024-12-24,603993.SH,603993.SH,7.7000518117205115,7.789198576545061,7.6554784293082365,7.789198576545062,1260613.67,874441893.0
2024-12-25,603993.SH,603993.SH,7.778056427565875,7.789199774883304,7.633192912439289,7.677766301709008,894601.47,616825554.0
2024-12-26,603993.SH,603993.SH,7.666620880542491,7.80034101217986,7.644334191936264,7.744624290664291,936208.36,650081879.0
2024-12-27,603993.SH,603993.SH,7.755767919269736,7.822627987539303,7.599761093307415,7.599761093307415,1877091.71,1291587480.0
2024-12-30,603993.SH,603993.SH,7.610906539120383,7.655479930271893,7.5440464523931166,7.588619843544627,1363041.1,928804212.0
2024-12-31,603993.SH,603993.SH,7.566332067064136,7.577475413260106,7.410325220320545,7.410325220320545,1720009.2,1154594228.0
2025-01-02,603993.SH,603993.SH,7.421470935070313,7.521761082841533,7.298894087794377,7.332324137051451,1846091.45,1230142674.0
2025-01-03,603993.SH,603993.SH,7.365751466310674,7.766911909256489,7.365751466310674,7.544044996508813,3284324.88,2243092889.0
2025-01-06,603993.SH,603993.SH,7.577471873357955,7.711191965240742,7.376891735533774,7.588615214348187,2040923.87,1390315521.0
2025-01-07,603993.SH,603993.SH,7.633189597513273,7.9563465293787985,7.599759570078909,7.844913104597583,2361999.27,1657579240.0
2025-01-08,603993.SH,603993.SH,7.844913827006848,7.844913827006848,7.6443336439299685,7.744623735468408,1624366.59,1128947307.0
2025-01-09,603993.SH,603993.SH,7.8003392728229795,7.8003392728229795,7.666619171003156,7.733479221913068,1084833.0,753512287.0
2025-01-10,603993.SH,603993.SH,7.76691045257808,7.889487231600116,7.6777637041984175,7.755767109030622,1701331.91,1191487956.0
2025-01-13,603993.SH,603993.SH,7.677760341028148,7.867197098353952,7.644330325029477,7.733477034359268,1757408.97,1225475987.0
2025-01-14,603993.SH,603993.SH,7.6889025890697384,7.856052645353863,7.633185903641696,7.856052645353862,2012171.36,1402615599.0
2025-01-15,603993.SH,603993.SH,7.8114760705308495,7.856049400462552,7.588609420872337,7.688899413218668,1989507.42,1374568795.0
2025-01-16,603993.SH,603993.SH,7.766906459961023,8.034346567621087,7.766906459961023,7.911769851610224,3055799.56,2174512882.0
2025-01-17,603993.SH,603993.SH,7.900628831013914,8.023205582976049,7.856055466664047,7.978632218626181,1599256.91,1139715119.0
2025-01-20,603993.SH,603993.SH,7.978633259809395,8.012063287434295,7.844913149309796,7.856056491851428,1591372.1,1127104086.0
2025-01-21,603993.SH,603993.SH,7.900630811881521,7.911774155762877,7.778054029186603,7.878344124118809,1071219.5,755638898.0
2025-01-22,603993.SH,603993.SH,7.8783464067332805,7.945206489392969,7.789199629853696,7.922919795173073,1535275.72,1085246998.0
2025-01-23,603993.SH,603993.SH,8.045493334335562,8.246073500565535,7.9340599086522445,7.956346593788909,2867619.0,2084155929.0
2025-01-24,603993.SH,603993.SH,7.989773465038942,8.16806687569532,7.989773465038942,8.123493523031225,1577428.28,1144443342.0
2025-01-27,603993.SH,603993.SH,8.123491155548997,8.17920783014124,8.067774480956754,8.067774480956754,1003474.11,730257306.0
2025-02-05,603993.SH,603993.SH,8.145781345445009,8.190354704380411,8.012061268638798,8.04549128784035,1864315.46,1353063045.0
2025-02-06,603993.SH,603993.SH,8.112350989631368,8.134637668174312,8.012060936188124,8.05663429327401,1572779.09,1136500853.0
2025-02-07,603993.SH,603993.SH,8.034349565457441,8.201499695113284,7.956346171618049,8.12349630127389,2594962.09,1881059513.0
2025-02-10,603993.SH,603993.SH,8.168070923291609,8.468941202867153,8.145784235915643,8.34636442229934,3541012.39,2646429049.0
2025-02-11,603993.SH,603993.SH,8.324075057326363,8.435508458361523,8.246071676601753,8.2795016969123,1897874.66,1418431627.0
2025-02-12,603993.SH,603993.SH,8.234924394125136,8.246067728893912,8.034344368287176,8.123491046437382,1975255.7,1439428475.0
2025-02-13,603993.SH,603993.SH,8.123492644132297,8.179209328934302,8.04548928540949,8.04548928540949,1421957.68,1034798934.0
2025-02-14,603993.SH,603993.SH,8.090059317651653,8.179205976799329,8.045485988077814,8.15691931201241,1668857.26,1214849209.0
2025-02-17,603993.SH,603993.SH,8.067771695671368,8.078915026742738,7.844905074243982,7.88947839852946,2575349.86,1824036318.0
2025-02-18,603993.SH,603993.SH,7.844905164675165,7.86719182707481,7.711185190277292,7.733471852676939,1483510.87,1038634740.0
2025-02-19,603993.SH,603993.SH,7.733473052698434,7.778046384414275,7.7000430539115525,7.755759718556353,1136261.06,788228782.0
2025-02-20,603993.SH,603993.SH,7.7334757309574975,7.755762404533743,7.666615710228758,7.722332394169374,1268774.31,878872986.0
2025-02-21,603993.SH,603993.SH,7.73347575334093,7.778049100622434,7.666615732418674,7.7000457428798015,1515544.22,1047967603.0
2025-02-24,603993.SH,603993.SH,7.688901039390358,7.7334743787491425,7.599754360672788,7.711187709069749,1447327.73,997088422.0
2025-02-25,603993.SH,603993.SH,7.677760063448154,7.688903401711505,7.521753327761255,7.544040004287954,1799819.75,1225641927.0
2025-02-26,603993.SH,603993.SH,7.566327884799485,7.711191305274291,7.5551845447629615,7.633187925018625,1500652.93,1027733567.0
2025-02-27,603993.SH,603993.SH,7.610898824318701,7.622042160811115,7.466035449917321,7.532895468871804,1629427.37,1099503921.0
2025-02-28,603993.SH,603993.SH,7.477182434912637,7.488325776842462,7.376892357544211,7.399179041403861,1566484.35,1045122221.0
2025-03-03,603993.SH,603993.SH,7.399177284922191,7.577470713474533,7.399177284922191,7.510610677767405,1467510.91,989752504.0
2025-03-04,603993.SH,603993.SH,7.466034373798682,7.577467722661348,7.443747704026148,7.566324387775082,1084264.26,732066909.0
2025-03-05,603993.SH,603993.SH,7.57746945085574,7.666616150277572,7.499466088861637,7.622042800566657,1324344.75,902857450.0
2025-03-06,603993.SH,603993.SH,7.722335015789375,7.956345167782993,7.722335015789375,7.90062846492737,3267717.65,2308742965.0
2025-03-07,603993.SH,603993.SH,7.900625564001201,8.134635630071758,7.8894822275216505,8.012058928796705,3038251.53,2197574071.0
2025-03-10,603993.SH,603993.SH,8.134636557066086,8.747520133283393,8.134636557066086,8.702946782285771,7472751.82,5657677117.0
2025-03-11,603993.SH,603993.SH,8.524649115968595,8.613795773390489,8.33521246894707,8.580365776857278,4958907.84,3774394673.0
2025-03-12,603993.SH,603993.SH,8.714085651271072,8.847805635689554,8.591508998887463,8.691798987201324,4136682.47,3240910975.0
2025-03-13,603993.SH,603993.SH,8.803236091493147,8.892382786090547,8.66951604959705,8.814379428317823,3288518.13,2591599216.0
2025-03-14,603993.SH,603993.SH,9.014957487837638,9.148677500018174,8.736374129128194,8.825520803915216,3989849.49,3176874907.0
2025-03-17,603993.SH,603993.SH,8.747516558170755,8.814376557341486,8.591509893439047,8.613796559829291,2514149.71,1952349103.0
2025-03-18,603993.SH,603993.SH,8.647230013904656,8.836666753899989,8.58036998802395,8.758663390372499,2597821.0,2034353374.0
2025-03-19,603993.SH,603993.SH,8.736374406100078,8.814377749011687,8.624941059083495,8.769804410205053,1588650.84,1244675022.0
2025-03-20,603993.SH,603993.SH,8.892384700588693,9.003818092826647,8.769807969126944,8.814381326022126,2334142.15,1858385477.0
2025-03-21,603993.SH,603993.SH,8.769808037999782,8.836668073867633,8.446651197971836,8.513511233839687,2130491.9,1645574656.0
2025-03-24,603993.SH,603993.SH,8.613798663711982,9.026102092634806,8.56922532004465,8.925812069383309,4326515.86,3441489103.0
2025-03-25,603993.SH,603993.SH,8.948098065679819,9.126391426888881,8.88123805522642,9.003814741057651,3074388.2,2485190424.0
2025-03-26,603993.SH,603993.SH,9.159823635982391,9.349260377845775,8.836666841038973,8.892383529822322,4234443.92,3455881966.0
2025-03-27,603993.SH,603993.SH,8.702942542619041,8.825519198148887,8.613795884051882,8.680655877977252,2667367.37,2080958601.0
2025-03-28,603993.SH,603993.SH,8.62493552476455,8.680652162521428,8.524645576802172,8.591505542110424,1682115.31,1298458791.0
2025-03-31,603993.SH,603993.SH,8.524647180781539,8.591507158670021,8.379783895356493,8.468930532541135,1760744.06,1339022975.0
2025-04-01,603993.SH,603993.SH,8.480072074558363,8.569218692950566,8.424355438063234,8.457785419960311,1314714.52,1000296245.0
2025-04-02,603993.SH,603993.SH,8.424356612774151,8.480073257038532,8.357496639656897,8.390926626215524,1214645.32,917211788.0
2025-04-03,603993.SH,603993.SH,8.179200289597988,8.223773588178904,8.023193744564784,8.056623718500472,2601767.49,1892012884.0
2025-04-07,603993.SH,603993.SH,7.2543048454936025,7.332308123402136,7.2543048454936025,7.254304845493602,2510792.18,1635430500.0
2025-04-08,603993.SH,603993.SH,7.25430445999914,7.25430445999914,6.775141492595203,6.920004715298719,5422425.4,3366228667.0
2025-04-09,603993.SH,603993.SH,6.763997045938015,6.897716921640249,6.5857038783350355,6.853143629739504,3927872.79,2380662124.0
2025-04-10,603993.SH,603993.SH,7.198588665889012,7.4437418402691335,7.098298730915326,7.332308579187261,4217053.98,2753404048.0
2025-04-11,603993.SH,603993.SH,7.310023701786528,7.421456989923518,7.220877071276937,7.343453688227625,2163368.16,1418147310.0
2025-04-14,603993.SH,603993.SH,7.4660298059960555,7.833759632261533,7.4660298059960555,7.66660971123177,3042532.63,2097084615.0
2025-04-15,603993.SH,603993.SH,7.6888956437082365,7.733468951787705,7.532889065430098,7.577462373509566,1739527.22,1184334440.0
2025-04-16,603993.SH,603993.SH,7.577461006147935,7.577461006147935,7.310021205930949,7.410311131012318,1919011.0,1271982445.0
2025-04-17,603993.SH,603993.SH,7.466029549697825,7.47717287738394,7.376882928208895,7.42145623895336,1285825.27,856382925.0
2025-04-18,603993.SH,603993.SH,7.421456172690359,7.499459465796715,7.37688286234387,7.488316138210092,1045470.05,699318069.0
2025-04-21,603993.SH,603993.SH,7.477173502153904,7.72232673173272,7.454886844919466,7.711183403115501,1543893.62,1054749449.0
2025-04-22,603993.SH,603993.SH,7.778040177178761,8.190343166513452,7.733466881034471,8.023193305972361,4383713.01,3151055171.0
2025-04-23,603993.SH,603993.SH,8.02319600284406,8.112342625097883,7.92290605280851,7.956336036153693,2278673.39,1633654985.0
2025-04-24,603993.SH,603993.SH,7.889479913627302,8.023199912163358,7.8449065807819505,7.867193247204626,1339693.09,951896129.0
2025-04-25,603993.SH,603993.SH,7.9674831343607595,8.023199799636009,7.889479802975409,7.945196468250659,1459253.03,1043543678.0
2025-04-28,603993.SH,603993.SH,8.023203206134246,8.05663321949314,7.911769828271271,7.978629854989057,1510040.71,1082488189.0
2025-04-29,603993.SH,603993.SH,7.97862940738009,8.023202756024672,7.911769384413217,7.945199395896653,851024.78,609253761.0
2025-04-30,603993.SH,603993.SH,7.911766762098718,7.967483429437443,7.833763427824506,7.86719342822774,1160221.69,820987510.0
2025-05-06,603993.SH,603993.SH,7.911768946192078,7.934055619279944,7.811478917296686,7.911768946192078,1444226.98,1022104522.0
2025-05-07,603993.SH,603993.SH,8.01206238213587,8.212642525221328,8.000919040853343,8.123495794961125,2773571.03,2015350051.0
2025-05-08,603993.SH,603993.SH,8.012061611100577,8.023204951310731,7.9563449100498085,7.9897749306802694,1601308.38,1147065797.0
2025-05-09,603993.SH,603993.SH,7.96748503629432,7.9786283720094175,7.889481686288642,7.900625022003739,1152275.83,819342633.0
2025-05-12,603993.SH,603993.SH,7.978625982804769,8.112345971343396,7.911765988535454,8.112345971343396,1929354.76,1393787116.0
2025-05-13,603993.SH,603993.SH,8.156921256738832,8.279497942290917,8.123491251588263,8.17920792683921,1634866.75,1204055028.0
2025-05-14,603993.SH,603993.SH,8.234924779185311,8.290641455634468,8.168064767446323,8.290641455634468,1310242.32,968313204.0
2025-05-15,603993.SH,603993.SH,8.257212443793163,8.268355780424464,8.090062394323667,8.145779077480165,1149039.16,841255038.0
2025-05-16,603993.SH,603993.SH,8.13463582975199,8.212639187023584,8.078919145986564,8.156922503258158,738348.65,539489400.0
2025-05-19,603993.SH,603993.SH,8.12348887753632,8.134632209329922,7.978625564219485,8.012055559600293,875064.63,629470189.0
2025-05-20,603993.SH,603993.SH,8.023200924821714,8.112347601764178,8.012057590203906,8.090060932528562,893462.68,646722824.0
2025-05-21,603993.SH,603993.SH,8.134634031745845,8.346357383257038,8.11234736316572,8.335214048966975,1807782.91,1339882804.0
2025-05-22,603993.SH,603993.SH,8.246064682053046,8.246064682053046,8.168061367493083,8.19034802879593,816933.94,601557922.0
2025-05-23,603993.SH,603993.SH,8.168057469870439,8.201487445872637,8.056624216529778,8.056624216529778,1336228.62,971913678.0
2025-05-26,603993.SH,603993.SH,8.145768708557236,8.357491835045044,8.145768708557236,8.257201933024504,1826200.41,1352945095.0
2025-05-27,603993.SH,603993.SH,8.223773122510188,8.268346418567154,7.967476670182635,8.000906642225358,1863748.6,1351003510.0
2025-05-28,603993.SH,603993.SH,8.000906398430418,8.11233963517736,8.000906398430418,8.045479693129195,806907.68,582504932.0
2025-05-29,603993.SH,603993.SH,8.000905075966552,8.156911581626067,7.98976175413373,8.090051650629132,924642.13,671118800.0
2025-05-30,603993.SH,603993.SH,8.05662544488745,8.078912098953529,7.934048847524017,8.023195463788332,1000040.15,718802825.0
2025-06-03,603993.SH,603993.SH,8.078914780750077,8.15691809587456,8.023198127089731,8.05662811928594,1232449.78,894996434.0
2025-06-04,603993.SH,603993.SH,8.112345663325591,8.379785630248412,8.101202331370473,8.223778982876766,2409168.37,1787483312.0
2025-06-05,603993.SH,603993.SH,8.212636550936514,8.301783216346951,8.101203219173467,8.134633218702382,1396326.03,1022148309.0
2025-06-06,603993.SH,603993.SH,8.223779667412424,8.468932990831224,8.212636334529753,8.45778965794855,3016455.28,2273218977.0
2025-06-09,603993.SH,603993.SH,8.40207050652158,8.43550049527432,8.268350551510627,8.357497188184597,1977177.16,1479556714.0
2025-06-10,603993.SH,603993.SH,8.43550049527432,8.457787154442812,8.301780540263366,8.357497188184597,1429113.16,1072703235.0000001
2025-06-11,603993.SH,603993.SH,8.346356557938597,8.64722655401916,8.324069891562258,8.613796554454654,2544284.78,1947337718.0
2025-06-12,603993.SH,603993.SH,8.546934265967634,8.769800870034587,8.51350427535759,8.736370879424543,1994988.5,1551507646.0
2025-06-13,603993.SH,603993.SH,8.74751792538614,8.836664604880522,8.65837124589176,8.814377935006926,2036825.1,1600596580.0
2025-06-16,603993.SH,603993.SH,8.792094233164141,8.892384281451184,8.691804184877096,8.7475208783699,1318481.26,1037973576.0
2025-06-17,603993.SH,603993.SH,8.747517858126118,8.792091197530581,8.702944518721653,8.714087853572769,846770.66,663646234.0
2025-06-18,603993.SH,603993.SH,8.725231188423885,8.758661192977234,8.613797839912726,8.714087853572769,1059047.77,826340240.0
2025-06-19,603993.SH,603993.SH,8.702948089736308,8.758664786853698,8.591514695501528,8.63608805319544,1057412.03,822507337.0
2025-06-20,603993.SH,603993.SH,8.658375010267804,8.803238427428013,8.613801651141587,8.66951835004936,1252985.78,978469762.0
2025-06-23,603993.SH,603993.SH,8.702944666483505,8.858951357047872,8.680657996402884,8.747518006644754,1223309.13,960902460.0
2025-06-24,603993.SH,603993.SH,8.780952018281893,8.94810212015274,8.780952018281893,8.792095358406614,1820347.2,1446937624.0
2025-06-25,603993.SH,603993.SH,8.803241251803595,8.847814625230448,8.769811221733455,8.836671281873734,1108336.77,876134780.0
2025-06-26,603993.SH,603993.SH,8.914676862082706,9.170973821867584,8.858960131694689,9.081827053246757,2141378.12,1738683676.0
2025-06-27,603993.SH,603993.SH,9.300251526227644,9.679619017408747,9.219779634158924,9.5416672024338,4021678.01,3332383707.0
2025-06-30,603993.SH,603993.SH,9.541668788934286,9.702612599831971,9.472692869978134,9.679620626846589,2008192.31,1679313998.0
2025-07-01,603993.SH,603993.SH,9.79457580141102,9.80607178239859,9.541664219684444,9.79457580141102,1572483.6,1322958163.0
2025-07-02,603993.SH,603993.SH,9.771588589511353,10.02450029418106,9.714108656631874,9.932532401573894,2189778.45,1890164564.0
2025-07-03,603993.SH,603993.SH,10.013006157582865,10.02450214628273,9.817574349685149,9.955526214083537,1435808.23,1236281216.0
2025-07-04,603993.SH,603993.SH,9.829068473854111,9.978516298602768,9.668124662586324,9.817572487334981,1941206.68,1658139744.0
2025-07-07,603993.SH,603993.SH,9.691111939691577,9.806071749177834,9.645128015897074,9.67961595874295,1157513.64,978715024.0
2025-07-08,603993.SH,603993.SH,9.760089928259399,9.863553779089004,9.679618044280817,9.817569845386956,1157872.27,985253949.0
2025-07-09,603993.SH,603993.SH,9.955522585227147,9.955522585227147,9.231275561128635,9.265763514657138,4386533.58,3583485584.0
2025-07-10,603993.SH,603993.SH,9.219782387109564,9.334742267248087,9.219782387109564,9.277262327178827,1840575.31,1487217563.0
2025-07-11,603993.SH,603993.SH,9.323248254109064,9.541672072639365,9.288760282762176,9.334744244558028,2211887.52,1810432917.0
2025-07-14,603993.SH,603993.SH,9.34624074270399,9.415216689144609,9.31175276948368,9.31175276948368,1574674.91,1279583894.0
2025-07-15,603993.SH,603993.SH,9.392224706997737,9.461200653438357,9.219784840896187,9.31175276948368,1652977.51,1342222779.0
2025-07-16,603993.SH,603993.SH,9.357740772258142,9.426716748466431,9.300260792084565,9.323252784153995,1011483.04,822712978.0
2025-07-17,603993.SH,603993.SH,9.3232536369608,9.346245631133332,9.254277654443213,9.300261642788271,1038755.6,838512616.0
2025-07-18,603993.SH,603993.SH,9.33474846293962,9.541676384531879,9.288764480363565,9.43821242373575,2172654.16,1781749252.0
2025-07-21,603993.SH,603993.SH,9.495691268634479,10.013011010872436,9.495691268634479,9.9210430566968,3268086.28,2782663638.0
2025-07-22,603993.SH,603993.SH,9.921041282735457,10.426864940256152,9.87505731386994,10.415368948039774,3591382.96,3183170422.0
2025-07-23,603993.SH,603993.SH,10.461347825713538,10.472843812335203,10.231428093280275,10.346387959496907,2286215.69,2060980724.0
2025-07-24,603993.SH,603993.SH,10.346383514217438,10.806222781515991,10.323391550852511,10.702758946373818,3181525.82,2927467515.0
2025-07-25,603993.SH,603993.SH,10.622288562408768,10.714256428749968,10.495832746189615,10.587800612530817,1818861.13,1680083428.0
2025-07-28,603993.SH,603993.SH,10.472839533381993,10.576303370704098,10.242919894888427,10.530319443005386,1881262.37,1711349556.0
2025-07-29,603993.SH,603993.SH,10.48433211498164,10.633779831532914,10.438348202196634,10.633779831532914,1453168.87,1333788754.0
2025-07-30,603993.SH,603993.SH,10.748742490567063,10.932678190940402,10.656774640380393,10.73724650929373,2137989.09,2006313932.0
2025-07-31,603993.SH,603993.SH,10.415354163819272,10.5877938022931,10.19693062175242,10.277402453040207,2467555.96,2225430611.0
2025-08-01,603993.SH,603993.SH,10.219919796643469,10.4038553610375,10.173935905544958,10.32338355161511,1408533.9,1265099254.0
2025-08-04,603993.SH,603993.SH,10.311883569899308,10.66825858736517,10.30038760159396,10.64526665075447,1881276.32,1715374432.0
2025-08-05,603993.SH,603993.SH,10.656763005339059,10.806210598725693,10.530307349396525,10.783218661281596,1712914.2,1593060561.0
2025-08-06,603993.SH,603993.SH,10.714239942246198,10.978647151121372,10.714239942246198,10.932663288708298,1532280.78,1448624314.0
2025-08-07,603993.SH,603993.SH,10.978642460876545,11.013130342952596,10.691243443576113,10.898170736032423,1275381.79,1201465902.0
2025-08-08,603993.SH,603993.SH,10.921164089700085,11.358010653288089,10.909668127500401,11.220059106891876,1935937.0,1879009982.0
2025-08-11,603993.SH,603993.SH,11.358015834946716,11.369511802390994,11.16258438839399,11.289040030281047,1624158.41,1591529165.0
2025-08-12,603993.SH,603993.SH,11.254552242207623,11.49596756098838,11.151088534158728,11.323528047573555,1178783.85,1162754768.0
2025-08-13,603993.SH,603993.SH,11.449984717891219,12.231710582164917,11.426992780706698,12.174230739203614,2903512.66,3004092260.0
2025-08-14,603993.SH,603993.SH,12.185723121743216,12.530602078018969,12.162731191324834,12.266194878207559,2705369.27,2903816126.0
2025-08-15,603993.SH,603993.SH,12.116746010842316,12.990439271586167,12.093754082928005,12.772015956400203,2982728.29,3300276002.0
2025-08-18,603993.SH,603993.SH,12.990440079719344,13.05941586775325,12.358162022741853,12.381153952086487,3655856.61,3995498091.0
2025-08-19,603993.SH,603993.SH,12.38115344999361,12.703040447765032,12.38115344999361,12.473121163642586,2430296.86,2645447371.0
2025-08-20,603993.SH,603993.SH,12.277694761701932,12.680053672431864,12.266198792823934,12.58808592140788,1783167.29,1941743601.0
2025-08-21,603993.SH,603993.SH,12.668561941678957,12.93296931432743,12.611082078059725,12.714545832574343,1803324.65,2002063869.0
2025-08-22,603993.SH,603993.SH,12.74903634415869,12.93297194515647,12.611084643410356,12.772028294283412,1826151.55,2023827963.0
2025-08-25,603993.SH,603993.SH,13.059430903267009,13.887141312629003,12.990455035820178,13.887141312629003,4023736.87,4748637686.0
2025-08-26,603993.SH,603993.SH,13.806675608664268,14.03659526909165,13.542267999172779,13.852659540749745,2388547.58,2872407545.0
2025-08-27,603993.SH,603993.SH,13.92163211004967,13.979112011412386,13.461792899147948,13.461792899147948,2396152.39,2859804207.0
2025-08-28,603993.SH,603993.SH,13.404318761865865,13.64573445140204,13.185895042761704,13.634238466186034,2303687.65,2690163227.0
2025-08-29,603993.SH,603993.SH,13.749204703491618,14.427468146222392,13.634244797944028,14.20904432568197,2552835.23,3117970310.0
2025-09-01,603993.SH,603993.SH,14.484945529604058,15.600056415613262,14.059593954528385,15.554072461551025,3692156.74,4792833885.0
2025-09-02,603993.SH,603993.SH,15.634546666382775,16.209346176176258,15.347146911486032,15.887458450691907,4348375.59,5949051734.0
2025-09-03,603993.SH,603993.SH,16.059898515408833,16.209346389925877,15.174707258654012,15.692026824289947,3421301.92,4653620377.0
2025-09-04,603993.SH,603993.SH,15.63454153116804,15.82997330030764,14.128567310151118,14.301007106450765,5285599.44,6747305883.0
2025-09-05,603993.SH,603993.SH,14.140056588261997,14.910287312988464,14.128560607295928,14.829815446225997,3269343.98,4159621429.0
2025-09-08,603993.SH,603993.SH,14.944771921594175,15.059731705606437,14.289501152724275,14.427452893538991,2898123.82,3679728183.0
2025-09-09,603993.SH,603993.SH,14.358470745578083,14.84130162733491,14.266502958576782,14.461934505954547,2654531.76,3355146804.0
2025-09-10,603993.SH,603993.SH,14.197532656609766,14.496428080959445,14.071076900154134,14.381468302363416,1830569.21,2277684943.0
2025-09-11,603993.SH,603993.SH,14.4389528454455,14.944776034298688,14.36997695605643,14.944776034298688,2464969.35,3155704096.0
2025-09-12,603993.SH,603993.SH,15.059740338691059,15.783987393147195,14.956276473768755,15.42761185841481,3290166.64,4412592114.0
2025-09-15,603993.SH,603993.SH,15.439109323710149,15.577061156833397,15.255173546212484,15.347141434961317,1821979.83,2444292749.0
2025-09-16,603993.SH,603993.SH,15.600057812639326,15.669033749909655,14.588410732674506,14.93329041902615,3080805.52,3988701013.0
2025-09-17,603993.SH,603993.SH,14.772341106551691,14.852813003630184,14.542421400613145,14.714861180067055,2353028.41,2997447388.0
2025-09-18,603993.SH,603993.SH,14.484933985951978,14.668869655614861,14.105566667272283,14.232022440165515,2664212.67,3324410624.0
2025-09-19,603993.SH,603993.SH,14.2320251477765,14.576904594006947,14.2320251477765,14.381472907809695,1685894.27,2112604859.0000002
2025-09-22,603993.SH,603993.SH,14.921780952566898,14.967764869215793,14.415957869429036,14.611389515186847,1948296.34,2480991968.0
2025-09-23,603993.SH,603993.SH,14.657371336252801,14.967762729255801,14.105564415358577,14.39296385332432,1982045.52,2493001286.0
2025-09-24,603993.SH,603993.SH,14.32398485554956,14.599888255656452,14.186033155496112,14.507920455620821,1486347.76,1863107563.0
2025-09-25,603993.SH,603993.SH,15.749483916580072,15.956411442491346,15.496572496021853,15.944915468829606,6475525.86,8927625187.0
2025-09-26,603993.SH,603993.SH,15.70349787123638,16.3932561964737,15.669009954974513,15.864441480458423,3944698.72,5503625153.0
2025-09-29,603993.SH,603993.SH,15.979402068598679,17.094511421587217,15.772474559796683,16.945063776341332,3897719.29,5570229022.0
2025-09-30,603993.SH,603993.SH,17.25545664419174,18.22111844173478,16.94506535212433,18.048678835030664,3698879.7,5700787501.0
2025-10-09,603993.SH,603993.SH,18.818909078309044,19.85354671853373,18.393558048438894,19.85354671853373,3944931.74,6621689414.0
2025-10-10,603993.SH,603993.SH,19.646621904824343,20.692755663360924,18.853399604395506,19.22127081618859,4525347.2,7723915351.0
2025-10-13,603993.SH,603993.SH,17.830249522694466,19.888028158775903,17.830249522694466,19.819052338572053,4142808.09,6811229444.0
2025-10-14,603993.SH,603993.SH,20.462820218710327,20.47431618512533,18.048667271559108,18.40504223042429,4393582.65,7335796050.0
2025-10-15,603993.SH,603993.SH,18.68094013278615,18.77290783805525,17.795750969571056,18.749915911737975,3053893.44,4857728171.0
2025-10-16,603993.SH,603993.SH,18.50850775871895,18.588979531582947,17.887725510910983,18.048669056638975,2434263.65,3854945657.0
2025-10-17,603993.SH,603993.SH,18.083161047242694,18.221112689052553,17.243955226232703,17.289939106835988,2939693.79,4488875183.0
2025-10-20,603993.SH,603993.SH,17.289934712834253,17.646309696941874,17.14048713885364,17.3704064834392,2089014.13,3155084647.0
2025-10-21,603993.SH,603993.SH,17.5313559478625,18.209618243550295,17.381908323388917,17.76127537012955,2157255.95,3350499493.0
2025-10-22,603993.SH,603993.SH,17.071512983753813,17.96819851421361,16.933561363683076,17.864734799160555,2008256.32,3079018026.0
2025-10-23,603993.SH,603993.SH,17.830246490439166,18.370556990149446,17.531351320386673,18.278589245517907,2216680.15,3471769604.0
2025-10-24,603993.SH,603993.SH,18.66945371784395,19.37070782916691,18.600477903615463,19.29023604590034,3292176.66,5450374243.0
2025-10-27,603993.SH,603993.SH,20.106443498198892,20.485810356655477,19.543141193217906,19.876524190043387,3986409.37,6923570720.0
2025-10-28,603993.SH,603993.SH,19.853530742062386,19.94549845829661,19.152276905776453,19.25574058653995,2809204.43,4759873154.0
2025-10-29,603993.SH,603993.SH,19.520144155871158,20.186909975094082,19.46266434386918,20.175414012693686,2838427.3,4910869408.0
2025-10-30,603993.SH,603993.SH,19.991478557493387,20.87666765980908,19.81903912197734,20.23289376721585,3084342.78,5466747987.0
2025-10-31,603993.SH,603993.SH,20.22140160229371,20.278881424926723,19.474163908064554,19.589123553330577,2029173.45,3495596152.0
2025-11-03,603993.SH,603993.SH,19.370705244537653,19.5431447571003,18.27858833164087,18.818898804337174,2739890.67,4463301023.0
2025-11-04,603993.SH,603993.SH,18.565985725201987,18.7384252211017,17.887723707996468,18.083155136682805,2065628.04,3278521498.0
2025-11-05,603993.SH,603993.SH,17.588828459625667,18.382050135255845,17.35890913335605,18.20961064055363,2144362.22,3349000258.0
2025-11-06,603993.SH,603993.SH,18.278588909408185,19.08330666013685,18.278588909408185,19.04881875653419,2159989.06,3533713533.0
2025-11-07,603993.SH,603993.SH,18.96833749728783,19.290224436635746,18.62345863370078,19.014321345766103,1622705.49,2686240749.0
2025-11-10,603993.SH,603993.SH,19.290218753330016,19.497146010517106,18.623453146838273,18.807388486560132,1716326.25,2835751508.0
2025-11-11,603993.SH,603993.SH,18.991327174224864,19.11778274257624,18.39353721474563,18.519992783097006,1354176.11,2190245418.0
2025-11-12,603993.SH,603993.SH,18.382044889240845,18.876371299645697,18.17511755465277,18.48550855653488,1664533.81,2680835429.0
2025-11-13,603993.SH,603993.SH,18.657953674750228,19.681094695731602,18.611969808638705,19.359207632950945,3051506.63,5123312827.0
2025-11-14,603993.SH,603993.SH,19.094799355895724,19.62361378718483,18.623464754094563,19.290230776154743,1985143.19,3322199924.0
2025-11-17,603993.SH,603993.SH,18.96834713468766,19.140786654093912,18.32457292890432,18.451028576468907,2298670.39,3732508300.0
2025-11-18,603993.SH,603993.SH,18.278581421405274,18.35905316351209,17.623311521392633,17.887718674029312,1954405.26,3052045696.0
2025-11-19,603993.SH,603993.SH,17.876230545789966,18.45102895562244,17.818750704806718,18.2555974962794,1665885.0,2629983593.0
2025-11-20,603993.SH,603993.SH,18.34755613197853,18.53149153179786,18.106140919715653,18.152124769670486,1113537.76,1772966633.0
2025-11-21,603993.SH,603993.SH,17.703783072315947,17.910710406927432,17.347408218262835,17.450871885568578,1621849.16,2482279201.0
2025-11-24,603993.SH,603993.SH,17.60032034522271,17.86472750912873,17.324417217668596,17.64630419981506,1627371.1,2496056425.0
2025-11-25,603993.SH,603993.SH,18.048665018295036,18.54299151242668,17.991185193396007,18.35905607274979,1955349.22,3122972271.0
2025-11-26,603993.SH,603993.SH,18.48550847165015,18.65794791634838,18.232597286092748,18.37054884185133,1532232.76,2460971923.0
2025-11-27,603993.SH,603993.SH,18.497010859294896,19.025825340045404,18.301579420756667,18.336067321675177,1654282.4,2685802354.0
2025-11-28,603993.SH,603993.SH,18.336069863643843,18.772916669172663,18.152134366579077,18.657956983507187,1480675.41,2391416349.0
2025-12-01,603993.SH,603993.SH,19.497159903556224,20.313373555179155,19.428184102010622,19.87652681205702,3773753.09,6511515768.0
2025-12-02,603993.SH,603993.SH,19.761560980976085,19.956992357751297,19.520145750841994,19.761560980976085,1693164.73,2904714636.0
2025-12-03,603993.SH,603993.SH,19.715585911231308,20.45132789275831,19.600626226617717,20.255896428915204,2491577.68,4359239162.0
2025-12-04,603993.SH,603993.SH,21.15258128351031,21.451476453820785,20.45132723008959,20.577782879067097,2902053.13,5285675042.0
2025-12-05,603993.SH,603993.SH,20.554785363412996,21.325015016292568,20.543289398444646,21.175567471703996,2424911.8,4437320652.0
2025-12-08,603993.SH,603993.SH,21.18706384476988,21.589422626412283,20.6352575156603,21.485958939704236,2512071.13,4618292293.0
2025-12-09,603993.SH,603993.SH,21.141084139949548,21.141084139949548,20.014479329881546,20.175422874176974,2693058.97,4781296677.0
2025-12-10,603993.SH,603993.SH,20.17541474907758,20.45131785675727,19.991479343957785,20.267382451637477,1575980.78,2775300929.0
2025-12-11,603993.SH,603993.SH,20.49729455863473,20.865165240561996,19.97997641217452,20.071944082656337,2077524.55,3683758393.0
2025-12-12,603993.SH,603993.SH,20.52028948776481,20.612257171743586,19.991475304886833,20.20989855433643,2604229.18,4585710567.0
2025-12-15,603993.SH,603993.SH,19.658092691667356,21.060599889552392,19.658092691667356,20.612257424654715,2545166.17,4580819759.0
2025-12-16,603993.SH,603993.SH,20.692732389013692,21.09509107435563,20.03746253002826,20.117934267096647,2129179.78,3793769754.0
2025-12-17,603993.SH,603993.SH,20.244381418755953,20.957130792954064,20.19839758816253,20.692723767041862,1906925.37,3419904180.0
2025-12-18,603993.SH,603993.SH,20.577766491035007,21.095084643044267,20.462806901699615,20.56627053210147,1419404.84,2556296480.0
2025-12-19,603993.SH,603993.SH,20.63525311916117,21.106587591520842,20.18691057228246,21.106587591520842,2123764.36,3841957936.0
2025-12-22,603993.SH,603993.SH,21.267526455450103,21.692876984559106,21.118078972249645,21.405477978404374,2035653.76,3797410242.0
2025-12-23,603993.SH,603993.SH,21.520446189041298,21.968788817979657,21.060607595258364,21.325014786683553,2121678.06,3964914800.0
2025-12-24,603993.SH,603993.SH,21.55493223732799,21.658395912067164,21.095093682931658,21.47446049030863,1629961.8,3025114726.0
2025-12-25,603993.SH,603993.SH,21.210060444479133,21.55493947609668,20.934157219185096,21.497459637493755,1384391.46,2561003435.0
2025-12-26,603993.SH,603993.SH,21.888328081341115,22.98044529128198,21.81935225755538,22.704541996139028,2584064.53,5061761233.0
2025-12-29,603993.SH,603993.SH,23.0609082302088,23.175867892373354,21.589424554502557,21.704384216667105,3392633.45,6567976932.0
2025-12-30,603993.SH,603993.SH,21.003124079818345,22.474607321316295,20.934148302873133,22.440119432843687,2322145.23,4449207630.0
2025-12-31,603993.SH,603993.SH,22.42861988143973,23.5322321359852,22.279172388636695,22.991921969697312,2503816.67,5017376582.0
