ts_code,trade_date,open,high,low,close,pre_close,change,pct_chg,vol,amount,daily_return,return_5d,return_20d,ma5,ma20,ma5_gap,ma20_gap,rsi14,atr14_pct,volatility20,volume_ratio20,intraday_range,future_return_3d,label_end_date,Label,Split
000001.SZ,2024-01-02,9.39,9.42,9.21,9.21,9.39,-0.18,-1.9169,1158366.45,1075742.252,,,,,,,,,,,,0.02280130293159599,0.006514657980455807,2024-01-05,1,not_labeled
000001.SZ,2024-01-03,9.19,9.22,9.15,9.2,9.21,-0.01,-0.1086,733610.31,673673.614,-0.0010857763300762269,,,,,,,,,,,0.007608695652173945,-0.005434782608695565,2024-01-08,0,not_labeled
000001.SZ,2024-01-04,9.19,9.19,9.08,9.11,9.2,-0.09,-0.9783,864193.99,787470.082,-0.009782608695652173,,,,,,,,,,,0.012074643249176667,0.007683863885839859,2024-01-09,1,not_labeled
000001.SZ,2024-01-05,9.1,9.44,9.07,9.27,9.11,0.16,1.7563,1991622.16,1852659.692,0.01756311745334793,,,,,,,,,,,0.03991370010787478,-0.01941747572815533,2024-01-10,0,not_labeled
000001.SZ,2024-01-08,9.23,9.3,9.11,9.15,9.27,-0.12,-1.2945,1121156.19,1029006.549,-0.012944983818770184,,,9.187999999999999,,-0.004135829342620689,,,,,,0.02076502732240451,0.002185792349726823,2024-01-11,1,not_labeled
000001.SZ,2024-01-09,9.16,9.19,9.09,9.18,9.15,0.03,0.3279,766193.88,700375.72,0.003278688524590123,-0.0032573289902281255,,9.181999999999999,,-0.00021781746896087917,,,,,,0.010893246187363797,0.0010893246187364536,2024-01-12,1,not_labeled
000001.SZ,2024-01-10,9.16,9.19,9.09,9.09,9.18,-0.09,-0.9804,858620.91,783771.15,-0.009803921568627416,-0.011956521739130421,,9.16,,-0.007641921397379958,,,,,,0.011001100110010962,0.013201320132013361,2024-01-15,1,not_labeled
000001.SZ,2024-01-11,9.08,9.22,9.03,9.17,9.09,0.08,0.8801,934686.37,853890.237,0.008800880088008833,0.00658616904500553,,9.172,,-0.0002180549498473905,,,,,,0.020719738276990324,0.018538713195201728,2024-01-16,1,not_labeled
000001.SZ,2024-01-12,9.13,9.27,9.11,9.19,9.17,0.02,0.2181,772582.15,711018.266,0.0021810250817884125,-0.008629989212513456,,9.156,,0.003713411970292624,,,,,,0.0174102285092492,0.0043525571273124175,2024-01-17,1,not_labeled
000001.SZ,2024-01-15,9.16,9.29,9.13,9.21,9.19,0.02,0.2176,745132.66,685950.951,0.0021762785636563198,0.006557377049180468,,9.168000000000001,,0.0045811518324607725,,,,,,0.01737242128121589,-0.0010857763300762269,2024-01-18,0,not_labeled
000001.SZ,2024-01-16,9.19,9.35,9.16,9.34,9.21,0.13,1.4115,1438312.58,1334465.409,0.01411509229098784,0.017429193899782147,,9.2,,0.01521739130434785,,,,,,0.02034261241970016,-0.018201284796573902,2024-01-19,0,not_labeled
000001.SZ,2024-01-17,9.33,9.39,9.23,9.23,9.34,-0.11,-1.1777,1482296.21,1380725.065,-0.011777301927194839,0.015401540154015514,,9.228,,0.00021673168617253324,,,,,,0.017334777898158193,-0.014084507042253613,2024-01-22,0,not_labeled
000001.SZ,2024-01-18,9.21,9.24,9.0,9.2,9.23,-0.03,-0.325,1755132.47,1597853.727,-0.003250270855904791,0.0032715376226826187,,9.233999999999998,,-0.0036820446177170396,,,,,,0.026086956521739157,-0.004347826086956386,2024-01-23,0,not_labeled
000001.SZ,2024-01-19,9.16,9.2,9.1,9.17,9.2,-0.03,-0.3261,963981.42,881865.024,-0.003260869565217317,-0.0021762785636560977,,9.23,,-0.00650054171180936,,,0.01991406248868759,,,0.010905125408942165,0.017448200654307522,2024-01-24,1,not_labeled
000001.SZ,2024-01-22,9.16,9.26,9.04,9.1,9.17,-0.07,-0.7634,1580319.66,1449858.242,-0.007633587786259555,-0.011943539630836164,,9.208,,-0.011728931364031303,,0.3859011043008075,0.020360717341259407,,,0.024175824175824246,0.04395604395604402,2024-01-25,1,not_labeled
000001.SZ,2024-01-23,9.05,9.18,8.96,9.16,9.1,0.06,0.6593,1135544.58,1030898.421,0.00659340659340657,-0.01927194860813697,,9.172,,-0.001308329699084232,,0.4401932493448303,0.02049807284366022,,,0.024017467248908173,0.05021834061135366,2024-01-26,1,not_labeled
000001.SZ,2024-01-24,9.23,9.34,9.07,9.33,9.16,0.17,1.8559,1759123.16,1620099.272,0.018558951965065518,0.010834236186348933,,9.191999999999998,,0.015013054830287365,,0.5591247195457636,0.02075417634529979,,,0.02893890675241153,0.03965702036441576,2024-01-29,1,not_labeled
000001.SZ,2024-01-25,9.33,9.54,9.27,9.5,9.33,0.17,1.8221,2162513.95,2037648.413,0.018220793140407254,0.03260869565217406,,9.252,,0.026805015131863286,,0.6412128277290691,0.020956947736251213,,,0.028421052631578902,0.0,2024-01-30,0,not_labeled
000001.SZ,2024-01-26,9.47,9.67,9.44,9.62,9.5,0.12,1.2632,2272287.06,2172799.799,0.012631578947368327,0.049073064340239725,,9.342,,0.029758081781203094,,0.6856992000632429,0.020925030037325702,,,0.023908523908523955,-0.01663201663201641,2024-01-31,0,not_labeled
000001.SZ,2024-01-29,9.69,9.88,9.58,9.7,9.62,0.08,0.8316,2376251.84,2312173.346,0.008316008316008316,0.06593406593406592,,9.462,9.256499999999999,0.025153244557176047,0.04791227785880192,0.7113909374195571,0.02147926551154605,,1.7685756228581737,0.030927835051546466,-0.02989690721649474,2024-02-01,0,train
000001.SZ,2024-01-30,9.61,9.7,9.49,9.5,9.7,-0.2,-2.0619,1579122.14,1515156.604,-0.020618556701030855,0.037117903930131035,0.03148751357220414,9.53,9.270999999999999,-0.0031479538300104304,0.024700679538345538,0.5830710044134336,0.02194387504515756,0.011193275937396677,1.157176156024985,0.02210526315789464,-0.02421052631578957,2024-02-02,0,train
000001.SZ,2024-01-31,9.46,9.56,9.38,9.46,9.5,-0.04,-0.4211,1357217.47,1286857.397,-0.004210526315789331,0.01393354769560573,0.02826086956521756,9.556,9.284,-0.010046044370029095,0.018957345971563955,0.561265370217276,0.021821719783124117,0.011251524325894513,0.9723479937163644,0.019027484143763183,-0.008456659619450302,2024-02-05,0,train
000001.SZ,2024-02-01,9.41,9.48,9.34,9.41,9.46,-0.05,-0.5285,1055259.87,993481.907,-0.005285412262156508,-0.0094736842105263,0.03293084522502743,9.538,9.299,-0.013420004193751334,0.011936767394343573,0.5343637190150169,0.021433392279707034,0.011068085065488318,0.7508780566859089,0.01487778958554735,0.028692879914983926,2024-02-06,1,train
000001.SZ,2024-02-02,9.42,9.47,9.07,9.27,9.41,-0.14,-1.4878,1634214.31,1520605.695,-0.014877789585547307,-0.0363825363825363,0.0,9.468,9.299000000000001,-0.020912547528517123,-0.003118614904828676,0.46688547560818444,0.02328515085203084,0.010998818036603727,1.1778142850402253,0.04314994606256746,0.03667745415318224,2024-02-07,1,train
000001.SZ,2024-02-05,9.19,9.43,9.11,9.38,9.27,0.11,1.1866,1803591.9,1674566.499,0.011866235167206085,-0.03298969072164937,0.025136612021857907,9.404,9.310500000000001,-0.002552105487026668,0.007464690403307994,0.518349972016915,0.023805159375405394,0.010860327321439725,1.2686884522758912,0.03411513859275056,0.030916844349680117,2024-02-08,1,train
000001.SZ,2024-02-06,9.3,9.68,9.29,9.68,9.38,0.3,3.1983,1995409.54,1900324.218,0.03198294243070343,0.0189473684210526,0.05446623093681913,9.440000000000001,9.3355,0.025423728813559254,0.036902147715708766,0.6247460726979924,0.024297529030673958,0.012757754122542509,1.345449687934487,0.04028925619834717,0.013429752066115741,2024-02-19,1,train
000001.SZ,2024-02-07,9.62,9.67,9.48,9.61,9.68,-0.07,-0.7231,2062014.97,1975435.102,-0.00723140495867769,0.01585623678646919,0.057205720572057084,9.47,9.3615,0.014783526927138135,0.026544891310153362,0.5918913659293878,0.024212881323175343,0.012643126920700739,1.336151206956111,0.019771071800208068,0.021852237252861784,2024-02-20,1,train
000001.SZ,2024-02-08,9.58,9.67,9.52,9.67,9.61,0.06,0.6243,1656813.84,1593505.69,0.00624349635796051,0.02763018065887346,0.05452562704471098,9.522,9.3865,0.015542953161100659,0.03020295104671611,0.6107852499354799,0.023451878148207237,0.01259528696568095,1.0490438803126685,0.015511892450879044,0.11685625646328868,2024-02-21,1,train
000001.SZ,2024-02-19,9.76,9.81,9.65,9.81,9.67,0.14,1.4478,1605242.65,1564088.445,0.014477766287487093,0.058252427184466216,0.0674646354733408,9.63,9.4175,0.01869158878504673,0.04167772763472266,0.6513456323151149,0.0226309567643158,0.012850682780180778,0.9902858915806388,0.016309887869520912,0.11111111111111116,2024-02-22,1,train
000001.SZ,2024-02-20,9.79,9.84,9.73,9.82,9.81,0.01,0.1019,1123563.98,1098987.813,0.0010193679918450993,0.04690831556503183,0.0662323561346363,9.718,9.448,0.010495986828565673,0.03937341236240477,0.6541182946925858,0.021793176579525703,0.01285844570835436,0.6851373027218776,0.011201629327902182,0.10488798370672092,2024-02-23,1,train
000001.SZ,2024-02-21,9.78,10.8,9.77,10.8,9.82,0.98,9.9796,5055284.6,5295259.397,0.0997963340122201,0.11570247933884303,0.15631691648822277,9.942,9.520999999999999,0.08630054315027169,0.1343346287154712,0.8119483654300503,0.025212413506231827,0.024632634737738232,2.7764705926549107,0.09537037037037047,-0.025000000000000133,2024-02-26,0,train
000001.SZ,2024-02-22,10.65,10.91,10.62,10.9,10.8,0.1,0.9259,4922325.12,5307736.374,0.0092592592592593,0.13423517169614985,0.18093174431202597,10.2,9.6045,0.06862745098039236,0.1348846894684783,0.8209277989420749,0.025097135362221166,0.02422953106671516,2.470103437177509,0.026605504587156048,-0.03669724770642202,2024-02-27,0,train
000001.SZ,2024-02-23,10.88,11.24,10.84,10.85,10.9,-0.05,-0.4587,3567479.5,3917316.282,-0.004587155963302836,0.12202688728024813,0.17934782608695654,10.436,9.687,0.0396703717899578,0.12005780943532574,0.8003496515174003,0.026045188155541407,0.02426403328265271,1.712353383032957,0.03686635944700464,-0.03317972350230414,2024-02-28,0,train
000001.SZ,2024-02-26,10.78,10.88,10.5,10.53,10.85,-0.32,-2.9493,2862608.88,3048205.025,-0.029493087557603714,0.07339449541284382,0.14830970556161382,10.580000000000002,9.754999999999999,-0.004725897920605182,0.07944643772424409,0.6824443781103899,0.02749744803513171,0.025543026313453062,1.314142432190182,0.03608736942070283,0.005698005698005826,2024-02-29,1,train
000001.SZ,2024-02-27,10.49,10.6,10.46,10.5,10.53,-0.03,-0.2849,1981904.92,2083027.074,-0.002849002849002802,0.06924643584521384,0.15384615384615397,10.716,9.825,-0.02015677491601342,0.06870229007633588,0.6724428851833593,0.026558677969586247,0.025424628052669,0.9015261529403938,0.013333333333333218,-0.0009523809523809268,2024-03-01,0,train
000001.SZ,2024-02-28,10.51,10.7,10.4,10.49,10.5,-0.01,-0.0952,3082692.65,3253340.358,-0.0009523809523809268,-0.028703703703703787,0.14519650655021832,10.654,9.8915,-0.01539327951942926,0.06050649547591358,0.6689237365703576,0.02672790101354025,0.025491044669571063,1.3427846513607358,0.02859866539561477,-0.015252621544327938,2024-03-04,0,train
000001.SZ,2024-02-29,10.42,10.59,10.41,10.59,10.49,0.1,0.9533,1845344.23,1936020.983,0.009532888465204836,-0.028440366972477094,0.135048231511254,10.592,9.9545,-0.00018882175226597742,0.06384047415741634,0.6865874985363927,0.025798488204616783,0.02536399654430591,0.8023036354342863,0.016997167138810172,-0.01510859301227574,2024-03-05,0,train
000001.SZ,2024-03-01,10.59,10.6,10.43,10.49,10.59,-0.1,-0.9443,1828102.9,1917689.307,-0.009442870632672351,-0.03317972350230414,0.10421052631578953,10.52,10.004,-0.002851711026615855,0.04858056777289099,0.6492819710048596,0.025341671463499877,0.02545009567966945,0.8006278553886381,0.01620591039084842,-0.015252621544327938,2024-03-06,0,train
000001.SZ,2024-03-04,10.45,10.5,10.32,10.33,10.49,-0.16,-1.5253,1655929.54,1719562.862,-0.015252621544327938,-0.018993352326685642,0.07380457380457384,10.48,10.0395,-0.014312977099236623,0.028935703969321214,0.5936982368799039,0.025140670290952,0.025770866878639935,0.7351457320892858,0.017424975798644698,0.004840271055179146,2024-03-07,1,train
000001.SZ,2024-03-05,10.3,10.47,10.26,10.43,10.33,0.1,0.9681,1817319.07,1889144.33,0.00968054211035807,-0.00666666666666671,0.07525773195876284,10.466,10.076,-0.0034397095356392127,0.035132989281460913,0.6158341688385425,0.024559242661087145,0.025784310983635858,0.8169297217798791,0.020134228187919545,-0.004793863854266389,2024-03-08,0,train
000001.SZ,2024-03-06,10.4,10.45,10.33,10.33,10.43,-0.1,-0.9588,1345640.16,1396940.06,-0.009587727708533,-0.015252621544327938,0.08736842105263154,10.434000000000001,10.1175,-0.009967414222733506,0.02100321225599222,0.5817041929198045,0.02385553666447798,0.025367422009171896,0.6080895535897055,0.01161665053242974,0.013552758954501476,2024-03-11,1,train
000001.SZ,2024-03-07,10.33,10.64,10.33,10.38,10.33,0.05,0.484,2016165.89,2109589.237,0.004840271055179146,-0.019830028328611804,0.09725158562367864,10.392,10.163499999999999,-0.0011547344110853786,0.02130171692822369,0.5938252313933261,0.02417808986149703,0.025288523324769503,0.8977313695141189,0.02986512524084783,0.01734104046242768,2024-03-12,1,train
000001.SZ,2024-03-08,10.35,10.44,10.3,10.38,10.38,0.0,0.0,1113974.28,1154491.251,0.0,-0.010486177311725409,0.10308182784272057,10.370000000000001,10.212,0.0009643201542912649,0.016451233842538215,0.5938252313933261,0.023414474579620207,0.02520759457516132,0.49536802713496075,0.013487475915221463,-0.004816955684007751,2024-03-13,0,train
000001.SZ,2024-03-11,10.38,10.47,10.34,10.47,10.38,0.09,0.8671,1210672.98,1260212.02,0.00867052023121384,0.013552758954501476,0.12944983818770228,10.398,10.272,0.006924408540103899,0.01927570093457942,0.6169940410285055,0.022442005729116875,0.024787755312721538,0.5434866055731052,0.012416427889207333,-0.022922636103151928,2024-03-14,0,train
000001.SZ,2024-03-12,10.48,10.59,10.41,10.56,10.47,0.09,0.8596,1641262.37,1721999.708,0.008595988538681931,0.012464046021092967,0.12579957356076754,10.424000000000001,10.331,0.01304681504221028,0.022166295615138942,0.6391601736834005,0.021878932628450337,0.024761921849587632,0.7394780522368437,0.017045454545454516,0.0037878787878786735,2024-03-15,1,train
000001.SZ,2024-03-13,10.53,10.55,10.3,10.33,10.56,-0.23,-2.178,1768039.11,1834654.994,-0.021780303030303094,0.0,0.06714876033057848,10.424000000000001,10.363499999999998,-0.009017651573292484,-0.003232498673227946,0.5513435553011679,0.02256631082307884,0.024739087097913882,0.8006991671837743,0.02420135527589545,0.020329138431752103,2024-03-18,1,train
000001.SZ,2024-03-14,10.3,10.38,10.2,10.23,10.33,-0.1,-0.9681,1409399.73,1448499.698,-0.009680542110358181,-0.014450867052023142,0.06451612903225823,10.394,10.3945,-0.01577833365403114,-0.01582567704074278,0.5180186267533318,0.02241607233927705,0.024798127471993794,0.6478544228635528,0.017595307917888707,0.016617790811339184,2024-03-19,1,train
000001.SZ,2024-03-15,10.55,10.75,10.5,10.6,10.23,0.37,3.6168,3750207.89,3973799.131,0.03616813294232646,0.021194605009633882,0.09617373319544975,10.437999999999999,10.441,0.015520214600498239,0.015228426395939021,0.6115692934216278,0.023592408762806296,0.025805391748735626,1.644714029902285,0.02358490566037736,-0.014150943396226467,2024-03-20,0,train
000001.SZ,2024-03-18,10.56,10.61,10.49,10.54,10.6,-0.06,-0.566,1671396.51,1761249.15,-0.005660377358490565,0.006685768863419206,0.07441386340468892,10.452,10.477500000000001,0.008419441255262061,0.005965163445478261,0.591519053220717,0.02284517435290531,0.025805728126538304,0.7319560344850731,0.011385199240986644,-0.006641366223908762,2024-03-21,0,train
000001.SZ,2024-03-19,10.53,10.54,10.39,10.4,10.54,-0.14,-1.3283,1293215.58,1351069.63,-0.013282732447817747,-0.015151515151515138,0.05906313645621175,10.419999999999998,10.506499999999999,-0.0019193857965449368,-0.010136582115832904,0.5464972047602831,0.02252916064447173,0.026072810873313326,0.5642429118227026,0.014423076923076785,-0.0038461538461539435,2024-03-22,0,train
000001.SZ,2024-03-20,10.38,10.47,10.37,10.45,10.4,0.05,0.4808,872663.16,910278.573,0.004807692307692291,0.011616650532429773,-0.03240740740740755,10.443999999999999,10.489,0.0005744925315971372,-0.003718180951473138,0.5593954379775602,0.02150336650124798,0.013813370279611836,0.4189821123783308,0.009569377990430759,-0.004784688995215225,2024-03-25,0,train
000001.SZ,2024-03-21,10.45,10.52,10.42,10.47,10.45,0.02,0.1914,864466.25,905422.294,0.001913875598086312,0.02346041055718473,-0.03944954128440359,10.491999999999999,10.4675,-0.0020968356843307223,0.00023883448770023463,0.5647282395414746,0.020611490920961505,0.013617332087109302,0.4598409942340869,0.009551098376313242,0.01241642788920716,2024-03-26,1,train
000001.SZ,2024-03-22,10.45,10.45,10.31,10.36,10.47,-0.11,-1.0506,1028141.74,1065535.606,-0.010506208213944768,-0.02264150943396226,-0.04516129032258065,10.443999999999999,10.443000000000001,-0.008042895442359255,-0.007947907689361489,0.5269515016012691,0.02044560141514114,0.01373593187170637,0.5865183858387815,0.013513513513513398,0.01640926640926632,2024-03-27,1,train
000001.SZ,2024-03-25,10.35,10.49,10.32,10.4,10.36,0.04,0.3861,953202.21,993304.12,0.0038610038610038533,-0.013282732447817747,-0.012345679012345623,10.416,10.4365,-0.001536098310291889,-0.003497341062616788,0.5390271994658054,0.02007976372658797,0.012269152192566048,0.5750887797957429,0.01634615384615384,0.008653846153846123,2024-03-28,1,train
000001.SZ,2024-03-26,10.45,10.66,10.42,10.6,10.4,0.2,1.9231,1740021.46,1835376.191,0.019230769230769162,0.019230769230769162,0.00952380952380949,10.456,10.441500000000001,0.01377199693955622,0.015179811329789628,0.5947332345156326,0.02004571466195885,0.012984782203346186,1.0575112335381494,0.022641509433962283,-0.007547169811320753,2024-03-29,0,train
000001.SZ,2024-03-27,10.56,10.63,10.51,10.53,10.6,-0.07,-0.6604,1274135.99,1347397.15,-0.006603773584905714,0.007655502392344582,0.0038131553860818457,10.472,10.4435,0.005538579067990712,0.008282663857901884,0.5688238285383708,0.019551617693785994,0.01307574454881521,0.8193984732656877,0.011396011396011492,0.010446343779677125,2024-04-01,1,train
000001.SZ,2024-03-28,10.51,10.57,10.38,10.49,10.53,-0.04,-0.3799,1302188.92,1362980.388,-0.003798670465337106,0.0019102196752625034,-0.009442870632672351,10.476,10.4385,0.001336387934326,0.004933659050629924,0.553972340698782,0.019518050838229363,0.012925764417065685,0.8523253757723437,0.01811248808388937,0.0057197330791229906,2024-04-02,1,train
000001.SZ,2024-03-29,10.45,10.57,10.43,10.52,10.49,0.03,0.286,872758.98,917332.316,0.0028598665395613843,0.015444015444015413,0.0028598665395613843,10.508,10.440000000000001,0.0011419870574800317,0.007662835249041988,0.5631839750797121,0.019022790554110124,0.01277219689373649,0.5896860397952558,0.01330798479087458,-0.005703422053231821,2024-04-03,0,train
000001.SZ,2024-04-01,10.52,10.65,10.51,10.64,10.52,0.12,1.1407,1191087.96,1261770.38,0.011406844106463865,0.023076923076922995,0.030009680542110395,10.556000000000001,10.4555,0.007957559681697646,0.01764621491081253,0.5988704938403112,0.018404651155881448,0.0124751463919203,0.8176067994249843,0.013157894736842158,-0.019736842105263275,2024-04-08,0,train
000001.SZ,2024-04-02,10.63,10.68,10.53,10.55,10.64,-0.09,-0.8459,1085458.26,1149700.8,-0.008458646616541388,-0.004716981132075415,0.011505273250239867,10.546000000000001,10.4615,0.0003792907263417966,0.008459589924963096,0.561799605072401,0.01825139707435019,0.012510888305830076,0.764296902054606,0.014218009478673018,-0.014218009478673022,2024-04-09,0,train
000001.SZ,2024-04-03,10.53,10.55,10.42,10.46,10.55,-0.09,-0.8531,981845.85,1028648.883,-0.008530805687203769,-0.006647673314339797,0.012584704743465736,10.532,10.468,-0.006836308393467494,-0.0007642338555596817,0.5266889469556925,0.017981283179098122,0.012469697708489368,0.7003103894897987,0.012428298279158773,-0.017208413001912226,2024-04-10,0,train
000001.SZ,2024-04-08,10.42,10.49,10.37,10.43,10.46,-0.03,-0.2868,906360.52,945290.441,-0.002868068833652093,-0.0057197330791229906,0.00481695568400764,10.52,10.470500000000001,-0.008555133079847899,-0.003868010123680987,0.5151320942636324,0.01756673665726451,0.012454971588312458,0.6731108062708714,0.011505273250239789,-0.017257909875359467,2024-04-11,0,train
000001.SZ,2024-04-09,10.43,10.47,10.36,10.4,10.43,-0.03,-0.2876,857156.73,891468.991,-0.0028763183125598557,-0.011406844106463754,0.0019267822736031004,10.496,10.4715,-0.009146341463414642,-0.006828057107386765,0.5032403513007622,0.01711451801757209,0.012474395357788642,0.6426984647811392,0.010576923076923192,-0.03269230769230769,2024-04-12,0,train
000001.SZ,2024-04-10,10.38,10.41,10.27,10.28,10.4,-0.12,-1.1538,1246390.82,1288696.196,-0.011538461538461608,-0.03383458646616555,-0.018147086914995336,10.424000000000001,10.462,-0.013814274750575728,-0.01739629134008802,0.457723254217645,0.01705032543062637,0.01256335502693698,0.9332975043493341,0.013618677042801612,0.0009727626459143934,2024-04-15,1,train
000001.SZ,2024-04-11,10.24,10.29,10.12,10.25,10.28,-0.03,-0.2918,1010213.4,1030820.137,-0.0029182879377431803,-0.028436018957346043,-0.029356060606060663,10.364,10.446499999999999,-0.010999614048629924,-0.018810127793997822,0.4468420288153532,0.017063452895811206,0.01238038469281488,0.7747525119884814,0.01658536585365853,0.0029268292682926855,2024-04-16,1,train
000001.SZ,2024-04-12,10.22,10.27,10.04,10.06,10.25,-0.19,-1.8537,1305453.71,1322011.754,-0.018536585365853564,-0.03824091778202676,-0.02613746369796699,10.284,10.433,-0.021781408012446546,-0.035751940956579964,0.38449910175618934,0.017776946168466652,0.01213124260446754,1.0192580044787707,0.02286282306163026,0.055666003976142964,2024-04-17,1,train
000001.SZ,2024-04-15,10.07,10.32,10.06,10.29,10.06,0.23,2.2863,1453202.6,1486326.196,0.022862823061630122,-0.0134228187919464,0.00586510263929596,10.256,10.436,0.0033151326053040275,-0.013990034495975578,0.47922010736953324,0.01794300305367256,0.013039897165178936,1.1326789051301795,0.025267249757045657,0.04956268221574356,2024-04-18,1,train
000001.SZ,2024-04-16,10.28,10.39,10.22,10.28,10.29,-0.01,-0.0972,1478036.43,1523138.499,-0.0009718172983479434,-0.011538461538461608,-0.030188679245283012,10.232,10.42,0.004691164972634887,-0.013435700575815779,0.4757917086362448,0.01785877931135199,0.010130632334597644,1.2639597514372043,0.01653696498054474,0.03988326848249035,2024-04-19,1,train
000001.SZ,2024-04-17,10.26,10.63,10.21,10.62,10.28,0.34,3.3074,2232640.57,2337576.587,0.03307392996108938,0.03307392996108938,0.007590132827324458,10.3,10.424,0.031067961165048397,0.018802762854950084,0.5846048435578326,0.01887710026344552,0.012558076965214401,1.864523800701955,0.03954802259887005,-0.011299435028248483,2024-04-22,0,train
000001.SZ,2024-04-18,10.58,11.03,10.56,10.8,10.62,0.18,1.6949,3165914.26,3427338.982,0.016949152542373058,0.0536585365853659,0.03846153846153855,10.41,10.443999999999999,0.03746397694524495,0.03408655687476081,0.6285631267839377,0.020345055968064067,0.01263261547570284,2.452168851089463,0.04351851851851841,-0.024074074074074248,2024-04-23,0,train
000001.SZ,2024-04-19,10.71,10.82,10.66,10.69,10.8,-0.11,-1.0185,1457675.02,1562376.147,-0.010185185185185297,0.062624254473161,0.022966507177033524,10.535999999999998,10.456,0.014616552771450353,0.02237949502677883,0.5876376479179004,0.02015532445487235,0.01288420289606433,1.1040336337745844,0.01496725912067354,-0.014967259120673537,2024-04-24,0,train
000001.SZ,2024-04-22,10.64,10.81,10.45,10.5,10.69,-0.19,-1.7774,2009818.37,2125722.741,-0.017773620205799756,0.020408163265306145,0.002865329512893977,10.578,10.4575,-0.007373794668179223,0.004064068850107683,0.5241556299976794,0.02150330230948035,0.013529378972869587,1.4589430726966512,0.0342857142857144,0.010476190476190528,2024-04-25,1,train
000001.SZ,2024-04-23,10.51,10.65,10.46,10.54,10.5,0.04,0.381,1240027.0,1308866.093,0.003809523809523707,0.02529182879377423,0.01737451737451745,10.629999999999999,10.4665,-0.008466603951081786,0.0070224048153633145,0.5355315979380815,0.02117918653594516,0.013319290795035597,0.8932757197350623,0.01802656546489559,0.00569259962049351,2024-04-26,1,train
000001.SZ,2024-04-24,10.52,10.57,10.46,10.53,10.54,-0.01,-0.0949,941567.74,989093.538,-0.000948766603415585,-0.008474576271186418,0.012499999999999956,10.612,10.472999999999999,-0.007727101394647606,0.005442566599828114,0.5321067061938194,0.02043123144183425,0.013307970879533008,0.678559585377298,0.01044634377967706,0.026590693257360076,2024-04-29,1,train
000001.SZ,2024-04-25,10.5,10.62,10.48,10.61,10.53,0.08,0.7597,1113812.24,1176304.525,0.007597340930674212,-0.017592592592592715,0.0009433962264151496,10.574,10.4735,0.00340457726498955,0.01303289253831097,0.556540472103018,0.019771315955787596,0.012727279344318058,0.8212214815168414,0.013195098963242112,0.016965127238454336,2024-04-30,1,train
000001.SZ,2024-04-26,10.59,10.67,10.48,10.6,10.61,-0.01,-0.0943,1607627.51,1698581.437,-0.0009425070688029447,-0.008419083255378879,0.006647673314339908,10.556000000000001,10.477,0.004168245547555793,0.01174000190894331,0.5526554566826526,0.019656722437882634,0.01263705839254778,1.1709192913408746,0.017924528301886747,0.027358490566037785,2024-05-06,1,train
000001.SZ,2024-04-29,10.56,10.9,10.52,10.81,10.6,0.21,1.9811,2169177.37,2337350.884,0.019811320754717032,0.029523809523809508,0.030505243088655876,10.618,10.493,0.018082501412695517,0.030210616601543894,0.613648775598141,0.020408988713758604,0.013275360511621315,1.5315682509500224,0.03515263644773365,0.00647548566142464,2024-05-07,1,train
000001.SZ,2024-04-30,10.8,10.88,10.73,10.79,10.81,-0.02,-0.185,1324556.53,1431407.709,-0.0018501387604071828,0.02371916508538896,0.025665399239543696,10.668000000000001,10.506499999999999,0.011436070491188444,0.026983296054823303,0.605185777965355,0.019979314073510508,0.013292529773850032,0.9205333771975467,0.013901760889712731,-0.00556070435588496,2024-05-08,0,train
000001.SZ,2024-05-06,10.96,11.11,10.84,10.89,10.79,0.1,0.9268,1784100.57,1953817.493,0.009267840593141896,0.03418803418803429,0.023496240601503793,10.74,10.519,0.013966480446927498,0.03526951231105624,0.6324782036053304,0.020480771252074766,0.013219633454499962,1.2148707320856973,0.024793388429752025,-0.011937557392102893,2024-05-09,0,train
000001.SZ,2024-05-07,10.87,10.89,10.76,10.88,10.89,-0.01,-0.0918,1087056.65,1176786.413,-0.0009182736455463081,0.025447690857681504,0.03127962085308056,10.794,10.5355,0.00796738929034646,0.03269897014854539,0.6278045289709262,0.0198888050561727,0.013043763782217424,0.7401832971949387,0.011948529411764776,0.0055147058823528106,2024-05-10,1,train
000001.SZ,2024-05-08,10.84,10.88,10.71,10.73,10.88,-0.15,-1.3787,1221791.27,1318612.0,-0.01378676470588236,0.01226415094339628,0.02581261950286806,10.82,10.549,-0.008317929759704246,0.01715802445729464,0.5608561121974038,0.019858025476934275,0.013296246090245697,0.8251839579454723,0.01584342963653308,0.02236719478098781,2024-05-13,1,train
000001.SZ,2024-05-09,10.71,10.82,10.71,10.76,10.73,0.03,0.2796,1069460.63,1150726.858,0.002795899347623365,-0.0046253469010176795,0.03163950143815919,10.81,10.5655,-0.0046253469010176795,0.018408972599498252,0.570716072677757,0.019118401312915305,0.01326339333313104,0.7183450727788632,0.010223048327137494,0.013940520446096727,2024-05-14,1,train
000001.SZ,2024-05-10,10.77,10.96,10.76,10.94,10.76,0.18,1.6729,1767835.61,1923452.177,0.016728624535315983,0.013901760889712733,0.05192307692307674,10.84,10.592500000000001,0.009225092250922495,0.032806230823695826,0.6251053740660019,0.018766531572542402,0.013612799858626031,1.1521964207789361,0.018281535648994613,-0.010054844606946944,2024-05-15,0,train
000001.SZ,2024-05-13,10.9,11.01,10.81,10.97,10.94,0.03,0.2742,1402498.6,1530058.92,0.002742230347349217,0.007346189164370909,0.06712062256809359,10.856,10.627,0.010501105379513653,0.03227627740660588,0.6334411492878197,0.018680662327431822,0.013219951578490964,0.9094594422911335,0.01823154056517769,0.018231540565177617,2024-05-16,1,train
000001.SZ,2024-05-14,11.0,11.06,10.88,10.91,10.97,-0.06,-0.5469,1075783.91,1176577.328,-0.005469462169553352,0.0027573529411764053,0.06439024390243908,10.862,10.66,0.0044190756766708805,0.023452157598499168,0.6044916049021903,0.01862019938794718,0.013291837994279469,0.6961192160281443,0.01649862511457376,0.04674610449129246,2024-05-17,1,train
000001.SZ,2024-05-15,10.9,10.92,10.81,10.83,10.91,-0.08,-0.7333,868296.6,942907.951,-0.007332722273143966,0.009319664492078328,0.07654075546719685,10.882,10.6985,-0.004778533357838621,0.012291442725615775,0.5672656886042691,0.01814340376726387,0.012580452260636098,0.5699189618533452,0.010156971375807889,0.050784856879039664,2024-05-20,1,train
000001.SZ,2024-05-16,10.85,11.21,10.83,11.17,10.83,0.34,3.1394,3076291.65,3410151.917,0.0313942751615881,0.03810408921933095,0.08551992225461613,10.964,10.7425,0.018788763225100258,0.039795205957644963,0.662416064430925,0.018764610668839242,0.013342095568071224,1.9170528238814848,0.03401969561324985,0.03401969561324991,2024-05-21,1,train
000001.SZ,2024-05-17,11.18,11.42,11.13,11.42,11.17,0.25,2.2381,2841748.85,3200736.554,0.022381378692927445,0.04387568555758681,0.1108949416342413,11.06,10.799499999999998,0.032549728752260254,0.05745636372054275,0.7124778424381496,0.01885669949475948,0.013850627837333342,1.6987123849060437,0.025394045534150537,0.012259194395796813,2024-05-22,1,train
000001.SZ,2024-05-20,11.43,11.53,11.31,11.38,11.42,-0.04,-0.3503,2170210.3,2475290.152,-0.003502626970227629,0.037374658158614515,0.07156308851224114,11.142,10.8375,0.021360617483396238,0.05005767012687423,0.6947260286077107,0.01895220692312322,0.012411520510114673,1.2997119385600011,0.019332161687170373,0.0017574692442881013,2024-05-23,1,train
000001.SZ,2024-05-21,11.32,11.62,11.31,11.55,11.38,0.17,1.4938,2030049.41,2336192.875,0.01493848857644986,0.05866177818515128,0.06944444444444442,11.27,10.875,0.024844720496894457,0.0620689655172415,0.7259749641799567,0.01925658313053091,0.012310215936553551,1.2585790818820435,0.026839826839826726,-0.020779220779220786,2024-05-24,0,train
000001.SZ,2024-05-22,11.56,11.74,11.46,11.56,11.55,0.01,0.0866,2115531.38,2458448.97,0.0008658008658009031,0.06740535549399818,0.08138447146866246,11.416,10.9185,0.01261387526278912,0.05875349178000655,0.7277404504145599,0.019595748622399996,0.011928433724947961,1.285363681312696,0.024221453287197176,-0.004325259515570945,2024-05-27,0,train
000001.SZ,2024-05-23,11.53,11.59,11.37,11.4,11.56,-0.16,-1.3841,1841622.9,2110799.282,-0.01384083044982698,0.020590868397493356,0.08571428571428585,11.462,10.9635,-0.005409178153899741,0.03981392803393091,0.655023502624301,0.01982988159758316,0.011595812923487752,1.124687943283132,0.019298245614035144,0.0,2024-05-28,0,train
000001.SZ,2024-05-24,11.37,11.49,11.3,11.31,11.4,-0.09,-0.7895,1398275.84,1593330.336,-0.007894736842105288,-0.009632224168126036,0.07305502846299827,11.440000000000001,11.002,-0.011363636363636465,0.027994910016360564,0.6176382337148737,0.01975993717798297,0.011891666570774903,0.8498272593993744,0.01679929266136158,-0.004420866489832087,2024-05-29,0,train
000001.SZ,2024-05-27,11.31,11.53,11.31,11.51,11.31,0.2,1.7683,1454361.43,1663272.118,0.017683465959327904,0.011423550087873435,0.09306742640075982,11.466000000000001,11.051,0.003837432408860808,0.04153470274183335,0.663588369337441,0.019394958193364994,0.012223873448893825,0.8703516134386147,0.019113814074717538,-0.033883579496090444,2024-05-30,0,train
000001.SZ,2024-05-28,11.5,11.58,11.36,11.4,11.51,-0.11,-0.9557,1204322.85,1377107.204,-0.009556907037358786,-0.012987012987012991,0.0744580584354384,11.436,11.0905,-0.0031479538300104304,0.027906767052883197,0.6194927033038081,0.019561827033040134,0.012575568144816914,0.7187712873129094,0.019298245614035144,-0.02543859649122815,2024-05-31,0,train
000001.SZ,2024-05-29,11.38,11.45,11.23,11.26,11.4,-0.14,-1.2281,1444811.11,1635445.613,-0.012280701754386003,-0.02595155709342567,0.062264150943396324,11.376,11.1235,-0.010196905766525988,0.012271317481008737,0.5677799973595816,0.019785985576608392,0.013018736254308135,0.866511030175677,0.019538188277086935,-0.0248667850799289,2024-06-03,0,train
000001.SZ,2024-05-30,11.24,11.34,11.06,11.12,11.26,-0.14,-1.2433,1325496.35,1481608.711,-0.01243339253996456,-0.024561403508772006,0.028677150786308836,11.32,11.139,-0.017667844522968323,-0.0017057186461980622,0.5209482527043635,0.020402573026104417,0.012845913479474742,0.8155871108557828,0.025179856115107858,-0.008992805755395628,2024-06-04,0,train
000001.SZ,2024-05-31,11.14,11.19,11.11,11.11,11.12,-0.01,-0.0899,826706.76,921248.146,-0.0008992805755395628,-0.017683465959328126,0.029657089898053712,11.28,11.155,-0.01507092198581561,-0.004034065441506085,0.517663787375113,0.019476635956369132,0.012835194373030495,0.5165907852592104,0.007200720072007207,-0.02160216021602157,2024-06-05,0,train
000001.SZ,2024-06-03,11.12,11.13,10.91,10.98,11.11,-0.13,-1.1701,1326696.75,1456086.024,-0.011701170117011661,-0.04604691572545605,0.008264462809917328,11.174,11.1595,-0.017361732593520585,-0.016084950042564605,0.47567720975723043,0.019730747665745473,0.013016606648589038,0.8410428895886641,0.020036429872495504,-0.007285974499089298,2024-06-06,0,train
000001.SZ,2024-06-04,10.95,11.05,10.91,11.02,10.98,0.04,0.3643,981004.95,1079356.561,0.0036429872495444826,-0.03333333333333344,0.012867647058823373,11.098,11.1665,-0.007028293386195816,-0.013119598799982035,0.48940007380494455,0.01916234717272822,0.013029787287663113,0.623993435011554,0.012704174228675189,-0.0027223230490017736,2024-06-07,0,train
000001.SZ,2024-06-05,11.04,11.07,10.87,10.87,11.02,-0.15,-1.3612,1018967.75,1114155.999,-0.01361161524500909,-0.034635879218472554,0.013047530288909481,11.02,11.1735,-0.01361161524500909,-0.027162482659864984,0.442616871987519,0.019353383203870717,0.01302008692143668,0.652348662049751,0.018399264029438922,0.0,2024-06-11,0,train
000001.SZ,2024-06-06,10.9,10.98,10.88,10.9,10.87,0.03,0.276,1049331.53,1145989.426,0.002759889604415866,-0.01978417266187038,0.013011152416356975,10.975999999999999,11.180499999999999,-0.006924198250728764,-0.025088323420240477,0.45386145662139754,0.018642376019259322,0.013019803943757036,0.6722208555469702,0.009174311926605472,-0.0018348623853210455,2024-06-12,0,train
000001.SZ,2024-06-07,10.92,11.01,10.89,10.99,10.9,0.09,0.8257,1170126.04,1281662.986,0.008256880733944927,-0.01080108010801073,0.004570383912248621,10.952,11.183,0.00346968590211838,-0.01725833854958414,0.48727915331365884,0.01794894502748632,0.012624236454446514,0.7642354404932713,0.010919017288443968,-0.017288444040036377,2024-06-13,0,train
000001.SZ,2024-06-11,10.98,11.02,10.79,10.87,10.99,-0.12,-1.0919,1337628.54,1452841.957,-0.010919017288444133,-0.010018214936247882,-0.00911577028258903,10.93,11.178,-0.005489478499542622,-0.02755412417248182,0.44792401420767136,0.018362240610309968,0.012841711762318068,0.8754897039230759,0.021159153633854687,-0.06347746090156392,2024-06-14,0,train
000001.SZ,2024-06-12,10.85,10.91,10.78,10.88,10.87,0.01,0.092,957426.35,1037927.497,0.0009199632014720294,-0.01270417422867498,-0.00274977085242889,10.902,11.1765,-0.0020179783525957617,-0.026528877555585417,0.45189674774172434,0.017888446826699725,0.012790398148805542,0.6290806298042365,0.011948529411764776,-0.07169117647058831,2024-06-17,0,train
000001.SZ,2024-06-13,10.89,10.93,10.8,10.8,10.88,-0.08,-0.7353,1203507.79,1304403.407,-0.007352941176470562,-0.006439742410303428,-0.0027700831024930483,10.888,11.175,-0.008082292432035176,-0.03355704697986572,0.4255163406830315,0.01759353121143127,0.01279097400355694,0.7821558163082827,0.012037037037036943,-0.06666666666666676,2024-06-18,0,train
000001.SZ,2024-06-14,10.15,10.23,9.99,10.18,10.08,0.1,0.9921,1637990.47,1657433.955,-0.05740740740740746,-0.06605504587155964,-0.08863025962399285,10.744,11.125499999999999,-0.05249441548771405,-0.08498494449687644,0.2861144951710791,0.0230152384373067,0.016089888591726467,1.1167171178204789,0.02357563850687625,-0.0029469548133594925,2024-06-19,0,train
000001.SZ,2024-06-17,10.13,10.16,10.08,10.1,10.18,-0.08,-0.7859,681217.02,688669.914,-0.007858546168958758,-0.08098271155596004,-0.1155866900175132,10.565999999999999,11.0595,-0.044103728941888964,-0.08675799086757996,0.27365669557686106,0.022247783980149708,0.014867388467001802,0.5013504049469136,0.007920792079207928,-0.004950495049504844,2024-06-20,0,train
000001.SZ,2024-06-18,10.11,10.16,10.04,10.08,10.1,-0.02,-0.198,700653.08,707829.472,-0.001980198019801982,-0.07267709291628333,-0.11423550087873469,10.408000000000001,10.9945,-0.031514219830899415,-0.08317795261267003,0.2704858815342004,0.021549986086973196,0.014883917541349538,0.5451338097275384,0.011904761904762003,-0.007936507936507908,2024-06-21,0,train
000001.SZ,2024-06-19,10.1,10.21,10.08,10.15,10.08,0.07,0.6944,796184.18,807676.192,0.00694444444444442,-0.06709558823529416,-0.12121212121212122,10.262,10.9245,-0.010914051841746208,-0.07089569316673527,0.30101304773181525,0.020787545227564874,0.014418090929926533,0.6506935558789068,0.012807881773399091,-0.016748768472906406,2024-06-24,0,train
000001.SZ,2024-06-20,10.16,10.17,10.05,10.05,10.15,-0.1,-0.9852,629627.57,635070.262,-0.009852216748768461,-0.06944444444444442,-0.13062283737024216,10.112,10.849,-0.006131329113924,-0.07364734076873436,0.2828064521013475,0.020347665904599743,0.014339528807463347,0.5478366709678054,0.011940298507462609,0.0029850746268655914,2024-06-25,1,train
000001.SZ,2024-06-21,10.05,10.09,9.95,10.0,10.05,-0.05,-0.4975,830545.28,831176.895,-0.004975124378109541,-0.017681728880157177,-0.1228070175438597,10.075999999999999,10.779,-0.007542675664946263,-0.07227015493088407,0.2738863763308352,0.019988732503113983,0.014253934922575954,0.7559042124606411,0.014000000000000058,0.008000000000000007,2024-06-26,1,train
000001.SZ,2024-06-24,9.97,10.07,9.88,9.98,10.0,-0.02,-0.2,947081.54,944907.466,-0.0020000000000000018,-0.01188118811881178,-0.1175950486295314,10.052000000000001,10.7125,-0.007162753680859613,-0.06837806301050176,0.27021496284698043,0.019958024802496543,0.014281431174838743,0.8800365151559575,0.01903807615230456,0.01503006012024044,2024-06-27,1,train
000001.SZ,2024-06-25,9.99,10.13,9.98,10.08,9.98,0.1,1.002,769992.81,775332.072,0.01002004008016022,0.0,-0.12423979148566466,10.052000000000001,10.641,0.0027855153203342198,-0.052720608965322824,0.3193447365193354,0.019411523085855312,0.013729486061061327,0.7389807894833138,0.014880952380952417,0.00694444444444442,2024-06-28,1,train
000001.SZ,2024-06-26,10.06,10.13,10.02,10.08,10.08,0.0,0.0,628598.71,633763.882,0.0,-0.006896551724137945,-0.11578947368421055,10.038,10.575,0.004184100418409997,-0.04680851063829783,0.3193447365193354,0.01880446418062983,0.013781484065956773,0.6204217198664463,0.010912698412698532,0.02678571428571419,2024-07-01,1,train
000001.SZ,2024-06-27,10.06,10.21,10.0,10.13,10.08,0.05,0.496,928881.97,938954.398,0.004960317460317443,0.007960199004975133,-0.10035523978685601,10.054,10.5185,0.007559180425701362,-0.036934924181204476,0.3449179259236712,0.01885585239197387,0.013902623656336537,0.9407511716483686,0.020730503455083992,0.026653504442250675,2024-07-02,1,train
000001.SZ,2024-06-28,10.1,10.26,10.09,10.15,10.13,0.02,0.1974,918089.92,933947.813,0.001974333662388972,0.015000000000000124,-0.08723021582733803,10.084,10.47,0.006545021816739549,-0.030563514804202496,0.35535131643204676,0.01867084589373004,0.013881082194908231,0.9494080917171751,0.016748768472906395,0.015763546798029493,2024-07-03,1,train
000001.SZ,2024-07-01,10.09,10.35,10.04,10.35,10.15,0.2,1.9704,1343051.49,1372549.62,0.019704433497536922,0.03707414829659306,-0.06840684068406844,10.158,10.432,0.01890135853514474,-0.007860429447852813,0.4497330332711326,0.01914160190253747,0.014838218096768822,1.3527504578182208,0.029951690821256087,-0.008695652173912993,2024-07-04,0,train
000001.SZ,2024-07-02,10.3,10.48,10.28,10.4,10.35,0.05,0.4831,1384385.7,1440864.391,0.004830917874396157,0.031746031746031855,-0.05282331511839711,10.222,10.403,0.017413422030913894,-0.0002883783523983663,0.47060065079415436,0.01906251741748913,0.014814541165263186,1.390343831488599,0.019230769230769332,-0.04134615384615381,2024-07-05,0,train
000001.SZ,2024-07-03,10.4,10.43,10.29,10.31,10.4,-0.09,-0.8654,713067.46,737326.421,-0.008653846153846123,0.02281746031746046,-0.06442831215970957,10.268,10.367500000000001,0.004090377873003481,-0.005546177959971144,0.43837495185989445,0.01882535925484641,0.014797966790090046,0.7259030519818759,0.013579049466537397,-0.036857419980601436,2024-07-08,0,train
000001.SZ,2024-07-04,10.3,10.38,10.25,10.26,10.31,-0.05,-0.485,735044.24,757464.387,-0.004849660523763455,0.012833168805528095,-0.05611775528978835,10.294,10.337,-0.0033028948902273925,-0.00744896972042175,0.42112175118018286,0.018470919666715855,0.014612131081379383,0.7592478587073583,0.012670565302144325,-0.01851851851851849,2024-07-09,0,train
000001.SZ,2024-07-05,10.26,10.29,9.92,9.97,10.26,-0.29,-2.8265,1713353.86,1721256.576,-0.02826510721247555,-0.017733990147783207,-0.08532110091743117,10.258000000000001,10.2905,-0.028075648274517473,-0.03114523103833622,0.3380247855310182,0.020301269989587045,0.015558501865834972,1.7110905987539378,0.03711133400200594,0.01705115346038122,2024-07-10,1,train
000001.SZ,2024-07-08,9.94,10.02,9.85,9.93,9.97,-0.04,-0.4012,868659.62,864791.776,-0.004012036108325012,-0.04057971014492756,-0.09645131938125573,10.174000000000001,10.2375,-0.02398270100255573,-0.030036630036630152,0.32839921934108074,0.02014996118076807,0.015289872725566934,0.880770764084029,0.017119838872104727,0.020140986908358638,2024-07-11,1,train
000001.SZ,2024-07-09,9.94,10.1,9.91,10.07,9.93,0.14,1.4099,1032485.3,1034316.511,0.014098690835850913,-0.03173076923076923,-0.07359705611775524,10.108,10.1975,-0.003759398496240629,-0.012503064476587333,0.39349662603152985,0.01979825853897964,0.015765408417659225,1.0633301491608866,0.018867924528301838,0.02383316782522349,2024-07-12,1,train
000001.SZ,2024-07-10,10.07,10.2,10.05,10.14,10.07,0.07,0.6951,873865.11,886626.727,0.006951340615690249,-0.016488845780795347,-0.06801470588235292,10.074000000000002,10.1605,0.00655151876116733,-0.002017617243245895,0.4235812957508201,0.01931382097307568,0.015907705312844377,0.9038604829861427,0.014792899408283882,0.018737672583826415,2024-07-15,1,train
000001.SZ,2024-07-11,10.21,10.23,10.07,10.13,10.14,-0.01,-0.0986,721392.25,731789.332,-0.0009861932938856066,-0.012670565302144166,-0.062037037037037,10.048,10.127,0.008160828025477684,0.0002962377801916105,0.42037329992781625,0.019080157105280188,0.015888831101984562,0.7652337308863572,0.015794669299111563,0.016781836130306038,2024-07-16,1,train
000001.SZ,2024-07-12,10.12,10.31,10.12,10.31,10.13,0.18,1.7769,1214163.69,1246877.666,0.017769002961500524,0.034102306920762215,0.012770137524558134,10.116,10.133500000000002,0.019177540529853765,0.01741747668623872,0.4945745637926312,0.01872430295963939,0.01060165669784872,1.3175705247946363,0.0184287099903008,0.008729388942773975,2024-07-17,1,train
000001.SZ,2024-07-15,10.31,10.35,10.26,10.33,10.31,0.02,0.194,869412.47,896975.833,0.0019398642095052043,0.040281973816717054,0.022772277227722793,10.196000000000002,10.145,0.013142408787759852,0.018235584031542684,0.5021999186167462,0.017975510480434706,0.010420092115064462,0.9339213978220227,0.008712487899322349,0.007744433688286589,2024-07-18,1,train
000001.SZ,2024-07-16,10.33,10.37,10.24,10.3,10.33,-0.03,-0.2904,943008.11,971564.895,-0.0029041626331074433,0.022840119165839168,0.02182539682539697,10.242,10.156,0.005662956453817536,0.014178810555336652,0.49025183823353724,0.017641687256709955,0.01043604090859231,0.9999613443506367,0.012621359223300873,0.006796116504854233,2024-07-19,1,train
000001.SZ,2024-07-17,10.3,10.42,10.28,10.4,10.3,0.1,0.9709,1220168.35,1266412.58,0.009708737864077666,0.02564102564102555,0.024630541871921263,10.294,10.1685,0.010297260540120368,0.0227663863893397,0.530361467577592,0.017185590135119944,0.010529951658718626,1.2654148098218594,0.013461538461538516,-0.016346153846153788,2024-07-22,0,train
000001.SZ,2024-07-18,10.38,10.43,10.3,10.41,10.4,0.01,0.0962,1087061.02,1127365.071,0.0009615384615384581,0.02764067127344516,0.035820895522387985,10.35,10.1865,0.005797101449275477,0.021940804005301073,0.5343076464835482,0.016834717896721665,0.010217822802689973,1.1012501379714508,0.012487992315081556,-0.022094140249759864,2024-07-23,0,train
000001.SZ,2024-07-19,10.38,10.42,10.29,10.37,10.41,-0.04,-0.3842,898723.24,929722.662,-0.003842459173871382,0.005819592628515835,0.03699999999999992,10.362,10.205000000000002,0.0007720517274656391,0.01616854483096497,0.5156435358146912,0.016587976119047693,0.01018311841620977,0.9073206997397337,0.012536162005785997,-0.02314368370298925,2024-07-24,0,train
000001.SZ,2024-07-22,10.36,10.38,10.19,10.23,10.37,-0.14,-1.35,994480.87,1018663.806,-0.013500482160077043,-0.009680542110358181,0.025050100200400882,10.342,10.2175,-0.010829626764649047,0.0012233912405188452,0.4556505425508248,0.016940546436313507,0.010697164101931748,1.0015979147879284,0.018572825024438053,-0.013685239491691203,2024-07-25,0,train
000001.SZ,2024-07-23,10.25,10.33,10.16,10.18,10.23,-0.05,-0.4888,1020153.63,1046994.471,-0.00488758553274693,-0.011650485436893288,0.009920634920634885,10.318,10.2225,-0.013374685016476096,-0.004157495720225057,0.43613422938805896,0.01700058427284124,0.010582014051170563,1.0146720161263438,0.016699410609037322,-0.014734774066797685,2024-07-26,0,train
000001.SZ,2024-07-24,10.18,10.24,10.12,10.13,10.18,-0.05,-0.4912,724517.57,736332.832,-0.004911591355599154,-0.02596153846153837,0.004960317460317443,10.264,10.225,-0.013055339049103498,-0.009290953545232128,0.4169039082708423,0.016710318168578552,0.010648707819227261,0.7172033200430267,0.01184600197433376,-0.001974333662389083,2024-07-29,0,train
000001.SZ,2024-07-25,10.12,10.15,10.0,10.09,10.13,-0.04,-0.3949,856404.43,861750.366,-0.003948667324777944,-0.03073967339097028,-0.003948667324777944,10.2,10.223,-0.010784313725490158,-0.01300987968306766,0.4016463560560332,0.016640109016141227,0.010630946203997458,0.850810845141324,0.014866204162537202,-0.0009910802775024985,2024-07-30,0,train
000001.SZ,2024-07-26,10.1,10.12,9.97,10.03,10.09,-0.06,-0.5946,929551.95,931879.546,-0.00594648166501488,-0.032786885245901676,-0.011822660098522286,10.132,10.217,-0.010067114093959773,-0.01830282861896848,0.3792269533566463,0.016612185583586694,0.010692123355427864,0.9229551117257482,0.014955134596211225,0.023928215353938187,2024-07-31,1,train
000001.SZ,2024-07-29,10.02,10.14,9.97,10.11,10.03,0.08,0.7976,781552.43,788019.059,0.007976071784645988,-0.011730205278592476,-0.023188405797101463,10.108,10.205,0.0001978630787493607,-0.009309162175404229,0.42528997265481794,0.0165046126765852,0.009854706186139338,0.798257920749725,0.016815034619188915,0.015825914935707175,2024-08-01,1,train
000001.SZ,2024-07-30,10.1,10.13,10.03,10.08,10.11,-0.03,-0.2967,613267.95,618056.61,-0.0029673590504450953,-0.00982318271119842,-0.03076923076923077,10.088,10.189,-0.0007930214115779988,-0.010697811365197762,0.4129163302923368,0.01607994078857422,0.009765262679102662,0.6520543066074445,0.009920634920635062,0.005952380952380931,2024-08-02,1,train
000001.SZ,2024-07-31,10.08,10.28,10.07,10.27,10.08,0.19,1.8849,1096906.34,1117768.675,0.018849206349206282,0.01382033563672258,-0.0038797284190107417,10.116,10.187000000000001,0.015223408461842558,0.008147639147933594,0.5101268158605728,0.01611570066027796,0.01056655699784642,1.1429576805151167,0.0204479065238558,-0.02142161635832507,2024-08-05,0,train
000001.SZ,2024-08-01,10.25,10.32,10.17,10.27,10.27,0.0,0.0,733883.77,752688.22,0.0,0.01783944499504453,0.0009746588693957392,10.151999999999997,10.1875,0.011623325453112843,0.008098159509202452,0.5101268158605728,0.016007839721475247,0.010511159381239976,0.7647405957225277,0.014605647517039957,-0.0331061343719572,2024-08-06,0,train
000001.SZ,2024-08-02,10.22,10.25,10.13,10.14,10.27,-0.13,-1.2658,590228.76,601173.371,-0.012658227848101222,0.010967098703888567,0.01705115346038122,10.174000000000001,10.196000000000002,-0.003341851779044669,-0.0054923499411534404,0.45088383580020874,0.016041185412892074,0.00881922694906628,0.6532733321164801,0.01183431952662714,-0.02071005917159774,2024-08-07,0,train
000001.SZ,2024-08-05,10.11,10.22,10.05,10.05,10.14,-0.09,-0.8876,758978.52,768980.625,-0.008875739644970349,-0.0059347181008900796,0.012084592145015227,10.162,10.202,-0.011021452469986204,-0.014899039404038361,0.4149549664852809,0.016237022467145937,0.009015759328316313,0.8451779786291268,0.016915422885572132,-0.010945273631840946,2024-08-08,0,train
000001.SZ,2024-08-06,10.07,10.12,9.89,9.93,10.05,-0.12,-1.194,1265536.91,1261997.757,-0.01194029850746281,-0.014880952380952439,-0.013902681231380387,10.132000000000001,10.195,-0.019936833793920417,-0.025993133889161357,0.37235057798120386,0.016913875595832364,0.008857118145361428,1.3912153104444318,0.02316213494461215,0.011077542799597051,2024-08-09,1,train
000001.SZ,2024-08-07,9.95,9.98,9.91,9.93,9.93,0.0,0.0,517608.42,514848.813,0.0,-0.0331061343719572,-0.02071005917159774,10.064,10.1845,-0.013314785373608973,-0.02498895380234667,0.37235057798120386,0.016209266297410443,0.008686335532009558,0.5803760725090694,0.007049345417925507,0.00805639476334341,2024-08-12,1,train
000001.SZ,2024-08-08,9.92,9.98,9.9,9.94,9.93,0.01,0.1007,500410.67,497548.149,0.001007049345417954,-0.03213242453748788,-0.01875616979269512,9.998,10.175,-0.005801160232046354,-0.023095823095823254,0.3785175272405553,0.015611197084885847,0.008697444334586319,0.5681313890037732,0.008048289738430591,0.001006036217303885,2024-08-13,1,train
000001.SZ,2024-08-09,9.96,10.1,9.94,10.04,9.94,0.1,1.006,730273.96,732886.456,0.010060362173038184,-0.009861932938856177,-0.026188166828322146,9.977999999999998,10.1615,0.006213670074163291,-0.011956896127540362,0.43798578628852963,0.015490031924508747,0.008004390049939077,0.8525197822505118,0.0159362549800797,-0.01195219123505964,2024-08-14,0,train
000001.SZ,2024-08-12,10.02,10.05,9.98,10.01,10.04,-0.03,-0.2988,353013.46,353251.351,-0.0029880478087648266,-0.003980099502487677,-0.030977734753146247,9.969999999999999,10.1455,0.004012036108325123,-0.013355674929771855,0.4248517066648273,0.014926209267781375,0.007976850240247253,0.42491476733376654,0.006993006993007022,0.0019980019980019303,2024-08-15,1,train
000001.SZ,2024-08-13,10.02,10.03,9.92,9.95,10.01,-0.06,-0.5994,622077.2,620061.492,-0.005994005994006013,0.002014098690835908,-0.03398058252427194,9.974,10.128,-0.002406256266292428,-0.017575039494470812,0.3990760369676757,0.01473329226142419,0.00803150096212031,0.7635285133871346,0.011055276381909491,0.01809045226130679,2024-08-16,1,train
000001.SZ,2024-08-14,9.94,9.98,9.91,9.92,9.95,-0.03,-0.3015,436380.38,433380.447,-0.0030150753768843908,-0.001007049345417954,-0.04615384615384621,9.972,10.104,-0.005214600882470832,-0.01821060965954069,0.38645130809502815,0.014226320233404515,0.007595081680758011,0.56267172590604,0.007056451612903254,0.03729838709677402,2024-08-19,1,train
000001.SZ,2024-08-15,9.92,10.06,9.87,10.03,9.92,0.11,1.1089,776247.47,775851.461,0.011088709677419262,0.0090543259557343,-0.036503362151777186,9.99,10.084999999999999,0.004004004004003914,-0.005453644025780857,0.4545832816298228,0.014418361040448994,0.008117348549083922,1.0213649500812783,0.018943170488534524,0.030907278165503538,2024-08-20,1,train
000001.SZ,2024-08-16,10.08,10.21,10.05,10.13,10.03,0.1,0.997,1260367.61,1277042.001,0.009970089730807707,0.008964143426295035,-0.02314368370298925,10.008,10.072999999999999,0.012190247801758813,0.0056586915516729785,0.5080645893385084,0.01452552599114473,0.008495099163608775,1.6198179954567462,0.015794669299111563,0.021717670286278246,2024-08-21,1,train
000001.SZ,2024-08-19,10.13,10.3,10.12,10.29,10.13,0.16,1.5795,1482985.26,1520594.688,0.01579466929911133,0.027972027972027913,0.00586510263929596,10.064,10.076,0.022456279809220936,0.02123858674077006,0.5791675183093501,0.01452774203646988,0.008758081804135029,1.8479167941262706,0.017492711370262537,0.008746355685131268,2024-08-22,1,train
000001.SZ,2024-08-20,10.32,10.43,10.28,10.34,10.29,0.05,0.4859,1569186.65,1623147.686,0.004859086491739717,0.039195979899497635,0.015717092337917515,10.142,10.084,0.01952277657266821,0.025386751289171006,0.598688245474951,0.014461011689821609,0.008725270012144936,1.8906569732297545,0.014506769825918796,0.012572533849129597,2024-08-23,1,train
000001.SZ,2024-08-21,10.3,10.38,10.21,10.35,10.34,0.01,0.0967,1034887.81,1068207.868,0.0009671179883945502,0.043346774193548265,0.021717670286278246,10.228,10.095,0.011928040672663176,0.02526002971768193,0.6026580202580376,0.014588331203214774,0.00862575486666912,1.2240131439672768,0.016425120772946854,0.01352657004830915,2024-08-26,1,train
000001.SZ,2024-08-22,10.34,10.45,10.32,10.38,10.35,0.03,0.2899,1109030.39,1153871.816,0.0028985507246377384,0.034895314057826754,0.0287413280475719,10.297999999999998,10.1095,0.007962711206059625,0.02675701073247927,0.614963315418929,0.014401733852136986,0.008553686880808627,1.2923972715849923,0.012524084778419941,0.00481695568400764,2024-08-27,1,train
000001.SZ,2024-08-23,10.39,10.5,10.32,10.47,10.38,0.09,0.8671,1071905.71,1117475.768,0.00867052023121384,0.033563672260612076,0.04386839481555338,10.366,10.131499999999999,0.0100327995369478,0.0334106499531166,0.6499837645587602,0.014486082453318084,0.008514490836804089,1.238858659385229,0.01719197707736387,-0.013371537726838634,2024-08-28,0,train
000001.SZ,2024-08-26,10.5,10.55,10.42,10.49,10.47,0.02,0.191,740675.24,775921.849,0.0019102196752625034,0.019436345966958424,0.03758654797230476,10.406,10.150500000000001,0.008072266000384465,0.033446628244913956,0.6574401480186118,0.01431091299687543,0.00841020800368876,0.858064839071192,0.012392755004766519,-0.03431839847473783,2024-08-29,0,train
000001.SZ,2024-08-27,10.47,10.52,10.37,10.43,10.49,-0.06,-0.572,723136.58,755583.764,-0.0057197330791229906,0.008704061895551174,0.0347222222222221,10.424,10.168,0.0005755947812740025,0.025767112509834877,0.6151055328297599,0.014392406556525838,0.008510353648849571,0.8324487027523143,0.014381591562799651,-0.025886864813039256,2024-08-30,0,train
000001.SZ,2024-08-28,10.41,10.43,10.28,10.33,10.43,-0.1,-0.9588,942547.54,973872.155,-0.009587727708533,-0.0019323671497584183,0.0058422590068161195,10.419999999999998,10.171,-0.00863723608445277,0.01563268115229577,0.5513786371329862,0.014530952876499368,0.00788645058448905,1.0947531308434384,0.014520813165537305,-0.021297192642788065,2024-09-02,0,train
000001.SZ,2024-08-29,10.31,10.38,10.11,10.13,10.33,-0.2,-1.9361,1197676.31,1221351.092,-0.01936108422071625,-0.024084778420038533,-0.013631937682570427,10.370000000000001,10.164,-0.02314368370298936,-0.003345139708775924,0.45078750830452946,0.01566324680429489,0.008979181911720886,1.3545957383277678,0.026653504442250873,-0.0049358341559724295,2024-09-03,0,train
000001.SZ,2024-08-30,10.11,10.26,10.11,10.16,10.13,0.03,0.2962,1294059.08,1318858.688,0.0029615004935834577,-0.029608404966571245,0.0019723865877712132,10.308,10.165,-0.014357780364765205,-0.0004918839153958965,0.4665096693670391,0.01555605295034867,0.008570372660542553,1.4075815779863385,0.01476377952755909,-0.013779527559055205,2024-09-04,0,train
000001.SZ,2024-09-02,10.12,10.21,10.09,10.11,10.16,-0.05,-0.4921,968835.5,983898.751,-0.004921259842519787,-0.036224976167778866,0.005970149253731183,10.232000000000001,10.168000000000001,-0.011923377638780486,-0.005704169944925397,0.4437112015956547,0.015364161888385287,0.008404206543725605,1.0419354987104625,0.011869436201780515,-0.003956478733926683,2024-09-05,0,train
000001.SZ,2024-09-03,10.11,10.13,10.0,10.08,10.11,-0.03,-0.2967,916581.22,920884.663,-0.0029673590504450953,-0.03355704697986572,0.015105740181268867,10.162,10.1755,-0.008069277701239996,-0.009385288192226393,0.4301287121022981,0.015230384048968815,0.007965067503960768,1.0045889117177247,0.012896825396825474,0.0,2024-09-06,0,train
000001.SZ,2024-09-04,10.05,10.15,10.0,10.02,10.08,-0.06,-0.5952,847992.33,852224.67,-0.005952380952381042,-0.030009680542110395,0.009063444108761365,10.1,10.18,-0.007920792079207928,-0.015717092337917515,0.4035237430853947,0.015296475091081221,0.008098799318179304,0.9128861978123962,0.014970059880239557,-0.01696606786427146,2024-09-09,0,train
000001.SZ,2024-09-05,10.03,10.08,9.98,10.07,10.02,0.05,0.499,594208.76,595845.843,0.004990019960079861,-0.005923000987166915,0.01307847082494984,10.088,10.186499999999999,-0.001784298176050636,-0.011436705443478967,0.43489260425955933,0.01484266452946687,0.008157965315467914,0.6364680605932184,0.009930486593843062,-0.01688182720953324,2024-09-10,0,train
000001.SZ,2024-09-06,10.06,10.21,10.05,10.08,10.07,0.01,0.0993,878865.43,891507.834,0.0009930486593843213,-0.007874015748031482,0.003984063745019917,10.072,10.188500000000001,0.000794281175536149,-0.010649261422191802,0.44122196136054165,0.014902587964516075,0.00787115666580636,0.9339368898527248,0.015873015873015886,-0.04265873015873012,2024-09-11,0,train
000001.SZ,2024-09-09,10.05,10.07,9.84,9.85,10.08,-0.23,-2.2817,1639174.51,1624857.668,-0.022817460317460347,-0.02571711177052416,-0.015984015984015998,10.02,10.1805,-0.01696606786427146,-0.03246402436029672,0.34540027555872255,0.015901632537129708,0.009328089922102378,1.6304661106103906,0.023350253807106643,-0.011167512690355319,2024-09-12,0,train
000001.SZ,2024-09-10,9.86,9.92,9.78,9.9,9.85,0.05,0.5076,767901.14,756124.764,0.005076142131979822,-0.017857142857142794,-0.005025125628140614,9.984,10.178,-0.008413461538461453,-0.027313814108862244,0.37707197780904056,0.015701327895955696,0.009329629136488571,0.7583218320701195,0.014141414141414198,-0.020202020202020332,2024-09-13,0,train
000001.SZ,2024-09-11,9.88,9.88,9.63,9.65,9.9,-0.25,-2.5253,1108727.04,1078602.468,-0.025252525252525304,-0.036926147704590795,-0.027217741935483875,9.91,10.1645,-0.026236125126135157,-0.050617344680013776,0.29913870929125225,0.016956039231750538,0.010806150127146644,1.0597156378879653,0.025906735751295335,0.012435233160621673,2024-09-18,1,train
000001.SZ,2024-09-12,9.65,9.77,9.61,9.74,9.65,0.09,0.9326,581834.05,564923.216,0.00932642487046631,-0.03277060575968227,-0.02891326021934193,9.844000000000001,10.15,-0.0105648110524178,-0.040394088669950756,0.3511314311429484,0.01677277149914275,0.01071137862549743,0.5613293035142248,0.016427104722792622,0.007186858316221789,2024-09-19,1,train
000001.SZ,2024-09-13,9.73,9.82,9.7,9.7,9.74,-0.04,-0.4107,566461.9,553269.704,-0.004106776180698213,-0.037698412698412787,-0.04244817374136245,9.767999999999999,10.1285,-0.00696150696150688,-0.04230636323246295,0.33909135154487996,0.016522594456711753,0.010398519576717356,0.5654251237709883,0.01237113402061866,0.020618556701031077,2024-09-20,1,train
000001.SZ,2024-09-18,9.72,9.78,9.66,9.77,9.7,0.07,0.7216,443610.99,431665.627,0.007216494845360799,-0.008121827411167515,-0.05053449951409128,9.751999999999999,10.1025,0.0018457752255949256,-0.03291264538480565,0.3792083342595577,0.016109805241931213,0.00981141630243789,0.4670253483382446,0.012282497441146288,0.02763561924257929,2024-09-23,1,train
000001.SZ,2024-09-19,9.79,9.84,9.68,9.81,9.77,0.04,0.4094,684293.11,669341.182,0.004094165813715467,-0.009090909090909038,-0.05125725338491294,9.734,10.076,0.007807684405177762,-0.02639936482731242,0.4015621920901909,0.016063101527433257,0.00978394834146696,0.7556071362151281,0.016309887869520912,0.057084607543322896,2024-09-24,1,train
000001.SZ,2024-09-20,9.81,9.9,9.78,9.9,9.81,0.09,0.9174,797297.14,785121.199,0.00917431192660545,0.02590673575129543,-0.04347826086956519,9.784,10.0535,0.011856091578086536,-0.015268314517332238,0.449586680086597,0.015645940388120953,0.010091362926566075,0.8920900003078464,0.012121212121212222,0.06060606060606055,2024-09-25,1,train
000001.SZ,2024-09-23,9.89,10.09,9.87,10.04,9.9,0.14,1.4141,896907.55,897428.03,0.01414141414141401,0.030800821355235986,-0.032755298651252596,9.844,10.0365,0.019910605444941165,0.0003487271459172714,0.5148130277143728,0.015890954239834717,0.010655364444392051,1.015595577591918,0.02191235059760963,0.11055776892430291,2024-09-26,1,train
000001.SZ,2024-09-24,10.11,10.37,10.08,10.37,10.04,0.33,3.2869,1638213.19,1678174.482,0.03286852589641431,0.06907216494845358,-0.009551098376313405,9.978,10.0315,0.03928643014632183,0.03374370732193599,0.6270141238617337,0.016559356298272675,0.012892582880081849,1.7973704700392206,0.027965284474445434,0.1012536162005786,2024-09-27,1,train
000001.SZ,2024-09-25,10.52,10.7,10.45,10.5,10.37,0.13,1.2536,2160693.98,2285995.369,0.012536162005786,0.07471852610030716,0.0009532888465204614,10.123999999999999,10.032,0.037139470564994115,0.046650717703349276,0.660337546883883,0.01743106682020503,0.013192167023897588,2.1992896046783734,0.023809523809523808,0.16285714285714303,2024-09-30,1,train
000001.SZ,2024-09-26,10.5,11.15,10.5,11.15,10.5,0.65,6.1905,3086457.2,3341759.456,0.06190476190476191,0.13659531090723753,0.06903163950143831,10.392,10.068000000000001,0.07294072363356441,0.10746920937624149,0.7706647691834191,0.019406410127853855,0.018752722647420984,2.8042974846256192,0.05829596412556057,0.1551569506726458,2024-10-08,1,train
000001.SZ,2024-09-27,11.35,11.56,11.03,11.42,11.15,0.27,2.4215,3840016.37,4337985.143,0.024215246636771326,0.1535353535353534,0.10551790900290414,10.696,10.122499999999999,0.0676888556469708,0.12817979748085961,0.7997599568830092,0.020909176557620826,0.019016996849652613,3.083136212842887,0.04640980735551674,0.022767075306479923,2024-10-09,1,train
000001.SZ,2024-09-30,11.62,12.3,11.56,12.21,11.42,0.79,6.9177,5430283.64,6467438.838,0.06917688266199651,0.21613545816733093,0.20533070088845018,11.129999999999999,10.2265,0.09703504043126698,0.1939568767417983,0.8569467860025722,0.023307454965159638,0.022726320152224245,3.7267218946078433,0.06060606060606062,-0.018837018837018826,2024-10-10,0,train
000001.SZ,2024-10-08,13.43,13.43,12.34,12.88,12.21,0.67,5.4873,5888977.78,7602664.024,0.05487305487305494,0.2420443587270975,0.26771653543307083,11.632000000000001,10.3625,0.1072902338376891,0.24294330518697227,0.8865415200788229,0.027282566141414086,0.024695282490002836,3.491074893011927,0.08462732919254656,-0.09006211180124224,2024-10-11,0,train
000001.SZ,2024-10-09,12.63,12.63,11.66,11.68,12.88,-1.2,-9.3168,4269345.06,5172049.702,-0.0931677018633541,0.11238095238095225,0.1552917903066271,11.868,10.440999999999999,-0.015840916750926914,0.1186667943683557,0.6336819955298535,0.03539746131799398,0.03363183251751219,2.3053962026431094,0.0830479452054795,0.02910958904109595,2024-10-14,1,train
000001.SZ,2024-10-10,11.62,12.26,11.6,11.98,11.43,0.55,4.8119,3426421.68,4095573.501,0.025684931506849473,0.07443946188340811,0.1884920634920635,12.034,10.536,-0.004487286022935022,0.13705391040242976,0.659805543562995,0.035981102590771565,0.0337520120401865,1.7328052786283534,0.055091819699499174,-0.006677796327211993,2024-10-15,0,train
000001.SZ,2024-10-11,12.0,12.17,11.58,11.72,11.98,-0.26,-2.1703,2070890.57,2455848.197,-0.02170283806343909,0.02626970227670755,0.1696606786427146,12.094,10.620999999999999,-0.030924425334876715,0.1034742491290841,0.6186297947253822,0.03774803094518992,0.034277170614937444,1.0158749346390539,0.05034129692832763,0.029010238907849706,2024-10-16,1,train
000001.SZ,2024-10-14,11.98,12.18,11.79,12.02,11.72,0.3,2.5597,2400595.09,2881934.272,0.025597269624573205,-0.015561015561015634,0.19364448857994043,12.056000000000001,10.7185,-0.0029860650298607627,0.12142557260810727,0.6460751696969718,0.036910446843410605,0.034466542306990526,1.1276496356912211,0.03244592346089855,-0.005823627287853572,2024-10-17,0,train
000001.SZ,2024-10-15,11.94,12.23,11.88,11.9,12.02,-0.12,-0.9983,2072840.77,2500974.427,-0.009983361064891727,-0.07608695652173914,0.18055555555555558,11.86,10.8095,0.00337268128161905,0.10088348212220732,0.6266488153683825,0.03672044672119652,0.03468420023408238,0.9471309683072497,0.02941176470588232,0.0117647058823529,2024-10-18,1,train
000001.SZ,2024-10-16,11.8,12.18,11.77,12.06,11.9,0.16,1.3445,1914493.53,2301340.929,0.013445378151260456,0.03253424657534243,0.2243654822335026,11.936,10.92,0.010388739946380676,0.10439560439560447,0.6421010774822145,0.036073519946512096,0.03391584252857526,0.8693103353752987,0.033996683250414605,-0.020729684908789348,2024-10-21,0,train
000001.SZ,2024-10-17,12.07,12.23,11.93,11.95,12.06,-0.11,-0.9121,1653708.09,1993261.646,-0.009121061359867455,-0.0025041736227046085,0.20707070707070696,11.930000000000001,11.022499999999999,0.0016764459346183536,0.0841460648673169,0.6230101494529212,0.035598364956450496,0.034174876263323134,0.7360925667310134,0.025104602510460313,-0.013389121338912124,2024-10-22,0,train
000001.SZ,2024-10-18,11.91,12.18,11.68,12.04,11.95,0.09,0.7531,2604654.16,3105820.973,0.007531380753138084,0.027303754266211566,0.24766839378238337,11.994,11.142,0.0038352509588126527,0.08059594327768793,0.6326341779121791,0.03577483386322132,0.03321523675775499,1.1220187786761855,0.04152823920265781,-0.014950166112956742,2024-10-23,0,train
000001.SZ,2024-10-21,11.94,11.94,11.63,11.81,12.04,-0.23,-1.9103,2806654.67,3302020.181,-0.019102990033222467,-0.017470881863560606,0.21252566735112932,11.952,11.2455,-0.011880856760374758,0.050197856920546124,0.5911042361464227,0.03634617755093382,0.03388729717590749,1.1537480761183154,0.026248941574936385,-0.005080440304826461,2024-10-24,0,train
000001.SZ,2024-10-22,11.76,11.93,11.72,11.79,11.81,-0.02,-0.1693,1617787.13,1908438.725,-0.0016934801016089684,-0.009243697478991675,0.2154639175257731,11.93,11.35,-0.011735121542330362,0.03876651982378854,0.5874926502195925,0.03507953858836102,0.03384017602347998,0.6509667302030888,0.01781170483460552,-0.006785411365563876,2024-10-25,0,train
000001.SZ,2024-10-23,11.82,11.89,11.75,11.86,11.79,0.07,0.5937,1511866.04,1787236.762,0.00593723494486853,-0.016583747927031545,0.2139201637666326,11.889999999999999,11.4545,-0.002523128679562614,0.0354009341306909,0.5967786804793638,0.033224770413382884,0.033847311684092746,0.5955464531029846,0.011804384485666152,-0.018549747048903775,2024-10-28,0,train
000001.SZ,2024-10-24,11.81,11.86,11.72,11.75,11.86,-0.11,-0.9275,885299.42,1042818.619,-0.009274873524451888,-0.0167364016736401,0.19775739041794083,11.85,11.5515,-0.008438818565400852,0.017183915508808267,0.5748782034416994,0.031991459588664874,0.03409478264993298,0.3473573930145209,0.011914893617021173,-0.017872340425531985,2024-10-29,0,train
000001.SZ,2024-10-25,11.77,11.78,11.69,11.71,11.75,-0.04,-0.3404,1105754.68,1296844.369,-0.0034042553191488967,-0.027408637873754027,0.18282828282828278,11.783999999999999,11.642,-0.006279701289884421,0.005840920803985794,0.5667335762903619,0.030356810126683904,0.03421360182114434,0.4312459287017366,0.007685738684884701,-0.03330486763450047,2024-10-30,0,train
000001.SZ,2024-10-28,11.68,11.68,11.53,11.64,11.71,-0.07,-0.5978,1169486.98,1356008.963,-0.005977796754910392,-0.014394580863674844,0.1593625498007969,11.75,11.722,-0.009361702127659521,-0.0069953932775975725,0.5519950757843551,0.029462550353369494,0.034343850237496046,0.45369011061684106,0.01288659793814436,-0.022336769759450203,2024-10-31,0,train
000001.SZ,2024-10-29,11.62,11.74,11.53,11.54,11.64,-0.1,-0.8591,1198024.82,1391150.259,-0.0085910652920963,-0.02120441051738764,0.11282545805207334,11.7,11.7805,-0.013675213675213738,-0.020415092737999352,0.5307597474879757,0.0288949809326063,0.034031085668214146,0.4687635174506632,0.01819757365684583,-0.009532062391681029,2024-11-01,0,train
000001.SZ,2024-10-30,11.5,11.58,11.27,11.32,11.54,-0.22,-1.9064,1482402.79,1686501.658,-0.01906412478336217,-0.04553119730185495,0.07809523809523822,11.592,11.8215,-0.023464458247067,-0.04242270439453544,0.4864247391110066,0.029308588083730422,0.034419707824187754,0.5878356538413712,0.02738515901060075,0.012367491166077826,2024-11-04,1,train
000001.SZ,2024-10-31,11.33,11.44,11.24,11.38,11.32,0.06,0.53,1250205.39,1419624.319,0.005300353356890497,-0.03148936170212757,0.020627802690583064,11.518,11.833,-0.011981246744226404,-0.03828276852869095,0.4987228934689059,0.02832696348482154,0.03179942997497317,0.5144908990077883,0.017574692442882185,0.023725834797891032,2024-11-05,1,train
000001.SZ,2024-11-01,11.38,11.55,11.34,11.43,11.38,0.05,0.4394,1589811.11,1821423.447,0.004393673110720364,-0.023911187019641456,0.0008756567425569628,11.462,11.8335,-0.0027918338858837766,-0.034098111294207256,0.5092687770468541,0.02750088100202787,0.031383248221151565,0.6860099864629834,0.018372703412073567,0.01049868766404205,2024-11-06,1,train
000001.SZ,2024-11-04,11.43,11.46,11.26,11.46,11.43,0.03,0.2625,1131516.11,1285874.126,0.002624671916010568,-0.015463917525773141,-0.061425061425061434,11.426,11.796000000000001,0.0029756695256433208,-0.028484231943031513,0.5158502148153545,0.026716254725076802,0.027175730434923315,0.5381670910578527,0.017452006980802882,0.03926701570680624,2024-11-07,1,train
000001.SZ,2024-11-05,11.42,11.66,11.39,11.65,11.46,0.19,1.6579,1665418.4,1925260.7,0.016579406631762605,0.00953206239168125,-0.09549689440993792,11.448,11.7345,0.017645003494060063,-0.0072009885380714955,0.5564254236852275,0.026058783745812025,0.02423595688291173,0.8805406876932885,0.023175965665236015,0.006008583690987113,2024-11-08,1,train
000001.SZ,2024-11-06,11.62,11.64,11.47,11.55,11.65,-0.1,-0.8584,1462286.36,1689977.501,-0.008583690987124415,0.020318021201413572,-0.011130136986301276,11.494000000000002,11.728,0.004872107186357999,-0.015177353342428312,0.5311926961627901,0.02552011625419438,0.01337603681060432,0.835112188239159,0.01471861471861471,0.0043290043290042934,2024-11-11,1,train
000001.SZ,2024-11-07,11.5,11.93,11.48,11.91,11.55,0.36,3.1169,2242843.79,2627007.561,0.03116883116883118,0.0465729349736379,-0.005843071786310494,11.6,11.7245,0.026724137931034564,0.015821570216213887,0.6012900317463771,0.025679773633005193,0.013953138759927342,1.3256933460858982,0.0377833753148614,-0.031066330814441767,2024-11-12,0,train
000001.SZ,2024-11-08,11.94,12.01,11.7,11.72,11.91,-0.19,-1.5953,1895104.15,2239060.534,-0.015952980688497043,0.025371828521434825,0.0,11.658000000000001,11.7245,0.005318236404185939,-0.00038381167640411107,0.5541919581030905,0.02612140024133468,0.013560766401886573,1.126002215681834,0.02645051194539253,-0.009385665529010323,2024-11-13,0,train
000001.SZ,2024-11-11,11.63,11.68,11.47,11.6,11.72,-0.12,-1.0239,1486951.64,1717961.562,-0.010238907849829393,0.012216404886561838,-0.03494176372712143,11.686,11.7035,-0.00735923327058019,-0.008843508352202378,0.5261602535657157,0.02604591465991227,0.012389196634325566,0.9081422077476679,0.01810344827586199,-0.005172413793103514,2024-11-14,0,train
000001.SZ,2024-11-12,11.58,11.84,11.51,11.54,11.6,-0.06,-0.5172,1717662.55,2005791.408,-0.005172413793103514,-0.009442060085837034,-0.03025210084033625,11.664,11.685500000000001,-0.01063100137174211,-0.012451328569594966,0.5122096895905546,0.026353824775407098,0.012272191889201431,1.0605496208594296,0.028596187175043336,-0.008665511265164572,2024-11-15,0,train
000001.SZ,2024-11-13,11.5,11.7,11.48,11.61,11.54,0.07,0.6066,1086263.28,1260161.857,0.0060658578856152,0.0051948051948049745,-0.037313432835821,11.675999999999998,11.663,-0.005652620760534299,-0.004544285346823385,0.5279352724498149,0.025677376601492385,0.011924516082319246,0.6882990437196366,0.018949181739879317,0.012058570198105079,2024-11-18,1,train
000001.SZ,2024-11-14,11.59,11.7,11.53,11.54,11.61,-0.07,-0.6029,1159783.11,1348378.229,-0.006029285099052539,-0.031066330814441767,-0.03430962343096233,11.602,11.6425,-0.005343906223065131,-0.008803951041443048,0.51022126509032,0.025040148863971563,0.011848777980423717,0.7465667524281889,0.014731369150779891,0.012131715771230622,2024-11-19,1,train
000001.SZ,2024-11-15,11.5,11.61,11.42,11.44,11.54,-0.1,-0.8666,1215783.51,1399308.729,-0.008665511265164572,-0.023890784982935287,-0.04983388704318936,11.545999999999998,11.6125,-0.009180668629828359,-0.014854682454252033,0.4851761940223565,0.024641128450131205,0.011744975110993386,0.8192361195896961,0.016608391608391566,0.0174825174825175,2024-11-20,1,train
000001.SZ,2024-11-18,11.63,12.04,11.62,11.75,11.44,0.31,2.7098,3797324.45,4493249.093,0.027097902097902082,0.012931034482758674,-0.005080440304826461,11.575999999999999,11.6095,0.015031098825155631,0.01210215771566392,0.5576636302540154,0.025924794061419527,0.012749641187736005,2.4761195746209674,0.035744680851063824,-0.013617021276595809,2024-11-21,0,train
000001.SZ,2024-11-19,11.75,11.96,11.55,11.68,11.75,-0.07,-0.5957,2430036.65,2849661.696,-0.005957446808510625,0.012131715771230622,-0.009329940627650468,11.604,11.604,0.006549465701482182,0.006549465701482182,0.5392017289705597,0.026724634863514146,0.012808780545377027,1.5436730652948043,0.03510273972602741,-0.03424657534246578,2024-11-22,0,train
000001.SZ,2024-11-20,11.67,11.75,11.61,11.64,11.68,-0.04,-0.3425,1286572.48,1498818.034,-0.003424657534246478,0.0025839793281654533,-0.018549747048903775,11.61,11.593,0.0025839793281654533,0.004054170620201969,0.5284360074848298,0.025760116333308717,0.012739980781713461,0.8231816475466583,0.012027491408934755,-0.03951890034364269,2024-11-25,0,train
000001.SZ,2024-11-21,11.62,11.65,11.56,11.59,11.64,-0.05,-0.4296,883408.06,1023998.432,-0.004295532646048206,0.004332755632582286,-0.013617021276595809,11.620000000000001,11.584999999999999,-0.002581755593803914,0.0004315925766078532,0.5146047907897028,0.024577966248960158,0.012621110595016664,0.5652610461255296,0.007765314926660902,-0.02761000862812768,2024-11-26,0,train
000001.SZ,2024-11-22,11.59,11.61,11.28,11.28,11.59,-0.31,-2.6747,1625317.44,1858071.592,-0.026747195858498718,-0.013986013986013957,-0.03672075149444931,11.588,11.5635,-0.02657921988263723,-0.02451679854715272,0.438050650255226,0.025539274156096928,0.013845792901166078,1.0229777525147217,0.029255319148936178,0.009751773049645474,2024-11-27,1,train
000001.SZ,2024-11-25,11.28,11.34,11.14,11.18,11.28,-0.1,-0.8865,1166020.32,1310130.629,-0.00886524822695034,-0.04851063829787239,-0.03951890034364269,11.474,11.5405,-0.025623147986752692,-0.031237814652744667,0.416524875438216,0.02520495248051401,0.013903811634252918,0.7339753837714855,0.017889087656529454,0.014311270125223707,2024-11-28,1,train
000001.SZ,2024-11-26,11.18,11.31,11.14,11.27,11.18,0.09,0.805,831078.2,933733.855,0.00805008944543828,-0.0351027397260274,-0.023396880415944454,11.392,11.527,-0.010709269662921295,-0.0222954801769758,0.4430511912354422,0.024295143830129966,0.013977306212148535,0.5292515842187963,0.015084294587400172,0.00976042590949433,2024-11-29,1,train
000001.SZ,2024-11-27,11.24,11.39,11.15,11.39,11.27,0.12,1.0648,895178.05,1010001.964,0.010647737355812037,-0.021477663230240585,0.006183745583038913,11.341999999999999,11.5305,0.004232057838123859,-0.012185074367980553,0.477180669318377,0.02382717623574778,0.013560269912452872,0.5809342833111564,0.021071115013169463,0.0,2024-12-02,0,train
000001.SZ,2024-11-28,11.39,11.42,11.32,11.34,11.39,-0.05,-0.439,733168.54,833121.339,-0.004389815627743654,-0.021570319240724722,-0.0035149384885765356,11.292,11.5285,0.004250797024442088,-0.016350782842520672,0.4644106950564531,0.022852670604857486,0.013549627468807507,0.48391522378729396,0.008818342151675453,0.013227513227513255,2024-12-03,1,train
000001.SZ,2024-11-29,11.37,11.46,11.34,11.38,11.34,0.04,0.3527,1028487.58,1173316.154,0.003527336860670305,0.00886524822695045,-0.004374453193350725,11.312000000000001,11.526,0.00601131541725608,-0.012667013708138053,0.47648089285991707,0.021898949915692262,0.013536619784382063,0.6916479502492947,0.010544815465729437,0.007029876977152849,2024-12-04,1,train
000001.SZ,2024-12-02,11.39,11.4,11.31,11.39,11.38,0.01,0.0879,975433.66,1108785.597,0.0008787346221441616,0.01878354203935606,-0.00610820244328103,11.354,11.5225,0.003170688744055017,-0.01149924061618579,0.4796381693525293,0.02088129092266094,0.013524210239190648,0.6594305234045913,0.00790166812993853,0.004389815627743543,2024-12-05,1,train
000001.SZ,2024-12-03,11.37,11.5,11.35,11.49,11.39,0.1,0.878,1082559.36,1236992.678,0.008779631255487308,0.01952085181898844,-0.01373390557939913,11.398,11.514500000000002,0.008071591507281983,-0.002127751964913882,0.5113734143386887,0.020153504581116536,0.013141326850998242,0.7465601434537239,0.013054830287206297,0.014795474325500324,2024-12-06,1,train
000001.SZ,2024-12-04,11.44,11.53,11.37,11.46,11.49,-0.03,-0.2611,1007470.59,1154623.37,-0.0026109660574411553,0.006145741878841093,-0.007792207792207795,11.412,11.51,0.004206098843322792,-0.004344048653344812,0.501492284271219,0.019760215527807136,0.01302396649912076,0.7058465633429936,0.013961605584642245,0.018324607329842868,2024-12-09,1,train
000001.SZ,2024-12-05,11.44,11.5,11.41,11.44,11.46,-0.02,-0.1745,687108.83,786137.964,-0.0017452006980803736,0.008818342151675429,-0.0394626364399665,11.431999999999999,11.4865,0.0006997900629812648,-0.004048230531493502,0.4946304107544715,0.018942787895433987,0.01083897628636687,0.5091446409744549,0.007867132867132856,0.030594405594405627,2024-12-10,1,train
000001.SZ,2024-12-06,11.44,11.7,11.43,11.66,11.44,0.22,1.9231,1726269.27,2004270.466,0.019230769230769384,0.024604569420035194,-0.005119453924914752,11.488000000000001,11.483500000000001,0.014972144846796542,0.015369878521356739,0.5651200386476105,0.01891185625955,0.011270499715448759,1.2872098647790524,0.023156089193825006,0.006003430531732468,2024-12-11,1,train
000001.SZ,2024-12-09,11.63,11.72,11.59,11.67,11.66,0.01,0.0858,964063.16,1123441.855,0.0008576329331047017,0.024582967515364373,0.0060344827586207295,11.544,11.487,0.010914760914760846,0.015931052494123854,0.568069157884339,0.01834165241659071,0.01103293876459711,0.733156059117556,0.011139674378748996,0.015424164524421524,2024-12-12,1,train
000001.SZ,2024-12-10,11.9,11.95,11.75,11.79,11.67,0.12,1.0283,2167807.24,2564600.677,0.010282776349614275,0.02610966057441244,0.02166377816291165,11.604000000000001,11.4995,0.016028955532574773,0.025261967911648364,0.6028723435136465,0.018554538277723107,0.011158797865158044,1.6208429460402516,0.016963528413910033,-0.019508057675996504,2024-12-13,0,train
000001.SZ,2024-12-11,11.79,11.83,11.72,11.73,11.79,-0.06,-0.5089,967691.45,1138374.175,-0.0050890585241729624,0.023560209424083656,0.010335917312661591,11.658,11.505500000000001,0.006176016469377377,0.019512407109643082,0.5778032046612419,0.017987176238135547,0.011177131810073324,0.7267525573188288,0.009377664109121862,-0.013640238704177299,2024-12-16,0,train
000001.SZ,2024-12-12,11.73,11.87,11.71,11.85,11.73,0.12,1.023,986234.59,1164062.448,0.010230179028132946,0.03583916083916083,0.026863084922010394,11.739999999999998,11.521,0.009369676320272635,0.02855654891068471,0.6125081457032115,0.017497676338476723,0.011258107626467492,0.7455373544783357,0.013502109704641213,-0.02700421940928277,2024-12-17,0,train
000001.SZ,2024-12-13,11.79,11.8,11.56,11.56,11.85,-0.29,-2.4473,1343792.89,1565589.089,-0.024472573839662393,-0.00857632933104624,0.010489510489510634,11.72,11.527000000000001,-0.013651877133105783,0.00286284375813306,0.504565027618415,0.01844733712272824,0.01243011183550236,1.0109398059230026,0.0207612456747405,0.007785467128027745,2024-12-18,1,train
000001.SZ,2024-12-16,11.56,11.66,11.53,11.57,11.56,0.01,0.0865,805717.78,934226.189,0.0008650519031141446,-0.00856898029134534,-0.015319148936170146,11.7,11.518,-0.011111111111111072,0.004514672686230181,0.5077862707024875,0.01791743315720213,0.010848128446752385,0.6830022199574529,0.011235955056179843,0.0017286084701815252,2024-12-19,1,train
000001.SZ,2024-12-17,11.57,11.65,11.52,11.53,11.57,-0.04,-0.3457,802119.95,929225.455,-0.0034572169403630504,-0.022052586938083096,-0.012842465753424737,11.648,11.5105,-0.010130494505494525,0.001694105382042288,0.4939516903551745,0.017500688397811753,0.010801270068124862,0.730345287336658,0.011274934952298421,0.007805724197744945,2024-12-20,1,train
000001.SZ,2024-12-18,11.58,11.74,11.57,11.65,11.53,0.12,1.0408,1016589.66,1186285.805,0.01040763226366015,-0.006820119352088705,0.0008591065292096189,11.632000000000001,11.511,0.0015474552957357446,0.012075406133263966,0.5348914507048955,0.01737080431605153,0.011037712941302036,0.9371426159659709,0.014592274678111581,0.006866952789699621,2024-12-23,1,train
000001.SZ,2024-12-19,11.59,11.64,11.54,11.59,11.65,-0.06,-0.515,697379.04,808465.664,-0.0051502145922747156,-0.021940928270042126,0.0,11.58,11.511,0.0008635578583764403,0.006863000608114067,0.5125631641438883,0.016891460086688063,0.011056303419268783,0.6484385429990439,0.008628127696290028,0.023295944779982758,2024-12-24,1,train
000001.SZ,2024-12-20,11.59,11.7,11.58,11.62,11.59,0.03,0.2588,714646.27,831437.46,0.0025884383088869978,0.00519031141868509,0.03014184397163122,11.591999999999999,11.528,0.0024154589371980784,0.007980569049271136,0.5232785815485964,0.016382077030128412,0.0091909927121266,0.6938711963656254,0.01032702237521508,0.025817555938038028,2024-12-25,1,train
000001.SZ,2024-12-23,11.64,11.84,11.64,11.73,11.62,0.11,0.9466,1659404.76,1953519.499,0.009466437177280573,0.01382886776145198,0.04919499105545633,11.623999999999999,11.5555,0.009119064005505884,0.015101034139587188,0.5613553189171939,0.016408942614609658,0.009021289003406858,1.5734771067539144,0.017050298380221592,0.011082693947144007,2024-12-26,1,train
000001.SZ,2024-12-24,11.72,11.87,11.72,11.86,11.73,0.13,1.1083,1350836.91,1595698.79,0.011082693947144007,0.028620988725065022,0.05235137533274181,11.690000000000001,11.584999999999999,0.014542343883661157,0.0237375917134226,0.6018313124616465,0.015973257403648675,0.009138946297383366,1.250082765516629,0.012647554806070707,-0.002529510961214121,2024-12-27,0,train
000001.SZ,2024-12-25,11.86,12.02,11.84,11.92,11.86,0.06,0.5059,1475282.94,1759956.63,0.005059021922428464,0.023175965665235942,0.04653204565408253,11.744,11.611500000000001,0.014986376021798309,0.026568488136760937,0.6192923034672136,0.015836270532685475,0.00897242078691143,1.3295589889749448,0.015100671140939574,0.00251677852348986,2024-12-30,1,train
000001.SZ,2024-12-26,11.92,11.93,11.78,11.86,11.92,-0.06,-0.5034,1000074.7,1183745.519,-0.005033557046979942,0.023295944779982758,0.04585537918871241,11.798,11.6375,0.0052551279877945944,0.019119226638023568,0.5913641967269004,0.01568289858916491,0.008997542362905389,0.8905792847550466,0.012647554806070858,-0.013490725126475533,2024-12-31,0,train
000001.SZ,2024-12-27,11.87,11.9,11.66,11.83,11.86,-0.03,-0.253,1290012.28,1518383.345,-0.002529510961214121,0.01807228915662651,0.039543057996485054,11.84,11.66,-0.0008445945945946276,0.014579759862778818,0.5773445972418755,0.016048721799767213,0.009052391206229764,1.1355494334638696,0.020287404902789536,-0.03381234150464918,2025-01-02,0,train
000001.SZ,2024-12-30,11.78,11.97,11.78,11.95,11.83,0.12,1.0144,1351846.36,1610892.096,0.01014370245139462,0.018755328218243772,0.049165935030728525,11.884,11.687999999999999,0.005553685627734728,0.022416153319644083,0.6165080935919497,0.015888421551621047,0.00921959677310012,1.1705864336855134,0.015899581589958266,-0.047698744769874346,2025-01-03,0,train
000001.SZ,2024-12-31,11.93,11.99,11.7,11.7,11.95,-0.25,-2.0921,1475367.33,1747242.074,-0.02092050209205021,-0.013490725126475533,0.018276762402088753,11.852,11.6985,-0.012824839689503986,0.00012822156686764785,0.5103998721918445,0.016839232527743164,0.010396514719759303,1.2561814966174984,0.02478632478632487,-0.022222222222222254,2025-01-06,0,train
000001.SZ,2025-01-02,11.73,11.77,11.39,11.43,11.7,-0.27,-2.3077,1819596.99,2102923.078,-0.023076923076922995,-0.041107382550335636,-0.002617801047120505,11.754,11.697,-0.027565084226646275,-0.02282636573480379,0.4252697620164352,0.01838049785945341,0.011631510642157693,1.4974971527261651,0.03324584426946623,0.006999125109361293,2025-01-07,1,train
000001.SZ,2025-01-03,11.44,11.54,11.36,11.38,11.43,-0.05,-0.4374,1154680.44,1320520.978,-0.004374453193350725,-0.04047217537942649,-0.005244755244755095,11.658,11.693999999999999,-0.023846285812317625,-0.02685137677441407,0.4115793310703824,0.01827239629008399,0.011664591433835941,0.932343768434593,0.015817223198593997,0.010544815465729274,2025-01-08,1,train
000001.SZ,2025-01-06,11.38,11.48,11.22,11.44,11.38,0.06,0.5272,1085536.3,1234305.778,0.005272407732864526,-0.03296703296703296,-0.018867924528301994,11.58,11.682999999999998,-0.012089810017271163,-0.020799452195497614,0.4350813128617942,0.018501612806912,0.010872116912189901,0.8997891747173596,0.02272727272727271,-0.0034965034965034336,2025-01-09,0,train
000001.SZ,2025-01-07,11.42,11.53,11.37,11.51,11.44,0.07,0.6119,747862.88,858329.049,0.006118881118881037,-0.03682008368200829,-0.01371036846615259,11.492,11.675,0.0015663069961711074,-0.01413276231263394,0.46207544730015954,0.018068510963410406,0.010974447487585911,0.6255000369940705,0.013900955690703749,-0.01824500434404852,2025-01-10,0,train
000001.SZ,2025-01-08,11.5,11.63,11.4,11.5,11.51,-0.01,-0.0869,1062386.01,1223598.997,-0.0008688097306689402,-0.017094017094017033,-0.024597116200169578,11.452,11.6605,0.004191407614390519,-0.01376441833540587,0.458703335177174,0.018221063946926085,0.010685352440106256,0.9316290937045666,0.02000000000000004,-0.026086956521739202,2025-01-13,0,train
000001.SZ,2025-01-09,11.5,11.5,11.35,11.4,11.5,-0.1,-0.8696,751483.3,857836.086,-0.008695652173912993,-0.002624671916010457,-0.02813299232736577,11.446000000000002,11.644,-0.004018871221387443,-0.020954998282377124,0.4252800733231749,0.018007826190886277,0.010779701161490872,0.6652987860964805,0.013157894736842136,-0.0017543859649122862,2025-01-14,0,train
000001.SZ,2025-01-10,11.4,11.46,11.28,11.3,11.4,-0.1,-0.8772,798133.51,905005.041,-0.00877192982456132,-0.00702987697715296,-0.04641350210970452,11.43,11.616499999999998,-0.011373578302712128,-0.02724572805922587,0.394336623516022,0.018007331488554663,0.010550625858258559,0.7125317198219185,0.01592920353982314,0.015929203539823078,2025-01-15,1,train
000001.SZ,2025-01-13,11.25,11.26,11.08,11.2,11.3,-0.1,-0.885,934966.18,1044904.416,-0.008849557522124019,-0.020979020979021046,-0.03114186851211087,11.382,11.5985,-0.01599015990159902,-0.034357891106608696,0.36568277970705665,0.018273450227478834,0.009396611356088371,0.8502040812991658,0.016071428571428546,0.03303571428571428,2025-01-16,1,train
000001.SZ,2025-01-14,11.2,11.4,11.19,11.38,11.2,0.18,1.6071,824628.95,934467.766,0.016071428571428736,-0.011294526498696666,-0.016421780466724267,11.356,11.589,0.0021134202183867856,-0.018034342911381396,0.44399849697020577,0.01801791584936555,0.010145509030905811,0.7492255849741362,0.018453427065026437,0.0061511423550086874,2025-01-17,1,train
000001.SZ,2025-01-15,11.38,11.58,11.36,11.48,11.38,0.1,0.8787,1031630.82,1185403.653,0.008787346221441172,-0.0017391304347825765,-0.004336513443191636,11.352,11.5865,0.01127554615926707,-0.009191731756785781,0.48224394828620876,0.017954022341682058,0.010332948354622541,0.9276277216091439,0.019163763066202145,-0.005226480836237002,2025-01-20,0,train
000001.SZ,2025-01-16,11.55,11.59,11.47,11.57,11.48,0.09,0.784,872963.99,1007689.274,0.00783972125435528,0.014912280701754321,-0.006866952789699621,11.386,11.5825,0.01616019673282998,-0.0010792143319662273,0.5146052576554478,0.017282740426426902,0.010216086915821616,0.7900584211032283,0.010371650821088955,-0.02074330164217808,2025-01-21,0,train
000001.SZ,2025-01-17,11.53,11.55,11.42,11.45,11.57,-0.12,-1.0372,689764.86,791230.419,-0.010371650821089151,0.01327433628318575,-0.012079378774805916,11.416,11.5755,0.0029782761037140393,-0.01084186428232048,0.4722241310205835,0.0171521958049836,0.010401927803712744,0.6244729140036737,0.011353711790393082,-0.031441048034934416,2025-01-22,0,train
000001.SZ,2025-01-20,11.5,11.52,11.4,11.42,11.45,-0.03,-0.262,832029.13,953092.179,-0.0026200873362445254,0.019642857142857295,-0.01721170395869187,11.459999999999999,11.5655,-0.003490401396160525,-0.012580519648956012,0.4619806687127758,0.016719441741129645,0.01038520229408975,0.7492892861708937,0.010507880910682945,-0.008756567425569184,2025-01-23,0,train
000001.SZ,2025-01-21,11.45,11.45,11.32,11.33,11.42,-0.09,-0.7881,902068.94,1024879.174,-0.007880910683012221,-0.004393673110720586,-0.0341005967604433,11.45,11.5455,-0.010480349344978102,-0.018665280845351018,0.43172467593001346,0.0164680892755523,0.01021340166651988,0.8410447191993851,0.011473962930273522,0.0008826125330978485,2025-01-24,1,train
000001.SZ,2025-01-22,11.32,11.33,11.08,11.09,11.33,-0.24,-2.1183,1347129.22,1504818.607,-0.02118270079435125,-0.03397212543554007,-0.06492411467116355,11.372,11.507000000000001,-0.024797748856841384,-0.03623881115842542,0.3633803506902411,0.017232931015046363,0.010610439410989951,1.2562141661485626,0.02254283137962128,0.03426510369702451,2025-01-27,1,train
000001.SZ,2025-01-23,11.17,11.4,11.17,11.32,11.09,0.23,2.0739,1514920.27,1715172.472,0.02073940486925152,-0.021607605877268843,-0.05033557046979864,11.322,11.477,-0.00017664723547061723,-0.013679532979001485,0.4527840719212899,0.017632961032554486,0.011720008963213529,1.4100753537109103,0.020318021201413464,0.004416961130741859,2025-02-05,1,train
000001.SZ,2025-01-24,11.32,11.39,11.22,11.34,11.32,0.02,0.1767,944944.21,1069899.088,0.0017667844522968323,-0.009606986899563297,-0.04384485666104554,11.3,11.451,0.003539823008849474,-0.009693476552266267,0.45988715518178586,0.017415385144562347,0.011740495719926799,0.8818088164089891,0.014991181657848318,0.0017636684303350414,2025-02-06,1,train
000001.SZ,2025-01-27,11.38,11.55,11.38,11.47,11.34,0.13,1.1464,1151934.71,1324270.607,0.011463844797178213,0.004378283712784592,-0.030431107354184195,11.309999999999999,11.433,0.014146772767462679,0.003236245954692629,0.5048755585861271,0.017295902839776948,0.012109398797416284,1.0819399873984417,0.014821272885789008,-0.007846556233653046,2025-02-07,0,train
000001.SZ,2025-02-05,11.5,11.52,11.33,11.37,11.47,-0.1,-0.8718,843433.7,961193.579,-0.008718395815170088,0.003530450132391838,-0.04853556485355648,11.318000000000001,11.404,0.004594451316486836,-0.0029814100315679326,0.4722871231289346,0.017395351629847598,0.011900850372105145,0.8115611869010132,0.016710642040457302,0.005277044854881341,2025-02-10,1,purged
000001.SZ,2025-02-06,11.35,11.45,11.3,11.36,11.37,-0.01,-0.088,955603.25,1084793.176,-0.0008795074758135568,0.024346257889990897,-0.029059829059829068,11.372,11.386999999999999,-0.0010552233556102575,-0.002371124967067595,0.46902679357729565,0.01711020450457603,0.011118386214364872,0.9430746140915239,0.013204225352112551,0.005281690140845008,2025-02-11,1,purged
000001.SZ,2025-02-07,11.36,11.45,11.31,11.38,11.36,0.02,0.1761,1407492.62,1601621.98,0.0017605633802817433,0.005300353356890497,-0.004374453193350725,11.384,11.3845,-0.00035137034434284953,-0.0003952742764283812,0.47680595647318463,0.01673885890808302,0.009955396824784272,1.41787191813679,0.012302284710017469,0.0035149384885764245,2025-02-12,1,purged
000001.SZ,2025-02-10,11.38,11.5,11.36,11.43,11.38,0.05,0.4394,1026590.93,1174044.624,0.004393673110720364,0.007936507936507908,0.004393673110720364,11.402000000000001,11.387,0.002455709524644689,0.003776236058663285,0.49665988680658274,0.016350123652429712,0.009953638289836256,1.0408767668999934,0.012248468941382377,0.006124234470691103,2025-02-13,1,test
000001.SZ,2025-02-11,11.4,11.47,11.37,11.42,11.43,-0.01,-0.0875,844520.03,963865.615,-0.0008748906386701893,-0.0043591979075850995,-0.0017482517482516613,11.392,11.386000000000001,0.002457865168539408,0.0029861233093271267,0.49263343720315367,0.015821021225384865,0.009889085077184515,0.8668639907173006,0.008756567425569302,0.011383537653240072,2025-02-14,1,test
000001.SZ,2025-02-12,11.41,11.43,11.34,11.42,11.42,0.0,0.0,988806.83,1125323.633,0.0,0.004397537379067895,-0.007819287576020795,11.402,11.381499999999999,0.001578670408700189,0.0033826824232308095,0.49263343720315367,0.015253870472358249,0.009787989277386316,1.0025705465608101,0.007880910683012247,0.031523642732048884,2025-02-17,1,test
000001.SZ,2025-02-13,11.42,11.55,11.4,11.5,11.42,0.08,0.7005,1358639.27,1560709.511,0.007005253940455258,0.012323943661971981,0.0,11.43,11.381499999999999,0.006124234470691103,0.010411632913060798,0.5281268532253421,0.014997450995815566,0.009916500553287647,1.357167779835063,0.013043478260869596,0.026956521739130546,2025-02-18,1,test
000001.SZ,2025-02-14,11.49,11.55,11.43,11.55,11.5,0.05,0.4348,973057.74,1118355.997,0.004347826086956497,0.01493848857644986,0.013157894736842035,11.463999999999999,11.389,0.00750174459176578,0.014136447449293321,0.5493462786314559,0.014608032924393494,0.009747411045053824,0.961364701512817,0.010389610389610475,0.013852813852813783,2025-02-19,1,test
000001.SZ,2025-02-17,11.6,11.8,11.55,11.78,11.55,0.23,1.9913,2061965.42,2413146.067,0.019913419913419883,0.03062117235345574,0.04247787610619458,11.534,11.413,0.02132824692214319,0.0321563129764304,0.6314475950693685,0.014815644819292284,0.01034035982558285,1.917474951204547,0.021222410865874366,-0.01018675721561968,2025-02-20,0,test
000001.SZ,2025-02-18,11.76,11.96,11.76,11.81,11.78,0.03,0.2547,1996610.49,2371071.467,0.002546689303905003,0.03415061295971977,0.054464285714285854,11.612,11.4435,0.017051326214261087,0.032026914842486987,0.6406438363940044,0.01493206633377538,0.010028616325666541,1.7693596529731652,0.01693480101608815,-0.014394580863674844,2025-02-21,0,test
000001.SZ,2025-02-19,11.8,11.81,11.68,11.71,11.81,-0.1,-0.8467,1177748.95,1382467.174,-0.008467400508043954,0.02539404553415059,0.02899824253075578,11.67,11.459999999999999,0.003427592116538314,0.021815008726003615,0.5879772621390282,0.014776870466173814,0.009817167342051967,1.0276209586660432,0.011101622544833541,-0.010247651579846417,2025-02-24,0,test
000001.SZ,2025-02-20,11.71,11.76,11.65,11.66,11.71,-0.05,-0.427,784396.27,917231.443,-0.004269854824936026,0.013913043478260834,0.015679442508710784,11.702000000000002,11.469,-0.0035891300632371337,0.01665358793268812,0.5630529960297469,0.014454073701700805,0.00974328997311176,0.6918715650249753,0.009433962264150894,-0.016295025728988,2025-02-25,0,test
000001.SZ,2025-02-21,11.69,11.71,11.55,11.64,11.66,-0.02,-0.1715,973968.97,1131033.824,-0.0017152658662091813,0.007792207792207684,0.006050129645635227,11.720000000000002,11.4725,-0.006825938566553003,0.014600130747439488,0.5529558878506456,0.014426537136130388,0.009621140772646773,0.8552730696623612,0.013745704467353964,-0.010309278350515538,2025-02-26,0,test
000001.SZ,2025-02-24,11.63,11.69,11.56,11.59,11.64,-0.05,-0.4296,949956.17,1103548.964,-0.004295532646048206,-0.016129032258064502,0.012227074235807933,11.682,11.4795,-0.00787536380756726,0.009625854784615973,0.5274884428814072,0.014255044986067111,0.009370524168335878,0.8247644657460277,0.01121656600517679,0.0025884383088869978,2025-02-27,1,test
000001.SZ,2025-02-25,11.56,11.58,11.46,11.47,11.59,-0.12,-1.0354,917156.02,1055685.157,-0.010353753235547769,-0.028789161727349688,0.004378283712784592,11.614,11.482000000000001,-0.012398828999483413,-0.0010451140916216684,0.47137610332133256,0.014184877494399867,0.009652871470390711,0.7933551671621387,0.010462074978203941,0.0052310374891018085,2025-02-28,1,test
000001.SZ,2025-02-26,11.47,11.6,11.47,11.52,11.47,0.05,0.4359,841645.52,970641.211,0.0043591979075849885,-0.016225448334756698,0.01676963812886134,11.576,11.491499999999998,-0.004837595024188013,0.002480093982508924,0.4954593498837456,0.013920554831286975,0.00950388093476664,0.7299449435369404,0.011284722222222137,-0.0008680555555555802,2025-03-03,0,test
000001.SZ,2025-02-27,11.53,11.63,11.46,11.62,11.52,0.1,0.8681,977309.75,1130386.662,0.00868055555555558,-0.0034305317324185847,0.04779080252479706,11.568,11.517999999999999,0.004495159059474396,0.008855704115297902,0.5405438244456309,0.01385998458036352,0.00817358965188212,0.8614187325737425,0.014629948364888118,-0.009466437177280462,2025-03-04,0,test
000001.SZ,2025-02-28,11.58,11.68,11.5,11.53,11.62,-0.09,-0.7745,949088.06,1100335.054,-0.007745266781411297,-0.00945017182130592,0.018551236749116518,11.546000000000001,11.5285,-0.0013857613026158067,0.0001301123303119045,0.49745982098210056,0.014085548697247633,0.0072817359121112625,0.857937792861707,0.015611448395490002,0.011274934952298477,2025-03-05,1,test
000001.SZ,2025-03-03,11.52,11.56,11.45,11.51,11.53,-0.02,-0.1735,830456.95,955266.366,-0.0017346053772766545,-0.00690250215703192,0.014991181657848296,11.53,11.537,-0.0017346053772766545,-0.00234029643754885,0.48814854264922486,0.013784801379114118,0.007301957985200956,0.7546047707900603,0.009556907037358923,0.010425716768027948,2025-03-06,1,test
000001.SZ,2025-03-04,11.47,11.55,11.44,11.51,11.51,0.0,0.0,683178.73,785447.989,0.0,0.0034873583260679464,0.0034873583260679464,11.538,11.539,-0.0024267637372161754,-0.0025132160499176104,0.48814854264922497,0.013482808926131603,0.006877697211062343,0.634287068641649,0.009556907037358923,0.013900955690703709,2025-03-07,1,test
000001.SZ,2025-03-05,11.52,11.67,11.48,11.66,11.51,0.15,1.3032,1080645.44,1254892.074,0.01303214596003488,0.012152777777777901,0.025505716798592815,11.565999999999999,11.5535,0.008127269583261487,0.009217985891721181,0.5598151748535866,0.013522621291454737,0.007097989603178151,0.9923811998374251,0.01629502572898795,-0.006003430531732468,2025-03-10,0,test
000001.SZ,2025-03-06,11.69,11.7,11.6,11.63,11.66,-0.03,-0.2573,877407.71,1021780.609,-0.002572898799313883,0.000860585197934638,0.02376760563380298,11.568000000000001,11.567,0.005359612724757934,0.00544652891847508,0.543427060270551,0.013203285440109992,0.00713331826691178,0.8086467812852763,0.008598452278589823,-0.0017196904557180703,2025-03-11,0,test
000001.SZ,2025-03-07,11.63,11.69,11.6,11.67,11.63,0.04,0.3439,835536.69,973236.69,0.0034393809114359186,0.012142237640936804,0.025483304042179133,11.596,11.581500000000002,0.006381510865815843,0.007641497215386428,0.5618447749271399,0.012769033698679334,0.007149274821147261,0.7909026546872892,0.007712082262210785,0.015424164524421524,2025-03-12,1,test
000001.SZ,2025-03-10,11.66,11.67,11.55,11.59,11.67,-0.08,-0.6855,663833.93,769261.385,-0.006855184233076295,0.0069504778453519656,0.013998250218722585,11.612,11.5895,-0.0018945918015845775,4.31424996765184e-05,0.5169316403426415,0.01267835635662912,0.007322915335391418,0.6393491299310976,0.01035375323554782,0.021570319240724833,2025-03-13,1,test
000001.SZ,2025-03-11,11.54,11.61,11.52,11.61,11.59,0.02,0.1726,608975.27,704240.464,0.0017256255392579245,0.008688097306689846,0.016637478108581405,11.632000000000001,11.599,-0.0018913342503440456,0.0009483576170359331,0.5271091752330862,0.012306188951970653,0.007316491297587193,0.5932429365771371,0.007751937984496112,0.03100775193798455,2025-03-14,1,test
000001.SZ,2025-03-12,11.6,11.87,11.56,11.85,11.61,0.24,2.0672,1877318.4,2210904.482,0.02067183462532296,0.016295025728988,0.0376532399299474,11.669999999999998,11.6205,0.015424164524421746,0.019749580482767426,0.6283094068732444,0.013064334529963409,0.008489269442462104,1.7529553548529688,0.02616033755274251,-0.029535864978902926,2025-03-17,0,test
000001.SZ,2025-03-13,11.81,11.91,11.78,11.84,11.85,-0.01,-0.0844,1312371.21,1555123.174,-0.0008438818565400519,0.018056749785038573,0.029565217391304355,11.712,11.6375,0.010928961748633892,0.017400644468313686,0.6223333171061461,0.012925680105820849,0.008424704187337066,1.228085969619957,0.010979729729729796,-0.029560810810810745,2025-03-18,0,test
000001.SZ,2025-03-14,11.82,12.0,11.82,11.97,11.84,0.13,1.098,1722417.65,2057970.454,0.010979729729729826,0.02570694087403602,0.036363636363636376,11.772,11.6585,0.01681957186544336,0.02671870309216451,0.6667135199435543,0.012946179030241941,0.008657827972380891,1.557199724675734,0.015037593984962381,-0.03759398496240607,2025-03-19,0,test
000001.SZ,2025-03-17,11.63,11.67,11.46,11.5,11.97,-0.47,-3.9265,4603612.1,5315522.817,-0.039264828738513,-0.007765314926660882,-0.02376910016977929,11.754,11.644499999999999,-0.0216096647949634,-0.012409291940400968,0.4574268885408334,0.015680465334757445,0.011587082392055052,3.7331173887322167,0.01826086956521731,-0.0008695652173912327,2025-03-20,0,test
000001.SZ,2025-03-18,11.52,11.54,11.48,11.49,11.5,-0.01,-0.087,1605290.0,1846500.421,-0.0008695652173912327,-0.01033591731266148,-0.02709568162574094,11.73,11.628499999999999,-0.020460358056266004,-0.011910392569978834,0.4541602717335267,0.014946099512285446,0.011556702270848823,1.3227333940131962,0.005221932114882395,-0.006092254134029584,2025-03-21,0,test
000001.SZ,2025-03-19,11.48,11.53,11.46,11.52,11.49,0.03,0.2611,1362454.91,1566452.161,0.0026109660574411553,-0.027848101265822822,-0.016225448334756698,11.663999999999998,11.619,-0.012345679012345512,-0.008520526723470145,0.46646980105061603,0.014276406771763861,0.011465263118726587,1.1141626608041644,0.00607638888888876,-0.012152777777777679,2025-03-24,0,test
000001.SZ,2025-03-20,11.51,11.61,11.49,11.49,11.52,-0.03,-0.2604,1101157.24,1268849.14,-0.0026041666666666297,-0.029560810810810745,-0.014579759862778707,11.594,11.6105,-0.008970156977747057,-0.010378536669394034,0.45540959632012595,0.014037266431302715,0.011445432559089929,0.888969877020854,0.010443864229764946,-0.005221932114882533,2025-03-25,0,test
000001.SZ,2025-03-21,11.49,11.52,11.39,11.42,11.49,-0.07,-0.6092,1376388.97,1576151.833,-0.006092254134029584,-0.04594820384294074,-0.018900343642611728,11.484,11.5995,-0.005572971090212486,-0.015474804948489185,0.4298019599995398,0.013927611251211443,0.0115050605365459,1.0934048272872208,0.011383537653239843,-0.003502626970227629,2025-03-26,0,test
000001.SZ,2025-03-24,11.41,11.44,11.34,11.38,11.42,-0.04,-0.3503,1164577.34,1325564.002,-0.003502626970227629,-0.01043478260869557,-0.018119068162208762,11.46,11.589,-0.006980802792321161,-0.018034342911381396,0.41542693522263385,0.01360590739615146,0.011494606863875536,0.9173214991190661,0.008787346221441093,0.0008787346221441616,2025-03-27,1,test
000001.SZ,2025-03-25,11.38,11.43,11.36,11.43,11.38,0.05,0.4394,735608.88,839142.044,0.004393673110720364,-0.005221932114882533,-0.0034873583260680574,11.448,11.587,-0.0015723270440252124,-0.013549667731077908,0.4406122763571099,0.013016235096779448,0.011332985289140266,0.583601779341153,0.006124234470691188,-0.006999125109361293,2025-03-28,0,test
000001.SZ,2025-03-26,11.42,11.43,11.37,11.38,11.43,-0.05,-0.4374,740863.07,843536.936,-0.004374453193350725,-0.012152777777777679,-0.012152777777777679,11.419999999999998,11.580000000000002,-0.003502626970227407,-0.01727115716753036,0.4210754661030716,0.012516208718493965,0.011320635910348563,0.5901294758347557,0.005272407732864718,-0.010544815465729385,2025-03-31,0,test
000001.SZ,2025-03-27,11.37,11.41,11.35,11.39,11.38,0.01,0.0879,553349.4,629863.383,0.0008787346221441616,-0.00870322019147085,-0.019793459552495563,11.4,11.5685,-0.0008771929824561431,-0.01542983100661277,0.42655200008249133,0.011988259863376382,0.0111287657179277,0.4483369594536712,0.005267778753292405,-0.010535557506584858,2025-04-01,0,test
000001.SZ,2025-03-28,11.39,11.4,11.34,11.35,11.39,-0.04,-0.3512,644945.55,732420.874,-0.00351185250219499,-0.0061295971978984065,-0.015611448395490002,11.386,11.5595,-0.0031617776216406046,-0.01812362126389555,0.409850555578918,0.011548783121272131,0.011037129552574486,0.5290691123595112,0.005286343612334846,0.0017621145374449032,2025-04-02,1,test
000001.SZ,2025-03-31,11.36,11.38,11.26,11.26,11.35,-0.09,-0.793,1116125.64,1262598.263,-0.007929515418502175,-0.010544815465729385,-0.021720243266724615,11.362,11.547,-0.00897729273015313,-0.024854940677232262,0.37433566654427336,0.01157081292529627,0.011147499821310641,0.9049890615821717,0.010657193605683925,0.007104795737122638,2025-04-03,1,test
000001.SZ,2025-04-01,11.27,11.3,11.22,11.27,11.26,0.01,0.0888,681470.42,767424.131,0.000888099467140302,-0.013998250218722696,-0.020851433536055675,11.33,11.535,-0.005295675198587868,-0.02297355873428697,0.3807564584314481,0.011241827836258511,0.011153299357416017,0.5525954869869747,0.007098491570541266,-0.05057675244010651,2025-04-07,0,test
000001.SZ,2025-04-02,11.25,11.41,11.25,11.37,11.27,0.1,0.8873,932641.76,1058747.241,0.008873114463176623,-0.0008787346221442727,-0.02487135506003435,11.328,11.5205,0.00370762711864403,-0.013063669111583742,0.44238301125567425,0.011352181155234545,0.010926382914709022,0.7608325928131149,0.014072119613016723,-0.04837291116974485,2025-04-08,0,test
000001.SZ,2025-04-03,11.31,11.39,11.3,11.34,11.37,-0.03,-0.2639,643913.91,730375.808,-0.0026385224274405594,-0.004389815627743654,-0.024935511607910632,11.318000000000001,11.506,0.0019438063262058325,-0.014427255345037415,0.4286024478133086,0.011136091563084012,0.010926805146874686,0.5303445418883603,0.007936507936507924,-0.04761904761904756,2025-04-09,0,test
000001.SZ,2025-04-07,11.0,11.05,10.48,10.7,11.34,-0.64,-5.6437,2545560.48,2751055.412,-0.0564373897707231,-0.05726872246696035,-0.08311910882604978,11.187999999999999,11.4575,-0.04361816231676796,-0.06611389919266863,0.24981657792547496,0.016700150989518322,0.016183527989984396,1.9586601092304747,0.053271028037383206,0.01869158878504673,2025-04-10,1,test
000001.SZ,2025-04-08,10.68,10.85,10.66,10.82,10.7,0.12,1.1215,1463987.71,1576590.04,0.011214953271028172,-0.039076376554174064,-0.0664365832614322,11.099999999999998,11.419,-0.025225225225224968,-0.05245643226201946,0.3080953941801022,0.016589589402178494,0.016510904884114982,1.0928123582272373,0.017560073937153375,0.006469500924214389,2025-04-11,1,test
000001.SZ,2025-04-09,10.73,10.83,10.66,10.8,10.82,-0.02,-0.1848,1064394.05,1145238.958,-0.001848428835489746,-0.041703637976929775,-0.06976744186046502,11.006,11.378499999999999,-0.018717063419952717,-0.050841499318890704,0.303858495530187,0.01655748442665626,0.016474936999868676,0.7812511178962094,0.015740740740740732,0.012037037037036846,2025-04-14,1,test
000001.SZ,2025-04-10,10.86,10.93,10.82,10.9,10.8,0.1,0.9259,866548.05,943352.302,0.0092592592592593,-0.041336851363236504,-0.08016877637130793,10.912,11.331,-0.0010997067448680342,-0.03803724296178623,0.3518529547626413,0.016085654085861982,0.015813217920018347,0.6605371395829073,0.010091743119266002,0.004587155963302614,2025-04-15,1,test
000001.SZ,2025-04-11,10.87,10.9,10.83,10.89,10.9,-0.01,-0.0917,583879.02,634311.78,-0.0009174311926605228,-0.03968253968253965,-0.0802364864864864,10.822,11.2835,0.006283496581038772,-0.03487393096113789,0.3492598093479499,0.015409531575276419,0.015812482528995687,0.45777941841551073,0.006427915518824635,0.010101010101009944,2025-04-16,1,test
000001.SZ,2025-04-14,10.95,11.04,10.92,10.93,10.89,0.04,0.3673,785993.45,862557.144,0.0036730945821854544,0.021495327102803774,-0.08688387635756067,10.868,11.2315,0.005704821494295187,-0.026844143702978274,0.369283518269986,0.015236749347221811,0.015543253657977865,0.6397273953976509,0.010978956999085016,0.011893870082342328,2025-04-17,1,test
000001.SZ,2025-04-15,10.92,10.97,10.9,10.95,10.93,0.02,0.183,722754.1,790139.077,0.0018298261665141702,0.012014787430683738,-0.047826086956521796,10.894,11.204,0.005140444281255707,-0.02267047483041784,0.3795634203053293,0.014579189267754387,0.013363175078280623,0.698586366674102,0.006392694063926967,0.02100456621004576,2025-04-18,1,test
000001.SZ,2025-04-16,10.93,11.01,10.91,11.0,10.95,0.05,0.4566,842822.17,923316.063,0.004566210045662267,0.01851851851851838,-0.0426457789382072,10.934000000000001,11.1795,0.006036217303822866,-0.016056174247506716,0.40564451194916323,0.014125633716005432,0.013445651064464964,0.8458063388498921,0.00909090909090906,0.0018181818181817189,2025-04-21,1,test
000001.SZ,2025-04-17,10.95,11.08,10.93,11.06,11.0,0.06,0.5455,823919.31,907597.513,0.005454545454545601,0.014678899082568808,-0.03993055555555547,10.966,11.156500000000001,0.008571949662593559,-0.008649666113924703,0.43626882476138135,0.014014244519431524,0.013509422831240668,0.8497999452374068,0.01356238698010853,-0.001808318264014619,2025-04-22,0,test
000001.SZ,2025-04-18,11.04,11.19,11.03,11.18,11.06,0.12,1.085,727098.15,810031.605,0.010849909584086825,0.026629935720844822,-0.026979982593559715,11.024,11.141,0.014150943396226578,0.003500583430571691,0.4925809037706182,0.013895783778455564,0.013791689485118306,0.7646886604974967,0.014311270125223626,-0.015205724508050134,2025-04-23,0,test
000001.SZ,2025-04-21,11.0,11.13,10.97,11.02,11.18,-0.16,-1.4311,1114184.18,1230804.536,-0.014311270125223596,0.008234217749313766,-0.035026269702276736,11.042,11.120999999999999,-0.001992392682485078,-0.009081917093786473,0.43079074721957894,0.014451732009079146,0.014049342952343308,1.1881693059556924,0.014519056261343026,0.0009074410163338875,2025-04-24,1,test
000001.SZ,2025-04-22,11.02,11.06,10.98,11.04,11.02,0.02,0.1815,831128.87,915967.678,0.001814882032667775,0.008219178082191858,-0.02987697715289994,11.06,11.104,-0.001808318264014619,-0.0057636887608069065,0.44024301341154015,0.013912753154895695,0.014062634717634304,0.9023618480305661,0.00724637681159421,-0.0027173913043477826,2025-04-25,0,test
000001.SZ,2025-04-23,11.04,11.05,10.97,11.01,11.04,-0.03,-0.2717,586382.93,645842.4,-0.0027173913043477826,0.0009090909090909705,-0.03674540682414695,11.062,11.083000000000002,-0.004700777436268289,-0.006586664260579411,0.42874200375186056,0.013473195360001494,0.014001072447744069,0.6418390350634166,0.007266121707538608,-0.0009082652134423386,2025-04-28,0,test
000001.SZ,2025-04-24,11.0,11.06,10.99,11.03,11.01,0.02,0.1817,689256.13,760348.555,0.0018165304268846771,-0.002712477396021762,-0.030755711775044103,11.056000000000001,11.065499999999998,-0.002351664254703456,-0.003208169535944938,0.43925917858495434,0.012941448334911372,0.01400848683239878,0.7565781450557973,0.006346328195829582,-0.00453309156844961,2025-04-29,0,test
000001.SZ,2025-04-25,11.04,11.05,10.99,11.01,11.03,-0.02,-0.1813,637546.86,702315.255,-0.0018132366273798661,-0.015205724508050134,-0.03336259877085168,11.022,11.0465,-0.0010887316276537717,-0.0033042140044358126,0.43071941335742187,0.012428145041799288,0.013998301340501559,0.6965992221233589,0.005449591280653996,-0.009082652134423275,2025-04-30,0,test
000001.SZ,2025-04-28,11.0,11.04,10.96,11.0,11.01,-0.01,-0.0908,642018.37,706520.176,-0.0009082652134423386,-0.001814882032667886,-0.03083700440528636,11.017999999999999,11.029,-0.0016336903249227763,-0.002629431498775925,0.42625718810443936,0.012070392206706042,0.013991967606774888,0.7015970990065432,0.0072727272727271175,-0.0036363636363635488,2025-05-06,0,test
000001.SZ,2025-04-29,11.0,11.02,10.95,10.98,11.0,-0.02,-0.1818,649044.94,712792.543,-0.0018181818181818299,-0.005434782608695565,-0.0248667850799289,11.006,11.014999999999999,-0.0023623478102853257,-0.0031774852473898108,0.41695341192534385,0.01168401044469792,0.013913947880665184,0.727851419921237,0.006375227686703122,0.004553734061930603,2025-05-07,1,test
000001.SZ,2025-04-30,10.96,10.97,10.89,10.91,10.98,-0.07,-0.6375,869834.92,949911.03,-0.006375227686703178,-0.009082652134423275,-0.03194321206743567,10.986,10.997,-0.006917895503367966,-0.007911248522324277,0.3852583013330786,0.011508286309258747,0.013950532280402314,0.9652547240020077,0.007332722273143911,0.015582034830430747,2025-05-08,1,test
000001.SZ,2025-05-06,10.92,11.0,10.89,10.96,10.91,0.05,0.4583,854671.27,935212.114,0.004582951420714965,-0.006346328195829476,-0.03605980650835516,10.972,10.9765,-0.0010936930368208309,-0.0015032114061858115,0.41921879100122533,0.01135440724219348,0.013821435824448494,0.9525485444019236,0.010036496350364911,0.017335766423357546,2025-05-09,1,test
000001.SZ,2025-05-07,11.01,11.04,10.97,11.03,10.96,0.07,0.6387,1126270.01,1240098.147,0.006386861313868453,0.0018165304268846771,-0.02733686067019403,10.976,10.961,0.00491982507288613,0.0062950460724384705,0.463872930567655,0.010994534023233554,0.01393150761611364,1.2223932072868968,0.00634632819582942,0.011786038077969296,2025-05-12,1,test
000001.SZ,2025-05-08,11.0,11.08,10.99,11.08,11.03,0.05,0.4533,1056613.66,1167913.498,0.004533091568449832,0.0072727272727273196,0.03551401869158877,10.992,10.98,0.008005822416302655,0.009107468123861429,0.4938106569145831,0.010743335698758762,0.00586480512036128,1.247599412461008,0.008122743682310456,0.018953068592057587,2025-05-13,1,test
000001.SZ,2025-05-09,11.07,11.17,11.06,11.15,11.08,0.07,0.6318,999897.47,1113688.153,0.00631768953068601,0.015482695810564717,0.030499075785582308,11.026,10.9965,0.011246145474333336,0.013958986950393326,0.5331177695079926,0.010618001755600329,0.00555936871119472,1.2138907566732393,0.009865470852017886,0.02511210762331828,2025-05-14,1,test
000001.SZ,2025-05-12,11.16,11.22,11.13,11.16,11.15,0.01,0.0897,895604.6,1000478.411,0.0008968609865471766,0.0229147571035746,0.033333333333333215,11.076,11.0145,0.007583965330444142,0.013209859730355378,0.5386295832398386,0.010426775182246977,0.005508191700784542,1.0985328047422442,0.008064516129032246,0.020609318996415826,2025-05-15,1,test
000001.SZ,2025-05-13,11.19,11.33,11.15,11.29,11.16,0.13,1.1649,1261030.62,1420501.315,0.011648745519713177,0.030109489051094673,0.035779816513761276,11.142,11.034,0.013283073056901795,0.02320101504440797,0.6040683935424443,0.010709329010757886,0.005694573190364799,1.510220739850876,0.01594331266607615,0.007971656333038313,2025-05-16,1,test
000001.SZ,2025-05-14,11.29,11.47,11.25,11.43,11.29,0.14,1.24,1683513.58,1912995.433,0.01240035429583708,0.036264732547597545,0.04958677685950397,11.222,11.061,0.0185350204954553,0.03336045565500401,0.6599974167635477,0.011197401692969225,0.006104631426391731,1.8916323320985813,0.019247594050743715,-0.005249343832021025,2025-05-19,0,test
000001.SZ,2025-05-15,11.43,11.5,11.38,11.39,11.43,-0.04,-0.35,1035460.26,1183732.832,-0.0034995625546805353,0.02797833935018046,0.042086001829826136,11.284,11.084,0.009393831974477074,0.027607361963190247,0.6325059254105311,0.011186641901155751,0.0062311158584095454,1.1473846239152143,0.010535557506584654,0.0,2025-05-20,0,test
000001.SZ,2025-05-16,11.37,11.43,11.31,11.38,11.39,-0.01,-0.0878,914744.45,1039223.623,-0.0008779631255486642,0.020627802690583064,0.03926940639269416,11.330000000000002,11.1055,0.0044130626654896865,0.024717482328576068,0.6254913392024771,0.011149925096059072,0.006264468971461926,1.0029519282827184,0.01054481546572928,0.008787346221441172,2025-05-21,1,test
000001.SZ,2025-05-19,11.4,11.47,11.36,11.37,11.38,-0.01,-0.0879,831390.6,949883.545,-0.0008787346221442727,0.018817204301075252,0.033636363636363464,11.372,11.123999999999999,-0.00017587055926848727,0.022114347357065745,0.6181091140068186,0.011053649445351055,0.006263057063962514,0.912132016191472,0.009674582233949095,0.015831134564644023,2025-05-22,1,test
000001.SZ,2025-05-20,11.4,11.47,11.37,11.39,11.37,0.02,0.1759,643634.8,734455.266,0.0017590149516271136,0.008857395925597977,0.029837251356238603,11.392,11.1405,-0.000175561797752688,0.02239576320631942,0.6275762376853913,0.010873196566645808,0.006203055214597508,0.713195358217759,0.008779631255487395,0.006145741878841093,2025-05-23,1,test
000001.SZ,2025-05-21,11.4,11.59,11.39,11.48,11.39,0.09,0.7902,1328278.1,1528350.368,0.007901668129938422,0.004374453193350947,0.02683363148479434,11.402,11.1555,0.006840905104367856,0.029088790282820076,0.6675193851006012,0.011261785811493556,0.0060109355983136254,1.424388223937694,0.017421602787456383,-0.005226480836237002,2025-05-26,0,test
000001.SZ,2025-05-22,11.45,11.56,11.44,11.55,11.48,0.07,0.6098,1002968.06,1155265.064,0.0060975609756097615,0.014047410008779737,0.048094373865698925,11.434000000000001,11.181999999999999,0.010145181039006523,0.03291003398318737,0.6949257054386507,0.011136109551683978,0.004895676700292723,1.081991848609309,0.010389610389610475,-0.0051948051948051965,2025-05-27,0,test
000001.SZ,2025-05-23,11.55,11.6,11.43,11.46,11.55,-0.09,-0.7792,962643.11,1108636.101,-0.007792207792207795,0.007029876977152849,0.03804347826086962,11.450000000000001,11.203,0.0008733624454149158,0.022940283852539656,0.6237364166286554,0.011481468768295618,0.005373887596619305,1.0311747387488344,0.014834205933682365,0.006108202443280808,2025-05-28,1,test
000001.SZ,2025-05-26,11.44,11.5,11.4,11.42,11.46,-0.04,-0.349,699158.58,800495.685,-0.003490401396160636,0.004397537379067895,0.037238873751135326,11.459999999999999,11.223500000000001,-0.003490401396160525,0.017507907515480703,0.5945829058217964,0.01132417573868327,0.005409497972852869,0.7444359014453047,0.008756567425569146,0.003502626970227851,2025-05-29,1,test
000001.SZ,2025-05-27,11.45,11.54,11.42,11.49,11.42,0.07,0.613,801915.14,921912.281,0.0061295971978985175,0.008779631255487308,0.041704442429737254,11.48,11.246500000000001,0.0008710801393727596,0.021651180367225242,0.6274038351227625,0.011197234428477665,0.005489469793420719,0.848756329791207,0.010443864229764946,0.006092254134029584,2025-05-30,1,test
000001.SZ,2025-05-28,11.5,11.55,11.44,11.53,11.49,0.04,0.3481,658179.47,757571.319,0.003481288076588207,0.00435540069686402,0.04722979109900094,11.49,11.272499999999999,0.003481288076588207,0.022843202483921132,0.6450853464062173,0.011042813198994613,0.005423567759549083,0.6958650136788657,0.009540329575021787,0.024284475281873386,2025-06-03,1,test
000001.SZ,2025-05-29,11.52,11.55,11.45,11.46,11.53,-0.07,-0.6071,919806.76,1056726.384,-0.00607111882046818,-0.007792207792207795,0.041818181818181976,11.472,11.2955,-0.0010460251046023883,0.014563321676773988,0.5921287704027862,0.010939960548474842,0.0056877380829966455,0.9583985763040641,0.00872600349040152,0.03315881326352521,2025-06-04,1,test
000001.SZ,2025-05-30,11.47,11.58,11.44,11.56,11.46,0.1,0.8726,1130849.31,1303433.716,0.008726003490401313,0.008726003490401313,0.052823315118396996,11.492,11.3245,0.00591715976331364,0.02079562011567848,0.6378649537704364,0.010935710099553774,0.005790958993008377,1.1494435847278475,0.012110726643598664,0.009515570934256035,2025-06-05,1,test
000001.SZ,2025-06-03,11.54,11.91,11.53,11.81,11.56,0.25,2.1626,2192479.66,2580962.601,0.021626297577854725,0.03415061295971977,0.08249312557286892,11.570000000000002,11.3695,0.020743301642177858,0.038744008091824655,0.7218408861389917,0.012237924965289354,0.006757555166491018,2.088164413787087,0.03217612193056738,-0.009314140558848494,2025-06-06,0,test
000001.SZ,2025-06-04,11.82,11.88,11.78,11.84,11.81,0.03,0.254,1167959.5,1383019.682,0.002540220152413175,0.030461270670147922,0.08029197080291972,11.64,11.4135,0.01718213058419238,0.03736802908836023,0.7299340808576034,0.011938275940642352,0.006763315022478275,1.0960376342901341,0.008445945945946066,-0.010979729729729604,2025-06-09,0,test
000001.SZ,2025-06-05,11.88,11.91,11.66,11.67,11.84,-0.17,-1.4358,1166803.49,1369212.336,-0.014358108108108114,0.012142237640936804,0.05802357207615594,11.668000000000001,11.4455,0.00017140898183054532,0.019614695731947185,0.6198712800253814,0.012777203040663918,0.007810772065664433,1.0928743018730145,0.021422450728363324,0.011996572407883432,2025-06-10,1,test
000001.SZ,2025-06-06,11.7,11.79,11.68,11.7,11.67,0.03,0.2571,682352.51,799900.024,0.0025706940874035134,0.02094240837696315,0.05595667870036092,11.716,11.4765,-0.0013656538067600144,0.01947457848647227,0.6304607567640739,0.012566724501215643,0.007801389585444492,0.6505202739002797,0.009401709401709354,0.012820512820512775,2025-06-11,1,test
000001.SZ,2025-06-09,11.73,11.75,11.65,11.71,11.7,0.01,0.0855,773254.68,905092.605,0.0008547008547010737,0.012975778546712835,0.05022421524663678,11.745999999999999,11.5045,-0.0030648731483056135,0.017862575513929446,0.6341196215951895,0.012269115509545557,0.007767480280346786,0.7452329062281379,0.008539709649871873,-0.00256191289496166,2025-06-12,0,test
000001.SZ,2025-06-10,11.72,11.89,11.71,11.81,11.71,0.1,0.854,1428131.8,1689018.78,0.00853970964987183,0.0,0.05824372759856633,11.746,11.537,0.005448663374765905,0.02366299731299293,0.6693735910647086,0.012384948917491957,0.007867396277025207,1.3419419244522521,0.01524132091447923,-0.019475021168501305,2025-06-13,0,test
000001.SZ,2025-06-11,11.82,11.93,11.79,11.85,11.81,0.04,0.3387,1094666.64,1298656.315,0.003386960203217493,0.0008445945945945166,0.049601417183348095,11.748000000000001,11.565,0.008682328907047898,0.024643320363164634,0.682549762462536,0.01230537195480736,0.007607990193876767,1.036704958220734,0.01181434599156123,-0.005063291139240533,2025-06-16,0,test
000001.SZ,2025-06-12,11.56,11.7,11.52,11.68,11.49,0.19,1.6536,1290220.47,1500287.176,-0.014345991561181437,0.0008568980291345785,0.021872265966754068,11.75,11.5775,-0.005957446808510625,0.008853379399697658,0.5772578208079051,0.013610827725281762,0.008077996931334454,1.245092263397691,0.015410958904109566,0.006849315068493178,2025-06-17,1,test
000001.SZ,2025-06-13,11.68,11.74,11.56,11.58,11.68,-0.1,-0.8562,1095494.19,1272773.101,-0.008561643835616417,-0.01025641025641022,0.01668129938542573,11.726,11.587,-0.012450963670475934,-0.0006041253128505897,0.525868407758381,0.013858056265770927,0.008295006072417037,1.0541234639018282,0.015544041450777177,0.016407599309153698,2025-06-18,1,test
000001.SZ,2025-06-16,11.57,11.79,11.53,11.79,11.58,0.21,1.8135,1174438.27,1371041.708,0.018134715025906578,0.0068317677198974636,0.03602811950790841,11.742,11.6075,0.004087889626979813,0.015722593150979902,0.6053276640762801,0.014214175392276476,0.009092283257080197,1.1161408313876007,0.022052586938083103,-0.007633587786259555,2025-06-19,0,test
000001.SZ,2025-06-17,11.79,11.88,11.71,11.76,11.79,-0.03,-0.2545,890027.34,1048960.749,-0.0025445292620864812,-0.0042337002540220325,0.03430079155672838,11.732,11.626999999999999,0.0023866348448686736,0.0114388922335944,0.5901128272085543,0.014265103634440083,0.009124128863905623,0.843497412922215,0.014455782312925164,0.006802721088435382,2025-06-20,1,test
000001.SZ,2025-06-18,11.78,11.81,11.66,11.77,11.76,0.01,0.085,683521.11,802908.098,0.0008503401360544505,-0.006751054852320637,0.03336259877085146,11.716,11.646,0.004609081597815035,0.010647432594882211,0.5937780768900783,0.014145218131042607,0.009126129548643986,0.6465651225235062,0.01274426508071371,0.0135938827527613,2025-06-23,1,test
000001.SZ,2025-06-19,11.76,11.78,11.65,11.7,11.77,-0.07,-0.5947,832247.16,974127.331,-0.005947323704333041,0.001712328767123239,0.019163763066202044,11.719999999999999,11.657,-0.0017064846416381396,0.003688770695719157,0.5562794813891202,0.014007080746219954,0.009153433528842429,0.8061630589132243,0.011111111111111027,0.01965811965811959,2025-06-24,1,test
000001.SZ,2025-06-20,11.7,11.86,11.67,11.84,11.7,0.14,1.1966,1309197.82,1544541.881,0.011965811965811923,0.022452504317789224,0.02510822510822508,11.772,11.6715,0.005776418620455193,0.01443687615130873,0.6094081248335967,0.013999016538972335,0.00940305974902413,1.2496312110663603,0.016047297297297255,0.01858108108108114,2025-06-25,1,test
000001.SZ,2025-06-23,11.81,11.97,11.67,11.93,11.84,0.09,0.7601,1389170.48,1646476.917,0.007601351351351315,0.01187446988973706,0.0410122164048865,11.8,11.695,0.011016949152542255,0.020094057289439915,0.6393070786001759,0.014697213661110181,0.009257458717525915,1.2995122939538992,0.02514668901927919,0.0402347024308467,2025-06-26,1,test
000001.SZ,2025-06-24,11.9,12.01,11.84,11.93,11.93,0.0,0.0,1308525.31,1560621.893,0.0,0.014455782312925214,0.04465849387040288,11.834,11.7205,0.00811221902991388,0.017874664050168576,0.6393070786001759,0.014665254859906466,0.009183891413358763,1.1901504953755997,0.014249790444258167,0.022632020117351104,2025-06-27,1,test
000001.SZ,2025-06-25,11.93,12.08,11.83,12.06,11.93,0.13,1.0897,1675116.47,2007989.727,0.010896898575021075,0.024638912489379772,0.04960835509138373,11.892,11.749,0.014127144298688332,0.026470337901097984,0.6803030757371807,0.01495163691200482,0.009342534901808705,1.465387151347597,0.020729684908789386,0.0008291873963515162,2025-06-30,1,test
000001.SZ,2025-06-26,12.05,12.48,12.01,12.41,12.06,0.35,2.9022,2174577.66,2672207.529,0.029021558872305064,0.06068376068376069,0.07632263660017347,12.034,11.793000000000001,0.031244806381917956,0.05231917239040107,0.7595439033875033,0.016197292707862992,0.010993506456339673,1.783987756434995,0.03787268331990336,-0.008863819500402825,2025-07-01,0,test
000001.SZ,2025-06-27,12.37,12.58,12.13,12.2,12.41,-0.21,-1.6922,2377600.15,2937865.058,-0.01692183722804197,0.03040540540540526,0.06457242582897016,12.106,11.83,0.007764744754667152,0.03127641589180041,0.6546905028767557,0.01793389480421274,0.011708979789195481,1.8404875404122012,0.03688524590163929,0.009836065573770592,2025-07-02,1,test
000001.SZ,2025-06-30,12.14,12.17,11.96,12.07,12.2,-0.13,-1.0656,1504819.65,1812492.377,-0.0106557377049179,0.011735121542330251,0.044117647058823595,12.134,11.8555,-0.005274435470578598,0.018092868288979824,0.5995159153355654,0.018252548916724697,0.01200986210085784,1.1482525388056333,0.017398508699254273,0.023198011599005808,2025-07-03,1,test
000001.SZ,2025-07-01,12.06,12.33,12.06,12.3,12.07,0.23,1.9056,1354341.08,1653806.75,0.0190555095277547,0.031014249790444426,0.041490262489415786,12.208,11.879999999999999,0.007536041939711691,0.03535353535353547,0.6549255213209025,0.0181998109786485,0.011813764475911023,1.0675675685156052,0.021951219512195086,0.024390243902439046,2025-07-04,1,test
000001.SZ,2025-07-02,12.31,12.41,12.23,12.32,12.3,0.02,0.1626,1200411.84,1481842.213,0.001626016260162677,0.021558872305140975,0.04054054054054057,12.260000000000002,11.904,0.004893964110929794,0.034946236559139754,0.6593392811896726,0.017915988958058297,0.011813757478969022,0.9450231914386505,0.014610389610389588,0.037337662337662225,2025-07-07,1,test
000001.SZ,2025-07-03,12.33,12.42,12.28,12.35,12.32,0.03,0.2435,794085.97,980546.007,0.0024350649350648457,-0.00483481063658342,0.05826906598114823,12.248000000000001,11.937999999999999,0.008327890267798788,0.034511643491372146,0.6662355142027063,0.017405580055075868,0.011197845956646127,0.6344515871289399,0.011336032388664014,0.027530364372469585,2025-07-08,1,test
000001.SZ,2025-07-04,12.35,12.72,12.3,12.6,12.35,0.25,2.0243,1775332.67,2224874.056,0.020242914979757165,0.032786885245901676,0.07692307692307687,12.328,11.983,0.022063595068137598,0.05148961028123167,0.7175494904292399,0.018222595679378856,0.011817264171509105,1.359096946588935,0.033333333333333326,0.01904761904761898,2025-07-09,1,test
000001.SZ,2025-07-07,12.6,12.82,12.6,12.78,12.6,0.18,1.4286,1495406.53,1901755.851,0.014285714285714235,0.05882352941176472,0.09137489325362935,12.469999999999999,12.0365,0.024859663191659997,0.06177044821999744,0.7476340391670301,0.01791225783748188,0.012011872000612564,1.1140075267238998,0.017214397496087688,0.031298904538341166,2025-07-10,1,test
000001.SZ,2025-07-08,12.75,12.84,12.65,12.69,12.78,-0.09,-0.7042,1090985.97,1387093.602,-0.007042253521126751,0.03170731707317054,0.07451312447078728,12.547999999999998,12.0805,0.011316544469238243,0.05045320971814071,0.7070808598470412,0.017820232562868618,0.012224994339575017,0.8230692443276704,0.014972419227738338,0.01733648542159183,2025-07-11,1,test
000001.SZ,2025-07-09,12.66,12.9,12.66,12.84,12.69,0.15,1.182,1205963.3,1542699.035,0.011820330969267268,0.04220779220779214,0.08354430379746836,12.652,12.13,0.0148593107809043,0.05853256389117889,0.7330686230865513,0.017689162026571188,0.01235259279771102,0.9060075879828583,0.018691588785046745,0.010903426791277315,2025-07-14,1,test
000001.SZ,2025-07-10,12.82,13.33,12.79,13.18,12.84,0.34,2.648,2481415.53,3249454.029,0.026479750778816147,0.06720647773279342,0.12842465753424648,12.818000000000001,12.205,0.02824153534092666,0.07988529291274071,0.7805864828374919,0.018928435538018987,0.012508660551209123,1.7843772436372856,0.04097116843702587,-0.034142640364188126,2025-07-15,0,test
000001.SZ,2025-07-11,13.19,13.3,12.89,12.91,13.18,-0.27,-2.0486,2443743.5,3200219.566,-0.020485584218512876,0.024603174603174738,0.1148531951640761,12.88,12.2715,0.0023291925465838137,0.05203112903882978,0.6774517095527176,0.020212449624234664,0.013444213960984113,1.6760396074654251,0.03175832687838886,-0.02091402013942678,2025-07-16,0,test
000001.SZ,2025-07-14,12.87,13.17,12.86,12.98,12.91,0.07,0.5422,1872895.85,2440924.105,0.005422153369481153,0.015649452269170583,0.10093299406276524,12.919999999999998,12.331,0.004643962848297489,0.052631578947368585,0.6889270428602781,0.020373406451878188,0.013130628599578451,1.254477160556184,0.023882896764252735,-0.03004622496147924,2025-07-17,0,test
000001.SZ,2025-07-15,12.99,13.04,12.71,12.73,12.98,-0.25,-1.926,1810531.31,2322277.285,-0.01926040061633283,0.0031520882584712417,0.08248299319727903,12.928,12.3795,-0.015315594059405968,0.02831293670988333,0.6060044237531976,0.021141334332229398,0.014076182920524307,1.1764378284951704,0.025923016496464907,,,0,not_labeled
000001.SZ,2025-07-16,12.73,12.76,12.5,12.64,12.73,-0.09,-0.707,1927863.79,2424983.973,-0.0070699135899450205,-0.015576323987538832,0.07391673746813932,12.888,12.423,-0.019242706393544307,0.017467600418578533,0.5789862962427377,0.02124027700407235,0.014271239885116532,1.2040031358703582,0.020569620253164538,,,0,not_labeled
000001.SZ,2025-07-17,12.61,12.7,12.54,12.59,12.64,-0.05,-0.3956,944641.4,1189666.227,-0.003955696202531667,-0.044764795144157765,0.07606837606837602,12.77,12.467500000000001,-0.014095536413469056,0.009825546420693776,0.5639435454382354,0.020709192768121915,0.014210580229315237,0.5878908332004289,0.012708498808578248,,,0,not_labeled
