Date,Symbol_stock,Name_stock,Open_stock,High_stock,Low_stock,Close_stock,Volume_stock,Amount_stock,Symbol_benchmark,Name_benchmark,Open_benchmark,High_benchmark,Low_benchmark,Close_benchmark,Volume_benchmark,Amount_benchmark,return_1d,return_5d,return_10d,return_20d,ma5_gap,ma20_gap,ma60_gap,rsi14,macd_pct,atr14_pct,volatility20,intraday_range,open_close_return,volume_ratio20,amount_ratio20,excess_return_5d,excess_return_20d,benchmark_return_20d,benchmark_volatility20,beta60,stock_future_20d,benchmark_future_20d,future_excess_20d,label_end_date,target,week,year,split
2018-09-07,300750.SZ,宁德时代,32.05,33.28,31.91,32.48,12748586.0,813256861.0,000300.SH,沪深300,3273.891,3316.615,3253.725,3277.644,6394740800,,0.023959646910466592,-0.033045549270616426,-0.07962595636157555,-0.14929282346778427,0.009448035803082844,-0.06966086159486717,-0.12258110992048843,38.118811881188115,-0.039280666240558995,0.0494370161857847,0.027252454739653164,0.042179802955665056,0.013416536661466472,1.075176865443419,1.0019657528705783,-0.01599353793699676,-0.11188480900442888,-0.0374080144633554,0.012003663228224788,0.8395962968291988,0.09205665024630538,-0.04612825553964972,0.1381849057859551,2018-10-15,1,2018-09-01/2018-09-07,2018,development
2018-09-14,300750.SZ,宁德时代,34.0,35.39,33.78,33.8,15831828.0,1068356171.0,000300.SH,沪深300,3242.831,3254.104,3227.944,3242.09,6013064000,,0.017153174842010177,0.04064039408866993,0.006251860672819021,-0.03318077803203667,0.032565528196981886,-0.007997652065448668,-0.08831396524983703,40.42553191489361,-0.030979131827160458,0.04668216398985634,0.028509429732145927,0.047633136094674546,-0.005882352941176561,1.3556025727033902,1.3627295269531159,0.05148781986157258,-0.03704191339780738,0.003861135365770707,0.011086913854049479,1.3279275583497616,0.20029585798816574,0.008692849365687039,0.1916030086224787,2018-10-22,1,2018-09-08/2018-09-14,2018,development
2018-09-21,300750.SZ,宁德时代,35.2,35.85,34.8,35.49,7748207.0,535412407.0,000300.SH,沪深300,3320.696,3410.486,3307.767,3410.486,10841600500,,0.017780326928592105,0.050000000000000044,0.09267241379310365,0.005667327854916415,0.03409090909090895,0.04894484837737201,-0.037611519375220115,65.51373346897256,-0.010489671967980039,0.03858229682405509,0.030055465133983158,0.029585798816568167,0.00823863636363642,0.7035424887722685,0.7290721693107294,-0.00194056920073149,-0.019939415525825677,0.025606743380742092,0.013409106852418912,1.3500884925727432,0.022541561003099453,-0.09781509145617362,0.12035665245927307,2018-10-29,1,2018-09-15/2018-09-21,2018,development
2018-09-28,300750.SZ,宁德时代,36.98,38.51,36.98,37.44,11921098.0,880458280.0,000300.SH,沪深300,3409.96,3444.988,3404.697,3438.865,8437775600,,0.006181134103735442,0.07370232291367929,0.12669274751730364,0.042896935933147695,0.02536013583830865,0.10635028515705791,0.012274914832639094,73.75478927203065,0.010518121477805979,0.04006410256410258,0.030837097088415887,0.04086538461538465,0.012439156300703136,1.133186967325824,1.2560769833194367,0.034809845708884124,0.016705190789621405,0.02619174514352629,0.012599362173181965,1.4181383873496307,0.07505341880341887,-0.04321745692256007,0.11827087572597894,2018-11-02,1,2018-09-22/2018-09-28,2018,development
2018-10-12,300750.SZ,宁德时代,31.0,32.39,30.97,32.24,8600315.0,531900783.0,000300.SH,沪深300,3123.372,3184.122,3094.966,3170.726,9861115100,,0.040000000000000036,-0.13888888888888873,-0.07542299971322042,0.016393442622950838,-0.022615655126417278,-0.051429916441096735,-0.11707920453145038,44.72259810554805,-0.01354036177848674,0.05383729174051754,0.03562409649658473,0.044044665012406996,0.040000000000000036,0.8307249605461149,0.7670812385272445,-0.06091577857487529,0.04463688760301587,-0.028243444980065036,0.018789837587404126,1.4882671902805342,0.23697270471464016,-0.0010350941708618944,0.23800779888550205,2018-11-09,1,2018-10-06/2018-10-12,2018,development
2018-10-19,300750.SZ,宁德时代,34.37,38.09,34.37,37.84,14125112.0,1008056887.0,000300.SH,沪深300,3017.749,3137.748,3009.498,3134.946,9883968800,,0.08455144740613374,0.1736972704714641,0.010683760683760868,0.13873006319590742,0.05456774984671986,0.08607674865819037,0.05210476561196686,56.253326237360305,0.006858354281439634,0.056535034732709134,0.044964387694091675,0.09830866807611009,0.1009601396566775,1.23586590741617,1.2878229338018095,0.184981752321993,0.17012753817401693,-0.03139747497810952,0.020572306575976706,1.4754507759380202,0.08588794926004217,0.03914836172616698,0.04673958753387519,2018-11-16,1,2018-10-13/2018-10-19,2018,development
2018-10-26,300750.SZ,宁德时代,41.38,41.38,37.45,38.26,17691702.0,1361043435.0,000300.SH,沪深300,3204.285,3218.102,3151.924,3173.635,10129935400,,-0.07807228915662656,0.0110993657505285,0.18672456575682372,0.09721823917407524,-0.04263837453708341,0.0529357533059045,0.07464363457622358,57.04697986577181,0.0347021572585174,0.06674258830557836,0.05113269958877006,0.10271824359644537,-0.07539874335427754,1.4148811625157582,1.5239739774656254,-0.0012418356609154024,0.1384526211885363,-0.04123438201446106,0.02284290613319819,1.399281715575011,-0.008363826450601186,-0.00950329826838947,0.0011394718177882845,2018-11-23,1,2018-10-20/2018-10-26,2018,development
2018-11-02,300750.SZ,宁德时代,39.05,40.33,39.0,40.25,13705894.0,1059238489.0,000300.SH,沪深300,3258.609,3290.246,3222.435,3290.246,15346610400,,0.0662251655629138,0.052012545739676064,0.06368921775898517,0.07505341880341887,0.05383044457244579,0.09504441391318541,0.12965015927365608,61.30558183538317,0.027394052950078643,0.06381543921916591,0.05417085958006116,0.03304347826086952,0.030729833546734975,1.07378381242088,1.1512529755643224,0.015268874838643143,0.11827087572597894,-0.04321745692256007,0.02431122831959074,1.5050885574557515,0.019875776397515477,-0.03572863548804561,0.05560441188556109,2018-11-30,1,2018-10-27/2018-11-02,2018,development
2018-11-09,300750.SZ,宁德时代,39.49,40.54,39.32,39.88,6063937.0,473740955.0,000300.SH,沪深300,3193.304,3193.304,3166.311,3167.444,8428276200,,0.005800756620428782,-0.009192546583850825,0.04234187140616852,0.23697270471464016,-0.01594038395104358,0.032051033215584335,0.1095602657973691,48.05194805194806,0.032105257088166514,0.06010889812294023,0.04756069439607303,0.030591775325977903,0.009875917953912294,0.4808832279878977,0.5004356127468638,0.02813049856231764,0.23800779888550205,-0.0010350941708618944,0.019570537294575804,1.4464912800464598,0.02507522567703102,0.004458168794775785,0.020617056882255236,2018-12-07,1,2018-11-03/2018-11-09,2018,development
2018-11-16,300750.SZ,宁德时代,41.89,41.93,40.32,41.09,9809408.0,785031530.0,000300.SH,沪深300,3242.879,3282.39,3223.722,3257.674,12687683500,,-0.015100671140939492,0.030341023069207607,0.02086956521739136,0.08588794926004217,-0.016609228412789445,0.02425405688361537,0.12999995416565446,66.90140845070422,0.03427852839295095,0.05143761081945553,0.0414603557222343,0.0391822827938671,-0.019097636667462337,0.8170012444945857,0.838044924055469,0.00185433159178916,0.04673958753387519,0.03914836172616698,0.017704528099824934,1.4274568769921343,-0.009734728644439139,-0.0281682574745048,0.01843352883006566,2018-12-14,1,2018-11-10/2018-11-16,2018,development
2018-11-23,300750.SZ,宁德时代,39.96,39.98,37.9,37.94,10403744.0,782322413.0,000300.SH,沪深300,3208.593,3212.195,3139.386,3143.475,8463825500,,-0.05055055055055058,-0.07666098807495758,-0.0486459378134404,-0.008363826450601186,-0.04591862395010837,-0.05309789729830927,0.03258700148782512,38.77221324717288,0.017093489757053534,0.047386851419534595,0.034146917449567896,0.05482340537691087,-0.05055055055055058,1.0152284204517976,0.9772017041163502,-0.0416056080706968,0.0011394718177882845,-0.00950329826838947,0.01554793951447651,1.4451928876926916,0.061149182920400724,-0.03629104732819566,0.09744023024859638,2018-12-21,1,2018-11-17/2018-11-23,2018,development
2018-11-30,300750.SZ,宁德时代,40.01,41.54,40.01,41.05,9067577.0,724258624.0,000300.SH,沪深300,3136.196,3175.154,3132.423,3172.69,7092104400,,0.02573713143428269,0.08197153400105428,-0.0009734728644440471,0.019875776397515477,0.03421344351506583,0.015033875673804431,0.10906479225861077,41.57303370786514,0.010779670751620347,0.03692361231947101,0.027066683783311514,0.03727161997563949,0.025993501624593796,0.9524353467850409,0.9625724648052816,0.07267767927022284,0.05560441188556109,-0.03572863548804561,0.011329818153437518,1.4682131610952756,-0.07795371498172954,-0.05107211861228167,-0.02688159636944787,2018-12-28,0,2018-11-24/2018-11-30,2018,development
2018-12-07,300750.SZ,宁德时代,40.61,41.27,40.61,40.88,5642133.0,450938752.0,000300.SH,沪深300,3187.492,3193.819,3176.706,3181.565,5336192400,,0.008884501480750151,-0.004141291108404221,0.07749077490774914,0.02507522567703102,-0.011653208258788239,0.005633317753561018,0.08262234012032099,50.845864661654126,0.014705629952777183,0.035819122169415685,0.026161794407007832,0.01614481409001966,0.006648608717064741,0.609777941390103,0.6125957402439305,-0.0069386019077575245,0.020617056882255236,0.004458168794775785,0.01340054946124176,1.4002708307987595,-0.004647749510763299,-0.04207394788413876,0.03742619837337546,2019-01-08,1,2018-12-01/2018-12-07,2018,development
2018-12-14,300750.SZ,宁德时代,42.02,42.3,40.68,40.69,7090513.0,573225336.0,000300.SH,沪深300,3207.348,3210.722,3165.911,3165.911,8430125000,,-0.033721206364284106,-0.004647749510763299,-0.008769792935444554,-0.009734728644439139,-0.007754584471322601,0.005759201127122582,0.057661482476281334,61.24535315985128,0.012714738500997603,0.036179475476600054,0.023275018811384666,0.03981322192184806,-0.03165159447881971,0.8723255935621615,0.8900220113505164,0.00027247056960599814,0.01843352883006566,-0.0281682574745048,0.013694293665235946,1.413499734199918,-0.024821823543868193,-0.011977910939378944,-0.01284391260448925,2019-01-15,0,2018-12-08/2018-12-14,2018,development
2018-12-21,300750.SZ,宁德时代,39.77,40.26,38.77,40.26,8873743.0,681882662.0,000300.SH,沪深300,3055.326,3057.401,3007.61,3029.395,7675810100,,0.014872699773128106,-0.0105677070533301,-0.015166340508806386,0.061149182920400724,-0.006465623611865201,-0.00949662943463081,0.03186672362238352,43.52941176470588,0.0053378068053856,0.03447235824285002,0.020453301682521043,0.03700943864878278,0.012320844857933055,1.0869056649224984,1.0523246762927947,0.03255289867437361,0.09744023024859638,-0.03629104732819566,0.012202926671101606,1.3764123049312644,-0.053899652260307906,0.037605528496613916,-0.09150518075692182,2019-01-22,0,2018-12-15/2018-12-21,2018,development
2018-12-28,300750.SZ,宁德时代,38.82,39.3,37.85,37.85,5629239.0,424092161.0,000300.SH,沪深300,2994.795,3024.353,2984.818,3010.654,7105377900,,-0.026241317211216808,-0.05986090412319911,-0.06979601867780771,-0.07795371498172954,-0.030779473522483003,-0.06510892654250844,-0.03513206921897105,36.04368932038835,-0.008389929992472735,0.034874504623513866,0.018252656982686476,0.038309114927344665,-0.024987120041215838,0.7660829819904178,0.7270147991107146,-0.05367452037330844,-0.02688159636944787,-0.05107211861228167,0.011311629201242531,1.3819714143507682,0.03910171730515177,0.060889095857577624,-0.02178737855242585,2019-01-29,0,2018-12-22/2018-12-28,2018,development
2019-01-04,300750.SZ,宁德时代,37.61,39.61,37.56,39.47,7905331.0,602100011.0,000300.SH,沪深300,2940.192,3036.815,2935.83,3035.874,10331897200,,0.04224980195405337,0.013871050603647461,-0.03188619082658828,-0.05415768032590462,0.028721851542952592,-0.012546439338028348,0.00045625063368137653,33.5820895522388,-0.011725568152137215,0.03436606464222374,0.020184297135213757,0.05193818089688364,0.049454932198883306,1.178673238373274,1.146285821331788,0.0025983563994198544,0.012302877533187817,-0.06646055785909244,0.010992260270621166,1.3639535280399446,0.018748416518875155,0.06967449900753464,-0.050926082488659485,2019-02-01,0,2018-12-29/2019-01-04,2019,development
2019-01-11,300750.SZ,宁德时代,39.29,39.36,38.36,38.61,6136703.0,463701251.0,000300.SH,沪深300,3082.262,3102.833,3071.026,3094.778,7178642400,,-0.0130368098159509,-0.02178870027869262,-0.008219881839198528,-0.07631578947368411,-0.025590551181102206,-0.027345668904535714,-0.03286408496568316,43.42431761786599,-0.0067915265431684555,0.0318200318200318,0.018518595405603654,0.0259000259000259,-0.017307202850598058,0.8891325416381781,0.8666930191347937,-0.04119135005928298,-0.05239893312211252,-0.02391685635157159,0.010410982719567785,1.3916452590472939,0.09479409479409484,0.07881890074183029,0.015975194052264552,2019-02-15,1,2019-01-05/2019-01-11,2019,development
2019-01-18,300750.SZ,宁德时代,39.57,39.57,37.95,38.67,6503927.0,488797283.0,000300.SH,沪深300,3124.503,3171.686,3120.346,3168.174,10396383400,,-0.01653102746693791,0.0015540015540016494,-0.02026855839878383,-0.05150846210448867,-0.013570736186929278,-0.014073734128805082,-0.03266153576759212,48.77450980392159,-0.006064853247858041,0.03034836898296942,0.017886923168778948,0.041892940263770294,-0.022744503411675443,1.0132357429712369,0.99483356135374,-0.022162077596102225,-0.07643400703536496,0.024925544930876287,0.010530874357749236,1.1513642681788325,0.11895526247737265,0.11108733295582884,0.007867929521543804,2019-02-22,1,2019-01-12/2019-01-18,2019,development
2019-01-25,300750.SZ,宁德时代,38.79,40.41,38.55,39.72,9118956.0,707431984.0,000300.SH,沪深300,3165.181,3203.175,3164.408,3184.47,8396772900,,0.030350194552529297,0.027152831652443643,0.028749028749028627,0.02029283329052145,0.02561454244990724,0.018971023973525458,-0.006772385338306708,50.06553079947574,-0.006204371741741449,0.0274960437347144,0.01799490531928461,0.04682779456193352,0.023975251353441696,1.5251428895940826,1.5525182257972556,0.02200917476996178,-0.04047831745965347,0.06077115075017492,0.010185614816518982,1.0062000178712633,0.16238670694864066,0.1775001805637988,-0.015113473615158135,2019-03-01,0,2019-01-19/2019-01-25,2019,development
2019-02-01,300750.SZ,宁德时代,39.32,40.6,39.08,40.21,6214411.0,483480057.0,000300.SH,沪深300,3225.734,3247.496,3207.717,3247.397,8201964100,,0.02996926229508201,0.012336354481369716,0.03982415309025078,0.018748416518875155,0.02227080896933953,0.025189944418948507,0.0073402309792820475,58.94736842105263,-0.0013752919956831274,0.028741961843180435,0.016219573752373716,0.037801541904998834,0.022634791454730463,1.0316363465074492,1.0495407503992713,-0.007424233622773224,-0.050926082488659485,0.06967449900753464,0.00883638640807979,0.9235618081423073,0.0838099975130564,0.1263110115578725,-0.0425010140448161,2019-03-08,0,2019-01-26/2019-02-01,2019,development
2019-02-15,300750.SZ,宁德时代,43.29,44.11,42.26,42.27,10515313.0,880799440.0,000300.SH,沪深300,3391.242,3395.029,3335.871,3338.705,14366860300,,-0.027157652474108174,0.05123103705545895,0.0641993957703928,0.09479409479409484,0.003084954912197402,0.060701111640862226,0.05671477617412757,69.74248927038626,0.017126761445325565,0.03555375308391632,0.018165666227424822,0.04376626449018219,-0.023562023562023415,1.7033036538874018,1.8153412392125923,0.02311374803905597,0.015975194052264552,0.07881890074183029,0.011129799250269428,0.936289302804489,0.08989827300686049,0.12169389029578848,-0.03179561728892799,2019-03-15,0,2019-02-09/2019-02-15,2019,development
2019-02-22,300750.SZ,宁德时代,42.57,43.75,42.11,43.27,8960036.0,752183501.0,000300.SH,沪深300,3439.378,3520.118,3417.978,3520.118,18723797400,,0.01240056153486191,0.023657440264963414,0.07610047251927377,0.11895526247737265,0.01008450441197084,0.061579980372914456,0.07702455476596426,72.56355932203394,0.022438799377658164,0.03752187262702632,0.01897856768494096,0.03790154841691704,0.016443504815597976,1.2672300966843886,1.3215826281611764,-0.030678896727972527,0.007867929521543804,0.11108733295582884,0.012163612105512941,0.9490039523433175,0.02634619828980811,0.08911150137580615,-0.06276530308599804,2019-03-22,0,2019-02-16/2019-02-22,2019,development
2019-03-01,300750.SZ,宁德时代,46.72,47.64,45.85,46.17,9619284.0,873963510.0,000300.SH,沪深300,3699.216,3749.714,3668.765,3749.714,20471100400,,0.026456202756780955,0.0670210307372312,0.09226401703335685,0.16238670694864066,0.014680673376994413,0.08754284099073084,0.13404973902364148,65.80204778156998,0.032581733360015255,0.041972214486834386,0.02764368052637566,0.03876976391596273,-0.01177226027397249,1.1533383534463078,1.2477790459009306,0.0017970808582783437,-0.015113473615158135,0.1775001805637988,0.017554641120752668,1.026542707540996,-0.05588044184535412,0.032703027484229485,-0.08858346932958361,2019-03-29,0,2019-02-23/2019-03-01,2019,development
2019-03-08,300750.SZ,宁德时代,44.11,45.29,43.45,43.58,11069663.0,951944818.0,000300.SH,沪深300,3721.402,3774.543,3656.192,3657.579,31799007700,,-0.033274179236912116,-0.05609703270521993,0.007164317078807381,0.0838099975130564,-0.05384281372123323,-0.012575053812167392,0.060095598341015855,50.8259212198221,0.03201200790187459,0.04540090474005113,0.030245237327482705,0.042221202386415704,-0.012015416005440982,1.126855955557769,1.115872443181491,-0.031525825407810126,-0.0425010140448161,0.1263110115578725,0.020553269144135074,1.0522945318996872,-0.03166590178981177,0.10926626601913436,-0.14093216780894613,2019-04-08,0,2019-03-02/2019-03-08,2019,development
2019-03-15,300750.SZ,宁德时代,46.16,46.88,45.63,46.07,7821543.0,707054565.0,000300.SH,沪深300,3713.936,3782.236,3713.936,3745.005,17517454400,,0.009864094695309245,0.057136301055530136,-0.0021659085986571736,0.08989827300686049,0.007390886031662491,0.023027557568893853,0.10941206217716415,47.524115755627,0.024993550110603755,0.04305559862321313,0.0306306577098009,0.027132624267419143,-0.001949740034661973,0.7840298365743071,0.8019799164141367,0.03323360476380266,-0.03179561728892799,0.12169389029578848,0.020075177733236967,1.0722089515815247,-0.09854569133926627,0.061553722892225826,-0.1600994142314921,2019-04-15,0,2019-03-09/2019-03-15,2019,development
2019-03-22,300750.SZ,宁德时代,44.68,44.68,43.7,44.41,6018992.0,518360063.0,000300.SH,沪深300,3838.126,3845.581,3786.592,3833.801,17135699300,,-0.0060429722470904945,-0.03603212502713271,0.019045433685176638,0.02634619828980811,-0.013242678753943804,-0.02556226001097106,0.061111686325732384,36.79999999999998,0.014312878670254566,0.03795798886994561,0.029954368901974237,0.022067102004053072,-0.0060429722470904945,0.616944410492868,0.5953674539498803,-0.059742640767431965,-0.06276530308599804,0.08911150137580615,0.019528210262650662,1.0187479066165142,-0.06192299031749604,0.05003128748727437,-0.11195427780477041,2019-04-22,0,2019-03-16/2019-03-22,2019,development
2019-03-29,300750.SZ,宁德时代,42.78,43.59,42.39,43.59,7124126.0,598855279.0,000300.SH,沪深300,3739.774,3876.379,3739.774,3872.341,21563910300,,0.021560815561284308,-0.018464309840125925,-0.05383112654655953,-0.05588044184535412,-0.002243178904962395,-0.033941690768259036,0.03330159495241225,43.0939226519337,0.00038313757634231646,0.03781994559695868,0.023885813467460326,0.02752924982794225,0.018934081346423604,0.7594691813677873,0.7217950171774093,-0.02851699645583705,-0.08858346932958361,0.032703027484229485,0.017387101941541014,0.8972614454891478,-0.06125258086717145,0.007228960466033385,-0.06848154133320483,2019-04-29,0,2019-03-23/2019-03-29,2019,development
2019-04-04,300750.SZ,宁德时代,43.4,43.68,43.08,43.17,6679609.0,564517874.0,000300.SH,沪深300,4039.742,4072.114,4021.706,4062.231,26041093900,,-0.003692591737825879,0.011717834544176187,-0.03379588182632043,-0.042369121561668055,-0.00968067535327577,-0.0299748337228114,0.01452738033222234,33.17865429234338,-0.0035684181180693783,0.03108971177074026,0.022045769796231417,0.013898540653231444,-0.005299539170506851,0.7670684926438276,0.7443274774336273,-0.077820961640241,-0.10889340054351304,0.06652427898184499,0.018036295965110048,0.9074440794056584,-0.11350474866805649,-0.09718157337679723,-0.016323175291259262,2019-05-08,0,2019-03-30/2019-04-05,2019,development
2019-04-12,300750.SZ,宁德时代,41.5,42.37,41.5,42.05,5935673.0,486028531.0,000300.SH,沪深300,3986.782,4006.934,3961.464,3988.617,13586211800,,0.01570048309178751,-0.025943942552698718,-0.014530114834778618,-0.07825515124945204,-0.002940200123298653,-0.03861542330643131,-0.01637426900584804,39.33092224231464,-0.013141966450916935,0.03171394598267369,0.017927809263263112,0.020689655172413734,0.013253012048192625,0.6883501686414558,0.6605623117477175,-0.007822373395257931,-0.1567010342404922,0.07844588299104016,0.01534550776307213,0.8855149309192406,-0.08537455410225914,-0.06556783967976876,-0.01980671442249038,2019-05-15,0,2019-04-06/2019-04-12,2019,development
2019-04-19,300750.SZ,宁德时代,43.35,43.59,42.52,42.67,6296775.0,524874429.0,000300.SH,沪深300,4076.295,4120.636,4046.204,4120.608,15079491000,,-0.01727314601566099,0.01474435196195012,-0.0115821172110262,-0.04498657117278415,-0.002897602467635485,-0.010045704475326378,-0.008834619940999322,45.64393939393938,-0.008341378438731457,0.026934279687970786,0.021813384213130626,0.025076165924537153,-0.015686274509803866,0.7028856322464508,0.6945498575475733,-0.018347569373189376,-0.11893107467835673,0.07394450350557258,0.015303752507632643,0.8819620105445611,-0.16615889383641913,-0.1143588518975841,-0.05180004193883503,2019-05-22,0,2019-04-13/2019-04-19,2019,development
2019-04-26,300750.SZ,宁德时代,40.52,41.21,40.51,40.7,3491801.0,278261725.0,000300.SH,沪深300,3921.891,3943.833,3887.253,3889.275,14200806800,,0.0032043381809219174,-0.04616826810405439,-0.03210463733650404,-0.04616826810405439,-0.0021574973031281974,-0.03866594231995657,-0.05873102140404041,43.56775300171525,-0.01909930182327918,0.03273078273078272,0.021126413820675205,0.01719901719901727,0.0044422507403751865,0.4177065764662522,0.4013880421360481,0.009972233491826632,-0.08931820259329182,0.04314993448923743,0.016185699496291547,0.8885458079427508,-0.1108108108108109,-0.05794550398210463,-0.05286530682870627,2019-05-29,0,2019-04-20/2019-04-26,2019,development
2019-04-30,300750.SZ,宁德时代,40.93,41.33,40.59,40.91,3109077.0,248280438.0,000300.SH,沪深300,3887.18,3923.108,3885.147,3913.211,11623337600,,-0.00024437927663745196,0.02045397854826625,-0.030338942877459196,-0.07631519530368036,0.002597784530928182,-0.02675183480236465,-0.0550035226585871,43.768400392541686,-0.018918208490941564,0.03120089394838842,0.019992750345932588,0.01808848692251271,-0.000488639139995195,0.39176058554925114,0.3789386801940182,0.0467774093476806,-0.06103635784109929,-0.015278837462581074,0.012371909634455065,0.8773949721855874,-0.1295526766071865,-0.0724269659877782,-0.0571257106194083,2019-05-31,0,2019-04-27/2019-05-03,2019,development
2019-05-10,300750.SZ,宁德时代,37.69,38.2,36.27,38.0,5407424.0,396995566.0,000300.SH,沪深300,3643.056,3732.924,3589.291,3730.451,14800384700,,0.019039957093054394,-0.07113175262771931,-0.05213270142180104,-0.11710037174721188,-0.006691760769552468,-0.06936876262780878,-0.1195381436929196,19.504950495049513,-0.03580596674379833,0.036823308270676654,0.022778864972934028,0.050789473684210516,0.008224993366940936,0.7994738227708174,0.727494315820249,-0.02442841871600343,-0.03245188066774296,-0.08464849107946892,0.02006544407345873,0.8386808898600643,-0.0876315789473684,-0.03208914954250841,-0.05554242940485998,2019-06-10,0,2019-05-04/2019-05-10,2019,development
2019-05-17,300750.SZ,宁德时代,38.32,38.32,36.89,37.06,3600307.0,263549588.0,000300.SH,沪深300,3744.875,3745.356,3637.583,3648.761,12845324500,,-0.027806925498425894,-0.024736842105263057,-0.09410901979955988,-0.12159279450106653,-0.011047659710732849,-0.06728579158644477,-0.13291010902965172,29.93762993762995,-0.03855862962102032,0.03388327808187493,0.02513144780696314,0.03858607663248785,-0.03288100208768263,0.5963082046660335,0.5528607511304947,-0.0028386855552909873,-0.014629855396771085,-0.10696293910429544,0.02005467116003979,0.8690034927799604,-0.004047490555855515,0.001661934009928201,-0.005709424565783716,2019-06-17,0,2019-05-11/2019-05-17,2019,development
2019-05-24,300750.SZ,宁德时代,34.78,34.98,34.36,34.8,2931112.0,198625492.0,000300.SH,沪深300,3584.902,3623.39,3580.785,3593.914,8093404800,,0.005489742848887591,-0.060982191041554334,-0.08421052631578951,-0.13195310551259676,-0.015335861015222774,-0.08346282493613222,-0.17255809529848154,29.77867203219313,-0.05106191642101258,0.03431855500821017,0.022125180642878307,0.017816091954022915,0.0005750431282345314,0.6772995630949294,0.6163783272906437,-0.045950513165146534,-0.02618289621950065,-0.1057702092930961,0.019963570119449135,0.7745736314578076,0.014942528735632177,0.06882524178374871,-0.05388271304811654,2019-06-24,0,2019-05-18/2019-05-24,2019,development
2019-05-31,300750.SZ,宁德时代,36.06,36.14,35.57,35.61,2516679.0,175685320.0,000300.SH,沪深300,3640.996,3668.18,3627.545,3629.789,8922226700,,-0.005307262569832383,0.02327586206896548,-0.03912574203993535,-0.1295526766071865,-0.010613469659924601,-0.03144209323831815,-0.13684933443755432,44.21272158498436,-0.03869698957508619,0.029746860833634165,0.024277480325958493,0.016006739679865215,-0.012479201331114909,0.6056723796253404,0.586676017863856,0.013293708906702895,-0.0571257106194083,-0.0724269659877782,0.019875123590319583,0.7644591769739901,0.012917719741645683,0.0843087573409913,-0.07139103759934562,2019-07-01,0,2019-05-25/2019-05-31,2019,development
2019-06-06,300750.SZ,宁德时代,35.29,35.33,34.19,34.33,3748486.0,252839103.0,000300.SH,沪深300,3601.036,3601.036,3557.017,3564.678,8553440300,,-0.030773574251835245,-0.04106145251396642,-0.008090147356255462,-0.07937784928935376,-0.017008361012484263,-0.04777754663338174,-0.15284769519297214,36.308926780341004,-0.0393452817508443,0.03050226790395734,0.02400867921935288,0.03320710748616372,-0.027203173703598815,0.9404966367679533,0.8991228920521716,-0.020050423955390806,-0.06964870519401245,-0.009729144095341313,0.014270248948728038,0.7755666111178672,0.062044858724148,0.09216119941268186,-0.03011634068853386,2019-07-05,0,2019-06-01/2019-06-07,2019,development
2019-06-14,300750.SZ,宁德时代,36.45,38.05,36.31,37.02,20433297.0,1485468811.0,000300.SH,沪深300,3690.476,3709.652,3650.91,3654.88,10181700400,,0.016474464579901094,0.07835712205068468,0.03407821229050301,-0.02885624344176274,0.0381961972067979,0.04130627399687792,-0.06714208318109083,61.635220125786184,-0.0214812405644935,0.03571428571428568,0.02261691382234603,0.04700162074554281,0.01563786008230461,2.8131806716136145,2.9499424060702877,0.053052732706120986,-0.005062211234188152,-0.02379403220757459,0.012322901806553257,0.6824997005840586,0.023500810372771408,0.04209467889506646,-0.018593868522295054,2019-07-12,0,2019-06-08/2019-06-14,2019,development
2019-06-21,300750.SZ,宁德时代,36.41,36.41,35.31,35.43,11818586.0,821987074.0,000300.SH,沪深300,3832.732,3856.086,3817.307,3833.938,15363515500,,0.00028232636928282595,-0.0429497568881686,0.03204194581998254,0.023692574400462352,-0.015505168389463142,-0.004775280898876466,-0.08997508540312849,48.84910485933504,-0.014835454076068849,0.04072416434821174,0.019706382068615965,0.031047135196161285,-0.02691568250480625,1.2712803792427074,1.2695589976671593,-0.09194124224473288,-0.046055037532131804,0.06974761193259416,0.011548887069651348,0.6496144622456668,0.04939316963025675,-0.006777104898409991,0.05617027452866674,2019-07-19,1,2019-06-15/2019-06-21,2019,development
2019-06-28,300750.SZ,宁德时代,35.34,35.61,34.88,35.33,5721215.0,393261788.0,000300.SH,沪深300,3832.06,3835.233,3803.055,3825.587,8476613900,,-0.015054362977418467,-0.0028224668360147254,-0.045650999459751596,-0.013128491620111649,-0.005964774070114087,-0.0055730691285746925,-0.07644047489380257,56.29770992366408,-0.011730620355925805,0.03732158020298408,0.01706713770913746,0.02066232663458808,-0.0002829654782118274,0.5514181844425572,0.5446217854711427,-0.0006442886808123438,-0.06377247188696444,0.050643980266852795,0.011669900409024016,0.7151632447745447,0.11491650155675082,0.008621422019679637,0.10629507953707118,2019-07-26,1,2019-06-22/2019-06-28,2019,development
2019-07-05,300750.SZ,宁德时代,36.47,36.67,35.91,36.46,8893749.0,631207238.0,000300.SH,沪深300,3875.374,3900.31,3857.928,3893.203,7400652700,,0.0005488474204171645,0.03198414944806127,0.029071408410951127,0.062044858724148,0.0004390297442651292,0.015372618915004965,-0.03242071741341923,45.182012847965794,-0.0021842820351973212,0.02891622913564767,0.013331186399335074,0.020844761382336947,-0.0002741979709349751,0.6888433684014253,0.697150332394529,0.014309476254117381,-0.03011634068853386,0.09216119941268186,0.012861280815389042,0.7230733721314494,0.06116291826659337,-0.03744089378334492,0.09860381204993829,2019-08-02,1,2019-06-29/2019-07-05,2019,development
2019-07-12,300750.SZ,宁德时代,37.33,38.07,37.19,37.89,9417205.0,694124849.0,000300.SH,沪深300,3783.073,3820.235,3774.522,3808.731,7546596700,,0.020193861066235774,0.039221064179923104,0.07245966600622711,0.023500810372771408,0.031020408163265234,0.04723473646388987,0.0174315827161049,68.98079763663216,0.00481775109857223,0.028013422312709712,0.01535610125391355,0.023225125362892653,0.015001339405304126,0.8629325017106622,0.8984021611191289,0.060918365861854396,-0.018593868522295054,0.04209467889506646,0.012235399804402037,0.742455996125627,-0.02454473475851149,-0.045999835640794795,0.021455100882283307,2019-08-09,1,2019-07-06/2019-07-12,2019,development
2019-07-19,300750.SZ,宁德时代,36.78,37.41,36.71,37.18,5735854.0,415492044.0,000300.SH,沪深300,3787.508,3828.151,3787.508,3807.955,8808614900,,0.013907826561221581,-0.018738453417788348,0.01974766867800315,0.04939316963025675,-0.002789400278940146,0.0184906177235995,0.010889218178604887,58.197932053175776,0.007327169146798272,0.028202566664105113,0.015432552555653484,0.018827326519634098,0.010875475802066381,0.5896764860546957,0.599540287210622,-0.01853471101644777,0.05617027452866674,-0.006777104898409991,0.010428667709643282,0.7735864733235821,0.012103281334050697,-0.025582235084185556,0.03768551641823625,2019-08-16,1,2019-07-13/2019-07-19,2019,development
2019-07-26,300750.SZ,宁德时代,38.73,39.96,38.73,39.39,11526351.0,887611744.0,000300.SH,沪深300,3835.228,3863.588,3832.522,3858.569,8325930000,,0.011036960985626232,0.05944055944055937,0.03958828186856689,0.11491650155675082,0.01635875735370007,0.05579157564630033,0.07556829817735022,79.53555878084182,0.017260080352790898,0.026819714938526792,0.016566081222197878,0.031226199543031328,0.017041053446940513,1.0734634509421583,1.1347195755959896,0.0461489107734927,0.10629507953707118,0.008621422019679637,0.01029536914367507,0.7881386455603333,-0.03579588728103589,-0.009771757353568056,-0.02602412992746783,2019-08-23,0,2019-07-20/2019-07-26,2019,development
2019-08-02,300750.SZ,宁德时代,38.02,38.85,37.9,38.69,7166010.0,537012579.0,000300.SH,沪深300,3729.131,3754.533,3720.058,3747.438,10833589700,,-0.006675224646983446,-0.01777100787001784,0.040613232920925224,0.06116291826659337,-0.013312251351627169,0.018144498098709105,0.05555606078518727,57.52066115702477,0.018562963693539096,0.026492633755492368,0.017238359742582088,0.024554148358749105,0.017622304050499693,0.7807596170334752,0.7888969691510681,0.011030083933705193,0.09860381204993829,-0.03744089378334492,0.008357419570970599,0.7389196185943636,-0.04006203153269572,0.013915640498922022,-0.05397767203161774,2019-08-30,0,2019-07-27/2019-08-02,2019,development
2019-08-09,300750.SZ,宁德时代,38.01,38.01,36.75,36.96,4732689.0,342757055.0,000300.SH,沪深300,3686.749,3689.177,3628.116,3633.53,8529558000,,-0.015712383488681647,-0.04471439648487974,-0.06169078446306164,-0.02454473475851149,-0.010600706713780772,-0.031243447263577306,0.009059512488112764,45.6681350954479,0.0042676770122939715,0.02974257884972171,0.015861762021887896,0.03409090909090903,-0.027624309392265123,0.5636183301940183,0.5466070445375766,-0.014318163111572413,0.021455100882283307,-0.045999835640794795,0.00879715439205334,0.7048856703269714,-0.0008116883116883189,0.08668650045547976,-0.08749818876716808,2019-09-06,0,2019-08-03/2019-08-09,2019,development
2019-08-16,300750.SZ,宁德时代,38.03,38.13,37.53,37.63,6954025.0,510354144.0,000300.SH,沪深300,3697.941,3738.096,3687.075,3710.539,8831916900,,-0.01259511939123581,0.018127705627705604,-0.02739726027397249,0.012103281334050697,-0.004339313118484456,-0.016967306260531,0.022697933133728032,36.15023474178406,0.0021645974584885075,0.027068068790099105,0.01569136939432591,0.01594472495349459,-0.010518012095713902,0.8694973776821081,0.8522599844946254,-0.003066284789326801,0.03768551641823625,-0.025582235084185556,0.00963995941742015,0.5829727109179278,0.047568429444592164,0.06661458079270965,-0.01904615134811749,2019-09-16,0,2019-08-10/2019-08-16,2019,development
2019-08-23,300750.SZ,宁德时代,38.84,38.84,36.96,37.98,16565181.0,1217057417.0,000300.SH,沪深300,3796.882,3829.361,3788.035,3820.864,8795458300,,-0.022393822393822482,0.0093010895562049,0.0275974025974024,-0.03579588728103589,-0.01961796592669074,-0.00772034330054483,0.02545179638562889,53.63214837712518,0.00640198562404255,0.027232377943278454,0.01657453239112409,0.049499736703528245,-0.02214212152420203,2.289102989729302,2.256892713297656,-0.020431787527151357,-0.02602412992746783,-0.009771757353568056,0.010622858243609512,0.5603177762381374,-0.01237493417588198,0.018267596020167032,-0.03064253019604901,2019-09-23,0,2019-08-17/2019-08-23,2019,development
2019-08-30,300750.SZ,宁德时代,36.72,37.45,36.26,37.14,11896719.0,853502525.0,000300.SH,沪深300,3816.678,3828.97,3778.919,3799.586,9669515000,,0.01669860388721589,-0.02211690363349117,-0.013021525378687282,-0.04006203153269572,-0.0016665770657491308,-0.016758001747279927,-0.002341480012356567,45.74468085106381,-0.0034895092983097133,0.026175090391568623,0.017034812325204887,0.03204092622509437,0.011437908496731986,1.5169083588540142,1.4818786001715216,-0.016548006127586667,-0.05397767203161774,0.013915640498922022,0.010691588146533131,0.5405291390568657,-0.010770059235325702,0.0039325337023559115,-0.014702592937681613,2019-09-30,0,2019-08-24/2019-08-30,2019,development
2019-09-06,300750.SZ,宁德时代,36.72,37.15,36.72,36.93,8292198.0,595782214.0,000300.SH,沪深300,3946.685,3948.54,3922.336,3948.508,12188237600,,0.00791484716157198,-0.0056542810985460434,-0.027646129541864073,-0.0008116883116883189,0.0022797589969059118,-0.019006255727776367,-0.010613644583558624,30.67590987868293,-0.00808082313039637,0.023442033190205457,0.01578522522736941,0.011643650148930401,0.005718954248365993,0.9354498181060585,0.921470633079904,-0.04484855121113207,-0.08749818876716808,0.08668650045547976,0.008695545813330895,0.6302705137751774,-0.014080693203357808,0.0011986806155641627,-0.01527937381892197,2019-10-14,0,2019-08-31/2019-09-06,2019,development
2019-09-12,300750.SZ,宁德时代,40.19,40.96,39.72,40.08,15404790.0,1208379491.0,000300.SH,沪深300,3944.692,3975.931,3933.437,3972.38,11024127300,,0.0030030030030030463,0.0938864628820959,0.09718039967150283,0.05169246916819725,0.021302619508714704,0.05354467313303357,0.06673764056158094,64.2663043478261,0.009537447035920438,0.026251069289991494,0.022095006141000333,0.03093812375249506,-0.0027369992535456467,1.2942811176076983,1.3659523832817186,0.08189840482929367,-0.023667283035443187,0.07535975220364044,0.008279950290742641,0.8909819186066374,-0.1012974051896206,-0.025929543497852703,-0.0753678616917679,2019-10-18,0,2019-09-07/2019-09-13,2019,development
2019-09-20,300750.SZ,宁德时代,38.81,39.12,38.34,38.47,12802741.0,962427238.0,000300.SH,沪深300,3933.459,3942.224,3921.412,3935.651,10345595500,,-0.006969540526587603,-0.040169660678642694,0.04994541484716142,-0.009781209781209887,-0.004657179818887469,0.01135706398864289,0.016922270342190293,59.147180192572186,0.0073667178379977025,0.027851015633703482,0.021442030720109594,0.02027553938133595,-0.008760628703942341,0.9583817003496529,0.966396156225098,-0.030923566397632274,-0.04725182403620243,0.03747061425499254,0.008393893950389872,0.9894971827919905,-0.05120873407850268,-0.009873588892917562,-0.04133514518558512,2019-10-25,0,2019-09-14/2019-09-20,2019,development
2019-09-27,300750.SZ,宁德时代,36.72,36.94,36.52,36.72,7143729.0,510484482.0,000300.SH,沪深300,3843.458,3859.5,3832.247,3852.653,7400394700,,0.0,-0.04548999220171568,-0.08383233532934131,0.005201204489460709,-0.011893870082342217,-0.03332806823566592,-0.03135180764208567,48.627450980392155,-0.004967346461534501,0.031629318394024275,0.02116060203045562,0.01143790849673188,0.0,0.5253830014728749,0.5044334767588039,-0.024401232044882648,-0.011279776528098528,0.016480981017559238,0.007924199001419314,1.1077861384817789,-0.029684095860566306,0.02588709650207277,-0.05557119236263908,2019-11-01,0,2019-09-21/2019-09-27,2019,development
2019-09-30,300750.SZ,宁德时代,36.9,37.04,36.57,36.74,6760707.0,484212294.0,000300.SH,沪深300,3842.074,3857.232,3813.549,3814.528,6593131300,,0.0005446623093683378,-0.020527859237536528,-0.06798579401319127,-0.010770059235325702,-0.007241677475140484,-0.032292050782278814,-0.030943515665182275,21.868787276342047,-0.006732328915185987,0.027393265417217507,0.02081390891700071,0.012792596624931922,-0.0043360433604334725,0.5067850845583872,0.48736499278266554,-0.0009594670204793321,-0.014702592937681613,0.0039325337023559115,0.00826585475362897,1.0920483858944183,-0.021774632553075768,0.04288708852051948,-0.06466172107359525,2019-11-04,0,2019-09-28/2019-10-04,2019,development
2019-10-11,300750.SZ,宁德时代,36.57,37.07,36.14,36.72,9492562.0,677544365.0,000300.SH,沪深300,3885.52,3922.369,3868.842,3911.725,9341257700,,0.007960472138347496,0.0,-0.04548999220171568,0.0021834061135370675,0.011514517106495425,-0.02958548606614786,-0.031006729119936627,28.57142857142864,-0.012707680600064143,0.0248793962029256,0.021604336334503104,0.02532679738562091,0.00410172272354381,0.7199391977112932,0.691367924315868,-0.015332810922759066,0.005647579635053579,-0.0034641735215165115,0.00780233814587653,1.0782184461369169,0.0582788671023966,0.015667256772907034,0.04261161032948957,2019-11-08,1,2019-10-05/2019-10-11,2019,development
2019-10-18,300750.SZ,宁德时代,35.77,36.14,35.64,36.02,7628238.0,533023008.0,000300.SH,沪深300,3935.42,3940.541,3864.965,3869.378,8232114000,,0.011513619769727645,-0.019063180827886606,-0.019063180827886606,-0.1012974051896206,-0.0012200532386866803,-0.027655927330642815,-0.046623347405476134,35.47758284600401,-0.015324197690349093,0.023181565796779546,0.013856535244393767,0.013881177123820098,0.006989097008666567,0.6989335246721746,0.6729344248688012,-0.008237522071199987,-0.0753678616917679,-0.025929543497852703,0.00799652790113481,0.9165145360427441,0.035813436979455826,0.0019928267540674227,0.0338206102253884,2019-11-15,1,2019-10-12/2019-10-18,2019,development
2019-10-25,300750.SZ,宁德时代,36.85,36.87,36.26,36.5,5389714.0,382402723.0,000300.SH,沪深300,3871.769,3899.722,3849.034,3896.792,7745362000,,-0.008421624558543894,0.013325930038867284,-0.005991285403050051,-0.05120873407850268,0.0038503850385038785,0.0007677122175915319,-0.029737009995038033,47.8723404255319,-0.009968369485227958,0.021037181996086108,0.013201227816844498,0.016712328767123273,-0.009497964721845387,0.579111988650221,0.5772436484193137,0.006241070405096805,-0.04133514518558512,-0.009873588892917562,0.007299040176793017,0.9142544156185364,0.1334246575342466,-0.012009109031223653,0.14543376656547025,2019-11-22,1,2019-10-19/2019-10-25,2019,development
2019-11-01,300750.SZ,宁德时代,35.21,35.66,35.16,35.63,5613492.0,387301784.0,000300.SH,沪深300,3883.808,3956.08,3876.416,3952.387,10068961200,,0.00906258850184094,-0.023835616438356078,-0.010827318156579668,-0.029684095860566306,-0.002854584126273485,-0.013415664068448852,-0.04520727818420556,41.63090128755372,-0.012319713622422403,0.01852371596968844,0.01265898734213748,0.014033118158854897,0.011928429423459397,0.6763780156866184,0.6638335765035537,-0.03810248005335015,-0.05557119236263908,0.02588709650207277,0.007618164661476729,0.8671785002649849,0.26073533539152405,-0.031301590659011946,0.292036926050536,2019-11-29,1,2019-10-26/2019-11-01,2019,development
2019-11-08,300750.SZ,宁德时代,39.0,39.67,38.54,38.86,19035838.0,1451717069.0,000300.SH,沪深300,4017.674,4022.036,3971.573,3973.011,9710694800,,0.004134366925064414,0.09065394330620258,0.06465753424657539,0.0582788671023966,0.02123410070429932,0.06314291967607799,0.04053517317707733,72.1500721500722,0.007602477850338357,0.025512829938975082,0.016857055995468776,0.029078744209984627,-0.0035897435897436214,1.6381446413480005,1.718215904607799,0.08543583080861583,0.04261161032948957,0.015667256772907034,0.007090184535125378,0.8975205053603719,0.2297992794647452,-0.017776442098952128,0.24757572156369734,2019-12-06,1,2019-11-02/2019-11-08,2019,development
2019-11-15,300750.SZ,宁德时代,38.18,38.18,36.79,37.31,10722051.0,777993873.0,000300.SH,沪深300,3908.489,3915.105,3877.089,3877.089,8373091700,,-0.020220588235294046,-0.03988677303139465,0.047151277013752546,0.035813436979455826,-0.015671169269733887,0.00805144277531622,-0.0015120495631113506,55.764411027568954,0.008963887496357957,0.028965807711452327,0.017993427505029896,0.03725542749932995,-0.022786799371398603,0.9261911647570752,0.9158882087695923,-0.015743371465177014,0.0338206102253884,0.0019928267540674227,0.007218530429818709,0.9598550097079944,0.2808898418654515,0.023505263871941073,0.25738457799351044,2019-12-13,1,2019-11-09/2019-11-15,2019,development
2019-11-22,300750.SZ,宁德时代,42.14,43.47,40.83,41.37,42347174.0,3469882995.0,000300.SH,沪深300,3894.174,3918.839,3833.503,3849.995,9104263900,,0.04337957124842373,0.10881801125703561,0.0645908389089036,0.1334246575342466,0.04882871919683596,0.09493687637297188,0.10523362987897711,75.30288909599258,0.019128057864245023,0.03508408439517942,0.023029372985978437,0.0638143582306019,-0.0182724252491695,2.941060387058472,3.19677321103826,0.11580624392334793,0.14543376656547025,-0.012009109031223653,0.008147908827659594,0.7981220016779936,0.15252598501329473,0.04344369278401672,0.10908229222927801,2019-12-20,1,2019-11-16/2019-11-22,2019,development
2019-11-29,300750.SZ,宁德时代,44.77,45.68,43.88,44.92,12922196.0,1128335007.0,000300.SH,沪深300,3857.188,3861.658,3804.829,3828.671,7414433100,,0.0,0.08581097413584726,0.20396676494237465,0.26073533539152405,0.007852815795377888,0.1232106019878727,0.18114170019194886,83.47578347578356,0.04471662803818014,0.03552347029639994,0.024804960419956775,0.04007123775601062,0.0033504578959124842,0.7110664176530253,0.7830746213322562,0.09134968262767651,0.292036926050536,-0.031301590659011946,0.007267234843278745,0.9287909444901536,0.19211932324131786,0.05050238059107204,0.14161694265024583,2019-12-27,1,2019-11-23/2019-11-29,2019,development
2019-12-06,300750.SZ,宁德时代,47.12,47.99,46.82,47.79,13437736.0,1241180810.0,000300.SH,沪深300,3885.058,3902.385,3878.7,3902.385,7864888700,,0.010786802030456899,0.0638913624220836,0.15518491660623646,0.2297992794647452,0.04445318646734875,0.14006942042296355,0.23265411400567437,90.39062500000001,0.05004417329776667,0.04123695931605536,0.025564157225655672,0.024482109227871977,0.014219015280135805,0.8124052351604479,0.9024270445902802,0.044638206431401706,0.24757572156369734,-0.017776442098952128,0.00734156464961726,1.1273490440473952,0.1730487549696591,0.05814649246550507,0.11490226250415403,2020-01-06,1,2019-11-30/2019-12-06,2019,development
2019-12-13,300750.SZ,宁德时代,47.04,48.0,46.41,47.79,18289816.0,1685672881.0,000300.SH,沪深300,3928.004,3969.457,3925.276,3968.221,14857134900,,0.036659436008676716,0.0,0.0638913624220836,0.2808898418654515,0.009889691898060216,0.07943893569444116,0.21161671434426754,73.04761904761904,0.04896666108317054,0.040041251905658666,0.025529112293865612,0.03327055869428758,0.015943877551020336,1.011902379428841,1.0837337363752229,-0.016870708553871516,0.25738457799351044,0.023505263871941073,0.007436013814226908,1.1660398537122532,0.25695752249424575,0.059413777609664375,0.19754374488458137,2020-01-13,1,2019-12-07/2019-12-13,2019,development
2019-12-20,300750.SZ,宁德时代,47.91,48.76,47.64,47.68,10357947.0,968703786.0,000300.SH,沪深300,4032.152,4046.726,4014.93,4017.253,12126766200,,-0.005008347245409106,-0.002301736765013551,-0.002301736765013551,0.15252598501329473,-0.006418271234475248,0.027386929259410886,0.18544056222236982,63.32116788321167,0.04341493902309561,0.03553451581975073,0.02414411890695059,0.023489932885905986,-0.004800667919014789,0.5784470966530317,0.6033071677011567,-0.014657903420046248,0.10908229222927801,0.04344369278401672,0.006572787873709834,1.1604709189597546,0.32781040268456385,0.04196325200329665,0.2858471506812672,2020-01-20,1,2019-12-14/2019-12-20,2019,development
2019-12-27,300750.SZ,宁德时代,54.02,56.53,53.01,53.55,24054959.0,2568286548.0,000300.SH,沪深300,4029.245,4066.796,4019.722,4022.028,15092641100,,-0.008700481303221097,0.12311241610738244,0.12052730696798486,0.19211932324131786,0.02763385146804831,0.10883339545285131,0.2913883328912146,70.57991513437057,0.05279768513882336,0.03957583033213287,0.02779298531233486,0.06573295985060697,-0.008700481303221097,1.3743333679083556,1.5551976722160357,0.12192379293627531,0.14161694265024583,0.05050238059107204,0.006867407491096141,1.1002325688507875,0.4289449112978525,-0.05877383250439827,0.4877187438022508,2020-02-04,1,2019-12-21/2019-12-27,2019,development
2020-01-03,300750.SZ,宁德时代,55.25,56.63,54.46,56.3,18084178.0,1956828809.0,000300.SH,沪深300,4161.219,4164.299,4131.864,4144.965,14282624400,,0.01900452488687776,0.04220659015179562,0.17487479131886463,0.19077834179357023,0.018783250696681186,0.1174514960551778,0.31645096044801435,75.34246575342463,0.05866938464907067,0.04043390002537429,0.028546430344142906,0.038543516873889905,0.01900452488687776,0.9963687142058002,1.09266608620017,0.012654341113795375,0.1223132531862623,0.06846508860730793,0.007741873733718839,1.1951399449376403,0.5083481349911192,-0.05523810213113989,0.5635862371222591,2020-02-10,1,2019-12-28/2020-01-03,2020,development
2020-01-10,300750.SZ,宁德时代,58.69,58.69,57.39,58.23,14428007.0,1628569248.0,000300.SH,沪深300,4177.578,4180.977,4148.482,4163.185,11303171900,,-0.014720812182741239,0.03428063943161641,0.07793409848204358,0.2631236442516267,0.019897011945212872,0.10230854416900925,0.308323721933464,78.99945024738865,0.058312998986100324,0.04442972449154831,0.029101415404360627,0.02232526189249523,-0.007837791787357329,0.7442120704820586,0.8163928836772297,0.029884944896197974,0.19317778938154606,0.06994585487008065,0.008712716214135127,1.2758469631724303,0.35995191482053923,-0.02059985323736524,0.38055176805790447,2020-02-17,1,2020-01-04/2020-01-10,2020,development
2020-01-17,300750.SZ,宁德时代,59.8,60.41,58.58,59.14,14662407.0,1694771901.0,000300.SH,沪深300,4162.194,4177.028,4141.645,4154.853,9872568200,,-0.011367435640254109,0.015627683324746844,0.050444049733570306,0.23414023372287152,-0.006851615503459363,0.06156883862861262,0.27326094601092277,68.49768365320979,0.05600847450795645,0.03930141552732017,0.02802802885159804,0.030943523841731456,-0.011036789297658833,0.7662022988817122,0.8175345992798063,0.017629035654753933,0.20242971884262118,0.03171051488025034,0.007861711130936047,1.4326268590418025,0.341731484612783,-0.005298382397644463,0.3470298670104275,2020-02-24,1,2020-01-11/2020-01-17,2020,development
2020-01-23,300750.SZ,宁德时代,68.09,70.4,64.29,67.1,35986224.0,4755930193.0,000300.SH,沪深300,4093.323,4103.524,3972.393,4003.901,16035760300,,-0.024283844699723778,0.12169842861919089,0.1353637901861251,0.24006653114026966,0.04572515039117264,0.1419041379134296,0.38620611294171114,75.04638218923931,0.06375435907267542,0.04710453480945285,0.03404895518989489,0.09105812220566319,-0.014539579967689953,1.7327997063166911,1.9866715601338845,0.15668047146617992,0.23680057414395783,0.003265956996311825,0.011110146013387504,1.5181855974207565,0.03904619970193757,-0.015947447252067426,0.05499364695400499,2020-02-28,1,2020-01-18/2020-01-24,2020,development
2020-02-07,300750.SZ,宁德时代,85.31,87.02,81.68,82.32,45499480.0,7426674365.0,000300.SH,沪深300,3879.553,3899.884,3849.713,3899.869,15173175900,,-0.05704467353951892,0.22682563338301054,0.3761283851554662,0.48995475113122167,0.029334533723460066,0.2654200004611589,0.5827928320557849,78.68540128602046,0.09589998202530628,0.06099888935165902,0.04435571836369942,0.0648688046647229,-0.03504864611417191,1.6372146850033833,1.9963618803129577,0.25280829379344516,0.5507344602088017,-0.06077970907758001,0.0218411338142108,0.751041425037593,-0.10410592808551988,0.06119128616884306,-0.16529721425436295,2020-03-06,0,2020-02-01/2020-02-07,2020,development
2020-02-14,300750.SZ,宁德时代,81.66,82.17,76.5,77.03,43961853.0,6739413555.0,000300.SH,沪深300,3954.234,4001.563,3954.023,3987.734,14323980300,,-0.04119990042320143,-0.06426141885325554,0.1479880774962743,0.3033840947546531,-0.05072338747442884,0.08244452875792208,0.38601331494032265,67.94383149448345,0.09388334072671832,0.07636171435989689,0.048146932857302246,0.07360768531740883,-0.05669850600048976,1.3785902314548222,1.4637905244470888,-0.08679166281786044,0.34580011446471726,-0.042416019710064146,0.021820971952863717,0.6413239905202427,-0.11878488900428408,-0.02317632018584992,-0.09560856881843416,2020-03-13,0,2020-02-08/2020-02-14,2020,development
2020-02-21,300750.SZ,宁德时代,81.09,83.51,79.77,82.17,33805137.0,5376640660.0,000300.SH,沪深300,4134.875,4184.438,4130.168,4149.49,21721360400,,-0.0006081245439065741,0.06672724912371808,-0.0018221574344022828,0.3736208625877633,0.020010427269793185,0.07466551575312907,0.39043375260872004,64.58477908859588,0.07147821237393916,0.06563918009701142,0.048355454839424626,0.04551539491298538,0.013318534961154205,0.914348460897511,0.9621143223081507,0.026163861495556384,0.3735131269002807,0.00010773568748256857,0.02297412163720601,0.6275155269808874,-0.2754046488986248,-0.1195968661208967,-0.1558077827777281,2020-03-20,0,2020-02-15/2020-02-21,2020,development
2020-02-28,300750.SZ,宁德时代,71.94,74.51,69.64,69.72,50844719.0,7090643686.0,000300.SH,沪深300,3988.727,4031.145,3928.066,3940.049,23027509300,,-0.09242384795626135,-0.1515151515151515,-0.09489809165260288,0.03904619970193757,-0.100642398286938,-0.12631578947368416,0.12470357962886292,30.0,0.0458678282696343,0.07326243750512258,0.05119164880029558,0.06985083189902473,-0.030859049207673017,1.2391543207695308,1.1139231526669688,-0.10104123785347263,0.05499364695400499,-0.015947447252067426,0.023095103875815946,0.9078408333623124,-0.1250717154331612,-0.05837186288799956,-0.06669985254516164,2020-03-27,0,2020-02-22/2020-02-28,2020,development
2020-03-06,300750.SZ,宁德时代,72.98,75.7,72.71,73.75,15980869.0,2309879439.0,000300.SH,沪深300,4158.202,4181.31,4135.39,4138.507,17247571700,,-0.01179150475680013,0.05780263912794026,-0.10247048801265668,-0.10410592808551988,-0.0008941150969977718,-0.05763443882929453,0.14491669922456163,42.13418160786582,0.016852486769541923,0.06428087167070223,0.03749413137251733,0.04054237288135606,0.010550835845437145,0.4591335471875276,0.43216168707623764,0.00743321478829384,-0.16529721425436295,0.06119128616884306,0.015341712046940086,0.8796105149040796,-0.15688135593220343,-0.10276387112550489,-0.054117484806698535,2020-04-03,0,2020-02-29/2020-03-06,2020,development
2020-03-13,300750.SZ,宁德时代,64.8,68.76,64.75,67.88,27455284.0,3557983787.0,000300.SH,沪深300,3771.014,3937.181,3765.148,3895.313,18829672200,,-0.015661252900232014,-0.07959322033898308,-0.02639127940332764,-0.11878488900428408,-0.030230298874221573,-0.10060551455487399,0.0240627592969751,35.13093077521391,-0.00903223872737157,0.07068145466790138,0.04092756811465906,0.05907483794932241,0.04753086419753094,0.819375897012221,0.716060784921036,-0.020829516423537364,-0.09560856881843416,-0.02317632018584992,0.018857778073131735,1.0327075274047832,-0.13170300530347667,-0.03646844297236196,-0.09523456233111471,2020-04-13,0,2020-03-07/2020-03-13,2020,development
2020-03-20,300750.SZ,宁德时代,60.64,61.51,58.18,59.54,22514220.0,2615607082.0,000300.SH,沪深300,3629.513,3663.952,3588.777,3653.224,13960300000,,0.007104194857916024,-0.1228638774307601,-0.19267796610169496,-0.2754046488986248,-0.010141313383208672,-0.15391283341149053,-0.1156593937053485,28.0608634111819,-0.058496808486560845,0.07441575891357552,0.04272016683744251,0.05592878736983538,-0.018139841688654346,0.6871578383262144,0.580100842335352,-0.06071508476634524,-0.1558077827777281,-0.1195968661208967,0.020139372118581182,1.1293690677398551,0.16090023513604312,0.054809395755639256,0.10609083938040387,2020-04-20,1,2020-03-14/2020-03-20,2020,development
2020-03-27,300750.SZ,宁德时代,62.8,63.38,60.31,61.0,17499077.0,2101160340.0,000300.SH,沪深300,3746.391,3758.783,3709.921,3710.061,12406099500,,-0.00780741704619381,0.024521330198186142,-0.10135533294048316,-0.1250717154331612,0.026175896642217866,-0.07367334077431797,-0.10475361156090868,37.29892761394103,-0.059401971316039165,0.07228337236533956,0.04412658958648276,0.05032786885245902,-0.0286624203821656,0.5985717192067646,0.5636229612852033,0.008963291599950685,-0.06669985254516164,-0.05837186288799956,0.02236283042483231,1.2343606721219271,0.128032786885246,0.030379015331553738,0.09765377155369226,2020-04-27,1,2020-03-21/2020-03-27,2020,development
2020-04-03,300750.SZ,宁德时代,64.06,64.24,61.56,62.18,18220415.0,2225897354.0,000300.SH,沪深300,3721.482,3738.832,3698.982,3713.218,9982508300,,-0.021095717884131004,0.019344262295081904,0.044339939536446105,-0.15688135593220343,0.0004827031375704838,-0.01199650432986421,-0.09555925119636932,52.66240681576145,-0.03946308973108604,0.06175619170151173,0.04266513103073409,0.043100675458346616,-0.029347486731189587,0.629511632285119,0.6267471023617475,0.0184933328898782,-0.054117484806698535,-0.10276387112550489,0.02001988844210395,1.2361295809798005,0.18349951752975246,0.05700634867115273,0.12649316885859974,2020-05-07,1,2020-03-28/2020-04-03,2020,development
2020-04-10,300750.SZ,宁德时代,62.26,63.24,60.6,60.87,14569554.0,1748457124.0,000300.SH,沪深300,3794.843,3824.744,3758.96,3769.178,10244495600,,-0.014570179698883079,-0.04171914357682627,-0.009921925829538103,-0.11731438515081205,-0.024863029060267272,-0.007443764115023677,-0.12005146405105938,53.106025221858935,-0.03020897740401331,0.05365063718932618,0.0377433828012111,0.043371118777723025,-0.022325730806296185,0.5671204681439791,0.5720840288590588,-0.050996613759829224,-0.07131663931447196,-0.04599774583634009,0.018472706154695956,1.2477607261861787,0.1672416625595532,0.052816555758311345,0.11442510680124185,2020-05-13,1,2020-04-04/2020-04-10,2020,development
2020-04-17,300750.SZ,宁德时代,69.93,72.24,69.43,70.38,29252182.0,4024198915.0,000300.SH,沪深300,3831.923,3863.452,3821.42,3839.487,13200430100,,0.030152224824355978,0.15623459832429765,0.1079974811083122,0.19046008119079838,0.07204874333587186,0.12997615779206706,0.009608832762318054,70.99373321396597,-0.0008343863199958416,0.046248934356351225,0.03907474446914527,0.03992611537368554,0.006435006435006274,1.2490361176046951,1.417859013209301,0.1375809290096619,0.12069482294867417,0.0697652582421242,0.014953760319899659,1.295989811382069,0.09008240977550441,0.024934320652733044,0.06514808912277137,2020-05-20,1,2020-04-11/2020-04-17,2020,development
2020-04-24,300750.SZ,宁德时代,66.81,69.89,66.81,67.67,16991648.0,2263542699.0,000300.SH,沪深300,3826.312,3827.212,3787.071,3796.972,9484413500,,0.013782771535580496,-0.03850525717533382,0.1117134877608017,0.10068314899154207,0.0014799467219179796,0.050955908617931644,-0.03487357704348315,61.745827984595635,0.009461383135898747,0.04496611708079121,0.030507727250222574,0.04551499926112011,0.012872324502319898,0.82829217869956,0.8793046759039076,-0.027432163295865064,0.07393254252277615,0.026750606468765925,0.009775706197393036,1.2509465209229167,0.1504359391162995,0.012810734448397199,0.1376252046679023,2020-05-27,1,2020-04-18/2020-04-24,2020,development
2020-04-30,300750.SZ,宁德时代,74.0,76.32,74.0,74.19,23338521.0,3409837973.0,000300.SH,沪深300,3880.409,3921.7,3880.409,3912.577,13291712500,,0.040678917099172374,0.11146067415730343,0.08591920374707263,0.19912720219815738,0.05076055859275419,0.11808543504961988,0.0611406176995033,76.8765133171913,0.02326097488103501,0.045452794947335964,0.03182994496195668,0.031271060789863775,0.002567567567567597,1.1981170966473966,1.3510336900922792,0.08983421417411397,0.13450241620733694,0.06462478599082044,0.009680706162377876,1.8428144883303519,0.03531473244372574,0.018144307447495622,0.017170424996230116,2020-06-02,1,2020-04-25/2020-05-01,2020,development
2020-05-08,300750.SZ,宁德时代,73.49,74.63,72.4,74.04,14133880.0,2024998125.0,000300.SH,沪深300,3942.997,3979.663,3935.981,3963.622,11694334100,,0.006114961271912023,0.04178978471929096,0.1039212762785151,0.15543071161048694,0.005896258457191106,0.08893562572617775,0.06713300487877527,72.3002159827214,0.03173254755088411,0.04356718376167319,0.03100476072654434,0.03011885467314951,0.007484011430126669,0.74117055642402,0.8013389987545423,0.012049429258717437,0.11182879366427234,0.0436019179462146,0.00799818856740333,1.8246179514268799,0.0509184224743382,0.009493589449246276,0.04142483302509192,2020-06-05,1,2020-05-02/2020-05-08,2020,development
2020-05-15,300750.SZ,宁德时代,71.91,75.9,71.41,74.76,32212118.0,4605864489.0,000300.SH,沪深300,3941.125,3945.196,3907.402,3912.816,9261838200,,0.0729047072330653,0.00972447325769843,0.051920641620937236,0.15316982878297103,0.045185102337546024,0.06202233144870317,0.08858725855888894,67.65258215962443,0.024566828927461246,0.0434342276236337,0.027378051176869728,0.06005885500267535,0.039632874426366316,1.661120229811728,1.7333212394780775,0.02254254723145277,0.13039830389300988,0.022771524889961148,0.007084337878449937,1.8934091738111376,0.09657570893525946,0.023069574444594343,0.07350613449066512,2020-06-12,1,2020-05-09/2020-05-15,2020,development
2020-05-22,300750.SZ,宁德时代,75.35,75.47,72.46,73.39,14817295.0,2127136883.0,000300.SH,沪深300,3907.576,3907.576,3818.149,3824.064,10337836000,,-0.03153866455529164,-0.01832530765115037,-0.008779038357644597,0.09422990905024609,-0.01458187872603256,0.019595857153772878,0.07662591687041553,54.14364640883977,0.027731525322475484,0.0482257216825959,0.02785280155571988,0.041013762092928265,-0.026011944260119324,0.8322508493078047,0.8457479255484879,0.004357077618179939,0.0900238160057012,0.00420609304454489,0.008389627671086631,1.850414441777355,0.16337375664259435,0.07182045070375387,0.09155330593884048,2020-06-19,1,2020-05-16/2020-05-22,2020,development
2020-05-29,300750.SZ,宁德时代,75.54,75.97,74.26,74.79,14142791.0,2060033605.0,000300.SH,沪深300,3838.377,3872.303,3830.419,3867.023,9381383200,,-0.015532447018559825,0.019076168415315564,0.00040128410914919144,0.05234276065850585,-0.015558363607644954,0.012104931964734167,0.09725502853537948,58.43348528802323,0.027529060430407818,0.040990965178690796,0.029053866722792112,0.022864019253910864,-0.009928514694201751,0.8027893479365085,0.8093625539995333,0.007842308312555613,0.04769861482567572,0.004644145832830127,0.008244050120280847,1.8271410888180963,0.19975932611311675,0.07678800979461453,0.12297131631850222,2020-06-30,1,2020-05-23/2020-05-29,2020,development
2020-06-05,300750.SZ,宁德时代,76.97,77.89,75.79,77.81,9862700.0,1475831341.0,000300.SH,沪深300,3988.224,4001.251,3967.926,4001.251,10244394200,,0.007901554404144973,0.04037972991041583,0.060226188854067386,0.0509184224743382,0.00868550687062486,0.04053276989529153,0.13601191345227348,62.20355731225298,0.025809021759264913,0.039914076413241004,0.028701928209886603,0.026988818917876807,0.010913342860854991,0.5949402720732616,0.6107261074290209,0.005668790771962362,0.04142483302509192,0.009493589449246276,0.009583500235363331,1.8419051542495184,0.29366405346356506,0.17416428012139207,0.11949977334217299,2020-07-07,1,2020-05-30/2020-06-05,2020,development
2020-06-12,300750.SZ,宁德时代,82.44,83.63,81.77,81.98,25244551.0,4038133987.0,000300.SH,沪深300,3931.624,4011.059,3927.249,4003.083,13416664900,,-0.02855788600545084,0.05359208327978404,0.09613584703837397,0.09657570893525946,0.014177202662246202,0.06321857714430235,0.17922051768902714,68.3889149835604,0.032983396206081594,0.03796222075070573,0.024160018277808525,0.02268846060014637,-0.005579815623483642,1.4906633141921457,1.569998928666219,0.053134226474499835,0.07350613449066512,0.023069574444594343,0.009678051530997966,1.5935384577926763,0.3556965113442303,0.20074702423107382,0.15494948711315648,2020-07-14,1,2020-06-06/2020-06-12,2020,development
2020-06-19,300750.SZ,宁德时代,82.33,86.87,81.91,85.38,25019327.0,4137793352.0,000300.SH,沪深300,4047.048,4109.36,4043.493,4098.71,15294699000,,0.04376528117359402,0.04147353012929966,0.0972882662896799,0.16337375664259435,0.03644176843331959,0.07965250818780745,0.19459368703828073,70.498687664042,0.032613934997450814,0.03612421778268579,0.02194646846770495,0.05809323026469909,0.03704603425239883,1.5387342186207082,1.640602010367855,0.017585192065862065,0.09155330593884048,0.07182045070375387,0.008871982509495913,1.5919528108539809,0.24771609276177098,0.144516933376599,0.10319915938517199,2020-07-21,1,2020-06-13/2020-06-19,2020,development
2020-06-24,300750.SZ,宁德时代,87.76,89.33,87.13,88.26,14660407.0,2515400581.0,000300.SH,沪深300,4128.1,4144.678,4123.358,4138.99,12171246500,,0.015416474919466294,0.08681196896933896,0.09449404761904767,0.133718689788054,0.032812207451788256,0.09461621460728509,0.21252086467327458,76.7149758454106,0.03762897516434662,0.03495354634035803,0.021231392330584343,0.024926353954226182,0.005697356426618061,0.8915540398152176,0.968043628207031,0.05659587446103376,0.05743022193870684,0.07628846784934717,0.008358515785818527,1.4349752493140466,0.1585089508271016,0.08857257446865074,0.06993637635845085,2020-07-24,1,2020-06-20/2020-06-26,2020,development
2020-07-03,300750.SZ,宁德时代,87.49,87.87,85.96,86.26,24026447.0,4054240061.0,000300.SH,沪深300,4353.194,4419.596,4348.454,4419.596,29048553900,,0.0024404416037189236,-0.02266032177656918,0.06218446004186684,0.13038920193945747,-0.013607775871926964,0.034032198127569746,0.15138450449488428,54.83704086911537,0.03670314454400994,0.037801000298102086,0.020033375686390176,0.022142360306051597,-0.014058749571379425,1.3177818226261315,1.3574659973543137,-0.09045608837663333,0.020954834244319986,0.10943436769513748,0.009548178873052763,1.0218328807362975,0.26582425226060735,0.06232470117178157,0.20349955108882578,2020-07-31,1,2020-06-27/2020-07-03,2020,development
2020-07-10,300750.SZ,宁德时代,104.46,106.61,103.24,104.94,16829333.0,3436550912.0,000300.SH,沪深300,4796.087,4821.375,4734.473,4753.133,31694965100,,-0.005402331532556204,0.21655460236494317,0.18898708361658723,0.3013392857142856,0.040472743857701055,0.17916736895331198,0.3432921794896411,85.03937007874013,0.06050935799975304,0.04224863187127338,0.0317282492168629,0.03211358871736235,0.004595060310166543,0.7914545517909647,0.9276743865534908,0.14108684467849386,0.12473530101738328,0.1766039846969023,0.015979594576958658,0.9721630353037245,0.0019058509624547693,-0.009510989909181866,0.011416840871636635,2020-08-07,1,2020-07-04/2020-07-10,2020,development
2020-07-17,300750.SZ,宁德时代,101.39,103.54,96.8,100.72,30378591.0,5903627257.0,000300.SH,沪深300,4524.772,4601.373,4485.821,4544.701,20737556300,,-0.005431025970178749,-0.040213455307794965,0.1676327382332483,0.24024134958748933,-0.05872677656910019,0.05807210689973963,0.23480300609310079,62.5817965496728,0.06759604656925286,0.06345030069215933,0.0410775275246108,0.06691818903891987,-0.006608146760035516,1.2917858444521135,1.3354583030730642,0.0036380422202565432,0.10904168132832726,0.13119966825916207,0.020480637548479473,1.08646984324977,0.023828435266084247,0.03518999379717158,-0.011361558531087335,2020-08-14,0,2020-07-11/2020-07-17,2020,development
2020-07-24,300750.SZ,宁德时代,107.56,108.02,100.79,102.25,34398314.0,6943402672.0,000300.SH,沪深300,4679.027,4691.698,4479.393,4505.591,24390520300,,-0.06943938842373498,0.015190627482128738,-0.025633695445016147,0.1585089508271016,-0.03775573582277758,0.0184922330628976,0.20589206528917825,59.53183188508601,0.05738794522714358,0.06663639538945164,0.04508364862145808,0.07070904645476762,-0.04936779471922648,1.3415338766757239,1.3819436974424626,0.023796254122913196,0.06993637635845085,0.08857257446865074,0.024012619179630226,1.1874718828204154,-0.03246943765281163,0.047330527782037723,-0.07979996543484935,2020-08-21,0,2020-07-18/2020-07-24,2020,development
2020-07-31,300750.SZ,宁德时代,106.02,110.8,105.76,109.19,20704980.0,4378422256.0,000300.SH,沪深300,4652.182,4741.808,4621.964,4695.046,18483902600,,0.03321347464042379,0.06787286063569686,0.08409451945988877,0.26582425226060735,0.04980290356696471,0.0445455284669507,0.24853019368092832,43.30794341675734,0.0400572605391373,0.05570237986210145,0.04591657457119131,0.04615807308361564,0.02990001886436522,0.820658188320685,0.8576469196251051,0.025823992906690796,0.20349955108882578,0.06232470117178157,0.023509091235824724,1.1728330076028968,-0.018225112189760972,0.03178222321996427,-0.05000733540972524,2020-08-28,0,2020-07-25/2020-07-31,2020,development
2020-08-07,300750.SZ,宁德时代,107.56,110.29,104.02,105.14,18055246.0,3733669852.0,000300.SH,沪深300,4742.294,4749.022,4637.843,4707.926,21351821600,,-0.034083601286173604,-0.03709130872790545,0.028264058679706716,0.0019058509624547693,-0.029429141126947833,-0.011851392374131797,0.1621746099003334,49.260523321956775,0.03596746557785042,0.04667246392565016,0.03977323404275413,0.059634772684040424,-0.022499070286351786,0.7930932346671146,0.7930011104311304,-0.03983462583278574,0.011416840871636635,-0.009510989909181866,0.019316346452085745,1.1786411928690428,-0.00019022256039558094,0.013231516383222619,-0.0134217389436182,2020-09-04,0,2020-08-01/2020-08-07,2020,development
2020-08-14,300750.SZ,宁德时代,101.75,103.16,100.87,103.12,11970002.0,2373752131.0,000300.SH,沪深300,4627.61,4708.071,4617.632,4704.629,14729292100,,0.022305938336472764,-0.01921247859996189,-0.055591171352687874,0.023828435266084247,0.010742570375597893,-0.019361710221004858,0.11069423775304865,58.87495248954772,0.01432980873360816,0.042031475119139974,0.028842688962794932,0.022207137315748565,0.013464373464373569,0.6263690570262934,0.6082788854598031,-0.018512170226380742,-0.011361558531087335,0.03518999379717158,0.015126158368808484,1.235193359725242,-0.06526377036462383,-0.01644040369601929,-0.04882336666860454,2020-09-11,0,2020-08-08/2020-08-14,2020,development
2020-08-21,300750.SZ,宁德时代,98.48,99.81,97.78,98.93,14655272.0,2815939720.0,000300.SH,沪深300,4717.787,4739.484,4684.81,4718.843,14265786400,,0.02021243683613494,-0.04063227307990691,-0.05906410500285331,-0.03246943765281163,-0.0057885956625730595,-0.043849729865561016,0.04322976257638622,25.59837728194728,-0.00217010866877075,0.042656423733953314,0.023935596382725036,0.020519559284342473,0.004569455727051253,0.8530123128368641,0.815105448723587,-0.04365355275998373,-0.07979996543484935,0.047330527782037723,0.011407064664281917,1.1854381005160994,0.030223390275952555,0.0038666257809383264,0.02635676449501423,2020-09-18,1,2020-08-15/2020-08-21,2020,development
2020-08-28,300750.SZ,宁德时代,106.18,107.82,104.82,107.2,16967122.0,3510925235.0,000300.SH,沪深300,4727.292,4850.488,4719.353,4844.265,15939976500,,0.01630640879787637,0.08359446072980892,0.039565554693560934,-0.018225112189760972,0.03160244813118318,0.036314509853204946,0.10364518630875996,56.14805520702635,0.006142630833283116,0.03990538379530917,0.02602468071168812,0.027985074626865673,0.009606328875494397,0.9829966469464775,1.0109799597675142,0.05701548787565791,-0.05000733540972524,0.03178222321996427,0.011577301806559253,1.191634997083904,-0.08059701492537319,-0.05661189055512039,-0.023985124370252797,2020-09-25,0,2020-08-22/2020-08-28,2020,development
2020-09-04,300750.SZ,宁德时代,104.07,105.84,103.23,105.12,14773663.0,2993649066.0,000300.SH,沪深300,4737.237,4778.203,4726.556,4770.219,12003279600,,-0.026846880207368917,-0.0194029850746269,0.06256949358132013,-0.00019022256039558094,-0.02368347729172471,0.017825501796105758,0.055863396668619725,55.58080090883272,0.014611941176896919,0.04070857795172863,0.026555702973137453,0.024828767123287666,0.01008936292879814,0.8693896990194419,0.8791843248240951,-0.004117694117175108,-0.0134217389436182,0.013231516383222619,0.011170751233334839,1.2245823276018046,0.14944824961948244,0.011097813328905914,0.13835043629057653,2020-10-12,1,2020-08-29/2020-09-04,2020,development
2020-09-11,300750.SZ,宁德时代,95.72,97.42,94.36,96.39,11765001.0,2188559589.0,000300.SH,沪深300,4572.257,4630.884,4563.106,4627.283,11530242400,,0.012606366214938491,-0.08304794520547953,-0.10083955223880603,-0.06526377036462383,0.007083751253761372,-0.05222170873442733,-0.042638777152051555,38.72505212987787,-0.014224821285546535,0.04755976464659939,0.03254645074205138,0.03174603174603177,0.00699958211450058,0.6247416800903366,0.5898634135417814,-0.05308370247364691,-0.04882336666860454,-0.01644040369601929,0.012801927505616852,1.3470438942584504,0.2249195974686169,0.027706323559635315,0.19721327390898158,2020-10-19,1,2020-09-05/2020-09-11,2020,development
2020-09-18,300750.SZ,宁德时代,102.37,102.93,100.47,101.92,10548691.0,2089777817.0,000300.SH,沪深300,4636.642,4737.804,4631.705,4737.089,16042647500,,-0.0018607384193516374,0.057371096586782855,-0.030441400304414,0.030223390275952555,0.01435140030653459,-0.00023542336969306632,-0.0001455178063106688,42.8475935828877,-0.00690731057122923,0.04291881587799958,0.03181772627291583,0.024136577708006358,-0.0043958190876233205,0.5944156370659689,0.5967479373322377,0.03364097245130204,0.02635676449501423,0.0038666257809383264,0.012089700021401225,1.2735040221121259,0.17729591836734682,-0.00967957325690949,0.1869754916242563,2020-10-26,1,2020-09-12/2020-09-18,2020,development
2020-09-25,300750.SZ,宁德时代,99.64,100.2,98.09,98.56,6801208.0,1308079227.0,000300.SH,沪深300,4582.482,4599.539,4554.72,4570.022,9301515500,,0.0035637918745545782,-0.03296703296703296,0.02251270878721856,-0.08059701492537319,-0.020687188251425792,-0.02536946665282247,-0.043424106890109115,57.20547945205478,-0.005909123657058376,0.0376782815398887,0.02697545900179231,0.021408279220779213,-0.01083902047370533,0.4310542439158247,0.4231896120132465,0.0023008287936390204,-0.023985124370252797,-0.05661189055512039,0.011318792951744322,1.3909396744812113,0.3583603896103895,0.03299962232129294,0.3253607672890966,2020-11-02,1,2020-09-19/2020-09-25,2020,development
2020-09-30,300750.SZ,宁德时代,105.66,108.6,104.89,107.66,15990837.0,3336273481.0,000300.SH,沪深300,4607.575,4634.724,4563.411,4587.395,8908120000,,0.020473933649289178,0.061840418187197876,0.0880242546740777,-0.010022988505747121,0.05712770762553765,0.07138236786848062,0.041761750784191864,74.51828548957923,0.003665764999660268,0.035448899976115285,0.029719620474555862,0.03446033810143037,0.018928639030853622,1.024430176447164,1.0979797220029002,0.07579730470871704,0.04292870091227585,-0.052951689418022974,0.011250995959837485,1.466976543617447,0.28348504551365417,0.0648989241170641,0.21858612139659006,2020-11-05,1,2020-09-26/2020-10-02,2020,development
2020-10-09,300750.SZ,宁德时代,113.22,117.79,113.1,115.73,23959241.0,5376329911.0,000300.SH,沪深300,4663.61,4695.404,4655.085,4681.141,11133751200,,0.07495820174623824,0.17839323897770099,0.13338556458720996,0.07137567117200527,0.09857042507546554,0.14728989566036343,0.11800762212057259,79.93808049535603,0.01261742749691355,0.037340608065571344,0.03405451113107778,0.040525360753478026,0.022169228051581058,1.4803533799487654,1.6920782762343771,0.1525169969947886,0.099598905299628,-0.02822323412762273,0.012346675068767219,1.52061158538076,0.1717791411042946,0.04370237939852695,0.12807676170576765,2020-11-06,1,2020-10-03/2020-10-09,2020,development
2020-10-16,300750.SZ,宁德时代,123.26,123.52,115.44,117.39,20304062.0,4680601974.0,000300.SH,沪深300,4798.916,4825.552,4765.967,4791.676,11671610200,,-0.04405537459283382,0.014343731098245938,0.195295794725588,0.2332177749763631,-0.028935874528489114,0.09987819732034109,0.12226281733632671,71.26752818256804,0.04295328282827455,0.04234359217747922,0.02844600881332762,0.06883039441178974,-0.04762291092000648,1.439945808729754,1.586460871001143,-0.009269101755966513,0.18745195069697984,0.04576582427938325,0.011898027161310196,1.456552835973039,0.11006048215350539,0.013601712636663876,0.09645876951684151,2020-11-13,1,2020-10-10/2020-10-16,2020,development
2020-10-23,300750.SZ,宁德时代,119.66,122.88,115.51,115.8,11593811.0,2675565183.0,000300.SH,沪深300,4775.467,4802.456,4717.098,4718.488,10682518400,,-0.02966314731020614,-0.013544594939943755,0.0006048561306488676,0.1340710997943395,-0.030345659163987238,0.03630652479349927,0.09530993582316127,69.09614532565351,0.04096679325325971,0.04862447569701455,0.032242393849115335,0.06364421416234879,-0.032258064516129004,0.8349864988750005,0.8819246290402428,0.0017293927002890452,0.11555625083107524,0.018514848963264274,0.012141975899154764,1.4945676958843777,0.12029360967184788,0.047642380355740865,0.07265122931610701,2020-11-20,1,2020-10-17/2020-10-23,2020,development
2020-10-30,300750.SZ,宁德时代,124.04,132.06,122.64,127.21,22958747.0,5697363353.0,000300.SH,沪深300,4776.473,4778.509,4683.472,4695.334,13980230300,,0.029873704663212486,0.0985319516407599,0.08365278132719989,0.2952856124630894,0.03179495498418361,0.0850670010320973,0.18394539884437888,59.235668789808905,0.040003337181373104,0.04831156580232909,0.030997259680934433,0.07405078217121297,0.02555627217026757,1.5561515751580624,1.6875339774474036,0.10343903204448257,0.2662989618207361,0.028986650642353284,0.010455595858305905,1.3293986535932172,-0.020910305793569672,0.06079035059060778,-0.08170065638417745,2020-11-27,0,2020-10-24/2020-10-30,2020,development
2020-11-06,300750.SZ,宁德时代,139.67,141.65,133.81,135.61,15658385.0,4181642686.0,000300.SH,沪深300,4897.63,4897.63,4845.429,4885.718,15363903400,,-0.018598928933275416,0.06603254461127284,0.1710708117443871,0.1717791411042946,0.010582010582010692,0.08969208022627928,0.23806871870249768,69.6021457308896,0.05113143326458699,0.05140265677836651,0.029352865195000872,0.057812845660349554,-0.029068518651106046,1.044722619670499,1.1527856605309739,0.025485056402766215,0.12807676170576765,0.04370237939852695,0.010371880058370727,1.3457399529039829,-0.052282280067841636,0.036882603539541314,-0.08916488360738295,2020-12-04,0,2020-10-31/2020-11-06,2020,development
2020-11-13,300750.SZ,宁德时代,132.84,134.2,130.21,130.31,11377678.0,2916695927.0,000300.SH,沪深300,4886.978,4886.978,4825.758,4856.851,13369307900,,-0.004126862820022836,-0.03908266352038947,0.024369153368446028,0.11006048215350539,-0.019089773120756326,0.022540461010299273,0.16277271307684282,63.73070782331029,0.04239910374194436,0.05341657805014411,0.029654981187357262,0.030619292456449856,-0.019045468232460117,0.7831875694523863,0.8095458599208989,-0.033174217719792676,0.09645876951684151,0.013601712636663876,0.009655617529641988,1.3182486173594128,0.05272043588366215,0.00674881728922716,0.04597161859443499,2020-12-11,1,2020-11-07/2020-11-13,2020,development
2020-11-20,300750.SZ,宁德时代,125.83,130.51,125.82,129.73,12303462.0,3074188106.0,000300.SH,沪深300,4928.222,4947.43,4922.59,4943.288,12940034100,,0.041171749598715834,-0.004450924717980254,-0.043359634245262346,0.12029360967184788,0.01623086684735786,0.0018070056217951436,0.13455391383057336,44.49163790814971,0.022788047916519297,0.04810540573278565,0.02819952696791859,0.03615200801664995,0.030994198521815175,0.8356523263582236,0.8313447981182741,-0.022247847044813085,0.07265122931610701,0.047642380355740865,0.009025775884734017,1.4484368555822988,0.15038927002235436,0.011466052554494066,0.1389232174678603,2020-12-18,1,2020-11-14/2020-11-20,2020,development
2020-11-27,300750.SZ,宁德时代,126.31,128.03,122.49,124.55,8433221.0,2042276836.0,000300.SH,沪深300,4930.593,4980.765,4917.348,4980.765,16295292200,,-0.013543481704419547,-0.039929083481076044,-0.04420228685442407,-0.020910305793569672,-0.025155755924986534,-0.04643052647294155,0.06937714827036512,30.631741140215723,0.012222744209170727,0.04608590927338416,0.027650941326723435,0.04448012846246493,-0.013933971973715487,0.642762760816802,0.6116329236428941,-0.04751047465229663,-0.08170065638417745,0.06079035059060778,0.009099432526904793,1.2909823893456698,0.2924929747089522,0.012297106970515559,0.28019586773843663,2020-12-25,1,2020-11-21/2020-11-27,2020,development
2020-12-04,300750.SZ,宁德时代,126.12,129.33,125.75,128.52,9233784.0,2301628558.0,000300.SH,沪深300,5049.523,5072.387,5017.851,5065.916,14434716700,,0.015165876777251341,0.03187474909674837,-0.009327063901950039,-0.052282280067841636,0.01648264734727456,-0.0012123472908699418,0.08916331093669005,45.212383009359264,0.005984037407018703,0.0399604286158908,0.021918070196502274,0.027855586679116185,0.01902949571836343,0.7807624361585579,0.777799213809681,0.014778780907122924,-0.08916488360738295,0.036882603539541314,0.009515348246296526,1.266285643368568,0.6181917211328976,0.039835244011152016,0.5783564771217455,2021-01-04,1,2020-11-28/2020-12-04,2020,development
2020-12-11,300750.SZ,宁德时代,135.51,137.68,134.68,137.18,12893673.0,3422455577.0,000300.SH,沪深300,4957.824,4957.824,4849.355,4889.629,15935769700,,0.006530192970870985,0.0673825085589792,0.10140505820955448,0.05272043588366215,0.005954476123430696,0.05884305303091697,0.13146231758146287,64.62442299622322,0.020708868911735737,0.035328973403036666,0.020668047414878394,0.021869077124945326,0.012323813740683365,1.078853208692812,1.1383748305665855,0.10218115109470227,0.04597161859443499,0.00674881728922716,0.00897505422492367,0.896586915560213,0.46311415658259225,0.11279567427303805,0.3503184823095542,2021-01-11,1,2020-12-05/2020-12-11,2020,development
2020-12-18,300750.SZ,宁德时代,146.93,150.77,145.76,149.24,9512618.0,2747669767.0,000300.SH,沪深300,5014.321,5027.445,4979.005,4999.968,12804961800,,0.018147086914995114,0.08791369004228033,0.1612200435729847,0.15038927002235436,0.031703236688926495,0.1153502658709844,0.1937783383038547,90.57486631016044,0.03556223940828649,0.03165084044874988,0.01894710479302108,0.03357008844813736,0.015721772272510703,0.8171897900023539,0.9088988515265034,0.06534776530647735,0.1389232174678603,0.011466052554494066,0.009268154475711146,0.8406280980657153,0.3238407933529883,0.10371126375208806,0.22012952960090026,2021-01-18,1,2020-12-12/2020-12-18,2020,development
2020-12-25,300750.SZ,宁德时代,159.03,162.22,157.49,160.98,9539934.0,2967552614.0,000300.SH,沪深300,4985.77,5042.098,4973.681,5042.014,12100697900,,0.005747844558290582,0.07866523720182239,0.17349467852456613,0.2924929747089522,-0.010413464966743224,0.12942266001557545,0.23708805037085234,77.29338842975208,0.056262313235944564,0.03990291606765704,0.031980660917639056,0.029382531991551684,0.012261837389171859,0.7474951364585906,0.8385093905699195,0.07025598338259798,0.28019586773843663,0.012297106970515559,0.009215753330727461,1.1736502614493645,0.26903963225245375,0.11580868280016676,0.153230949452287,2021-01-25,1,2020-12-19/2020-12-25,2020,development
2020-12-31,300750.SZ,宁德时代,177.54,182.13,175.86,180.7,15200521.0,5283669712.0,000300.SH,沪深300,5122.48,5215.618,5122.48,5211.289,17160250900,,0.03268945022288272,0.12895164313382468,0.23277391185700624,0.4273301737756714,0.07790503459794795,0.19501888090152186,0.34284380182588103,79.6862210095498,0.060462583696574014,0.04469918570637997,0.03870995352227757,0.03469839513004971,0.017798805902895065,1.1149442894087271,1.313749225164139,0.08669696989784459,0.3968324142078594,0.030497759567811977,0.009426408561033751,1.3900374430294227,0.008522412838959825,0.026994472960528704,-0.01847206012156888,2021-01-29,0,2020-12-26/2021-01-01,2020,development
2021-01-08,300750.SZ,宁德时代,215.64,218.72,204.52,208.18,21006685.0,8534719469.0,000300.SH,沪深300,5526.288,5547.473,5442.694,5495.431,20432495600,,-0.021112521747307933,0.15207526286662998,0.30063726102711485,0.5274781715459682,-0.003971101861154902,0.22599813314723693,0.4667139492119705,80.0652927973883,0.09249992209818877,0.05688758354720503,0.04929564497959893,0.06821020270919391,-0.03459469486180666,1.3481950464118309,1.6318542017221365,0.09755094076513071,0.4151609582943401,0.11231721325162813,0.009694010625229836,1.3533459723466752,-0.07676049572485355,-0.002186725663555711,-0.07457377006129784,2021-02-05,0,2021-01-02/2021-01-08,2021,development
2021-01-15,300750.SZ,宁德时代,189.39,197.61,187.85,195.85,19822928.0,7439894399.0,000300.SH,沪深300,5471.391,5500.635,5390.274,5458.081,23863743500,,0.031277973777052326,-0.059227591507349464,0.08384061981184288,0.3361304407149679,-0.011926503677843203,0.06557488540377321,0.3190713629842825,66.91240663497913,0.07735721808222218,0.06546920018964954,0.053639309696689154,0.04983405667602767,0.03410950947779723,1.1218955010338536,1.162944861612088,-0.0524310363326963,0.24831680207021445,0.08781363864475344,0.012420270643330495,1.3656882779255557,0.018279295379116656,0.058768090836321285,-0.04048879545720463,2021-02-19,0,2021-01-09/2021-01-15,2021,development
2021-01-22,300750.SZ,宁德时代,201.49,211.15,201.49,209.98,19044156.0,7637563994.0,000300.SH,沪深300,5562.379,5573.659,5513.877,5569.776,19930002000,,0.04270533320091374,0.07214705131478172,0.008646363723700645,0.3118830438585529,0.05118244257994742,0.08429939841470646,0.35437763645041853,51.26272144741801,0.059076657867615484,0.05483515436844327,0.0499162967441765,0.04600438136965424,0.04213608615812192,1.0331296673901165,1.0949384955509962,0.05168289917046587,0.1979311857141275,0.11395185814442543,0.012375753008060533,1.426861292792832,-0.2102104962377369,-0.041835614215006034,-0.16837488202273088,2021-02-26,0,2021-01-16/2021-01-22,2021,development
2021-01-29,300750.SZ,宁德时代,193.51,194.02,176.3,182.24,27601326.0,9896345999.0,000300.SH,沪深300,5413.968,5430.202,5288.096,5351.965,18217878400,,-0.04270630876713766,-0.13210781979236108,-0.06949195813122278,0.008522412838959825,-0.06666120375302165,-0.09133970552306314,0.13710364277907372,40.14092025194832,0.038823821914678425,0.06412266399096955,0.048769066753061516,0.0972344161545215,-0.058239884243708295,1.3997790240531949,1.2929938309854783,-0.09300193833500991,-0.01847206012156888,0.026994472960528704,0.014653106933485496,1.6212072422489263,-0.09630158033362601,-0.01666098339581812,-0.0796405969378079,2021-03-05,0,2021-01-23/2021-01-29,2021,development
2021-02-05,300750.SZ,宁德时代,203.29,204.31,191.89,192.2,18411695.0,7036248026.0,000300.SH,沪深300,5494.701,5550.771,5477.652,5483.414,18969959800,,-0.03871161348404528,0.05465320456540823,-0.08467473092675493,-0.07676049572485355,0.0033409897682188383,-0.02036988427418429,0.16434511140638186,47.11383424701709,0.022395373025453708,0.058432436450126406,0.03779878938694823,0.06462018730489083,-0.05455260957253183,0.9302657253934735,0.9327979658140139,0.030092318984131117,-0.07457377006129784,-0.002186725663555711,0.013826148297539722,1.5671010063971886,-0.08569198751300733,-0.06146444532548512,-0.02422754218752221,2021-03-12,0,2021-01-30/2021-02-05,2021,development
2021-02-10,300750.SZ,宁德时代,213.06,214.4,208.95,212.37,16282957.0,6704613975.0,000300.SH,沪深300,5709.684,5823.422,5707.33,5807.719,17016978600,,0.005968452465539231,0.08313357474371408,0.056672305702059944,0.07181790653073583,0.03742892314907098,0.07528569475597591,0.25598560104404267,56.039125178591064,0.03119499162871875,0.0509622693546977,0.039892574110381315,0.025662758393370143,-0.0032385243593353596,0.8438951235694955,0.9088909168980734,0.024335729414071583,0.030629452879757713,0.04118845365097812,0.014094329034101377,1.5341217619339222,-0.19301219569619066,-0.12171060617774376,-0.0713015895184469,2021-03-17,0,2021-02-06/2021-02-12,2021,development
2021-02-19,300750.SZ,宁德时代,200.71,203.8,192.58,199.43,18690354.0,7159858379.0,000300.SH,沪深300,5734.019,5787.887,5667.321,5778.842,21447578000,,-0.023933046202035957,0.03761706555671185,0.09432616330114141,0.018279295379116656,-0.036709655605467906,0.005188999019659635,0.16166499685454006,47.28915662650603,0.02926025024606814,0.05665432196044443,0.03963356431924189,0.05626034197462768,-0.006377360370684038,0.9609787298148159,0.9582885611780236,-0.016259588659074176,-0.04048879545720463,0.058768090836321285,0.013304183030631505,1.5626061532046664,-0.1832221832221833,-0.13354769000432942,-0.04967449321785389,2021-03-19,0,2021-02-13/2021-02-19,2021,development
2021-02-26,300750.SZ,宁德时代,166.23,171.38,163.55,165.84,22950635.0,7449904802.0,000300.SH,沪深300,5343.904,5416.32,5318.858,5336.761,21226454300,,-0.04409476050492822,-0.16843002557288278,-0.13714880332986468,-0.2102104962377369,-0.08344294730791757,-0.14381298529654718,-0.05783879749082732,42.44356187290969,-0.011870768369226445,0.07063176211150163,0.03882200338157356,0.04721418234442827,-0.002346146904890767,1.1229488719818514,0.9727881267520098,-0.09193009704048838,-0.16837488202273088,-0.041835614215006034,0.01634110058065817,1.643230836450226,-0.02677279305354552,-0.05598358255128921,0.029210789497743694,2021-03-26,1,2021-02-20/2021-02-26,2021,development
2021-03-05,300750.SZ,宁德时代,161.09,168.23,158.68,164.69,17307341.0,5511104280.0,000300.SH,沪深300,5191.97,5307.82,5174.246,5262.796,20262795600,,-0.01706953148313939,-0.0069343945972021315,-0.17419645991074562,-0.09630158033362601,-0.0529070101788488,-0.12563809200204923,-0.08526645245679465,23.61772244599048,-0.03285042351275649,0.06386023958432727,0.042566270282750084,0.05798773453154401,0.02234775591284377,0.8808152480462014,0.7678775699652971,0.006925135556012596,-0.0796405969378079,-0.01666098339581812,0.01721897013173036,1.750762551498573,0.03873944987552358,-0.019236732717741734,0.05797618259326531,2021-04-02,1,2021-02-27/2021-03-05,2021,development
2021-03-12,300750.SZ,宁德时代,173.39,177.55,170.5,175.73,18952041.0,6424536235.0,000300.SH,沪深300,5153.674,5153.674,5086.823,5146.379,20102058900,,0.030734940465716454,0.06703503552128232,0.059635793535938175,-0.08569198751300733,0.0722566630869863,-0.03145177513896047,-0.0369859573010618,40.38332961889903,-0.03832086538291477,0.06192129159180889,0.044338520638657175,0.040118363398395335,0.013495587980852486,0.9439273526153603,0.9128246822380338,0.0891557865441227,-0.02422754218752221,-0.06146444532548512,0.019741071774210816,1.7886657675113524,-0.077448358276902,-0.03859665213152774,-0.038851706145374254,2021-04-12,0,2021-03-06/2021-03-12,2021,development
2021-03-19,300750.SZ,宁德时代,167.26,171.37,160.06,162.89,18971590.0,6051504890.0,000300.SH,沪深300,5068.532,5089.918,4980.761,5007.091,16417484900,,-0.05745862747367203,-0.07306663631707733,-0.010929625356730921,-0.1832221832221833,-0.023488082106373875,-0.04954458195482592,-0.11725336401850506,41.64355062413314,-0.03479289309812946,0.06439490278277192,0.04576432445077035,0.06943335993615325,-0.02612698792299417,0.9883187492911218,0.9481068401014653,-0.0460013929683073,-0.04967449321785389,-0.13354769000432942,0.01879933816727634,1.9481482081122172,0.1500399042298486,0.015962561894720784,0.1340773423351278,2021-04-19,1,2021-03-13/2021-03-19,2021,development
2021-03-26,300750.SZ,宁德时代,151.82,161.63,150.79,161.4,23710285.0,7292443311.0,000300.SH,沪深300,4953.945,5050.829,4953.945,5037.99,14592669700,,0.07564145284905033,-0.009147277303701795,-0.08154555283673814,-0.02677279305354552,0.04142469996128528,-0.02117452991815827,-0.12321127041109659,52.517331514944885,-0.04512385622349157,0.0622632324305187,0.04625963766542068,0.06716232961586123,0.06310104070609945,1.2431984335405641,1.202508223296365,-0.01531832552311685,0.029210789497743694,-0.05598358255128921,0.01811118744730837,1.9183689864675015,0.11282527881040894,0.0077902099845374995,0.10503506882587144,2021-04-26,1,2021-03-20/2021-03-26,2021,development
2021-04-02,300750.SZ,宁德时代,171.35,173.01,168.23,171.07,9262891.0,3074575828.0,000300.SH,沪深300,5129.855,5169.831,5116.347,5161.557,12700225400,,0.0073014190661249145,0.05991325898389088,0.050217938486095015,0.03873944987552358,0.029029619114073313,0.04963799239170452,-0.0700923275958133,58.51011346817958,-0.01943466290949305,0.047862612631420734,0.04091229757102852,0.02794177821944234,-0.0016340822877152217,0.5081135548584566,0.5359894956762385,0.03538621546058107,0.05797618259326531,-0.019236732717741734,0.016263600647851924,1.828209794173802,0.1552580814871105,-0.01945788838522955,0.17471596987234006,2021-05-06,1,2021-03-27/2021-04-02,2021,development
2021-04-09,300750.SZ,宁德时代,166.75,166.75,159.54,160.57,9323686.0,2918718120.0,000300.SH,沪深300,5100.042,5100.042,5022.093,5035.337,12841650900,,-0.024542858878561558,-0.05452511334864285,0.07010996334555131,-0.058185230805325894,-0.031088207962732817,-0.018949542223294702,-0.11275364828052403,47.6461038961039,-0.016433765379468192,0.04953335883771208,0.03663524923403283,0.04490253472005984,-0.03706146926536735,0.5971561963403359,0.5928808496106847,-0.03976414843078402,-0.040073864201423115,-0.01811136660390278,0.012549577743402963,1.8001722904919266,0.15868468580681339,0.0018292718044490286,0.15685541400236436,2021-05-12,1,2021-04-03/2021-04-09,2021,development
2021-04-16,300750.SZ,宁德时代,174.98,175.19,167.06,171.81,11536269.0,3834287111.0,000300.SH,沪深300,4966.9,4979.173,4917.96,4966.181,11123992400,,-0.009398062730627266,0.07000062278134145,0.011658717541070507,-0.005844230991783328,0.0075887306763002815,0.0478999002784275,-0.037274041532651236,61.312758096066084,0.00039336122634878786,0.04538651500411585,0.03344795967532508,0.0473197136371573,-0.018116356154989077,0.7662223686795737,0.8072790066936059,0.0837347581530159,0.028304917705707533,-0.03414914869749086,0.012015558307455513,1.8108966525373338,0.12345032303125558,0.041498890193490734,0.08195143283776485,2021-05-19,1,2021-04-10/2021-04-16,2021,development
2021-04-23,300750.SZ,宁德时代,186.49,191.96,185.28,191.19,11536538.0,4255126795.0,000300.SH,沪深300,5088.826,5149.983,5086.491,5135.453,12205699100,,0.025202423722451517,0.11279902217565918,0.1906956467584231,0.2741752749083637,0.02478479465711869,0.11300308245793267,0.07653037284509034,66.17883563846897,0.024735858093203947,0.04503000007471999,0.03298618303393908,0.03493906585072445,0.025202423722451517,0.8552843325441141,0.9505987581593417,0.07871407843317368,0.231728813057422,0.0424464618509417,0.010907117483284446,1.8947415622046757,0.03750196139965478,0.03605134736896609,0.0014506140306886905,2021-05-26,1,2021-04-17/2021-04-23,2021,development
2021-04-30,300750.SZ,宁德时代,191.96,201.74,189.35,199.77,25865106.0,9896566189.0,000300.SH,沪深300,5156.356,5163.252,5094.929,5123.489,16012162100,,0.021527919820004238,0.044876824101679036,0.16273790815435651,0.17629394099982343,0.058956363173741755,0.12316783142081267,0.13129440723653896,72.881973988088,0.03218870176238365,0.04885976015274709,0.03518875237653997,0.062021324523201755,0.04068555949156072,1.7309339370204762,1.8983305840385134,0.047206511472978274,0.17380664797177703,0.0024872930280464,0.009773943601498155,1.9806835546699686,0.0936076487961155,0.03249445836616416,0.061113190429951336,2021-06-02,1,2021-04-24/2021-04-30,2021,development
2021-05-07,300750.SZ,宁德时代,197.63,199.45,188.43,189.02,15138529.0,5685506806.0,000300.SH,沪深300,5073.455,5093.747,4996.037,4996.053,17225832100,,-0.04356626018317045,0.053564461289783205,0.023056938731327303,0.1273334526152563,-0.026543203518493708,0.04860519753576131,0.06798703860826083,57.10393149085248,0.034642624703107444,0.0516914309899179,0.0368012585353696,0.05830070891969094,-0.04356626018317045,0.9665860244462249,1.0276229064238092,0.07212189746526243,0.15540337481109456,-0.02806992219583826,0.010197477194574655,2.022242116646588,0.17680668712305558,0.05729002474553413,0.11951666237752145,2021-06-04,1,2021-05-01/2021-05-07,2021,development
2021-05-14,300750.SZ,宁德时代,181.94,185.53,176.61,184.76,17657660.0,6228877398.0,000300.SH,沪深300,5007.629,5112.984,4981.295,5110.59,15942618000,,0.022524766174110367,-0.022537297640461418,0.029819965442283047,0.10542060548043564,-0.006314068432884956,-0.005519806443452402,0.049426893410126294,51.32028580304442,0.02067192840091165,0.049948968546067486,0.036678906257584486,0.04827884823554875,0.015499615257777322,1.1008467412591456,1.076580156538463,-0.045462795028099245,0.07081365809718299,0.03460694738325265,0.010470579494555803,1.8867723251264927,0.2589846287075126,0.022328733081699026,0.23665589562581357,2021-06-11,1,2021-05-08/2021-05-14,2021,development
2021-05-21,300750.SZ,宁德时代,196.99,199.31,189.89,193.29,14056597.0,5316782153.0,000300.SH,沪深300,5199.129,5216.162,5123.117,5134.148,12476848500,,-0.00570987654320998,0.04616800173197655,0.022590202095016387,0.04616800173197655,0.0038640117166806043,0.021879287238007583,0.10388454586383578,54.40528634361233,0.021869508638810955,0.04451859899632678,0.027812627632330913,0.04873506130684472,-0.018782679323823603,0.9057217469053126,0.9324629153957558,0.04155835783567485,0.03617796560433262,0.009990036127643931,0.009610231309073127,2.08314102209991,0.205597806404884,-0.008523906985151153,0.21412171339003516,2021-06-21,1,2021-05-15/2021-05-21,2021,development
2021-05-28,300750.SZ,宁德时代,200.71,216.92,200.71,210.8,27715051.0,11346592533.0,000300.SH,沪深300,5338.728,5360.277,5288.652,5321.089,16460580600,,0.06663968021049449,0.09058927000879513,0.14093959731543637,0.17496237667911507,0.04355402421758203,0.08848314606741581,0.19018156667717445,68.61888111888112,0.028952500451881812,0.038797777175386294,0.02831619660038342,0.07689753320683101,0.05027153604703294,1.7588152758870248,1.9103665449973763,0.05417797060721963,0.1296685756528939,0.04529380102622116,0.011386791353614542,1.8335317617948361,0.20583491461100567,-0.013029099870346061,0.21886401448135173,2021-06-28,1,2021-05-22/2021-05-28,2021,development
2021-06-04,300750.SZ,宁德时代,215.64,226.19,213.66,222.44,18010150.0,7765736027.0,000300.SH,沪深300,5228.276,5334.49,5221.229,5282.277,14473208700,,0.04201995596570951,0.05521821631878554,0.15080966423508713,0.17680668712305558,0.014142556237405124,0.11245030131779665,0.22730370028424107,72.16224102713743,0.0429994653011204,0.0408232075423228,0.02807373900304184,0.05632979679913685,0.031534038211834536,1.2365178113929618,1.3655637869286437,0.06251221196516543,0.11951666237752145,0.05729002474553413,0.010493312036062843,1.9859814455639955,0.20198705268836536,-0.037197026963939894,0.23918407965230526,2021-07-05,1,2021-05-29/2021-06-04,2021,development
2021-06-11,300750.SZ,宁德时代,227.99,235.63,221.33,232.61,19796063.0,8816469191.0,000300.SH,沪深300,5275.746,5276.104,5213.599,5224.703,18080717300,,0.0399231044349071,0.04572019420967455,0.10346299810246684,0.2589846287075126,0.06948109867676955,0.11914590610355758,0.2529637207364839,68.23060750248976,0.04000705535888721,0.04762416552537353,0.032968250152291906,0.061476290787154386,0.02026404666871362,1.2700480995183838,1.3916275893461787,0.05661966048151146,0.23665589562581357,0.022328733081699026,0.00948827033419685,1.8212422280517642,0.25239671553243626,-0.01760750802485822,0.2700042235572945,2021-07-12,1,2021-06-05/2021-06-11,2021,development
2021-06-18,300750.SZ,宁德时代,225.0,234.27,225.0,231.59,15600042.0,7001105223.0,000300.SH,沪深300,5104.93,5128.031,5064.921,5102.466,14858580500,,0.03564081924693685,0.035363018597997176,0.08488312175012891,0.19130658436214,0.021940004765729215,0.08018731518017885,0.22253768466210255,60.492581003330976,0.0396709030885857,0.050276658873748534,0.036696604633800305,0.04002763504469109,0.02928888888888892,1.0098819171882032,1.0858582097687697,0.06742241156382489,0.20749234052651722,-0.01618575616437723,0.010041453192096978,1.8395055714774222,0.18053456539574242,-0.00150770235411668,0.1820422677498591,2021-07-16,1,2021-06-12/2021-06-18,2021,development
2021-06-25,300750.SZ,宁德时代,243.43,245.49,236.22,245.09,9955534.0,4686222358.0,000300.SH,沪深300,5159.802,5251.608,5157.476,5239.968,15493106100,,0.01908523908523918,0.0582926723951811,0.0957170958512159,0.24014572686333047,0.028562555605915474,0.09247405769710815,0.24806599590071765,63.34393778720395,0.045555007960872876,0.04468329418347778,0.036028253375314595,0.03782284058917137,0.00681920880746012,0.6752776441981875,0.7357196039046943,0.03134452614589711,0.25855350336915184,-0.01840777650582137,0.007677707653712563,1.683105516135744,0.1491696927659225,-0.02876735125099994,0.17793704401692245,2021-07-23,1,2021-06-19/2021-06-25,2021,development
2021-07-02,300750.SZ,宁德时代,269.74,275.42,262.3,267.41,13871718.0,7242849769.0,000300.SH,沪深300,5186.661,5186.661,5074.362,5081.117,13042642400,,-0.018714909544603753,0.09106858704965526,0.15466989075521398,0.25268187567339684,0.004515266257963724,0.13001202230359188,0.30631140406940993,70.00459875833525,0.06255573856610501,0.044073573485338205,0.033155156113183225,0.04906323622901164,-0.00863794765329573,1.0017496926509597,1.1446417416383932,0.12138384851690076,0.28582355435653606,-0.03314167868313922,0.01004934468452836,1.6060537170512168,0.059758423394786986,-0.05312749145512696,0.11288591484991395,2021-07-30,1,2021-06-26/2021-07-02,2021,development
2021-07-09,300750.SZ,宁德时代,287.82,287.82,275.23,281.07,15660730.0,8521226652.0,000300.SH,沪深300,5063.148,5081.409,5006.412,5069.436,16065322600,,-0.02372351510941295,0.051082607232339816,0.1468032151454568,0.25657188841201717,0.017661626694473354,0.11613001860415251,0.313035915746823,78.1264637002342,0.06447305719488182,0.048000243965661826,0.029345317154638506,0.04479311203614749,-0.023452157598499057,1.1424414436142174,1.2650005262497515,0.053381511193811404,0.2948970905474384,-0.03832520213542123,0.010256063914154616,1.6379150690437763,-0.0036645675454511917,-0.029169122561168548,0.025504555015717356,2021-08-06,1,2021-07-03/2021-07-09,2021,development
2021-07-16,300750.SZ,宁德时代,291.94,291.94,271.93,273.4,17849493.0,9719489198.0,000300.SH,沪深300,5140.904,5140.904,5090.632,5094.773,16995598200,,-0.06517130547767214,-0.02728857579962296,0.022400059833214803,0.18053456539574242,-0.044697266170962036,0.025048834166294887,0.22446785958479754,59.084460418045964,0.06115941511390441,0.05571898840004179,0.030107196967895548,0.07318946598390634,-0.0635061999040899,1.286187772211405,1.3435357535684243,-0.032286567686688916,0.1820422677498591,-0.00150770235411668,0.010676989116313363,1.5338937242434685,-0.054498902706656804,-0.029204441493271616,-0.02529446121338519,2021-08-13,0,2021-07-10/2021-07-16,2021,development
2021-07-23,300750.SZ,宁德时代,285.76,290.39,281.13,281.65,9332873.0,5157401635.0,000300.SH,沪深300,5145.431,5145.431,5079.997,5089.228,21653684700,,-0.01805947773942751,0.030175566934893983,0.002063542889671588,0.1491696927659225,0.008731716401873868,0.01696690028199943,0.21857916798567012,56.92128732066692,0.044147288345822246,0.05124901727067533,0.031567939331638116,0.03287768507012246,-0.014382698768197089,0.633924112049775,0.6532011576748232,0.03126393730978605,0.17793704401692245,-0.02876735125099994,0.010260294391744546,1.476327741424542,-0.09671578199893482,-0.06287004630171811,-0.03384573569721672,2021-08-20,0,2021-07-17/2021-07-23,2021,development
2021-07-30,300750.SZ,宁德时代,290.91,299.77,278.04,283.39,20181013.0,11332846399.0,000300.SH,沪深300,4825.7,4825.7,4761.038,4811.17,18234977600,,-0.011510690990268246,0.006177880347949527,0.03653986832479883,0.059758423394786986,0.03184486098367323,0.015516376406507604,0.1907351319175754,46.78400519101305,0.028388651015792292,0.05724821422270167,0.03902789577214796,0.07667878189068056,-0.025849919219002593,1.2776332688600913,1.3252286692104958,0.060814457840645875,0.11288591484991395,-0.05312749145512696,0.013803887009432194,1.6027587930897718,-0.07794911605914101,0.0032991974925018486,-0.08124831355164286,2021-08-27,0,2021-07-24/2021-07-30,2021,development
2021-08-06,300750.SZ,宁德时代,290.8,291.94,277.52,280.04,14371245.0,7918384464.0,000300.SH,沪深300,4943.043,4944.349,4891.797,4921.565,15417968800,,-0.023536385508560298,-0.011821165178728887,-0.005716314574826797,-0.0036645675454511917,-0.012148833796616465,-0.003001249630628977,0.13812415160899638,54.084967320261434,0.025104772183001375,0.061685065398820585,0.041302231285435184,0.0514926439080132,-0.03700137551581839,0.9298572543337551,0.9393284459629836,-0.03476672727692953,0.025504555015717356,-0.029169122561168548,0.014996042728958553,1.5058727694753418,-0.10552063990858451,-0.01595082052152108,-0.08956981938706343,2021-09-03,0,2021-07-31/2021-08-06,2021,development
2021-08-13,300750.SZ,宁德时代,247.15,272.84,247.15,258.5,27725763.0,14085448989.0,000300.SH,沪深300,4958.758,4993.743,4921.281,4945.983,15831432100,,0.00011606762873817011,-0.07691758320239972,-0.08782949292494435,-0.054498902706656804,-0.014735140986255835,-0.059748696469783646,0.025734630348650755,42.57773703109481,-0.00020588392326326057,0.0713235700469743,0.039190436657509736,0.09938104448742735,0.04592352822172763,1.6880183287505228,1.6098240774790666,-0.08187901315405133,-0.02529446121338519,-0.029204441493271616,0.01471269702275703,1.388489322232035,7.736943907143967e-05,0.01365532392650759,-0.01357795448743615,2021-09-10,0,2021-08-07/2021-08-13,2021,development
2021-08-20,300750.SZ,宁德时代,256.93,257.03,248.43,254.41,12527606.0,6160678538.0,000300.SH,沪深300,4817.494,4835.153,4720.826,4769.268,17763581000,,-0.017684080466427332,-0.015822050290135392,-0.09152263962291107,-0.09671578199893482,0.008746887440326034,-0.05132665484600518,-0.008108833423546957,35.493917274939164,-0.015942399973314106,0.058603379247221865,0.03947487663909927,0.033803702684642764,-0.009808118942902788,0.7376576493249781,0.6960016582275865,0.019906944330347565,-0.03384573569721672,-0.06287004630171811,0.015781300752712134,1.4448646165684382,0.018002437011123806,0.01817301942352567,-0.0001705824124018651,2021-09-17,0,2021-08-14/2021-08-20,2021,development
2021-08-27,300750.SZ,宁德时代,267.74,269.8,258.47,261.3,11958157.0,6098898953.0,000300.SH,沪深300,4794.974,4863.469,4793.591,4827.043,18331021100,,-0.025944978751957004,0.02708226877874309,0.010831721470019318,-0.07794911605914101,-0.025421832341225303,-0.01966853316075301,0.00211442436266851,47.09472008490315,-0.004299925835808974,0.05209939314416924,0.03206104276022905,0.04336012246460001,-0.024053185926645293,0.7559292556856553,0.7463999804654184,0.014968250443015307,-0.08124831355164286,0.0032991974925018486,0.012459272988296199,1.4257907977442645,-0.013930348258706426,0.011763930837160652,-0.02569427909586708,2021-09-28,0,2021-08-21/2021-08-27,2021,development
2021-09-03,300750.SZ,宁德时代,256.41,259.44,247.6,250.49,11282023.0,5523301032.0,000300.SH,沪深300,4875.066,4886.548,4828.699,4843.062,26809189600,,-0.014207005116095961,-0.041370072713356354,-0.015408199363232566,-0.10552063990858451,-0.014718839485194701,-0.03371336981323503,-0.051099959845341325,53.818522567546474,-0.01418976938887112,0.04909520197555646,0.025698385316988846,0.04726735598227475,-0.023088023088023157,0.730742442556042,0.710465406887764,-0.04468866755496026,-0.08956981938706343,-0.01595082052152108,0.011143305818192251,1.321343487312748,0.03804543095532753,0.008419260377009463,0.029626170578318067,2021-10-12,1,2021-08-28/2021-09-03,2021,development
2021-09-10,300750.SZ,宁德时代,254.07,259.39,252.64,258.52,11296936.0,5625272662.0,000300.SH,沪深300,4967.976,5042.799,4962.371,5013.522,28830435200,,-0.01007084051311502,0.03205716795081637,-0.010639112131649586,7.736943907143967e-05,-0.01256636492112606,-0.0022019333012983644,-0.03144107421172537,41.28503075871491,-0.00694698588132823,0.047755354656174705,0.026807685936533824,0.026110165557790502,0.017514858109969555,0.8295260397148434,0.8224816525101338,-0.003139573284377306,-0.01357795448743615,0.01365532392650759,0.011503000586609033,1.295574884544,0.17627262881015016,-0.018110821095429497,0.19438344990557965,2021-10-19,1,2021-09-04/2021-09-10,2021,development
2021-09-17,300750.SZ,宁德时代,255.9,262.08,253.39,258.99,8193837.0,4095076762.0,000300.SH,沪深300,4797.113,4857.958,4786.088,4855.94,20195812700,,0.010062010062009907,0.0018180411573573974,0.03393349035889659,0.018002437011123806,-0.017212722843286787,-0.01119039710447034,-0.037267369352323665,49.23015129200698,-0.0023577912504716943,0.045644343686739156,0.028412457352093107,0.033553419050928596,0.012075029308323604,0.644965748166217,0.6326030111753616,0.03324943808749958,-0.0001705824124018651,0.01817301942352567,0.010550729304292995,1.2296046429280625,0.188848990308506,0.02206740610468838,0.1667815842038176,2021-10-26,1,2021-09-11/2021-09-17,2021,development
2021-09-24,300750.SZ,宁德时代,254.8,263.88,252.55,257.43,10262492.0,5155614316.0,000300.SH,沪深300,4845.638,4897.06,4838.535,4849.428,20769329000,,0.014182720718591169,-0.04831792975970428,-0.006023398586817996,-0.05706750668473681,0.005067699467462106,-0.008485053903009132,-0.04153069145836774,52.29750241479234,-0.006431209379224573,0.044519730745112424,0.025594111257174628,0.04401196441751149,0.010321821036106682,0.8563662552780105,0.8492577803731954,-0.044642189583233294,-0.04711907097718393,-0.009948435707552883,0.010012580939896645,1.2303032147843862,0.2785223167463,0.012236907115643403,0.2662854096306566,2021-10-29,1,2021-09-18/2021-09-24,2021,development
2021-09-30,300750.SZ,宁德时代,260.02,274.18,258.48,270.69,16714235.0,8696962248.0,000300.SH,沪深300,4843.953,4876.073,4843.953,4866.383,14611389600,,0.0461853598206694,0.06642240869873528,-0.007880076235156075,0.06236263736263736,0.03402831363500902,0.04118746682462615,0.009160573804971817,57.948369565217405,-0.0007594403607802065,0.04095618076555682,0.02759407685102659,0.05799992611474376,0.0410353049765404,1.4517016535178298,1.4917794434522693,0.06370523016318885,0.04971637601392187,0.012646261348715493,0.009338837485321197,1.3070018850449625,0.23037422882263847,0.00048475428259564524,0.22988947454004283,2021-11-04,1,2021-09-25/2021-10-01,2021,development
2021-10-08,300750.SZ,宁德时代,274.95,283.22,269.23,274.95,12516925.0,6710477516.0,000300.SH,沪深300,4915.731,4937.092,4891.625,4929.941,16896807700,,0.01573755956998779,0.06805733597482799,0.016451016635859572,0.09267575408337647,0.03642860912373802,0.05285125675861946,0.025321341314477275,59.11492734478206,0.0033016290943563777,0.04018652742056999,0.027462434625940953,0.05088197854155305,0.0,1.096412109803725,1.1539653087679733,0.05145475934104771,0.08025507244297247,0.012420681640403997,0.009322910687774843,1.250356358119411,0.18741589379887258,-0.017767961117587494,0.20518385491646007,2021-11-05,1,2021-10-02/2021-10-08,2021,development
2021-10-15,300750.SZ,宁德时代,273.92,298.05,271.91,292.97,22951299.0,12822713735.0,000300.SH,沪深300,4896.558,4939.815,4881.014,4932.108,14282200100,,0.0689604845477434,0.06553918894344446,0.1380569475197142,0.13120197691030544,0.07376376244300809,0.10696533861305335,0.09728372620279746,70.26607538802662,0.013369890391675491,0.03857050209919102,0.030146681066191606,0.08922415264361533,0.06954585280373826,2.0177732375516446,2.1775948602054664,0.06509962993046625,0.13925164252658417,-0.008049665616278734,0.008604613741265327,1.3149200020895953,0.12653172679796554,-0.008866999668296072,0.1353987264662616,2021-11-12,1,2021-10-09/2021-10-15,2021,development
2021-10-22,300750.SZ,宁德时代,312.01,312.01,303.95,309.65,11021603.0,6612493209.0,000300.SH,沪深300,4934.87,4989.887,4934.87,4959.725,14392622800,,0.009059210740704371,0.05693415708092964,0.12620476450263673,0.14473197781885383,0.011590907605961487,0.1256275196207799,0.14991758892999285,74.00806280500743,0.03788758444311569,0.040105187884939206,0.029301250185147877,0.026029388018730833,-0.007563860132688061,0.9595943592294434,1.0641699657898942,0.05133472576271836,0.12574698834107356,0.018984989477780267,0.008150505918865444,1.096686292793283,0.0625222024866785,-0.014046544919325221,0.07656874740600372,2021-11-19,1,2021-10-16/2021-10-22,2021,development
2021-10-29,300750.SZ,宁德时代,316.8,332.35,308.39,329.13,20268702.0,12687999698.0,000300.SH,沪深300,4861.267,4908.77,4855.759,4908.77,15988735300,,0.05274437052200609,0.06290973679961254,0.12342560671741132,0.2785223167463,0.041003776497156474,0.13454176928950257,0.20663423361330358,79.18864486429456,0.0449792522783356,0.04354336757946274,0.028241486932168262,0.07279798256008276,0.03892045454545445,1.5263631871300922,1.6757834470256405,0.0731834918969213,0.2662854096306566,0.012236907115643403,0.008143478212766522,0.8945244641224019,0.029380487953088563,-0.009909407040867624,0.03928989499395619,2021-11-26,1,2021-10-23/2021-10-29,2021,development
2021-11-05,300750.SZ,宁德时代,329.01,334.56,326.43,326.48,8555085.0,5465118685.0,000300.SH,沪深300,4858.9,4889.684,4841.744,4842.346,14778935900,,-0.019726767752589636,-0.00805152979066015,0.05435168738898777,0.18741589379887258,-0.01812888712452021,0.06378195206985882,0.17948758090281203,62.7747427264642,0.0500996877852228,0.043728340392760905,0.027807776803886523,0.024901984807645168,-0.0076897358742894495,0.635892240861249,0.6752383906071409,0.005480169596355555,0.20518385491646007,-0.017767961117587494,0.007819577772982837,0.7317499387849793,0.08346606223964703,0.01211644108041865,0.07134962115922838,2021-12-03,1,2021-10-30/2021-11-05,2021,development
2021-11-12,300750.SZ,宁德时代,338.28,340.78,326.4,330.04,11420150.0,7312301472.0,000300.SH,沪深300,4902.929,4909.084,4875.349,4888.375,13266296900,,-0.022653913352483013,0.01090419014947308,0.0027648649469815822,0.12653172679796554,-0.01956473950318738,0.022268821017777718,0.16970961048074584,57.819095477386924,0.04476249594534501,0.04407907266651664,0.023710929037702045,0.0435704763059023,-0.024358519569587234,0.865122607985873,0.8864239104574577,0.0013986736085236373,0.1353987264662616,-0.008866999668296072,0.007865349116134662,0.9526535245647957,-0.0016361653132954679,0.0341099035978214,-0.03574606891111687,2021-12-10,0,2021-11-06/2021-11-12,2021,development
2021-11-19,300750.SZ,宁德时代,324.89,329.01,319.26,329.01,8456790.0,5343617370.0,000300.SH,沪深300,4832.06,4892.809,4829.567,4890.058,12719831200,,0.020755770662695516,-0.003120833838322734,0.007749326145552571,0.0625222024866785,0.022113006847017003,0.006768707274830366,0.14277940512440512,46.61815579148276,0.026216785005774932,0.03502281736985852,0.023811364027424283,0.029634357618309473,0.012681215180522676,0.6971525520188508,0.6955830413034304,-0.0034651200274961047,0.07656874740600372,-0.014046544919325221,0.007584730825091731,0.9687538323762971,0.0190875657274856,0.013231335906445318,0.005856229821040282,2021-12-17,1,2021-11-13/2021-11-19,2021,development
2021-11-26,300750.SZ,宁德时代,335.19,344.36,335.19,338.8,5850222.0,3865245641.0,000300.SH,沪深300,4886.952,4886.952,4850.811,4860.127,12036897400,,0.006117479360931322,0.02975593447007685,0.026542237304569172,0.029380487953088563,-0.010161330848023953,0.016422361291948517,0.1509996223353265,49.144689950106915,0.028255539330614816,0.033719851576994433,0.024564475605263467,0.027066115702479385,0.010770011038515603,0.5622718461318152,0.5743070163882096,0.03587672076749904,0.03928989499395619,-0.009909407040867624,0.006730030787015242,0.9299291165146497,-0.12340613931523026,0.012595967142422282,-0.13600210645765254,2021-12-24,0,2021-11-20/2021-11-26,2021,development
2021-12-03,300750.SZ,宁德时代,354.74,356.3,345.49,353.73,8078164.0,5501798477.0,000300.SH,沪深300,4856.98,4901.018,4853.351,4901.018,14405962600,,-0.001439701897018919,0.04406729634002371,0.07513449439226783,0.08346606223964703,0.00828910387603976,0.04683423866802605,0.17134633799046872,72.47849882720875,0.030348644805019434,0.030703401706709304,0.024357892471685596,0.0305600316625675,-0.002847155663302625,0.8726065271285031,0.9094587672296307,0.03565373019247242,0.07134962115922838,0.01211644108041865,0.006116288538314864,1.0011879890713062,-0.14412122240126657,0.008029964386990551,-0.15215118678825712,2021-12-31,0,2021-11-27/2021-12-03,2021,development
2021-12-10,300750.SZ,宁德时代,320.37,336.41,319.84,329.5,21384418.0,13738235947.0,000300.SH,沪深300,5046.268,5060.055,5035.809,5055.117,19369515400,,0.009683152540295392,-0.06849857235744783,-0.02744982290436837,-0.0016361653132954679,0.00022463314978171667,-0.019650138572973708,0.07025055339586661,36.95061728395063,0.010765896741506647,0.03653587686971602,0.025952846311303564,0.05028831562974218,0.028498298841963976,1.9944126759273044,1.9747615199198825,-0.09994081558120249,-0.03574606891111687,0.0341099035978214,0.0069919747223929725,0.6011538870967852,-0.15869499241274665,-0.04175412755036134,-0.11694086486238531,2022-01-10,0,2021-12-04/2021-12-10,2021,development
2021-12-17,300750.SZ,宁德时代,335.2,336.73,329.37,335.29,13649081.0,8863377800.0,000300.SH,沪深300,5021.339,5022.107,4954.759,4954.76,14900539900,,-0.005900142314990364,0.017572078907435618,-0.05213015576852398,0.0190875657274856,-0.002653324687222791,-0.012915210626565865,0.06829473451675194,39.94264645637036,0.00753026047739231,0.03385342326259146,0.02509658501059638,0.021951146768469126,0.0002684964200478923,1.239880868948849,1.2302451426384224,0.037424636227078256,0.005856229821040282,0.013231335906445318,0.007943457386282039,0.9418592743716571,-0.06809030988099862,-0.03783916879929605,-0.03025114108170257,2022-01-17,0,2021-12-11/2021-12-17,2021,development
2021-12-24,300750.SZ,宁德时代,321.29,321.93,289.88,296.99,24608084.0,14321299320.0,000300.SH,沪深300,4953.062,4964.906,4905.979,4921.345,14267332300,,-0.07277552294723699,-0.11422947299352804,-0.09866464339908954,-0.12340613931523026,-0.04609721785046661,-0.10529819878714108,-0.0674069743769029,29.649277925139984,-0.015881856182097295,0.04509771853790172,0.029115676506066886,0.10791609145089064,-0.07563260605683342,2.0193425075078655,1.842334233192418,-0.10748545310154534,-0.13600210645765254,0.012595967142422282,0.008755898436887932,1.103132836071639,0.0072393009865652225,-0.027351669106717824,0.03459097009328305,2022-01-24,1,2021-12-18/2021-12-24,2021,development
2021-12-31,300750.SZ,宁德时代,308.06,312.02,299.66,302.75,9371117.0,5540408921.0,000300.SH,沪深300,4937.463,4950.364,4923.139,4940.373,12131373700,,-0.0033906116268350717,0.019394592410518774,-0.09705031465298697,-0.14412122240126657,0.00782961271379956,-0.05194199231532848,-0.057975110628934456,28.518913791058907,-0.027163343697593646,0.03738822696708741,0.028106417775949893,0.040825763831544036,-0.01723690190222682,0.7424790391339882,0.7081786445455718,0.015528169715097295,-0.15215118678825712,0.008029964386990551,0.009429641948474355,1.0891552611712647,-0.014533443435177484,-0.06199592621852634,0.04746248278334886,2022-02-07,1,2021-12-25/2021-12-31,2021,development
2022-01-07,300750.SZ,宁德时代,283.19,286.28,271.86,277.99,13169468.0,7135966664.0,000300.SH,沪深300,4824.318,4856.652,4818.193,4822.369,18713941300,,-0.0029053084648493765,-0.08489696490881549,-0.13209491102091786,-0.14815836244407665,-0.0309547878830132,-0.10336074417284469,-0.13771604402148974,21.10730133118193,-0.04447096439546659,0.049264362027411045,0.026638808681002886,0.05187236950969445,-0.018362230304742377,1.0333840919095512,0.9341391191153047,-0.06475233859384821,-0.09768845780331303,-0.05046990464076362,0.008120169311529393,1.1251017068795623,-0.09244936868232678,-0.04582270664065713,-0.04662666204166965,2022-02-11,0,2022-01-01/2022-01-07,2022,development
2022-01-14,300750.SZ,宁德时代,286.82,299.05,286.28,297.3,11612818.0,6663124572.0,000300.SH,沪深300,4743.912,4764.052,4723.943,4726.732,14686312600,,0.021965556357636418,0.06946293032123463,-0.021331226545526216,-0.11853652751423138,0.037558718215385145,-0.002060997469068404,-0.07393467184850688,50.238571648453124,-0.033783131398788586,0.04143962327615202,0.029113213963068346,0.04295324587958304,0.03653859563489292,0.8816096484301148,0.8756183573607906,0.08929488428411048,-0.05736147390661139,-0.06117505360761999,0.008976510253628838,1.2179627535724384,-0.08644466868483014,-0.01597213465878755,-0.07047253402604259,2022-02-18,0,2022-01-08/2022-01-14,2022,development
2022-01-21,300750.SZ,宁德时代,289.88,298.43,284.22,293.22,9917398.0,5620817938.0,000300.SH,沪深300,4808.773,4818.305,4762.564,4779.314,13895258500,,0.0006142506142505777,-0.013723511604439853,0.05478614338645271,-0.08454573837027779,-0.018897975025763958,0.0011591758413413977,-0.08345502218531464,44.20104661068518,-0.019422489894230992,0.04688337377103491,0.029392444892619045,0.04846190573630713,0.01152200910721679,0.754431078699237,0.7519460112925657,-0.02484789944788024,-0.05030974410992195,-0.03423599426035584,0.008807743259777154,1.2813915094305082,-0.07144805947752553,-0.04307919504765745,-0.02836886442986808,2022-02-25,0,2022-01-15/2022-01-21,2022,development
2022-01-28,300750.SZ,宁德时代,306.15,310.99,293.71,305.12,24331734.0,14395957437.0,000300.SH,沪深300,4641.814,4660.519,4559.833,4563.772,12648011200,,0.030636716770815697,0.04058386194666119,0.026303397241843163,0.004411086970834255,0.02113076711980355,0.04218150394250797,-0.03767720407464881,64.34666392515682,-0.00874216982286269,0.0440599483107349,0.027538100412250785,0.056633455689564856,-0.0033643638739179194,1.8452738621831624,1.918347858246395,0.08568280292438313,0.07709994208057602,-0.07268885510974177,0.010243754939611854,1.1673083357812715,-0.17009701101206087,-0.01475577658130156,-0.1553412344307593,2022-03-04,0,2022-01-22/2022-01-28,2022,development
2022-02-11,300750.SZ,宁德时代,260.53,264.44,251.78,252.29,23979847.0,11994983925.0,000300.SH,沪深300,4617.874,4662.596,4595.875,4601.395,15597458400,,-0.05424351476983058,-0.17314499213424228,-0.13958802264511294,-0.09244936868232678,-0.08433323896837308,-0.12983794615680444,-0.19146588270609533,24.84742078421533,-0.034385300071816276,0.06328884560284934,0.034241944685863765,0.050180348012208165,-0.031627835565961604,1.6364649268558635,1.465403224308124,-0.1813888307835001,-0.04662666204166965,-0.04582270664065713,0.01112948328079027,1.1489010047219292,0.007253557414087064,-0.06408339210174319,0.07133694951583025,2022-03-11,1,2022-02-05/2022-02-11,2022,development
2022-02-18,300750.SZ,宁德时代,272.89,275.46,269.28,271.6,11384779.0,5993089912.0,000300.SH,沪深300,4604.567,4651.342,4598.1,4651.236,10455022800,,-0.014012923836491553,0.0765389036426336,-0.10985841636077598,-0.08644466868483014,0.0034952374618517634,-0.05022843824474077,-0.11745639408149888,38.631109643328934,-0.03194519397942661,0.05401588470439721,0.034108911389023194,0.022754050073637726,-0.004727179449594887,0.7727002951005479,0.7390374988641825,0.0657071884779934,-0.07047253402604259,-0.01597213465878755,0.01069041772955038,1.1140151676014447,-0.03221649484536082,-0.08284550601173535,0.05062901116637453,2022-03-18,1,2022-02-12/2022-02-18,2022,development
2022-02-25,300750.SZ,宁德时代,268.26,275.46,268.2,272.27,16967238.0,8978907317.0,000300.SH,沪深300,4564.632,4611.86,4561.896,4573.425,14972258300,,0.04154393481504126,0.0024668630338731123,0.07919457766855609,-0.07144805947752553,0.028987150415721752,-0.018480766700372797,-0.09675935422623094,38.77217151713447,-0.03128578929331874,0.04934702422490279,0.034051949253968365,0.026664707826789553,0.014948184597032732,1.0773724589662306,1.0644255074508326,0.019195964717812597,-0.02836886442986808,-0.04307919504765745,0.01150297665894326,1.135297358664893,-0.05053806882873613,-0.08721056975898822,0.036672500930252094,2022-03-25,1,2022-02-19/2022-02-25,2022,development
2022-03-04,300750.SZ,宁德时代,260.02,262.08,251.26,253.22,16283350.0,8081812311.0,000300.SH,沪深300,4513.364,4539.393,4481.493,4496.43,12726680600,,-0.04130541778669594,-0.06996731185955107,-0.06767304860088375,-0.17009701101206087,-0.04990957594495016,-0.05979938772971749,-0.1406386102884447,44.84676223430548,-0.029498194970620867,0.03913875004231217,0.032635055816275946,0.042729642208356344,-0.026151834474271163,1.0662245896690976,1.015084567094837,-0.053132007902451095,-0.1553412344307593,-0.01475577658130156,0.009813565801808104,1.2355991641882142,0.055090435194692366,-0.048988197303193814,0.10407863249788618,2022-04-01,1,2022-02-26/2022-03-04,2022,development
2022-03-11,300750.SZ,宁德时代,247.57,254.87,244.11,254.12,17102172.0,8275317081.0,000300.SH,沪深300,4231.196,4316.044,4176.452,4306.522,15239992100,,0.005579518024613206,0.003554221625464038,-0.0666617695669739,0.007253557414087064,0.04203913592599284,-0.02789094567558348,-0.11495609956569763,45.44868350349276,-0.03937745730455737,0.04587540194733646,0.03202551772068731,0.042342200535180195,0.026457163630488445,1.0775509194946222,1.0403850847528144,0.045789506062228424,0.07133694951583025,-0.06408339210174319,0.01249173919027744,1.4633195017355642,-0.04364079962222578,-0.029385429820165787,-0.014255369802059992,2022-04-12,0,2022-03-05/2022-03-11,2022,development
2022-03-18,300750.SZ,宁德时代,267.23,270.04,259.5,262.85,16391807.0,8401871660.0,000300.SH,沪深300,4218.474,4283.368,4194.94,4265.902,14945830500,,-0.02669777086573344,0.03435384857547619,0.03803017139246512,-0.03221649484536082,0.035788594306610744,0.02200906335600794,-0.06244092325581663,45.0046685340803,-0.02299526909550026,0.052653604717519516,0.03986550764503167,0.04009891573140582,-0.01639037533211085,0.9167324443362309,0.9486128165007459,0.04378605396070345,0.05062901116637453,-0.08284550601173535,0.02037685325219095,1.3351162585090894,-0.13760700019022265,-0.030708628562025053,-0.1068983716281976,2022-04-19,0,2022-03-12/2022-03-18,2022,development
2022-03-25,300750.SZ,宁德时代,263.58,266.8,258.47,258.51,9283639.0,4724122668.0,000300.SH,沪深300,4249.073,4254.845,4173.93,4174.574,10880804600,,-0.02320045342905719,-0.016511318242343642,0.017275303006453635,-0.05053806882873613,-0.021062437517040844,0.005650486758798978,-0.0626161486073652,63.34762061765028,-0.00898465551235428,0.04859718054565448,0.03762901587631564,0.03222312483076084,-0.019235146824493454,0.56293937746677,0.5798440918528394,0.004897518622638319,0.036672500930252094,-0.08721056975898822,0.01978019007153095,1.3073018469265976,-0.24911995667479003,-0.09353145973696952,-0.1555884969378205,2022-04-26,0,2022-03-19/2022-03-25,2022,development
2022-04-01,300750.SZ,宁德时代,261.56,270.06,260.08,267.17,9518241.0,4923473198.0,000300.SH,沪深300,4198.819,4290.671,4190.084,4276.158,13380305300,,0.012851618773220164,0.033499671192603886,0.0164352292181853,0.055090435194692366,0.027869470541615593,0.0460497595029139,-0.019565029917266497,66.62814883290963,-0.003799441178044762,0.04470134050551012,0.03891890810642218,0.03735449339371942,0.021448233674873807,0.5712218973204046,0.6010185983777926,0.009165691246386443,0.10407863249788618,-0.048988197303193814,0.021132761957423106,1.3519088324375261,-0.2754051727364599,-0.08590491745160034,-0.1895002552848596,2022-05-06,0,2022-03-26/2022-04-01,2022,development
2022-04-08,300750.SZ,宁德时代,253.68,259.95,251.78,254.87,9357130.0,4635752788.0,000300.SH,沪深300,4213.211,4237.813,4175.529,4230.767,14284379300,,-0.0004314063848144256,-0.04625229203308012,-0.039386401326699794,0.04549183690212488,-0.021574724557564373,-0.013500646389893123,-0.058595680997880484,38.69286884025608,-0.0063046914630617915,0.03964766351473298,0.03459383958276222,0.032055557735315994,0.004690949227373009,0.6402278498002816,0.6346603076868,-0.04076769940841385,0.04444577962238472,0.0010460572797401646,0.01957667258887026,1.3394151228137423,-0.17224467375524777,-0.06011770442569875,-0.11212696932954902,2022-05-11,0,2022-04-02/2022-04-08,2022,development
2022-04-15,300750.SZ,宁德时代,232.29,235.3,222.83,232.14,19989104.0,8854163488.0,000300.SH,沪深300,4162.372,4211.317,4152.974,4188.747,12476226300,,-0.019430598969333523,-0.0891827206026603,-0.13131010739812154,-0.10384496602841276,-0.023127808917840942,-0.09188707071576385,-0.13115512876974145,31.043731778425695,-0.028697377241584977,0.04921906731159769,0.02953421853821029,0.05371758421642112,-0.0006457445434586706,1.5261186278155436,1.36706591205948,-0.07925071536578487,-0.1117047743430245,0.00785980831461175,0.013966835620660483,1.3508136830314823,-0.07064702334797957,-0.04699257319671013,-0.023654450151269435,2022-05-18,0,2022-04-09/2022-04-15,2022,development
2022-04-22,300750.SZ,宁德时代,210.07,217.89,208.53,213.85,20136651.0,8387810458.0,000300.SH,沪深300,3967.202,4037.084,3953.722,4013.25,12210181100,,0.015191075243294438,-0.07878866201430168,-0.16094479538588302,-0.19399216041007084,-0.02168443204172199,-0.12274224579625947,-0.17895262228365194,18.33058480274012,-0.05681853186801746,0.053238251110591536,0.03115212927239064,0.04376899696048626,0.017994001999333653,1.4157936490939516,1.275459460617208,-0.036891407298273116,-0.1324310816162768,-0.06156107879379402,0.01404386931627197,1.413827720458598,-0.039373392564881815,-0.007493178845075721,-0.031880213719806094,2022-05-25,0,2022-04-16/2022-04-22,2022,development
2022-04-29,300750.SZ,宁德时代,202.87,211.09,193.09,210.77,33647657.0,13205553635.0,000300.SH,沪深300,3939.624,4017.428,3898.57,4016.241,17945837700,,0.05638532477947078,-0.014402618657937682,-0.09205651761867828,-0.21127867380159415,0.03843955697449841,-0.08329382701014687,-0.16600058562372888,37.36155063291139,-0.06900314673333591,0.05876412338432549,0.03903621469241548,0.08540114817099208,0.03894119386799422,1.8940496241050264,1.7308679961077678,-0.01514789991377763,-0.155366011684422,-0.05591266211717216,0.018557118373665134,1.4730149114739721,0.03828818142999468,0.016666330531459606,0.021621850898535078,2022-06-01,1,2022-04-23/2022-04-29,2022,development
2022-05-06,300750.SZ,宁德时代,186.39,199.12,186.3,193.59,24080095.0,9064522987.0,000300.SH,沪深300,3928.855,3947.238,3902.051,3908.815,12300555100,,-5.16528925619264e-05,-0.002678893410952621,-0.14597670725251455,-0.2754051727364599,-0.03883581911703371,-0.13084275792091882,-0.2230158655833635,28.64252142659663,-0.08012636853466165,0.07303727317674319,0.0417521930894021,0.06622242884446507,0.0386286817962338,1.1452703666613797,1.0413850625575192,-0.03563107251732356,-0.1895002552848596,-0.08590491745160034,0.018839678168593856,1.4547203217567028,0.23937186838163127,0.06581790133326848,0.1735539670483628,2022-06-06,1,2022-04-30/2022-05-06,2022,development
2022-05-13,300750.SZ,宁德时代,209.56,215.45,206.22,213.57,14854635.0,6105079498.0,000300.SH,沪深300,3983.82,4003.854,3957.139,3988.6,10996835700,,0.02796495956873324,0.10320781032078097,0.10025243418680119,-0.12121960251820763,0.049721312925771866,0.011923517022935037,-0.12165209630830942,51.78874119011509,-0.05207749905684218,0.063869992441421,0.04512170624733326,0.04321768038582193,0.019135331170070602,0.6478895802068921,0.6654348428785408,0.0827962533655402,-0.07543629243462568,-0.04578331008358194,0.017703365514788887,1.55787815050782,0.06808072294797962,0.05033169533169546,0.017749027616284163,2022-06-13,1,2022-05-07/2022-05-13,2022,development
2022-05-20,300750.SZ,宁德时代,220.37,222.43,214.97,219.81,15826754.0,6751273074.0,000300.SH,沪深300,4020.816,4077.602,4020.816,4077.6,14706917300,,0.01886530082506721,0.029217586739710644,0.13544088021075473,-0.03030704076230817,0.019129838096474394,0.0639966309919695,-0.07863069568321646,55.65130924759694,-0.023499217451549367,0.05511578181156455,0.04601662803179232,0.03393840134661757,-0.0025411807414802423,0.6935481601804412,0.7485784637445491,0.006903992997545405,-0.016448913048519476,-0.013858127713788693,0.018246739361820356,1.5784611844239855,0.18647923206405537,0.06200534628212684,0.12447388578192853,2022-06-20,1,2022-05-14/2022-05-20,2022,development
2022-05-27,300750.SZ,宁德时代,203.9,210.66,201.9,203.07,18780191.0,7541807254.0,000300.SH,沪深300,4022.71,4051.143,3983.384,4001.299,11276933700,,0.01125441960061746,-0.07615668076975579,-0.04916420845624381,0.04615939415795167,-0.01505524459922225,-0.017471368921187724,-0.13106546854942236,59.59959671611695,-0.026553318417067463,0.04533623170053959,0.040891633098246206,0.043137834244349194,-0.0040706228543404555,0.894936073836717,0.9118539149096841,-0.057444448083862176,-0.0112328132773305,0.05739220743528217,0.013930276626740321,1.5530064834058799,0.39198306002856165,0.11070529845432708,0.28127776157423456,2022-06-27,1,2022-05-21/2022-05-27,2022,development
2022-06-02,300750.SZ,宁德时代,217.68,228.5,216.77,224.9,17447774.0,7640886792.0,000300.SH,沪深300,4064.0,4091.152,4057.914,4089.568,11389363800,,0.02769146408334855,0.1199641452118918,0.04245851487902108,0.16167355371900838,0.057099345717078975,0.07586035342180053,-0.022407685118776,59.285363055236864,-0.008684841894994737,0.03796608016261196,0.028411399702652367,0.052156514006224945,0.03316795295847119,1.0410386473539484,1.1276126189395037,0.09579136478993311,0.14188456511242653,0.019788988606581848,0.011756449967992022,1.5469844364312344,0.19653179190751446,0.09222245479229096,0.1043093371152235,2022-07-01,1,2022-05-28/2022-06-03,2022,development
2022-06-10,300750.SZ,宁德时代,220.36,234.69,220.36,233.76,24766336.0,11049948030.0,000300.SH,沪深300,4145.651,4241.354,4140.22,4238.994,18479621400,,0.05249887438090939,0.039395286794130735,0.16408545391165763,0.12514439738159422,-0.00014542717092835833,0.074136362383171,0.0197595869659577,57.86802030456853,0.015559599649283627,0.0462959567810697,0.031734156132554626,0.06130219028062964,0.060809584316572796,1.4474794981565604,1.5210622748638227,0.002856953160847331,0.054350659980299865,0.07079373740129435,0.010633516370808544,1.6211231771083454,0.19160677618069832,0.04477170762685678,0.14683506855384154,2022-07-08,1,2022-06-04/2022-06-10,2022,development
2022-06-17,300750.SZ,宁德时代,232.88,252.64,232.33,250.27,28293869.0,13595198658.0,000300.SH,沪深300,4219.234,4318.766,4218.682,4309.044,15864909800,,0.05599156118143456,0.07062799452429847,0.11280569141840813,0.1600537684249559,0.058107776734904304,0.12154014031015214,0.09796839068903629,73.14633189486075,0.025289420040339707,0.05059963810513214,0.03461628552813705,0.0811523554561073,0.07467365166609419,1.4076520331744433,1.5474691121843338,0.054102847284174915,0.0826844928127568,0.07736927561219908,0.01128560679660007,1.8699204772817715,0.09653574139928867,-0.014044182421901419,0.11057992382119008,2022-07-15,1,2022-06-11/2022-06-17,2022,development
2022-06-24,300750.SZ,宁德时代,282.16,290.14,272.78,290.14,19301235.0,10593589951.0,000300.SH,沪深300,4354.553,4400.685,4346.122,4394.772,16897219900,,0.0494068287037035,0.15930794741678977,0.24118754277891852,0.4448483641252925,0.07462443331654267,0.21771465504939846,0.27053682012551783,73.71752479924422,0.0507657977906429,0.0454903544101862,0.03382293310725392,0.059833183980147565,0.02828182591437467,0.9175026296058174,1.0949551304480152,0.1394130472950923,0.3442416842606779,0.10060667986461458,0.009872616348426544,1.9459490169928957,-0.05590404632246493,-0.03561914019657897,-0.02028490612588596,2022-07-22,0,2022-06-18/2022-06-24,2022,development
2022-07-01,300750.SZ,宁德时代,274.42,275.98,266.56,269.1,12292780.0,6449278118.0,000300.SH,沪深300,4489.52,4500.985,4449.291,4466.718,14477959900,,-0.02127659574468077,-0.07251671606810495,0.07523874215846882,0.19653179190751446,-0.0257201199113698,0.05891102550279603,0.17070751454139677,72.22643964862814,0.05504063508393548,0.04497531454053193,0.03670855142826504,0.03500557413600897,-0.019386342103345222,0.5993294191639028,0.6501734332203836,-0.08888753120936832,0.1043093371152235,0.09222245479229096,0.011045656114737304,1.8349071989697208,-0.026867335562987815,-0.06640580399299889,0.039538468430011076,2022-07-29,1,2022-06-25/2022-07-01,2022,development
2022-07-08,300750.SZ,宁德时代,285.76,290.9,275.58,278.55,16577009.0,9078792373.0,000300.SH,沪深300,4468.063,4479.494,4426.886,4428.781,12319573900,,-0.016384759348846978,0.03511705685618716,-0.03994623285310528,0.19160677618069832,0.017340998239603778,0.05459033585607154,0.20361494980076578,61.981909004995266,0.04439243489472087,0.04091083929533042,0.030436202749877562,0.0549991024950637,-0.025230963045912547,0.8846511481460333,0.956558213797655,0.04361031745602795,0.14683506855384154,0.04477170762685678,0.010546282092790885,1.7696246566637963,-0.06533835936097643,-0.061387095004246106,-0.003951264356730322,2022-08-05,0,2022-07-02/2022-07-08,2022,development
2022-07-15,300750.SZ,宁德时代,282.93,290.11,274.43,274.43,15862819.0,8689665142.0,000300.SH,沪深300,4299.471,4344.857,4248.527,4248.527,15021445300,,-0.04139304177728087,-0.014790881349847407,0.019806763285024065,0.09653574139928867,0.005576970993887986,0.004404770401114089,0.17059749824934323,45.63466836194109,0.034186890880303356,0.04664993935481859,0.034161955382663596,0.05713661042888899,-0.030042766762096607,0.9391536802012078,0.969723274763333,0.025909708722228864,0.11057992382119008,-0.014044182421901419,0.010899791433458,1.886734322459548,-0.058156907043690476,-0.013504680563404703,-0.04465222648028577,2022-08-12,0,2022-07-09/2022-07-15,2022,development
2022-07-22,300750.SZ,宁德时代,276.86,280.09,270.85,273.92,14281747.0,7665508993.0,000300.SH,沪深300,4251.787,4275.47,4207.314,4238.234,10384062400,,0.02109893387012618,-0.0018583974055313979,-0.01662179141985276,-0.05590404632246493,0.0017847216126860577,-0.000607472458512115,0.1435799915250171,52.31003857540147,0.022832816731298004,0.04876293391188252,0.03166497033355499,0.03373247663551384,-0.010619085458354438,0.9272167530844266,0.9311517159824161,0.0005643246343660646,-0.02028490612588596,-0.03561914019657897,0.009887607726530157,2.0836379735613955,0.0,-0.020565169360634794,0.020565169360634794,2022-08-19,1,2022-07-16/2022-07-22,2022,development
2022-07-29,300750.SZ,宁德时代,269.77,269.8,259.04,261.87,11912482.0,6111548922.0,000300.SH,沪深300,4226.425,4243.514,4160.874,4170.102,11417928600,,-0.013598011149615896,-0.04399094626168232,-0.04576759100681416,-0.026867335562987815,-0.01554852146192176,-0.035601041478693585,0.0692819460248153,47.217372326494974,0.008894324014352448,0.04310753972800028,0.030972804893415015,0.04108909000649173,-0.029284205063572544,0.8509803347559175,0.82216055937868,-0.027915382713279757,0.039538468430011076,-0.06640580399299889,0.008236987424689254,1.9766099678778846,-0.00358956734257454,-0.01500107191622646,0.01141150457365192,2022-08-26,1,2022-07-23/2022-07-29,2022,development
2022-08-05,300750.SZ,宁德时代,257.44,264.6,254.87,260.35,12183074.0,6150342343.0,000300.SH,沪深300,4109.629,4159.485,4097.863,4156.911,10257100400,,0.009460664572912947,-0.00580440676671623,-0.04954001168224298,-0.06533835936097643,-0.015995041234853402,-0.03299013490224045,0.04002854902002562,32.86065692374477,0.00013771056818551443,0.038215040193146615,0.03209565023674334,0.03737276742846175,0.011303604723430727,0.912335828007132,0.8763966280093359,-0.0026411747882179037,-0.003951264356730322,-0.061387095004246106,0.009695822606263806,1.978385078577869,-0.07789514115613605,-0.03206659945329604,-0.04582854170284001,2022-09-02,0,2022-07-30/2022-08-05,2022,development
2022-08-12,300750.SZ,宁德时代,262.7,263.62,256.37,258.47,7383805.0,3710909399.0,000300.SH,沪深300,4185.42,4202.466,4175.05,4191.152,10680829500,,-0.015689858715106975,-0.007221048588438639,-0.01298354145186531,-0.058156907043690476,-0.007541258053863964,-0.0287227066646375,0.01694648509452934,41.437952517258815,-0.00492000014033333,0.03657235711245847,0.023508011556817063,0.028049676945100008,-0.016102017510468025,0.6614526712896927,0.6408038666111607,-0.015458174665951563,-0.04465222648028577,-0.013504680563404703,0.009895950157900874,1.8518187497026597,-0.0991604441521261,-0.023231083005340825,-0.07592936114678528,2022-09-09,0,2022-08-06/2022-08-12,2022,development
2022-08-19,300750.SZ,宁德时代,282.67,283.03,272.9,273.92,10769608.0,5767786049.0,000300.SH,沪深300,4174.546,4185.658,4151.074,4151.074,11740297800,,-0.023492923603436466,0.05977482880024754,0.0521221432686767,0.0,-0.00138534451330663,0.028496548461404148,0.05532032932528397,48.91743648960738,0.00852923807260027,0.036778204272363134,0.022957699679581448,0.0369816004672897,-0.030954823645947593,0.9169097278923667,0.9453291031554776,0.06933735480741698,0.020565169360634794,-0.020565169360634794,0.009716028312806733,1.9667466380778877,-0.2224372079439253,-0.05373886372538761,-0.1686983442185377,2022-09-19,0,2022-08-13/2022-08-19,2022,development
2022-08-26,300750.SZ,宁德时代,264.14,267.22,258.99,260.93,12216984.0,6216728235.0,000300.SH,沪深300,4127.814,4139.788,4102.682,4107.546,9900049300,,-0.014056300774607844,-0.047422605140186924,0.00951754555654416,-0.00358956734257454,-0.044982065734572974,-0.026867163433208607,-0.013869992441421064,51.57870208551788,0.005819719145493508,0.0438951880909494,0.027893662059884698,0.03154102632890054,-0.012152646323919103,0.8867609662496062,0.8607761174226954,-0.036936644157559484,0.01141150457365192,-0.01500107191622646,0.01029691434034178,2.0638989866010387,-0.15414095734488176,-0.0659442401862329,-0.08819671715864885,2022-09-26,0,2022-08-20/2022-08-26,2022,development
2022-09-02,300750.SZ,宁德时代,244.51,245.09,237.76,240.07,11560877.0,5408298592.0,000300.SH,沪深300,4054.842,4056.181,4004.911,4023.613,8678927800,,-0.002741660781788724,-0.07994481278503818,-0.12357622663551404,-0.07789514115613605,-0.03277922370933817,-0.0907816997424633,-0.0968055048701848,34.56448508180941,-0.021320188429851044,0.04590030288784823,0.02480375245585855,0.030532761277960646,-0.018158766512617053,0.8320455508366582,0.7544280643486276,-0.0595109576316204,-0.04582854170284001,-0.03206659945329604,0.00844196331622616,1.925881264623887,-0.15612113133669347,-0.07522492844117956,-0.08089620289551391,2022-10-10,0,2022-08-27/2022-09-02,2022,development
2022-09-09,300750.SZ,宁德时代,233.04,233.98,229.9,232.84,12246752.0,5523516959.0,000300.SH,沪深300,4050.585,4099.008,4042.25,4093.787,11842711400,,0.006049083995852023,-0.03011621610363635,-0.10765339363047566,-0.0991604441521261,-0.016581772720745347,-0.09794942721105826,-0.12407221400867507,18.39307787391843,-0.037532096326273294,0.04472721918178029,0.028675171176938675,0.01752276241195664,-0.000858221764503897,0.7548168399108707,0.6797436444177384,-0.04755676021163091,-0.07592936114678528,-0.023231083005340825,0.007707349728424155,1.6877413032113178,-0.04913245146881973,-0.06042693476724603,0.011294483298426305,2022-10-17,1,2022-09-03/2022-09-09,2022,development
2022-09-16,300750.SZ,宁德时代,213.32,215.38,210.59,211.1,14963208.0,6192462420.0,000300.SH,沪深300,4013.583,4019.41,3932.683,3932.683,13719365500,,-0.01049967188525358,-0.08788454891116493,-0.12308395297636354,-0.24744215892481547,-0.054347047018348804,-0.14676043813912132,-0.19696996594128102,18.426054999366386,-0.05893289638642549,0.04331055017933274,0.027234629447638742,0.02269066792989101,-0.0104069004312769,0.8842096179124113,0.7646252993366118,-0.0618792944137847,-0.18825290507921366,-0.05918925384560181,0.009133705020405477,1.5713600518714559,0.008858360966366607,-0.04825967412069576,0.05711803508706237,2022-10-21,1,2022-09-10/2022-09-16,2022,development
2022-09-23,300750.SZ,宁德时代,214.17,218.72,211.13,214.88,12018488.0,5009444373.0,000300.SH,沪深300,3865.105,3888.396,3829.691,3856.021,9434246200,,0.005662938175691634,0.017906205589767854,-0.07155202212236433,-0.18805970149253726,-0.0002977519726069522,-0.07455699282704142,-0.1652671147822462,31.48610906952817,-0.059536705681409334,0.04114921284969682,0.023598177827420175,0.035322040208488475,0.003315123500023276,0.7676096175459262,0.710044075032401,0.03739976761854058,-0.12484205626291034,-0.06321764522962692,0.007790023567590255,1.7439307781324573,-0.12285927029039467,-0.08161029206013148,-0.04124897823026319,2022-10-28,0,2022-09-17/2022-09-23,2022,development
2022-09-30,300750.SZ,宁德时代,216.21,216.68,206.53,206.73,11814011.0,4808089720.0,000300.SH,沪深300,3833.35,3848.602,3801.28,3804.885,7855996600,,-0.04322673207756744,-0.037928145941921065,-0.020701089531028005,-0.14123707057699497,-0.042544322792197,-0.0732754756226579,-0.18210088200540187,28.062510502436538,-0.052321657472596116,0.039789649715640106,0.02610078263839748,0.04909785710830555,-0.04384626057999175,0.7800004943167652,0.7291264660989807,-0.024666807375559485,-0.08216922744167976,-0.05906784313531521,0.009200827083412133,1.6733561695920662,0.008755381415372687,-0.00991094343193033,0.018666324847303017,2022-11-04,1,2022-09-24/2022-09-30,2022,development
2022-10-14,300750.SZ,宁德时代,225.86,228.1,221.01,225.3,13565344.0,5900627938.0,000300.SH,沪深300,3783.316,3863.227,3780.842,3842.47,11624229300,,0.011357004982717633,0.08982731098534336,0.04849218168279967,-0.02652955409609392,0.03243485991329953,0.03311422263084185,-0.0920137104720683,59.63073071506807,-0.029524432945656886,0.03601864181091876,0.028796229111450196,0.03146915224145585,-0.002479412025148342,0.9555402112610965,0.9807123787207553,0.07994922005749672,0.02181845926998438,-0.0483480133660783,0.012363773223740946,1.4996584733293632,-0.07878384376387038,-0.014061528131644518,-0.06472231563222586,2022-11-11,0,2022-10-08/2022-10-14,2022,development
2022-10-21,300750.SZ,宁德时代,210.39,215.01,209.98,212.97,8259882.0,3412503681.0,000300.SH,沪深300,3753.89,3768.69,3724.69,3742.893,9875003800,,-0.004813084112149535,-0.054727030625832285,0.030184298360179884,0.008858360966366607,-0.025130458665201805,-0.01805330462386845,-0.12553070928217724,43.9888164026095,-0.023697336673716013,0.037906076643927034,0.025876948573379795,0.023618350002347754,0.012262940253814358,0.6540086964842068,0.6422052982886353,-0.02881218939089747,0.05711803508706237,-0.04825967412069576,0.010851170010321804,1.341626992319632,-0.07799220547494945,0.015676643708489646,-0.0936688491834391,2022-11-18,0,2022-10-15/2022-10-21,2022,development
2022-10-28,300750.SZ,宁德时代,198.69,199.82,188.22,188.48,24071225.0,8960919233.0,000300.SH,沪深300,3605.16,3618.864,3533.499,3541.33,11877216200,,-0.06354647985293393,-0.11499272197962163,-0.1634265423879273,-0.12285927029039467,-0.06881150942650482,-0.11822841009302865,-0.20820473755258184,39.56515308386333,-0.04255875643246936,0.04423735750666991,0.029611152993207827,0.061544991511035624,-0.051386582112839085,1.7596843589562734,1.5875638536122698,-0.0611405279681978,-0.04124897823026319,-0.08161029206013148,0.013468277997575178,1.353239046243251,0.018304329371816808,0.06620281080836854,-0.04789848143655173,2022-11-25,0,2022-10-22/2022-10-28,2022,development
2022-11-04,300750.SZ,宁德时代,198.95,210.55,198.02,208.54,20971141.0,8386135001.0,000300.SH,沪深300,3646.771,3782.882,3646.771,3767.175,14973494900,,0.052806946688206624,0.10643039049236003,-0.02080105179133218,0.008755381415372687,0.04277299410958757,-0.005858825660607692,-0.10356656192371672,39.73499361430394,-0.03404110895556575,0.041859047253695755,0.03160626234798216,0.060084396278891346,0.04820306609700942,1.40647246820151,1.3948625727848545,0.04265632820502718,0.018666324847303017,-0.00991094343193033,0.01761759796105776,1.3062445610773599,-0.030977270547616675,0.02754663640526389,-0.05852390695288057,2022-12-02,0,2022-10-29/2022-11-04,2022,development
2022-11-11,300750.SZ,宁德时代,206.78,209.2,203.29,207.55,19481969.0,7814365729.0,000300.SH,沪深300,3787.757,3828.9,3747.09,3788.439,18968558600,,0.04459207811163135,-0.004747290687637795,0.10117784380305617,-0.07878384376387038,0.003636398804630625,0.0030785885855408868,-0.09021969736819035,49.455247552061785,-0.02147199436412206,0.04253364077502838,0.0288755376048372,0.028475066249096584,0.003723764387271622,1.3164280378589954,1.3240709962104193,-0.010391838657933805,-0.06472231563222586,-0.014061528131644518,0.017022761314740745,1.3993923619293367,0.0549265237292218,0.05538032947079263,-0.0004538057415708341,2022-12-09,0,2022-11-05/2022-11-11,2022,development
2022-11-18,300750.SZ,宁德时代,194.92,199.56,191.31,196.36,16407334.0,6269734686.0,000300.SH,沪深300,3823.821,3840.302,3801.569,3801.569,11507877700,,0.015095119933829615,-0.05391471934473624,-0.05840606118730207,-0.07799220547494945,-0.010092658876196148,-0.027383927266783292,-0.11573979561202308,52.7142096860032,-0.025425995654536734,0.04444824375054564,0.03058139177265525,0.04201466693827663,0.007387646213831367,1.029919703929504,1.0068198859061415,-0.05738052676568195,-0.0936688491834391,0.015676643708489646,0.017249881542672277,1.364917262727324,0.0977795885108983,0.040156577455255915,0.05762301105564238,2022-12-16,1,2022-11-12/2022-11-18,2022,development
2022-11-25,300750.SZ,宁德时代,192.38,193.38,191.31,191.93,6138945.0,2286870203.0,000300.SH,沪深300,3751.282,3790.566,3743.414,3775.776,14292971100,,-0.011739869213737708,-0.022560602974129207,-0.07525897374126722,0.018304329371816808,-0.013132185681084207,-0.03990595650488349,-0.10847789078122572,33.237141402138874,-0.02685838238773351,0.03781884764534689,0.026623438917447426,0.010785182097639729,-0.002339120490695401,0.4416402725667899,0.4233816991189376,-0.015775772815844524,-0.04789848143655173,0.06620281080836854,0.014481299043181928,1.2842546864397995,0.07059865575991231,0.013889330299255098,0.05670932546065721,2022-12-23,1,2022-11-19/2022-11-25,2022,development
2022-12-02,300750.SZ,宁德时代,204.72,205.9,202.04,202.08,8292566.0,3280784282.0,000300.SH,沪深300,3886.403,3898.115,3865.884,3870.948,11678635000,,-0.008536944362672827,0.0528838639087168,0.029130169077205226,-0.030977270547616675,0.020338093026074144,0.013318356867779269,-0.04116760429500732,52.70451497541352,-0.014200769884816318,0.03112275195113677,0.022975802509354736,0.019101346001583596,-0.01289566236811246,0.6436248301800573,0.6558379223921073,0.02767791948828502,-0.05852390695288057,0.02754663640526389,0.012040487906433701,1.2269988884874294,0.003958828186856556,0.00017721757047639564,0.00378161061638016,2022-12-30,1,2022-11-26/2022-12-02,2022,development
2022-12-09,300750.SZ,宁德时代,217.4,219.52,216.84,218.95,9353940.0,3960316859.0,000300.SH,沪深300,3961.992,4003.318,3944.44,3998.244,15377495400,,0.009823816991052503,0.08348178939034034,0.14078049288803207,0.0549265237292218,0.03272456276059832,0.09078227945846962,0.04975236487944268,75.68460812086876,0.009302643221970709,0.026845659478680735,0.021074265743962237,0.0122402374971455,0.0071297148114075615,0.7267025995982833,0.7883451645671934,0.050596821677004966,-0.0004538057415708341,0.05538032947079263,0.010724468976193186,1.200475030917453,-0.018817081525462354,0.0037206333580441786,-0.022537714883506532,2023-01-09,0,2022-12-03/2022-12-09,2022,development
2022-12-16,300750.SZ,宁德时代,215.81,218.03,213.43,215.56,8942249.0,3733194676.0,000300.SH,沪深300,3931.232,3960.471,3929.487,3954.227,9317856700,,-0.013635947652603564,-0.015482986983329505,0.0667062549485351,0.0977795885108983,0.012703423911000877,0.05485170123953398,0.03780140421263778,71.5638148667602,0.014267932896873763,0.03147946875911247,0.02125887121236618,0.0213397661903878,-0.0011584263935869865,0.7677388595678726,0.8068233387480206,-0.0044739039958979765,0.05762301105564238,0.040156577455255915,0.010067172689594074,1.1898162716282612,0.06842642419743927,0.04646597173101097,0.021960452466428304,2023-01-16,1,2022-12-10/2022-12-16,2022,development
2022-12-23,300750.SZ,宁德时代,204.67,207.73,203.23,205.48,7385760.0,2939594066.0,000300.SH,沪深300,3811.616,3848.344,3805.949,3828.219,6527814800,,-0.008779546550892525,-0.04676192243458899,-0.06152089518154835,0.07059865575991231,-0.0220267671863994,-0.013334485755580938,-0.008805047627010731,52.90357925493059,0.007961395556450717,0.031435106649239375,0.021800727090803284,0.021899941600155733,0.003957590267259503,0.6423339706671523,0.634322196247011,-0.014895264298877553,0.05670932546065721,0.013889330299255098,0.011222891908163052,1.1692732116564784,0.18113685030173254,0.09746725566118353,0.08366959464054902,2023-01-30,1,2022-12-17/2022-12-23,2022,development
2022-12-30,300750.SZ,宁德时代,205.49,207.3,202.66,202.88,7405249.0,2943110662.0,000300.SH,沪深300,3873.936,3887.553,3868.757,3871.634,7877327200,,-0.0013290671917303154,-0.012653299591201095,-0.05882352941176472,0.003958828186856556,-0.010920436817472567,-0.034015160172170655,-0.01708124938430311,36.857490864799026,-0.0012429322901947478,0.031975270392068475,0.021106681450648524,0.022870662460567896,-0.012701347997469581,0.675208113137295,0.6597523626084009,-0.023994082341613265,0.00378161061638016,0.00017721757047639564,0.008478684045483985,1.164173455390631,0.14530757097791813,0.0555951311513434,0.08971243982657473,2023-02-06,1,2022-12-24/2022-12-30,2022,development
2023-01-06,300750.SZ,宁德时代,209.36,219.15,208.36,214.86,18392495.0,7641585134.0,000300.SH,沪深300,3969.549,4000.414,3966.47,3980.889,11095303800,,0.02246121633196929,0.05764213635244886,0.03646888567293782,-0.009039756480029415,0.04622965826865211,0.02722239752158573,0.04449024831314308,49.17569477154971,0.00017691823642999586,0.0313592904349676,0.023525054651590337,0.050218747091129064,0.02627053878486807,1.5769750248929337,1.6236775789063984,0.025441558708498624,-0.014522962598468081,0.005483206118438666,0.008430521929034327,1.1941949620028973,0.07027832076701102,0.03150577672474664,0.03877254404226438,2023-02-10,1,2022-12-31/2023-01-06,2023,development
2023-01-13,300750.SZ,宁德时代,228.96,233.35,221.74,226.64,20757496.0,9140635814.0,000300.SH,沪深300,4032.291,4074.377,4027.886,4074.377,9587189600,,0.013867764158539853,0.05482639858512517,0.11562884568053144,0.037064153015466283,0.022365370214992852,0.07309081783876148,0.10141856724222564,72.98001737619461,0.017572443409855275,0.03373821289899653,0.02077193685426839,0.05122661489587004,-0.010132774283717727,1.643576299036894,1.7677324424668475,0.0313421969407186,0.006095443335353279,0.030968709680113005,0.008406384897379052,1.2531985133307404,-0.04394634662901509,-0.00978554512751273,-0.03416080150150236,2023-02-17,0,2023-01-07/2023-01-13,2023,development
2023-01-20,300750.SZ,宁德时代,230.39,233.19,229.09,233.08,10765650.0,4841543971.0,000300.SH,沪深300,4166.844,4189.831,4161.67,4181.527,12355380900,,0.011675853986718332,0.02841510765972477,0.08479940426324117,0.12436082971538842,0.009135385547906827,0.07950137670235202,0.12196319490909446,82.07306711979606,0.028123602309138046,0.030047929588859733,0.019106934280793155,0.017590526857731225,0.011675853986718332,0.8132635003882692,0.8793743085143725,0.002116608527219288,0.03429396888955494,0.09006686082583348,0.006587876052489187,1.2878455527007462,-0.10309764887592243,-0.028812680152489833,-0.0742849687234326,2023-02-24,0,2023-01-14/2023-01-20,2023,development
2023-02-03,300750.SZ,宁德时代,239.27,240.41,232.76,235.25,12020001.0,5495174744.0,000300.SH,沪深300,4162.026,4162.026,4103.165,4141.632,11704122100,,-0.021219055543998278,0.00931010811738453,0.03798976350158845,0.15801132168348508,-0.02309685563842323,0.04691654706674209,0.11240096557822388,68.77528503126146,0.03514204853989667,0.03324123273113709,0.021887284487997722,0.03251859723698196,-0.016801103356041347,0.8543199098435279,0.8997372594899076,0.018850881141210585,0.0841318583805224,0.07387946330296269,0.007545834787236357,1.311433254743731,-0.11812964930924541,-0.002675515352401958,-0.11545413395684345,2023-03-03,0,2023-01-28/2023-02-03,2023,development
2023-02-10,300750.SZ,宁德时代,233.6,234.98,229.48,229.96,8397790.0,3773477539.0,000300.SH,沪深300,4124.099,4125.289,4092.347,4106.31,9671673300,,-0.01554004880345905,-0.022486716259298545,-0.013385961901493104,0.07027832076701102,-0.006729498354339669,-0.005559027094581448,0.07697999747099837,49.618487028558974,0.0222590019706276,0.03021022289590736,0.017829984868136896,0.023917202991824666,-0.015582191780821875,0.6963590547585826,0.6965542041764226,-0.013958194169455873,0.03877254404226438,0.03150577672474664,0.008214639588473276,1.1784162709447865,-0.09005914072012522,-0.03389295985933849,-0.05616618086078673,2023-03-10,0,2023-02-04/2023-02-10,2023,development
2023-02-17,300750.SZ,宁德时代,227.93,227.93,216.58,216.68,21469551.0,9171648847.0,000300.SH,沪深300,4086.224,4104.64,4032.929,4034.507,11614258900,,-0.051936119011157356,-0.05774917376935118,-0.0789373007438895,-0.04394634662901509,-0.05492166509647933,-0.07061331457517472,0.003555455377722838,27.737850787132118,0.009645289854152857,0.034774783090271356,0.02131229499392463,0.052381391914343704,-0.049357258807528614,1.854668089017499,1.7450564375059043,-0.04026315834431016,-0.03416080150150236,-0.00978554512751273,0.008667238417891776,1.213927237876191,-0.10522429388960686,-0.018760160782965607,-0.08646413310664125,2023-03-17,0,2023-02-11/2023-02-17,2023,development
2023-02-24,300750.SZ,宁德时代,211.94,212.35,208.34,209.05,9989388.0,4060495070.0,000300.SH,沪深300,4100.99,4102.609,4048.237,4061.046,10098942500,,-0.01895912525224075,-0.03521321764814467,-0.09092885719255517,-0.10309764887592243,-0.01773296244784428,-0.08554656144947759,-0.03826174032990315,25.68328812852073,-0.01421680742337886,0.032053165681484246,0.021150050030161894,0.019182013872279316,-0.013635934698499552,0.8279668017188948,0.7561766647579515,-0.04179122085894582,-0.0742849687234326,-0.028812680152489833,0.009913700688721418,1.1381817335865683,-0.029131786653910585,-0.008372227253766629,-0.020759559400143957,2023-03-24,0,2023-02-18/2023-02-24,2023,development
2023-03-03,300750.SZ,宁德时代,207.45,209.21,206.27,207.46,8203090.0,3300669921.0,000300.SH,沪深300,4126.018,4135.212,4100.383,4130.551,16033174100,,0.003773950067737619,-0.00760583592441999,-0.042551227616762,-0.11812964930924541,-0.004128264208909438,-0.059067912111337106,-0.050055328728965565,17.99010114052075,-0.023559255596794865,0.02992315213948299,0.01798771601578836,0.014171406536199738,4.820438659924875e-05,0.7301789618914007,0.688695797171944,-0.024720884608921523,-0.11545413395684345,-0.002675515352401958,0.009880231832607144,1.2730398463648733,0.009302998168321475,-0.019277089182532903,0.028580087350854377,2023-03-31,1,2023-02-25/2023-03-03,2023,development
2023-03-10,300750.SZ,宁德时代,207.14,211.39,204.15,209.25,19142596.0,7722447890.0,000300.SH,沪深300,3991.796,4004.361,3966.428,3967.135,12385540900,,0.022077858643090975,0.00862816928564536,0.0009567089213107227,-0.09005914072012522,0.008832406059261722,-0.024286750117155642,-0.041412799486921115,40.38119440914868,-0.023071148107111313,0.024587813620071675,0.019147541316043137,0.03459976105137386,0.010186347397895146,1.5631870475783325,1.5143977188938684,0.04819092979871009,-0.05616618086078673,-0.03389295985933849,0.009800317126757956,1.2313803116611401,-0.009318996415770608,0.03470438994387637,-0.04402338635964698,2023-04-10,0,2023-03-04/2023-03-10,2023,development
2023-03-17,300750.SZ,宁德时代,200.6,201.11,193.63,193.88,20144747.0,7641555518.0,000300.SH,沪深300,3971.159,4004.215,3945.25,3958.819,17743381800,,-0.023717206304446403,-0.07345280764635609,-0.06545840161958938,-0.10522429388960686,-0.025111377052807304,-0.06274322122798626,-0.10682503973403157,34.445511281805096,-0.03227727093561375,0.03082171593621975,0.015332965627489982,0.03858056529812264,-0.033499501495513506,1.5502109454201194,1.4704081470869226,-0.07135658455336824,-0.08646413310664125,-0.018760160782965607,0.009755318279992774,1.068209377818906,0.08484629667835786,0.04813683070632946,0.0367094659720284,2023-04-17,1,2023-03-11/2023-03-17,2023,development
2023-03-24,300750.SZ,宁德时代,205.44,207.43,201.11,202.96,11765252.0,4645723682.0,000300.SH,沪深300,4035.156,4037.842,4017.003,4027.046,15944233000,,-0.012023560336854366,0.04683309263461943,-0.030059737156511335,-0.029131786653910585,0.0015396154909004256,-0.006631916403592397,-0.06158104667435216,40.77201447527142,-0.020828545676933357,0.031301030463426985,0.017779356542552034,0.0311391407173827,-0.012071651090342583,0.8695596934862191,0.869353166899884,0.029598912440981007,-0.020759559400143957,-0.008372227253766629,0.008252394630406428,1.163224534397844,0.008376034686637723,-0.011026196373222441,0.019402231059860164,2023-04-24,1,2023-03-18/2023-03-24,2023,development
2023-03-31,300750.SZ,宁德时代,208.59,213.99,208.59,209.39,19607572.0,8033742420.0,000300.SH,沪深300,4045.454,4063.568,4039.959,4050.926,13884254600,,0.014879798371461694,0.03168111943240026,0.07999793686816581,0.009302998168321475,0.017463896285642155,0.028013982443392704,-0.03190907339626281,60.51639106469391,-0.009748035927227176,0.029108362385978335,0.01703675218364939,0.025789197191843,0.0038352749412722265,1.3962582737122737,1.4508115694649129,0.025751214484704077,0.028580087350854377,-0.019277089182532903,0.007636026514717393,1.1568264582657155,0.006304025980228278,-0.005104758763798678,0.011408784744026956,2023-05-04,1,2023-03-25/2023-03-31,2023,development
2023-04-07,300750.SZ,宁德时代,199.13,203.17,198.2,201.37,10058114.0,3923098225.0,000300.SH,沪深300,4096.901,4131.313,4092.185,4123.28,12867673800,,0.00639712129541703,-0.023991857309034414,-0.019763423063817398,-0.016411859522297623,-0.009522591561488492,-0.006311405435013184,-0.0686419989100161,60.39988891974452,-0.01136129556889347,0.030441475890152465,0.017789888098141297,0.02468093559120027,0.011248932857932159,0.6806592392210113,0.6759994516516249,-0.04497822708850341,-0.042141420145315744,0.025729560623018122,0.0071627929572830075,0.9084106462843775,0.07885981029944866,-0.030657631788285067,0.10951744208773373,2023-05-10,1,2023-04-01/2023-04-07,2023,development
2023-04-14,300750.SZ,宁德时代,200.03,207.49,199.82,204.87,15923654.0,6337229777.0,000300.SH,沪深300,4078.97,4098.215,4075.205,4091.999,15069568200,,0.02327556066130554,0.0173809405571832,-0.007027917797595928,0.03162294173926172,0.0035071563623538804,0.008216023090494406,-0.046880585198975644,52.460706003607314,-0.007191978781111264,0.02797592898632586,0.01782200573453436,0.037438375555230226,0.024196370544418366,1.1280989345276442,1.139906445161184,0.0249673765983931,-0.007179328089947701,0.038802269829209424,0.005501247329384464,0.884609253519501,0.0944989505540097,-0.03221750542949786,0.12671645598350756,2023-05-17,1,2023-04-08/2023-04-14,2023,development
2023-04-21,300750.SZ,宁德时代,208.59,213.96,205.75,208.84,25275978.0,10288953392.0,000300.SH,沪深300,4114.264,4114.264,4031.912,4032.567,18080243500,,0.02267273884726495,0.01937814223654022,0.03709589313204553,0.016599328238329436,-0.0016349399087876026,0.017302521335879284,-0.02062713815750916,49.41576375610794,0.0011669124057797197,0.030142692970695276,0.018281699272349447,0.03931239226201881,0.0011985234191476124,1.768879882153139,1.8038237748701875,0.033902094955003736,0.018214295966208716,-0.0016149677278792796,0.0073942732098514746,0.7341710643395508,0.007709251101321479,-0.043018008132288954,0.05072725923361043,2023-05-24,1,2023-04-15/2023-04-21,2023,development
2023-04-28,300750.SZ,宁德时代,218.63,221.74,211.99,215.69,27104800.0,6269727389.0,000300.SH,沪深300,3993.256,4030.447,3993.256,4029.086,17950848800,,-0.0006486586665431782,0.032800229841026596,0.05281397959681744,0.04541488949205119,0.03207870383662059,0.04497424990431509,0.02405963275528511,57.31473408892763,0.006039620073753126,0.03582191372538632,0.023509783716792517,0.045203764662246744,-0.013447376846727366,1.4936457770557172,0.9837787971987133,0.03366345170442031,0.04775237599083815,-0.002337486498786956,0.008194144840128063,0.6846122361160532,-0.04195836617367521,-0.0572196771178376,0.015261310944162387,2023-05-31,1,2023-04-22/2023-04-28,2023,development
2023-05-05,300750.SZ,宁德时代,210.22,214.89,209.02,212.09,16740879.0,3793534213.0,000300.SH,沪深300,4031.095,4047.602,3998.392,4016.877,20662692400,,0.006549285748184586,0.06577889447236185,0.0055948034706747585,0.03156614785992229,-0.0034020318212146794,0.025592669157025627,0.01055069112347451,58.487021857923494,0.007140226011001213,0.03745714420427984,0.023603906383359907,0.027676929605356105,0.008895442869375048,0.9230898945193032,0.6273414160739818,0.05209845811966396,0.04958100545427113,-0.018014857594348843,0.0078348540980984,0.6372016812760704,0.006318072516384499,-0.03859789582802764,0.04491596834441214,2023-06-02,1,2023-04-29/2023-05-05,2023,development
2023-05-12,300750.SZ,宁德时代,226.09,228.49,222.35,222.35,22309979.0,5363787910.0,000300.SH,沪深300,3987.769,3999.383,3937.527,3937.762,14442172800,,-0.010061885045189567,0.048375689565750335,0.11733668341708547,0.078112878200155,0.01915937113260302,0.05586316279334791,0.06549423166772494,57.740585774058566,0.015999793340885138,0.040283979568890745,0.02465116952754023,0.027614121879919115,-0.016542085010394114,1.0654205204903624,0.875586959784227,0.06807133869814841,0.11771779002285021,-0.03960491182269521,0.008790999037837187,0.5416224191613024,-0.1090173150438497,-0.025664070098700753,-0.08335324494514895,2023-06-09,0,2023-05-06/2023-05-12,2023,development
2023-05-19,300750.SZ,宁德时代,216.53,218.8,214.89,214.89,19472168.0,4503095903.0,000300.SH,沪深300,3946.222,3967.282,3928.316,3944.54,12021247900,,-0.010316400313176488,-0.03355070834270302,0.013201942571549719,0.018870608316343462,-0.02516807446991909,0.0028841845878135874,0.03170557814289143,55.365344467640895,0.01614411816794721,0.0353868756772568,0.024319215585860247,0.018195355763413957,-0.007574008220569972,0.8561193472305457,0.7497188453522321,-0.035271990634522576,0.07112681393898168,-0.05225620562263822,0.008641023321713888,0.41262110901710297,0.004793149983712608,0.004768870387928725,2.4279595783882613e-05,2023-06-16,1,2023-05-13/2023-05-19,2023,development
2023-05-26,300750.SZ,宁德时代,209.47,209.75,203.21,205.55,18211695.0,4001016009.0,000300.SH,沪深300,3848.417,3859.629,3815.57,3850.951,10032643900,,-0.018245211825954066,-0.04346409791055883,-0.07555655498088587,0.032914572864321645,-0.02226133282595233,-0.04578646599787384,-0.012900406429233402,37.878060489678354,0.0012477798369376046,0.03260590054557458,0.02187541545794609,0.031817076137192854,-0.018713896978087452,0.8113589048239149,0.7726887785708861,-0.01973788395405185,0.061106451766051006,-0.02819187890172936,0.008288282122484983,0.3913350857453294,0.015762588178058756,-0.0014328928101137173,0.017195480988172474,2023-06-27,1,2023-05-20/2023-05-26,2023,development
2023-06-02,300750.SZ,宁德时代,210.13,214.88,209.28,213.43,23181483.0,5283702827.0,000300.SH,沪深300,3821.62,3865.284,3821.62,3861.834,12501511000,,0.024824738307884342,0.03833617124787159,-0.006794173763320699,0.006318072516384499,0.024785372692876617,-0.003950503204971145,0.02527191426844344,38.863361547763034,-0.0034532617852992553,0.028021900790490026,0.01960224231728936,0.026238110856018338,0.015704563841431485,1.1226348186600568,1.1115675697513385,0.03551011607344856,0.04491596834441214,-0.03859789582802764,0.008698746407799789,0.4804877669657272,0.00356088647331676,0.00962729107465532,-0.00606640460133856,2023-07-04,0,2023-05-27/2023-06-02,2023,development
2023-06-09,300750.SZ,宁德时代,194.85,199.13,194.85,198.11,24261728.0,5126984498.0,000300.SH,沪深300,3822.409,3836.703,3811.219,3836.703,13431986300,,0.01934653974787759,-0.07177997469896447,-0.03619557285332031,-0.1090173150438497,-0.005851181276219863,-0.05460671047419985,-0.0458592171560076,34.296759941089874,-0.01836765902209745,0.034836346329961,0.0213051677405058,0.02160415930543638,0.016730818578393647,1.1190480813309576,1.0592845467331502,-0.06527244485692574,-0.08335324494514895,-0.025664070098700753,0.00813590917876394,0.7766007687361244,0.08040987330271054,0.008544575902799778,0.07186529739991077,2023-07-11,1,2023-06-03/2023-06-09,2023,development
2023-06-16,300750.SZ,宁德时代,216.76,218.79,213.3,215.92,29639828.0,6849470340.0,000300.SH,沪深300,3932.211,3968.013,3928.542,3963.351,13976007600,,0.0009735292754160518,0.08989955075463119,0.01166658857705083,0.004793149983712608,0.05005154939988721,0.04891656809189171,0.03659097655684285,60.94793057409877,-0.005949336666604398,0.03386836394431802,0.0279415051634516,0.025426083734716474,-0.0038752537368518247,1.2915955358094358,1.3582512520750847,0.05688995892539661,2.4279595783882613e-05,0.004768870387928725,0.008488556982493123,1.0980490731875077,-0.02422193404964801,-0.027353620711362714,0.0031316866617147054,2023-07-18,1,2023-06-10/2023-06-16,2023,development
2023-06-21,300750.SZ,宁德时代,213.78,215.36,210.13,210.14,17118438.0,3897370633.0,000300.SH,沪深300,3909.104,3920.128,3864.032,3864.032,11834657500,,-0.013519857290395398,0.05396729862573979,0.08498554316398166,-0.0014730339748159071,-0.015922075489369858,0.020877612737894014,0.007092073954380496,51.76294073518378,0.0004582546740715872,0.03339610327808673,0.02787702588553907,0.024888169791567615,-0.017026850032743956,0.7383848379093726,0.7646890805521607,0.053965487043257765,-0.0027526089216816096,0.0012795749468657025,0.008094849154460463,1.0666412164931736,-0.014799657371276198,-0.010901048438522354,-0.0038986089327538442,2023-07-21,0,2023-06-17/2023-06-23,2023,development
2023-06-30,300750.SZ,宁德时代,209.28,214.88,205.87,213.76,21551522.0,4901528280.0,000300.SH,沪深300,3816.335,3860.031,3813.552,3842.452,10126842900,,0.028285549355397288,0.017226610830874733,0.07212358310763367,0.03445605884630276,0.017362168748096263,0.03444604678622931,0.022154002113548232,75.35928926051733,0.002958044769031939,0.028252646492728843,0.026638259172567857,0.04215007485029936,0.021406727828746197,0.9703407742236296,1.0014650876296411,0.022811450707977188,0.0228966267166677,0.011559432129635061,0.008731314974290572,1.0163879507533338,0.005520209580838431,0.039112004522112276,-0.033591794941273845,2023-07-28,0,2023-06-24/2023-06-30,2023,development
2023-07-07,300750.SZ,宁德时代,210.03,210.08,207.04,207.65,9808377.0,2186457551.0,000300.SH,沪深300,3831.596,3844.844,3819.077,3825.699,10090692000,,-0.011567022086824141,-0.028583458083832225,-0.01184924336156834,0.07212928541924835,-0.019834601514264638,-0.003237737280060604,-0.010432593216233021,33.81526104417672,0.0037183386978903716,0.0242200130714458,0.021211399980963615,0.014640019263183339,-0.01133171451697379,0.5470532243364987,0.5477309550826521,-0.02422348169375621,0.06253474367558942,0.009594541743658924,0.008595997880246384,1.1001216325792915,0.10464724295689853,0.05093971062543079,0.053707532331467744,2023-08-04,1,2023-07-01/2023-07-07,2023,development
2023-07-14,300750.SZ,宁德时代,215.03,215.76,211.67,213.28,13004091.0,2971007806.0,000300.SH,沪深300,3904.603,3908.487,3893.786,3899.103,12236484600,,-0.0074922053143468,0.027112930411750558,-0.002245508982035904,0.06971611997191296,-0.0015542198003857255,0.0047154923473353705,0.012594123586365802,54.64445868033314,0.006125655644110773,0.022070249705283485,0.022160195287590858,0.01917666916729184,-0.008138399293121878,0.7835224383900822,0.7877835243037927,0.007925848521617596,0.06063802135712648,0.009078098614786478,0.009186616565006443,1.1019130015513097,0.05795198799699919,-0.0038083118091520873,0.061760299806151275,2023-08-11,1,2023-07-08/2023-07-14,2023,development
2023-07-21,300750.SZ,宁德时代,206.34,208.33,205.32,207.03,8393526.0,1858027959.0,000300.SH,沪深300,3816.984,3849.511,3808.803,3821.91,7950756300,,0.0024209557933472237,-0.029304201050262546,-0.0029857934023597155,-0.014799657371276198,-0.004816566682048995,-0.018359237939896134,-0.01663171544400721,37.10482529118132,-0.0014450843915672852,0.021718729514701128,0.01336048140068861,0.014538955706902475,0.0033439953474847517,0.6519716079614082,0.6377669651079692,-0.009506570672198622,-0.0038986089327538442,-0.010901048438522354,0.007538426719634398,1.2714024884746926,0.06448340820170984,-0.009918077610409415,0.07440148581211925,2023-08-18,1,2023-07-15/2023-07-21,2023,development
2023-07-28,300750.SZ,宁德时代,212.07,215.83,210.27,214.94,18803095.0,4304001295.0,000300.SH,沪深300,3889.793,4000.919,3886.554,3992.738,17973548100,,0.013533267317395126,0.03820702313674351,0.007783195798949816,0.005520209580838431,0.018817841399251245,0.018110853486108303,0.020138730134371396,51.9770192632646,0.0018879859134291778,0.02366441133073683,0.014324215458110393,0.02586768400483857,0.013533267317395126,1.3864831640682247,1.401186449053371,-0.00649000007939704,-0.033591794941273845,0.039112004522112276,0.010418093347624788,1.1454022794861933,-0.007443937843119031,-0.07102544669848099,0.06358150885536196,2023-08-25,1,2023-07-22/2023-07-28,2023,development
2023-08-04,300750.SZ,宁德时代,228.91,233.54,225.27,229.38,31569675.0,7737835221.0,000300.SH,沪深300,4033.724,4058.243,4011.62,4020.579,17826718900,,0.026630264512375268,0.06718153903414903,0.10795536878713219,0.10464724295689853,0.0277526368141372,0.07211965412479548,0.08444927724656348,73.70304114490162,0.01573081422631126,0.025064459474608575,0.016351796008668557,0.03605371000087184,0.0020532086846358766,1.947475285894027,2.0693175633933922,0.060208629717284134,0.053707532331467744,0.05093971062543079,0.010004159957018586,1.2204679207935873,-0.037100008719155975,-0.05697885802020064,0.019878849301044665,2023-09-01,1,2023-07-29/2023-08-04,2023,development
2023-08-11,300750.SZ,宁德时代,232.6,232.6,225.64,225.64,17204064.0,4212036440.0,000300.SH,沪深300,3977.983,3977.983,3884.254,3884.254,12608293100,,-0.020277017932352148,-0.016304821693260085,0.049781334325858406,0.05795198799699919,-0.01717889748414536,0.03531657359951912,0.0641856838318986,79.42409840648585,0.022698039624478927,0.02506837693418086,0.015700272168071468,0.03084559475270346,-0.029922613929492692,1.049259334470039,1.0960723547150202,0.017601986256540192,0.061760299806151275,-0.0038083118091520873,0.011050193603938014,1.2622849808044607,-0.07689239496543165,-0.037139950168037394,-0.03975244479739426,2023-09-08,0,2023-08-05/2023-08-11,2023,development
2023-08-18,300750.SZ,宁德时代,219.83,223.41,219.02,220.38,16769998.0,3977909566.0,000300.SH,沪深300,3832.455,3844.195,3784.004,3784.004,9554963800,,0.00263876251137396,-0.023311469597589007,-0.03923620193565258,0.06448340820170984,0.009796464475215538,-0.0005238202140179782,0.03750549243613088,47.26818607555417,0.009496344007914872,0.02550140666122149,0.01659310060240986,0.019920137943551984,0.002501933312104798,0.9316944313353331,0.9360737451319301,0.002497862129944739,0.07440148581211925,-0.009918077610409415,0.01138699694457164,1.2790118441057576,-0.1192031944822578,-0.01988026439718349,-0.09932293008507431,2023-09-15,0,2023-08-12/2023-08-18,2023,development
2023-08-25,300750.SZ,宁德时代,212.96,214.86,210.98,213.34,11185129.0,2549494197.0,000300.SH,沪深300,3703.514,3734.219,3695.844,3709.152,10518261000,,-0.00266467205834231,-0.03194482257918141,-0.05451161141641547,-0.007443937843119031,-0.005926975192440231,-0.03643081036647611,0.0013384660756348143,21.156462585033964,-0.0014583822199205857,0.02570678594865337,0.015338485181237926,0.018186931658385787,0.001784372652141153,0.6676659254924162,0.6402060753371835,-0.012163659557155038,0.06358150885536196,-0.07102544669848099,0.00861102306778925,1.1860293458564184,-0.07626324177369459,0.008029058933146871,-0.08429230070684146,2023-09-22,0,2023-08-19/2023-08-25,2023,development
2023-09-01,300750.SZ,宁德时代,221.06,223.78,219.19,220.87,9101132.0,2157778481.0,000300.SH,沪深300,3778.913,3808.531,3778.913,3791.491,10531904500,,-0.0006334554997511344,0.03529577200712475,0.0022234322533805084,-0.037100008719155975,0.0021597684147480756,0.0007340014861263455,0.030525714152407124,56.06679035250466,0.0030420165416473527,0.026324470114935078,0.013904301496257048,0.020781455154615852,-0.0008594951596851974,0.5824963760191326,0.5828675155328373,0.013096897439568655,0.019878849301044665,-0.05697885802020064,0.009292842947560453,1.1165963424521055,-0.1729976909494273,-0.028158843051453886,-0.1448388478979734,2023-10-09,0,2023-08-26/2023-09-01,2023,development
2023-09-08,300750.SZ,宁德时代,210.22,212.27,206.01,208.29,16499443.0,3670618815.0,000300.SH,沪深300,3747.651,3753.263,3724.987,3739.993,7163816600,,-0.0157822614941171,-0.05695658079413235,-0.023671135277022692,-0.07689239496543165,-0.037690345949142556,-0.042010081683715006,-0.035167359946637555,35.968852949985006,-0.0035631635500330736,0.028624239556113405,0.015439230975117308,0.03005425128426722,-0.009180858148606252,1.0528062129863711,1.0033913305576987,-0.043374061410596965,-0.03975244479739426,-0.037139950168037394,0.009300631114168232,1.143435439723951,-0.17125162033703,-0.030319842844625522,-0.1409317774924045,2023-10-16,0,2023-09-02/2023-09-08,2023,development
2023-09-15,300750.SZ,宁德时代,198.07,199.94,193.03,194.11,33679992.0,7033151411.0,000300.SH,沪深300,3740.785,3749.025,3699.381,3708.777,10939568900,,-0.033364872267317325,-0.06807816025733338,-0.12115724181645304,-0.1192031944822578,-0.03703813946104684,-0.08978582230402199,-0.09667961933127023,22.424085128471305,-0.02419725960175774,0.026369437064403863,0.014661919761656561,0.03559837205708102,-0.019992931791790625,2.0769976449227685,1.9066166257019332,-0.05973162057129655,-0.09932293008507431,-0.01988026439718349,0.009063786995254534,0.9744112704889627,-0.14677244861161198,-0.0632372881950033,-0.08353516041660869,2023-10-23,0,2023-09-09/2023-09-15,2023,development
2023-09-22,300750.SZ,宁德时代,192.0,197.56,192.0,197.07,22509065.0,4696859644.0,000300.SH,沪深300,3672.64,3740.418,3664.766,3738.933,11023116600,,0.020295107429458836,0.015249085570037568,-0.05386720437851078,-0.07626324177369459,0.001616247865332987,-0.056144258055246365,-0.07812853278030296,20.76797003043781,-0.030498223792571548,0.024896882181095942,0.0170314626455253,0.02821332521439084,0.026406249999999964,1.2697028299258477,1.1911417414181584,0.007118103308229928,-0.08429230070684146,0.008029058933146871,0.00866823043478999,1.064662500413728,-0.10859085604100072,-0.04149873774148938,-0.06709211829951134,2023-10-30,0,2023-09-16/2023-09-22,2023,development
2023-09-28,300750.SZ,宁德时代,190.6,192.93,189.27,189.69,15809524.0,3223265861.0,000300.SH,沪深300,3711.212,3716.057,3685.3,3689.517,8522171900,,-0.003100693714525926,-0.017913538700491838,-0.05537572830038351,-0.14171304465861267,-0.015763148063592247,-0.06587020968552104,-0.10672884785335202,24.40836543753437,-0.03535579508990022,0.02527808529706364,0.014430218177460923,0.01929463862090778,-0.004774396642182599,0.9025648897612817,0.8528410370529064,-0.022562212812697657,-0.12159468920556116,-0.020118355453051517,0.008034821102923497,1.0998804813129968,-0.07675681374874799,-0.028562275224643163,-0.048194538524104824,2023-11-03,0,2023-09-23/2023-09-29,2023,development
2023-10-13,300750.SZ,宁德时代,181.12,182.03,177.14,178.08,28422238.0,5429864563.0,000300.SH,沪深300,3677.959,3678.191,3652.309,3663.41,9828798700,,-0.027257333260501393,-0.061205124149928736,-0.07802226249029243,-0.15853139914000847,-0.019080773806900653,-0.08069237162577225,-0.1510938263463777,27.76699029126209,-0.046951525266987794,0.028125401103837773,0.015447341781803474,0.02745956873315372,-0.016784452296819796,1.385325486301738,1.2824951127037034,-0.05412913019191201,-0.13323789579091072,-0.025293503349097746,0.007055290279975588,1.0926288615681592,-0.008254716981132115,-0.020997103791276395,0.01274238681014428,2023-11-10,1,2023-10-07/2023-10-13,2023,development
2023-10-20,300750.SZ,宁德时代,167.24,175.36,167.24,169.11,30026893.0,5478351217.0,000300.SH,沪深300,3518.346,3535.662,3501.725,3510.589,9851860500,,-0.009314586994727425,-0.0503706199460916,-0.10849280404871098,-0.15786066430954626,-0.01651642919453311,-0.08882489068969868,-0.181718547503244,7.789855072463737,-0.0576919966586223,0.030525355432220812,0.01676197395266569,0.048016084205546705,0.011181535517818642,1.3758449604014056,1.264609897146656,-0.00865511444711664,-0.09815301134616705,-0.05970765296337921,0.008407414677763302,1.1041032801008446,-0.0014783277156880104,0.01637332083020837,-0.01785164854589638,2023-11-17,0,2023-10-14/2023-10-20,2023,development
2023-10-27,300750.SZ,宁德时代,166.17,173.67,164.46,172.59,47795283.0,8729936698.0,000300.SH,沪深300,3501.171,3576.586,3494.549,3562.385,12022510800,,0.03738654805553887,0.020578321802377175,-0.030828840970350435,-0.1064457675381828,0.03492318578127418,-0.031736859526387606,-0.15027595476409683,34.05131453911943,-0.054100027325971106,0.030530654813637644,0.017799585627920642,0.05336346254128269,0.038635132695432395,1.9618820660174272,1.8917949721448906,0.005824102496158057,-0.07647663253411874,-0.029969135004064062,0.009335244756161747,1.1601424938812637,-0.05266817312706418,-0.0068426068490632375,-0.04582556627800094,2023-11-24,0,2023-10-21/2023-10-27,2023,development
2023-11-03,300750.SZ,宁德时代,173.78,176.29,172.47,175.13,14365450.0,2683301612.0,000300.SH,沪深300,3558.53,3596.101,3558.53,3584.136,9754210100,,0.010093436382512477,0.014716959267628393,0.03559813139376722,-0.07675681374874799,0.003253858228022155,0.008200661464375258,-0.12128180898303254,54.18472824274757,-0.033060983573742764,0.029394490623292108,0.017928982311409544,0.021812367955233218,0.0077684428587869725,0.5845794227676945,0.5880373841568785,0.00861121831037659,-0.048194538524104824,-0.028562275224643163,0.00852732985093612,1.2256521687791417,-0.11705590133044019,-0.028250881104958103,-0.08880502022548209,2023-12-01,0,2023-10-28/2023-11-03,2023,development
2023-11-10,300750.SZ,宁德时代,176.58,177.49,175.7,176.61,11609956.0,2189830819.0,000300.SH,沪深300,3596.069,3599.452,3576.101,3586.489,10210703400,,-0.012634874489852899,0.008450865071661262,0.02329219537632543,-0.008254716981132115,-0.016133165465221255,0.019711771634448816,-0.09461490417354113,64.55629139072849,-0.015094737635533456,0.028290745549111457,0.020420157029011052,0.010135326425457338,0.00016989466530747954,0.5011818839571371,0.5121160724417794,0.007794360965790226,0.01274238681014428,-0.020997103791276395,0.008547436712619183,1.3572781291696614,-0.13459034029783146,-0.0521476575001345,-0.08244268279769695,2023-12-08,0,2023-11-04/2023-11-10,2023,development
2023-11-17,300750.SZ,宁德时代,168.04,169.34,167.7,168.86,11084035.0,2000359414.0,000300.SH,沪深300,3561.311,3573.682,3547.029,3568.069,8731920700,,-0.002304283604135815,-0.04388199988675612,-0.035801975675212594,-0.0014783277156880104,-0.015496915775603637,-0.024426881124052557,-0.11630872500782807,40.14471780028947,-0.01949749437309113,0.025989407962640248,0.01969694098580105,0.009712187611038817,0.004879790526065353,0.5034839523638911,0.4925110555705012,-0.038746057743897167,-0.01785164854589638,0.01637332083020837,0.006768735440032412,1.3979190418706395,-0.14236645742034837,-0.06348447857930994,-0.07888197884103842,2023-12-15,0,2023-11-11/2023-11-17,2023,development
2023-11-24,300750.SZ,宁德时代,165.4,166.49,163.04,163.5,16621248.0,2918741661.0,000300.SH,沪深300,3560.646,3560.646,3533.996,3538.009,8501840300,,-0.01523820996205505,-0.031742271704370606,-0.07423135722779006,-0.05266817312706418,-0.01755777481342613,-0.05492422052924251,-0.12544240489966219,8.986083499005929,-0.025401375752286032,0.022887723896898228,0.017630209860835386,0.021100917431192766,-0.011487303506650615,0.9029712466322706,0.8527127473777872,-0.023317546734085592,-0.04582556627800094,-0.0068426068490632375,0.006152907725996959,1.6211135782301542,-0.1069113149847094,-0.05674971431672449,-0.05016160066798492,2023-12-22,0,2023-11-18/2023-11-24,2023,development
2023-12-01,300750.SZ,宁德时代,156.3,156.68,153.63,154.63,16962209.0,2816101715.0,000300.SH,沪深300,3494.223,3494.223,3452.173,3482.881,10853094100,,-0.008972633467922875,-0.054250764525993866,-0.0842709937226106,-0.11705590133044019,-0.017186367854373552,-0.08337532232727707,-0.1495536389494131,11.10283159463485,-0.03855069841059221,0.024182149093227162,0.017922090456349335,0.01972450365388354,-0.010684580934101184,0.9078251673261541,0.8335129071807098,-0.03866911959518671,-0.08880502022548209,-0.028250881104958103,0.006040509588690532,1.6443398211443618,-0.013516135290693954,-0.014864418279005198,0.0013482829883112446,2023-12-29,1,2023-11-25/2023-12-01,2023,development
2023-12-08,300750.SZ,宁德时代,154.16,155.4,152.4,152.84,24502047.0,4030383347.0,000300.SH,沪深300,3391.859,3409.385,3383.448,3399.462,12952205400,,-0.0054659031754294984,-0.011576020177197166,-0.0651987767584098,-0.13459034029783146,0.008033135033174599,-0.05493309589176609,-0.1326274849564253,24.543676662320735,-0.0428613291894631,0.026143118854450965,0.014081994079936194,0.01962836953677048,-0.00856253243383498,1.1885576519898957,1.1353374532867606,0.012375128311654437,-0.08244268279769695,-0.0521476575001345,0.0063127867147593515,1.6802274470912815,-0.08302800314053915,-0.03335998460932932,-0.049668018531209834,2024-01-08,0,2023-12-02/2023-12-08,2023,development
2023-12-15,300750.SZ,宁德时代,146.87,148.26,144.44,144.82,20204635.0,3158101585.0,000300.SH,沪深300,3365.939,3388.505,3339.519,3341.552,9778778300,,-0.010386770534372092,-0.05247317456163314,-0.06344176421134318,-0.14236645742034837,-0.031187701529281187,-0.07294433953205504,-0.15622205153054425,26.437520077096067,-0.04500708433186321,0.02886834888630221,0.01462650974400542,0.02637757215854159,-0.013957921971811893,0.9433210141304758,0.8846395763318347,-0.0354381260745491,-0.07888197884103842,-0.06348447857930994,0.006854713070528576,1.7125424335643604,-0.02133683192929159,-0.01814486202818333,-0.0031919699011082603,2024-01-15,0,2023-12-09/2023-12-15,2023,development
2023-12-22,300750.SZ,宁德时代,143.42,148.0,142.2,146.02,28032127.0,4359921762.0,000300.SH,沪深300,3329.467,3359.06,3315.898,3337.228,10522013300,,0.012270363951473184,0.008286148322055098,-0.04462182674692483,-0.1069113149847094,0.03486888731396176,-0.025783186386851176,-0.1258616715905042,43.28957942673456,-0.04662781323989651,0.032715674956463894,0.021268864100253023,0.03972058622106568,0.018128573420722605,1.110890475598048,1.081322080808078,0.009580157812256074,-0.05016160066798492,-0.05674971431672449,0.00725353722155204,1.7368788240476942,-0.004040542391453239,-0.03545637277405078,0.03141583038259754,2024-01-22,1,2023-12-16/2023-12-22,2023,development
2023-12-29,300750.SZ,宁德时代,153.21,154.16,151.36,152.54,22683782.0,3707101874.0,000300.SH,沪深300,3411.109,3432.541,3409.58,3431.11,11492893200,,0.0017073811400052374,0.04465141761402536,0.053307554205220375,-0.013516135290693954,0.02780061180212101,0.03308737627366565,-0.06618644845986676,47.52600862725195,-0.02522728298296839,0.02989379834797431,0.024064499704176786,0.018355841090861302,-0.004373082696952024,0.8992024413129,0.9308075802423351,0.016519686728392102,0.0013482829883112446,-0.014864418279005198,0.00930680710755452,1.870134221309489,-0.09951488134259856,-0.03705797832188418,-0.06245690302071438,2024-01-29,0,2023-12-23/2023-12-29,2023,development
2024-01-05,300750.SZ,宁德时代,141.07,144.57,139.67,140.99,21035318.0,3195235677.0,000300.SH,沪深300,3341.306,3372.544,3313.554,3329.111,12640057400,,-0.001982020244921112,-0.07413974257945888,-0.022599653379549278,-0.08257418011452367,-0.03019672582198385,-0.03503548720475813,-0.12299835576446583,45.36207314119643,-0.02784159848326558,0.03440973523958132,0.024658842439116653,0.03475423788921204,-0.0005670943503224279,0.8736445532831787,0.850735707130811,-0.04912055990770803,-0.06424158494844778,-0.018332595166075882,0.008933871580077805,1.9819766419217733,-0.03248457337399824,-0.04490177708102849,0.012417203707030255,2024-02-02,1,2023-12-30/2024-01-05,2024,development
2024-01-12,300750.SZ,宁德时代,143.88,146.99,142.2,144.47,25462228.0,3943737151.0,000300.SH,沪深300,3284.358,3310.47,3279.699,3284.167,9685355500,,-0.0012443829934324357,0.024682601602950438,-0.05128710270554249,-0.012778461117944562,0.018886820130896043,0.004760563478236612,-0.08621703847540496,47.580393381205106,-0.023502303885598708,0.03431755480623759,0.02480656146123665,0.03315567245794989,0.004100639421740437,1.0244927252313025,1.032207658822574,0.03818290243401312,0.007447591429159184,-0.020226052547103746,0.008580290925534842,2.051726507687857,0.03530144666712798,0.0364296334504306,-0.0011281867833026205,2024-02-19,0,2024-01-06/2024-01-12,2024,development
2024-01-19,300750.SZ,宁德时代,143.7,147.52,143.32,144.72,26594908.0,4136034233.0,000300.SH,沪深300,3261.239,3286.942,3251.814,3269.776,11850140800,,0.0018691588785046953,0.0017304630719181535,0.0264557770054612,0.0032582322357019855,0.005307177193031309,0.0011102694738152064,-0.07384040727471308,38.513513513513516,-0.015181452150795902,0.03621278527994948,0.022713625749775243,0.02902155887230526,0.007098121085595155,1.1310652205381093,1.1374869862654826,0.0061123961465761045,0.021599986792319337,-0.01834175455661735,0.009916914027466212,1.9975265155746278,0.00711719181868431,0.05614543626230062,-0.04902824444361631,2024-02-26,0,2024-01-13/2024-01-19,2024,development
2024-01-26,300750.SZ,宁德时代,142.48,144.33,140.15,140.15,27181270.0,4118576148.0,000300.SH,沪深300,3326.647,3351.969,3315.127,3333.821,18066400500,,-0.03224692721999711,-0.03157822001105581,-0.029902401882743734,-0.07965589703178355,-0.023481047937569888,-0.0244462697164175,-0.08823982252716622,50.0,-0.012341560893569649,0.040089699811426564,0.019481967138193158,0.029825187299322202,-0.016353172375070057,1.054399971427794,1.0384605174664152,-0.05116518865967279,-0.05601610953478542,-0.023639787496998133,0.010518930203343248,1.5778905042898974,0.09261505529789504,0.062105313992562916,0.030509741305332128,2024-03-04,1,2024-01-20/2024-01-26,2024,development
2024-02-02,300750.SZ,宁德时代,138.28,139.21,133.95,136.41,30706037.0,4494266568.0,000300.SH,沪深300,3219.873,3235.408,3108.352,3179.628,17375808900,,-0.020254255548373123,-0.02668569389939357,-0.05742122719734666,-0.03248457337399824,-0.0059463949980326225,-0.0368123934234077,-0.09190160769563627,44.03854773644106,-0.01947508634272472,0.041550158660341195,0.027012848489428094,0.0385602228575619,-0.013523286086201902,1.0659076355385355,1.028496679861749,0.019565439559781295,0.012417203707030255,-0.04490177708102849,0.011091415010670904,1.3667076795860733,0.23869217799281572,0.1288314230469727,0.10986075494584302,2024-03-11,1,2024-01-27/2024-02-02,2024,development
2024-02-08,300750.SZ,宁德时代,149.02,154.16,148.44,152.14,30901156.0,5016344779.0,000300.SH,沪深300,3351.405,3367.21,3336.978,3364.93,18997757800,,0.02025214592274671,0.09272426919485732,0.05054550476453534,0.05178015900449351,0.04554950794436197,0.06423982120435223,0.02474640658467253,57.640032948929154,2.949952839464683e-05,0.04119795676914121,0.029537129953623547,0.03759695017746812,0.020936787008455138,0.9721255793480648,1.0328242153633256,0.04697155865000102,0.030765325004022737,0.021014834000470772,0.01371142918557166,1.4037609327246876,0.11154200078874732,0.06094123800495099,0.05060076278379633,2024-03-15,1,2024-02-03/2024-02-09,2024,development
2024-02-23,300750.SZ,宁德时代,151.33,151.36,148.61,149.96,21017639.0,3368773226.0,000300.SH,沪深300,3491.337,3507.559,3472.968,3489.742,14482127300,,0.00093445467894826,-0.014328907585118844,0.07706672412554783,0.03814468674281768,0.002553851502226312,0.03868757987040672,0.02069616433507737,60.31545741324921,0.00922383914078858,0.03879605990168807,0.0278226492104757,0.01833822352627367,-0.009053062842793946,0.668241046042529,0.6957528943824453,-0.05142091247080749,-0.02751357078017147,0.06565825752298915,0.01268397110597806,1.3006407957432433,0.16204321152307277,0.01583498149719942,0.14620823002587335,2024-03-22,1,2024-02-17/2024-02-23,2024,development
2024-03-01,300750.SZ,宁德时代,152.79,154.68,151.73,153.74,28101336.0,4610970231.0,000300.SH,沪深300,3515.059,3544.36,3503.459,3537.804,16270957000,,0.0063494141519930825,0.02520672179247807,0.010516629420270984,0.06159370252727525,0.029849146593070808,0.05600087919937913,0.05348993380569289,73.24926214113225,0.011317241358968309,0.035268263673363213,0.02993037900432622,0.01918823988552112,0.006217684403429624,0.8676324904373615,0.9168236518994176,0.01143435695863082,0.003295849662757755,0.058297852864517496,0.01268514386700232,1.2970369873380136,0.15565240015610748,-9.045159087395227e-05,0.15574285174698144,2024-03-29,1,2024-02-24/2024-03-01,2024,development
2024-03-08,300750.SZ,宁德时代,148.68,150.24,146.36,147.62,20217023.0,3194520067.0,000300.SH,沪深300,3529.551,3548.506,3511.577,3544.91,12579266400,,-0.013433135066497348,-0.039807467152335185,-0.015604161109629255,0.06026000143647203,-0.025095760137366363,-0.008919190189897841,0.012148478611889724,46.31936579841454,0.010886012250631384,0.03126754020941799,0.020886211852738527,0.026283701395474836,-0.007129405434490144,0.6806602126536707,0.6786438737113959,-0.04181605779217845,-0.041426880946688005,0.10168688238316004,0.011179671067522646,1.298197852645031,0.24048231946890675,-0.003222366717349656,0.2437046861862564,2024-04-09,1,2024-03-02/2024-03-08,2024,development
2024-03-15,300750.SZ,宁德时代,171.57,171.82,165.23,169.11,35483644.0,6371462215.0,000300.SH,沪深300,3554.907,3572.809,3533.68,3569.993,13831604400,,-0.015313846512169493,0.14557648015174096,0.09997398204761287,0.11154200078874732,-0.012750008756874154,0.0882659562145256,0.1472097632564089,74.55845248107651,0.03730412153210926,0.03619368627351597,0.03660634041937553,0.03896871858553606,-0.014338171008917544,1.1015252538676192,1.1787677101469525,0.13850070107695478,0.05060076278379633,0.06094123800495099,0.008510233882004338,1.5207469452082831,0.08923186091892843,-0.016492469312965108,0.10572433023189354,2024-04-16,1,2024-03-09/2024-03-15,2024,development
2024-03-22,300750.SZ,宁德时代,176.67,177.43,172.84,174.26,19103367.0,3563063417.0,000300.SH,沪深300,3571.274,3575.717,3522.84,3545.002,13922735800,,-0.013585418317672349,0.030453550943172925,0.1804633518493428,0.16204321152307277,-0.011369309671855787,0.07524426852106103,0.15921911587312843,69.18467405120755,0.04431028040232402,0.03741125739863258,0.038245494302294195,0.026339951796166668,-0.013641252051848074,0.577686627234105,0.620533692541521,0.03745384478128411,0.14620823002587335,0.01583498149719942,0.008568134280612903,1.554825961338746,0.018305979570756303,-0.01093849876530395,0.029244478336060253,2024-04-23,1,2024-03-16/2024-03-22,2024,development
2024-03-29,300750.SZ,宁德时代,177.8,182.19,176.94,177.67,16464806.0,3154024729.0,000300.SH,沪深300,3516.883,3538.238,3516.883,3537.484,12864329000,,0.007313754393922123,0.019568460920463604,0.050617940985157484,0.15565240015610748,0.007702255093243737,0.052407113980660114,0.16205704219517836,60.73543928923989,0.03892936956572041,0.030783394575818745,0.03781091273746159,0.029549164180784602,-0.0007311586051744756,0.555571887165742,0.5897163819742707,0.021689193151362196,0.15574285174698144,-9.045159087395227e-05,0.006606440078979156,1.5523201439908147,0.09151798277705869,0.018914573182521766,0.07260340959453693,2024-04-30,1,2024-03-23/2024-03-29,2024,development
2024-04-03,300750.SZ,宁德时代,185.87,185.88,181.82,184.67,23489041.0,4635543376.0,000300.SH,沪深300,3578.684,3582.432,3558.874,3567.803,13559233100,,-0.010236895701575821,0.05135212069456285,0.043156527142292234,0.20786186146902996,0.014514250554859442,0.06355591774676106,0.19420583512065792,64.43402545210984,0.04160084666718109,0.031070867725440755,0.03845645620602703,0.02198516272269455,-0.00645612524882988,0.7899727945164838,0.8438696108575626,0.03279090072886115,0.2031435360619951,0.0047183254070348735,0.007479204586971361,1.4716212262323218,0.05339253804082977,0.017495360590256803,0.03589717745057297,2024-05-08,1,2024-03-30/2024-04-05,2024,development
2024-04-12,300750.SZ,宁德时代,178.45,179.37,175.66,176.01,16625645.0,3153751599.0,000300.SH,沪深300,3505.75,3516.699,3470.061,3475.839,12892111600,,-0.021894970825229176,-0.04689446038880163,0.002049530315969106,0.017281239163102313,-0.023230260383138357,-0.011401932150078675,0.11488465927745639,49.148991882691796,0.031176791417060114,0.02895533532997316,0.021587697220514065,0.02107834782114657,-0.013673297842532905,0.7128859744830124,0.7099007333741761,-0.021118373536472612,0.04430034501494651,-0.027019105851844194,0.007156234927677855,1.5032282178129346,0.07618885290608479,0.04321747929061148,0.03297137361547331,2024-05-15,1,2024-04-06/2024-04-12,2024,development
2024-04-19,300750.SZ,宁德时代,180.38,181.69,177.06,178.27,18491472.0,3533488436.0,000300.SH,沪深300,3550.609,3560.949,3529.324,3541.662,14728150500,,-0.024300804553664235,0.012840179535253737,-0.034656414144148884,0.007004462520476817,-0.023167377176736115,-0.010172013636716937,0.10650993471341041,52.520672179247825,0.024591157728915524,0.02989846861502218,0.02028989937314478,0.025971840466707776,-0.011697527442066646,0.876497584765927,0.8670798158682603,-0.006097118768839227,0.019198972229897082,-0.012194509709420265,0.009476673902679738,1.451225231543374,0.100129017782016,0.04031694724115398,0.05981207054086202,2024-05-22,1,2024-04-13/2024-04-19,2024,development
2024-04-26,300750.SZ,宁德时代,179.4,185.82,179.4,185.44,22488071.0,4413524313.0,000300.SH,沪深300,3531.965,3588.4,3531.965,3584.269,19721613300,,0.02731150628774026,0.04021989117630542,0.05357650133515146,0.05573583831483053,0.031804322182902744,0.0238996419332842,0.13020450826291396,55.66332916145182,0.016153179852895227,0.027629267841735486,0.01875881272724327,0.03462036238136318,0.0336677814938684,1.1327667556291425,1.144702521496673,0.028189663560005407,0.03247379012291929,0.023262048191911244,0.009485781031334682,1.5405040111507928,0.026100086281277024,0.008161496807298718,0.017938589473978306,2024-05-29,1,2024-04-20/2024-04-26,2024,development
2024-04-30,300750.SZ,宁德时代,196.95,196.95,193.36,193.93,21433024.0,4377316692.0,000300.SH,沪深300,3619.259,3630.709,3604.394,3604.394,19129689900,,-0.009853977330746444,0.09287123133276998,0.0528230184581977,0.09151798277705869,0.039415573278449356,0.060314874096835114,0.1698786265252119,67.3254941205904,0.02362666641817893,0.03041229898858938,0.02248746509272194,0.018511834166967334,-0.015333841076415222,1.0066201840642373,1.0464170999258016,0.06487274293000067,0.07260340959453693,0.018914573182521766,0.009790348280907182,1.7389585884396561,-0.023874593925643284,-0.006788658509585654,-0.01708593541605763,2024-05-31,0,2024-04-27/2024-05-03,2024,development
2024-05-10,300750.SZ,宁德时代,200.44,200.44,194.31,194.79,22801132.0,4675581900.0,000300.SH,沪深300,3669.087,3674.609,3641.764,3666.277,15072053600,,-0.028187986429854317,0.0044345898004434225,0.09771766694843631,0.06372870249017026,-0.012130924729437775,0.0464563439300536,0.14110249751030035,62.693060691755456,0.03165556516291852,0.030890409451937224,0.02316705441170431,0.031469787976795505,-0.028187986429854317,1.0996208075978675,1.1352129854021002,-0.012734176988093093,0.02614826141312654,0.037580441077043725,0.00963044580828024,1.8456324428532607,-0.05061861491863029,-0.02513803512391455,-0.02548057979471574,2024-06-07,0,2024-05-04/2024-05-10,2024,development
2024-05-17,300750.SZ,宁德时代,191.15,194.31,190.08,194.31,18496201.0,3727316446.0,000300.SH,沪深300,3638.561,3677.97,3627.447,3677.97,16457041700,,0.01663789044106112,-0.002464192206992122,0.001959469911823941,0.054885993485342066,0.016085005804407304,0.029568774356949934,0.11343821538161802,67.08457711442786,0.02169949499125883,0.030823352963232502,0.020709374773657436,0.02176933765632232,0.016531519748888224,0.9671342707784488,0.9730992467529841,-0.005653531146739388,0.007364052449517322,0.047521941035824744,0.008049020452584627,1.9947994462036973,-0.07287324378570326,-0.038545991402866187,-0.03432725238283707,2024-06-17,0,2024-05-11/2024-05-17,2024,development
2024-05-24,300750.SZ,宁德时代,194.12,196.09,192.2,192.38,15510693.0,3136303497.0,000300.SH,沪深300,3630.827,3650.873,3599.668,3601.475,12479117700,,-0.016462167689161533,-0.009932581956667241,-0.012372298372606338,0.0841363764440688,-0.010156724327772926,0.00022616612031511885,0.07930197135213857,41.70040485829959,0.018296963386572048,0.024170911737186808,0.02045935299861919,0.02022039713067894,-0.008963527714815678,0.8010731649022019,0.7991214323890551,0.010865575722704746,0.05697040734624981,0.027165969097818987,0.00805784968684785,2.1185900787493837,-0.06965381016737715,-0.03461498413844322,-0.035038826028933934,2024-06-24,0,2024-05-18/2024-05-24,2024,development
2024-05-31,300750.SZ,宁德时代,190.82,193.59,189.3,189.3,13808627.0,2760668471.0,000300.SH,沪深300,3599.82,3614.644,3579.925,3579.925,11246201900,,-0.007965622052195642,-0.016009980247426836,-0.025783541763161888,-0.023874593925643284,-0.004930665797579836,-0.02044998240639162,0.042069974108809305,46.46511627906981,0.008727253173802348,0.02079843030714663,0.014804923228445413,0.022662440570522937,-0.007965622052195642,0.8198089161344765,0.8081693576212583,-0.010026320774571995,-0.01708593541605763,-0.006788658509585654,0.007427306390198355,2.1524272906063806,-0.10966719492868471,-0.028420148466797523,-0.08124704646188718,2024-07-01,0,2024-05-25/2024-05-31,2024,development
2024-06-07,300750.SZ,宁德时代,190.35,193.79,179.56,184.93,51686760.0,10008885041.0,000300.SH,沪深300,3594.634,3603.07,3552.085,3574.114,13110302600,,-0.056623986124572756,-0.02308505018489171,-0.038725439234847614,-0.05061861491863029,-0.04412144769623594,-0.03844054013300546,-0.001250259908242124,36.43903787669338,0.0071934781219552355,0.027539377834083955,0.017379301771529285,0.07694803439139128,-0.028473863934856736,2.938847909809274,2.837889264863639,-0.021461831821378508,-0.02548057979471574,-0.02513803512391455,0.006359972604612535,2.261166474401472,-0.08949332179743696,-0.04822286026690803,-0.041270461530528935,2024-07-08,0,2024-06-01/2024-06-07,2024,development
2024-06-14,300750.SZ,宁德时代,178.14,178.6,170.94,176.98,37184949.0,6764196086.0,000300.SH,沪深300,3514.8,3547.147,3503.523,3541.533,17151694200,,-0.001579600586708807,-0.09717900321379391,-0.07252908500157218,-0.07403338042170249,-0.014060968000713103,-0.0678370057858575,-0.046351478052828465,28.23629169022044,-0.012585387822857117,0.032529906526968355,0.017576018975502535,0.04328172674878516,-0.006511732345346299,1.8047002189475403,1.6728339764056088,-0.08306192600998408,-0.04688605786368005,-0.027147322558022435,0.00645896682673279,1.8587584135551134,-0.027517233585715783,-0.01952036025077275,-0.007996873334943033,2024-07-12,0,2024-06-08/2024-06-14,2024,development
2024-06-21,300750.SZ,宁德时代,180.25,180.87,174.57,177.24,18467717.0,3416688220.0,000300.SH,沪深300,3496.343,3505.512,3473.828,3495.62,10918661500,,-0.015059738816337709,0.0014690925528308973,-0.09585267561087585,-0.09386503067484653,-0.015825420623021835,-0.048104964097165914,-0.04702846082156431,34.734177215189874,-0.01641025210671805,0.034634232840055436,0.017458849207224816,0.035545023696682526,-0.01669902912621357,0.9191229234140958,0.8823269484100825,0.014433252423711629,-0.05372764776006167,-0.04013738291478486,0.005434328934505026,1.7430563992090247,0.023076055066576506,0.012414392868790092,0.010661662197786415,2024-07-19,1,2024-06-15/2024-06-21,2024,development
2024-06-28,300750.SZ,宁德时代,175.93,177.54,172.14,172.33,19420506.0,3539244333.0,000300.SH,沪深300,3443.674,3484.678,3443.674,3461.657,13540915300,,-0.02682403433476399,-0.02770255021439849,-0.026274155271782007,-0.09689759983230262,-0.025624498196333945,-0.056754552570074224,-0.07393939828182883,26.226415094339615,-0.020299650760833777,0.027986172708507742,0.018016697817793394,0.03133522892125576,-0.0204626840220542,0.9562621260584716,0.9170176946238183,-0.01798667720760716,-0.05999067578119077,-0.036906924051111845,0.004810159784301384,1.6035152052043966,0.05176115592177788,-0.015126859766868894,0.06688801568864677,2024-07-26,1,2024-06-22/2024-06-28,2024,development
2024-07-05,300750.SZ,宁德时代,173.25,174.68,168.95,170.02,13524707.0,2414693954.0,000300.SH,沪深300,3443.359,3451.039,3399.669,3431.061,11660965900,,-0.010994124832761298,-0.013404514594092753,-0.040735725569848835,-0.13268377289190425,-0.0008579857315796913,-0.03756180815202459,-0.08102347528649323,29.267294310274224,-0.02618905670010549,0.026748953904582637,0.01723961105809652,0.03370191742147993,-0.018643578643578573,0.6522335200811993,0.6291146438485582,-0.004565972820601005,-0.08781378212011681,-0.04486999077178744,0.004406937512989838,1.4641098253671518,-0.002999647100341285,-0.013601914976154705,0.01060226787581342,2024-08-02,1,2024-06-29/2024-07-05,2024,development
2024-07-12,300750.SZ,宁德时代,170.24,173.99,169.43,172.11,19550460.0,3523525354.0,000300.SH,沪深300,3459.956,3479.096,3457.363,3472.401,13087458900,,0.015757790368271962,0.01229267145041768,-0.0012766204375326273,-0.027517233585715783,0.019826503282690533,-0.010694341856808953,-0.06471106087447964,37.06214689265543,-0.024398746460170744,0.028117400001660065,0.013891982639569929,0.026494683632560582,0.010984492481203034,1.1967257069594068,1.1883373498059522,0.00024392034981080002,-0.007996873334943033,-0.01952036025077275,0.005839373416517437,1.2744862923985396,-0.05450002905118834,-0.0405408246340212,-0.013959204417167137,2024-08-09,0,2024-07-06/2024-07-12,2024,development
2024-07-19,300750.SZ,宁德时代,178.38,181.96,178.23,181.33,20847631.0,3929663335.0,000300.SH,沪深300,3500.805,3545.338,3493.073,3539.016,13244797500,,0.005768484108935823,0.05357039102899308,0.06652158569580058,0.023076055066576506,0.033926331394685816,0.049405936583079235,-0.01196919612045455,72.39929947460593,-0.0077787528173246774,0.02732193081280381,0.015992072870176514,0.02057023107042419,0.016537728444893096,1.221242132549575,1.2745476816133279,0.03438625878159418,0.010661662197786415,0.012414392868790092,0.005934175175328889,1.5220600929031354,-0.08349418187834345,-0.05464287248206845,-0.028851309396275004,2024-08-16,0,2024-07-13/2024-07-19,2024,development
2024-07-26,300750.SZ,宁德时代,181.87,185.03,180.0,181.25,23347718.0,4436931315.0,000300.SH,沪深300,3403.708,3420.82,3388.66,3409.293,12419555800,,0.008625486922648973,-0.00044118458059894117,0.05310557201789545,0.05176115592177788,0.008131799675172857,0.04452109068171928,-0.010836682087002614,73.0397422126745,0.002537401854816882,0.02763349753694584,0.015108132798398267,0.02775172413793104,-0.003409028426898386,1.3194731706335108,1.3801617495569711,0.03621391955004072,0.06688801568864677,-0.015126859766868894,0.0075604173965497685,1.1543149609910235,-0.03988965517241372,-0.024081825762702236,-0.015807829409711482,2024-08-23,0,2024-07-20/2024-07-26,2024,development
2024-08-02,300750.SZ,宁德时代,171.34,172.3,169.18,169.51,15493685.0,2753866402.0,000300.SH,沪深300,3393.917,3419.102,3380.965,3384.392,11661525500,,-0.01778885154710874,-0.0647724137931035,-0.06518502178348873,-0.002999647100341285,-0.030307537412475383,-0.02962475312705737,-0.06547105474252357,48.466067555004635,-0.00353139173943615,0.030078292894645937,0.017113165361514533,0.01840599374668164,-0.010680518267771721,0.8526849815060897,0.8283391251477836,-0.05746855343261226,0.01060226787581342,-0.013601914976154705,0.009445913618021622,0.9691110704215727,0.04094153737242645,-0.018603045982853117,0.05954458335527957,2024-08-30,1,2024-07-27/2024-08-02,2024,development
2024-08-09,300750.SZ,宁德时代,166.17,167.39,162.73,162.73,15412989.0,2646422840.0,000300.SH,沪深300,3358.128,3366.669,3331.627,3331.627,9151162600,,-0.01387710580535706,-0.039997640257211975,-0.10217931034482763,-0.05450002905118834,-0.020737049874831492,-0.06497431595398717,-0.09236095101400343,16.808813077469836,-0.01807851977946759,0.027894584368498232,0.01580597494944166,0.02863639156885637,-0.020701691039297088,0.8659789623146987,0.8142627864383585,-0.02440695218088984,-0.013959204417167137,-0.0405408246340212,0.00870552915239697,0.9399836118947373,0.0937749646653967,-0.03009970804054596,0.12387467270594266,2024-09-06,1,2024-08-03/2024-08-09,2024,development
2024-08-16,300750.SZ,宁德时代,165.98,168.47,165.48,166.19,11150641.0,1941327489.0,000300.SH,沪深300,3342.035,3356.907,3335.624,3345.634,9651908300,,0.0012652126762260352,0.021262213482455605,-0.0195858651406996,-0.08349418187834345,0.0070656389373666695,-0.030673844700173314,-0.06008042395072766,29.68871595330738,-0.018702814782343695,0.024137604978810838,0.013663927516820691,0.01799145556290998,0.0012652126762260352,0.6751434132577866,0.6529788691413355,0.017057961325776638,-0.028851309396275004,-0.05464287248206845,0.008691175466888391,0.9524486665751525,0.0569227992057284,-0.0557105170499822,0.1126333162557106,2024-09-13,1,2024-08-10/2024-08-16,2024,development
2024-08-23,300750.SZ,宁德时代,169.43,174.71,169.43,174.02,18415176.0,3332172741.0,000300.SH,沪深300,3305.931,3336.241,3305.64,3327.191,8952577400,,0.0167689161554192,0.04711474817979422,0.06937872549622082,-0.03988965517241372,0.02701809468726757,0.030542601228810362,-0.005762865511554138,58.8371197535618,-0.0077954271832406255,0.02308026991971368,0.015577495218051386,0.030341340075853356,0.027090833972732042,1.1700622009986328,1.1961281151000944,0.052627305739886054,-0.015807829409711482,-0.024081825762702236,0.007533306665312606,1.0120495274757475,0.08648431214802876,0.007429089583375292,0.07905522256465347,2024-09-24,1,2024-08-17/2024-08-23,2024,development
2024-08-30,300750.SZ,宁德时代,173.06,178.0,173.06,176.45,25429171.0,4689604094.0,000300.SH,沪深300,3273.753,3351.625,3273.65,3321.432,18869544300,,0.01958858199468394,0.013963912194000505,0.06173656658041993,0.04094153737242645,0.006893324659613453,0.044262033129945255,0.017371324677620814,77.47005988023949,0.0036515466232802554,0.021588471035906588,0.012949694355387259,0.02799659960328704,0.01958858199468394,1.7018816226447717,1.7751068773629874,0.015694801704100758,0.05954458335527957,-0.018603045982853117,0.005883667529014679,0.9717947414676389,0.6219892320770757,0.2814039245722928,0.3405853075047829,2024-10-08,1,2024-08-24/2024-08-30,2024,development
2024-09-06,300750.SZ,宁德时代,178.16,180.43,177.47,177.99,7525486.0,1404159125.0,000300.SH,沪深300,3261.154,3274.814,3231.069,3231.346,8840041700,,-0.00458587327330684,0.008727684896571386,0.022813469716124635,0.0937749646653967,0.003224024619824517,0.036141842980763395,0.0272802477923777,68.15847395451215,0.010071283915734036,0.02206383986259263,0.013388631440025672,0.016630147761110218,-0.000954198473282375,0.5217265199820346,0.5425721037701515,0.035850323565675524,0.12387467270594266,-0.03009970804054596,0.006791667767691577,0.8967287959229251,0.2972638912298444,0.193309227795476,0.10395466343436843,2024-10-15,1,2024-08-31/2024-09-06,2024,development
2024-09-13,300750.SZ,宁德时代,180.8,180.8,175.65,175.65,17287288.0,3202147524.0,000300.SH,沪深300,3174.034,3188.915,3159.247,3159.247,8833667700,,-0.030896551724137855,-0.01314680600033713,-0.004533862283933043,0.0569227992057284,-0.008881415609623855,0.004681650617880617,0.015174151637485034,49.41622883829538,0.009777744029859255,0.025049814972957593,0.0166106528868827,0.02931966979789357,-0.02848451327433632,1.1366668887317455,1.1499742200272216,0.009165567852540302,0.1126333162557106,-0.0557105170499822,0.006413361592684806,0.8365515104111787,0.365385710219186,0.25275928092991773,0.11262642928926825,2024-10-22,1,2024-09-07/2024-09-13,2024,development
2024-09-20,300750.SZ,宁德时代,178.9,179.86,175.82,177.66,15502703.0,2874252972.0,000300.SH,沪深300,3192.432,3207.988,3173.224,3201.05,11806409800,,-0.006931246506428179,-0.005151752715869762,-0.00826169476387173,0.06664265129682989,-0.004013992913844966,0.006694866513484721,0.026783091156908245,56.4317673378076,0.00950772331926248,0.026213795210755706,0.01672679194422816,0.022740065293256898,-0.006931246506428179,0.9899400041314808,0.9957169472156093,-0.00983454971410902,0.10294555634208624,-0.03630290504525635,0.006806793278642831,0.8750973810009123,0.3947990543735225,0.23597600787241668,0.1588230465011058,2024-10-25,1,2024-09-14/2024-09-20,2024,development
2024-09-27,300750.SZ,宁德时代,202.93,221.77,202.61,217.1,70181326.0,15567947397.0,000300.SH,沪深300,3617.92,3708.495,3596.583,3703.685,26548777400,,0.10359902399349319,0.22199707306090288,0.21570164632097644,0.24057142857142844,0.11054273875901566,0.19444864723601496,0.2404899106630134,80.5002389676597,0.031386410899641545,0.03216095281963546,0.029151289613599227,0.08825426070935051,0.06982703395259438,3.2020029651182607,3.6372420824219747,0.06497515837665868,0.11363106412248336,0.12694036444894508,0.017760559873054662,1.1596028993603695,0.08549055734684474,0.05031070406905558,0.035179853277789164,2024-11-01,1,2024-09-21/2024-09-27,2024,development
2024-09-30,300750.SZ,宁德时代,223.05,244.09,222.07,241.11,91361145.0,22246725636.0,000300.SH,沪深300,3846.652,4038.697,3796.505,4017.855,51021770700,,0.11059419622293887,0.33838467943380524,0.33026206896551735,0.39321622558650193,0.1609576178965919,0.30217109526895647,0.3686613578760043,86.71475104699859,0.04336825222038876,0.03607719061246498,0.03611545506324431,0.09132760980465351,0.08096839273705458,3.5545639050036804,4.237077580591405,0.08779328834501077,0.16739376147239193,0.22582246411411,0.02484067437613356,1.2110255634579001,-0.002737339803409289,-0.018192045257979683,0.015454705454570394,2024-11-04,1,2024-09-28/2024-10-04,2024,development
2024-10-11,300750.SZ,宁德时代,244.57,244.57,227.75,231.44,47640230.0,11668275358.0,000300.SH,沪深300,3969.758,3978.239,3847.123,3887.167,27409650500,,-0.06284418529316493,0.0660525103638876,0.30271304739389837,0.29195042983141684,-0.07409185469675161,0.15571202077325452,0.2732469061431524,64.00937866354045,0.08100932074774883,0.06938854871364379,0.06713873685618457,0.07267542343587968,-0.0536860612503578,1.1974627851684376,1.2463241821245334,0.01651212018491721,0.09669526903852965,0.19525516079288718,0.03323689603670025,1.6926186289142326,0.06498444521258206,0.05579384677838628,0.009190598434195785,2024-11-08,1,2024-10-05/2024-10-11,2024,development
2024-10-18,300750.SZ,宁德时代,220.16,247.8,219.77,239.2,68013787.0,16734812130.0,000300.SH,沪深300,3780.314,3998.214,3765.162,3925.234,31295883400,,0.0794710952660318,0.033529208434151414,0.10179640718562877,0.33945570612610587,0.03589246119733924,0.11940735055654494,0.2809687951288913,64.11396338257086,0.06197711007140984,0.07947623029144772,0.0697933550536236,0.11718227424749166,0.08648255813953476,1.4579039156063094,1.4887801299005081,0.023736215233704838,0.10748023745408064,0.23197546867202523,0.03454389365839107,1.706407707658242,0.06270903010033435,0.011106853756998936,0.051602176343335415,2024-11-15,1,2024-10-12/2024-10-18,2024,development
2024-10-25,300750.SZ,宁德时代,241.54,253.66,235.76,247.8,57898551.0,14887536978.0,000300.SH,沪深300,3931.321,3992.892,3921.94,3956.421,21069488500,,0.051648771378856706,0.035953177257525226,0.070687867265814,0.3947990543735225,0.028719455999203003,0.08062849143739315,0.2918787503844875,51.960611921927196,0.05493179558096429,0.06864695030554596,0.06986731281701375,0.0722356739305892,0.025917032375589955,1.1025793403028636,1.1453330469268252,0.028007918452572556,0.1588230465011058,0.23597600787241668,0.03457496583170155,1.725272638575462,0.0008474576271184642,-0.022930320104963542,0.023777777732082006,2024-11-22,1,2024-10-19/2024-10-25,2024,development
2024-11-01,300750.SZ,宁德时代,235.98,239.13,234.69,235.66,25915829.0,6418140473.0,000300.SH,沪深300,3882.458,3933.22,3879.959,3890.02,30798648100,,0.0008919091102144172,-0.048991121872477894,-0.014799331103678925,0.08549055734684474,-0.0138180966011332,-0.018815133712772547,0.19718256195849038,47.59251321617374,0.041990418677437275,0.040488112413768026,0.06712878132299285,0.018840702707290154,-0.0013560471226374826,0.5264981394310417,0.5091960208788873,-0.03220802421932123,0.035179853277789164,0.05031070406905558,0.031911626260302056,1.75321371587574,0.06110498175337353,0.0068284995964031925,0.05427648215697034,2024-11-29,1,2024-10-26/2024-11-01,2024,development
2024-11-08,300750.SZ,宁德时代,258.12,260.36,246.1,246.48,40294127.0,10612727375.0,000300.SH,沪深300,4192.079,4200.908,4094.163,4104.047,33235038500,,-0.020155038759690047,0.04591360434524305,-0.0053268765133173135,0.06498444521258206,-0.001458434613514914,0.029578235498059824,0.2122255365086545,53.196641911527266,0.03799304248670206,0.037667501275096216,0.029567971887258862,0.057854592664719325,-0.045095304509530476,1.1037658529220065,1.154446426037988,-0.009105907122564094,0.009190598434195785,0.05579384677838628,0.0156843183709646,1.7227886601597182,0.03513469652710155,-0.03189680819932117,0.06703150472642272,2024-12-06,1,2024-11-02/2024-11-08,2024,development
2024-11-15,300750.SZ,宁德时代,257.97,263.23,254.2,254.2,35198317.0,9488134618.0,000300.SH,沪深300,4025.648,4049.071,3968.831,3968.831,24739946300,,-0.03430460053945228,0.031320999675430006,0.07867266400746842,0.06270903010033435,-0.025867024334163657,0.02953118260408205,0.20248254460822324,55.61423362253236,0.04243722985507251,0.044669551534225034,0.024989528837885005,0.0355232100708105,-0.0146141024150096,0.9025007697263795,0.9311749971382731,0.06426799077957657,0.051602176343335415,0.011106853756998936,0.012750359474226798,1.707698542368035,0.0055074744295831035,-0.008982493837606076,0.01448996826718918,2024-12-13,1,2024-11-09/2024-11-15,2024,development
2024-11-22,300750.SZ,宁德时代,256.46,257.49,247.8,248.01,22555101.0,5937579845.0,000300.SH,沪深300,3984.244,3990.265,3865.699,3865.699,21628580900,,-0.03415375029207879,-0.02435090479937052,0.006207400194741863,0.0008474576271184642,-0.02341350470160186,-0.00866186739788255,0.13424999599827125,54.53454894433781,0.030033709684896062,0.0489352387864545,0.023728380092024496,0.039071005201403164,-0.03294860797005372,0.6322872620303774,0.6302403384414749,0.0016345805992267204,0.023777777732082006,-0.022930320104963542,0.014286407394056807,1.6960243227972642,0.01395105036087263,0.016050137374896467,-0.002099087014023837,2024-12-20,0,2024-11-16/2024-11-22,2024,development
2024-11-29,300750.SZ,宁德时代,240.48,256.52,240.48,250.06,31366272.0,8192074188.0,000300.SH,沪深300,3869.89,3962.7,3869.89,3916.583,18765671300,,0.0256767842493848,0.008265795734043069,-0.01628638867033827,0.06110498175337353,0.00735596251923587,-0.009643755321887437,0.11231459384681775,45.97500335976347,0.014938117022588158,0.04224986003359196,0.025295165059358745,0.06414460529472923,0.03983699268130403,0.8773542804685708,0.8621804003558216,-0.004897153579910274,0.05427648215697034,0.0068284995964031925,0.01495257783027425,1.6981626460091555,0.0029192993681514956,0.01645516002086511,-0.013535860652713616,2024-12-27,0,2024-11-23/2024-11-29,2024,development
2024-12-06,300750.SZ,宁德时代,245.04,258.35,244.09,255.14,33038136.0,8719647874.0,000300.SH,沪深300,3923.895,3995.117,3923.895,3973.141,19205790700,,0.0412177603656545,0.02031512437015115,0.028748840772549578,0.03513469652710155,0.020829498987732675,0.007389391100748766,0.10462171230652673,52.9302482688735,0.009842624066888954,0.0319880401796213,0.02388627159015143,0.05589088343654472,0.0412177603656545,1.054882410206917,1.0431679247004484,0.005874475467778861,0.06703150472642272,-0.03189680819932117,0.011698696108561068,1.7189647716694334,-0.03676412949753072,-0.0513878062721661,0.014623676774635386,2025-01-06,1,2024-11-30/2024-12-06,2024,development
2024-12-13,300750.SZ,宁德时代,258.33,260.36,254.62,255.6,28316441.0,7596460115.0,000300.SH,沪深300,4000.985,4000.985,3931.739,3933.181,23035307900,,-0.02442748091603053,0.00180293172375956,0.022154682876109666,0.0055074744295831035,-0.008410663852766787,0.012385482804101677,0.07535627838096337,52.405498281786926,0.014013018395993216,0.03325229152693944,0.020003357228340155,0.02245696400625982,-0.01056787829520378,1.1450091676236684,1.1625831158235567,0.011860465549012655,0.01448996826718918,-0.008982493837606076,0.011594055204734284,1.7228289987446392,-0.07535211267605635,-0.053561735399413335,-0.021790377276643014,2025-01-13,0,2024-12-07/2024-12-13,2024,development
2024-12-20,300750.SZ,宁德时代,258.24,259.21,249.18,251.47,27740098.0,7313368051.0,000300.SH,沪深300,3937.472,3958.634,3923.256,3927.744,15498649600,,-0.02621592317224286,-0.016158059467918595,-0.01438425962216816,0.01395105036087263,-0.023311272682078,-0.007428400012630454,0.029433437039462884,50.47152018106375,0.011802896446808701,0.031125553175897182,0.01949609565346655,0.039885473416311976,-0.02621592317224286,1.190632860827659,1.1846523783420397,-0.0147757177958725,-0.002099087014023837,0.016050137374896467,0.009158052315917967,1.7246566881279508,0.01069710104585031,-0.02496802235583584,0.03566512340168615,2025-01-20,1,2024-12-14/2024-12-20,2024,development
2024-12-27,300750.SZ,宁德时代,249.42,252.15,244.09,250.79,24351918.0,6338085457.0,000300.SH,沪深300,3987.019,4007.131,3970.937,3981.031,16926866600,,0.0028791938257288763,-0.0027040998926313176,-0.018818466353677676,0.0029192993681514956,-0.009776282643544687,-0.015003338439181668,0.0068059800557751515,43.99751192204024,0.0048611913054709835,0.03089380415031359,0.01752487612142233,0.03213844252163165,0.005492743164140723,1.1333997760471388,1.1068749485222769,-0.016270920948178613,-0.013535860652713616,0.01645516002086511,0.008030963112161846,1.8197606409329383,-0.014394513337852355,-0.04118305032038183,0.026788536982529476,2025-01-27,1,2024-12-21/2024-12-27,2024,development
2025-01-03,300750.SZ,宁德时代,247.71,251.75,246.2,246.61,18523758.0,4812148522.0,000300.SH,沪深300,3825.243,3835.935,3767.665,3775.165,17534267600,,-0.004440676597634252,-0.013836125884752137,-0.04503562577447329,0.006407117205354362,-0.017411745955853042,-0.033239379197064545,-0.009029945557793018,39.475532662140026,-0.0002390698959247875,0.026748422900241566,0.018682108706765916,0.022505170106646166,-0.004440676597634252,0.8251174778806473,0.8024632436033714,0.039409282242686805,0.04374479775721252,-0.037337680551858154,0.011094035772011788,1.492420586521144,0.007947771785410174,0.03334874104840457,-0.0254009692629944,2025-02-10,0,2024-12-28/2025-01-03,2025,test
2025-01-10,300750.SZ,宁德时代,235.95,239.25,234.21,235.47,14729433.0,3643092329.0,000300.SH,沪深300,3778.893,3786.807,3732.481,3732.481,13752317100,,-0.005406546990496364,-0.045172539637484355,-0.05838365257727829,-0.10125954198473286,-0.011958710976837872,-0.05906093906093901,-0.05662506518663235,30.285855101034983,-0.016083524076295957,0.02964284197562322,0.015700993777546836,0.021404000509619027,-0.0020343293070564927,0.6770462729022647,0.6407235942445494,-0.033866013962447705,-0.0277771955559708,-0.07348234642876206,0.010295440158127105,1.3658095735296818,0.10035248651632922,0.05758019933658076,0.04277228717974846,2025-02-17,1,2025-01-04/2025-01-10,2025,test
2025-01-17,300750.SZ,宁德时代,237.87,242.65,237.46,240.74,11106600.0,2786220135.0,000300.SH,沪深300,3788.373,3831.64,3780.213,3812.343,12662196100,,0.0063119174016637025,0.02238077037414543,-0.023802765500182455,-0.06776641883519208,0.0016809799613872745,-0.02042443934008642,-0.035889494797124555,38.88028324850634,-0.014357418643259609,0.03093141385489979,0.017171207695244602,0.021558527872393443,0.012065413881531928,0.538390481640593,0.5256475457881428,0.0009842783357398854,-0.034026154065319614,-0.03374026476987246,0.01117320134220142,1.262956190728172,0.08465564509429258,0.041280126158637964,0.04337551893565461,2025-02-24,1,2025-01-11/2025-01-17,2025,test
2025-01-24,300750.SZ,宁德时代,246.23,254.66,246.23,250.66,22439796.0,5876198260.0,000300.SH,沪深300,3793.85,3847.6,3793.484,3832.864,14897172200,,0.016958779617007425,0.04120628063470955,0.06450927931371297,0.0023593393849721256,0.001734432073405845,0.0232461305775713,0.0008864469449525458,54.32251235003528,-0.001892054164474965,0.033029943805496356,0.020709749911524356,0.03363121359610631,0.01799130893879708,1.0611239378444124,1.0845048261020687,0.035823501593054585,0.04113470628336413,-0.038775366898392005,0.0110915070023434,1.2648455605587736,0.049549190138035604,0.014508732895297083,0.03504045724273852,2025-03-03,1,2025-01-18/2025-01-24,2025,test
2025-01-27,300750.SZ,宁德时代,250.67,252.92,247.18,247.18,17102637.0,4460049869.0,000300.SH,沪深300,3836.958,3851.997,3817.08,3817.08,14667077200,,-0.013883347961381909,-0.027463015423355275,0.04586612507404597,-0.014394513337852355,-0.006631033235542372,0.00978409624772758,-0.013765311415233517,57.897705904475366,-0.001530622668232522,0.030819067654572145,0.02093861073065696,0.02322194352293867,-0.01392268719830847,0.8228461622145377,0.83765897795803,-0.02417396433913821,0.026788536982529476,-0.04118305032038183,0.011102043603181563,1.2698171017272575,0.023343312565741403,0.01785160384377593,0.0054917087219654714,2025-03-04,1,2025-01-25/2025-01-31,2025,test
2025-02-07,300750.SZ,宁德时代,247.18,252.53,242.0,251.29,34441254.0,8922582684.0,000300.SH,沪深300,3844.057,3919.35,3833.869,3892.703,22185770700,,0.03228854290761207,0.019514767932489407,0.05041173765832041,0.014452383835937166,0.01733547091592169,0.03084875087172345,0.0025646941949606372,63.280725319006024,-0.0011995344285652748,0.03189826211036765,0.021387887076652845,0.04190377651319194,0.016627558863985703,1.6088020089375132,1.6369344648167574,-0.0038724526585913743,-0.004474454881001844,0.01892683871693901,0.00929419547530904,1.2465145310631778,-0.0019897329778343353,0.01318132927171689,-0.015171062249551226,2025-03-07,0,2025-02-01/2025-02-07,2025,test
2025-02-14,300750.SZ,宁德时代,251.54,262.57,251.54,259.4,38780030.0,10409880413.0,000300.SH,沪深300,3900.827,3942.036,3900.827,3939.009,17297645200,,0.03182179793158313,0.032273468900473556,0.05241804608893208,0.09567053854276653,0.04002116928208843,0.05452512830936507,0.037560572698237316,63.60058309037899,0.003869101355130273,0.032770679590263245,0.022502479185555747,0.04252120277563609,0.03124751530571679,1.687772022599076,1.7599506720160396,0.020377878612696687,0.053570755930792524,0.042099782611974,0.009097153487649286,1.3207028364884443,-0.028565921356977553,0.017148475669895635,-0.04571439702687319,2025-03-14,0,2025-02-08/2025-02-14,2025,test
2025-02-21,300750.SZ,宁德时代,258.32,266.3,257.55,265.02,30951906.0,8443562273.0,000300.SH,沪深300,3938.052,3981.048,3927.787,3978.444,22740033000,,0.019817601108246263,0.021665381649961457,0.05463806757133183,0.10780420515821598,0.013453051984305908,0.053579415009392006,0.058269653379618536,62.821428571428584,0.015061653756222653,0.03000851687743242,0.020878908677544356,0.03301637612255679,0.02593682254567975,1.2525131626272328,1.30377603024811,0.01165398030510545,0.060951045056500064,0.04685316010171592,0.007074436309685519,1.2511503113212366,-0.07093804241189339,-0.01602334983224596,-0.05491469257964743,2025-03-21,0,2025-02-15/2025-02-21,2025,test
2025-02-28,300750.SZ,宁德时代,259.3,260.94,253.54,254.2,22265458.0,5935077345.0,000300.SH,沪深300,3950.187,3972.481,3886.399,3890.049,19810414700,,-0.02110289587184233,-0.040827107388121675,-0.02004626060138781,0.031320999675430006,-0.016657253603398092,0.00036008240574392225,0.012339631583244026,55.65601768133415,0.012191171026816548,0.030170282117567684,0.017510890815330124,0.029110936270653053,-0.019668337832626337,0.8715389910587557,0.8798231242218931,-0.01860862197020452,0.008631512685769227,0.02268948698966078,0.008903915128887883,1.2765800626836576,-0.02836349331235244,0.006456731007758565,-0.034820224320111004,2025-03-28,0,2025-02-22/2025-02-28,2025,test
2025-03-07,300750.SZ,宁德时代,252.91,253.51,248.79,250.79,22287108.0,5812794649.0,000300.SH,沪深300,3944.915,3967.074,3935.046,3944.014,16673237500,,-0.013453444002989756,-0.013414634146341475,-0.05369406082559802,-0.0019897329778343353,-0.014229000432372962,-0.020194640547900322,-0.003139493825353057,42.220557947949786,0.004437675856624108,0.02940137736182231,0.019312905612026594,0.01882052713425575,-0.008382428531888864,0.8542806947422195,0.8374307826674613,-0.027287210044485644,-0.015171062249551226,0.01318132927171689,0.008296314189119395,1.2281964598165687,-0.17460823796802105,-0.08990155714457415,-0.0847066808234469,2025-04-07,0,2025-03-01/2025-03-07,2025,test
2025-03-14,300750.SZ,宁德时代,243.33,254.73,242.99,251.99,35108935.0,9148092797.0,000300.SH,沪深300,3919.616,4014.159,3919.616,4006.557,21613900300,,0.034696559086803136,0.004784879779895501,-0.008693941778127323,-0.028565921356977553,0.0223132784291451,-0.01268282744380489,0.004222951655904472,41.359076282415295,-0.004973753340708758,0.02878232129392886,0.01781325792602225,0.046589150363109566,0.03558952862367981,1.43866127094274,1.4101462343912987,-0.011072822550775685,-0.04571439702687319,0.017148475669895635,0.009570560822452551,1.188194335639635,-0.1450454383110441,-0.06175252217801963,-0.08329291613302447,2025-04-14,0,2025-03-08/2025-03-14,2025,test
2025-03-21,300750.SZ,宁德时代,252.64,254.42,245.9,246.22,19432006.0,5026360932.0,000300.SH,沪深300,3966.515,3983.148,3904.767,3914.696,16590529400,,-0.023440288739935755,-0.022897734037064965,-0.018222417161768756,-0.07093804241189339,-0.012750601443464293,-0.02371714680523307,-0.015616785395636934,35.51546391752578,-0.004404532404742998,0.028215185026167048,0.01979774092336307,0.034603200389895145,-0.025411652944901775,0.7836028398142044,0.770289503727979,2.9931786733383703e-05,-0.05491469257964743,-0.01602334983224596,0.009646064910314332,1.2223049698203468,-0.09625538136625778,-0.033160940210938517,-0.06309444115531926,2025-04-21,0,2025-03-15/2025-03-21,2025,test
2025-03-28,300750.SZ,宁德时代,246.32,248.99,246.02,246.99,11242068.0,2888588258.0,000300.SH,沪深300,3930.776,3934.234,3907.384,3915.166,12635621400,,-0.008032451102453875,0.003127284542279396,-0.01984205722449306,-0.02836349331235244,-0.004818966420346071,-0.010541960528239858,-0.01027961734605276,50.32129403944164,-0.004908542219040196,0.025544701057879707,0.019495996863718005,0.012024778331106517,0.0027200389736927733,0.5038791535317082,0.49639589523197525,0.003007224134012665,-0.034820224320111004,0.006456731007758565,0.008109381863741855,1.2091370590989658,-0.06720919875298603,-0.03411017566049568,-0.033099023092490354,2025-04-28,0,2025-03-22/2025-03-28,2025,test
2025-04-03,300750.SZ,宁德时代,235.64,238.23,233.28,233.79,23281639.0,5693962717.0,000300.SH,沪深300,3843.418,3883.703,3843.418,3861.503,14259978900,,-0.02433018946665555,-0.061046628378649825,-0.07274025304406462,-0.08032728846229498,-0.028473832498067675,-0.051059485853565345,-0.059755786120817445,30.58873720136519,-0.014083845497141693,0.02589625610285176,0.016313156962666095,0.02117284742717819,-0.007850959090137444,1.1339079783512853,1.0787601885781612,-0.04301469276254455,-0.05638180693527828,-0.0239454815270167,0.0076092198158143574,1.2848357971108708,0.001240429445228619,-0.007736883798873162,0.008977313244101781,2025-05-07,1,2025-03-29/2025-04-04,2025,test
2025-04-11,300750.SZ,宁德时代,207.75,216.93,206.49,215.44,30299115.0,6696905325.0,000300.SH,沪深300,3730.315,3762.365,3708.462,3750.517,16875969100,,0.0276174576675412,-0.07848924248256983,-0.13474436724366445,-0.11538145684487144,0.029749158764148076,-0.09139601283786902,-0.12370934841542458,28.923582580115053,-0.048889748405141494,0.03940109278022387,0.0329786754030296,0.048458967694021526,0.037015643802647435,1.1079366255707865,1.020289834448007,-0.049747584117938115,-0.0742057577218318,-0.041175699123039644,0.018541418400222998,1.5085886926945908,0.19578536947642045,0.05137798335536137,0.14440738612105908,2025-05-14,1,2025-04-05/2025-04-11,2025,test
2025-04-18,300750.SZ,宁德时代,216.6,217.84,215.11,216.84,11512794.0,2588857715.0,000300.SH,沪深300,3760.043,3782.044,3754.407,3772.523,10294850900,,-0.0023923444976077235,0.006498329001114023,-0.07250096240215576,-0.13996747709514934,-0.0010779734099891636,-0.052028276522354866,-0.11147594946563855,29.071220324864655,-0.04154057594719625,0.03945964107834611,0.03070366753866316,0.01258992805755391,0.001108033240997175,0.45990892425953045,0.4471240945686304,0.000630871261287691,-0.08903177709877197,-0.05093569999637737,0.01750237520478259,1.5258563780245649,0.23999262128758536,0.03813310084524324,0.20185952044234212,2025-05-21,1,2025-04-12/2025-04-18,2025,test
2025-04-25,300750.SZ,宁德时代,232.7,233.4,230.63,232.11,12761989.0,3016796565.0,000300.SH,沪深300,3792.084,3801.577,3780.777,3786.994,12459113300,,-0.0011189051943021333,0.07042058660763706,0.07737653174897896,-0.06779388730471103,0.016038801292209248,0.03692518690430191,-0.04290982463036852,76.33731906859661,-0.016314769948392614,0.029656505228432325,0.03183720313562383,0.01193399681185649,-0.002535453373442076,0.49688230129277794,0.5159452065800683,0.0665846921677622,-0.030814547398312686,-0.036979339906398345,0.017189953129751984,1.4978770965319648,0.07186247899702725,0.013003189336977972,0.058859289660049274,2025-05-28,1,2025-04-19/2025-04-25,2025,test
2025-04-30,300750.SZ,宁德时代,228.63,229.93,227.11,227.11,15632835.0,3635403837.0,000300.SH,沪深300,3775.831,3787.564,3768.757,3770.571,14368165800,,-0.0022844089091946795,-0.007906692294251116,0.04997688395746658,-0.05189112465558976,-0.012230234601299572,0.024813750219980113,-0.05970207959127205,74.74489795918367,-0.01099077095624507,0.024915553822251,0.03164117018162568,0.012416890493593381,-0.0066482963740540635,0.612753610325112,0.6315566613542907,-0.0035994548360994694,-0.021767019918682018,-0.030124104736907742,0.01712642418561017,1.4918885638930954,0.08484875170622153,0.021599381101695236,0.06324937060452629,2025-06-03,1,2025-04-26/2025-05-02,2025,test
2025-05-09,300750.SZ,宁德时代,241.4,245.03,240.01,243.56,23693317.0,5858468264.0,000300.SH,沪深300,3848.619,3853.663,3836.535,3846.157,11938952600,,0.015129412745384041,0.06998198831436975,0.07622288012018918,0.15606607176760967,0.03915829713885888,0.08588408646590562,0.011264412676927682,85.11076764554353,0.0030129949917494818,0.023693193815545587,0.017377438378452036,0.020610937756610322,0.008947804473902199,1.0320321339659013,1.1129705050999041,0.05115323329824695,0.10254350289905378,0.053522568868555886,0.004321931382211351,1.497044424955681,-0.010839218262440498,0.010163131666232061,-0.02100234992867256,2025-06-09,0,2025-05-03/2025-05-09,2025,test
2025-05-16,300750.SZ,宁德时代,254.22,256.76,252.84,254.44,18900058.0,4904611048.0,000300.SH,沪深300,3898.666,3903.853,3874.862,3889.085,11840534500,,-0.003134304967873369,0.04467071768763331,0.11777885164521384,0.15954974251469722,-0.0008482030660971196,0.08365950161203073,0.05529472269688274,80.09433962264151,0.024428429411636036,0.023126417679160943,0.014511213172277791,0.015406382644238279,0.0008653921800014786,0.9510174936388761,1.023442438166442,0.033509446839875334,0.12555824769982915,0.03399149481486807,0.0052778524107354,1.4957800351803934,-0.04897028769061473,-0.003931516024977544,-0.04503877166563719,2025-06-16,0,2025-05-10/2025-05-16,2025,test
2025-05-23,300750.SZ,宁德时代,265.87,268.8,261.88,261.92,23000352.0,6218224097.0,000300.SH,沪深300,3910.374,3931.551,3882.274,3882.274,12027741900,,-0.012516965766852683,0.029397893412985487,0.07538183609788152,0.1573505368741992,0.00036665851869988053,0.0678125375836014,0.08634895310198276,81.59375567253586,0.03312875960068048,0.0294119251243564,0.016329228365374624,0.02642028100183268,-0.014856884943769466,0.9821435918329725,1.0494445550599534,0.03114920509683916,0.13136659204614642,0.025983944828052774,0.005885860402756814,1.530639760705418,-0.102550397067807,-0.006277764011504594,-0.0962726330563024,2025-06-23,0,2025-05-17/2025-05-23,2025,test
2025-05-30,300750.SZ,宁德时代,246.14,247.85,242.77,245.25,20433747.0,5107325148.0,000300.SH,沪深300,3850.493,3858.613,3829.254,3840.232,11167222800,,-0.007366333427773486,-0.06364538790470375,-0.036118534821568904,0.07740631726925273,-0.012140302258885627,-0.018141855982128252,0.020960389650937605,42.652406417112296,0.0167256929943453,0.02971312072229504,0.019463843762829773,0.020713557594291474,-0.003615828390346909,0.8246751626910238,0.8046564932775229,-0.05281616771055986,0.06014706666323866,0.017259250606014076,0.006445724821402066,1.5966144469534964,0.008888888888888946,0.02495864833166328,-0.016069759442774334,2025-06-30,0,2025-05-24/2025-05-30,2025,test
2025-06-06,300750.SZ,宁德时代,247.22,248.52,243.78,244.16,16551474.0,4138221070.0,000300.SH,沪深300,3878.103,3889.456,3869.387,3873.984,11098797100,,-0.010416244477769232,-0.0117780386125389,-0.07947519227869104,0.01763014212478642,-0.00651041666666663,-0.03318860464517703,0.018218617853856367,37.85444234404536,0.007629240628247062,0.027868142669912024,0.017885213973475603,0.019413499344692043,-0.012377639349567149,0.7249399099686858,0.6989884187625734,-0.015738958093192923,0.012156856575423092,0.005473285549363327,0.005924885789023902,1.6119383868316022,0.06794724770642202,0.027934808197452643,0.04001243950896938,2025-07-04,1,2025-05-31/2025-06-06,2025,test
2025-06-13,300750.SZ,宁德时代,243.39,245.66,241.69,243.49,17403245.0,4322411796.0,000300.SH,沪深300,3881.492,3889.16,3853.819,3864.182,17253953600,,-0.006447137552535898,-0.0027441022280471072,-0.014489820698587397,-0.046035104215640166,0.0030401397310835243,-0.026466407713421347,0.016745320935165786,24.42409103524838,0.00014426708519358746,0.02213936623973998,0.016895656903588113,0.016304571029611067,0.00041086322363304006,0.7903110025284986,0.7613695810699006,-0.00021389043574226996,-0.035025426950673566,-0.0110096772649666,0.004806145754860656,1.6391953142384985,0.09388475912768501,0.038979789254232955,0.05490496987345206,2025-07-11,1,2025-06-07/2025-06-13,2025,test
2025-06-20,300750.SZ,宁德时代,236.48,238.51,234.95,235.7,13688340.0,3293985957.0,000300.SH,沪深300,3839.783,3856.48,3839.783,3846.644,11815102000,,-0.0075789473684211295,-0.03199310033266256,-0.034649410222804766,-0.11137083396169511,-0.016014294302317822,-0.03761154539496936,-0.012393615126816915,32.41252302025778,-0.007036327165760786,0.018198072610461254,0.012663528163727383,0.015103945693678416,-0.003298376184032503,0.7896451547827152,0.7559320109551368,-0.027454494231811233,-0.09419573977730189,-0.017175094184393225,0.004726685622244866,1.6277578327168316,0.12876537971998303,0.05508827954965434,0.07367710017032869,2025-07-18,1,2025-06-14/2025-06-20,2025,test
2025-06-27,300750.SZ,宁德时代,251.63,252.56,245.36,246.23,23620067.0,5985026676.0,000300.SH,沪深300,3949.788,3969.263,3918.204,3921.758,19455791300,,-0.007097060365337415,0.044675434874840825,0.011253028871822224,-0.0033998461974339422,0.00865155375678972,0.0131191586622037,0.03319572589381292,56.78507538972656,-0.0007372990334886196,0.020573099483061727,0.014303816453566388,0.029240953579986146,-0.021460080276596627,1.3611745566135571,1.3867927078632933,0.025148283415022954,-0.01974161933346419,0.016341773136030247,0.005946463016249818,1.6584504991071378,0.12671079884660696,0.052375745775236515,0.07433505307137045,2025-07-25,1,2025-06-21/2025-06-27,2025,test
2025-07-04,300750.SZ,宁德时代,259.98,264.86,256.03,260.75,27206013.0,7214227943.0,000300.SH,沪深300,3967.464,4013.848,3958.376,3982.203,15719713300,,0.012188967819572127,0.05896925638630557,0.10627916843445062,0.06794724770642202,0.03618604059703401,0.06640764787076336,0.08690139661097973,71.46123942373656,0.009233712644578075,0.021205314340501324,0.017786465645031554,0.033863854266538984,0.0029617662897145625,1.481008290604891,1.5666854352778725,0.04355652566707202,0.04001243950896938,0.027934808197452643,0.0058785938596721075,1.750692008176931,-0.01023969319271334,0.018262755565198407,-0.028502448757911747,2025-08-01,0,2025-06-28/2025-07-04,2025,test
2025-07-11,300750.SZ,宁德时代,266.35,268.8,264.97,266.35,21328153.0,5798544034.0,000300.SH,沪深300,4011.465,4065.942,4010.105,4014.807,26205277300,,-0.001836306400839316,0.021476510067114152,0.08171222028185054,0.09388475912768501,0.014203030995354471,0.06762279065013366,0.09065149040689402,79.51329937747597,0.020336289099529833,0.026246346107431155,0.01752542077219598,0.01437957574619855,0.0,1.122638640870604,1.1907277706292954,0.013289082153469467,0.05490496987345206,0.038979789254232955,0.005585069964278117,2.029882888374158,-0.02954758776046562,0.0224568702804393,-0.05200445804090492,2025-08-08,0,2025-07-05/2025-07-11,2025,test
2025-07-18,300750.SZ,宁德时代,263.6,267.28,260.75,266.05,22186558.0,5981601235.0,000300.SH,沪深300,4039.871,4064.638,4039.318,4058.549,18621106300,,0.02146202871842129,-0.0011263375258119268,0.020325982742090076,0.12876537971998303,0.013940973810177448,0.042542227760503426,0.0733434551129557,69.96996996996998,0.018930332462646304,0.024801997476306837,0.017697312521440495,0.02454425859800779,0.009294385432473407,1.1002771849184387,1.1390685482353888,-0.012021506334673804,0.07367710017032869,0.05508827954965434,0.005310424209511858,2.0499005455719908,0.03491824844953939,0.03543236757767376,-0.0005141191281343716,2025-08-15,0,2025-07-12/2025-07-18,2025,test
2025-07-25,300750.SZ,宁德时代,279.79,279.79,276.4,277.43,13432601.0,3802835260.0,000300.SH,沪深300,4145.32,4150.499,4117.801,4127.163,27359496300,,-0.00843489760177285,0.042773914677692204,0.041599399286652794,0.12671079884660696,-0.005170831062279446,0.05134112974738714,0.10116905522978903,74.04341015887226,0.02908433634621202,0.02330575022785673,0.01706872820175252,0.012219298561799529,-0.00843489760177285,0.6494779719531338,0.6807419747473045,0.02586787264148671,0.07433505307137045,0.052375745775236515,0.004176285325038077,2.081403399677043,0.019176008362469688,0.060776615801217515,-0.04160060743874783,2025-08-22,0,2025-07-19/2025-07-25,2025,test
2025-08-01,300750.SZ,宁德时代,259.77,261.54,257.76,258.08,25250002.0,6682814646.0,000300.SH,沪深300,4069.925,4085.354,4040.462,4054.929,19622182600,,-0.005855161787365337,-0.06974732364920888,-0.029956775042285333,-0.01023969319271334,-0.048840534842923056,-0.039895239654171744,0.010944587638961778,46.053412462908014,0.017838712304354385,0.029481445398990357,0.02160195121804854,0.014646621202727951,-0.00650575509104212,1.0682116500329415,1.0270326419774518,-0.052245228384253384,-0.028502448757911747,0.018262755565198407,0.006308524467340767,2.187899181129633,0.1680874147551148,0.10896121732341046,0.05912619743170433,2025-08-29,1,2025-07-26/2025-08-01,2025,test
2025-08-08,300750.SZ,宁德时代,258.99,261.11,257.04,258.48,17428216.0,4604736203.0,000300.SH,沪深300,4109.273,4122.21,4097.416,4104.967,17317120100,,0.0016275284817484081,0.001549907005579776,-0.06830551850917344,-0.02954758776046562,-0.004766708506919071,-0.03580481090426846,0.010124826178000257,35.7104267963263,0.002094334368462946,0.02688519697572621,0.02028078699314223,0.015745899102445036,-0.0019691879995366035,0.7581078516763406,0.7292825109041549,-0.010790136432911934,-0.05200445804090492,0.0224568702804393,0.006173721669399212,2.194717623238931,0.2383549984524913,0.0865678091931068,0.1517871892593845,2025-09-05,1,2025-08-02/2025-08-08,2025,test
2025-08-15,300750.SZ,宁德时代,273.1,276.94,270.86,275.34,24109169.0,6735591187.0,000300.SH,沪深300,4162.421,4214.729,4157.495,4202.353,26132756600,,0.0027678636462962203,0.06522748375116039,0.06687848729076262,0.03491824844953939,0.031050597645366995,0.022646870386361817,0.0736630716288802,45.26622153740796,0.006622304148928622,0.026497110066515114,0.02187832521024454,0.02208178978717217,0.008202123764188718,0.9275527640235148,0.9422029692940105,0.041503541512404096,-0.0005141191281343716,0.03543236757767376,0.006294792642907056,2.1565573146441848,0.1621631437495461,0.0760633388009051,0.086099804948641,2025-09-12,1,2025-08-09/2025-08-15,2025,test
2025-08-22,300750.SZ,宁德时代,274.63,284.89,274.3,282.75,26421851.0,7543698628.0,000300.SH,沪深300,4287.363,4378.388,4287.363,4377.998,29043489700,,0.029342167534311514,0.026912181303116345,0.09389507892293403,0.019176008362469688,0.022611375127487454,0.05248856314373018,0.09370819620344983,77.0205219153787,0.013737498326988649,0.02301882026019952,0.021488120227909756,0.03745358090185667,0.029567053854276715,1.0177688509293097,1.0593283198076027,-0.014884640620220324,-0.04160060743874783,0.060776615801217515,0.007691539493389468,1.9509035196513114,0.28311229000884186,0.02830563193496216,0.2548066580738797,2025-09-19,1,2025-08-16/2025-08-22,2025,test
2025-08-29,300750.SZ,宁德时代,274.02,311.77,273.66,301.46,78013892.0,23482893637.0,000300.SH,沪深300,4455.803,4516.84,4452.363,4496.759,35193894700,,0.1037235016292608,0.06617152961980532,0.09486453112515436,0.1680874147551148,0.061905130932839336,0.10917536678471218,0.1519238215573988,76.89793866264449,0.01931913041402813,0.03283780838016885,0.02784138890606639,0.12641809858687705,0.10013867600905035,2.7794722532547294,2.9958551966426863,0.039044747012777936,0.05912619743170433,0.10896121732341046,0.008639938966254508,1.7852618901280726,0.24238704969150127,0.01185075740105268,0.23053629229044859,2025-09-26,1,2025-08-23/2025-08-29,2025,test
2025-09-05,300750.SZ,宁德时代,295.27,320.09,295.19,320.09,70819779.0,22440211716.0,000300.SH,沪深300,4365.608,4466.56,4350.297,4460.325,24962565700,,0.06931916883811051,0.061799243680753735,0.13206012378426157,0.2383549984524913,0.05211777776316917,0.1313938918373443,0.19962597184544895,72.41816261879616,0.03350921971380925,0.038683316745736676,0.03149393875294067,0.07779062138773464,0.08405865817726155,1.9299596464263107,2.0929411677808,0.06990152356722312,0.1517871892593845,0.0865678091931068,0.011644570149035388,1.6821114869589282,0.1519260208066484,0.029965081019881046,0.12196093978676736,2025-10-13,1,2025-08-30/2025-09-05,2025,test
2025-09-12,300750.SZ,宁德时代,320.87,324.81,317.23,319.99,33871316.0,11031032653.0,000300.SH,沪深300,4544.591,4564.667,4517.79,4521.998,26644200300,,0.007620367163145181,-0.00031241213408716995,0.06146752471306316,0.1621631437495461,0.009986554133814662,0.08338609362779792,0.17098501214325035,68.14563209850333,0.04035958563550337,0.04415762992593517,0.031537388634761056,0.023688240257507997,-0.0027425437092903904,0.8462791639639888,0.9064792548990858,-0.014139431465638008,0.086099804948641,0.0760633388009051,0.012809622906927417,1.5689265293726582,0.1276602393824806,0.0035873523163876264,0.12407288706609299,2025-10-20,1,2025-09-06/2025-09-12,2025,test
2025-09-19,300750.SZ,宁德时代,359.37,369.91,356.14,362.8,33914886.0,12515443887.0,000300.SH,沪深300,4499.091,4533.092,4491.844,4501.92,22504400000,,0.00434626138471339,0.1337854307947124,0.1334312224686809,0.28311229000884186,0.011988775515896721,0.1486028708739895,0.2828960163509129,77.25126620310756,0.060601321806713404,0.048405260670971784,0.0390214474256226,0.03795479603087111,0.009544480618860707,0.7299482619154597,0.8335385142296488,0.1382255035236255,0.2548066580738797,0.02830563193496216,0.012275996142094237,1.6014830794046966,0.04801543550165377,0.04755726445605424,0.00045817104559953137,2025-10-27,1,2025-09-13/2025-09-19,2025,test
2025-09-26,300750.SZ,宁德时代,385.97,393.82,374.14,374.53,36263326.0,14106499742.0,000300.SH,沪深300,4576.914,4597.847,4550.049,4550.049,20848211400,,-0.03169678636986495,0.032331863285556706,0.17044282633832286,0.24238704969150127,0.005611642143700912,0.10807528391230181,0.27885298295454564,71.94588464031109,0.06491701217846486,0.04763494055406585,0.03298578141973482,0.05254585747470165,-0.029639609296059466,0.7945146672907336,0.9048173742252692,0.021641091348249875,0.23053629229044859,0.01185075740105268,0.010541095039609509,1.6581741046537593,0.016981283208287845,0.022714920212947298,-0.005733637004659453,2025-11-03,0,2025-09-20/2025-09-26,2025,test
2025-09-30,300750.SZ,宁德时代,389.89,402.57,389.89,395.8,33031310.0,13278445667.0,000300.SH,沪深300,4629.899,4647.503,4616.224,4640.694,24798035900,,0.01165524997444023,0.09195243744309867,0.1374543782509985,0.3272971160295104,0.029426299006986012,0.1390681973195349,0.330820532563578,81.22786304604489,0.06551322781406138,0.04613260665559806,0.03322817193685755,0.03203638201111674,0.015158121521454904,0.7301956254552232,0.8399654737723992,0.06519979605230475,0.2938392444072042,0.03345787162230618,0.010829170134217705,1.6930724351620616,-0.03309752400202126,-0.002895472099647356,-0.030202051902373905,2025-11-05,0,2025-09-27/2025-10-03,2025,test
2025-10-10,300750.SZ,宁德时代,394.81,397.57,373.16,376.06,53311798.0,20684330795.0,000300.SH,沪深300,4679.498,4692.586,4600.965,4616.834,31902089900,,-0.06816661297916093,-0.027741151529253605,0.04105417600974448,0.25629718714505256,-0.03137234700185443,0.05551813180644438,0.24717550973481872,67.30876088164476,0.06664029630566738,0.05488675819208181,0.03752900309393487,0.06490985481040251,-0.04749119829791548,1.2080716090331989,1.3018972328957106,-0.03282356384860652,0.19865389904590303,0.05764328809914954,0.010839533300036435,1.8574890485235886,0.03512737329149607,0.013420452197328236,0.02170692109416783,2025-11-07,1,2025-10-04/2025-10-10,2025,test
2025-10-17,300750.SZ,宁德时代,361.83,369.21,351.48,352.61,31905761.0,11588825855.0,000300.SH,沪深300,4610.697,4618.562,4509.329,4514.235,25690561700,,-0.028113888812326016,-0.06235707068021057,-0.08836836526280412,0.11033787826306019,-0.020647476419548783,-0.03941789176459043,0.1386931557633806,46.417774027982844,0.0378128053088471,0.05364283486004367,0.03801455878954982,0.05028218144692425,-0.025481579747395067,0.7706063700013123,0.7494387427102249,-0.040134266048291733,0.11776965924099903,-0.00743178097793884,0.010839944312571435,1.875997254813941,0.12838546836448206,0.025232403718459695,0.10315306464602236,2025-11-14,1,2025-10-11/2025-10-17,2025,test
2025-10-24,300750.SZ,宁德时代,374.11,381.82,372.17,379.82,32041578.0,12276721104.0,000300.SH,沪深300,4622.787,4660.684,4622.787,4660.684,20881448300,,0.024767968918627314,0.07716740875187877,0.009998404509918624,0.05146305677822993,0.02736798827163489,0.020966614698134434,0.1965818248644675,51.953038470058345,0.027957824220512597,0.04496490818959357,0.029309115964704258,0.025406771628666152,0.015262890593675582,0.8785781240211724,0.8880165735034589,0.04472581011999521,0.015320090923022889,0.03614296585520704,0.011178265567523818,1.8679874688377966,-0.04088778895266176,-0.04443038832926671,0.003542599376604949,2025-11-21,1,2025-10-18/2025-10-24,2025,test
2025-10-31,300750.SZ,宁德时代,391.86,400.52,382.21,382.77,34048350.0,13515773431.0,000300.SH,沪深300,4702.495,4706.14,4640.668,4640.668,28146474000,,-0.023894527464681015,0.007766836922752818,0.08553359235415892,-0.010393236640037329,-0.008100628148516753,0.018085195514009555,0.17182142507265796,57.27150398509469,0.03046363598813695,0.03796386490955031,0.02907633975065831,0.047835514800010456,-0.023197060174552253,0.9469209591274035,0.9801398876501668,0.012061485519396675,-0.020664298630402755,0.010271061990365427,0.012269473229939857,1.7612447134040858,-0.04005016067089895,-0.024566721859870078,-0.015483438811028871,2025-11-28,0,2025-10-25/2025-10-31,2025,test
2025-11-07,300750.SZ,宁德时代,387.43,391.38,382.88,389.27,16554892.0,6516185371.0,000300.SH,沪深300,4673.762,4701.374,4666.041,4678.794,21249737700,,0.0017499163642913373,0.016981477127256506,0.024880206413564254,0.03512737329149607,0.016609647175576336,0.03905636908161991,0.15538498981948146,68.73599578225915,0.024251318779202887,0.034852783048123046,0.02196659548747936,0.021835743828191232,0.004749245024907589,0.5191164719860583,0.5379340328138724,0.008765849549502658,0.02170692109416783,0.013420452197328236,0.01072240479218791,1.7617114402171052,-0.015875870218614363,-0.020145575975347385,0.004269705756733022,2025-12-05,1,2025-11-01/2025-11-07,2025,test
2025-11-14,300750.SZ,宁德时代,400.72,408.2,397.65,397.88,24172120.0,9879119548.0,000300.SH,沪深300,4663.318,4684.258,4628.024,4628.14,19209267600,,-0.027639971651311157,0.02211832404243852,0.03947540298351493,0.12838546836448206,0.02244927327673052,0.04180795102549539,0.14539482459330544,58.56283941039565,0.02313035267307214,0.03722945898978874,0.024686296212279975,0.026515532321302934,-0.007087242962667273,0.8201899635624987,0.8627137840463022,0.03294461816865979,0.10315306464602236,0.025232403718459695,0.00959619239812749,1.8101831331189422,-0.030486578868000436,-0.010196320768170453,-0.020290258099829983,2025-12-12,0,2025-11-08/2025-11-14,2025,test
2025-11-21,300750.SZ,宁德时代,369.21,377.09,364.29,364.29,31631335.0,11850710342.0,000300.SH,沪深300,4513.386,4527.044,4453.182,4453.608,22285101300,,-0.02476307758205276,-0.0844224389263094,-0.06417139774449598,-0.04088778895266176,-0.03458931155291478,-0.05089064490663653,0.023571640976770336,43.2067441479784,0.008669596656456278,0.04271126222044446,0.026572465709404962,0.035136841527354454,-0.01332574957341337,1.0200363839974158,0.9772452984554019,-0.04671139302017857,0.003542599376604949,-0.04443038832926671,0.010223756042133065,1.8467195716536455,0.010815559032638866,0.02572520976251158,-0.014909650729872714,2025-12-19,0,2025-11-15/2025-11-21,2025,test
2025-11-28,300750.SZ,宁德时代,364.78,369.69,360.51,367.44,20340263.0,7542337298.0,000300.SH,沪深300,4511.497,4531.722,4492.426,4526.662,14290209600,,0.005390319314854786,0.008646957094622376,-0.07650547903890614,-0.04005016067089895,0.0031560210110188613,-0.03029663253457182,0.012010695555377149,44.06689390711547,-0.003689629818482037,0.03664155080712886,0.02479060943954288,0.02498367080339649,0.007292066451011658,0.7354437594175312,0.7050574493913748,-0.00775637252037753,-0.015483438811028871,-0.024566721859870078,0.009183490212163449,2.02258075557992,0.0032930546483778134,0.028846421491156127,-0.025553366842778313,2025-12-26,0,2025-11-22/2025-11-28,2025,test
